-7.018064576010736577e-02 1.271565435843589331e-01 -3.186228651212826002e-02 7.734980731603755683e-03 2.870869037638480292e-03 -6.899558077704508055e-04 -5.936575101602861899e-03 3.188406798039038897e-02 1.544980078610123236e-02 4.372679670346066826e-03 -4.023666747730272517e-04 -1.225266055771106512e-02 -1.751199001572989120e-02 -2.159838401177344158e-02 4.485821085883262387e-03 9.026884460064152349e-03 7.219045724435704456e-03 1.114707326578788169e-02 2.536464107569264687e-03 -2.129085173095626119e-03 -1.056305700307681207e-03 -2.650384073650542791e-04 -8.399193265882600769e-04 -1.262344199140889639e-03 -2.556349764861874652e-03 -3.430958217128736443e-03 -9.499039546235148179e-03 -1.404774039514610634e-02 -7.424661404383457210e-03 -3.987283469244005084e-03 1.750962799658040961e-03 9.358689898452356897e-04 2.026750000769428697e-03 4.957201603487254582e-04 2.884140221460729193e-04 -4.543622154276109881e-03 3.262718204854664870e-03 8.536223443698635243e-04 5.833028445395858951e-04 2.221752191617640065e-04 -4.510056393278023996e-03 1.657407680256194971e-03 -1.051404842681807937e-03 -2.034040325437810794e-03 4.845879015093703182e-03 2.972325344276627226e-03 2.083518808148049264e-03 1.181750567073012320e-03 5.157728784025658944e-03 -2.852199727081364440e-03 -8.942855851038077238e-04 1.233427155304166710e-03 -2.202370778084401966e-03 -8.449787312415661319e-04 3.986228164168129258e-03 -1.657082664887453514e-03 -5.361682567238878691e-03 -2.552169022585228358e-03 -2.060467888734284804e-03 -2.507944353231216644e-03 -2.561025619232831546e-04 5.225172381914573467e-04 -7.030681094662067677e-03 -5.237075118250856696e-04 1.221242956883202002e-03 -3.554115299857688211e-03 -2.335615899080872773e-03 5.309782627109143997e-03 6.838154722549628353e-04 -3.535914876095901365e-03 2.896427011384507082e-03 4.154604743820328248e-04 -3.059796814145044177e-04 -4.062941174554681074e-03 6.908427622097405244e-04 4.347499689836308630e-04 2.997748121204184008e-03 -2.087119811064677352e-03 1.356342652999019622e-03 3.771374036988445265e-04 -1.463340095486192181e-04 -1.669525088794246740e-03 -1.081994009164717130e-03 1.779757466567522331e-03 1.865595155490188707e-03 1.160868302364042020e-03 -1.148239751166656121e-03 3.014101600804821625e-03 -3.200119448631279662e-03 -3.654175848999059083e-05 -6.806853188388324984e-04 -1.030919870243998974e-03 3.528822243349947541e-04 -7.816556574795901092e-04 -1.473550889355860127e-03 8.127386627383311433e-04 4.549115318086990292e-04 1.110131642230341919e-03 1.268273079513822059e-03 2.852956565636625887e-03
-7.923538183577241711e-02 8.839192787629031323e-02 -1.091122389176503449e-02 8.685466980308424257e-04 -5.927495618184450317e-03 -1.197002578547285735e-02 -3.832315177312618348e-03 -1.577255057553184417e-02 -1.605547617491171961e-02 -1.687849328258632375e-02 4.125107748763762183e-04 2.711217136847885595e-02 3.325575274120008001e-02 8.872142821735940973e-03 5.079932340944864032e-03 1.225092223831753500e-02 -2.309465084137643162e-03 -2.431946956244284916e-04 -2.089868205614397404e-03 4.244145888628728710e-04 -7.272473631038536314e-03 -1.135235164322243029e-02 -6.241159524897052502e-03 4.947074023809192554e-03 -1.447353078350918599e-03 -7.346438315102584923e-03 1.049795624360639647e-02 6.674640795084432233e-04 -1.184686577635056352e-02 -1.198452700976088397e-03 9.290091383724854296e-03 5.523404507088156608e-04 -5.096228067175647379e-03 -2.286961443456596646e-03 5.739443089243330062e-03 -6.305390478484056323e-03 -4.470800008211156182e-03 7.828987307150543640e-03 -6.354851255572330996e-04 2.178107867636821637e-03 -1.992877548720793299e-03 -1.731478118926885537e-03 8.166456399014926457e-04 -3.980777042002624916e-03 3.391059099892673647e-03 3.763076120323931989e-03 -4.930270135745479579e-03 3.687660120099801354e-03 3.880979941896250561e-04 2.138844060180095704e-03 2.098748109462181179e-03 6.578237280516843928e-03 -9.802070679757672426e-04 4.944509900447998426e-04 3.073175100908598790e-03 -1.517934402085692296e-03 -3.733760529645390076e-03 2.144905802503722664e-03 2.389971518851527997e-03 -2.158466695083770866e-03 1.452043117934624390e-03 -2.328229943284753061e-03 -3.819042657067924190e-04 3.667522791014604395e-03 -3.588562848031779566e-04 -6.263192647728989260e-03 1.594940339451369452e-04 -5.063842185090717748e-03 -4.717277907686153425e-03 -1.908370518381350160e-03 4.369929724053088146e-03 -5.415246463462263654e-03 -1.114152893531506362e-03 -3.223605711761068533e-03 -2.996778468094597660e-03 -2.301623526607139442e-03 -3.917661711582357507e-03 1.781109482502594857e-03 -9.652266276765724112e-04 -5.925877714979994881e-03 -6.811554751765940561e-04 -3.026658780502847462e-03 -9.827093996917957326e-04 -1.597982775083634606e-04 2.224187423415082375e-03 1.260029413038086989e-03 -7.228343519129839948e-04 -1.073429871981592412e-04 1.765833799647617726e-03 -8.903564485118518152e-04 -2.455760289407468884e-03 2.714460354913537932e-03 1.881658459350447898e-03 -1.838502044173803175e-03 -2.222047743321730988e-03 2.033941638753549884e-04 1.036431382726037045e-03 -6.151419585787165504e-04 -2.165742465797184258e-03 -3.893927929459738060e-03
-7.466887314187860281e-02 1.340915214913360187e-01 -1.309611961120955154e-02 -4.478660785748710647e-03 4.795732998104478007e-03 -2.020649859107236969e-03 5.808354443676627503e-03 -7.320289189141925869e-04 2.772005523720765668e-02 2.040235745020755817e-02 2.822975455493038910e-02 -1.402736139880121115e-02 -1.538793940389945880e-02 -2.783909577252968726e-03 -2.428840397796976601e-03 1.389997428736712559e-02 1.828502714676576157e-02 -1.507587206261202682e-03 -6.205636070467451804e-03 -8.699053443322179308e-03 -4.085520603392258504e-03 -2.073796680570796913e-03 8.659108558888861402e-04 -2.006803364149727011e-03 -5.311967899753139086e-03 4.109635278995204047e-03 2.521192760117327378e-03 1.107090353947165224e-03 -2.046981027867346252e-03 -1.713732880797835855e-03 2.853427885324060984e-03 2.060359936097601232e-03 -1.752902931245556989e-04 -1.993271147427342488e-03 4.581886017420776051e-03 -1.909828105074090404e-03 -6.448573084322028288e-04 4.073660492771311384e-03 -4.592699562973624750e-04 2.203453744396286548e-03 2.354962987767177888e-03 -4.624563553486430237e-03 1.600302457688331794e-04 -4.488451247205112356e-03 -1.593820176183040945e-03 1.868901043552790350e-03 -1.414129810019320796e-03 1.873328856563844435e-03 -1.091372341405169718e-03 -5.479944883164720006e-04 -1.159076840065810440e-04 -1.288002376197667858e-04 2.057600900077854403e-03 -2.942377476980889608e-03 2.442411110262197611e-03 3.401150025409726326e-04 -1.269369910687198405e-03 -6.861060858461405466e-04 1.812458650498242809e-03 1.518887251499817731e-03 1.654672017507786280e-03 -1.778997839659697230e-04 4.937312928008978814e-03 5.308764286489811145e-04 -8.817581191392461675e-04 3.661655324179849836e-03 3.060564440977060850e-03 -6.416062016865366896e-04 -5.451792108498695931e-04 1.790086712085688569e-03 -4.425262814554567145e-03 -1.518054825972122530e-03 -1.752361437713363841e-03 3.254054104043547363e-03 -1.635674209019253450e-03 1.100558872497292258e-03 2.333536743242021951e-03 2.206834693312125558e-03 -8.864484597370837641e-04 3.165030894550869243e-03 -4.440273985137148621e-04 3.913145278889365412e-03 1.127383505758431043e-03 -3.007071425119044617e-03 -3.206962650355514501e-03 -9.102010928504493566e-04 4.297519980140124957e-03 -3.126613885593065769e-03 2.951741138887689023e-03 -7.439610486349106750e-04 1.093528733492765302e-03 1.851038102210428218e-03 -1.075302091640847023e-03 1.114809863100447909e-03 2.571765507145109923e-03 1.706181140432119249e-03 -1.588359450435024257e-03 -1.153029819630088269e-03 1.179937779521808447e-04 -2.353317225019754735e-03
-8.014044273309178790e-02 1.509976456266485800e-01 -2.865079973358821558e-02 1.319035440659370104e-02 5.077581782148634336e-03 -7.032099180897208660e-03 -1.003283828508803009e-02 2.179062169678929600e-02 1.269209035300215838e-02 2.785977152460734820e-03 6.423327507718847810e-04 -1.307461683333733908e-02 -2.245464094873975830e-02 -2.034410372854729768e-02 2.834727968897644834e-03 6.186456800509955965e-03 7.659203965614333129e-03 8.638630139315884790e-03 2.524055133854713213e-03 -4.218398692563202906e-03 -2.394058407354395564e-03 7.328309217383691858e-04 2.119884576522377520e-04 -3.451103018114230672e-03 -1.875995073649695376e-03 -2.031124970196461835e-03 -6.771820806396267045e-03 -1.112812991588004764e-02 -6.162569418476050373e-03 -2.924805595370877538e-03 2.048035178954760432e-03 2.409873643306651261e-04 2.019877782810753936e-03 2.580351110704003190e-04 9.608316979796988760e-04 -3.166735362230685066e-03 3.423405464469807691e-03 6.164717773368634437e-04 2.459426340883101494e-03 -4.737828605375848869e-04 -4.134940181269985277e-03 1.890864636166019895e-04 -2.260154718565564151e-03 -1.633985850365861619e-03 3.037044972722098644e-03 2.311905596425277605e-03 1.777566425991400313e-03 1.215346257553783817e-03 4.091372713775664680e-03 -2.629598512412790069e-03 -6.100590323919293434e-04 3.284678201588054486e-03 7.099800115829162962e-05 -1.326751829701548280e-03 4.075993326323750984e-03 -3.411151994937102611e-03 -3.787390049774385422e-03 -2.079565037464241577e-03 -4.501970462725107792e-04 -1.578158102941150907e-03 -8.465970597361919441e-04 7.762067126739355871e-04 -3.222785864985594148e-03 -8.855334700918366395e-04 -8.299485230542793081e-04 -3.138270798159112016e-03 5.439883128954457964e-04 4.708450265123459953e-03 7.933096673388634942e-04 -4.101844407279710281e-03 1.282929742742476391e-03 5.773118880494258276e-04 1.105778414242983851e-03 -2.632619126147604620e-03 8.854856747494478132e-04 -4.655568946045599726e-04 2.640917471288101864e-03 -3.971903332668972708e-04 -7.733793550982671254e-04 9.709980655638247036e-04 -1.396476028778060674e-03 -1.967703121727309122e-03 -1.124285404877775662e-03 1.775108024548272120e-03 1.251974085819213597e-03 -6.570016885293341810e-04 -1.122260287888579436e-03 2.502719484210571849e-03 -1.722674707500067856e-03 -2.930268921129742014e-04 -4.220568910311061972e-05 -8.178351151458275979e-04 2.070096801589196335e-04 4.307807388510594008e-04 2.300053972764686168e-04 5.448529645989915772e-04 1.068348559384146287e-04 -7.864479525309824894e-04 5.834483139182935693e-04 5.265811758137796915e-04
-8.662684395209027666e-02 1.627992009159882070e-01 -3.046603610133755830e-02 2.004604896420796381e-02 2.951669743508859595e-03 -1.408186129016805732e-02 -1.672536827072368740e-02 6.657977354271677785e-03 7.070491932787579745e-03 -1.587614921037699229e-03 -5.989472284066075375e-03 -1.257087801668135135e-02 -2.194534582568053241e-02 -1.007747886010618849e-02 -2.829258374362822719e-04 -6.767609859288704378e-04 5.766508168590866144e-03 1.317316378760739802e-03 9.621464362065215194e-04 -4.276050581868086689e-03 1.048824752137825830e-03 3.096025125767375326e-03 1.436158978334379317e-03 -4.067259974406883458e-03 -2.489448465058930176e-03 1.216887631170641840e-03 -5.393699373557482753e-03 -6.478787029891248939e-03 -2.950153617859073863e-03 -2.005279019569251604e-03 1.132126341686050556e-03 3.858384439702970507e-04 1.057796349821302955e-03 2.851626027453387120e-04 1.995598369156802903e-04 -1.738854678524069414e-04 2.377258340881431738e-03 3.146167348918990007e-04 2.148297347764888468e-03 -2.881163255063695704e-04 -2.503876271504069592e-03 -5.989778462091306481e-04 -3.601966285376260232e-03 -1.043360784877052794e-03 5.183504381633273397e-04 1.796336781392775511e-03 -1.250569119865541957e-03 1.315328856162490453e-03 1.305341706283688012e-03 -3.823288012680384944e-04 -2.885078441537623209e-04 4.601603964508249427e-03 1.022180773726205855e-03 -9.298907345017451810e-04 2.883103239467433437e-03 -3.583064559276303608e-03 -1.071796773443221872e-03 -6.002674667861241081e-04 9.817740693365379582e-04 -2.071113541724332733e-04 -9.680872941611666331e-04 -8.031240855617758755e-04 2.906951537286127331e-04 -1.044616782075869508e-03 -2.660125603971960715e-03 -3.120231721833244872e-03 2.452044136227579576e-03 3.655751600684583290e-03 5.619876581816957888e-04 -3.497284168454605543e-03 3.917694236755885182e-04 7.358690788488230037e-05 2.314215763918578677e-03 -1.333775992632322410e-03 2.395973281762196012e-04 -1.529996022203171857e-03 4.531607902422018943e-04 1.295974640139707385e-03 -1.591217809505103596e-03 3.036796604308411498e-04 -1.109078429471975881e-03 -2.932690818330458034e-03 -1.588415430359111985e-03 1.985198941140850232e-03 1.205956852591668054e-03 -1.763111896194275840e-03 -7.336666448296543051e-04 7.693910142869337439e-04 -1.320423560015700085e-03 1.082975550375038639e-03 5.852038779357881561e-04 -4.344613765461659651e-04 5.850992445810230267e-04 1.965725546042627111e-03 1.754929447045430204e-04 -1.370755816729540095e-03 -8.416623828084402402e-05 -1.565261620141852016e-03 -6.758590413812404565e-04 -2.758377292716984123e-03
-8.663850841159836946e-02 1.640067628551960532e-01 -3.054642436261639435e-02 2.456884471376112600e-02 1.404156454843274527e-03 -1.741793505828935495e-02 -2.382822606800607743e-02 3.120629811181679860e-04 -6.535575355930226329e-03 -1.473705689097059950e-02 -2.175630100537287101e-02 -2.971323555668279291e-03 -1.327949715818361673e-02 -2.519062938741668464e-03 1.403759743084798204e-03 -1.148813985561725898e-02 -6.119559466729924783e-03 -4.677781743975942264e-03 3.157248531027560985e-03 1.990331380993103950e-03 4.938872918894904145e-03 3.849205264963803576e-03 -1.238833208146998934e-03 -1.552724507088710333e-03 -2.496486624104436009e-04 -1.604788478947201510e-04 -5.670858993768358378e-03 -5.602273037588270665e-03 -1.377949373831959966e-04 -2.871624640276415467e-04 -1.607993530481830391e-03 -1.580598267780131084e-03 2.402751366004639635e-03 6.396904441360670582e-04 -1.200575445963497200e-03 9.794709770034124973e-04 9.429715440801615884e-04 -1.125012240927053802e-03 1.713957509037355997e-03 -3.379587005764857861e-04 -1.579319849651348228e-03 1.356639518669166731e-04 -1.279282970437678859e-03 6.211111571608791829e-04 1.829170456845834463e-04 -2.371767699699793704e-04 -2.686310040986809454e-04 1.548689785118727204e-03 -1.085362551313016812e-03 1.256321611705614244e-03 3.022668606451512654e-04 2.046612826397161810e-03 1.421717846681188344e-03 1.303926968955535339e-04 4.769154399203521643e-04 -3.202073054035649920e-04 -6.168339998592027920e-05 7.048768081215064582e-04 9.242163112296149447e-04 -8.536093992753202570e-06 2.819208998500865996e-04 -2.743287238983591232e-05 1.259024289105017133e-03 1.251183284954046583e-03 3.284232518450585841e-04 -7.394652446641697787e-05 6.084642003450595600e-05 -2.238340145645540021e-03 -7.273983656874459048e-04 1.031968771205317567e-03 5.481040593581860054e-04 -8.365096830931899059e-04 -5.900446520130356483e-04 4.803471836573515344e-04 6.239903482196480430e-04 1.324571652960041803e-03 -1.890751378926860406e-05 5.734180727101533459e-04 -1.485858655891693662e-04 -1.752708590498529208e-04 -1.106391302461112117e-03 6.106251283161250347e-04 -2.425840335297574824e-04 1.381645065703614509e-04 1.339438199522014611e-04 -6.209703595512641814e-04 4.415055317766072412e-05 -1.282650820546774820e-03 8.725852427972615117e-04 -7.774065300528429975e-04 -1.527399321535006713e-04 3.756422042952404258e-04 9.315306878256385346e-04 8.760775357337782570e-04 1.000153994838363317e-03 -6.066209413117893551e-04 5.824595009267327260e-04 -2.109626180134149213e-03 -8.822602509433070950e-04 -1.156237751114447179e-03
-8.316097525465192264e-02 1.523307390250658866e-01 -3.263672106367084685e-02 2.524980824880430907e-02 2.430201378144460946e-03 -1.415504517898808282e-02 -2.164445452704786416e-02 9.738281319101475819e-03 -4.691893723358787731e-03 -1.375482813943264618e-02 -2.126261717542436355e-02 -4.148529848108714960e-03 -1.885734108261143821e-02 -1.277372122938350181e-02 3.105812251378594919e-03 -7.896059146879002427e-03 -3.578946583852177059e-03 2.640658318687845365e-03 4.962124421609689917e-03 3.032994170989423911e-04 8.179136397950229238e-04 2.863904888632277587e-03 1.133557001827936771e-03 -3.538201045394090763e-03 3.883874284853039861e-03 -2.430437525966680501e-03 -2.284531781683110836e-03 1.517160767056274274e-04 1.399109597261787496e-03 7.949312681345190599e-04 -1.152346090055493717e-03 -1.288113265183172098e-03 -1.135310701118652120e-03 1.791823600881547974e-03 -3.095739667936209510e-03 2.525790044724485813e-03 1.471991626155343038e-03 -1.949550879259270408e-03 4.432318981906562330e-03 -1.519379159445678404e-03 -2.438533236876574452e-03 5.364213235107723491e-04 -3.274105130867118602e-03 2.888204841733684174e-03 4.420489200080880026e-04 -1.136204136657954084e-03 -3.567213624458227057e-04 7.208571451868353054e-04 -4.369789145798561600e-04 3.843467249947986612e-04 1.645545063825686050e-03 5.465607756522205922e-03 9.776828837737348669e-04 1.043181283148795439e-03 1.415133185938965889e-03 -2.433449162488344683e-03 2.377986404711380196e-03 1.751638523471538925e-03 3.953417456478603050e-04 1.849760368223669861e-03 -7.414845761940336115e-04 -1.954615148601461798e-04 3.944729995692289153e-03 -7.301070666281693662e-04 -3.673899573290755581e-03 2.549668469866425225e-04 3.784424426128452611e-03 -2.734518319796433710e-03 -2.775409276451515275e-03 9.847232651240072319e-04 -1.050766827830603616e-03 -2.948207348643921456e-03 9.134208746074259444e-04 -6.812746129769639428e-04 -1.957045683975780232e-03 -1.408229599192108465e-03 -3.654523068082774894e-03 1.934199279942571672e-03 2.312906898115714600e-05 -5.047678567154570807e-04 -1.083654934463859621e-04 5.235555270211746234e-04 -4.646971271583193283e-04 -2.044040984666116445e-03 -1.349216544237741766e-03 1.983237698620039585e-04 1.449369401180414349e-04 -1.930346649887432924e-04 2.804532609469832880e-03 -1.024841558750503191e-03 -9.688472584127154905e-04 6.647420610067335863e-04 6.929044407803124691e-04 1.143758319342754316e-04 1.707478496600763019e-03 -5.944267293201966869e-04 8.545967299994228911e-04 -1.733690663589452022e-03 -1.013606044602169843e-03 -2.586585181140146797e-04
-9.338221594168737150e-02 -8.874769283151247301e-02 -4.666656770655321779e-02 -3.842305491032227752e-03 -7.932881169232536278e-02 -2.994749862662584444e-02 -2.491465617207297423e-03 1.573339287097256373e-02 4.420271659936344209e-03 8.177883867733654402e-03 3.957968945540883731e-04 -2.668078947825139498e-03 5.558561265708499368e-05 9.642538988496233629e-03 -1.049843181751837278e-03 -3.912301577056402635e-03 -4.298834273406575341e-04 1.221546334805908608e-02 2.397588113471777469e-04 4.521160730379951594e-03 -4.247412942791880044e-03 -1.367073689379080846e-03 -2.598768780419878459e-03 7.848403183830583892e-04 -2.916960311784960822e-03 7.269536151703257648e-03 -1.785020378297258979e-03 -8.028114192146592514e-04 4.196963366833541577e-03 -5.123147857257922405e-03 -4.991066505750185386e-03 -1.249695718162767855e-03 -4.554794188151070275e-03 5.219936541109595173e-03 -3.467981145608000238e-03 -8.352767974407072915e-03 -1.406433000111741898e-03 1.693549506363891278e-03 -2.246526779041376539e-03 2.648533273966794353e-04 -3.868828594272551787e-04 -1.924213676706130289e-03 -1.145038308771369065e-03 2.086451120681179477e-03 -5.172249213590778168e-03 8.050941697967920916e-04 -4.263702094608070800e-03 2.450825000720209708e-03 2.772096822468796563e-03 -3.444786687176980278e-03 9.869518808295477184e-05 -1.187610548996889583e-03 1.673559664079481320e-03 7.616207391222438398e-04 -2.879614422721667958e-03 8.737917545124856489e-04 -1.579686917572540152e-03 8.938525642846575133e-04 1.443495285244510021e-03 5.447552084575283228e-04 -1.581625796972148997e-03 -1.504408734824599870e-03 2.333985700184693438e-03 -2.011307562140352435e-03 9.720819634389920704e-04 -3.830704685002850112e-04 5.880626195323100918e-04 6.100077645285934035e-04 -1.345699972598179191e-03 -6.049126086569875339e-04 5.303972961657282511e-05 -2.060936307978134506e-03 1.125226580503246388e-03 -3.200535000230728534e-04 3.176818168023164265e-04 1.073845534004421115e-03 -8.487101537034416002e-04 -5.300882394257203090e-03 -3.776976846067517943e-04 -2.934473160133663650e-04 2.030266387825392107e-04 -7.126430354652780672e-04 1.006830138738421584e-03 1.311950320212819917e-05 8.872224379111842132e-04 6.366698615676531304e-04 -3.915967004721969793e-04 -3.032529480113320148e-03 6.382401288594405754e-04 -1.988677354781465383e-03 1.746811780310306844e-03 -7.956416328752262184e-04 3.522672707910319253e-04 1.223217424245686942e-03 4.827676289827124252e-04 -3.652822534011156055e-04 -6.165844642536069025e-04 1.709706365305898234e-03 5.424347031332487322e-04 4.217583495182930476e-04
-9.605133459165912657e-02 -9.215704417108845636e-02 -4.979879409106503091e-02 -1.942924522560453846e-03 -7.750992380792827430e-02 -2.419751065375684226e-02 -2.892986472174381794e-03 1.267255430289342295e-02 4.519911570843552703e-03 9.307902546883845343e-03 -1.652346815756649146e-03 -3.440461256651948085e-03 1.045783984005967636e-03 7.054383766813293426e-03 -1.746142654045128176e-03 -2.245622175574616113e-03 -1.862016834008615399e-03 1.029467811159954019e-02 -9.292863135288108572e-04 2.377101117415679130e-03 -3.881367259733892964e-03 -1.660809259194097462e-03 -2.478422176099142737e-03 1.877440092196505390e-03 -3.054380373707540810e-03 6.123157791124206675e-03 -1.999418925803738561e-03 -2.308335657656975870e-04 4.032086650001823896e-03 -5.248767707428328259e-03 -4.706510325671710640e-03 -2.037761430876452919e-03 -4.385258447275900730e-03 4.692589253977329233e-03 -3.141857022612551224e-03 -7.340879541158930842e-03 -6.818423152680994906e-04 2.570555890848905470e-03 -2.499795201085554860e-03 -1.018859822705179153e-03 -8.113418832778763329e-04 -2.126787063289821943e-03 -1.037025671484422332e-03 1.539072335153488999e-03 -4.442415013360989304e-03 -1.184983480379727012e-03 -4.917490887439608833e-03 2.840551752110441822e-03 3.495236418627010750e-03 -4.022736551461741569e-03 1.436708673380404579e-04 -9.554306165078074297e-04 5.324843380582816241e-04 6.392438505802365122e-04 -2.902991141844760495e-03 9.237789658113099329e-04 -1.384304216258443274e-03 7.321354823367569840e-04 2.855502186857050879e-03 4.272437403532987430e-04 -1.957364442083307961e-03 -2.502863068934696195e-03 2.688530617077342522e-03 -2.742376972791367353e-03 7.668981751638747398e-04 -1.432795499444900313e-03 -2.558148489417227405e-05 2.670169419632041803e-04 -1.873974049518266263e-03 -5.724032074246560931e-04 -3.008634615421303701e-04 -2.254707944470289629e-03 6.609916145358543747e-04 -5.446262404143998540e-04 -3.216821235191930301e-04 1.985744132697508154e-03 -1.024613043740071200e-03 -6.116314129589382059e-03 1.848542493738448728e-04 -8.712076657967997816e-04 -6.617249338110359116e-04 -1.460204974548930590e-03 4.228910904470614619e-04 3.975480231201219288e-04 -1.445065858604083653e-04 4.312306186927705753e-04 1.228661223375539452e-03 -2.246538901145924121e-03 2.864958116218777246e-04 -2.298825259305025369e-03 1.642589285355604885e-03 -1.315217736843987120e-03 2.247049383216221112e-04 8.092723733727543584e-04 1.326185559155827450e-03 -7.808745623090669087e-04 -7.515908207858636517e-04 2.710915944461872364e-03 -6.710370248077867717e-04 2.369842483153813387e-04
-4.963312044515424959e-02 -4.040566560500244431e-02 4.018128937175600990e-02 -5.304960155335117222e-03 -4.109238660243048902e-03 -4.172640119463512376e-02 6.289762722618293285e-03 1.461202303989177220e-02 9.234744485467683006e-03 6.671455270784201232e-03 -6.313412295457363453e-03 -1.923055423489995752e-02 8.713392731881843684e-03 -1.968010399058496389e-03 -1.713374479142273921e-02 1.323935081277485826e-02 -1.107693430171536632e-02 -1.826838735025462443e-02 -2.568647040058109031e-03 -1.728667442105036745e-03 -1.512805960750689301e-02 -7.029626585975981903e-03 8.837406823032344441e-03 -7.446577050541942390e-03 1.289220439319998038e-02 -3.036731830867228296e-03 1.389094937397326000e-03 -7.586325634692381650e-03 -8.964467849346830983e-03 9.898462449797688911e-03 -6.172144884593551255e-03 1.081982504082381821e-02 7.931806213103227352e-03 2.247811613947858431e-03 1.628043313128960286e-03 1.570929242128644987e-02 1.632657791075461679e-03 2.994037947330598689e-03 -1.288078898726138875e-03 5.771979092373867234e-03 4.980852286035476577e-03 4.243421579878769285e-04 2.853855982684221516e-03 -3.571747330876882433e-03 -2.010843590828612169e-03 -7.430215951845595829e-03 -6.717548321483459914e-03 5.973440275228523565e-04 -1.773889934418788721e-03 -1.107995258137710153e-02 -6.712063417830061232e-04 1.064764157529974687e-03 -1.550087503617649225e-03 -3.900085944664176060e-03 -6.613736137990617464e-03 -4.816962011665620880e-03 -5.488205411214867185e-03 3.441467114477565151e-03 -2.810072267232622146e-03 -3.799692567980008859e-03 -4.944200227218822040e-03 -6.401374113149122490e-03 7.738510734216042062e-05 -1.543148384978248436e-04 -2.585101653741421479e-03 2.699347941945940028e-03 -2.807499047773946016e-03 4.570489198730727249e-04 1.975670763692895498e-03 -2.032235786103077889e-03 -1.324193971522554880e-03 -3.210469531218569216e-03 -3.412791923320647892e-03 -1.090291855423400694e-03 -1.337922804441714483e-03 9.032490705040918612e-05 -2.080936985405110184e-03 1.744471831565664894e-03 1.298320515712843683e-03 3.880872313447723994e-03 -4.169610500743963248e-04 -9.916616969099516406e-04 4.750372864424643946e-03 1.692969914384332905e-04 -1.658869812371146363e-03 -1.554858428267514008e-03 -1.350042807013887927e-04 -2.738439784859278761e-03 -3.600963291889003413e-03 -3.114455480483013967e-03 -1.259937858868504564e-03 -1.003607166390381184e-03 1.443394181141914806e-03 3.705903543166325260e-04 -6.378093419841081649e-03 1.001063496697379793e-03 2.641828165243770201e-03 -7.985423298433530015e-04 1.742871208615128431e-03 -4.798270998966020027e-04
-4.590803759205308587e-02 -3.048843218476608372e-02 5.956705510583349544e-02 -1.596069734230426765e-02 -2.167554697433014127e-02 -1.262609162737828028e-02 -8.244757871908826516e-03 5.807174766822039043e-03 -1.812518223939428574e-02 -9.654088141765795189e-04 -1.063924049655616197e-02 -3.202271945122766444e-02 1.216069540370161468e-02 -8.677324073123016471e-03 -1.094197900567306196e-02 9.488210839560510049e-03 -1.336900897446027889e-03 -1.429242031231848890e-02 3.569533162251929508e-03 -1.209573823500829752e-02 -1.351672202799690178e-02 -9.739300088284011392e-03 6.767623282102877037e-03 1.382841421374857160e-02 3.408600866609319806e-03 4.909443903402706255e-04 -7.054951191833121714e-03 -2.551414373932415960e-03 -8.158481892577978956e-03 3.282260334822035067e-03 -2.642599948601530909e-03 -1.100572922075060585e-02 -2.864035329997515877e-03 9.260868565738504879e-03 -2.981367928655730831e-03 1.246820011708267562e-02 4.202498819963171837e-03 1.781828783694484582e-03 -3.457409004997624540e-03 2.131524923529135637e-03 -2.032922664506111969e-03 1.575034908524018283e-04 7.563915942243290384e-03 9.561505796646852309e-03 2.480248002972139897e-03 1.218920147214022295e-02 -1.639431809421197823e-03 -9.009714569551319566e-03 6.955591968054623125e-03 6.839417987030835082e-03 -9.422293642096219932e-03 -1.850514451883301763e-03 5.194021365682100974e-03 4.199249016023855370e-03 2.572324776977938550e-03 2.252334875920003129e-03 1.098374444141944194e-03 -7.064972602472767947e-04 3.289565663270645809e-03 1.810549848242044369e-03 4.094058755669538474e-03 6.112922566830429182e-04 -3.103218546536883060e-03 -4.770135207910533408e-03 1.303593251164903192e-04 5.064226262123488727e-04 7.613226877070124708e-04 -1.091315366177523453e-03 -2.535538775079415955e-03 3.820211877649571947e-03 -1.380565730943952331e-03 1.738043299119419868e-03 -1.369512662925674020e-03 -2.481728052982683230e-03 -2.811936841524742049e-04 -3.709975457843833063e-03 1.261441213149340707e-03 5.721895737884003311e-04 -1.308087875948821168e-03 -6.214100449324223136e-05 1.730138580056519082e-03 -5.682431848168867979e-04 -2.580012651839143877e-03 -5.111053840578293553e-04 -1.608816329006089408e-03 -1.862595358863784268e-03 -2.428965298077069481e-03 2.173229756608832056e-03 1.991222416442014497e-06 -3.358100360728513614e-03 5.803833358598557311e-04 3.005112383998331284e-03 -2.795308759253548199e-04 3.898444255413105637e-03 1.395162914865834703e-03 4.407298735177626273e-04 -1.905505283730004381e-03 1.576952796799778673e-03 2.616229068613746926e-03 2.441735556967800005e-03
-2.362810936374544826e-02 -5.041167337157922285e-02 4.754459370353487924e-02 2.184981924533211869e-02 -4.498791829609708609e-02 -2.088863003203069238e-02 -1.581595324286743862e-02 1.668566666330429521e-02 6.220845220407595841e-03 9.422974680400224637e-03 -6.227038524757099597e-03 -2.382181757243572590e-02 1.602539941170975923e-02 -8.155346805399260092e-05 -8.273048315261105276e-03 5.016214783178140138e-03 -5.042539820111089678e-03 -1.854383242348867436e-02 3.450839242063677512e-03 -8.053961224780941796e-04 -1.807203732448694686e-02 -7.746157471745901066e-03 8.617105693169750669e-03 -1.502309404801059059e-03 1.190987340822500899e-02 -4.262086869369977049e-03 5.926972956547018186e-05 -2.716690235996852606e-03 -9.525272111877555389e-03 5.748290783122840530e-03 7.485887609385172845e-04 -5.540322225467694296e-03 3.755290230377134140e-03 5.092553483351013391e-03 -7.527155123857719871e-03 1.142740257082636157e-02 7.667515605841740021e-04 3.653223372888310654e-03 -2.715857459546874852e-03 -1.548783964622349636e-03 -3.389511587173087061e-03 -3.382666717041085680e-03 -3.767290378846040546e-04 -6.583711393837477291e-03 -4.492326951802714380e-03 -1.265683318540154843e-03 -3.394826402065342160e-04 5.556685052241793800e-03 -2.990551054751698547e-03 -5.415203260313560148e-03 -2.051779114220809129e-03 2.629799161672829793e-04 -1.108732557113322349e-03 3.401135215960599239e-03 1.855716199836378007e-03 1.723947759038994181e-03 1.250149060041641242e-03 1.440002029600175731e-03 -9.610472280068328016e-03 4.138638156438617308e-03 4.274747565188195472e-03 -2.644154006313126359e-03 -5.870893365054485766e-05 2.669066999935683186e-03 2.032872281745085399e-03 -5.965002090827031291e-03 -3.355014867510693944e-04 -2.919448038988299837e-03 -9.177902058599913052e-04 -4.167608094581068401e-03 1.421632118986370166e-03 2.985576191347041387e-04 2.319301860309736819e-03 5.945556825563573511e-03 -1.310447551366881579e-03 -2.109362096398331634e-03 3.490049929236760731e-03 -1.794739700484268953e-03 -4.093459754039301297e-03 7.485654659297392890e-05 -2.275771007610980206e-03 1.488577787303772999e-03 8.383638436983006047e-05 -1.476595602535690213e-03 8.475643724796050804e-04 3.135861088018336747e-03 -1.517607491069475041e-03 -1.986223470246323286e-03 4.867416371214003390e-03 6.048987450718182855e-03 1.999611634177200000e-03 -3.682199400238393358e-03 -1.925234749742986071e-04 -6.531267564187626627e-04 3.243475913444981984e-03 -7.968271806380091684e-04 -2.299175452930768068e-03 -2.747932158404162856e-03 -4.669022561016859807e-03 2.279109814816700577e-04
-8.259148750755417046e-02 1.564247129311187035e-01 -2.239828900294088196e-02 1.155420059424279791e-02 2.129516027465421131e-03 -1.229607920947018568e-02 -9.708945165565125920e-03 -1.125502759880593097e-02 1.514336144257307122e-02 1.017933982336426645e-02 1.058283177116096409e-02 -1.633191615481744893e-02 -1.585165263764289068e-02 5.672178913032743970e-03 -5.141662563882815409e-03 1.749979659624948010e-03 1.045458328075062927e-02 -9.615201974166175114e-03 -4.869586110815915872e-03 -6.713864934711757590e-03 4.727332094473106310e-03 2.447828539249653594e-03 -8.545163465501591092e-05 -8.902380424988254326e-04 -8.284947825974026125e-03 6.496803171266185041e-03 -3.222714708436248633e-05 -1.510175208974115675e-03 -1.678872903324879181e-03 -2.178544299657731928e-03 1.920485586168445800e-03 1.639928418339233829e-03 -7.464289442292643736e-05 -2.905609474879042742e-03 3.922434366279425010e-03 -3.591592893113961372e-04 -1.007070777794478881e-03 3.050251747490342544e-03 -1.048619198577904971e-03 2.053626565758514058e-03 2.707396992207290222e-03 -4.548150905607398035e-03 -1.415696162850147138e-03 -4.520951496966099832e-03 -2.678316322854535671e-03 2.017083254948923762e-03 -4.845000967655560195e-03 3.092179906591372741e-03 -3.296312294738070348e-03 2.221985965766793466e-03 -6.463206867855466513e-04 2.604459519130469455e-03 1.951868037764553686e-03 -1.327981489373074179e-03 9.525248417896097549e-04 1.334363901239576759e-04 8.854786040830440932e-05 -7.547423822754984520e-05 1.757303551728146233e-03 1.400787310116635405e-03 1.400363308630444073e-03 -1.638046447086638317e-03 4.060956854773252293e-03 -1.370477655622765432e-03 -3.350690883578606033e-03 -1.741985367137001721e-03 3.326407467702166467e-03 2.363903792728883936e-03 1.200277996625343180e-04 -1.668708919138324562e-03 -1.032808327963235639e-03 1.101218000973799979e-03 1.458303362674985299e-03 6.990202494488554101e-04 -1.572117117163536080e-03 -2.529303529888320395e-03 7.369096708167172799e-04 1.529574580853035933e-03 -1.651853119081447612e-03 8.610459221119049064e-04 3.387681756590038828e-05 -2.085677946372259395e-03 -1.175088593151253288e-03 9.422004393161934749e-04 7.899415946395052296e-04 -1.544654667677714888e-03 1.467639006334183578e-03 -9.991430525147426342e-04 -1.647872519032482453e-03 2.907101004872382922e-03 1.574580454254348449e-03 -3.787641457837263663e-04 -5.688844444468833458e-04 2.663815918778887105e-03 -6.844437600142332621e-04 -1.213086443825466768e-03 -1.091225379589292862e-03 7.070585188115412461e-04 -7.714191187910616988e-04 -3.364679349065733543e-03
9.837067879410413274e-02 2.158248047611138754e-02 -3.110251031873061470e-02 -6.232980322896067987e-02 6.214069883450683285e-03 2.032597494422826168e-02 -6.743765366112944304e-03 3.079181298968397887e-02 3.333652082443264164e-02 -1.086718032925938424e-02 -1.173821542544242411e-02 -3.843760200569806308e-03 1.062426844142006464e-02 1.243581162651013344e-02 7.726534995119140048e-03 -2.299206990499534208e-03 -1.391348920620778763e-03 -1.614118437644478923e-03 7.475908340981942193e-03 -1.027756676254547655e-02 7.102924909907752269e-04 -2.423116157625505428e-03 -9.703795411597367603e-04 5.368614122985225154e-03 4.094066602767085423e-04 -5.869066586842236304e-03 -1.257201600448273199e-02 -1.682032257787401423e-03 -7.583177940174274344e-04 -2.435454597148514755e-03 4.511920412271525939e-03 5.020571287318658163e-03 3.595278253994022791e-03 -2.427010100911911050e-03 -9.184264498087673463e-04 -4.265582769394558015e-03 -5.909714877303074744e-03 1.174880536881642984e-03 -1.382528092551654547e-03 5.376950934803288729e-03 3.062000932495980224e-03 -9.601531306673953547e-04 -2.177293161665678958e-03 5.950564487088820000e-03 -2.687272520261702741e-03 -5.425688901738890714e-03 -2.643861681324621675e-03 -6.250436269781263141e-03 1.614444486030130240e-03 2.473240070747092893e-03 -8.262464497835060031e-04 -7.407436902162400439e-04 2.751129708854201626e-03 -1.236910355075543323e-03 3.437155510620895399e-04 -6.621269231064092278e-03 2.272866809157834175e-03 3.627713756701422300e-03 6.061308526192422160e-04 3.122319685951322789e-03 -1.983137813145392813e-04 3.575482250838092537e-03 -1.001220740289279678e-03 1.298958802264011531e-03 2.481083290646374944e-04 -2.415450276570127452e-03 -3.829311257115130575e-03 -1.732936746450197251e-03 -5.457973925923874516e-05 -1.672996003643164057e-03 -3.563994992300537762e-03 2.062310037341806655e-03 2.830665871253198822e-04 1.447559774256614723e-03 -1.042382682978095420e-03 -1.182954748944337921e-03 -3.714746936372865637e-03 -1.038613497464428237e-03 1.411674792794265264e-03 2.119725892096695964e-05 -2.606528251134065249e-03 -1.045665286650332253e-03 -2.454625097390906747e-03 1.315552894668527194e-03 2.240753001230499919e-03 -1.586345098984420126e-03 2.640354506936956093e-03 -4.180709902946204252e-03 -4.952288199623594133e-04 1.390164481959151998e-03 2.328047577918814122e-03 -2.734350546959553579e-03 3.798840125625358474e-04 -6.370926782178596044e-04 -3.797487969239114374e-06 2.138683453566667461e-03 -1.838768436818580395e-03 -1.177851162002152520e-03 1.574393156788470710e-04 3.839738724782195724e-04
7.028339707843637985e-02 1.427919586836035558e-02 -2.232647302984961703e-03 -6.940975376923617934e-02 3.918211450029454243e-03 3.063878634575292748e-02 1.559363531386065600e-03 1.688626545890221584e-02 5.048865280441451608e-02 -1.495038336415965147e-02 -1.568470626762533474e-02 2.650187043545925141e-03 1.477972461809665301e-03 1.851608046978105507e-02 1.247471647409835287e-02 -1.166686968980068864e-02 -4.771882688310450163e-03 1.934685826305135488e-04 2.823312818550630619e-03 -8.665095731651376032e-03 -1.285944928956449587e-02 -5.894182600095693170e-03 -9.255758793956515547e-04 4.668059532113880312e-03 4.653743767699364264e-03 6.583513097775172762e-04 -9.733465647721182418e-03 4.222104141000689384e-03 1.058270582629645745e-03 -5.551188334065081456e-03 6.464311765445277403e-04 -8.355189330939429785e-05 2.098207987624982167e-03 -5.974280906840784104e-03 8.003811984286956409e-04 -1.799482590278378945e-03 -4.234914511765640495e-03 -4.109947891535505873e-04 1.223783549843669065e-03 1.112826155920932335e-03 -7.312610715700763398e-04 -3.509564745630862782e-03 4.169797386213055504e-04 8.204347915730923508e-05 -1.375155837070081303e-03 -3.039194427151050044e-03 -5.305421970360652559e-04 -5.219636155196627839e-03 8.032774853769025433e-04 6.035529885796329062e-03 -5.969873863958056462e-04 1.308209175617628360e-03 1.120926305305735074e-03 1.271099048028753210e-03 -3.371914260634790387e-03 -5.067222655362875645e-03 -1.143523016581203229e-03 -2.428960881760840965e-03 -8.108256909420724808e-04 -2.407602205000217328e-03 2.829277337107057380e-03 2.755276609168596721e-03 -1.863107096077060718e-03 1.568001353919951145e-03 -2.253675805292731493e-03 8.080596694459994721e-04 6.514735641973029871e-04 -8.466140766852522058e-04 -5.066840539448494310e-04 1.003533274445782969e-03 -4.154874492802923709e-03 -2.443767574509724851e-03 -6.674369653340245061e-04 -3.737427158870924859e-03 -3.969321262688164345e-04 -5.310532497389081280e-04 -5.457170186031221553e-05 7.068179319638201279e-04 -4.036619714862739287e-03 2.023277934906224894e-03 -2.606823459977846910e-03 -2.095862886106820717e-03 -5.086647019414766583e-04 1.231330508451180779e-03 -2.322262880123034633e-03 -4.649141777836256315e-05 4.340519868122383156e-03 1.687758933043467227e-04 -1.878195055301375279e-03 7.062876327921928810e-04 6.619903248403472169e-04 -3.368113762961588275e-03 -2.054003702330776428e-03 -2.633825003322418090e-03 -5.543521891574629485e-04 -3.375837646900007975e-04 -2.638093536196410398e-03 -5.906693555048290719e-04 1.865548760046510830e-03 6.135514164830606527e-04
-7.852240153051628924e-02 1.368394314841594184e-01 -2.133418667831806989e-03 -8.478737898524634983e-03 -4.757336118456224026e-03 -1.209349951341381945e-03 9.719228573992828857e-03 -3.112889963816958816e-02 1.573523556418139971e-02 2.128026378757405523e-02 2.543045415619395871e-02 -1.109045975979774945e-02 4.699455284864208562e-03 1.927633232111636633e-02 -1.087324889971067431e-02 3.616666156073668897e-03 8.825632862064520384e-03 -8.204320735072895970e-03 -3.848384785229492806e-03 -5.043706129992633208e-03 6.112558474781889725e-03 2.975844481522376284e-03 1.862887658096533568e-03 -4.840597875589211898e-04 -5.781681701359247909e-03 5.815055379451261608e-03 -6.163381731505271181e-03 -5.210493641572198215e-03 3.920786548410308374e-03 -1.236411896208050674e-03 -1.734987234800079671e-03 -4.411122786088308989e-04 3.881543589372638686e-03 -4.391475945416884255e-03 3.832365515643247188e-04 3.960998311927268166e-03 -2.306765788343048511e-03 7.695796070125190784e-04 -2.374913783955713478e-03 1.587558064939953570e-03 -3.591878821202472514e-03 1.327468708661730314e-04 -1.618290462369001252e-03 -1.234295288249039925e-03 3.362415912199986662e-03 3.514091850537967316e-03 -2.354199102367529346e-03 2.303815041870269260e-03 5.039643787912376086e-04 3.716139291548787964e-03 -1.376851678492809904e-04 3.676532824289715628e-03 9.283098324065921060e-04 5.123555350884940584e-04 -3.114046161476661883e-04 -7.820263322501937306e-04 3.139748805789449853e-03 -7.204771919245067440e-04 4.210522774464118124e-04 1.699227065849435048e-03 -7.630282580928473462e-04 4.282706474940073220e-04 1.769707877459416028e-03 1.445939720868404826e-04 -1.878794274932172551e-03 3.914693928224870787e-04 -8.893819008388070477e-04 -1.139067563154867908e-03 -1.004466122054110391e-03 2.800694880328763719e-03 7.425575410181143405e-04 8.638373690206740474e-04 -1.968304897985773724e-04 1.118848300744701690e-03 -1.478912391375168438e-05 -1.865508093219311056e-03 -2.688792409776942591e-03 -1.292037678449383265e-03 1.071758544100192764e-03 -2.654901951645162288e-03 3.587455945770700282e-03 7.297186569606550072e-04 2.519563365031232021e-05 7.866308287000272964e-04 -1.176700285756350798e-03 5.898220326927632561e-04 -1.804222375785404170e-03 -7.364107432072002687e-04 6.547176820938305003e-04 1.761160766815767897e-03 -7.919131660860058344e-04 -1.298289354248635631e-03 -2.406526011796006857e-03 -3.289701486220181215e-03 -4.862147191115748050e-03 -2.690738891031202625e-03 1.304665852683822846e-03 3.571893437216234601e-03 2.230701079501636096e-04 3.900160654667609358e-03
-5.434392057639655244e-02 7.462120611473585519e-02 4.557778499221832452e-02 -4.439693781745714107e-02 -1.170739816204202817e-02 2.211901210491950057e-02 3.015520535845712252e-02 -4.659199446568156738e-02 1.082402746406123037e-02 2.788426529325040842e-02 2.116642156813428738e-02 -1.099781459239523342e-02 8.449723463625420303e-03 1.433006565341387629e-02 -7.715659410964532082e-03 -9.085360839825307178e-03 -3.277164399608391027e-03 2.513487897466285328e-03 1.810697189894203878e-03 2.973812837564738208e-03 4.861517664446857005e-03 8.385143068869699290e-03 4.988863667477983106e-03 1.455556057237632596e-03 5.125605547261883471e-03 -1.345094204437181219e-06 -5.682162858391249724e-03 1.716653739858150444e-05 5.936571691666468753e-03 -3.610418941700260418e-04 -5.507442666440204651e-03 -2.207130106804995476e-04 -1.503722893329521447e-04 2.995987248646465699e-03 -7.040126278060794725e-03 -5.869664268325762999e-04 3.703315420999660473e-04 -5.240328191084040778e-03 4.420906435886454156e-03 -8.491361844480515685e-04 -3.898932734302064710e-04 8.263557736987124907e-04 -1.132480201169350871e-03 5.057398375385555381e-03 -9.201715781833431180e-04 -3.511766082802500466e-03 2.792147461432606566e-03 -2.774481819762348797e-03 -1.294161600815684366e-03 7.240846915756991072e-04 1.390615826179478990e-03 -1.826858303610227234e-03 7.028100292617402763e-04 2.141383633345012461e-03 -2.878814369312763903e-03 -6.775408467838188670e-04 8.661863623599198652e-04 3.482966264382278973e-04 -1.838006296393593581e-03 -3.677639579464113753e-03 1.894157167516714955e-03 1.331948810803729828e-03 -3.613841973405000716e-03 1.876827311295968135e-03 2.667929701942171905e-04 -3.291393351809715571e-03 -4.720109849290094199e-04 -1.957329599588026204e-03 -4.429203301361563788e-03 -2.731770179027918910e-03 3.065856533669606820e-03 -4.307337720553604254e-03 -3.692792195505672278e-03 -5.514105294636736931e-03 -2.831047931281154353e-03 -3.036662967938281478e-03 -6.441775959855812082e-04 6.920740754334299980e-04 -4.933684566818127837e-03 -1.725704443309241092e-03 5.860167426598421195e-04 -3.958420885169481804e-03 2.427262666549916733e-03 -2.605995182934284747e-03 -2.881910685471626189e-03 5.338584698761903759e-04 1.305233948857228727e-03 6.730808920868781636e-04 -1.117357005210412209e-03 -1.699623838722647473e-03 -1.762325570386421387e-03 5.551350949748369394e-03 -2.388266014543604710e-04 -9.769319211343603041e-04 -9.616701754390981176e-04 4.058738987315319881e-03 3.576117007119887872e-04 2.827175374956009731e-03 -9.838030654777750027e-04 -4.505776590682613464e-03
-8.419039008574721872e-02 1.255885968425348997e-01 -2.838840573197450382e-02 2.109918802538816862e-02 -8.775877872954654380e-03 -9.403868919662177264e-03 -1.607033454374047488e-02 1.294470564012213318e-02 -1.575718883474147916e-02 -1.882504311142314812e-02 -2.500019004244275964e-02 1.015194490152171274e-02 9.882091232677454960e-04 -1.309279772504373489e-02 4.040420459452111202e-03 -2.935192126080857656e-03 -6.664214195079521882e-03 1.224138583672056656e-02 5.102675617491013275e-03 2.645978910207540634e-03 -5.402765631697331074e-03 2.904416691344316806e-03 3.607319915155288246e-03 -2.347198852566678706e-03 8.849821799281823789e-03 -6.919437963313760862e-03 -5.530316798364546746e-03 -4.015294942510657175e-04 6.554466609870178775e-03 1.306858614487134288e-03 -4.460686102842531531e-03 -1.688567287029391984e-03 -1.231155805556367704e-04 -5.903436386770771630e-04 -4.464041167815618362e-03 3.518385638569046341e-03 -1.838456350189729025e-03 -1.021066724067439847e-03 1.344672324240412395e-03 -1.138805113852784517e-03 -4.414494145306001316e-03 1.000319699567468789e-03 -2.147891686311872213e-03 2.697320403113055102e-03 3.468215759168518601e-03 -5.815914201718368941e-04 3.158688059273001211e-03 1.247983701835609196e-03 8.776354273540122944e-04 -2.179850483129928962e-03 2.040941113491300234e-03 -4.891513598503209343e-04 -3.344013999186029118e-04 -8.595358580164244328e-04 2.080960850344234885e-03 -5.809177546227944058e-06 2.332361894461719345e-03 -5.995301394870023804e-04 -4.848386299952157940e-04 2.750612244721702473e-03 -1.574324367073209495e-03 1.241017015833572592e-03 1.838629835375254042e-03 1.021716696049805345e-04 -8.071834563041067499e-04 5.342134381227779498e-03 3.311965304931835906e-03 -1.410746206140575361e-03 -2.282167026537320394e-03 1.852612092212259538e-03 -2.936085301046928876e-03 -1.159943723034295146e-04 1.295532655673196573e-03 2.735797546573522868e-03 -3.269111893144522316e-04 -6.571402523277754953e-04 -1.697370997470931068e-03 -1.953325649586797660e-03 3.055875028120276504e-03 1.787939061315880433e-03 3.150493684726560911e-03 5.048069894039736855e-03 1.625521432873070719e-03 -2.149427346055308736e-03 -4.639086158559862887e-03 1.293222995556804868e-03 -9.691236370908868118e-05 -9.679635159329295869e-04 3.100957237069434935e-03 2.257855191388007891e-03 -8.583669378632057716e-04 -9.921934122931158184e-04 -2.985605700919889086e-03 -2.879788205584782584e-03 6.814779914929134817e-04 -1.012295137464343589e-03 -1.689967075865100345e-03 3.028785864668984400e-03 5.361271181179056051e-04 -3.159114901559945598e-04
-7.903061615209862334e-02 1.470941616649387718e-01 -1.077436726398144431e-02 4.855426301564531519e-03 -3.179421406894927457e-03 -7.264858829614216640e-03 -3.767017765084094711e-03 -3.039922248671903318e-02 5.224003628856280917e-03 7.837607770297874005e-03 1.082738386514529513e-02 -6.580404924979829477e-03 5.982330235247299184e-03 2.523757446859607734e-02 -8.176378468993781082e-03 -5.482604860358403741e-03 3.105630495045449795e-03 -1.516377869124733123e-02 -6.881446178163916176e-03 -6.601627567656989605e-05 7.905573445005394453e-03 3.440256817968497666e-03 4.262241734036826385e-04 2.241102630848865792e-03 -7.384164370609441926e-03 1.024299311934396585e-02 -4.114055956517281322e-03 -1.591751512088355634e-03 5.811471189259773129e-03 -1.901969942318425862e-03 -3.999893110596710634e-03 1.964286186967327454e-03 5.423441013448904516e-03 -3.331772779178856624e-03 -7.801189696768067328e-04 4.269455090165578254e-03 -1.374695244351016848e-03 7.363182206434919956e-04 -4.593394219006781236e-03 3.460033824615415827e-03 1.127641575290151644e-03 -9.322184571189691535e-04 6.883501567514195780e-05 -3.051613911523195794e-03 6.729162323824953735e-04 2.815769580580709894e-03 -1.691795042762342339e-03 2.427336930856798317e-03 -1.591222430794834476e-03 3.492695850266631496e-03 -3.593407470778492755e-04 -1.430326541890594456e-03 -1.109024667680994381e-03 -7.651343226722608689e-05 -1.573438158610848334e-03 2.155184284770210543e-03 2.045873406676316023e-03 -2.327122232941886745e-03 8.093518718963281771e-04 -2.606923839376152586e-05 6.516982140747590389e-04 -6.019660170194097559e-04 9.635092861007713092e-04 -2.710707417815108817e-04 -2.442736567379541501e-04 -1.718454010502354313e-03 -1.046216807220807544e-03 2.749737629553209079e-04 1.434104851806100979e-03 1.370436043484669691e-03 1.756752906104238178e-03 3.046598462040330663e-03 1.456124496275473454e-03 1.391103578548378780e-03 1.280914317299487216e-03 -6.736081609737922850e-05 4.423025901942263848e-05 -8.835704588102680701e-04 2.315568543254008672e-03 -1.390405728297405613e-03 5.102527877366747110e-04 -1.298326872168759343e-03 -7.912067836811178569e-04 2.474156931137690314e-03 1.286813096104303918e-03 3.332162044674226507e-04 5.694726008561901186e-04 -1.027895693858283353e-03 -2.102562714980166312e-03 2.148180122932578148e-03 1.866054149310023783e-03 -2.368963091506206230e-03 3.178871918541546749e-04 -5.388204936560772465e-04 -2.882288573614263938e-03 -2.063858016233590439e-03 -2.956959033373739425e-03 6.330178370652769435e-04 -1.776302532193025112e-03 -3.043164402296431956e-03
-8.288472513702374589e-02 1.572761924664543565e-01 -2.614253539730683126e-02 2.137464323197042423e-02 8.659082277290104310e-04 -1.649230188643834721e-02 -2.129204132619751805e-02 -8.674425251021239749e-03 -7.718263869551544865e-03 -1.410875288045958069e-02 -1.856732634215774516e-02 1.117842828785944572e-03 -3.897478287140740665e-03 9.388026484336918498e-03 -4.378944476232372288e-04 -1.360421531552175219e-02 -9.061282563139818128e-03 -1.437934476406989119e-02 -8.567450796030611328e-04 4.461822825255724705e-03 6.822950481558246773e-03 1.139879414611453352e-03 -4.684727708810444008e-03 2.000972626056565264e-03 -3.372553743212243407e-03 3.064842514012085413e-03 -2.841025748599363548e-03 -4.226421958021955340e-03 1.617451846973281821e-04 -1.366256845284471641e-04 -3.050292518459129382e-03 -6.520972047568500667e-04 2.604362023465755203e-03 1.520895142140269796e-03 1.456764110063377398e-03 -7.597604126478459639e-04 3.351914935764786947e-03 -2.438905094090238097e-03 -1.170237577384958825e-03 -6.833977453688414938e-04 3.519053708162368441e-03 -1.527520971447470302e-03 3.176381203699416098e-03 -2.368876154382366060e-03 -3.143295122513023974e-03 -1.705015083758516879e-03 2.301997710218555912e-03 -1.465543925737515757e-04 -2.495502241791590359e-03 2.392915172381625483e-04 -8.365854433185504219e-04 -4.939416141201427579e-03 8.552047299791882412e-04 -9.230491655275468608e-04 -2.256939508613229999e-03 2.859490020357880000e-03 7.047197659132674059e-04 -4.401715420085567407e-04 1.425776360560135640e-04 -5.642984237773526974e-04 2.347127992399582717e-03 -9.860566517109928091e-04 -6.193951139864560312e-05 2.189458913955424067e-04 3.227104291406949522e-03 1.420971916507268121e-03 -2.370026648712003723e-03 -1.014441487649129885e-03 2.843261183249315600e-03 2.182383033684622779e-03 -4.842562763332050363e-04 1.678569495015459160e-03 -1.265406890859827049e-03 2.131223109215445947e-03 1.397614845074166392e-03 3.183642145826762974e-03 3.029244579333262299e-03 -7.361952976548487206e-05 4.563437427902702686e-04 4.298754587081894066e-04 -1.610926809002129331e-03 1.462839617212659303e-03 4.958110031167860992e-04 2.497639640091228134e-04 1.520585647962804151e-03 4.255878118787025078e-04 1.513362624118120984e-03 7.294369407809455513e-05 -1.787302413758584197e-03 -1.105506380785270309e-03 1.374047505526277291e-03 4.780315575659059118e-05 6.944090525854152958e-04 2.384726860528365786e-03 1.957605239880743590e-03 2.760929545851143439e-03 -7.375903795958685090e-04 -1.815540064486669079e-03 1.183421911231534495e-03 2.492142842770724660e-04
-8.095003068951675540e-02 1.526245886321383194e-01 -2.735892035795177771e-02 2.405680327178358335e-02 1.171040239419987019e-03 -1.786917915414122995e-02 -2.461060627802419756e-02 -3.796029500228555436e-03 -1.163333662448109811e-02 -1.940167539112207934e-02 -2.657236218075022596e-02 3.042311200198627441e-03 -5.898923482103204941e-03 3.482479338318877383e-03 1.992466404759173255e-03 -1.425323369191404572e-02 -1.141273751686280348e-02 -9.937667406270687953e-03 2.330507979153531584e-03 4.891752396342400819e-03 5.986987836734999902e-03 1.564648095378270900e-03 -4.695623366860250843e-03 1.323636859996135716e-03 -1.246204561772916268e-03 -7.314181082936707526e-04 -4.818105968147579077e-03 -6.486369867774799576e-03 -1.742412240796512544e-03 -2.442366498448779390e-04 -2.143656458938698536e-03 -1.413673417775360370e-03 2.463857330130084147e-03 1.282210882933215897e-03 -1.189984682230385760e-04 -6.081070661850252173e-04 1.889978907391562553e-03 -2.209392242301640684e-03 1.667507747639048203e-04 -1.838669916324282751e-04 1.122654982212078221e-03 -4.082076495589164237e-04 1.583317215617415950e-03 -7.203363708079821076e-04 -1.384443055238385005e-03 -1.785766274537296154e-03 1.249224455843772619e-03 8.306000277058845933e-04 -2.096944223371052882e-03 -2.141838727962212612e-04 1.025269879554673003e-04 -2.564179704471979213e-03 1.073783690339956019e-03 -3.871956293542510143e-04 -1.639780250960049804e-03 2.466640002589854091e-03 -2.122790909091733149e-03 6.273495812642774063e-04 4.265693678002075145e-04 -9.989629273145846523e-04 2.551735749153829537e-03 -5.524400891590060952e-04 -1.293117844089308527e-03 2.105098002020701440e-03 4.418380906197477698e-03 1.280294275533682856e-03 -3.765483800243396746e-03 -2.009368936527184454e-03 -4.055764851775440225e-04 1.626197066951747114e-03 9.494824867610561318e-04 -8.737304080652350024e-04 -3.802455804407229786e-03 -1.160533562066455061e-03 -2.633190400675780303e-04 2.075759051189164824e-03 2.621575556942928095e-03 -5.829504894774170881e-04 -1.300176915393640067e-04 1.044327726528252441e-04 6.088368658389384102e-08 1.023502822470880600e-03 1.386227204850736276e-03 -5.537422745494283019e-04 2.737882330914372803e-04 1.001708711773794443e-03 1.000952136574462725e-03 -8.458486820952078539e-04 -1.106217717923611886e-03 -2.408375747139185948e-03 -1.095446213836040157e-03 2.469426907999280624e-03 3.388202539697452299e-04 -2.087253107097907651e-03 -2.081904975597310709e-03 2.861988644825000025e-03 1.435008265983251219e-05 2.023944053260874620e-03 2.006215769946518863e-03 3.653618436660007601e-03
-8.114420948197322014e-02 1.478084920689541892e-01 -3.089330962453439022e-02 2.668735815444747694e-02 1.516583477187496065e-03 -1.500430863507061334e-02 -2.459085465149476665e-02 6.116806749351963099e-03 -1.127087784615236378e-02 -1.949394215633562868e-02 -2.956529098897238417e-02 5.064727539532078073e-04 -1.391445558147211964e-02 -7.732940625722143149e-03 3.508544263916781817e-03 -1.292890211085360140e-02 -9.228061457247782248e-03 -3.523389222569168859e-04 5.961863242926318356e-03 3.539831150346041400e-03 3.184931542495126732e-03 4.068997264546785932e-03 -4.247049291913464024e-04 -2.065534288883068021e-03 3.559114019903915262e-03 -2.550037343582030672e-03 -6.457018164616310299e-03 -4.431144253491194757e-03 2.427988950064882516e-03 8.301858486361973332e-04 -3.764732693177777999e-03 -2.098146587963225802e-03 2.216937187438649225e-03 1.670929459929972180e-03 -3.851091893906711302e-03 2.781702306023028579e-03 1.338212400228324522e-03 -2.926301886356114015e-03 3.381276668416495663e-03 -6.415298329890149536e-04 -2.248087834468727366e-03 8.883431125789154710e-04 -1.815931390848606747e-03 2.549959181662036188e-03 6.631292565717470701e-04 -2.145727890327273329e-03 1.385686047624902408e-03 1.195118217193810468e-03 -1.391455663850920624e-03 4.434506645427567246e-05 1.159742591831153594e-03 2.096196912441436033e-03 1.321819619685195638e-03 1.884906168231161364e-04 4.472374539960182025e-04 3.416019249210531833e-04 3.416877319392611773e-04 1.466285667672519600e-03 7.720040430263794056e-04 1.083046070152088184e-03 1.101149300438040816e-03 4.828076783903241784e-06 1.675700002869751765e-03 2.189647427854320410e-03 1.476272258397869118e-03 2.750356514127923202e-03 -5.306686702580308080e-04 -4.249490759761016985e-03 -3.305863416448496378e-03 3.358156965207716432e-03 6.829136203870015353e-05 -2.567091509804838179e-03 -2.643391783004038053e-03 -4.749471479059723324e-04 -6.674333358148964437e-04 1.441823545721183583e-03 -4.337924125550529013e-04 2.959792513858962911e-04 1.599782948011600325e-03 4.939997947720022910e-04 -2.155944268527555305e-04 2.777141125141707224e-03 1.691611266296230058e-03 -2.562966582494242800e-03 -2.466007639320276935e-03 1.004201300929498906e-03 1.983807584087428789e-03 -2.255302538700515880e-03 2.580640314183738852e-03 -3.373558808838645826e-03 -1.585242283757441533e-03 2.075745317615275594e-03 1.151562741554468944e-03 -3.014185715749464426e-03 -5.300058097155340483e-04 1.026425813747591743e-03 -1.075463688857111109e-04 4.800899665985561809e-06 -2.283361034025906794e-04 1.478361462015812628e-03
-7.583239978331206277e-02 1.386533774429744015e-01 -1.501116904927451978e-02 1.124335677675795259e-02 -1.683614324582466100e-03 -9.700820118999248579e-03 -9.906209639266529490e-03 -1.744893008478089896e-02 -1.102149583326542115e-02 -1.206195863301162165e-02 -6.201904876221017889e-03 1.546870023269259799e-02 2.160396495340176706e-02 1.596106941514035052e-02 1.510155566028503586e-03 -1.645098578200826413e-03 -7.983652139563427591e-03 -7.806276898719415741e-03 -4.674599053385811165e-03 6.916633331517384881e-03 -5.016385227818659712e-03 -1.008493186043895977e-02 -6.747432303872953965e-03 5.656067672961434707e-03 -6.472541155416972969e-04 -1.740792405938394564e-03 1.128558145135876399e-02 5.159900392945658033e-03 -7.278688983411522526e-03 1.567054534374876396e-03 4.699034215488025364e-03 2.068110072223717632e-03 -5.582354492431085800e-03 5.123526801461316359e-03 3.948054828922084938e-03 -8.223019721261581524e-03 4.332338584662358272e-03 -6.775453198208686734e-04 -2.513948191731121004e-04 -4.004979509703935833e-03 2.493374940373154370e-03 1.827605175489285371e-03 2.665655039348893349e-03 1.037798540378822134e-03 -1.968620200773420377e-03 -2.387946063296131523e-03 4.732465640485543877e-03 -7.783996981805214009e-03 6.587936827870811800e-03 -5.431052374433724059e-03 -1.437722528945226596e-03 -2.939318886991640085e-03 -2.454074701375086581e-03 -4.234791656622772875e-04 2.512039656347666086e-03 -3.871806237693648824e-03 6.019234599987257186e-04 -1.036644838304948222e-03 -3.180805376525955904e-03 -1.040168697414876669e-03 -3.590297107350029580e-03 1.716038751128578848e-03 -3.307654266423390877e-03 -3.015335259966888358e-03 -2.962006113266419782e-03 -7.041959280490353145e-04 2.830475061714650582e-03 5.464762094278293250e-03 7.740851366148617701e-04 -3.367802519903750295e-03 -1.954491224364246840e-03 -1.063275854435425353e-04 2.752463703489661188e-03 -9.137015242400867241e-04 -1.180764953757953420e-03 -3.199948068698557028e-03 -2.466097821316390760e-03 1.163738020078171510e-04 -1.920364033691795806e-03 2.644067739692145588e-03 1.527493046697433240e-03 -1.161377342750257542e-03 1.811648068317711689e-04 -1.995190649284356299e-03 -3.392372626916630423e-03 -1.234442484834263106e-03 -1.037241376753916203e-03 9.958287012758091587e-04 2.848536439347200584e-03 9.071770632188028106e-04 -1.276622541462522215e-03 -1.118484369878733131e-04 -2.122143943382243797e-03 -7.748424981647782876e-04 4.902497735327093504e-04 -2.588999010068924675e-03 1.814793869610761314e-03 2.041532282663319382e-03 -1.837443151113955081e-04 2.631281678924947583e-03
-7.946034650590971804e-02 -7.224011199159581509e-02 -6.478401924562846026e-02 2.739814022201209759e-02 7.272916196319511358e-04 5.143270484504986612e-02 -8.009816133096470808e-03 -1.469935137833397118e-02 1.125211495308851145e-02 2.078445479422267456e-02 -1.825315638645684524e-02 -1.820751886156631591e-03 1.971546025817334617e-03 -1.531526000779624523e-02 -5.540678375210529583e-03 1.211909652718105163e-02 -1.344394722579303307e-02 -1.754543133103628281e-03 -1.191809791428768972e-02 -1.883175879989349626e-04 -3.594775117883598423e-03 7.358181866538335975e-03 -4.245616566491133316e-03 2.070439263319353608e-03 -6.193007873536271468e-03 -1.766652540244095402e-03 -7.423803817042468056e-03 9.541604131690385997e-04 -1.216296111921393551e-03 9.596447717259705759e-03 5.034859924238332604e-03 -2.373602867651368985e-03 -6.970859590342077996e-04 -3.409691996717000451e-03 3.765089390283461908e-03 -1.355858427337077550e-03 -9.595733931948408589e-04 -6.491310553650603797e-03 1.894256632970311776e-03 1.023045261567549508e-03 -7.037976683788448214e-04 3.126923228385484772e-03 -3.368252595662514504e-03 -2.265513728246995075e-03 -1.981793698908132246e-03 2.467996037980543268e-03 -4.665430867027052725e-04 -8.628863065774163314e-04 1.025507034689525495e-03 4.337693912528387485e-04 3.514651117285655726e-03 -4.770637465472077430e-05 2.083407293799395196e-03 -6.951132474232895632e-04 -1.259191386202485573e-03 2.073539637660152656e-03 6.692053606526374547e-06 -1.409598460797958138e-03 1.852459958239048154e-04 1.534473207644961729e-03 -4.609435374492171916e-04 1.022963344089677755e-03 1.088027153821636075e-03 2.066826842142806785e-03 1.517806045830015580e-03 -1.611430919951206860e-03 -2.747319753867790478e-03 7.475825562775517989e-04 1.216447807567934674e-03 3.499564824396321971e-04 -1.086006804775407376e-03 8.838669033890056079e-04 1.516234726794706868e-03 1.664985376161925079e-03 9.496287995165948520e-04 -1.861849890804195872e-03 -9.382155574429573014e-04 1.890104798273471286e-03 3.108688978191969775e-04 -1.061047807255570408e-03 -2.043106222191909231e-03 4.591675292181806884e-04 3.779289938097527956e-03 -1.611463025843621125e-03 -7.366703574133487333e-04 1.610523910415717847e-03 -9.754903729444873309e-04 4.949508954002596571e-04 -1.576819938889013114e-03 2.682438067922314571e-03 -2.201849215087475688e-03 -5.871871460608927380e-04 -4.219341029527025506e-03 8.173276273760475595e-04 -7.361096983956798387e-05 -3.411099415869023148e-03 1.526042674604153162e-03 -1.352464050289219457e-03 2.938239911837271529e-03 9.283016945947142936e-04
3.379030842818901703e-02 -2.714866445621104754e-02 2.259752329194282885e-02 5.201124219876840371e-02 1.143124651948941063e-02 -1.517549789367410133e-02 3.737048849795226307e-02 -2.215724670831348015e-03 2.676767502920120861e-02 -1.864508920352294860e-02 -1.057885433078941187e-02 -8.483069906660095291e-03 1.149878842799082271e-02 1.179951397665232821e-03 1.800645748490826634e-02 5.507508629523308850e-03 -2.694980019558406575e-03 3.486606831852462080e-03 -2.294318007643546384e-04 1.642765855547057919e-03 1.365137812954801168e-02 7.471481321589555635e-03 1.366781231132141450e-02 -6.877587384522564073e-03 -3.072376060925848060e-03 2.150457426558260998e-02 4.731843867713972189e-03 5.048047721750589800e-03 -1.139949119389387262e-02 1.230832503716208781e-03 -5.134226805387205259e-03 -4.621433938466406460e-03 -4.172962173941001038e-03 -2.086017341146406169e-03 4.410538942927021491e-03 -1.888760868589937567e-03 -2.607705570813457358e-03 -2.511277498436200861e-03 2.557239480233492943e-03 -3.593660985613202855e-03 -1.197084026015928946e-03 5.097436924749293961e-03 8.389696392623428867e-03 6.257762775507667678e-03 9.297094458790752455e-03 -1.261071496043173661e-03 4.258043603311879172e-03 4.378946744740903375e-03 -2.367080518358349005e-03 -8.039056984352253507e-03 3.651428778325918438e-03 -5.788650800315535416e-03 5.758564871133654665e-03 -2.715308967993084605e-03 4.293661691713113269e-04 -6.567038862818998408e-03 -3.297769961052651397e-03 1.739200259195531131e-03 3.499622688413228308e-03 7.643708334108395390e-03 3.647161851004532360e-03 -1.240579527949737648e-03 1.388665305769726894e-03 4.036239140280496913e-03 -1.757817847727323728e-03 -7.715469349809431394e-03 3.109975113408813981e-04 4.103795995957000716e-04 -6.952592341869130721e-05 1.002898083941242960e-03 -4.480487869631139680e-04 1.443918023159070779e-03 -4.976988461236981666e-03 3.631159409087090823e-04 -5.168614348632860839e-04 -7.734024613786559489e-04 -5.768927322736652806e-04 -5.962200421638611143e-04 1.673642901588274666e-03 -1.045420564162844509e-03 1.348972440837682696e-03 -1.923026949651964260e-03 -3.190972091269142020e-04 1.421227957977160439e-03 -1.942278500777882893e-03 -7.307996969623210479e-04 -1.943050793247464282e-04 -1.981022839161821446e-03 -5.059626774218371769e-05 3.362938572417695053e-03 2.382270958089211400e-03 1.437628556359536822e-03 1.507166972276251151e-03 1.464496771958476336e-03 -1.283595319606292608e-03 4.262465225143793369e-04 -2.408188330410356048e-04 3.884784837005126300e-04 3.411631819725770374e-03 2.000479607370768582e-03
6.646714852761768932e-02 -1.891539582464553046e-02 4.131484273780045013e-02 6.784932886415415143e-02 -8.738091841456579675e-03 -2.995320983431636400e-02 1.316130638509246074e-02 5.448137890842057489e-04 2.972003921760626305e-02 6.923654187701598628e-03 -1.565329700063508968e-03 -2.816260720221372134e-04 1.706631057870185500e-02 -1.509853984122466568e-02 1.882191650765939472e-03 -3.853678423787832222e-03 -9.475881516373380054e-03 -1.253656014788108626e-02 3.005326705033728885e-03 7.091603580921837686e-03 -3.832331233354353221e-03 1.303804975751047439e-03 1.533441625051896323e-02 -8.755328964299311997e-03 2.608703658169885323e-03 8.019964078778966292e-04 1.685886869540218196e-03 -2.753735203967659813e-03 -2.459745767808237181e-04 -3.335083123163202264e-03 4.525393497030384682e-03 4.242777277918903696e-03 4.162596029618908199e-03 -1.018572476666623414e-03 -3.650583989042834824e-03 -4.285326659252525726e-03 -7.209838453700813561e-03 -3.727414240118940864e-03 -4.540937233417531929e-03 -3.602885829287580020e-04 -3.960741182779949424e-03 -3.574479400936876345e-03 -1.617943814924109255e-03 -4.704772181494215784e-03 -5.391220420722318482e-03 -2.791238449677394418e-03 7.566669775384872454e-04 -4.995574773176374508e-03 -9.538531908783189593e-04 -9.134055666313183096e-04 3.355801123249257424e-03 -1.425862069801650696e-04 -1.184146464687647372e-03 7.748344703224245220e-03 3.844998327324573341e-03 4.108787636755159914e-03 -1.783189490439249019e-03 -3.256654742233370571e-03 1.215565781083854545e-03 2.858237908964872571e-03 7.590620292685392161e-04 1.657508409637348593e-03 -1.680526268222715201e-03 1.649945178760774513e-03 -2.101676334848455192e-03 4.108841608446404275e-04 6.324362514741227112e-03 2.166878244546152112e-03 -4.167473598986702783e-03 5.905716475514797767e-03 -4.132614720326653959e-03 6.370415643841558125e-04 1.120479669421032025e-03 -2.226970591692813660e-03 3.921485324399587649e-03 9.195379561387245120e-04 1.710281554725014749e-03 -2.380355634394171541e-03 2.427881639195126739e-03 -1.157794007227347811e-03 -1.432150167485182063e-03 -2.902183186177046455e-03 -5.941960041054355698e-04 -1.114431788949694349e-03 -4.694623520655410802e-04 3.097249187838469874e-03 -2.235149171679124552e-03 -1.884923594490622032e-03 -2.774040193806567335e-03 2.067046268025248597e-03 -5.308582485889535262e-03 -2.277183494153397353e-03 -1.356302990564253871e-03 -1.031393446239406208e-04 -1.213704231117387509e-03 2.960887295118840110e-03 -5.492121933875879387e-04 3.396830427445634432e-03 7.911558986344014669e-04 8.694637018399088962e-04
6.203874636576103135e-02 6.299264770292515268e-03 3.855818064891904789e-03 -6.033411116412623620e-02 6.956280676671707831e-03 1.838120284186900433e-02 7.533215010280651554e-03 1.263446774460451338e-02 4.738509457034571076e-02 -1.988173852479253531e-02 -1.408999335430847870e-02 1.465853255580017861e-02 -6.502354279067146248e-03 1.025158450671290015e-02 1.313037112942455273e-02 -4.651817276649372612e-03 -5.379272967117513723e-03 -7.320667867509266132e-03 -3.061451269060257770e-03 -2.459789690294868995e-03 -1.252823534458023108e-02 -9.993364941258712705e-03 -2.466447433056998765e-03 -3.659225109344478675e-03 4.074117826358827216e-03 6.290776019966033694e-03 -4.159603578229064021e-03 3.550368255871684878e-03 4.377727484531243780e-03 -4.338643755025639766e-03 -5.189879976952094416e-03 -1.025967946051701760e-02 -3.506610884097191572e-03 -6.844387734649085009e-03 7.078858940929074611e-03 5.179836378073923893e-03 -5.565763374181670504e-03 -2.191013409153902067e-03 4.821243048655707297e-03 -3.949846092615310299e-03 1.738409865300353510e-03 6.720756763415129112e-04 6.136847413105696314e-03 -2.012658097710139527e-03 4.001838760387701338e-03 2.468630629179758944e-03 -4.782190302300018750e-04 8.268094311031357925e-04 -5.530783057818510449e-03 2.028819057270174453e-04 -2.829435672193722929e-03 2.397828865481863980e-03 1.603988744027742830e-03 5.432368337119193591e-03 -5.840090251552886198e-03 -3.909625886172840526e-04 -2.565581385857706835e-03 -5.463775327929964142e-03 -3.298139602605224246e-03 7.474292864166042763e-04 -6.258981421516039353e-03 3.089079251368484404e-03 2.820446332364466135e-03 -6.152113374709646844e-03 -6.286331000455972970e-03 1.913058406329501979e-04 3.200251645892463522e-04 4.191665645761319219e-03 2.110128889003010707e-03 -1.199193620743425068e-03 4.103479608363283515e-03 -5.449313040952643086e-03 -5.847209716980546462e-04 -7.354995487934061450e-04 -1.737307910325477380e-04 4.423565170172879223e-03 3.930663130100602205e-03 -7.869959238054173318e-04 -1.193097244782606679e-03 1.498490900931374100e-03 -2.236489166430673855e-03 3.646185909514794345e-03 3.589000673662159544e-04 -1.072288733634178814e-03 1.185511303282606697e-03 5.965400375317688429e-03 2.000685545825971537e-03 2.579069698562585621e-03 5.997440973652044772e-05 7.970674485156908050e-05 -4.090794526026253833e-03 1.091036189439905990e-04 -2.814401051102845708e-03 -1.070358229333110079e-04 -2.910924383730930341e-03 -2.822761284749142254e-03 -2.039407925851860481e-03 -1.861436908590298868e-03 -1.237816430812697455e-03 5.242738363946107018e-04
6.940697310407643872e-02 -9.494958477127994623e-03 9.358724762055186872e-03 5.514201464522894974e-02 -2.730332009539936360e-03 -6.295597654605059393e-03 5.520123793498791370e-02 -8.951392486548272881e-03 2.237001995757098918e-02 -3.060017888790987975e-02 -1.034650339830477800e-02 -1.064748365080162538e-02 7.900049456786529742e-03 1.557818077612902093e-03 1.844509844942577442e-02 8.021621431703271701e-03 2.722064553517603448e-03 6.925013742939724326e-03 -1.073844549641698922e-03 1.728236098784047096e-03 1.213194804660987225e-02 4.142364830859324859e-03 7.693557435310440645e-03 -2.616391046029179629e-03 -2.629804149811167287e-03 1.530829708923401450e-02 4.451587087583321577e-03 -1.542059167056081292e-04 -9.417835546233058186e-03 2.402291807040151696e-03 -5.758483336221556677e-03 -4.808771618153072878e-03 -5.706212923363792114e-03 -7.684605884746088843e-04 8.197470462799599095e-03 2.578085621562996744e-03 -4.422822975674225304e-03 -5.850279026549960910e-03 4.125405321054215722e-03 -2.624731945738027761e-03 6.774997316372919015e-04 -5.106667003962111952e-04 4.037867816657516457e-03 5.560765030698319386e-03 6.268410375982105126e-04 2.222097216817796924e-03 1.615458368717472308e-03 4.420827427618866101e-03 -1.238319974522639980e-03 -6.255261701979188561e-04 1.260074053872521161e-04 -5.299857097492655057e-04 4.762625926386181673e-03 1.483892984223634452e-04 -2.030789887350405686e-03 -1.976947772182678208e-03 -6.357297737716514864e-04 -2.207999135377343436e-03 -2.942617888780815674e-03 7.683249597867447891e-04 -1.639880699825392108e-03 -1.905015813390082422e-03 -9.503483845431628853e-04 1.511337999455209316e-03 4.601526148765001933e-03 -6.807041802673288733e-03 -3.043382859636980381e-03 -1.262951914831668106e-03 -5.496946311011914740e-04 2.988279005064212006e-03 -5.727518199677651602e-04 -1.545237729656683684e-03 1.456343934712730744e-03 1.148047608881510662e-03 -1.911846766659513900e-03 -1.914156825263440892e-03 -7.684358754167400045e-04 2.326444046557133143e-03 -1.796921612881642724e-03 4.640403845189972239e-03 9.399684438283043052e-04 6.110355679685908941e-04 1.205779602706242909e-03 1.796891804889219190e-03 -1.363609358926202400e-04 -8.198878702840397582e-04 5.805849959858558383e-04 4.175732166972491097e-03 4.469279475035997130e-03 -2.685356318361952974e-03 -4.153226063061064822e-04 -3.111279240153850580e-03 -1.829984830089904143e-04 -2.202969089905915166e-04 2.245224198714050080e-03 2.059424773518811307e-03 -1.642932245816821485e-03 -1.299272692567389530e-04 -1.895441839480441855e-03 -6.039048190788450562e-04
2.634300458216638427e-02 3.279464761667873034e-03 4.491941464236183512e-02 -5.805757680184159969e-02 -1.291816487745430951e-03 3.662846212417449759e-02 2.864229154840072875e-03 1.191438744300447709e-02 3.722158812686705842e-02 -7.380980134264874051e-03 -2.471300431680954063e-02 7.068069027185217360e-03 -1.596189597430812401e-02 1.067114490525082442e-02 1.647739005133704027e-02 -2.025254441599485394e-02 -8.254638208281119688e-03 1.227704973735598915e-03 -6.230976252809482599e-03 9.397225708255942979e-04 -1.611666569002427954e-02 -1.355676717485145531e-02 -2.150548175356320566e-03 3.448018343611026961e-03 6.758766725306066762e-04 6.786754961239111622e-03 -2.536566007658824611e-03 6.142708011545748928e-03 -4.785580315169109776e-03 -7.918426680484556834e-03 -1.211016627960415310e-03 -3.261538785471828662e-03 -2.062198172894719270e-03 -9.796600504610321336e-03 5.051913624297909265e-03 2.287997595809251276e-03 -2.986597921514164145e-03 2.886138707381042529e-03 2.119375944925294859e-03 1.207183980105890888e-03 -3.258014900471981317e-03 -2.592424979733942594e-04 -2.933236724067518706e-04 -9.105063013216863413e-03 6.334671593907229220e-04 2.034538041392654293e-03 -3.032021004516623815e-03 2.308750740214376811e-03 5.419148886430970443e-04 1.809496687136950702e-03 -5.250435387166097270e-04 5.351432950661898745e-03 -1.798375105510516617e-03 2.931604027428733744e-03 -2.459588648360034029e-03 -1.490554923171692140e-03 6.061191621712909081e-03 9.657812490647085021e-05 -1.346556964358087364e-03 -2.997229018613275110e-03 2.985651994469037257e-03 -5.111751459777101256e-03 -5.337912526446750121e-03 -3.941234198106164342e-03 -7.481904538893231846e-04 2.900017688035166560e-03 1.430794916547819184e-03 9.663249920456516403e-04 -5.544576638994182499e-04 1.442740159238699565e-03 2.803662091067964535e-03 7.773574177808762614e-03 -4.455812759990201814e-03 7.249434627533547337e-05 4.403781391453384306e-03 -3.643305044288206243e-03 2.933511202173835102e-05 -2.719062718515345266e-03 4.182900346517216643e-03 6.494167655173953410e-04 4.740182551510773584e-03 -1.868830185908696784e-03 5.527662203659423554e-03 -1.660119604885607796e-03 -2.499966685621090451e-03 -4.485495854306606293e-03 -3.285995768522039298e-03 -1.766993952901808364e-03 2.291520545359955561e-03 -2.100364320059972846e-03 2.844624225932015308e-03 2.028479054980306031e-03 4.434676399628280363e-03 8.872392434864957841e-04 4.212025135012102510e-03 -4.414789457316131162e-04 5.420573454366411394e-03 2.923287274012897983e-03 -5.224394631218609326e-04 -4.511155073322279871e-03
1.615104956735181896e-01 6.864680388130874403e-03 -4.130678235696381984e-02 -5.167227817433753950e-02 1.676753162042307101e-04 6.928731899059376032e-03 -1.559529196521066037e-02 1.369000892435033416e-03 1.874756190854903401e-02 -2.519155991370840286e-02 -6.475786692570466123e-03 -1.220705733281001772e-02 8.419656151226650315e-03 9.473246298914708360e-03 -7.690712111107047763e-03 6.643626299792485673e-03 -4.958557689099320730e-03 5.192471305440551910e-03 4.876691664501139716e-03 -9.034081766182772838e-03 -4.518099587903127794e-04 6.861637179011446583e-03 -3.803069473965903485e-03 -2.938528634659913746e-03 2.570880715618313953e-03 2.618943570989404942e-03 5.108971629470731961e-03 -1.041969170907598849e-03 2.932922906935028513e-03 8.813082094951162678e-04 5.364770362426781770e-03 2.362011644717986261e-03 3.117906361324093191e-03 6.598685326250556919e-04 -1.668904482427997532e-04 -4.685973975622857311e-04 3.234411761614566089e-03 -1.800169937976206589e-03 -6.494408904050609510e-05 -4.815322050317951547e-03 2.461318135191654087e-04 -1.687357381362715935e-03 5.492027202639203831e-04 1.104118557774410713e-03 3.366696384510973268e-04 1.628397543435487977e-03 -7.426833917670109262e-04 2.381581746264873050e-03 -1.483331159879777011e-03 -1.241887003744889710e-03 -1.097063388962262907e-03 1.615889299792882920e-04 -1.104685212961510404e-03 1.963577302233161879e-03 1.208910993271947436e-03 3.416149186455631152e-03 -1.337305292729216739e-03 -2.468362802403239759e-03 -6.734852512216326151e-04 3.255387033817119889e-03 -9.160724849420865757e-04 -2.463721380297252553e-04 -1.285340499249786744e-03 -4.494353522313938279e-04 7.313834840431850375e-04 8.341586788602218258e-04 1.255462302137124722e-03 5.809290366493359038e-04 1.107877402582234209e-04 1.334656468371705606e-03 9.700120544106095042e-04 -8.850335809739803177e-04 -2.791296147457582354e-04 -4.978760126638893209e-04 6.397440348631779159e-04 -3.424949584368288617e-04 -1.710548382213070812e-04 6.996840191975062196e-04 1.232723842799991331e-04 -7.044222471595054397e-04 9.502582307981839987e-04 -9.669926958491395540e-04 1.078821616435193679e-03 1.273968819376003784e-03 -2.729543003123596724e-04 2.765783958502149135e-03 -5.038331329067205266e-05 -8.017665325100299754e-04 -7.195754009307293387e-04 -7.580682092427541794e-04 -9.161322518480408518e-04 1.945199338097334629e-04 7.801345212645914226e-04 1.035306640616779619e-03 -3.415592899333374979e-04 -4.176326432961008253e-04 1.949670708857506032e-04 -2.552265220519918582e-04 -6.652702320790667171e-04 -1.505239418020082971e-03
1.113681250670768424e-01 1.875107859872915048e-02 -3.596374620721883714e-02 -5.849036506110295852e-02 6.438354457689132553e-03 2.221558188158004668e-02 -2.409281549091214867e-03 3.847510634601593316e-02 1.626682602241404096e-02 -8.229761293510752529e-03 3.413395317519495997e-03 -1.179244357611419249e-02 1.251134199760570338e-02 2.879888161687470423e-03 5.418723040769158304e-03 3.498815398383722883e-03 -9.475993270090037404e-03 -4.980921391076795213e-03 5.463199115544155153e-03 2.839309064950571327e-03 9.460945165863810652e-03 -3.800734498866545786e-03 -6.463819422156607403e-03 1.937833448904457143e-03 -2.621868984349431681e-03 -2.050988312306485043e-03 -4.863491503105559985e-03 -4.630218161056218022e-03 1.360615163696129700e-03 -4.360417542846954132e-03 2.022035078188613288e-03 2.529351800644666012e-03 2.236571982503250330e-03 -1.712127916243619307e-03 1.080902829416705143e-03 -1.090042719586264107e-03 -3.007637314992873435e-03 2.712269724046493125e-03 5.754169105963112367e-03 3.343515844875047990e-03 4.640068982609079837e-03 3.290575344869536151e-03 9.557184181080791239e-04 1.546118472733645386e-03 1.542747240315762210e-03 -3.515291570667323975e-03 2.039857059664053601e-03 -1.084849539235676220e-03 -9.153678954457310658e-04 -1.227554853443872922e-03 -5.981005905148942953e-03 1.738264180601420102e-03 5.047041927028699622e-04 3.896582892890128585e-03 -1.087802946505290287e-03 3.308045178118706759e-03 -3.691624623131941133e-03 1.448001320210025138e-03 -2.318405871791686963e-03 5.642607853404318571e-03 -2.249744802269524821e-03 9.049186954001600669e-03 -1.468751504952240868e-05 -2.836762991746313595e-03 1.509884264383317071e-04 7.464486916263125696e-04 -2.704914303345483818e-03 -3.097138313518257944e-03 -4.830817772416403678e-03 -2.809622590612181024e-03 -1.723376568834829271e-03 4.132056529996794118e-03 -2.062577782483991293e-04 3.262804841581847404e-03 -4.620911330165049062e-03 -3.286541804816304558e-04 -6.465836074506394089e-03 -1.264131384848303117e-03 -3.714172085798975740e-04 -3.105767089464704037e-03 -5.588329398375154432e-03 1.027767999818265682e-03 -1.960595464828696673e-03 -6.295870402687174256e-05 1.544213317093324047e-03 7.727398831294535067e-04 4.896914428407326148e-04 1.490051105705980747e-04 4.037705459881479951e-04 8.796834395846019278e-04 1.411112622323668249e-03 -1.713696306353257228e-03 -2.104390058747358360e-03 2.329579148788317195e-03 -6.479667704052067341e-05 5.342577607788933161e-03 1.344583563424086355e-03 -7.116384298502218290e-04 5.126436148277664076e-04 1.131534406534387329e-03
1.241514387898424721e-01 3.961378562565361257e-03 -2.734930661638924551e-02 -4.708310745998924018e-02 4.753932129760333331e-03 5.385051322087648293e-03 -1.612261819608772767e-02 8.893780895152922708e-03 2.498410049964695442e-02 -3.380901634019702149e-03 -1.850170013462501192e-02 3.296452861474697196e-03 1.215903090364684781e-02 1.135321563158434022e-02 3.420454918009818625e-03 -9.000468660789354841e-03 1.224440864373494732e-02 -1.560031591741725579e-04 7.357568399030282001e-03 -1.627464309574574997e-02 3.325691920517665975e-03 2.557445013593805539e-03 7.555608599211081911e-03 5.135966152260551879e-03 6.558153838794855131e-04 -6.067065454817779750e-03 -5.461653788632755795e-03 7.011411833814911593e-03 -4.243649230143529613e-03 6.395767147453590255e-03 3.764091207320961405e-03 6.685046198735274808e-03 4.312115378313515976e-03 4.697370846747499240e-04 -4.145047596163213208e-03 -3.576616282434373541e-03 7.351300475029305887e-04 -1.559448666042421256e-03 -7.004978270005892023e-03 2.704040683809013756e-03 -6.336554084398633149e-04 -4.353512534429885249e-03 -1.876032628257040058e-03 5.978886631477651516e-03 -4.648177612845525060e-03 -1.526542882436734017e-04 -8.638849006001870752e-04 -3.618964038123225618e-03 2.553339918209898262e-03 1.787653666652580737e-03 7.807270596890450096e-03 -1.272718482525054141e-03 2.318457681570146138e-03 -9.475171780199428614e-03 4.953134338643502008e-04 -5.968859984070842145e-03 2.984649686435277352e-03 4.569448350384568841e-03 5.276204689413368457e-05 -3.075924547912584506e-03 2.742965490053558483e-03 -3.764133931558643828e-03 3.702110899171076348e-03 2.651997137632616797e-03 -9.792028552340695247e-04 -3.616629185372581545e-03 -1.055105534036561692e-03 -1.845896527927867357e-04 4.134970656821764477e-03 1.742219697251005776e-03 -1.490717662652484444e-03 -1.802846112217249908e-03 7.709967498888324828e-04 -5.121487471637145008e-04 2.494658308137972895e-03 3.597240606517696448e-04 5.289107839268170942e-03 -4.917975473802041865e-04 1.787454219390317931e-03 2.210521746721949045e-03 2.027556840718692654e-04 -1.604825361798107686e-04 -9.753650465144838438e-04 4.217525238530005390e-04 1.342563295701327316e-03 -2.694676347817243772e-03 -5.988448144656980787e-04 2.314449013644720443e-03 4.424536113993985005e-03 -1.491250889628204608e-04 -5.186513399916541523e-04 -6.932324133835036494e-04 -2.217054827873707074e-03 -1.058523181415973622e-03 -1.636256173230587801e-04 -1.354005233406398731e-03 1.556043828662850587e-03 7.919478176415943897e-04 8.887758222210936064e-05 1.898023756308731122e-03
1.651290293655321151e-01 7.677584629842349601e-03 -4.937884718444505300e-02 -5.423293180517765183e-02 3.337267265054399100e-03 2.006716595663607383e-03 -1.381180950545731617e-02 2.728242238810746866e-03 4.267195351082459648e-03 -1.324046825761798774e-02 -6.457728331724443306e-03 -1.483097575348313150e-02 9.877060165893772684e-03 6.472916995928263036e-03 -4.424341736969298992e-03 8.822103349991089472e-03 -1.646542441925452150e-03 1.159301757620647810e-03 4.013076763235831276e-03 -3.681739500254008202e-03 4.847576051588939859e-03 4.981853779754681459e-03 -2.617882898467615172e-03 -5.508382814395766137e-03 -2.839534484094927884e-04 -2.645997613321068604e-03 2.307534940989091309e-03 -5.709383588043527260e-05 3.326602351096259822e-03 1.538807016241165639e-04 3.718119269764235020e-03 4.790345087131736394e-03 8.365672890333103896e-04 4.161214974886385913e-03 -1.050422193530260251e-03 -1.293265258306991071e-03 1.530562064413568081e-03 1.040465202943503331e-03 -7.071653257174693498e-05 -3.054228596170027602e-04 5.793311733144355978e-04 2.495894238230230051e-03 -1.034247264664428902e-03 8.573191413535692531e-05 1.544497589029482940e-04 -5.489549735499288678e-04 2.792555749161269212e-04 1.199911752752467033e-03 -6.071602470414822492e-04 -1.201412534713446924e-03 -2.659027618755738925e-03 9.716611725891451980e-04 -3.760608646226633431e-04 1.922855897585179475e-04 2.407040730995311205e-03 4.001494770417281591e-03 -8.556927761226591886e-05 4.695581713950360957e-04 4.012691450820814903e-04 3.154304143210037280e-03 -1.768262382534522496e-04 4.399708141372354149e-04 -5.965838438420413038e-04 -1.498573471370870077e-03 1.331029208745909296e-03 -8.142308511654399849e-04 8.720501564383690684e-04 -7.354140997817671212e-05 1.851631723093910987e-03 -5.019660265029700233e-04 -2.549374772119563141e-04 -9.334622549945112663e-05 -1.437168436406182411e-03 1.481827252563667910e-03 6.057141312856149018e-04 -2.075394573269526838e-03 -5.619011623195758164e-04 -4.165263925452335311e-04 7.538212055326819162e-05 -1.608327171146560789e-03 4.528678232306759832e-04 3.307545449044171860e-05 -2.136783773108539165e-04 2.238390318179302445e-04 -1.654833310827348916e-04 1.806531401869672197e-03 -1.663716006184878977e-03 1.197824640953839892e-04 -7.838794675392514759e-04 -2.876512029006365358e-03 -3.395778221585349149e-04 6.737909748440241466e-04 7.593481993098218693e-04 8.590417116625131575e-04 5.546178168229448733e-04 1.795440256395972739e-03 1.192130852296313182e-03 1.789298090833979157e-04 -2.953573961262746838e-04 -2.644815640000614584e-03
1.596566144044256896e-01 6.073495725123655500e-03 -4.124553584285439722e-02 -5.098383491474471618e-02 1.010667663336922532e-03 5.176711208567847528e-03 -1.797980493385482881e-02 1.221695993151352029e-03 1.484749180552764891e-02 -1.811464780277249886e-02 -8.863901446126445233e-03 -9.785410640551566244e-03 8.811126017356443393e-03 1.059045207036505946e-02 -6.346539257606554144e-03 3.657440760213336809e-03 -1.627771498434060990e-05 4.313723621403573773e-03 6.348530011131411563e-03 -1.198308072148268795e-02 1.143437002621806170e-03 7.594504353513509450e-03 -8.681717228021065174e-04 -6.013301026062726172e-04 1.857765834036935156e-03 -1.715291177793308369e-03 1.882576016162389523e-03 2.230911094544933866e-03 4.848171413617913218e-04 3.823220378361881326e-03 5.843007353583382080e-03 6.435364160500472996e-03 5.171667385336164470e-03 2.603173984983209871e-03 -2.916821917146530160e-03 -2.840562682771465269e-03 2.901329496552809955e-03 -1.621863152637120363e-04 -4.650842995773445121e-03 -1.117746406474772218e-03 -4.942500983383407319e-04 -1.285200268075317167e-03 -1.587825646728507727e-03 3.334565876652398949e-03 -2.013413293206636843e-03 -7.714204093531459817e-04 -2.841811406758092563e-03 4.558786449212391895e-04 7.483982888233071213e-04 5.295474409833592078e-04 3.406249032479477523e-03 -1.740630113817635827e-03 -2.470310419842208826e-04 -2.139077085662217850e-03 4.104036018988323209e-03 -9.845039078921020634e-04 1.358038443262217509e-03 7.501680799406874834e-04 1.370245918214997713e-03 2.276694848955512773e-03 1.561474938174246384e-03 -2.856072449550806167e-03 -9.050641270874252393e-04 1.191960357142691010e-03 1.437860150230889367e-03 -1.019319882154592080e-03 1.029354908392647464e-03 2.001632022548106111e-04 2.800589943123544569e-03 1.502109476855079681e-03 1.110257733186233587e-04 -3.668453053090709685e-04 -1.259426446574880001e-05 -4.002464759587716792e-04 1.083151212576585970e-03 -1.502760720626497885e-04 1.126970338848379619e-03 1.141535500352019528e-03 1.653791307983531198e-03 5.344545077087533647e-04 3.107813506220644464e-03 -6.366279524098906063e-04 1.739971684079156915e-03 1.858588445324071666e-03 -1.719415584596862905e-04 5.442420362141928971e-04 -9.221091702464718175e-04 -1.818768549738858722e-03 2.246988725400592298e-04 -7.328448046113752133e-04 -5.450137055537168044e-04 2.692567562927999773e-04 1.232729722060679160e-03 1.099167572447362585e-03 4.473109756902760481e-04 -1.088220989749208141e-03 1.872668993885565829e-04 -5.057693241752316774e-04 -8.621641444167999239e-04 -1.233689163111023872e-03
1.729640192005865162e-01 5.343797860439206820e-03 -4.542917107901041363e-02 -4.342461920395705027e-02 -1.611500812845849796e-04 -2.824460035595211665e-03 -1.629695783460321373e-02 -9.226023749260847673e-03 6.546026234468566886e-03 -1.824652028101295814e-02 -4.777384653910856857e-03 -1.180980172419947294e-02 7.352559046142072632e-03 2.574153279222498453e-03 -1.056122843122285666e-02 7.381990965874653428e-03 -5.270063666642243756e-04 4.939114128965229646e-03 3.571744317091184867e-03 -5.251894205655635757e-03 2.223840659851654964e-04 8.788129556189598277e-03 -1.330185061792025711e-03 -4.910897747319053867e-03 2.798078014932248972e-04 1.613924716603980670e-03 7.443160242522592167e-03 -4.677579084835560303e-04 3.600704261344828735e-03 2.214341537925120125e-03 2.700886284420893086e-03 2.683630590704113878e-03 7.919308075021836519e-04 4.129927129266528288e-03 -2.126345207180595025e-04 -3.797459855946333767e-04 4.200889972059669922e-03 -1.463007454162595878e-03 -1.658601414413050099e-03 -3.982383379598434213e-03 -2.827660914344162519e-03 4.427331510479667279e-04 1.317903593304957724e-03 -1.839910795897203985e-03 4.494698657090247327e-04 2.367903325518128273e-03 -4.131679561604844307e-04 2.504673927485656648e-03 -1.121407870226703027e-03 -9.731980713214430975e-04 8.800859970696875163e-04 -3.271284267672374237e-04 -1.425805463233612101e-03 7.038658723101760481e-04 2.213018660539858677e-03 3.248773861556081624e-03 -4.665946956531085484e-04 -1.842274803628132654e-03 3.033303750382295143e-04 3.747690258462712523e-04 2.491026094113038786e-04 -2.144552600529022433e-03 -5.376152184898491193e-04 -5.733700803343820714e-04 7.142766751020730026e-04 3.930716659995503134e-04 1.405642616902841877e-03 7.184360164099736715e-04 1.019490644147844939e-03 8.516643196979687509e-04 1.992111200556704893e-03 -7.730526189630281680e-04 -1.071460358761929009e-03 2.695355975103769512e-04 6.916186886224168651e-04 -2.058513290434613196e-04 9.060355109046731902e-04 3.487952256054567307e-04 -1.684159999277717878e-04 -6.212756995768570732e-04 2.614159125762760896e-03 -8.959149076873633563e-04 1.476247507090106860e-03 -3.756946691143194374e-04 -1.763208032347164710e-03 9.501040463800698244e-04 -5.109678414244868102e-04 -4.597697803388526802e-04 -1.205533694341624079e-03 -8.301007139693933291e-04 -9.982143651812384194e-04 8.849291440992400381e-04 1.334526745063213974e-03 -2.986136225059617447e-04 4.266813129450854167e-04 -1.353306644832933065e-04 1.362378489380678369e-04 -4.250611205881915200e-04 2.448476130068578623e-04 -9.268232203887998878e-04
-9.182007278751493085e-02 -5.107151124465003633e-02 -3.236149367124611931e-02 -1.265516613777257181e-02 -7.016391587060115398e-02 -3.129293580845365214e-02 7.331530825265710101e-03 1.342854116541627139e-02 2.523966852133410158e-03 1.362560332035138390e-03 -2.039026226553974572e-03 1.298044851501103068e-02 -6.017233230544593268e-03 5.091127582718547873e-03 -4.556494573881476537e-03 2.845332107319640917e-03 5.333855355787312132e-03 1.008166871988207432e-02 9.689256886300942617e-03 8.193979007188373700e-03 3.377765599519009544e-03 -8.935141327451034130e-04 -6.534877115612630280e-03 -9.785410072623432903e-03 -1.131667595673550679e-03 3.884695496502264291e-03 -7.499522345978745655e-04 -3.173169765891627886e-03 4.957338387974227767e-03 8.445368757715742986e-04 1.978045505795728650e-04 6.175156965558066720e-05 4.802459640724838878e-03 1.687727728715795799e-03 2.516507997975525861e-03 4.312698246191366998e-03 2.150629180819698880e-03 2.492773563905773850e-03 -8.858851282398185617e-03 4.226529363581112836e-03 -4.983065481273866960e-04 3.580660631222831215e-03 -2.342036778056936727e-04 3.410937873260676614e-03 -2.202483756414239709e-03 2.866503036114478875e-03 -4.914907960480918367e-03 -5.926041486553283721e-03 6.082734333066229342e-03 -5.075767319767043699e-03 -2.594455840480716993e-03 9.385114682148878139e-04 -2.209041477372981985e-03 1.396706256775253133e-03 -5.668135294258627374e-03 -4.597831462441575624e-03 -2.403637514063852818e-03 -2.244570214412580124e-03 2.225146159100614956e-03 2.327228878661670745e-04 -2.011065613172313953e-03 -1.651311570466311050e-03 -4.646635736814835362e-03 -1.500643823522069349e-04 -4.515065013432528057e-03 1.142634935862099198e-03 -5.011258440625707567e-04 -1.959645867037110387e-03 -4.701805697802748291e-04 4.042434241796859576e-03 1.844358706113094579e-03 -1.396475920256649850e-03 -4.424536702714452672e-04 1.858795542876931451e-03 1.214337358575630355e-03 -1.462866695804221481e-03 -7.003086011819366612e-04 2.859609052174914064e-03 2.420127223139267696e-03 5.983986281896179309e-04 3.612502419217942552e-03 2.719166091915008014e-03 -2.204018105870043931e-03 -5.140112202256120338e-04 2.262267879107588472e-03 -1.541521774710728418e-04 9.145837165058087401e-04 3.231113183604216333e-03 8.593172869322194792e-04 5.735188215069233694e-03 -2.607772704479484251e-03 2.210476443521164520e-03 -5.054815807240182514e-03 -5.909139337694422874e-04 1.665776442082908581e-03 1.906429543295888162e-03 -3.667429386984392709e-04 -2.557754020014914829e-03 1.861380871089020296e-03 -2.117060315214210672e-03
-7.249297645376122368e-02 -6.412884506291444131e-02 1.857246262627549119e-02 -4.256812109376859748e-02 1.939482501622334654e-02 -2.002889890829643790e-02 1.227616830081361757e-02 9.525236891396355893e-04 1.410485854070965550e-02 -1.698909798648125941e-02 5.007593677048684765e-03 2.814823687165218455e-02 -1.997599943430661967e-02 -3.546605769221144230e-03 5.394608111179330888e-03 6.754253489124455341e-03 1.156477492603961293e-02 -1.367395575191625821e-02 -2.467857557532760794e-03 6.718665983466176952e-03 1.192548243062807167e-03 1.879193603495162186e-03 -6.649795546097903888e-03 -8.793790965645869803e-03 -2.406879385100060571e-03 -1.801608456915518449e-04 -5.690474535444529046e-04 1.033723344974424931e-04 1.076614110958474006e-03 5.547089789995900133e-03 2.986127612341576629e-03 -6.245488288371810366e-03 1.971763661020690950e-03 2.482963057388066878e-03 -2.142512954426844911e-03 1.205443251765512223e-02 1.504573147848130375e-03 5.024780009647390267e-04 -3.956940431968789668e-03 -2.873539643243425146e-03 2.080839234485128489e-03 5.750337529217452309e-03 1.476573243549860089e-03 3.074933211856357724e-03 1.155043968709567362e-04 4.085354542851640835e-04 -3.600053130607626904e-03 1.965537689079079227e-03 3.234208068245284558e-03 1.921623630301059300e-04 8.911134913490103247e-04 -6.361173344484880206e-03 -3.982112223256956650e-03 -4.392013891498893104e-03 6.294507547488940868e-03 8.145863657540249395e-03 -7.190487389412696280e-03 -6.260292720458791567e-04 3.617281558807219650e-03 -9.928469504811398942e-04 -4.313408048958982180e-03 6.966648322686144063e-03 3.233280086967898863e-03 5.510332533420514954e-03 -4.329274130567728647e-03 -2.044710373809047448e-03 -4.537650011425133252e-03 2.918189340598568732e-03 3.440331546506402664e-04 1.469292763219370813e-03 -4.167058428428218101e-04 7.843269306168229810e-04 -1.405039143753129263e-03 -4.293061680542440903e-04 2.275891850165927613e-03 -4.382802990365734612e-03 -2.755305336562035613e-03 -1.930488626350870211e-03 -1.581613714802827927e-04 -2.966864703907968852e-03 -5.312501374211638962e-03 -7.635771845914953067e-03 3.234965148083924266e-03 -8.901072034844897908e-04 -3.814017126708714976e-03 -1.948787656747085102e-03 2.055110938836239836e-03 -2.751439082130589277e-03 1.364630185303355048e-03 -6.055066487668530999e-03 5.135257309011588512e-04 -2.477163011524793380e-03 -1.043960411511015828e-03 7.732354665311660675e-04 3.718005291362476167e-03 -1.667062920233412229e-03 -9.107562583789795404e-04 2.150356909435261388e-04 3.777407720283358118e-03 -1.271769268588793635e-03
-3.400908384591479205e-02 -2.890410258020360487e-02 1.414474306651470996e-02 -4.697615091365302947e-02 1.577927336933794208e-02 -9.722011124391148878e-04 1.436043402906461014e-02 1.890895297206404702e-02 3.867652159251434851e-02 -5.877108354009091817e-03 -1.645105000349824861e-02 3.282522695679435804e-02 -1.804495440423033864e-02 1.378877939972027872e-02 7.677181406362073267e-03 -1.851037583826094929e-03 1.409215740890592747e-02 -1.246294525112266911e-02 -9.573382241714081115e-03 -4.350912739468590519e-05 -1.025683799669004255e-02 8.395274071185806694e-03 3.451317514101265218e-03 5.774769807100347402e-03 3.610659269193555905e-03 -6.699307860092621088e-03 -1.916636805362803130e-03 -1.480197187831096967e-03 1.358916880713073811e-03 1.032312441780848088e-03 -2.086732957374599299e-03 -8.773552014985825515e-03 -2.040780235803574000e-03 3.125512394170165686e-03 -4.414566248924073170e-03 3.751626068355956838e-03 -4.312641360890010454e-03 6.016788190645995862e-03 -8.977413543695611162e-03 2.452645569675309355e-03 -3.929319080921529588e-03 2.449529150130573974e-03 1.123980519922902592e-03 5.948647041274793094e-03 -1.738851683803879403e-05 3.825750815333116934e-04 2.028045402269962588e-03 -8.390539567005118665e-04 -4.112078044515006612e-04 -3.776974231256791060e-04 1.378170905964742204e-03 -6.894123149450081048e-03 2.678164264771784164e-03 -3.394653830212152577e-03 3.719918474436403368e-03 2.979149939707081193e-03 3.539122912084130025e-03 -1.813648919443895322e-03 4.628751675415656089e-03 -4.264314799040037213e-03 -7.529942613448921407e-03 -1.331502222129643705e-03 5.978932566917148812e-03 5.198317989675311362e-03 5.538633737613355215e-03 1.458915182831930449e-04 2.155183693923948436e-03 6.179676692497649768e-03 -5.644222111056085289e-03 -5.856811179705349521e-03 4.261526775702196776e-03 -1.474006941762025713e-03 5.237584254682597050e-03 -7.235581701154897424e-04 -3.710816977819639305e-04 9.786932556653399080e-04 2.557734957289445506e-03 2.358662133937482284e-03 -3.706604340623471765e-03 -9.547036113496036418e-04 4.498645959224757684e-03 2.668219296711112597e-03 -3.027271669023515188e-03 -1.739584165462504991e-03 -1.017996593736763275e-03 7.901596383207208467e-04 -1.603589140337299173e-03 -2.055866391309032429e-03 -2.017456854441418597e-03 5.340147726459738668e-03 -6.272281437754713114e-04 3.353387520004560019e-03 1.284778436796828616e-03 9.852942313686777458e-04 9.106692472301140037e-04 7.678000840415291975e-03 3.834421279289585024e-04 1.224183260324063736e-03 -3.874121691140421705e-03 2.689564326773004246e-03
-8.872317160632246791e-02 -8.505327853282797224e-02 -2.793807299383384984e-02 -2.053757070829643691e-02 -6.544186469861132394e-02 -3.230128365033209381e-02 8.204586033374631007e-03 8.535784031864425414e-03 3.294325973343989900e-03 -1.713708803784368693e-03 1.682359932031189447e-03 1.777657762303801875e-02 -9.798459328085257561e-03 5.495202194225368673e-03 -1.981209353524396657e-03 7.757000279790810101e-04 5.822592302330720053e-03 4.193149838737223085e-03 9.078705875250104446e-03 9.123005006005028075e-03 6.067458188428085167e-03 -1.729626549306347645e-04 -9.444733612149017535e-03 -1.116360300817807044e-02 -1.160818648999644483e-03 2.421079639496522169e-03 3.038033615473811552e-03 1.206345929950306808e-03 4.117094366723473599e-03 1.602370875014297444e-03 3.523372533349801265e-03 9.726595727970719935e-04 5.247271864425303439e-03 -1.024504380557210746e-04 3.105698961969485025e-03 7.363589753482163193e-03 2.441387257439909392e-03 -1.139316446327963764e-03 -4.625393679562601716e-03 4.773497595588103819e-03 2.339245687354228869e-03 3.122920850472825360e-03 3.382967255507275998e-04 5.799370721652736356e-04 -1.356973238278390542e-03 4.361929060044652043e-03 -1.815710179745281161e-04 -5.683716116946997340e-03 1.627352143194296359e-03 -2.802596207573959837e-03 -5.475637503120292656e-05 2.323844274363453220e-03 -1.943780880659155830e-03 5.772891957782080256e-04 -9.116416564042895739e-04 -2.789673354136449658e-03 -1.666980941114839469e-03 1.281270016940907162e-03 -1.380141771228079756e-03 2.332454926377506253e-03 2.107034896878385178e-03 -6.431070293924498124e-04 -4.637674411413053414e-03 -4.093332214578212236e-06 -3.642895597443749581e-03 7.398044781142597108e-04 2.605122895122184069e-05 -2.015655521620069498e-03 1.135379118959438816e-03 4.580345190030891619e-03 9.519059386561857248e-04 6.102451794386837833e-04 -1.650422490762730714e-03 1.518798803691414224e-03 -1.252286851178457819e-03 -1.695500429589246946e-03 -6.805998140531507824e-04 4.618922808872993890e-03 1.829450666379096044e-03 2.049427867593774100e-03 -7.908180615857237066e-04 9.050572216173281316e-04 -1.936675103396132266e-03 2.371050535964706624e-03 1.178140798132898577e-03 -1.802411828896992568e-03 1.415113438534219750e-03 4.635376571346156230e-03 9.400292875454044740e-04 4.793815613021994160e-03 -3.309466335496201190e-03 1.697791188428800484e-03 -9.578048496109163763e-04 -1.249622232537992480e-03 -9.359298695453754317e-04 2.200935011964143869e-03 -6.049774205787820111e-04 3.188769030264225739e-04 6.698971291148208586e-04 -1.947180724623838325e-03
-9.729721278658173822e-02 -1.054987670810074579e-01 -3.573204476540298158e-02 -1.341500638066262831e-02 -4.113579785736172501e-02 -2.905927185147782338e-02 -1.163671792848619893e-03 8.452023533758993082e-03 7.111381493011442387e-03 -3.282403844935390027e-03 3.017870585036569724e-03 1.301241170165430214e-02 -6.763047030479518544e-03 8.379360455637774666e-03 -2.791864917338041704e-03 4.074705785615089231e-04 8.811762356420104261e-03 1.273721407120726899e-03 2.349280912252016797e-04 1.290521298604768372e-02 -7.324063794802807567e-04 5.224015148993623250e-03 -6.547329932677207771e-04 -1.322776890453679658e-03 1.956429246958337441e-03 4.389459850883960473e-04 1.398387343137402674e-03 4.069093454634691411e-04 -1.327402171010414909e-03 1.903512238320648371e-03 3.162471753565661726e-03 7.393195752244576500e-03 2.315044229198024751e-03 7.722067218817456769e-04 -5.287825412851112142e-03 1.756151648699393096e-03 -1.395496553142590301e-03 -1.539900689488537416e-04 5.716044045330930835e-03 4.152881301465813878e-03 5.304079997392152981e-03 -1.592788820554927537e-03 3.736250888758836479e-03 -2.543683974738865719e-03 5.496134992319739142e-04 7.084477861447198779e-03 6.380002518886924816e-03 -9.338068976407155799e-04 -7.416219875980670749e-03 3.017057399075454612e-03 6.237671797838404905e-04 1.005898414392060892e-03 3.062380126143019604e-03 1.345819371882366316e-03 1.464904992844929697e-03 -3.101395085741814103e-03 -8.328376834239723707e-04 2.188609680716298647e-03 -1.026263121387477675e-03 1.508970050609918919e-03 -6.655045625725167051e-04 1.539911785837330682e-03 -1.260000897656293100e-03 2.274916568461356203e-03 -1.424311260886405785e-04 1.462245987030234276e-03 9.702041836128590850e-04 -5.889758365190810464e-04 1.101325369640335488e-03 -1.184775947154578183e-03 3.500020358482636325e-03 -4.293242349544192809e-04 9.027835468994338270e-04 -1.165633638262055958e-03 1.596532767617788460e-03 -7.865671667845056461e-04 -4.663230918184099044e-04 1.000939384206995597e-03 -5.711954038242352634e-04 2.095645785302098778e-04 1.692834242343609096e-04 -1.652177526628276476e-03 -2.252564308429181369e-03 -1.423873944088925939e-03 -6.104572421680589485e-04 6.024062214474260350e-04 -9.456859484322806654e-04 -2.406516953040627790e-03 -2.189030956735145493e-04 -1.970776389588752356e-03 7.884654666379116005e-04 8.209735122189091216e-04 -3.508796207255629766e-04 9.119620776746007948e-04 3.726394158397315290e-03 -8.166515767162162848e-04 4.427809195376496094e-05 -3.888607205813781904e-04 7.288486915083952893e-04 1.411206961446034251e-03
-8.473323574221723609e-02 -9.249998622256967729e-02 -3.291861807564635395e-02 -9.544981502219936770e-03 -3.006048044515429243e-02 -2.155063932648274352e-02 -2.785811683240142864e-03 9.167732377145269493e-03 6.469173289804948206e-03 -2.119509879256571954e-03 3.677765096456302955e-03 1.414447711552348566e-02 -6.253490816072381116e-03 1.145322058480974584e-02 -1.668590995569741841e-03 -2.114406629314163379e-03 1.269236634401287901e-02 -1.600474044483932547e-03 -1.281455173860884377e-03 1.314081043178123506e-02 -3.747493155484480070e-04 1.303960284435060762e-02 4.739177384467331902e-03 3.899955350703549622e-03 4.837362976854320956e-03 -3.037222860535819698e-03 4.662811706546613096e-03 3.596488908888168835e-04 -5.601164030837460679e-03 -1.427880676487393958e-03 7.186775121943311632e-03 6.054409405086432459e-03 7.427320913116041822e-04 2.187446654914167610e-03 -7.453383200742872902e-03 9.251949203749002676e-04 -1.275424171920132256e-03 -9.350667583259978299e-04 9.650581227986116187e-03 7.291525174819362201e-03 5.369019582257226857e-03 -1.371832642088500771e-03 4.250041568094270819e-03 -5.222176657833867489e-03 5.878410041425713483e-04 1.532073978907865473e-02 1.265681734165888424e-02 -3.203178623004802905e-04 -1.067878993894285852e-02 5.792181056321170363e-03 2.375437950893336068e-03 2.067875070238441200e-03 3.509921269389821262e-03 3.984972628943274017e-03 2.199697755904323534e-03 -4.453128467975150592e-03 1.172617659141850406e-03 4.610351781451258249e-03 -6.693645953695105330e-03 2.478378381469875484e-03 7.339694204050615720e-04 2.406913204139429264e-04 -2.798217959547855214e-03 -1.227649044472783240e-03 4.971782729631035389e-03 -3.881130687904852869e-04 1.544679916291199790e-03 7.152252879763378686e-04 1.084989441021935079e-03 -1.504921187212554697e-03 -1.450066675973678797e-03 6.434466184862458254e-04 -8.286239802897304779e-04 1.027355939469470512e-03 4.720404115397186040e-04 -6.980556579766747155e-04 3.956999484357653701e-04 -2.148794449981417456e-03 -1.513166490240122131e-04 1.878640764465375115e-03 -2.590545265930391076e-03 4.753715688808991878e-04 -4.505447259365177003e-04 4.135655221337326305e-03 -9.075019506680451643e-04 -1.524317659503699124e-03 -1.239887998233236369e-03 -2.681035869452967537e-03 -1.050987900931666481e-03 -1.995129123050069266e-03 -1.120614431633706887e-03 3.327903336816403872e-04 -2.638084283991133628e-04 -4.365707508353166124e-04 -3.046020355449877409e-03 -8.436201733930823394e-04 4.958803189561896687e-04 1.634501683842341053e-03 1.104485113423102609e-03 1.305401390677536850e-03
-7.584491723090069915e-02 -6.152663818163114223e-02 1.751366236358359654e-02 -4.819453613327353420e-02 -4.102899769735571939e-02 -2.887154879383417583e-02 1.885604038690141468e-02 -5.253517256973723633e-03 -9.966242439125323066e-04 -6.664736535483843996e-03 6.820781708568374700e-03 1.510217292416338349e-02 -1.440841130584710229e-02 -1.051576338481350487e-02 -1.187254051264420227e-03 1.690434191131542658e-03 -6.068676738696279337e-04 -9.074175132923637671e-03 1.205919014330682909e-02 -3.917597744350505805e-03 1.367298415904877155e-02 -4.134276382126961247e-03 -1.010207083968012523e-02 -1.226506796307598457e-02 -9.614353205744143038e-04 -7.009462065755962465e-03 2.220600158361108606e-03 2.393056073341481068e-03 -4.200734729331674828e-04 6.571425620631919651e-03 5.244672736782884405e-03 -2.806710367350532826e-03 5.756117699383281154e-03 -7.731534864471772787e-03 1.157589700125601605e-02 8.471041431583196599e-03 3.170709323085912912e-03 -3.843778642305379842e-03 -2.863215535582054952e-03 -2.994535286496775948e-03 -1.524873249370464973e-03 1.755229921338464800e-03 -2.308040801301172035e-03 -1.480969175860431851e-03 2.728516198765459227e-03 -3.874305655418956284e-03 1.740493693566509909e-04 -1.215623053813403914e-03 3.282135682536118163e-03 4.954904382458370955e-03 3.134641336259304766e-03 1.411743232777067179e-03 -3.588186832142459693e-03 -1.487859007212498190e-03 6.627847098561456818e-03 3.937414017013719618e-03 6.047105640630772924e-03 8.445513806951756046e-04 -3.078069089903402115e-03 6.860711030243740911e-04 9.495388231831665849e-04 3.995724947115765133e-03 -1.050348149109872446e-03 1.762960024317763996e-03 2.321711010695098193e-03 -1.408781255623880145e-03 -5.854127356524004315e-04 -1.050031217490982787e-03 5.363549768543231884e-04 1.172789768540715262e-03 -4.836870339858091380e-03 4.360767424428627428e-03 -1.729979090135810253e-03 -2.047435616682405238e-04 -2.914657862392919848e-03 1.760214881886065872e-03 7.526952531343289845e-04 -3.747051117000720251e-03 -4.035180033851128688e-03 4.862891366179508852e-03 -1.254963994786740611e-03 -2.354171933429943537e-03 -4.261727170947134688e-04 1.017884296412006201e-03 -2.504856806269346176e-03 -2.232209380700969203e-03 9.196563295358271524e-04 -7.005044166048567458e-04 2.923726250532372815e-03 1.601206946984668833e-03 9.092986075458339614e-04 -5.664140366087746072e-04 4.170759521577509926e-03 -1.133401275836611608e-03 -3.658082622331965475e-03 4.374063374391931304e-05 -2.739067766956766303e-03 4.966256885006905923e-03 -4.135719818968256432e-03 -9.353144437154586324e-05
-7.331008364961354162e-02 -8.583204487388833293e-02 1.354795451602830436e-02 -8.993717669711805140e-03 -2.996974591180573150e-03 -4.982652690268408319e-02 -6.618945246537139004e-03 1.629727300214101060e-02 1.527025601570941495e-03 1.023527787318408155e-03 -2.125578697306109051e-03 -1.936000524304576711e-02 6.212757045755580923e-03 4.763760881090188352e-03 -1.812765776969644041e-02 1.127501022571258818e-03 -8.107582882279813774e-03 -3.173703725181299500e-03 -4.156984236779165572e-03 5.678352945066519192e-03 -8.441559308733151412e-03 -3.096729160676421708e-03 1.079325159092931440e-02 6.782772516099432568e-03 7.565803419921537931e-03 -1.259687263859130945e-03 -8.035066896560963921e-04 1.104661295624761270e-03 -5.746770195882162924e-03 2.347755024868585904e-03 -7.164638366747673112e-03 1.027812237910099256e-02 2.079023454639090081e-05 -5.152539222336729140e-03 5.502348354885049087e-03 -4.186665511628516467e-03 -3.410223091135571299e-03 -1.627690973664541350e-03 6.403074519639466791e-03 -4.015025950041923794e-03 1.361417650922262671e-03 2.481337847987007128e-03 -7.198685436512805959e-04 -7.680791157452175177e-04 1.629088850122708881e-03 -7.194541955228800183e-03 1.729684841069673322e-03 5.730445950299443113e-03 -2.249312075063745857e-03 5.123724326951782995e-03 4.134362477569636547e-03 -1.120215660538062541e-03 -5.332337777539030918e-04 -5.270805078224694018e-03 -7.752501000748762347e-04 1.025070515480868815e-03 -3.335892346390133181e-03 -5.238164459042735262e-03 3.468553054840380588e-03 -2.635408281821968648e-03 -3.520431932742275425e-03 5.259728131217740639e-03 8.273650239563777251e-04 3.402159928830607565e-03 -3.665801448585702220e-03 2.462149941974061968e-03 4.235475655505309585e-03 -2.502525856070767028e-03 4.058632590504524136e-03 -4.724167670572547613e-03 1.772053053088399775e-03 1.649394635886976095e-03 2.012232517600933985e-03 -2.379652285114289929e-04 3.595932607715855104e-03 -3.785776171868241130e-04 -1.490193919788862596e-03 2.639703694164171645e-03 5.122369753635143755e-03 -2.926798129057423155e-03 1.274328832584874444e-03 -6.524552618201202988e-04 -3.917031999645525717e-03 1.043763814669966756e-03 3.258691584520503372e-03 -1.131041465246811618e-04 1.040978803526445813e-03 -3.227248189980237974e-03 1.502313170226672514e-03 -4.598567027625266351e-04 -3.149065218822522539e-03 2.521346983240542634e-03 -1.178029487073015309e-03 -2.538587145262720390e-03 7.205406975063768579e-03 -1.067615256007695785e-03 -1.161769201113415848e-03 6.240865648247818226e-03 4.108237078129736014e-03 -6.619851704538757577e-04
-4.899655088048709972e-02 -4.814141079412005003e-02 6.115217455330928392e-02 -3.375587282215658513e-02 2.012914895980326413e-02 -3.220664195982547023e-02 8.711617427013687923e-03 6.033348402805211071e-03 -6.356920968006131911e-04 -3.404414738328114497e-03 -1.793522718865947843e-02 -1.129293984454773523e-03 -8.366063574231846073e-03 -1.269304568623466807e-02 -1.405946955478810587e-02 4.066495975056093858e-03 -1.163252519811448435e-02 -1.110234139692048948e-02 -1.599078739608265562e-02 -2.248648670122953448e-03 -4.897378278127295691e-04 -4.581077731391056465e-03 8.612425363254136781e-03 -5.702381417619591976e-04 -3.295371959291151353e-03 -9.485128575553010909e-06 1.232033271914623022e-02 -2.493964412745619790e-03 8.257821361306032660e-04 -2.575355828971500694e-04 -7.711583133430207140e-03 2.534338637941060610e-02 4.851946318207376457e-03 -2.395853991531006911e-03 -8.539391785124136837e-04 -8.095056163658837997e-03 -6.519454400294355870e-03 -2.621649807146252380e-03 -1.574433741206317217e-04 3.760255796323353395e-04 4.252055978463564715e-06 -4.084727130648076361e-03 -5.995113646080547400e-03 2.184289633662532017e-03 8.115663878663022940e-03 1.732351719301354186e-03 2.078280639112466133e-03 -1.242558533351836164e-03 1.455689924031125081e-03 3.140379612329454936e-03 -1.516018492492944916e-03 1.025866247435732338e-03 -4.203035152525313491e-03 -8.264001299215767817e-05 -3.100029300698965967e-03 -1.994747526408623128e-03 -1.638703679932677253e-03 -3.373508375091663781e-03 6.546298485726683575e-03 2.798575057576452481e-03 -5.005333882196088581e-03 -7.414590353567468038e-04 3.063775378239693824e-03 8.958225702465466003e-04 9.451607742988292742e-04 7.822330670237814798e-05 -1.409765983716904916e-03 -3.577733209801713804e-03 -1.995531069260147138e-03 2.452278891631313497e-03 3.837863571622232139e-03 1.936752383789996365e-05 3.441920737031784350e-03 9.834460892646737940e-04 -6.260065526066620591e-04 1.202845967304070306e-03 9.590378916771143472e-04 -7.260332405283215391e-03 -2.683889055262827367e-03 3.381139270289627938e-03 -3.274590109942356834e-03 -5.254442674277829545e-04 1.149153734181544099e-03 1.914778838259543385e-03 -1.886530614704897421e-03 -1.801958147673241896e-03 1.444492094725606881e-04 8.283815047507050305e-03 1.690741407252388442e-03 1.980188405866614102e-03 -9.348792375623733155e-04 4.408866717743176308e-04 3.699208794109311131e-03 1.600374117971773086e-03 -6.635002788591796985e-04 1.421412534125860664e-03 -1.006013609388609932e-03 7.404206243419737257e-04 -1.586541374477583831e-03 -1.606777419354988874e-03
-4.717542215666339911e-02 -1.728022855702283922e-02 6.638876092951498387e-02 -6.740012368284648003e-02 3.554050686101805148e-03 1.815304666409361077e-03 3.144581154066224127e-02 -8.351592578543322321e-03 1.657695204542709161e-02 -7.357552630200387377e-03 -1.221758114881194013e-02 2.183329665689599450e-02 -2.334617755249829632e-02 -1.223431771183151363e-02 6.643077596285878149e-03 -1.766420530925226951e-04 -7.075302420687243181e-03 -1.392754665213489021e-02 -4.871304035905179783e-03 -2.232643970809258371e-03 -5.241908572248486428e-03 -5.514447711933535140e-03 -5.767436965299527728e-03 -9.033230052410343158e-03 5.116002765727977256e-04 1.899532728786514264e-04 3.912116624962171628e-03 2.805946438241067702e-03 6.484156981076624922e-03 1.506987958098835508e-03 -9.041396112956389189e-03 -2.013287592079415333e-03 -5.327258951523569652e-03 2.179100567699338714e-03 5.914952028191462416e-03 1.139845007144493988e-03 4.257415008889826880e-03 -1.449166609880720900e-04 1.647617517381445721e-03 6.589752989728193868e-04 7.823044774238144001e-04 1.107479487011864185e-03 -9.311769814014086294e-04 -3.941654484894555228e-03 2.664451432166016921e-03 4.381849947408419238e-03 -1.955033021009829845e-03 3.426249182544592858e-03 2.550195444030919998e-03 -7.775123218171566420e-04 6.007017413838429583e-03 6.047450197003767037e-04 -5.797839073331107623e-03 1.838749181813407682e-04 3.291135462507819524e-03 5.165430183409046999e-03 9.534081783129111929e-04 3.890322813645681090e-03 1.098526096285956698e-04 3.893349931036272325e-03 3.295701008988672059e-03 -3.710756262978390750e-03 -7.187075239305992791e-04 -3.173901497866211171e-03 5.442242067973279045e-04 -5.029205320125834829e-03 8.958738407391857823e-04 1.688982263589377435e-03 4.427713645885458620e-03 1.333395811651001532e-04 1.559742098918112229e-03 -1.223697731619448120e-03 1.764781331143588233e-03 5.241780141074894525e-03 4.267036839309775093e-04 5.106149727346526472e-04 -1.020526489346636461e-03 1.290562578005636498e-03 5.961798007617800411e-03 -2.176585775769907926e-03 -1.123963767257700475e-03 1.326189544382529910e-03 -4.262887704478595177e-03 2.729953193232222998e-03 3.966096584370248923e-03 1.261186236530309089e-03 -1.931918223606047874e-03 -2.571558117838658366e-03 -1.390222933753387747e-03 -2.489452513600143389e-03 1.021172777139746964e-03 -8.031896211548399632e-04 9.463108801850653607e-04 -3.725191854127597735e-04 -8.193571405266255421e-04 1.981212732954004772e-03 2.882408521772961141e-03 2.065925807409856995e-03 -1.924560797555831889e-04 3.309519971364599782e-03
-3.779761502788219624e-02 6.160871327823462876e-03 7.727608064069151073e-02 -7.095013258864318884e-02 5.142798115889279584e-03 2.269703023985586432e-02 3.673467962587587121e-02 -2.369540411654939838e-02 1.501317415782229235e-02 4.489287997492369744e-03 -9.924654715470070110e-03 8.412279416763267931e-03 -1.801314668199797617e-02 -1.013664218461525317e-02 5.320368014627509939e-03 -1.087356302863223476e-02 -1.345730306946528627e-02 -3.531205422754056847e-04 -3.232206490020783987e-03 4.999869172465547587e-03 -3.483606497713145206e-03 1.200671955874349018e-03 2.350732342027483717e-04 -4.957226072606584280e-03 4.997995000201087279e-03 -6.843717065093529988e-04 -3.944264465000161266e-04 1.674813270372145068e-03 4.192587621358029489e-03 4.511390340987822610e-04 -6.503204076436344509e-03 3.183989475956095199e-03 -6.246178713791484920e-03 9.781739761227840543e-03 -2.803588158519416430e-03 -9.320291931772436630e-03 4.359214022523800677e-03 2.725454148044067874e-03 1.922728515162807662e-03 3.131124328934989267e-04 -5.914241079942005042e-04 -4.792717812603515017e-03 -3.049623552390207798e-03 -1.906955335276032306e-03 1.519447488823025185e-04 2.802017579935283352e-03 -2.479764383254455702e-03 2.908486019630326502e-03 2.724180619692281521e-03 9.712247460751761638e-04 2.552886019355394762e-03 -1.384542308080468579e-03 -3.219124033089993710e-03 -6.974077027704013746e-04 1.112434199559948029e-03 4.916801690025464225e-04 -2.631511199077751686e-03 2.587291978631772542e-04 -6.412983299914526729e-04 1.267587626470001666e-03 8.999444723107768648e-03 -2.471018220996389764e-03 -1.071267854283719165e-03 -9.236927043021518017e-04 -1.055529847193659122e-04 -4.939311808521765212e-04 3.307856109905978493e-03 -6.106046177906688903e-03 2.075902918635859351e-03 5.862059547942050867e-04 -4.935408691992630367e-03 -1.876925034879999054e-03 2.339004416127983630e-03 2.620870604539670030e-03 -3.452649798618926975e-03 -8.594183367529736276e-04 -2.163277999778104831e-03 2.070708537844869000e-03 -5.829621617837927629e-04 1.402137108722972380e-03 2.113921176738645363e-03 -9.314697716633194610e-05 -2.484065683506834609e-03 1.355129275657592728e-03 7.140150072038923493e-04 -2.562897238055725444e-05 -4.763443266676355061e-04 1.689248656948624805e-03 -7.363196950661185861e-03 -3.283824221347682770e-04 -9.708479342191616082e-04 -8.617504039241984451e-05 -1.128181264432457720e-03 6.277523292621673117e-04 -1.386021138257252303e-03 -8.409785150516296392e-04 -1.012260802831646284e-03 -2.842070237539027436e-03 3.600096811197657336e-03 6.159025025808031323e-03
-6.908336287949119747e-02 -4.913979626910174557e-03 4.511753151037376647e-02 -5.202986936949363650e-02 -3.579924563434802587e-02 -5.865272816055766732e-03 2.549821526097493032e-02 -2.936019903175938334e-02 -1.459488899016384705e-02 5.646020498809226421e-03 5.347910246898054942e-03 1.983598089341489547e-03 7.545492984125779130e-03 -1.083884354946263243e-02 -9.244447115619374572e-03 1.974664942384024222e-03 -5.844852676121586009e-03 3.724849135951282262e-04 1.646567720571431165e-02 -1.124065737486288664e-02 1.414744793894533691e-02 4.455358984435448498e-03 -7.094225587169805843e-04 -6.442036796237993884e-04 2.756590201965692169e-03 -1.309087722574414289e-02 4.997577344531256831e-04 -1.771715478961224510e-03 -3.416945711782849466e-03 2.276451740098138238e-03 5.422648743404257822e-03 -7.025504012357533523e-03 -8.693710161344158195e-04 -1.064511110417114097e-02 6.861892027580201656e-03 2.674011287221347410e-03 -3.977127263678582880e-03 2.555414321288081853e-03 -5.089828166156209902e-04 -4.450947421471678107e-03 -5.255442559486911370e-04 -6.955104516742820556e-04 4.435411412120278223e-03 -8.436830535976884817e-04 -2.905337749184513929e-03 -7.356660443575584359e-03 4.897815047716904020e-03 1.902290137395822641e-03 -5.021575598235595086e-03 -3.920096460026675257e-03 -1.709069045410442243e-03 9.133467369848985570e-04 3.574351371766701108e-03 7.201701453881546519e-04 -2.891519147063718789e-03 -2.718857380171151375e-03 5.900715545853188124e-03 4.277409419244111027e-03 2.136655840015292730e-04 3.475006131023982998e-03 -3.752809198901010425e-03 -6.082647331104250842e-03 3.575569012600669002e-03 -4.953929301692274606e-03 4.124180496390485867e-03 1.329711782044778025e-03 -1.204477563880281248e-03 1.162242852717431133e-03 7.765620391048667611e-04 -3.845786191854586597e-04 3.630916469103523912e-03 1.831804905586729764e-03 1.971701104714287337e-03 -4.988358532087290055e-03 -4.068741796802989542e-05 6.108665727512463568e-03 2.475181196037183791e-04 -9.640776802278566053e-04 1.121885255859092576e-04 5.173563836761587049e-03 -4.421419055789818729e-04 -4.696754136662902382e-03 -5.326729501767327006e-03 -1.317868268666659917e-03 4.967676498217477553e-03 -5.416977871762127233e-05 3.652685468043429234e-03 -1.517401885566148443e-03 -4.297944308012969887e-03 5.409999901542919066e-04 -3.164875107179332837e-03 2.052289229518835037e-03 -1.524571822319669779e-03 3.929017509337555565e-03 6.322117237811357773e-03 -1.743087111684312341e-03 2.183206836085650835e-03 2.350160162004903046e-04 2.912220343543581256e-03 1.513355017453519615e-03
-5.274482594717239126e-02 5.453572133421341617e-02 6.013984561429798481e-02 -4.814214373578080269e-02 -1.528025821396172303e-02 2.268756701775558743e-02 2.831289870137945752e-02 -4.038857851884059685e-02 -5.522242650359043652e-03 1.622668558386190785e-02 3.204319893708394359e-03 -8.318881261412253147e-03 4.047788776390896098e-03 -4.918414606692972195e-03 -4.647997845399256742e-03 -1.063676544539972867e-02 -8.856833697625087626e-03 1.186367453764581963e-02 1.080583586198868504e-02 5.119255725152664117e-03 8.744366845562887014e-03 1.145604204972734859e-02 4.005443358588609351e-03 -2.814411489981874688e-03 9.221512130103477756e-03 -1.047482661563328178e-02 -3.055060629126767242e-03 -3.883694204514996987e-03 -1.289740199105073731e-03 4.350047046053830135e-03 4.639291045505002792e-03 -3.127056540827219833e-03 -4.517680667654115634e-03 3.190959577488572743e-03 -3.042059926519441958e-04 -4.902617760045461202e-03 -2.753039343815637946e-03 8.039995103594009540e-03 -2.980363981601232351e-03 -1.033934921934791555e-03 1.642632801212015560e-03 -5.094756002762544297e-03 7.613335858754808304e-03 2.905466589043465692e-03 -4.065042512206185499e-04 1.722308135548809025e-03 -3.276799116022782038e-03 2.815058275857608948e-03 -3.347115947187967715e-03 -1.233351752231631304e-03 -4.322638880046176732e-03 -9.363113167873982350e-05 6.054519069644737420e-03 1.472616999430655148e-03 -4.522147256606260887e-04 -2.638199944807027679e-03 -3.796705316138470048e-03 -1.061316063803726274e-03 1.682574226845676190e-03 -3.501435201098065941e-03 -6.430169210541875936e-03 4.768735025546952215e-03 1.219356925201075040e-03 2.732335171467439872e-03 -6.764122013087574443e-03 3.975899589706653053e-03 1.528195572975869212e-03 -1.222347269623456521e-03 4.625027505085167138e-04 1.681630030440095687e-03 1.126708791405782841e-03 4.681739624961493013e-03 1.808189127818424008e-03 2.482049359075657723e-03 5.803746527673420835e-03 -2.201751824906739326e-03 3.845499408141773035e-03 -1.791305921240980616e-03 -2.905609825969992458e-03 -5.255307237950464314e-04 -2.586196676604770282e-03 2.666757415296603598e-03 4.955040822659790081e-03 3.460766432641201179e-03 -2.416241087989079959e-03 -2.448860646999777291e-03 -2.855603397725644914e-03 3.560469245857683738e-03 -2.024945725371027783e-03 -1.170765834708448454e-03 7.102290170934705662e-04 -2.338545725816146368e-03 4.905593639734128278e-03 -5.995649633436287801e-05 2.878175719928401902e-04 1.089640654389152467e-03 9.803698730531419658e-04 -1.683300044911058366e-03 -9.789252766152045475e-04 1.918111700477829942e-03
-5.690649840172848362e-02 3.907696713494530905e-02 5.386590364419993615e-02 -5.755255393804345476e-02 -1.655178212760707521e-02 9.111555221440874666e-03 3.609177479736728339e-02 -3.832426459783702666e-02 6.188740513656026433e-03 1.790209315355017344e-02 1.192964405659152627e-02 -2.622445340567676648e-03 -8.689973393649453454e-03 -7.539460404093391993e-03 -6.479805612613104282e-03 -7.199340729905098421e-03 -8.705386297390860922e-03 -2.257577882463085439e-03 1.238258200969776825e-02 -2.288445469119757426e-03 1.470782026281780563e-02 6.885383103721318988e-03 -1.708775742682715508e-03 -9.144162724939092213e-03 7.165599049816567465e-03 -1.220184055246622580e-02 3.253176686476089499e-04 -3.548531845003583766e-03 -7.340414714671599644e-04 6.883918487757183756e-03 1.412066577705187523e-03 -4.822447993081722430e-03 -5.520653608926448692e-03 2.036121892271017166e-03 6.362170223916368411e-03 -3.742256577431698171e-03 5.083995056399742522e-03 1.979875666407557907e-03 1.154097226436609242e-03 -4.336387165990379135e-03 1.362425114293986609e-03 -4.868267570419791170e-03 6.309892351278743178e-03 4.950492159835029023e-04 -2.601243080510004524e-03 -1.495855253309470115e-03 -1.698250163769747436e-03 2.717050607819367254e-03 8.440755406555653598e-04 2.956149710965010427e-04 2.467500972193465564e-03 1.218991939852958261e-03 1.285834678540596345e-03 1.445023956975411816e-03 2.783124726479517270e-03 -3.078318777271956460e-03 2.230530405336636317e-03 5.477148899741276535e-03 -9.341286032419080301e-04 -1.890130876102035385e-03 -5.039145734106356515e-03 3.324870432972475316e-03 -5.321023887935540445e-03 -1.284562943257208179e-03 -2.999482057761792241e-03 -4.667296722233717741e-03 5.168465303239235496e-03 -1.665465152648600228e-03 6.923591000693233004e-04 -2.313561880970236868e-03 -6.268557402247452700e-04 1.264203094610064125e-03 2.319807132414094565e-03 -2.850207411530871447e-03 1.015517122382789302e-03 6.600076466347433619e-04 -8.167320859698809802e-04 -5.803372808831893173e-03 1.388575362197946297e-03 -1.828514335733095889e-03 1.606906073273460826e-03 4.514479251865109559e-03 4.166333951272562820e-03 -9.379728860537679246e-04 1.389256787234370528e-03 3.444890226040785847e-03 -1.185302837656817014e-03 -1.858705705891659354e-03 4.045094600470062508e-03 -8.925412202217564443e-05 1.451146878716296287e-03 1.409726544822030299e-04 -2.578106854227523066e-03 -2.271103160711362631e-03 -1.229909224117726064e-03 1.549457903947839719e-03 -2.771721939494673024e-03 -5.626242604866444740e-04 1.114491462304773679e-03 -3.396074692901505064e-03
-3.553953286183058474e-02 1.947414312718850557e-02 8.777146367993510223e-02 -6.084434165672723827e-02 -1.111985028723085946e-02 3.723262524814474617e-02 2.423348250590119657e-02 -3.223684766812815600e-02 1.021587235026822672e-03 1.151351093662569131e-02 -6.857249519916237823e-03 -7.979302006699457578e-03 -2.618590278464616884e-03 -2.802519133022803987e-03 4.393367878759198673e-03 -1.665664923070269213e-02 -8.598007852283939129e-03 1.421378812982263852e-02 2.419908901982301477e-03 1.247385186944042525e-02 -3.698592694428829656e-03 5.482513565972548832e-03 1.438029696438710911e-03 -4.741109596761506392e-04 5.875591422482926568e-03 3.153553859089430040e-04 -2.519870546822043818e-03 8.567112592650829445e-04 -9.023722564271166547e-04 -2.093695285322737677e-03 2.789312876914252376e-05 1.679654641365810547e-03 -9.177820687086337423e-04 6.626276355270666572e-03 -5.695080573690227202e-03 -2.875783903868823349e-03 2.625693613158394408e-03 -1.735620122709003767e-03 3.433081542461565404e-03 -5.192635118626203828e-04 1.727156303813792140e-03 2.542185073554561071e-03 -1.973827989989373078e-03 -9.292107297723934236e-04 -2.291455126468329266e-03 -3.002912372590406387e-03 -2.277437850911387786e-04 -2.126328425054794125e-03 3.325421948066472830e-04 -1.176796336129363519e-04 2.702233848568264332e-03 -1.627322989160008299e-03 -4.468662780380493714e-03 -5.161808630775681622e-04 5.682283393974627657e-04 6.014286898407785647e-04 -5.972149801384819129e-03 -1.792270367347122010e-03 -9.874262465107449920e-04 -6.132109563442116919e-03 5.589842761025862368e-03 -1.277023898667584102e-03 -2.203897736122403285e-03 2.114941130991576917e-03 1.398269218764719283e-04 -4.357997638608889467e-03 1.895723683133818810e-03 -2.160657983036390860e-03 1.229421758682969820e-03 -2.219521897569729819e-03 -1.071696606461837150e-03 -2.419834253811138387e-03 -1.079483722846483413e-03 3.398236656337857986e-03 -3.613981844837410584e-03 2.921727987292053823e-04 1.858556835364962240e-03 4.758208126078355103e-03 -1.914370948911537490e-04 1.264334137052387005e-03 -2.456066351133252054e-03 1.585314488761841540e-03 -3.049893988072029712e-03 -3.453652983762142692e-03 -2.700911320468569066e-03 -1.593277645783945781e-03 3.478509919355929781e-03 -1.758440804859716204e-03 1.412315193121890583e-03 2.716710058019948873e-03 1.354969078785918032e-03 1.294731453935450780e-03 -3.352922789307289926e-04 6.068506892234490704e-03 -2.017491398871574767e-04 -1.798739138373666195e-03 -5.816380135074674870e-04 1.497819279103939673e-03 1.457791757967958094e-04 -3.482067875612778612e-03
-9.508225585267356117e-02 -1.001356467955393792e-01 -4.077188476684261154e-02 -1.196727073280201732e-02 -7.909604355715639523e-02 -2.894262160565901423e-02 -1.063777215717782087e-03 6.308633123602578816e-03 -1.476468198669029239e-03 4.024200113693217513e-03 5.137070008554703478e-03 -1.822894872895392069e-03 5.141032862514506238e-04 5.228641423980243293e-03 1.825179578023980367e-03 -5.621417447378885754e-03 -1.084394415287126328e-03 6.918722285357355346e-03 4.890193929199834408e-03 -3.342419191138276766e-03 1.518139236370343818e-03 -2.848382209505563936e-03 -4.073104176590508843e-03 -1.192697779833696711e-05 -2.624648409220216565e-03 3.148056459006975429e-03 6.312993191160891186e-04 1.705880862787363802e-03 2.409972792082252461e-03 -5.079608039401735560e-03 -1.348587297129510065e-03 -4.159565649994301055e-03 -1.760234755400151346e-03 -9.960361462848274072e-04 3.855343619194957143e-04 -2.851266890733642097e-03 -1.326922303336767073e-03 -2.877214745225768365e-04 -1.005653557401768637e-03 -1.940006928206449615e-03 -2.356809298825155666e-03 2.034665051120292632e-04 -1.117507265957628105e-03 7.295899177518193075e-04 -8.072405105696940295e-04 -3.873835536494195375e-03 -2.594615175376296587e-03 4.909896715910004204e-04 2.634702539160680562e-03 -1.497939241397479911e-03 -8.107544366494243105e-04 6.456559316623219132e-04 9.883641335323332337e-04 -6.154363211206664288e-04 1.297548649069777619e-04 2.354865554799184281e-03 5.291292523429295741e-04 -4.101965458809941488e-04 7.233073336789689689e-04 -1.420846452143329853e-03 3.708478466994283382e-03 -2.010088033632744312e-03 2.041254816835188189e-03 -1.542948328196044492e-03 1.015813440129690465e-03 -1.295516804539238427e-03 -1.801155612862133252e-03 8.572468366845949640e-04 -1.882071484765407855e-03 4.287539263093117863e-04 -9.015263046007136174e-04 -1.271841417288931174e-03 1.135578345095631476e-03 3.021619248507382253e-05 -1.450825195869135569e-03 3.582632666989391326e-04 -4.930726757977317923e-04 3.644731352576728784e-04 -3.250276128481467187e-04 -1.288852158586426596e-03 -2.734413246007287666e-03 1.439290718660965560e-03 3.324494815017961426e-03 1.243286324525841118e-04 -1.389733535743620024e-03 7.928922337047879004e-05 1.642134907297778095e-03 2.009024546256058062e-03 -1.156181131211171101e-03 -1.223116176890740557e-03 -5.612933234410269262e-04 -2.120184252902569764e-03 6.898246856872154633e-04 5.252427788857488497e-04 8.270351155765924035e-04 -1.002713909341188848e-03 1.308158904043967312e-03 1.585781397041295703e-04 -4.919995396442616940e-04 7.369421565121816661e-04
-8.785203836259714016e-02 -8.784905773607794288e-02 -8.479967776532761417e-03 -2.880454832403284149e-02 -6.464044436869183230e-02 -3.669330796304479808e-02 1.652893507102824039e-03 2.334463122523386565e-03 -9.310234539293143693e-03 -3.275551218553987218e-03 6.528240790658178076e-03 -4.259188126367091827e-03 -1.205640413141103803e-03 -3.834200108843467073e-03 -1.508748246398945378e-03 -3.051555098997691187e-03 -5.595821483062163575e-04 -2.060242803560257286e-03 9.609161460279319611e-03 -9.427639172226087369e-03 7.607475443887185516e-03 -5.322299049943393125e-03 -4.006207054251709372e-03 2.675598949372483791e-03 -3.969823818137451811e-03 -7.035806812014344354e-04 1.268094327232074329e-03 4.496963473468023990e-03 -2.768225410779494647e-03 -3.333088360050258381e-03 4.162406233688150867e-03 -5.586876928867555957e-03 2.687776743037414377e-03 -9.731475072684190111e-03 3.061701602281273037e-03 6.455009292324637854e-04 -3.478218819045386569e-03 -4.560897805692202579e-03 -3.170386133012392305e-04 -6.244131253335982387e-03 -4.091966021686821442e-03 5.001763970121820765e-03 -3.233956780582900471e-03 -5.052066988207685192e-04 6.087093199886924738e-04 -7.344393644683884677e-03 3.127668959824592750e-03 -3.390950824318247989e-04 -8.036496592529091291e-04 1.857040570736743579e-03 -1.342033937528522335e-03 6.046122898796719471e-04 -3.846512158471365110e-04 -7.766506996570376412e-04 4.561872524852788745e-04 -1.282603808590324470e-03 2.357563952785362779e-03 -5.631767205336420806e-03 8.559877603835863117e-05 -2.634814374844664936e-03 4.334025392219028987e-03 -1.531244867899401833e-03 -5.434880659197372909e-04 1.066432280701345818e-03 2.860695751593778438e-03 2.032511499546442381e-04 1.667911273032055735e-03 -1.012126069835494286e-03 -8.029813730018003741e-05 -3.090177128862230289e-03 -2.058545814535251046e-03 1.039938979638415544e-03 4.043695358302251512e-04 1.824815232467278748e-03 -1.261401969815188978e-03 -1.451898197170457556e-03 3.272152812255688884e-03 2.621463069331474247e-03 3.628262385168598667e-04 -2.373851924386074803e-03 -2.401825363820165194e-03 7.834732134724910115e-04 1.559046118284077649e-04 1.517751775440805010e-03 -5.073969888676198824e-03 -6.626467401081842902e-04 -1.551324710667090689e-03 3.367471634296436041e-03 -2.642251304865552049e-03 -1.026134674735258712e-03 -1.146638710521160958e-03 7.103595859455845397e-05 8.690633005802392980e-04 -9.532247583919609048e-04 -3.439340533557331495e-03 6.710358256445641666e-04 2.612504548940287191e-03 -1.431121870309153563e-03 -3.337735002984398413e-03 1.375626282024041292e-03
-9.620454900107588969e-02 -9.160633403365096850e-02 -4.573490062339889695e-02 -5.574455415765465320e-03 -7.288110204006031934e-02 -3.015096596853478542e-02 -2.998797287120783840e-03 1.415383312223522129e-02 5.172156292843721297e-03 5.931292606073527637e-03 1.507796067843006869e-03 -4.686957889535139400e-04 -8.599006611905771463e-04 8.940790272857865317e-03 -1.721894883032708658e-03 -1.731474367246925352e-03 1.877450390757627336e-03 1.025057838280048726e-02 5.979710223159801028e-04 7.205092387793410845e-03 -4.119110930315842203e-03 -1.104300489695988086e-03 -3.235594342599627110e-03 1.292946891979452001e-03 -1.670586363971975769e-03 6.495007276519454593e-03 -3.259620754966562322e-03 2.472219365455344264e-04 2.865788906663038239e-03 -4.216711956783013651e-03 -2.870590534265284911e-03 -1.617784000254893911e-03 -4.129563501086916041e-03 5.978871355631853145e-03 -4.349884500637471625e-03 -7.150581485009319636e-03 -6.218801072978308872e-04 1.672268046925155143e-03 -5.477624974562960228e-04 5.928474636277793674e-04 -1.289287617211062171e-04 -2.939425080300835710e-03 -9.134650231083348221e-04 1.444240806842905052e-03 -5.569491388710476332e-03 3.823369708225562904e-03 -2.567606249093401342e-03 3.535659634901934870e-03 -1.400569727106929462e-04 -1.942708917581954884e-03 8.998874026642222088e-04 -9.593122862798233400e-04 -2.520631792968264725e-05 1.099522622349782082e-03 -1.194890441802460386e-03 6.805684686237363805e-04 -1.581093138526281370e-03 3.403093839172759757e-03 1.272752854358943225e-03 1.125391014991133009e-03 -3.696261633652551167e-03 -1.148993013157288906e-03 6.315093097869686886e-04 -2.774146559697405947e-03 7.960158061200521811e-04 -1.570479033187318404e-03 1.173976344484533560e-04 5.382948611507940451e-04 -3.308002865013775985e-04 8.401171119079001897e-04 -1.608187486156523530e-03 -1.747447436632868379e-03 -1.115411193708680786e-03 -5.161313567140634207e-05 -1.132937019704488135e-03 1.780823156020856345e-03 -1.400366949680199608e-03 -6.343058432785690474e-03 5.869357852733378010e-04 1.128054597814542523e-03 -1.035241437567577119e-03 -1.354602297731808715e-03 4.977045074173739236e-04 1.487966051799995788e-03 -1.322442006108634710e-03 -1.194593591258382077e-04 1.376548884170560342e-03 -1.806099603291195241e-03 8.066967777559343113e-05 -1.173960081414829239e-03 1.655421193603446662e-03 -3.213643293468096797e-04 -7.207993662378310183e-04 1.473214383966657114e-04 -8.029084174023236060e-04 -6.341362273410473425e-04 -1.113787602442699223e-03 2.415858191863914841e-03 -1.357032812533883262e-03 9.730882218001128540e-05
-9.417895189111206988e-02 -9.151678249683634081e-02 -3.041361201188571423e-02 -1.560319501892907731e-02 -7.435889970448238129e-02 -3.510397766223161825e-02 1.003394252536503979e-03 8.784054767812157077e-03 -5.748060427989760317e-04 4.421313389145863602e-03 2.983297569158271500e-03 -3.247918487315456463e-03 -8.762844588865146851e-04 5.216852813350358539e-03 -4.989916101485030939e-03 -3.358465010408111153e-03 -1.341997748382673262e-03 6.322279428614540654e-03 7.976500653492724427e-03 1.286249833966246481e-03 1.542326023435523601e-03 -3.457072584346825104e-03 -2.312709298140028756e-03 -6.011590198943728060e-04 5.232431244666015807e-04 1.633845777225347322e-03 1.502648519571338518e-03 1.121022060976540387e-03 -1.387019281381708050e-03 -1.818637765033731361e-03 -2.790666256820227651e-03 2.749235327355060206e-03 6.577113841868136067e-04 -3.817041448959414100e-03 5.096881821797951025e-03 -2.540534542009652980e-03 -1.649019171478651857e-03 -2.937690391493621989e-03 1.803759859921642839e-03 1.154138508696823462e-03 -9.575949891526874726e-04 7.697645758933838005e-04 -9.066054760304704651e-04 6.971721424080724481e-04 2.593985800293561930e-03 -2.423572278334801093e-03 -7.373984445524773255e-05 -1.379883611327472736e-03 1.006006384411276509e-03 1.653658798201614738e-03 -8.290579142435234303e-05 -2.008763096478210076e-04 2.821956360482832851e-03 -1.535761714818895552e-03 -9.614890193730017340e-04 2.811905810849546321e-04 2.520499366474247480e-03 -2.542472815872044451e-03 -6.991089727595264014e-04 -1.097429773274990073e-04 2.980041181253157995e-03 -4.582055950823001088e-04 1.753437068979321221e-03 1.397418858890596329e-03 1.156708655256782209e-03 1.440917738599565732e-03 -1.869911511142215285e-03 1.622053366482036595e-03 -2.236779926039238718e-03 -2.723859123819288072e-03 -9.051530852526922877e-04 4.960859524746087917e-04 5.080625264281226532e-04 -2.390310629543754024e-03 1.885641638745790384e-03 -1.181886393405782824e-03 1.721912609911187882e-03 4.609463222841308182e-03 -1.793444987687863729e-03 -2.288406749283745933e-03 1.966398006777714518e-03 1.022054370820886255e-03 2.103721229594444388e-03 -3.433229623487796863e-03 2.927428934531154433e-04 1.507030708160488064e-03 -4.068002339766292716e-05 1.179835234216724990e-04 -2.661288760065103672e-03 -2.951917412933996107e-03 4.084925991981558195e-04 -6.506242099093224917e-04 2.991475774438150711e-03 1.189397613825679762e-03 9.203610977116923270e-04 -1.272732118930271607e-03 2.765461522869497139e-03 -3.570415729679186391e-03 4.950911649432221872e-04 5.603620768046402431e-04
-9.135431148126905987e-02 -9.888415769910668951e-02 -3.440176603144769890e-02 -1.535197817531712590e-02 -6.031514572055837742e-02 -3.770545263283563153e-02 -1.479060962460475607e-03 9.061078087238189083e-03 3.339987306308016268e-03 -1.454535561126111144e-03 9.269906396940147050e-03 4.598228485547022071e-03 -6.080908898238228041e-03 6.976851022175899197e-03 2.410733578432535783e-03 -6.245744847945454425e-03 8.251825434187187031e-04 5.631791079504487769e-03 1.471196975060896309e-03 6.885689960624030367e-03 3.534807686759693871e-03 -1.839390662408382478e-03 -4.826025667531773193e-03 -6.343388074372179573e-03 -1.101671036544134502e-03 3.387154844669923708e-03 3.216091073462456085e-03 3.138184153556612763e-03 -6.847525079179867555e-05 -2.561169039144880447e-04 1.623868605491409281e-03 6.954612312277275860e-03 4.130041545817968174e-03 -1.765948834645353739e-03 1.778760917593953618e-03 -1.414094322958684606e-03 -4.562564288644411830e-04 -5.238875873264233103e-03 2.582919169820286666e-03 1.650718914429790372e-03 9.693155575310167952e-04 -1.652023117125647514e-05 3.277176901031766910e-04 1.191437103282256497e-03 6.074464393782223748e-03 6.549009638446357581e-04 -6.308009833619309921e-04 -3.706086555430359621e-03 -1.343854581012051850e-03 2.215522284278748696e-03 -9.380009196222862311e-04 -1.718630455795880927e-03 5.249455056665471020e-03 -1.749523205409138273e-03 1.297229631649740762e-03 3.420781469891664441e-04 -1.958975744467186635e-03 -1.638711784489200107e-03 -1.587469324828542526e-03 -1.513218336500117035e-03 3.781059411239070384e-03 3.362773051082736022e-03 -3.224313104028013119e-04 3.152044400311890086e-03 -3.243632932693679867e-03 2.198507201481686522e-03 -6.079394564338474723e-04 1.366892374676944612e-03 1.075966637536942107e-03 -1.803844587648091189e-03 -1.575022273958879377e-03 1.570096932338269731e-03 8.553747595639876614e-04 -7.801275639783286989e-04 3.330286785388669474e-03 -4.298320271573446787e-04 2.000996211967500087e-03 5.369383510537506510e-03 -3.686165732555514007e-03 -1.428428794614980402e-03 3.341736809517216814e-03 1.605269930970042039e-03 1.576146183373500469e-03 -3.666848454189314092e-03 3.196559329205399778e-03 2.163908704975217503e-03 -4.067896893177562825e-03 -1.773039249801001407e-03 -5.732729637890870137e-05 -1.783805279517247403e-05 2.455911530931580676e-03 2.374791063961738044e-03 2.204141582201387100e-03 -2.004188829287354182e-04 8.832695523122291849e-05 -6.127702814066941740e-04 1.432314421366717684e-04 -3.090487249157921994e-03 -5.294091452791655416e-04 4.553811924635838980e-04
-8.143794240990394340e-02 -8.751972688604255091e-02 2.783515930956075978e-03 -1.546049816678012057e-02 -3.770010660657075602e-02 -3.364816233857387956e-02 -1.057275726645559924e-02 7.889685571756777788e-03 -1.037887626739818561e-02 -3.902262469466418523e-03 3.018732561569102951e-03 -2.553287046979157635e-02 7.659828807384968380e-03 -1.362929474840735662e-03 -5.185641319261243692e-03 7.403996177560964774e-04 -3.430743161245194267e-03 -6.001576549178779495e-03 7.193509017016961682e-04 -7.825148961559197369e-03 -9.251223110268448277e-03 -1.090434955047283293e-02 4.228184544139769983e-03 1.486225842687632047e-02 1.788368485966442900e-03 4.698771360261338147e-03 -9.016824465139235828e-03 6.275706862578286395e-03 -3.227137099636721330e-03 -1.449569352634119115e-03 -3.970451607688766336e-03 -7.781738342517997321e-03 -5.016678796794890594e-03 2.754261238435079442e-03 -4.310591778818039475e-03 -4.057915837182330017e-03 -6.592233961962213522e-04 -9.984364076626303305e-04 3.766788553072624671e-03 -6.362312755442465703e-03 -5.575185865448878224e-03 -1.376515122353436007e-03 -1.593598458734097039e-03 1.146120610116695485e-03 -8.035835293952303107e-04 -2.350972837159789192e-03 1.250130162634949249e-03 8.394170122195879560e-03 -2.698233267636713541e-03 1.915688466682186194e-03 2.023477530081476631e-03 -2.765050556155454822e-03 9.790259828039535751e-04 -1.054339369183883175e-03 4.689492718967635393e-03 5.793852817453302474e-03 4.932453185320821243e-04 1.480711727271644389e-04 -9.484225372028617105e-04 -3.024339107409511427e-03 -3.305069499281792882e-03 4.827803086390927700e-03 9.524553119973465246e-04 1.691911861506009479e-03 -6.605493449374531334e-04 -3.313270209853609420e-03 1.160292125350802922e-03 -7.019325009863100007e-04 5.183525306934833911e-03 -1.166299867054805539e-03 -3.288624011037210616e-03 7.139877281505287165e-03 -3.686473948287108567e-03 -2.738147090159187414e-05 -2.756950753367749026e-03 9.455175503164782533e-04 5.030046132632541274e-04 3.489091733502434293e-03 3.632803072440257339e-03 -2.012621918629180565e-03 5.790398594707200274e-05 4.472653587902639051e-04 -2.071515796635814075e-03 3.161052435235876985e-03 -1.808512239626583300e-03 -2.679627517394366030e-03 2.255893781339481097e-03 4.045882077487030458e-03 -1.032321825714056481e-03 2.029047013105549167e-03 -2.745901283335303814e-03 2.828095257880337832e-03 -2.326025638484820798e-03 -2.739525427326607292e-03 -2.329585264048352530e-03 -1.566525110773686266e-03 2.127733596778322214e-03 -3.641873489268467219e-03 -9.142993597819465672e-04 -2.854883669965335605e-04
-6.225450260411673903e-02 -7.167658558611303410e-02 -1.809915429769302572e-02 -1.448333161226992953e-02 -9.873608723291354191e-04 -1.673646687407757223e-03 1.952659213717003114e-03 1.315343068698929946e-02 8.760460826143732713e-03 -3.841261311806348430e-03 -1.021662718693429166e-02 2.379058274874200699e-02 -6.871024728344323970e-03 1.256011814706400366e-02 -3.486173753232422144e-03 7.534622989559426739e-05 2.646290698661050295e-02 -1.474324263440853627e-02 6.230367766553324832e-04 1.071762007666752408e-03 3.775743089555267957e-03 2.653379971378131211e-02 1.513211857247868768e-02 1.697174514143456187e-02 7.860447378917747446e-03 -1.234281801937671397e-02 8.131085697020062897e-03 -2.748317112543531039e-03 -9.123016213638902860e-03 -3.939603099879762302e-03 5.348107684813394741e-03 -2.284448269849660533e-03 -4.200884458199436941e-03 1.425788820771562142e-03 -4.694984216143162532e-03 2.796455551158484078e-03 2.967724807672001905e-03 2.561048964601727717e-03 2.670793958810827474e-03 3.564985069977752875e-03 -2.153318001388574571e-03 1.999914120140823710e-03 -2.768966375290662571e-03 -2.409299089069845846e-03 2.025699649713507983e-03 7.004867495274529629e-04 4.816961274007546499e-03 -8.833196479869219638e-04 -1.311174081453264726e-03 -1.967095761755788957e-03 1.414795901644884347e-03 -1.642711259624484712e-03 -3.697854861973061055e-03 7.243803634858578949e-04 -7.398828982143436980e-04 1.517831833527553487e-03 1.639220437279079959e-03 -1.133443689139899697e-03 -1.265249354824352383e-03 -3.923301727776215726e-03 -6.314843645068176064e-05 -1.878588641680157623e-03 4.089261305901635037e-03 -3.700202299935980224e-03 1.656522041635492912e-03 -1.269278052841816195e-03 1.463707310089652812e-03 -1.044092020311242642e-03 -2.693470700900064008e-03 1.123106354295901228e-03 -3.501054410297088377e-03 1.973108667770801655e-03 -1.094418206451421493e-03 -2.248942968247283434e-03 -1.905702412987458905e-03 -8.296222738205721392e-04 -2.514274053419734718e-03 -1.347129483222962157e-03 6.966270438373237985e-03 -5.671818906540943570e-04 -7.732389521033211904e-04 2.883986920356769370e-03 3.252027163511660591e-03 -2.747707487368440150e-03 -9.784111405081370207e-04 8.114739417260464832e-04 4.461617573250072598e-03 8.199008595658514517e-03 -2.682903459007757955e-03 -4.907551601078892402e-04 -4.525504113741912987e-04 -4.571684094004027123e-03 -1.672986543510981505e-04 9.655050797420213285e-04 -2.046673066163348393e-03 -2.793708759858423360e-03 5.637734941966767973e-04 -8.281540176779205419e-04 2.963754742846299098e-03 -4.584160353626426203e-03
-3.512840877910124171e-02 -3.715320705979302529e-02 1.243000266580533870e-02 -1.427700668176594585e-02 -1.547638894187101585e-02 1.396644248552509487e-02 -3.103218069573272526e-04 3.427934656762717663e-02 -9.458500752018214955e-03 -8.476106331588874592e-04 -7.747464907676077442e-03 1.135673155312877033e-02 7.423098689578893922e-04 7.521714910195645941e-03 -1.832617710104653824e-03 -3.697274743127574627e-03 2.317002347175900825e-02 -1.586187569497612276e-02 -5.034886524430328726e-03 -7.946202512486040884e-03 7.912854531607494551e-03 2.925769353810163745e-02 1.606937023026678776e-02 2.267119476596073796e-02 3.725859888785060942e-03 -7.915824619890217406e-03 9.321431924307600758e-03 -4.054221485844845471e-03 -4.265995402233091309e-03 -7.347845606569409702e-03 -5.028854328463173463e-03 -4.153552112438312592e-03 -7.606410282677550719e-03 -4.767276762953760912e-03 1.043816328478166210e-02 -6.447520641784461500e-03 7.008030973957669885e-03 -2.484503942931429871e-03 2.179018411440024425e-03 1.892619227322658642e-03 -6.378257541564289965e-03 2.478444404487580369e-03 -1.038541314418924520e-02 -2.563397083995275823e-03 2.179915438627432270e-03 -7.061046134144284732e-03 -6.573333440880806469e-03 -2.060238848581470109e-03 2.289906021834849006e-03 -8.325198023848861054e-03 -3.153183282222078113e-03 3.213701363521323084e-03 -2.551233263543680125e-04 5.167144816702403873e-03 -4.765741530137145542e-03 4.265333915507244292e-03 -3.646346725571462249e-03 2.051612154710368561e-05 -8.250587837605722176e-04 8.188232150447802586e-04 3.071771690209447372e-03 2.839249918701572135e-03 -3.828314867194841740e-03 7.588096148539101278e-04 -5.295551991898087008e-03 7.779536403915399915e-04 -7.915994800514732175e-04 -2.792599166749620831e-03 5.933063785133887297e-03 6.156770773216620717e-03 4.005532378668827213e-03 1.521159664019395515e-05 -3.345118182882901104e-04 1.572444257799563479e-03 2.326315700253681670e-03 -1.022056133756233873e-03 -1.230356123423397962e-03 1.518359616839661539e-03 -5.808359729763508221e-03 1.473538577536912539e-03 2.446851990601870276e-04 -1.708720958113719816e-03 7.227784132516440431e-04 5.434788851113939168e-04 2.980650511933464857e-03 -1.518678999654264291e-04 -1.151070982595964578e-03 -4.346356637458927662e-03 2.435783223057391093e-03 -4.833277042289932921e-04 2.589269553282241582e-03 3.497255986339601903e-03 -4.370661257825943073e-04 -1.481321338532948055e-03 -1.015956463400898398e-04 -5.775442581412911511e-04 -2.310255038396573455e-03 -7.886056666240093055e-04 -1.974647969871145582e-03 3.530695372734922281e-03
-6.534635989542862677e-02 -6.279800811766388102e-02 9.462125568084466670e-03 -3.111691170932500989e-03 7.672435060263610440e-02 -2.896014371006364052e-02 -1.032161169778790175e-02 1.013651063613771504e-02 5.991082054735167792e-03 2.248434412924369612e-04 4.732384551039326218e-03 2.566445008751591997e-03 -2.612645000942459030e-03 1.092607045665070463e-02 -1.693392904361330428e-02 1.780106790510310133e-05 8.276826255914571800e-03 8.504504951979850388e-03 -5.555829276035502808e-04 1.603986852098476454e-02 1.448232290535616217e-03 9.129019825020958170e-03 4.499561409074781873e-03 3.664241670350548014e-03 5.694651463158170029e-03 -9.423125886877310384e-03 -2.464656888751499443e-03 -4.485397215355744864e-03 -3.398303943482302355e-03 -1.038462119420913241e-03 1.751101499490430270e-03 -3.325257929423116026e-03 -1.699879980279641700e-04 -1.801492721939877261e-03 1.495908773954308631e-03 -2.548251675398021006e-04 -3.574730019255045830e-03 6.302108745849356944e-04 3.005980222422678476e-03 -9.436093205823647620e-03 5.521110767343651374e-03 2.479243835587814117e-03 6.523714431518603737e-03 8.494722573495144076e-04 -5.230192685694841012e-03 -2.876583557349775104e-03 -2.701662892629873736e-03 3.805803007025610092e-03 8.896422778737304859e-03 6.526765165354324327e-03 8.909042094827570755e-04 1.505720293449427189e-03 -5.893799861045238928e-04 -1.439634524010621752e-03 -5.187819305500542162e-03 3.480073892883813087e-03 1.903838457435460315e-03 -6.851106983458387679e-03 4.133309658614758159e-03 3.912877934099816962e-03 1.144002442567583358e-03 -2.050597164962738271e-03 -2.756102036550959165e-03 -3.054771627537524077e-03 1.121270886012655770e-03 9.210061622773122857e-04 -7.284959098967977833e-04 3.510588076365909506e-03 -2.945665758347742710e-05 4.663032178101695290e-04 -3.653724033734097234e-03 -2.160699317750073515e-03 -7.087697053740907782e-04 2.007486143936158297e-03 -3.244728080199852510e-03 9.392427733896809277e-04 6.687658718497204412e-04 -2.746525948864694811e-03 -8.322012323829740526e-04 1.752549066507831307e-03 4.153423348719094237e-03 -1.466914621006845708e-03 -1.331825683644687975e-04 4.037174062384440857e-05 1.780739523970167751e-03 -2.419950995851456125e-03 -3.285444051950103719e-03 1.128353420106994456e-03 4.176223111185966425e-03 -3.935488404647922382e-04 1.508090468268620619e-03 9.543753392051062059e-04 1.280065640524647146e-03 2.385984832155670608e-03 -2.522938566045179222e-03 2.430774217782524782e-03 -1.131520937125972967e-03 -6.140402326882074893e-03 1.778256875024169636e-03 -1.209068114240081362e-03
-6.932929737255552616e-02 -7.561791417624849632e-02 1.501268290227085814e-02 -6.873016935175360782e-03 7.011918151871827931e-02 -3.769440011183154693e-02 -1.519741327598857911e-02 8.567842194086992130e-03 4.594734444929724632e-03 -6.360170299301792611e-03 9.090898703933519148e-03 -5.034715508164979217e-03 -1.660703302598287709e-03 7.791173166989933362e-03 -1.075901161774602162e-02 7.629437565091354767e-04 1.563100699127353225e-03 8.510695776692061773e-03 -1.079372642303984275e-02 1.754066054287023793e-02 5.022359008791002326e-04 4.613867775041130027e-03 2.388551690607489640e-03 3.240878647539718882e-03 4.107466476719130039e-03 -6.541760692356572010e-03 -7.429814941494219255e-03 5.146438551745009414e-04 -1.877714871468710617e-04 6.443047483579072109e-03 5.424518275344341646e-03 1.893996374176954182e-03 1.569712311926119716e-03 -3.186574543662145861e-03 1.634932063829835263e-03 -2.629877722873344599e-04 -2.684086587734879018e-03 5.443520647564878325e-04 3.682010601473487219e-03 -6.664024628891535365e-03 3.578711342631749406e-03 3.777622846322426214e-03 5.821661904631346071e-03 1.355577313662731809e-03 -1.963631582265911238e-03 7.743706783994746450e-04 5.429791775456077390e-04 4.175077429280635473e-03 2.095681266145331748e-03 6.767196028721577696e-03 8.790946427762584038e-04 2.066417254798367381e-03 3.259883898805659118e-03 -3.738545749189744333e-03 6.612787771338921299e-04 1.718787725956820531e-03 6.199158941924903061e-04 -3.411504107229029574e-03 -2.311064549118453226e-03 6.590637413123098115e-04 5.896769091428920480e-03 -1.755792438457288432e-03 -6.753573705087445589e-03 -1.687656673475856298e-03 -4.553505962429447128e-03 2.857714661287336002e-03 7.704314632336824479e-05 2.960258200934081773e-03 8.111869988696844298e-04 1.833462820634555214e-03 -1.722940372812567121e-03 -3.218027209657635477e-03 -7.785172914986833188e-04 3.077430992438433006e-03 -2.691368866524010504e-03 1.985042183482389234e-03 -1.534806309026880795e-03 -3.998088362836217137e-03 -7.692966037856203932e-04 -5.827304370263919082e-04 9.109408690902280094e-04 5.271543852819357513e-04 9.248759142915419142e-04 2.722178280152523153e-03 3.420960180162451922e-04 -4.553078621426432022e-04 2.026072803813879029e-03 -6.291473658416030365e-04 1.521847252321854600e-03 3.541043615747840965e-03 -1.919697992939235114e-03 2.004475659217887229e-03 -1.746142689256001456e-03 -9.072677532107326212e-04 2.188374932862816383e-03 1.137047536599333514e-03 1.647159032000948369e-03 3.594311257138486275e-04 -3.672287589390718296e-03 7.371146383707834031e-04
1.457285219971312662e-01 4.223015906092209178e-03 -4.579309077969497682e-02 -3.674876240026530433e-02 1.119745953239736219e-02 -1.700459143973652096e-02 2.208938432939616583e-03 -9.230726157032426854e-03 -2.705082121191536640e-02 2.440679214361006488e-02 -1.717982731104667968e-02 -9.794672133979774251e-03 2.210158248232492982e-03 2.506289314451310996e-03 1.747267301850629478e-02 6.838333849979593045e-03 1.453673259801359710e-02 -3.741602955560548779e-03 -3.452974534608501712e-03 5.427628009715926294e-03 2.085672159988228615e-03 -1.431229919070673307e-03 -7.704352576135105801e-04 -9.897339699414793232e-03 -3.903970157416929523e-04 -5.874218135071833553e-03 -2.512659129593838685e-03 7.251631077197809479e-03 -3.904405831625005520e-03 1.271485697053579503e-03 -8.731262526259457937e-03 3.453312128077489526e-04 -1.572836507605321040e-03 3.360835184399172098e-03 -4.854441342912758223e-04 -2.828591356298702669e-05 -2.185758863930360729e-03 -4.379323883393019937e-04 -2.958782440161124641e-03 6.733871985410844066e-04 -5.795405950995255635e-03 2.373986408405435143e-03 1.766460319830404860e-04 -8.715299182156438507e-03 -3.074527705416795582e-04 -1.129212238884426877e-03 3.976822506235633790e-03 -1.042019460697001529e-03 2.562462737573845042e-03 2.965562607201461566e-03 6.650272552867355453e-04 -1.851198935866462314e-03 4.986526292516847356e-03 -1.142345667902898909e-03 -2.456946483671163233e-03 -1.181078283175705877e-03 -5.895440716912667524e-04 2.485180672667657280e-03 2.271214666818417455e-03 -1.367906667386428353e-03 -8.976285500501960974e-05 -9.633748369153315204e-05 -1.414064067988713704e-04 -1.590543737331187460e-03 -2.080263662196626256e-03 -6.726969406593870512e-04 1.155858317198334281e-03 -4.858425974669777487e-04 5.885273714637068247e-05 1.730879469426404216e-04 1.296086749484288113e-03 -5.115227516562341481e-04 -1.692874693623861284e-03 1.398662064981434465e-04 9.089634790975807720e-04 1.130590322398358988e-03 1.161881408642348717e-03 5.170099855921259481e-04 -5.094186880324721219e-04 1.568849434663682632e-03 -1.147698519486020554e-03 -1.477081815484799577e-03 1.377701715683454613e-03 1.315436307465119026e-03 -3.841236840476349910e-04 2.778605592158429460e-03 -3.242071893177931262e-04 1.570913288951675257e-03 1.636338179559539315e-03 -2.075318089661107139e-03 1.115348105637344088e-03 -1.591892340813485206e-03 -2.326344588252753521e-03 -1.200406238531931185e-03 -1.071444948043634329e-04 7.943721600202471650e-04 1.713240418917713224e-03 4.517624012361889430e-04 -7.487958550181564982e-05 -3.056213905518799056e-04
1.407644475403424245e-01 -6.356168469788283076e-04 -1.981621118711748147e-02 4.164276903103131732e-04 7.703747324274449679e-03 -2.685105377838215360e-02 -9.165376724055655094e-04 -1.629239269939071130e-02 -8.190494337848741591e-03 3.267829108273746785e-02 -1.183954313900735002e-02 1.198418867184943871e-02 7.397051229909665931e-03 -1.674833738153181512e-02 7.384841845737902949e-03 -1.557293166826191101e-02 1.865189569198597019e-02 9.719478616219636878e-04 -2.007584878179403520e-03 -1.751632655877254563e-03 3.997142524250103259e-04 -5.516650468702171371e-03 1.542812246658312658e-03 4.518990853504662418e-03 -2.354399028452370309e-03 1.113918287441307501e-03 -4.345527221437562801e-03 4.038996772308658424e-03 -1.701098628771214845e-03 2.010886618557895366e-03 -2.490406730708402336e-03 -9.539346842523027453e-04 5.115789359049148846e-03 3.728523140275303606e-03 4.050299126425066856e-03 -3.445734133058040057e-04 2.061965884329118419e-03 -1.727396276232368976e-03 -1.980997966332530183e-04 -3.124972712592228880e-03 -2.402296120013542777e-04 -2.009547456482306798e-03 2.509708408164028001e-03 1.735797150202798194e-03 3.285309732418243171e-04 3.251348427289013458e-03 -2.475284918746475070e-03 5.545410240261113705e-04 -1.249169602281880245e-03 7.382620909134088001e-04 2.914194925794596960e-03 -1.095663968371968743e-03 -2.397606598323699222e-03 -9.117410791667084373e-04 -8.775313229100815656e-04 -1.493152403531024762e-03 -3.662018606391691158e-04 -1.751686305868240586e-03 -5.996130204292785502e-03 1.597097161643798403e-03 6.100995066314811397e-04 -2.283829982994703672e-03 1.582171220920835283e-03 2.827103389872835052e-03 -2.204039638595208916e-03 1.197887620907304431e-03 -1.557556819233237326e-03 -5.012935506881880700e-04 8.100489949666808296e-04 -5.051526358550432376e-04 4.161733737211109792e-03 -2.712887630074148544e-04 1.369875144489466181e-03 -2.530478558040967236e-03 3.608099636850845525e-04 1.691675349427299285e-03 -9.926782300520881498e-04 -2.072763687761414696e-03 -7.401062170911551974e-04 1.674361469742453564e-04 -1.101425234584914922e-03 1.810575941675065647e-03 -1.729021300757020328e-04 -5.032204534642127636e-04 -7.652666069942969627e-04 -2.230152676596249516e-03 9.816251242895231936e-04 1.025097285422061407e-04 -9.681323431232891335e-04 -1.118797667031183694e-03 -9.947184531412893969e-05 -4.346729387012107171e-04 -1.984877037519300509e-03 -2.008347243159136659e-03 7.979730362617106193e-05 1.277995183559027656e-03 2.060176899691945878e-03 -2.040820621738248172e-03 7.287465971951460420e-04 1.003874599511060889e-03
1.004538534301843145e-01 -8.986205934634587320e-03 4.868052037292920631e-02 6.097737998247301783e-02 -1.112908912712898442e-02 -1.065489652590872333e-02 -2.058893520756339274e-02 -1.145449974161639366e-03 1.703591117103799360e-02 2.046220554404233616e-02 8.518077763222822382e-03 1.855747386927874762e-02 5.370225881592778118e-03 -1.172249123415173254e-02 -1.923333138604062416e-03 -9.886363817517508992e-03 -3.035612553595350583e-03 -4.801883296892878183e-03 3.099053397716627911e-03 5.837902245979498771e-04 2.167013936735018298e-03 -5.641706773001509828e-03 3.489673952116462922e-03 -4.192207312967703714e-03 -1.614519213897674336e-03 -4.213441237828942365e-03 2.715759281133311716e-04 7.608243775039918305e-04 3.348065419343618942e-05 -2.993828126205256776e-03 3.925744597534402275e-03 -3.003329888515139830e-03 3.420985069389606125e-03 -2.752594467945102073e-03 -6.476815804332260867e-03 -2.837258232049962199e-04 3.327609626650851471e-03 2.267872250238925705e-03 1.606092278337228202e-03 1.091188170189641557e-03 -7.655720768758214612e-03 -6.481965989287338803e-03 -1.305008458371437348e-04 -8.486937883351283783e-04 -2.894266350347154005e-03 -7.832881726903040452e-04 -1.593071497746096450e-03 -3.080097513046530563e-03 -3.290237768500474305e-03 1.906054559441713132e-03 1.930907702768667631e-03 -5.831509461700947784e-03 -1.110607537631586603e-03 3.680196946013423575e-03 1.036428673389677317e-04 -2.288058418976801807e-04 -1.394505028241206776e-03 -4.919562460192193100e-03 2.699972490817127962e-03 9.209732867073716633e-03 2.522820813005934547e-03 3.323280302937882749e-03 -1.703641420011917920e-03 7.958307417181713405e-04 -2.572548256737557885e-03 -1.191112559832413096e-03 1.223186545224622199e-03 4.023814059465695078e-03 5.196274308031136047e-03 1.593667905947267075e-03 2.145809625615673673e-03 -3.841393592616938399e-03 2.922721158354996303e-03 -2.836954519943568707e-03 -1.437965010339681184e-03 4.032005380281191050e-03 -8.796100619775942429e-04 1.992957891214477333e-04 -1.886124910780301582e-04 -2.559020272656498899e-03 1.223353490683591139e-03 -1.810504122406074098e-04 3.094416590692522246e-03 9.667886774030870004e-06 4.248583987580706209e-05 -2.805377935173679772e-03 5.213940489837217904e-03 -8.267058768616345247e-05 1.291725374423072052e-03 -9.300527462976423965e-04 -3.263098089937324382e-03 -1.143525718495011370e-03 1.437580747995745355e-03 2.119538493254679093e-03 -3.065920487953347189e-03 2.135394895774451671e-03 7.318011928824958053e-03 -3.345734381465807240e-03 -1.789604303864729363e-03 2.332624481085356874e-04
1.517948022743128844e-01 4.365043928572452311e-03 -4.576762275240251615e-02 -3.777057073072104948e-02 1.057706528398746210e-02 -1.663124807348635020e-02 -1.015169124274158249e-03 -8.564152463254526976e-03 -2.330935350498487824e-02 2.407450247870081619e-02 -1.707298335080367768e-02 -8.018550160740217300e-03 5.391642673092647033e-03 -6.224537733929326206e-04 1.426273948205270328e-02 2.856556174633169149e-03 1.658876713089738400e-02 -2.460402535576017118e-03 -4.907833443429369946e-03 3.737161195676807351e-03 5.497128029787514032e-03 -3.530999789288735442e-03 -2.563461369276001222e-03 -8.496687132073264814e-03 1.251733555361234963e-03 -3.799341872057711549e-03 -2.941514157546234846e-03 6.140119752248358528e-03 -3.569352269885917028e-03 3.077363797600349109e-03 -8.121971873085121960e-03 -4.266956475844052826e-05 -3.506464727146483802e-04 5.820432842196636598e-03 9.170659539384928708e-04 4.004753275488138814e-04 -3.863194636402147910e-03 1.214546099879770412e-03 -8.440626086507309138e-05 1.918823890461841472e-04 -3.055452762389442977e-03 3.368017458866126145e-03 -1.533283541357332745e-03 -7.917085701628892927e-03 2.397944198619713502e-04 -3.548601984852739260e-04 3.615586117622164673e-03 -9.445410939722981725e-04 1.248905766939740905e-03 1.141870428115164537e-03 -2.330229725651225591e-04 -3.113325185861581129e-04 3.090749775963260067e-03 -1.537353776321037169e-03 -1.833829376753632343e-03 7.842452186613969693e-04 -1.162059520364415195e-03 2.016960076148173204e-03 8.049497997467404105e-04 -1.020796808341270685e-03 -3.072412462195730316e-04 1.597321626487930831e-04 3.536350181643831765e-04 -3.235807698681510049e-03 -1.531894601398543169e-03 -4.825920893755918377e-04 3.501624580663696110e-04 -1.708119639328254313e-03 -3.395082400749975093e-04 -3.532554247434744601e-04 1.081514435549089850e-03 3.614821637250146039e-04 1.262782414989054133e-04 -1.826220621461236348e-03 1.857984289502379992e-03 8.977528729853115688e-04 3.066005827022468856e-04 3.942477900799109679e-05 -1.097888689376092875e-03 -2.727235852600060919e-04 1.338704210606485236e-04 4.572826381245572000e-04 6.119063187950130175e-04 1.587172011871261761e-03 -1.696741691471625275e-03 1.170641653000461824e-04 6.768638768387546948e-05 1.129340248842576480e-03 1.287573543422873296e-03 -1.660853850468633781e-03 3.122843260967598806e-03 -1.317286708659528172e-03 -3.063339709838823997e-03 -1.133919604001757406e-03 9.351216128159411337e-05 2.304007613586876030e-03 2.821158641758316887e-03 3.979519564556802938e-04 1.447513192781875631e-03 -9.901991039943094583e-04
1.641185467052768965e-01 5.168633716426891504e-03 -4.924010435059616997e-02 -3.817476910250511279e-02 6.844437889275239474e-03 -1.227736460781651481e-02 3.575824501457462593e-04 -9.014716210173313524e-03 -2.569620808087252559e-02 1.127144975336116794e-02 -7.760492709029705519e-03 -1.246308022389031912e-02 -7.496822259043964222e-04 1.122568196423129067e-03 8.982504601649966489e-03 1.058312378357640846e-02 5.607898997829523918e-03 -4.859165109383011688e-03 -4.246485983618530739e-03 9.738420506762015399e-03 1.833544187916362912e-04 1.213664902102124053e-03 -2.606624528978117479e-03 -9.135540662690105201e-03 6.676185722129886115e-04 -3.585514946996035991e-03 -1.251175680143073305e-04 1.763410537793264543e-03 4.929569014661147695e-04 -3.116099740116900271e-03 -4.816480672637739498e-03 -1.182157157244520076e-05 -4.781558638051460614e-03 1.975972788413256874e-03 -2.653464451724288310e-04 9.232753217848655575e-04 -3.159682528971556690e-03 1.874403232153411692e-03 1.181753735118367207e-04 2.710467624016283782e-03 -4.675279746920090081e-03 4.924419498390404659e-03 -8.132647490488731238e-04 -7.547231572380868128e-03 2.038473136109599974e-05 -2.985746716396381513e-03 1.966010902784130678e-03 -1.973573422926987002e-03 5.319942362432384482e-04 1.661060395662418854e-03 -1.597895149056900504e-03 -1.589441977202959207e-03 4.034639935692712134e-03 6.395653880166841379e-04 6.986178584330366868e-04 -8.057303498888875558e-04 4.006835859702358063e-04 1.353052177821223228e-03 4.077685530418744680e-03 -4.650576407850904649e-04 -5.608639678746247257e-04 2.329287047600641508e-03 -1.271606451556951114e-03 -2.530770791782431615e-03 5.174697158071018535e-04 -3.006654171275168624e-04 1.919286177660594001e-04 -1.120579896499562540e-03 1.227314408969883261e-04 -4.940392977516550824e-04 -7.148619632130539256e-04 -3.161466869985900198e-04 -3.715872706812386995e-04 4.307136480321460594e-04 -7.263072826468350111e-04 -4.838257623489079697e-04 6.380927953799989940e-04 -6.905578538386074111e-04 -3.040740498605726911e-04 4.082178167119797276e-04 5.187325001131057062e-04 -1.371238865294567436e-03 4.847968968147053546e-04 1.789124130100590792e-04 4.624547776229605994e-04 6.614305393614126980e-04 1.360285080387003400e-03 -4.835689476077221919e-04 7.991658123182309196e-04 1.212505501965952751e-03 4.455381561051411721e-04 -7.442917238866774950e-04 1.093170863554336110e-04 2.667310466525800447e-05 -2.978775169080441401e-04 1.088581699852626079e-03 1.090860085408815140e-03 -8.980548564886248327e-04 5.945684836568624612e-04 5.407564081843847141e-04
1.150886936359123147e-01 -1.235297473994120647e-03 2.794397256716271184e-03 2.338586856731587893e-02 -5.627422099093704576e-03 -1.758142844789120684e-03 7.311816260388165085e-04 -3.351724528690011844e-03 -1.084823054391467062e-02 6.042982152133724583e-03 1.334601646234937454e-02 7.745244512676540197e-03 -1.575148176641740297e-02 7.563063852686328740e-03 9.105365480702298092e-03 1.116322878935860526e-02 -1.625584186484769350e-02 -2.848559066636492838e-03 1.004134067992722319e-02 2.885519261154757668e-04 -1.296755907985660096e-03 1.766818281590514655e-03 2.931094535250305423e-03 8.198231272057583327e-03 -7.053265907899734961e-03 -8.271475878461930289e-03 -1.101216848205628825e-02 6.207510950314618949e-03 9.442344545403402213e-04 -1.104594450961923768e-02 4.121295188079755409e-03 1.333358059967177517e-02 -4.477053900901775858e-03 9.366783329665088684e-03 5.357354184849018840e-03 7.999198951175720551e-03 -4.192166077274327336e-03 -3.517051237191107563e-04 2.269852977175156918e-03 -6.905870635455374669e-03 4.280754766033185998e-03 5.723136341587559649e-03 2.211389788334335873e-04 3.082649788731600345e-04 1.551778242864602746e-03 6.894170086242300440e-03 -4.312613593014135056e-03 7.829419793439032146e-03 4.903299370114574257e-04 -8.228583712449853704e-03 -1.094405433989413014e-02 -1.991259198901272620e-03 -3.946311064175798446e-03 -2.413508348435232029e-03 -3.609020926336007577e-03 -1.617438152094495107e-03 1.106679293808105966e-02 1.692549967928969838e-03 3.341393873337136777e-03 8.975349085461084260e-04 4.883465515122211408e-03 4.437441010935182749e-03 -1.564939751839069680e-04 9.557979230434577103e-03 1.959085890319522700e-03 -2.602092517619837477e-03 5.274988554692395734e-03 2.331250778487455044e-03 3.698172672958335329e-03 -1.663587938649951610e-03 1.177082492190945203e-03 -4.684760263389951829e-03 -2.843172274657239807e-03 -3.768461852993968721e-03 4.902261608377611081e-03 1.903507921956638666e-03 -3.063456473422422350e-03 -1.804128632061280163e-04 1.042478022868433712e-04 2.635284840116261171e-03 -1.952862181978205379e-03 4.008539398290663670e-03 1.981271892540474849e-03 -2.064520989009025094e-03 -5.090882586156117293e-05 -2.029494784001598193e-03 -4.497895831374813629e-04 1.538451234641033958e-03 1.645391120778655260e-03 6.768455531719798227e-04 -5.222903518985900356e-04 -1.070756106858304722e-03 -2.144109519248542112e-03 3.196540677736945009e-03 -1.671481521213717203e-03 -2.460635390673066025e-03 3.559725022183027787e-04 2.005015952274329886e-03 -2.938128584303727284e-03 1.909343011072615025e-03
1.478821534764255541e-01 -1.283900033840571549e-03 2.831467074785330544e-03 1.584805306688089055e-02 -1.479449797556853935e-02 -1.935467657656949692e-03 -2.614997401192769785e-02 -1.320735317855116150e-02 1.632257057787186300e-02 -1.045510345227094844e-02 1.601823540628757869e-02 1.521240308283843684e-02 1.528182388145173825e-04 -1.463043400220693027e-02 -1.793642604172130881e-02 -6.026761403408158711e-03 -3.488187139480282591e-03 1.000506604626565793e-03 3.528044464554912479e-03 1.822757034018705324e-03 1.756077014655290638e-03 -3.620032563805111563e-03 1.336129135246024585e-02 3.094134144035829391e-03 -7.123987761178119694e-03 -9.566672317163773349e-04 -5.475367544923414849e-04 -1.372745877440202395e-03 1.067722335173432527e-03 1.076979593742460189e-03 -1.621826387386750322e-03 -2.014109329670423811e-03 -3.227597069591028704e-03 -2.138538316037054811e-04 -9.151757251203257145e-04 -6.797245496083613578e-04 1.962541466503743559e-03 -1.224519623508448516e-03 -2.470570540167990256e-03 5.877031732116982064e-04 2.097165976298352719e-03 -1.705176615963532871e-03 1.451904983843361986e-04 1.716680162163980537e-04 -8.210504364624215783e-04 1.726257279668432431e-03 1.688358219726071585e-03 -6.078778349602392351e-04 3.350146008814114396e-03 -2.264695910614126801e-04 1.282154873953265852e-03 1.567576994055172156e-03 7.454551881613429628e-04 -3.389399213916529426e-03 -2.804951758483340777e-03 1.148768848505012444e-03 -4.359385708471059397e-04 5.352935744764280267e-03 1.190291128157329589e-03 -4.630962150341928762e-03 1.830850017847205453e-03 1.070076401515905693e-03 1.617334105170830814e-03 5.097888441623483731e-04 -2.464345030567626719e-03 1.346574693089694482e-04 -2.988889827034317873e-04 -4.792712226736063123e-06 -3.032031426956883612e-03 -3.470599552606951511e-03 1.215508526645990182e-03 2.537196808180578150e-04 -9.806081646338967936e-04 6.595797909241556643e-03 2.596624436864068425e-03 -3.224309940728505258e-04 -1.059797147704842624e-03 3.074143424934367309e-03 -8.170034705147986289e-04 3.898684203268187789e-03 -5.688722257683650465e-04 2.768488426947816341e-04 -3.749546806903373414e-03 4.550130202951920022e-04 -1.258633883824729870e-03 4.026922737438656634e-03 -1.373311240279721356e-03 2.963538579468902919e-03 -1.638824542869875668e-03 -2.730942610132892218e-03 -1.186857848216823965e-03 -1.773171643105931770e-04 1.276775057361176097e-03 -1.169181602953854419e-03 4.060528782958001915e-04 -5.998540979405277921e-04 -3.284985588874336261e-03 1.425836717535879658e-03 -2.281863048842800758e-03 -2.126592266141605402e-04
1.399244929661626613e-01 3.404432633118436354e-03 -2.629154953369202546e-02 -2.616710019643099516e-02 3.319016155252035773e-03 -8.092213060270341679e-03 -1.735720065056051142e-02 -2.479401512822933858e-03 7.257659635386063714e-03 1.114306435915551376e-02 -6.039612532456950685e-03 6.803286703495717812e-03 1.094000211872609048e-02 -9.390877529771126872e-03 -1.351682989218311315e-03 -6.387987557821055325e-03 5.980939629876326664e-03 -3.592012529610580113e-03 2.585905256327300419e-03 3.287253064979814027e-03 1.004943467601979168e-02 -1.319231636818880837e-02 1.587171637245966133e-02 -3.283703040653073151e-03 -9.443713753677952794e-03 -6.107630953950869863e-03 -6.864130337509361142e-03 1.342112311325570264e-03 5.990032307231007297e-03 -3.568986632750801528e-03 1.911822979738045337e-03 -2.270302628778146387e-03 -5.621271299370504682e-03 5.736330898479184703e-03 3.368981017961481320e-03 -1.798687091467243921e-03 -2.320020534445783097e-03 -4.788354921399447825e-04 4.597100840753416337e-03 8.386220631183266896e-03 8.473454173874545026e-03 7.697111223906242042e-03 6.587370264213648300e-04 2.934871623042974772e-03 5.274753085834322586e-04 -7.149953955479977381e-04 -2.577094500914346286e-03 -2.074835860967467593e-03 -3.978348866869423940e-03 -3.821407428072944468e-03 -3.570492820389649206e-03 3.694091789375599649e-03 8.585972750152533065e-04 -2.881652982843767915e-03 5.797536112970192931e-03 2.707192436029552500e-03 2.381687080929650088e-03 -3.857607640122740281e-03 -3.350960471352319205e-03 1.343514583406461025e-03 -2.691135207630411443e-03 -2.517519977292335780e-03 3.339606412773212483e-03 -2.185551082691486024e-03 -2.752762309516669850e-03 -3.074848741959062149e-03 -5.008116075917731259e-03 -1.647548910940721274e-03 4.745748508196678470e-03 -3.279615569903945264e-03 1.083152096215486519e-03 -2.243900583646435496e-03 -2.972354126032399763e-03 5.327364156558466075e-03 -4.424727279482807167e-04 -8.232000419484559453e-04 1.854948240883177047e-03 -4.440326233514750587e-03 8.307775981936652747e-04 -2.471237366107487468e-03 1.571688535493543550e-05 3.529706831052851178e-03 -2.379411165728783674e-03 -5.583113839730326732e-03 -7.602490626692128689e-04 -9.299102238350136131e-04 -3.560342601804279781e-03 3.956107625271047118e-03 -2.200948963286515105e-03 -9.185748155508308794e-04 -6.946987230663871421e-04 4.319208285391802800e-03 3.532836539763017838e-03 -4.517483225127441951e-03 4.757496289411881668e-04 -4.054007110289295696e-04 -2.383702241213626460e-03 -9.613954009915757256e-05 1.766611139478554320e-03 -3.432773554656673096e-03
1.627971131745952205e-01 -6.755317988012678014e-04 -2.436882620779671701e-02 7.186239563207542751e-03 1.110736991171975413e-03 -2.607279388473606255e-02 7.088636497817071142e-03 -2.352065385583380561e-02 -8.579275006677333087e-03 1.352481814627185669e-02 -8.233371226927955339e-04 3.811349209627379591e-03 2.634104824924797267e-03 -2.024971834767770248e-02 2.668845035770637305e-03 -7.968425831992287031e-03 8.860747040952248951e-03 -3.254263861648592181e-03 -5.661053803324524370e-05 6.336741227834705864e-03 -1.005617372674546227e-02 3.569911608983951205e-03 -2.860454821047518290e-03 5.276834850520983715e-03 -7.870229810987991676e-04 4.860850204558531465e-03 -4.634322162725523883e-04 -1.648082532689121695e-03 4.468895779184848226e-03 -2.411681405182223431e-03 6.541476103427853149e-04 3.066786888921144757e-03 1.702691185175617562e-03 1.102375579800640498e-03 4.840946553920608651e-03 1.005555264231381340e-03 2.355063866194308242e-03 9.988903531817853575e-04 -1.604312827890319549e-03 -2.074912535117763406e-03 -6.377825956896756437e-03 2.430516453598162744e-04 5.208322374751026690e-03 4.098519599083272802e-04 -3.858276514098314485e-04 -1.705152933158840490e-03 -1.454520373361224261e-03 -2.191577137065856820e-04 -2.204600675023207172e-03 1.601022523315862771e-03 3.452797191912097829e-03 -1.839035795787221641e-04 -2.059368416356118208e-03 -1.011777939991759506e-03 -1.470609575597943766e-03 -3.341046802705885128e-03 -1.019430174890362381e-03 1.359273355606738102e-03 -3.266385238899867025e-03 1.033425157504762847e-03 1.758598218334522876e-03 2.974845466596847364e-03 2.760081576349199001e-03 -3.840879025457140795e-04 1.248210183513873183e-03 1.011542488022778479e-03 -1.155988547750916610e-03 9.071172330050921448e-04 5.652136193675785574e-04 -4.213573755298385872e-04 9.926666955641814602e-04 -3.664408172247443055e-04 5.144051086226264155e-04 -5.180419345463811547e-04 8.978462983221797804e-04 -9.651474900144474964e-04 -1.835626853893677912e-03 -8.622869540827374875e-04 -2.796259328738807167e-03 -1.576526059939986537e-03 1.582203923348345553e-04 5.837379696271009126e-04 -1.790251523576501681e-03 1.307652515859241251e-03 -9.450616392586592149e-04 -3.388236996956921297e-03 9.495672777004903267e-04 -5.032211780760357817e-04 -1.301424942830403837e-03 -1.911612724671250558e-03 -1.097816651180395352e-03 -2.335078902726111507e-04 -1.939050985882449568e-03 1.279878151776309321e-03 4.070609179808627612e-04 2.075360936197436466e-03 -7.307728176521583038e-04 -2.051893975174186573e-03 -1.019472708443621475e-03 3.522342824145437796e-04
1.592775772717060223e-01 -2.047152398320790847e-03 -5.893037481699542508e-03 2.539269954547141925e-02 -9.898346834897783428e-03 -1.718105986685893732e-02 -5.015472378705013515e-03 -2.292388128865659180e-02 5.019314624610453184e-03 -2.313294031492262818e-03 1.462631329608315989e-02 1.077570858529949827e-02 -2.555981305750828006e-03 -2.220928864878786435e-02 -1.080472095597582657e-02 -6.317439621221962107e-03 -2.523696466253601018e-03 -3.902460866573444036e-03 9.045295413124323234e-04 8.292569301820046021e-03 -9.502540431361391343e-03 2.030820973804947291e-03 4.095212467552460274e-03 4.945994029449004431e-03 -4.132603282421412096e-03 -1.042575988898512257e-05 -8.000472517200683115e-04 -2.885266102320221352e-03 4.699663955974113863e-03 -6.117816094743011926e-03 -6.222753819499591155e-04 -2.387191837971829392e-03 -1.292640581762449043e-03 1.061478815866869971e-03 1.483694212626483506e-03 -1.961743380563542652e-03 3.489205659897163712e-04 1.621201996289903507e-03 -1.259313775992631232e-03 2.567860120968031099e-03 -2.376255470140622474e-03 1.912061939560676278e-03 4.008012439453369560e-03 4.476822240598347870e-04 -8.146795169685239896e-05 -1.166989759688359966e-03 -2.433748582446933900e-03 -5.186482551864657342e-03 -3.751829220718355413e-03 1.850622675102764472e-05 1.069221537514437447e-03 1.894909868942366805e-03 -2.306205897999814240e-03 3.468521584588002047e-04 1.884512915577352512e-03 -2.478747515148558688e-03 1.428934064845455154e-03 -3.866856822956850782e-03 7.983725503038084821e-04 -7.531646105372434433e-04 2.452872337305597554e-03 7.807373459519235644e-05 1.883767264796953628e-03 2.655520681222717748e-03 -5.296731205192592136e-04 1.412129065065548467e-03 -2.807618066545326981e-03 -1.947035588735046129e-04 6.323919531259277350e-04 -2.287077685703352813e-03 -8.601466971357105964e-04 3.284129104288324285e-03 8.145280273575084213e-04 -2.486513483051685982e-03 -1.792501166767498629e-03 8.970120494943458877e-04 -2.142591998687635741e-03 -1.186422486325809829e-03 1.083990302629327801e-03 3.156723330660389428e-03 -1.214390297321555701e-03 -8.512692875559624240e-04 5.444641772551045119e-04 1.770157088287369670e-03 9.830941096364369768e-04 1.632689814016994321e-03 2.798283147946183016e-04 -2.461788594543028435e-03 1.305086800136367109e-03 1.447514958245447623e-03 8.115451124682500957e-04 2.155489919806334413e-03 -3.536703507526334743e-04 -2.107655526182740567e-06 -2.925259217394239044e-04 -1.843919920290069861e-04 7.250483273578525777e-04 2.201186992855105689e-04 -1.394802486687972908e-04 6.332261275350521516e-04
1.404253988252250618e-01 -3.441314113634580483e-03 -3.076783666186209531e-03 2.638171304205506537e-02 -2.161280617919218629e-03 -2.488543526090534336e-02 2.857243579758888662e-03 -2.031419554838830369e-02 2.175565415297855097e-03 1.567831248924403051e-02 3.068104636479093705e-03 1.282972250870832200e-02 2.539997186138606266e-03 -2.386439418170541865e-02 9.435912303889241104e-04 -1.276005295997239240e-02 5.281007185770941921e-03 -5.459419819444673652e-03 6.684680313805022251e-04 6.418728928704728852e-03 -9.151972234920811508e-03 -5.834360921626709435e-04 3.829864966273409475e-03 1.052081088169473135e-02 2.081915838199504751e-03 7.426001966957937114e-03 -1.983088552504532615e-03 -5.316400785625513201e-03 6.779304950892814895e-03 -4.074593838106822276e-03 6.704539919020139314e-03 5.153281508546491384e-03 9.256718943182515964e-04 -3.990931462175299413e-03 4.635599887893156364e-03 -1.180271852288203597e-04 1.725699581297310227e-03 7.072312994165606153e-05 -3.563508365696086214e-03 -1.299741820060069204e-03 -4.128188264434214626e-03 1.579064004384634777e-04 6.176357110101905398e-03 5.127942779310156254e-03 -2.620215413788053258e-03 -2.984540564610235237e-03 -3.162972396495135341e-03 -2.338138330185529981e-03 -1.990455767745643451e-03 1.775350389787623431e-04 2.838573831117251894e-03 4.716662622127733816e-03 -1.102632493094103834e-03 -4.159631800165853287e-03 2.455185028368072567e-04 -1.243346554688457050e-03 -7.777519164835842557e-04 4.307189831720574687e-03 -7.131953155196932900e-04 4.553575565424741045e-05 2.564924609549497359e-03 5.268272169884381795e-03 2.006581505869173710e-03 -5.651769361077734616e-03 3.782619153193427213e-03 -1.648433501458743166e-03 7.568991570247738309e-04 4.696338229471500492e-04 -8.593348645470747817e-04 -6.607666585358476204e-04 -1.482973113821072257e-04 1.201116165505390328e-03 -4.566879069554052005e-03 2.540174445764586345e-03 4.588792733032827538e-03 -3.214538001857039553e-03 -4.924218101656046816e-04 -3.774801947463256985e-04 1.492911140910553386e-03 1.683766714668367623e-03 -1.070274519547009112e-03 -1.126843583797095016e-04 -6.002681597177831003e-04 6.437325958659644758e-04 -1.129728249009673540e-03 7.973213173794737110e-03 -2.975020115329014662e-03 2.762541004691862652e-03 7.447138861232303854e-04 -7.039943731508484324e-04 -9.538231290412539382e-04 4.031501997747955271e-03 1.596664236124034414e-03 3.098929571086334305e-03 7.780314562355319843e-04 -1.157924758939028005e-03 -2.489361760400341482e-03 -1.682647164414630679e-04 5.282732570753353053e-04 -1.790407419901218983e-03
1.723295512066414514e-01 3.577250384565360160e-03 -4.215247391392778348e-02 -2.703513965951765199e-02 2.457715721099123195e-03 -1.569073088679035638e-02 -6.519870842987317630e-03 -1.764484637925474442e-02 -1.685195423155679689e-02 8.062980186867069535e-03 -3.109401456576865643e-03 -4.817618814117413314e-03 -1.511056874645739937e-04 -8.322569211224933525e-03 -2.619457217164003403e-05 4.431232118823378446e-03 6.407474874060146985e-03 -7.157847989650326049e-04 -4.838221888745797630e-03 7.169227783185289429e-03 -1.078741950882413855e-03 1.763265003435193412e-05 -1.898554005462501108e-03 -4.597247072512482616e-03 2.037750991571994283e-03 2.217985732515604172e-03 1.806769162415112345e-03 -9.779414381366276394e-04 1.357312935451176431e-03 -2.919734452440241631e-04 -4.036268922650547084e-03 -2.189711977676913387e-03 -3.045428807765304061e-03 3.425048547456245249e-03 1.127368865211103187e-03 7.130607398275840220e-04 -6.365801645185326747e-04 1.971638968477355553e-03 1.895707256247780809e-04 4.867180963273980685e-04 -2.792010204378390665e-03 4.196369595032699469e-03 6.135789311709145041e-04 -5.538824920135550570e-03 1.376429914109735583e-03 -3.990334611250270238e-04 1.723315446635392953e-03 -2.756198760048498273e-04 -2.184440730565420825e-03 -1.205027505006042851e-03 2.912751714094511052e-04 4.077153507206344551e-04 2.981808459813838443e-04 -6.375078817974164916e-04 3.688937648191349108e-04 -6.019843253230739013e-05 1.812232844351562185e-03 -1.716416428203305943e-04 1.657137589427659609e-03 -1.919030283575982312e-03 1.008266444454333213e-03 1.483745105201012254e-03 -3.093552278613164396e-04 -2.250250145780322789e-03 1.547704507251645208e-03 1.248021324851560348e-03 -1.627437653015545958e-03 -2.150516759011353220e-03 8.593302154989514207e-04 -1.284433067597802545e-03 -2.359959122000910637e-04 -1.256491291872927725e-03 8.129918888530160339e-04 -1.899764691325451929e-03 1.270525269772674682e-03 -7.920029358870855863e-04 2.669063942689067705e-04 -1.359117535394701627e-03 -1.801868156592507713e-03 -2.318588456965336997e-03 2.389274912849358862e-03 8.978996474614113791e-04 -3.858736072543354225e-04 -1.143779005105235395e-03 -8.283981208653647468e-04 -7.536532503890326466e-03 1.274251342842190301e-03 -1.043141284224883246e-03 -1.274231195792802237e-04 2.586588121566636006e-03 1.219382208152851700e-03 -2.182165313485790077e-03 -5.795314994209700655e-04 -4.808881837535251532e-04 7.553795120178190183e-04 1.216171774870973424e-03 -7.694792777604990593e-04 -1.137060933043796589e-03 3.060132658544779710e-04 2.355899215008978019e-05
8.222091906489528701e-02 -7.758358134266232602e-03 6.812994136540193035e-02 5.294323388788450824e-02 -3.026505043926429675e-02 2.195783957520642399e-02 -4.342881031164502748e-02 6.970905975126139888e-03 1.205492375475767167e-02 -1.147763856757219852e-03 1.497224676385305875e-02 4.485578302170362998e-03 -1.787895052723735003e-04 2.541035536950490961e-05 -1.210663257173071310e-03 5.501126108865980963e-04 4.663019864573199509e-03 -1.082348949719015747e-02 4.240489306205971233e-03 7.011489659037556388e-03 -1.134331811535410845e-03 -5.433065721513391511e-03 -8.816265085985832166e-04 -6.883550237614361779e-03 1.590355604941537458e-04 -9.807029388593988678e-03 -1.169780639969752577e-03 -1.346640591916706915e-03 3.210089350542338384e-03 3.921731766197506831e-03 2.075317853212847296e-03 -2.896709298774980366e-03 -1.345170501335476304e-03 8.096018121096973776e-04 -3.335646636059701707e-03 2.575025649209288317e-04 -1.911031097029056115e-03 2.640443698439597520e-03 -2.114592006490901340e-03 -2.315863227771523033e-03 -3.080881019904843122e-03 -3.494302306802715089e-03 -5.746366467465652706e-04 2.588599230655969172e-03 1.432230536856553835e-03 1.061920319388246154e-03 1.059115224416350316e-03 -1.341134517690809177e-03 2.844409456253634266e-03 6.606082520668679278e-03 -3.541069682671867808e-03 -2.696556188965205589e-03 2.649199791804296693e-03 3.242592868520119409e-03 -3.148107855920347867e-03 -2.336015923415898313e-03 -1.920615046298876057e-03 -4.805544815567941224e-04 1.833372326791251608e-03 5.165275706586367095e-03 4.399522347180932769e-03 1.505323139349685905e-03 1.330270163188633330e-03 -3.430427896907808655e-04 -3.188234614115337978e-04 -3.138862360388307380e-03 -8.097289973490223898e-04 4.114272937843536861e-04 4.527623200877657975e-03 -1.022539062222627051e-03 1.289851874445054189e-04 -1.104537488313900003e-03 5.106918773087829218e-03 -1.867572280536865291e-03 -1.184804223674275304e-03 2.551529454442468328e-03 -5.893830107373018538e-04 2.167763188343874853e-03 1.627224935638648187e-03 7.354218534193120984e-04 -7.979006393991901029e-04 -4.639588819325372458e-04 1.789156869945443887e-03 2.835494615329581919e-04 3.287783557136764526e-04 2.620886878285913404e-03 2.452067174992986296e-03 1.041071352241105608e-03 2.952615327808042010e-03 -2.144634579469060272e-03 3.864476381156247992e-03 5.917138297002296626e-03 6.570555673241117861e-03 1.279042237906825082e-03 -1.267251242593639025e-03 -3.733597215307211687e-03 1.668318275446176949e-03 2.090504551106432164e-03 5.521286582906850642e-03 -3.943351809229980222e-03
2.434174485410174615e-02 -2.557232636096776549e-02 6.789875338429589291e-02 6.591663764743742326e-02 2.376021821781810692e-02 -3.059938049554853517e-02 8.532907286904903646e-03 1.619255431713414670e-02 2.260679333790302850e-02 1.197465635422375121e-02 -8.219270683080646608e-03 -1.122872167059499500e-02 1.815496431316820924e-02 6.561180173625209486e-03 4.307274763601510841e-03 5.972230960994332968e-03 -1.498051016828349895e-02 -4.109818860332097555e-03 5.739011391872512330e-03 -5.806805901368279448e-03 9.273993908558338930e-04 9.670754288858888353e-03 -5.049435411577324860e-03 -1.417782695818564989e-02 5.131873818010181630e-03 2.560807842456725922e-03 4.620592161826992533e-03 4.462214028148641341e-03 -2.065501132496636028e-03 -5.884050558947478624e-03 2.034136407722792785e-03 -6.557151233189150927e-03 1.536932492591783521e-03 1.264446554056379351e-03 -5.619412374957392237e-03 -3.346522294991849302e-03 1.579057035887985322e-03 6.807809013228668981e-04 1.839419496292102590e-03 7.441590010259964416e-03 -2.229946910237148457e-05 2.333048545040428048e-03 -4.219994095988476197e-03 -5.446030208213236724e-03 1.045152205605951899e-03 -1.164776369852685333e-03 -7.743263790734293160e-04 -2.709220193866291541e-03 -2.329151167195754428e-03 -3.368337507525547957e-03 4.691267036304595447e-03 -1.639984466016450185e-03 -3.223739701521959218e-03 -2.377503479820270316e-03 3.042807697954805408e-04 -2.448112935584140660e-03 5.171410472037465955e-04 8.171970973697082190e-05 2.913785991126549655e-03 -1.888280351049686058e-03 2.828782316458536630e-03 2.839465641446975181e-03 4.137170422525142822e-04 9.039533918607839304e-04 -9.465005865810436876e-04 -5.219206812889884639e-07 1.788150865004799629e-03 6.205991932758665557e-03 -3.112530847138459279e-03 7.180090812908526167e-03 -5.843874316049066679e-04 4.518772455035402480e-03 -7.048659766860665985e-04 -2.961208222964066160e-04 5.757806073935376129e-04 9.662694456053109657e-04 -2.059302365307592170e-03 -2.854039920421407549e-03 -2.792929457759443616e-03 -2.711828881256380264e-03 -1.900571019697905621e-03 5.208407983578335933e-03 -2.999304052614774029e-03 -1.574111467030044412e-03 1.202821210417659610e-03 -1.114606424671552238e-03 -2.212678837729088396e-03 3.655940502712054594e-03 -2.151627647274770381e-03 -3.594268513642025632e-05 3.809790273991357345e-03 3.644017934815571135e-03 -4.390109964692941636e-04 -2.994383824044472182e-03 3.444252761765523134e-03 2.347637027354826378e-03 4.402924489740640303e-03 -2.041497417539198719e-03 -3.018051644039461846e-03 -2.852280463065130951e-03
6.111427393756549420e-02 -1.355238150714757270e-02 5.618455133516625510e-02 8.895623450250003672e-02 -5.448926897188581010e-03 -1.608534884057942829e-02 2.630888563407678821e-02 2.219255570860634210e-03 2.242877355982409587e-02 -2.876701378814312230e-04 2.400118567749761397e-03 -4.673915824018421913e-03 1.074135542178273825e-02 -1.703364561790441387e-03 1.881436363669201223e-02 2.777036771420130987e-03 -7.478854060249714129e-03 -1.130594832165445970e-02 1.360300560476198316e-02 -2.521703445129119033e-03 -3.440051140636060916e-03 1.249486707010768333e-02 -8.110351655265021081e-03 -4.362674059908082380e-03 1.189299979919843835e-03 -2.613119252774722279e-03 -4.131836633695073688e-03 6.859985524993655187e-03 1.710478729055179377e-03 -4.747329974314781417e-03 3.654319365300673882e-03 4.191160858291092042e-03 2.430243639769659458e-03 4.641475871054242673e-04 -2.817647624800970457e-03 -3.202196558592841722e-03 -1.057031408521520374e-03 1.238724072739943267e-03 1.986749331422791448e-03 -8.699543577223967745e-04 1.133540579029899704e-03 4.075875717628473643e-03 -3.373798842304106572e-03 -4.423788490937088404e-03 -2.104493590645009713e-03 3.523000351506911775e-03 -6.798633184179222707e-05 -2.277030041748997688e-03 1.279115035023199341e-03 -5.013010202200880857e-04 -2.220862677108091481e-03 1.321633285178456380e-03 1.203098006114677876e-03 -2.943401335556235145e-03 3.031711272902768719e-04 4.837491176521021945e-03 3.322297637785810807e-03 -1.468538185159714573e-04 1.133010522869710469e-03 -3.217380697137675865e-03 -2.179745898507859121e-03 -3.218563666227195180e-03 -3.057833290460298427e-03 -1.819057261931250787e-03 -2.843620741485404155e-03 1.521810752818739381e-03 9.648609630037481436e-04 -5.166211571396838462e-04 -3.193671821812089657e-03 2.661586501012825484e-03 3.353915017954121219e-04 3.298053893913770705e-03 6.942171338090725573e-04 -1.226933672903146979e-03 -1.981385915426800773e-03 1.832077476453948441e-03 3.052537071301687343e-03 -1.349518501965067891e-03 -2.529733280812321902e-03 -2.361664862946430323e-03 -1.426232979714437332e-03 -1.508931804359417753e-04 -4.422103260260111350e-03 -1.088944177276506518e-03 -1.140701902309682525e-03 -1.806972951873251666e-04 -1.723781275659340157e-03 -1.570481831496057861e-03 5.243658302624113919e-04 -9.862206009110616872e-04 -1.268316780009285695e-03 6.916419869157359838e-04 -1.302422464051609821e-04 -1.527622358519844853e-03 1.448261361309722108e-03 -3.207508446675167747e-03 -3.638279847494225745e-03 -1.845369457693095796e-03 4.242831884676545422e-03 -1.092224522840937141e-03
8.538274341863295869e-02 -1.025248294677617682e-02 3.498113889376743696e-02 8.362660029877806711e-02 -3.177328174962032372e-03 -1.969021783325817718e-02 3.721586458502038758e-02 -6.925059665023660174e-03 1.446159086741309954e-02 1.046657957563106598e-03 5.559155049277142782e-03 2.711604089325136534e-03 2.832456367446836536e-03 -5.475362663285568074e-03 1.366157721430888775e-02 -6.572420314645234171e-03 -6.041472962028773472e-03 -5.249296033497027718e-03 1.200194403819931054e-02 -2.868943462320168360e-03 -6.913620899645966759e-03 1.011269722224057005e-02 -7.768551612679197582e-03 3.522032514169232825e-03 -4.236301667937598936e-03 -2.956321609823401447e-03 -4.319752405022488258e-03 7.555448568886625506e-03 -7.300343214210856671e-04 -5.178001030755731947e-03 4.647639763709686921e-03 4.779519865376672533e-03 4.187180803950499471e-03 -1.201987695819167756e-03 -2.277988873028830106e-03 -1.890102837964324073e-03 1.944117329478970129e-03 1.422852114129012939e-03 1.493411735481713553e-03 -1.344723773115737153e-03 2.238674755005903676e-03 2.612368363250996452e-03 -3.590547320166086707e-03 -8.172732865482498429e-04 1.028548451843382756e-04 4.456800492748843809e-03 9.235280795725828553e-04 3.464867385523879369e-04 2.290362904905244700e-03 -1.223951488178438678e-03 -4.160797950411325094e-03 1.735856123062753432e-04 4.791441583772500408e-03 -5.076296182082927835e-03 -4.303321052152428894e-04 8.729687408789019859e-03 4.221941557336986346e-03 -1.605478558815256248e-03 2.307954578917996956e-03 7.146649450202983977e-04 -4.714525362653707204e-03 -3.715352177570301669e-03 -4.463499307109360624e-03 -2.149108324277800627e-03 -3.692352934542796321e-03 5.125593724162186282e-04 4.654642261553236494e-04 -4.621513745838725686e-03 -4.947359513593185392e-05 -1.027682661992637605e-03 2.110465892735434359e-03 -1.338941401948629505e-03 -4.115208793645497819e-04 -1.903142686523806148e-03 -1.599109861023984458e-04 4.449950959399754779e-04 1.442491054259966701e-03 4.607111664234432103e-04 -1.526902220934728749e-03 9.337131202047037988e-04 2.116146305460237843e-04 -2.001879009877483571e-04 -2.887621352599141662e-03 1.452720627072158098e-03 -5.698311677023070376e-04 1.748342791622032146e-04 1.646484149184330125e-04 -1.792498745907865430e-03 6.858670451043134028e-05 -2.742346278754593733e-03 -2.141778361528544946e-03 -2.970232632225324344e-03 -4.861929499375633804e-04 -2.857373736731472669e-04 -7.768158381906313862e-05 -2.447052892549250562e-03 -2.485073953174253905e-03 -6.728788172371400660e-04 1.767849596381419882e-03 -1.271859642580604579e-03
1.103877778121760828e-01 -4.353748104640708591e-03 3.216392968531329305e-02 5.012164730139746088e-02 -1.820447194524522569e-02 7.085382159779668974e-03 -1.851989958188813082e-02 -2.987399649048818988e-03 -4.613050649929597603e-03 -4.472458808074303879e-04 2.757331494885392059e-02 1.967120105725096019e-02 -2.054166094665532682e-02 4.245275574226434374e-03 -5.585157980419294677e-03 6.688819282170454031e-03 -1.362582409105172511e-02 -1.879514559553993624e-04 7.275938366541709768e-04 -5.458683822078387766e-03 2.437421215754703545e-03 3.190312385186444208e-03 -8.742765973980930194e-03 4.706096463174196803e-03 3.668659446300531583e-03 -6.883723277214903388e-03 -9.917539763746579390e-03 4.977178435048914065e-03 -5.843535378643162359e-03 -1.008991957630413867e-03 -6.765830909179639148e-03 6.143018622270996973e-03 -2.725312178298804240e-03 5.076937736201114944e-03 -2.843964383628387778e-03 -1.913254570381889806e-03 -4.617717755943760195e-03 5.204079595238209760e-03 -5.467751484415173200e-04 -1.985221665015210121e-03 1.398810201070130061e-03 5.436984466406049807e-03 -6.814104524166375966e-04 -3.197705248998454681e-04 1.598757802173848743e-03 -1.114974522574784573e-03 3.678979216818291159e-04 -1.012275458842167746e-04 5.641853246646842766e-04 9.183856496838500904e-04 -5.814416741140328131e-03 1.461646092983743790e-03 -3.152479312412613489e-04 2.711483736180914615e-03 -9.029704020636565749e-04 -4.516276554330433068e-04 -4.752250327832932965e-04 -2.200380070939653068e-03 4.992821979543688067e-04 1.195217360857562302e-03 5.947339753460717700e-04 -2.807579122757445419e-03 2.632352276388630861e-03 2.167912188430746404e-03 2.758096069842201278e-03 -3.269093486025038183e-03 1.303428717847688332e-03 5.913393873155431066e-04 4.194587536963322386e-03 1.544221992112024397e-03 -1.524233072534855347e-03 2.229951179292799339e-03 -1.557086623995202358e-03 -7.321604621638310058e-04 3.576033031274778069e-03 -3.069652260002066289e-03 -4.214526222089579922e-03 3.214132746679441120e-03 -6.003415341138759883e-05 1.856049639547161130e-03 3.606925070405817869e-03 -2.247600068561187098e-04 1.552649521125678764e-03 4.064765971421248694e-03 -2.116369138232886832e-03 3.252858354236675548e-03 2.877477624280398022e-03 -1.154780501458886784e-03 -1.847577681639078718e-03 -4.522618337158985360e-04 6.775447841086840997e-04 -3.238668935000131675e-03 -1.445932600522084567e-03 -1.403490034732940124e-03 1.867569054408407380e-03 6.449035206394716953e-03 1.686924296984060193e-03 7.291608262208798714e-04 -1.466033040582577713e-03 -2.262269123095638629e-03
-5.756303663648425217e-02 -5.821365061881392938e-02 6.560745895173732134e-02 -2.187829518489250655e-02 3.137029251533302726e-02 -2.569750721915218042e-02 -1.090955382843171798e-02 3.561482002249417595e-03 -1.879766819871285174e-02 -1.522979144306324008e-02 -2.424674122510368096e-03 -2.046555371521000671e-02 6.123851899599304371e-03 -8.936649099421326709e-03 -3.761082644505859933e-03 1.293065464743077542e-02 2.536583732962006000e-03 -8.778323098457350981e-03 9.963975579420262607e-05 -1.282833708606513808e-02 -2.756913578654538073e-03 -4.297251020844206765e-03 -5.603547067514496119e-03 8.529207426561810634e-03 -4.850474029886482630e-03 8.356972769303715187e-03 -7.003204496137335928e-03 4.474929732995162716e-03 5.028983971551963771e-03 -1.691725755122188563e-03 -1.783798712597946864e-03 -5.355509922973279019e-03 -2.491254244768642458e-03 1.590706458458156529e-03 -2.976002607290364425e-03 -2.593262817318775417e-03 3.243512267561924917e-03 -3.769435744182892192e-03 6.317268130405145031e-03 6.662243868663509164e-03 3.438996379361658126e-03 3.926901419208784876e-03 5.629213363309828501e-03 -5.588553540760092232e-05 -3.889833556231589960e-03 5.981778929986335432e-03 -7.852181003095183576e-04 -3.688896818542724589e-03 2.132183637784020643e-03 -6.291004303580264006e-04 8.789495232640456845e-03 5.993507313083764124e-03 1.249360182414326406e-03 1.856212714454628585e-03 4.755138207204134826e-03 5.050034432328718084e-04 1.726118768481561599e-03 7.448589915623240673e-03 -5.789892886915889948e-04 -5.967886289127492284e-03 -3.975636691787096631e-03 2.548234504214513373e-03 -2.409473651029564109e-03 5.992789496661447314e-03 -2.612207108696393970e-03 2.613795898831719478e-03 6.583155369351030703e-04 2.425600526128208253e-03 1.738072771345603069e-04 2.941902903667116976e-03 1.456178442892099760e-03 -8.401713270703182199e-04 -6.857890236724218953e-04 2.255120513697162659e-04 4.827402584787259150e-03 5.315889939792750422e-03 -2.356200754887231418e-03 2.842369264853935196e-03 -3.584612376926284497e-03 -1.261283818546851806e-03 3.275732808548047041e-03 2.982299215124003134e-03 2.511975924481868287e-03 1.883189528381949045e-03 9.131653937342219460e-03 -2.653320528261959594e-04 7.127060964834455552e-03 2.090883648551828972e-03 1.798703392601387835e-03 -7.468419174363309394e-04 -1.153347228109771402e-03 -1.272867237608278981e-03 3.138899750544603146e-03 2.575899603021682919e-03 -2.865347096296403870e-03 1.868284218412804122e-03 -4.337733231788389408e-06 1.345700122657268044e-03 8.034407593256985558e-04 -8.849969551577509426e-04
1.651662981725911597e-02 -2.267916336961945528e-02 7.517612313756512343e-02 4.102979199328492255e-02 -3.216345864933871368e-02 1.782498314650134141e-02 -3.092829171059643945e-02 1.645185212305202635e-02 7.559659779344841957e-04 4.124662920121677928e-03 -3.503019370332933601e-03 -1.549782831097682237e-02 6.193504183306528660e-03 6.048584863216278917e-03 9.647916790755222891e-03 6.284949521972102437e-03 1.277703286093273723e-02 -1.438840255528456118e-02 1.157511825266262619e-03 8.180907820806054484e-03 -4.372773977430705755e-03 -1.045774283083703363e-03 -5.188852694742372013e-03 -9.880771070031858783e-03 1.722465820806950087e-04 -7.603191106484178709e-03 -1.578498281591670022e-04 -1.698577223124769851e-04 1.327478486088637909e-02 1.244022157373419644e-03 6.854018766772527332e-03 -8.475806347193465609e-03 -1.989152621675280373e-03 7.008977944334331654e-03 2.817898088835102139e-03 -6.275296534877035544e-03 -4.118995408435113283e-03 -2.568104745398928652e-03 -4.848382937887224520e-03 -4.383072973007644084e-03 1.101906565348097396e-02 -4.751969635535995343e-03 -8.409917559139884827e-03 5.097614028601175559e-03 1.045674330846401573e-02 4.859439628669887969e-04 3.919537820913770836e-03 7.627518435638010706e-03 -3.275707898815914156e-03 2.425391794904022266e-04 4.806445671527079938e-03 2.309463598363978905e-03 -6.640144810847329986e-03 -6.289345855535074213e-03 -3.767918255619917035e-03 -6.996587421966795131e-03 -3.495138605148504830e-05 -1.425890934191256657e-04 1.940244358392014456e-03 -5.894103610789525223e-03 -5.376015829492955707e-04 3.076467650143316617e-03 1.127715938458294636e-03 -4.208551151018189752e-03 4.368237634845237652e-03 1.818410834366706707e-03 5.308855754544236248e-04 3.403320079984044604e-03 9.225782793672017510e-04 4.082576978865985859e-04 1.359674482301331637e-03 4.928860684484261123e-03 -6.425752203604152488e-03 8.832169503645270195e-04 -3.398451996352504223e-03 -1.225401494076646877e-03 -1.678818821553953880e-03 -1.270698635211786392e-03 -1.794986535426672117e-03 1.149430282076119466e-04 2.855642385226219229e-03 -3.481150789073720339e-04 2.862351563285019281e-03 2.242413081057438768e-04 1.648056687951155851e-03 1.790879116257741927e-04 -2.521443480225216745e-03 -2.364900886007772866e-03 1.373452582531463437e-03 -3.551944667305545152e-04 -4.302106483993625545e-03 7.094821326069630568e-04 -4.174708012924415075e-03 1.477946946607294233e-03 -2.303275896672806779e-03 7.544081104151080779e-04 1.688738404852502175e-03 -3.227715930592978903e-03 5.735153066464148850e-04 6.587996673532418195e-05
-1.623681656505825133e-02 -2.276426974090513602e-02 8.772099168700467353e-02 3.636123333319426967e-03 -3.373936475881914726e-02 2.381076937959198184e-02 -3.248562912969051031e-02 8.069471036895412008e-03 -2.558219969437179608e-02 -2.692042844703709283e-03 -1.028474762705943943e-02 -1.756862753440737585e-02 7.181219897598856323e-03 -2.297791850387529474e-03 4.649770342941175576e-03 8.362917715045787431e-03 1.980997334193560638e-02 -7.930622269207014338e-03 1.078962172989219779e-04 -5.059693215743536407e-03 -5.278407312095438619e-03 4.538277127148446569e-03 -3.328095894997438672e-03 5.779426168746873080e-03 -1.540756419535517117e-03 -4.197039034201859400e-04 8.937721469006402325e-04 -2.616162016221165038e-03 7.172068840139422634e-03 -2.695993988704990102e-03 -2.870233272403120272e-03 -6.277763881682468794e-03 1.848648849926521568e-04 -3.112986674549309923e-05 1.067688056061428213e-02 -6.614931091960280104e-05 1.623339214260392967e-03 -5.066628850798462168e-03 1.543814190147395999e-03 -1.152146067564790511e-03 8.686321973915613406e-03 -1.066002096357561392e-03 4.868489189777155945e-03 9.914699982458205843e-03 7.239959249683086510e-03 5.847956421496459771e-03 8.600577346966708061e-04 -6.139414646814688771e-03 3.247507923365271242e-04 2.008796763296443605e-03 -1.712278369510341182e-04 -1.557036797543792867e-03 -1.236934281186191165e-03 5.068888893702085986e-04 9.145619893647374214e-04 -6.335130738383414105e-04 -5.174905449996958576e-03 2.213885975049683427e-03 1.063307379244396098e-02 1.119900620927161096e-03 5.953842473160774439e-03 -1.834952196411484670e-03 -4.835163991390603144e-04 -3.834882812695338070e-03 1.523001620112553710e-03 -7.909528733965010764e-05 4.884560940447817308e-03 -4.171009352693937251e-03 3.450066833544421208e-04 -1.310242534592050839e-03 1.657679379917160892e-03 -2.694908341290207232e-03 1.672723558974265404e-03 -7.793539610361287326e-05 -8.667552222912282625e-04 2.939875890587292061e-03 9.989884609930346770e-04 -2.268524810671298381e-03 2.796717286482134344e-04 4.167646547215241547e-03 -4.402545737517466265e-03 -1.954458806863834924e-03 2.628656156988221949e-03 -8.519436797701604881e-04 -1.246670946641649687e-03 -6.540798961233769025e-04 -2.535009949174004979e-03 -5.015386308904223531e-03 -3.838107597074852124e-03 3.473067548841087416e-03 -3.387203387576985351e-03 -5.092164239522894292e-03 1.815785073855672111e-04 -5.189348794182347367e-03 4.045625471865495204e-03 1.096872331157155962e-04 3.411234003782532848e-03 -1.434659512524685419e-04 -3.278489699351692759e-03 -3.588041915065452378e-03
5.186125757530282016e-02 -9.037349674022162813e-03 7.750109981518006619e-02 6.591321434658638234e-02 -2.218231970585326021e-02 1.469165311693548630e-02 -2.374245970951999532e-02 1.384899928513444803e-02 1.177949951292830977e-02 -3.650931435272146452e-05 4.661229450901365097e-03 -8.993855471955112396e-03 6.064997353496871454e-03 4.134911213990407654e-03 1.169030387712812445e-02 7.257166591233487306e-03 7.733024308585564020e-03 -1.358152479402682279e-02 3.943885453051289465e-03 4.668903047625855805e-03 -2.474211961796788078e-03 4.247000516904991807e-03 -1.158114974790785782e-02 -1.261399712372914678e-02 9.010436481363598427e-03 -8.151875439694766107e-03 9.132021308847361029e-04 -3.458617204958113183e-03 6.969562792399941129e-03 3.773183382405709361e-03 4.046268513651968615e-03 -6.248606826287298865e-04 2.918649844919892888e-03 1.382961532903087369e-03 -6.155711811430460709e-04 -4.128633946964214985e-03 -6.557148001544409188e-03 -4.077094463779839043e-03 -2.219555943138276036e-03 -6.575011700096278222e-03 6.396857193643754394e-04 -3.941008547206256186e-03 -4.395623793064768782e-03 -2.802346473080713756e-03 1.046822448889327118e-04 8.100156184105769541e-04 8.058916404306655165e-04 1.137646755714476427e-03 -5.052754173143274253e-04 1.488418211983832864e-03 -6.192243799631317648e-05 3.198444964013724256e-03 1.362755132069451511e-03 -5.681468990488453040e-04 -2.522685759993548767e-03 -1.696395444460464157e-03 -3.001568905174772841e-03 -1.837265589026026991e-03 -3.993262216279029435e-03 -2.428013182704756839e-03 4.160799797450022756e-04 1.064892521662257020e-04 2.350920363932129491e-03 -5.127376557191178075e-03 1.951802148798185890e-03 -2.868288044687686798e-03 -7.128210442314901994e-03 -1.035550939214603108e-03 2.448504845653263562e-04 -1.043532796219107366e-03 2.114408826532316894e-03 -1.210392830569239058e-03 3.721821682524062598e-03 1.358541736456118313e-03 3.034792822021052053e-03 -2.458795628486218094e-03 -1.397147515266702845e-03 3.145870175942714654e-03 6.123661711572452081e-04 -8.003120408894761218e-04 3.271821121218153414e-03 2.647148321826057441e-04 7.202448705830602699e-05 -3.720614563004655175e-03 2.245579921562843115e-03 -4.999424251023436988e-03 5.406206388391581255e-03 4.130221675367851814e-03 3.190007236809222317e-03 -2.779498053188000917e-03 4.307513013940570713e-03 1.443511751663128411e-03 6.452275086602535193e-04 1.814139777433266024e-04 9.674171991952426955e-04 -1.611868299207615957e-03 -4.741616009267229925e-03 5.715860281411633270e-03 -1.453942003615924785e-03 6.764216186066653383e-03
-6.827332634065077545e-03 -2.484218854172150909e-02 8.537359564858071348e-02 2.482787010675645278e-02 -1.548441124455870142e-02 2.364311497171948245e-02 -3.511603632787611839e-02 1.296235324968215800e-02 -1.743877838949713446e-02 -4.068628330529096629e-03 -5.653560941934028354e-03 -2.108466378802779755e-03 4.789525507886966196e-03 3.369199397944613698e-03 1.081927820682977714e-02 1.533999697041741293e-02 1.824761432277863943e-02 -3.911320339280402632e-03 -5.662835393674797366e-03 -7.690234468296487311e-03 3.574783838660478084e-03 7.123174416452376402e-03 -1.106917306140245416e-02 -3.044382310829993245e-03 2.717996549029206947e-03 2.868492583102153198e-03 1.117097843502670327e-03 -5.093695724273377898e-03 1.436355873726074053e-02 2.779727440083380936e-04 -7.417934826847678159e-03 4.990117641200855943e-03 -2.792289198739278389e-03 -1.859762551742755263e-03 5.023575462780093502e-03 -6.903703810876324169e-03 1.650721675358133959e-03 2.408937416723475598e-04 4.352321727426622551e-03 4.198436241161715432e-03 -5.991400380206182968e-04 1.932930179672538371e-03 6.791266936257187026e-03 2.880853063929406533e-03 -2.581346202990187147e-03 -3.654202781747271575e-03 -3.737020004297851323e-03 -7.993069848068597562e-08 -4.210358389598373510e-03 -1.574621375437224285e-03 4.679592847664999604e-03 9.078843692772877545e-04 -5.445281934821914922e-04 8.646308571543559777e-04 5.725221949806248581e-04 6.894228780918471456e-04 7.627953625085287168e-03 -3.124703191845892847e-03 -4.709139400843211261e-03 -3.163562085747969460e-03 -1.421632166306630073e-03 -3.244719004092771336e-03 -5.677645764646050731e-03 9.586679330326914120e-03 -6.607979510300556955e-03 3.422740025316630373e-03 -7.909892060495903390e-04 2.385920746499012323e-04 -8.106091044571347645e-03 -3.562862205200242622e-03 -1.260896738363009688e-03 -1.355328754088195795e-03 -2.998778349838473849e-03 1.077074503430826237e-03 -6.159059275636871332e-04 2.580176117728964812e-04 3.315393008969033661e-03 -2.169954983764715937e-03 3.292282552486279924e-03 1.522108756750043803e-03 -3.252823578077849651e-03 -3.394673456428984847e-03 -3.582173226483874751e-03 -6.625975660954789908e-04 -5.609052717763933146e-03 4.259244606431363163e-04 -1.296524097406789736e-03 1.423671512129575127e-03 1.595220252259296192e-03 -6.963292196045073020e-04 1.430101135354368584e-03 -2.787794720518186470e-03 1.750558364446234841e-03 7.465230509867543801e-03 -6.749440691576351521e-04 -2.172119443873779879e-03 3.462516507873983438e-03 -9.501016560981854001e-04 8.735968482934065773e-04 3.153714710691226959e-03
1.863025517625357605e-02 -1.766212032328009704e-02 9.255974107359053737e-02 2.680861186117229275e-02 -3.032560719422304485e-02 3.195313439072473838e-02 -4.991077806441458070e-02 1.545948932326095780e-02 -8.055839984108208521e-03 3.600576390975411198e-03 -2.513841921512811536e-03 -6.249508766868878268e-03 -3.880083345276862539e-03 6.607371717851807415e-03 2.661898037537088670e-03 5.557475852753039278e-03 1.490774656828196092e-02 -4.410279409631200943e-03 -7.529899881692751415e-03 4.326031888905166635e-03 3.264627065872471954e-03 -2.734019400835265012e-03 -5.605629588750384376e-03 -2.579469762259721955e-03 -1.436231098724283792e-03 -1.601471076332054320e-03 6.100922393885397331e-03 -3.212431456149934198e-03 4.920424556026265460e-03 5.757180584104369669e-03 9.773352463660707392e-04 -1.702808832429553556e-03 -5.002241193648900887e-03 1.406944322795326092e-03 8.939335473292964358e-04 -3.049987587760152278e-03 6.337201607750894737e-04 1.538205501637270956e-03 -3.670545002222668982e-03 -1.968921651300802565e-03 -7.850785155564728515e-03 -2.347572373191986455e-03 -1.554186805893812339e-03 3.327644329208621996e-03 1.610321234157616101e-03 -2.193674036930668217e-03 1.236067694180340959e-04 6.577176268000370710e-03 -1.227546508546813317e-03 -7.416698338326855461e-04 1.228827033915971855e-03 -1.114384489488436710e-03 4.859844150229741290e-03 5.364516631563262571e-04 -1.832181711611788593e-03 7.279137526675045567e-04 5.495342255183252415e-03 -2.298947858616551959e-03 -8.485859316334014649e-03 4.633084395013365754e-03 -2.105448971452531480e-03 3.742948594986991815e-03 -4.714378430103411191e-03 5.037107833244291143e-03 -1.067099596846696804e-03 2.895598239203311768e-03 -2.321556539871845373e-03 -8.086354991875676235e-04 1.439534839188354783e-03 -9.506511159658153493e-04 -2.997583800387686528e-03 -7.016510386347201735e-03 -6.223549051307649196e-04 -1.455805511109355913e-03 2.120755660893053601e-03 -1.714341493596200239e-03 -6.662458752206257794e-04 8.098282291260452438e-04 2.971575373372732642e-03 5.582392904618927983e-04 1.000050960186832328e-03 1.026556038044094867e-03 -3.159472852527095334e-03 4.246839241137852390e-03 -5.295000316062648286e-04 3.173023370836853055e-03 -1.299382259504739767e-04 1.739118286048247156e-03 -6.595981011502329364e-03 2.141477733824238491e-03 3.408629611357640986e-03 -6.481766580040671227e-04 -1.715282474654434566e-04 -1.217823662616725417e-03 2.276060645090470513e-03 3.498737284673603728e-03 -1.289638085715619784e-03 2.239004340406188214e-03 2.569090606289506449e-03 -5.464633495714275174e-03
-4.090482031407044472e-02 -4.134186111475666309e-02 6.919547541819383307e-02 -3.098849024918141556e-02 4.882481006613839658e-02 -2.710528298690938892e-02 1.750667560192661811e-03 1.046783357380092795e-02 2.657644827818979403e-03 -2.690600530929443228e-03 -1.950484688317297502e-02 6.832518867510512309e-03 -1.240009350254994355e-02 -4.200996159910427158e-03 -1.125946463222521864e-02 5.728680867053003063e-03 -6.909885859479127784e-03 -1.690202435495171416e-03 -2.439381901562608437e-02 -1.020886514285840622e-03 3.056938899471109503e-03 -2.432968941956097086e-03 -2.646979912455496835e-03 1.383261659821609455e-03 -1.224992784550036837e-02 1.664073530443589298e-03 7.257176040910710314e-03 7.562055500635552797e-04 1.170771806871336029e-02 4.854419275568151314e-04 2.107158351402469061e-04 6.639762771416282856e-03 -1.512998004935726297e-03 -3.581605702168835087e-03 -6.266973987347800208e-03 -5.256894617883687594e-03 -5.431645114529303278e-03 5.000973674818229645e-03 -8.851676697744070149e-03 -3.940160019113338359e-03 -7.351100586621227458e-03 6.453297549813359537e-04 -3.446692435802391902e-03 5.335480208031948522e-03 -1.151444813498501908e-04 3.166722539526861408e-03 2.095522688367634431e-03 4.496288657842064003e-03 8.749925065182928043e-04 -4.803148606882574716e-03 -7.594971255787807442e-03 1.953380172687543739e-03 6.015098296622388083e-03 3.765464519258335599e-03 1.528896941928050172e-03 -2.640837433348908452e-03 6.018834015500269287e-03 4.272431115550099148e-03 -6.219642070297978428e-03 -1.479958426303100861e-03 3.533363372202797423e-04 -3.007579029295809076e-03 -4.074480102666963588e-03 -2.427978054271316515e-03 7.570548845626029130e-04 -6.522639703915179398e-04 -2.780124323771424304e-03 -3.178084234112601558e-03 1.278781541616557044e-03 1.782839472476261224e-04 -5.315487062830303927e-04 5.201016641828502818e-03 1.778483652069345758e-03 -2.466862493427419371e-03 -8.311143370960109205e-04 1.656720412943908757e-04 2.107071601251495931e-03 3.463027029729534838e-03 -1.002463638496993003e-03 5.237248140758904408e-06 -4.252430566529984135e-03 -1.500665651425836435e-03 1.781604148880705941e-03 3.741948251746028578e-04 -2.820169382059447422e-03 -2.178802847165643274e-03 1.098515471274885648e-03 -1.482531840795357639e-03 2.338597924166328518e-03 -2.663789469483239785e-03 -5.116422717189782199e-03 4.258728096565501942e-03 -2.867088473630868741e-03 -2.541473599889358930e-03 1.684161504140396087e-03 2.211159867301190369e-03 -5.705725111571833375e-05 -4.384823492513458335e-03 7.918318263390529584e-04 -3.881160375142219082e-04
6.349021254082232169e-02 -5.973464585719510597e-03 4.855240047522962205e-02 3.109574383129678349e-02 -7.646547461794395324e-03 8.659038648628186730e-03 -3.907523617237393387e-02 1.150281654514944199e-02 7.351790263833751261e-03 2.132684941802639664e-02 3.358671494880281425e-03 2.264340487685886569e-02 -5.441850871622916017e-03 9.225542074671591597e-03 -2.213073599005061561e-03 -4.291751593792243464e-04 -2.753382662893599352e-03 7.754457635634710855e-03 -8.134194248450490189e-03 -1.662389244114498982e-02 2.425312716912587929e-02 -1.395272144532664661e-02 -5.411477415655938962e-03 -7.069775816977513999e-04 1.678631854103457277e-02 7.498729058068244642e-03 1.156449218979824656e-03 -8.402782626064847016e-04 -6.178752110711438310e-03 1.079565171130338584e-02 -1.173558943573966683e-03 1.609479044083486458e-03 -6.176404623007565597e-03 -2.461737703545722848e-03 -9.343236105100755778e-03 -3.131879681560312376e-05 2.867408006417210622e-03 2.534273086152906071e-03 6.163651316081023360e-03 7.864654594621970154e-03 -1.066053175812552850e-02 1.393987130037626244e-03 4.230646437147420058e-03 3.130295052717259221e-04 -4.566435008626690273e-03 2.096449884255045283e-03 -4.478044797565919810e-04 6.495451598662770791e-04 -3.231183270267641485e-03 -3.535559194718795959e-03 -1.472894109452975312e-04 9.213501554722925986e-05 -9.780249641188512415e-04 -8.301332616900202604e-03 -1.056091056159024150e-03 5.530879305430496913e-04 3.995003015282574260e-03 -5.194935270559771986e-03 6.215711581561013388e-03 -6.179097714457394653e-04 2.451284198676536782e-03 5.317518873901224200e-03 -2.429896375038835023e-03 -4.658228485899799064e-03 1.109892374535926271e-03 2.530122476525380887e-03 -7.340649511859305139e-05 -1.235599200781734811e-04 2.175248881180539846e-03 -1.908868092464131546e-04 6.558821993643419767e-04 -8.849797111590010845e-04 -1.228178389975387178e-03 2.795652392717382518e-03 -4.439869384184677061e-03 -1.755476467248162859e-03 2.620263465995562946e-04 -1.119362845509511845e-03 -2.955339598499469572e-03 1.729115028901656386e-04 -3.752099665325850462e-03 -1.496569694101620258e-03 1.976724671693505086e-03 -1.092556428519786882e-03 4.826956955137203138e-03 -1.502570288453308062e-03 -3.341497163075354999e-03 -1.212500302130123907e-03 -2.677316279845035497e-03 -5.603279115088409361e-03 -5.513607261106498632e-03 -7.975241866843356094e-04 -2.871419631106615807e-03 7.225809535947329190e-04 5.479050026413069931e-04 -9.097111764561799678e-04 -3.712878485073896600e-03 3.204542013365188190e-03 -5.520685009805674504e-03 5.612802170613561325e-04
-1.567085398106502978e-02 -2.638530992917696022e-02 4.744449207434775495e-02 9.175260226814205625e-03 5.052704787838990103e-02 -4.595148780835198871e-02 1.104462333318229419e-03 2.038258836587385908e-02 1.701045261698965610e-02 2.907891758175977850e-02 -2.052428937028092162e-02 1.036569346872212929e-02 3.210884229316441924e-03 5.262775095037125657e-04 -1.682393238338300567e-02 1.677662501932486580e-03 -9.454767276642626547e-03 8.639451894617882627e-03 -2.009471110956985787e-02 -3.241598026524929979e-04 4.239322046718482610e-03 5.702836837682865131e-05 -1.671677705597342592e-03 -3.488778895329960016e-03 -4.274711894539155147e-04 -2.089087352487263224e-03 1.015171255608011622e-02 -9.824795057046914817e-03 7.757421525173579559e-03 -4.790553734253200253e-03 2.478642971640932294e-03 -7.079623069699733076e-05 4.152983458094568203e-03 -7.108281808496874632e-03 -2.010004406152918720e-03 -2.826722501672441590e-04 -2.918363272769131708e-03 4.060992547608695616e-04 -1.996491570248107392e-03 -3.115029013774307711e-03 -1.268344426794502759e-03 -6.674527316268573157e-04 4.773078409654657461e-03 7.086844801812678014e-03 -1.940948045544967169e-03 -1.321498347377755194e-03 -6.671386712564371076e-04 -3.773382087478153665e-03 -4.368505389238277851e-03 -3.391500500049554265e-03 -3.346332584621888699e-03 2.349118431899177746e-03 1.925406441378576866e-03 2.330310785838072933e-03 2.464602373549522243e-03 1.724470346496199762e-04 2.285533962308164326e-03 5.505724184043446316e-03 9.052333333683826311e-03 -4.890287979214404980e-03 -3.661589450239877315e-03 3.513417064669599986e-03 -3.618766917619926481e-03 -4.070157534806819084e-03 4.026846965316262413e-03 -4.920072152733666153e-03 2.905632495092150009e-03 3.324711416771990342e-04 1.637973708783696915e-03 3.540986557191083076e-05 -1.840661617541778945e-03 -2.457327400078404903e-03 -3.911269695921075311e-03 -1.829396146737572891e-03 -3.783884281372204561e-03 4.687121099152170454e-04 2.808279798474104874e-03 8.626722675403729335e-03 2.479764440320712370e-03 -2.098303193756242968e-03 -1.332886773033922171e-03 6.151760017846131731e-03 -5.596403641341478850e-04 2.276583360748744129e-04 9.569218073529244591e-05 1.038547395854868757e-03 -2.213909752714927621e-04 -1.496484277312838456e-03 1.866441900801172303e-03 -5.846591623306318609e-04 8.865667079128921116e-03 -4.681933811288611913e-03 -9.532160134768580327e-06 -1.599005102722267455e-03 -2.012928685701683134e-03 -4.609062740836488217e-03 9.195893830635748457e-04 1.714355361639141899e-03 1.328962276945146658e-03 4.559463319903513221e-04
1.496411329331747420e-01 -2.316544383141791105e-03 -1.167660510668882580e-02 2.055346919854297155e-02 -6.833671254418650573e-04 -2.657651062912094395e-02 6.826100866628802451e-03 -2.322205789799151182e-02 -2.409618829733642994e-03 1.281897891376448072e-02 2.699379421347785236e-03 8.393656893149931825e-03 7.070455047953688125e-04 -2.309991549221794213e-02 1.371568950772051893e-03 -9.032591599024711315e-03 3.938192589571058722e-03 -3.209626257712329487e-03 -1.606820446264235541e-03 6.946968772782752266e-03 -1.080690224385976242e-02 2.694435813956732977e-03 -2.615736462538403428e-03 1.055763451372081566e-02 7.318644858287504454e-03 1.236313425938522642e-02 9.504812816560528465e-04 -7.614121706504867367e-03 6.943231450349751643e-03 -4.279492607398474591e-03 6.308876194231798767e-03 4.437555374659909145e-03 3.638988350734852196e-04 -5.199258966141472385e-03 5.532409374239672523e-03 1.532870970394456826e-03 1.797063289820856986e-03 -1.644405007973955414e-04 -3.323714804974557246e-03 -2.931242057679193155e-03 -4.028681020794423577e-03 -4.925827061362717234e-04 3.825556331395842547e-03 7.296813320025477773e-04 -8.273130343942418884e-04 -3.819805937112797419e-03 -7.549487947514335780e-04 6.610807698886174638e-04 1.769647461543558261e-04 2.048519010420645197e-03 2.361257229673512700e-03 7.639530310259045514e-04 -2.935129588194857809e-04 5.576701762939142732e-04 -1.326783322950603975e-03 -3.303209298880466476e-03 -1.278350929855684133e-03 5.242145655355181719e-03 -1.899356755712192524e-03 -1.703940221142056578e-04 1.166962608372685032e-03 4.876433527280091447e-03 7.356984845784340357e-04 -2.700677727746235955e-03 3.670420049509728975e-03 -1.876581081473840311e-04 7.602884654642868200e-04 5.540111814558841509e-04 -1.894685479794820963e-03 1.114645764635113084e-03 -8.768258190342453949e-04 -6.452517716380310386e-04 -1.607173360429140245e-03 -3.418119772237749611e-04 2.565921174339397606e-03 -2.545386586872237615e-03 -7.181890740846573994e-04 1.290134257786284524e-04 3.751118184751796336e-04 -1.400562733230162078e-03 1.100506967288877912e-03 -6.465451137471966633e-04 6.417606000052714955e-04 6.391623650185561563e-04 -4.443423635708543262e-04 -4.345379066493624751e-03 1.672962184008955865e-04 3.750423508450794071e-04 -3.200933102497966918e-04 4.353205497233732669e-04 3.055059945702414542e-04 -9.715061100840466065e-04 -1.231594719937503628e-03 2.745047005656363857e-03 1.530345519126623428e-03 1.232139741680150389e-03 -1.515787649448084497e-03 -1.353808534532977958e-03 -9.916331606756930307e-04 1.053632601674993124e-03
1.655644940545098753e-01 4.224334148725718968e-03 -4.389958512928660017e-02 -2.875720026288900583e-02 1.656773488669698079e-03 -1.036215657111577010e-02 -1.344779829583946399e-03 -1.507164955206402417e-02 -2.124236069688795539e-02 -1.723131991192794867e-03 4.918246544448977688e-04 -1.155801878295136670e-02 -7.955636550021972717e-03 2.263002299950899691e-03 1.452378813734826095e-03 1.589013174838075151e-02 -3.410689270874919451e-03 -1.271121629723294833e-03 -3.821289945335976882e-03 8.536488353756933531e-03 -4.588792045989451354e-03 4.660220927295437125e-03 -3.742761115597246450e-03 -5.454494297635440435e-03 4.758178460603470356e-03 -1.985986622005672469e-04 4.783687993610475156e-03 -3.816074574867725500e-03 3.748706415242347972e-03 -3.551240799861144111e-03 -1.176665723668516520e-03 -1.873698974333401750e-03 -5.492990134202186368e-03 -1.386119350909127169e-03 -1.821074998412704942e-03 9.788118419488593767e-04 -5.566566072271359692e-04 -9.835243868604491091e-05 -9.417302267529271964e-04 1.812564286781411351e-03 -2.615978293714060158e-03 1.806585852489116066e-03 -1.868096605188089608e-03 -6.472750624890804237e-03 2.281373117557417203e-04 -2.767456328331206142e-03 1.942419031840193376e-03 4.780670450576482476e-04 1.603423488795470333e-03 2.230025277829764899e-03 -2.325088482314057944e-03 -4.081531190623046215e-03 3.125198629703341158e-03 4.678930344678375666e-03 2.675432235963158024e-03 -1.482917595771305599e-03 1.517157374476882110e-03 -1.468706670983400313e-03 4.624063240850035533e-03 -1.132236533022151380e-03 -9.292624248631002485e-04 -3.991551874365452846e-04 -1.863904624092070118e-03 5.023303507184529197e-04 1.388943400824396582e-03 8.398594179539687265e-04 3.855805194817821940e-04 6.427385825340473243e-05 1.734183741927624190e-03 5.461542800734487833e-04 -1.668517923005925383e-03 -1.421357747024121860e-03 -1.702696091137318899e-03 5.005647520118286769e-04 -5.331561671373998565e-04 -2.272164806326099767e-03 -3.153667520602512352e-04 3.664135480407541660e-04 -1.242239041285164974e-03 3.434059464307356445e-05 4.522212885588877684e-04 -6.423433657608464955e-04 -7.279933381762605620e-04 -9.400547565102430761e-04 1.599382256753815144e-03 -4.404800606162851008e-05 1.287684228550676742e-03 -7.572518443362472040e-04 -5.354188045996188805e-04 1.428919274959100693e-03 -1.818784420666405728e-03 -1.287281752477235182e-03 2.337729529764721870e-03 5.153170921336946075e-04 -1.766280736690682316e-04 -8.338348611327618719e-04 -1.070742854061136661e-03 6.974916449880812349e-04 -1.040800018320778850e-03 2.710351312066893489e-05
1.208391669531618667e-01 -1.823690832000211771e-03 8.799754923302802396e-04 2.092326565520435944e-02 -3.195821912922676856e-03 -1.416304710700169549e-02 -7.820725431625263901e-03 -1.372367518259099209e-02 -1.091225080818452545e-03 1.445781273148306727e-02 6.879096685449852602e-03 1.705804549939938380e-02 -6.292438957429406614e-03 -9.351705061896222609e-03 -3.632390219233718191e-04 -1.983633045285490473e-03 -3.802816702105944226e-03 3.734190451346207449e-03 -4.797911613451894507e-03 -8.757921075700761740e-03 7.254345303329815843e-03 -5.349536724590268216e-03 -7.311817690885649007e-03 1.050557691527727149e-02 2.750008647475340323e-02 1.967058841591301857e-02 -2.957454347774290254e-03 -8.444198993746186016e-03 -2.196222799776165278e-03 2.965277634082977634e-03 5.854348845816409637e-03 -2.911093039740977450e-03 -6.458547816770148289e-03 -2.522683322947038859e-03 -3.154382763106238202e-03 1.000082252829477146e-04 1.782402215780769732e-05 -3.484285306117130610e-04 -3.324982819971147602e-03 3.527013295148549547e-03 1.279518412179592168e-02 2.294875307803234763e-03 -7.612058414420103808e-03 -1.691317393451202298e-03 4.603227039392965986e-03 -7.950088775532025654e-04 4.844734626649445722e-03 1.893974747873451410e-03 2.948403539578573276e-03 2.207390824407804005e-04 -2.480287273952572723e-03 2.251710853408206165e-03 5.226938419838774406e-04 -1.046722329703772027e-03 -1.443579413746136049e-03 2.758259374410228833e-03 -6.108692377150109739e-04 1.539448329732064254e-03 -1.602584576772927755e-04 -3.021623991162887633e-03 -6.844191101569862016e-04 -1.019679353483514492e-03 8.462968794336565024e-04 1.517193013646174699e-03 -7.457401487954485632e-04 -7.583170521767099983e-04 6.229508702648147919e-04 -1.414418461636840051e-03 -2.700242832862291120e-03 1.250000420540052894e-03 -2.002229191666167214e-03 6.676992094163182760e-04 3.908543435685941751e-03 3.259438253838258491e-03 1.571425248403473347e-03 2.091271674531103731e-03 3.254082384803525570e-03 1.571725624881328484e-03 -2.266089324285614631e-03 3.425268978826306442e-03 4.158285253789186127e-03 -5.856829783827072720e-03 -1.002442285241041814e-03 4.852246307502853205e-03 -1.179649870691615874e-03 8.020607611911145796e-03 1.727705358314588673e-03 1.111841109411095549e-03 4.616306312008488198e-03 -2.087147761135978163e-03 9.864130055467724631e-04 -1.591917980779696809e-03 -3.097633793969281190e-03 -1.954489181172278794e-03 -5.679053270384192996e-04 5.556372511181870014e-04 4.084433684892592453e-03 -1.548142456008076966e-03 5.538062177406841830e-05 -1.418891290305599037e-03
1.361885510868373894e-01 -1.295775439066443021e-04 -1.504678145411386669e-02 6.908485366931124173e-03 -5.023787339186955043e-04 -1.577859211907703743e-02 1.174630419667588733e-03 -1.495895135008019385e-02 -4.066507061832647964e-03 9.863670731968209732e-03 1.840125239396754337e-03 6.799923330397797915e-03 -2.775569888465810337e-03 -9.584539759240465195e-03 5.531774922713155601e-03 -8.001407887048171338e-04 -3.597676355310797341e-04 -1.412730375167509751e-03 1.604061143087929901e-03 -1.754684368934029438e-03 -3.311323161681348128e-03 1.965263402339371100e-03 -5.699832547064809414e-03 1.093575105072191501e-02 1.736650799933396605e-02 1.431627923664816233e-02 -1.815571560801758095e-03 -7.503245274861518495e-03 4.511773749771796904e-03 -1.177717512311589635e-03 9.355467466764568960e-03 2.935693816131393005e-03 -3.269559803398783705e-03 -4.785400929236498929e-03 7.229329017825665039e-04 1.678666758554082006e-04 2.576914143493430273e-03 2.112966747700540727e-04 -5.603342309152653869e-03 2.202776698607726097e-06 9.811922410492317920e-03 2.741889784857613321e-03 -7.495235861243875961e-03 -1.581863352677943032e-03 4.399578482049529976e-03 -3.971544847024507420e-03 1.743267213624314586e-03 5.160569235489102444e-03 8.521437633747720730e-03 6.903585161536832798e-03 -3.435736890775041401e-03 -6.450186417226703821e-03 5.694706184805821587e-03 9.458596206508476656e-03 1.657994478479823128e-03 -2.934961880717864343e-03 -3.603320054427644221e-05 6.091548784428024721e-03 -1.784721292150251654e-03 4.398146168479289027e-03 -3.585771825469937814e-03 -4.998396559864601296e-03 3.677931012689005126e-05 7.621685976353069145e-03 -3.370111617286735903e-03 4.548332301190111137e-04 2.115888890369297618e-03 3.821655416284309298e-03 9.022866068734364600e-04 -1.091348283063936888e-03 4.174157003871864263e-04 -1.727712586967586035e-03 -1.580610942324626837e-03 3.024844052439130786e-03 -8.011990644164768485e-03 3.651697611108689016e-03 2.271741392601949513e-03 -3.579978512050056047e-04 3.497552215834518786e-03 -2.709118794737488869e-03 -2.971341777222268922e-03 6.844858716743600557e-04 4.176382447713264216e-03 -6.961672432768593009e-03 4.923162893152819956e-03 -5.974143754181377407e-03 -3.573446440268347041e-03 2.864316137254287360e-03 -3.535140941259745477e-03 -1.092349208380684073e-03 9.709280623442719145e-04 1.659081469249591842e-03 -2.311384438794381242e-04 -2.206059956327886470e-03 9.125492005744510575e-04 -3.556951338539432851e-04 -5.749059717570331437e-04 2.925840901230552724e-03 1.248537198094641415e-04 5.425604287104703180e-04
-9.480710115532434146e-03 -1.040111908303232267e-02 3.987319029013954713e-02 1.508160375779471138e-02 3.492146056826521405e-02 -9.099412943826398412e-03 -1.193291461381937486e-02 1.741003056180361747e-02 -6.747324985209659370e-03 2.086637344286877346e-02 -8.493919990102963757e-04 1.100087965414322036e-02 -1.591078739889250152e-02 2.091127488925161038e-02 -4.065619283165020428e-03 1.435081051083844997e-02 -2.174013469836482901e-02 2.048922238354700456e-02 2.500328204343162195e-03 -1.529151465836098116e-02 7.991945032900477780e-03 -1.150427184029748778e-03 -1.647042171084180063e-03 1.210119009339404895e-02 -3.716376699473265301e-03 3.407761317343636215e-03 1.895279274676737015e-03 -6.448986219559011031e-03 3.375804205273363889e-03 -1.018733606600571648e-02 5.253769835317341486e-03 -5.996288075283828252e-05 -9.510460691819620782e-03 2.404273296442376723e-02 1.098472156851418996e-02 1.328131907002864757e-02 -9.752939813700562191e-03 -6.562531474853131562e-03 -1.150290272084267783e-02 3.958432277176570334e-03 -6.157372743207089986e-03 -7.565834117184734586e-03 -2.241851833527171330e-04 -3.715749799074239898e-03 4.169473698222328842e-03 -7.764346549494322534e-03 1.058205385041095445e-02 -7.172526522242335563e-03 -3.481358841893412558e-03 6.829790589750806863e-03 7.087196878424506345e-03 6.492317042848754979e-03 1.670686332460947230e-03 -6.536064499204089807e-03 -4.714211201843696540e-03 6.880553329812231535e-03 -6.532890637118402705e-03 9.368931953915912020e-04 -3.713337804383363451e-03 3.687960286066049864e-03 -2.193313864141673702e-03 -3.417458436708284940e-03 -3.378962558513093090e-03 -2.921398266634812351e-05 -2.962356506393138550e-03 -1.728984978097502763e-03 1.504131173109301547e-03 2.941155624819446601e-04 1.677823950729886255e-03 -6.387641480518460634e-04 -2.274793534575685473e-04 1.141522619950072247e-03 -6.979717391473563067e-04 -2.033491583941276094e-03 -2.956731922817426654e-05 6.166387586665543572e-04 -7.455247265898288980e-04 -2.199846494708987844e-03 -1.055507576084743293e-03 -1.468189733286563150e-03 -7.922159822389370810e-04 2.021836744824640712e-03 -1.554404841709944264e-03 -1.767266315209130474e-03 -1.161535301483582671e-03 -1.155519803864342530e-03 -4.024999297068798513e-04 -1.624246266445252560e-03 7.841290922391751196e-04 6.293703263844513396e-04 -5.706378619223273800e-04 -3.142812035525418147e-04 2.087652665522471938e-03 1.699433498562149007e-03 2.834260494509747142e-05 -1.446923946975938336e-03 1.580869984051418224e-05 -6.438491846630474890e-04 9.040311192293427802e-04 5.647560584604390975e-04
5.960050204461195961e-02 -7.403813928117667818e-05 5.325431431655978584e-03 1.007175863096610238e-02 2.512353921137116825e-03 6.835034869640844828e-03 4.639731566175594275e-04 1.019540095624163478e-02 -3.363009805294543686e-02 2.225502505137959622e-02 9.461919853097956051e-03 1.353225146097871735e-02 -2.944113233387788200e-02 2.917615814771691574e-02 1.779789123677423535e-02 1.940346275598550663e-02 -2.301640478604699211e-02 -3.143786904011512109e-04 9.718843971853517380e-03 -6.479700871595852479e-03 -9.031451010228763168e-04 1.048332096392020116e-04 1.899928063220441415e-02 9.058502640711946566e-03 -4.507734339491186251e-03 -1.697216787612531056e-03 -3.172075095514634725e-03 2.147863942862767751e-03 -1.969970474027358739e-03 -2.481753040810651904e-03 7.323922324691968695e-03 5.865082911575865768e-03 5.868797600108817056e-03 9.152168594135237992e-03 8.645970614455664519e-03 4.852769246520995290e-03 -5.185220354886417929e-03 -7.933389762886702487e-03 2.555770613068170192e-03 -8.038807913499949540e-03 -1.244307895678563921e-03 -8.815021901712044583e-04 1.934077782391253972e-03 -1.967419969315317244e-05 -3.481589404046175201e-03 5.211728979633973441e-03 -8.057530980304950310e-03 4.569192828415955324e-03 -1.748633561959217746e-03 -5.979295603873896123e-03 8.015240209333314436e-03 -5.676918335136911693e-03 -1.372813675947632574e-03 5.910061527311754465e-03 4.689284649611453332e-03 -6.920689184808167735e-03 8.711940747214726556e-04 3.767844619828146502e-04 -8.203426246509512988e-05 -4.183547526165534020e-03 1.402971086581006289e-03 6.192965288743351206e-03 -4.212593528007852221e-04 -6.208343312849730344e-03 3.794404350285648334e-05 5.212722274198203568e-03 -4.675429352589998040e-03 -9.028521767628267013e-04 -7.735093988321580134e-03 1.743238350077117070e-03 5.944208142948390137e-05 -7.662919929353436462e-04 6.479666237994106438e-03 5.385689456112435075e-03 -4.068878946124719967e-03 1.303005358507898373e-03 6.263290899327480024e-03 1.979989932150103774e-03 2.027204190249656639e-03 -2.074269148614188343e-03 7.777671238904541656e-04 -5.973717477645740584e-03 -4.112065334817045109e-04 1.164518804101492225e-03 1.780287878293314134e-03 8.464360124048180836e-05 8.896357399371892681e-04 4.098220440917507658e-04 -1.516469018753098140e-03 -1.382974615718995243e-03 3.010757906480325454e-03 1.444992443568210352e-03 8.410110873138882857e-05 -4.385305827621002045e-03 3.402012912308608156e-04 1.522872774059225989e-03 8.531383622526839345e-04 -9.160353362567010254e-04 1.637792439732871754e-03 -1.803881120294897758e-03
8.680730222088695047e-02 2.125733808112245671e-04 -4.773635723312967712e-03 8.249685891849529648e-03 1.167611646958422638e-03 -7.785577394667818948e-04 3.815214657733738499e-03 -2.571923032271490432e-03 -3.421424317800748210e-02 1.693317236783700372e-02 7.782647135913536678e-03 6.000614756768911026e-03 -2.954454263215254214e-02 2.194438091094587026e-02 1.638761903715717227e-02 2.324616189831624213e-02 -1.951469419341953990e-02 3.871538684083344439e-04 1.414135045324308067e-03 1.600639279861742559e-03 -3.142734994115305158e-03 -4.135512453148316656e-03 1.280645177572633728e-02 2.810545978347011274e-03 7.665047410016997270e-03 3.798578153085201137e-03 2.907062646056949445e-03 -4.593719773771804023e-03 -2.702955158837113108e-03 -9.306024759124831877e-05 4.784776780315834650e-03 -8.142725042140685002e-03 4.944990743809943128e-03 -1.320301293532383929e-02 -6.982392530032020470e-03 -6.065126386288999596e-03 6.653048001473355240e-03 -4.063361613057017187e-03 -3.915804983133618078e-03 1.196406845968139626e-03 7.058256719001424102e-03 -5.416968255326664629e-03 -2.722906471840043363e-03 5.535246266875092080e-03 -2.892428451719133509e-04 -6.016857458536074149e-04 -3.892658604669062879e-03 -3.295567985309785916e-04 1.563938738045288473e-04 1.677441622423313846e-03 9.208406586187762102e-03 -4.755271455303813032e-03 1.363090030255101771e-03 4.602555687062931215e-03 7.938668943309419579e-03 -1.531515723528845130e-03 -3.367444097720313431e-04 -5.790811531906529981e-03 9.410369943225739510e-04 2.870610214950085944e-03 -1.853089681604929654e-03 -8.649285811716665717e-03 6.666053314922721544e-05 -3.191693405207220429e-03 -2.730355194870344535e-03 3.520767705802591453e-03 -5.446621808810614418e-03 -2.693402914288589405e-03 5.350005822523110945e-03 -3.741519761059312367e-03 4.578289499321873922e-03 2.902469095630216388e-03 -4.689122921046358534e-03 -4.980320696245567162e-03 2.627634867059041972e-03 -4.602476591773901025e-03 -6.553915358560763113e-03 -5.824246261108506715e-04 -3.979808401015662127e-03 9.819288578141668888e-04 -2.673859732389003829e-03 8.568088522803701118e-03 -2.954613508005416844e-03 2.214394138343661785e-03 -3.200206978086901546e-03 7.663670452363266234e-04 -5.414892626856146262e-05 -2.443693793548385351e-04 1.578883528643208745e-03 -1.404400098803772331e-03 2.638918004922808985e-04 -1.667933401312597869e-03 -1.592261920647861529e-03 2.619953967583496350e-03 1.327852901080263436e-04 2.219484902930507031e-04 -1.117552323312887919e-03 3.504553570799196741e-04 -4.724494793134029354e-04 -2.713863148275370667e-04
9.717618357316060163e-02 -3.126531122186537899e-03 -5.454115361981473273e-03 2.956554762500339037e-02 8.755369826752183032e-03 -2.161699007294868094e-02 3.021724286135483648e-02 -1.002897677756638996e-02 -1.642990563844011834e-02 2.594969052669452228e-02 -5.331899714450242210e-03 6.564680775985789335e-03 -1.995581181419368421e-03 -4.460566732057608987e-03 1.792892494297321573e-02 -1.546239324893232750e-02 1.017330413199307899e-02 -2.849742199937369772e-03 1.241425597345689573e-02 -4.928569895145911220e-03 -1.612249546293127028e-02 7.892258974175506842e-03 -1.154095603925902117e-02 1.163669284516432798e-02 -1.377182585554627935e-02 -8.738408549566113075e-05 -1.881580893655718754e-03 6.232936540758566082e-03 -1.658925096806800319e-03 9.011189190170944274e-03 -1.144228370051360386e-03 9.924960248848641378e-03 2.178010987146958982e-03 -3.961697860420069529e-03 -5.796251406870381448e-04 4.016094249465344650e-03 9.426044691076213358e-03 5.449352017628101424e-03 3.672783463530869714e-03 8.389830883411506521e-04 -3.501921136513435392e-03 -1.715120504775826489e-03 4.246933802157886709e-04 8.546938316289619947e-03 2.354968805460650252e-03 -9.067164807385714662e-04 -3.880964696697816285e-04 8.164243304931989229e-03 1.931304297394394165e-04 1.465657223049601993e-03 1.309847226250491321e-04 6.172648799687128780e-04 4.236979684332935897e-03 -6.570649525327537134e-03 -3.269340353024434258e-03 1.285444458794967682e-03 -3.147108486812701285e-03 -3.501689465937642305e-03 -1.221341274490312344e-03 -8.582247470523684944e-05 -6.835573598099404374e-03 -2.959249883032439871e-03 -7.008645495234620652e-03 -5.608666231770577555e-03 3.483212677715737549e-03 1.288101248506699423e-03 -1.158229736382086343e-04 -3.656778704099533845e-04 8.757930253335521322e-04 1.263291420332828810e-03 -1.190757817432316901e-03 5.392706102271586314e-04 5.533654856380017077e-04 4.677679864037627595e-03 -4.776492836590074363e-03 -1.622613214993658039e-03 -1.169201177970560302e-03 2.443584417993709796e-04 -5.341981760082736320e-03 -3.088339512513375330e-03 -6.925629654791318375e-04 1.624243562083343018e-03 -1.463207876671029179e-03 -2.439912319699646340e-03 8.680503017264196586e-04 2.718272173544219669e-03 3.104182416745105907e-03 -2.083286438373542059e-03 -8.668674202952195325e-04 4.261511849570052274e-03 1.088528955179720757e-03 -2.483107100070955017e-03 5.265403520720457302e-03 -2.335095652846543458e-03 -1.834238116014303387e-03 -1.360532948147506760e-04 4.359435842192914412e-03 2.870422864000788093e-03 1.182975439096979218e-03 -2.779877958526364443e-04
-1.437646601252692488e-02 8.191238961971771763e-04 9.972238130123142752e-02 -2.486863326699067026e-02 -2.101376383840401416e-02 4.719314231346703054e-02 -1.358955892859107714e-02 -1.285501616463216937e-02 -1.511732413940872211e-02 4.750517657462953111e-03 -1.769491135325903033e-02 -2.126876977490569157e-02 -2.919480538465500392e-03 1.815394434263670502e-03 8.650703778148940287e-03 -1.650897918111019630e-02 6.163335355463198627e-03 1.685004249100593987e-02 4.090505529533642985e-04 1.922305384704377229e-02 -6.178424470247852879e-03 4.440876462850712469e-03 -9.015332298982086951e-04 1.779474745819120511e-03 -1.411906833944797214e-03 3.564652046589475952e-03 4.624906107797640414e-03 -2.611101964144627637e-03 -7.939459910576549331e-03 -4.052193656244118015e-03 1.027495456228194950e-02 4.970717919479323340e-04 3.498671749952651268e-03 4.479654916920087181e-03 1.927285217656116156e-03 1.486909141900061597e-03 -2.177805733013432610e-03 2.288157469482166549e-03 -5.382417410861030545e-03 3.316832784203987039e-04 4.610143185123764982e-03 3.565857473192970235e-04 7.879834490366636676e-04 -1.842494085295634998e-03 3.886535256526130243e-05 -6.611093068341357924e-04 -4.877009775922478037e-04 -1.932580233334671178e-03 -3.294033104441433397e-03 -1.049351673662108101e-03 -4.535511392958873657e-03 3.292251137651676027e-03 1.805419465448871233e-03 -4.479683251322147917e-03 1.001610990376380298e-03 7.026250835089332914e-04 -8.804794033092564181e-04 -3.891919669054708097e-03 5.546357343842400756e-03 1.142931585455778825e-04 -2.696920273020451519e-03 -9.660084862307879170e-04 4.157641432737059842e-03 3.185869167040902405e-03 -5.920659392275008041e-04 1.928382238943728054e-03 -1.202110993217059753e-03 1.253643348650583045e-03 2.055317921515390119e-03 1.512496294711624138e-03 -2.306670103421068561e-04 4.722912813867839558e-03 1.853865034223030556e-03 3.573795441297947240e-03 5.754378605886228655e-04 3.850767744396194590e-04 -2.384707659432478907e-03 4.539140156189972082e-03 1.555886202255916907e-03 -8.411341852068681801e-04 -3.233609954683077520e-03 -5.255641535255192948e-04 1.223479284743135727e-03 1.630317832402638622e-03 7.090904379836126777e-05 4.868417478159359755e-04 1.864999710650544918e-03 1.718322507590080636e-03 -1.945793186271468867e-03 -1.619614286679452869e-03 -1.403542839050660358e-03 -1.623599534906668314e-03 3.852533877203423180e-03 -4.140535794791126017e-03 -1.467748737336757679e-03 2.685229453267875947e-04 -1.212701501696830837e-03 9.600022756310009351e-04 -2.590739224320931077e-03 4.204093532718452576e-03
-4.915004237040573182e-02 -2.629176753257798232e-02 7.891633122850041926e-02 -5.623612577665522416e-02 -1.913003902868609316e-02 -6.690363108905501323e-03 1.951492160249492999e-02 -1.318678960073535987e-02 -1.051019337393876464e-02 2.153759063899589495e-03 -1.365650951861419396e-02 -1.344063591366142889e-02 -9.885650006772831594e-03 -1.829218584487643864e-02 -1.024094001717245142e-02 -3.340127577959412994e-03 -1.416786801990207317e-02 -7.194648521876945840e-03 4.860984283928808034e-03 -5.331151225073099166e-03 3.101660591872198395e-03 -3.479298072468407169e-03 3.451501987201307294e-03 -3.651722855034218816e-04 3.123658368021829668e-03 -2.378321842076926498e-03 7.513828498888396913e-03 -1.981778044622432497e-03 -6.796957681611413317e-03 3.505108797529104224e-03 -7.304626210610530579e-03 1.413801826442752894e-02 -1.350709061166460419e-03 2.051166297575188549e-03 7.294985057080404130e-03 -5.889840507546915439e-03 3.736026604288741372e-03 -3.477205404717196094e-03 4.163443693733008717e-03 6.850454482008029589e-03 1.806388119476055594e-04 -2.057150113669209673e-03 -3.738210619306505875e-03 1.923672597707434080e-03 6.574204512734964020e-03 6.278982539900240627e-03 1.490627208357407077e-03 -4.306167421786499458e-03 6.800583123524857679e-03 6.479129561166945515e-03 4.103360638698271478e-04 -2.387846672600048899e-03 2.629531016927424579e-04 -1.226030400374451389e-03 -7.494207696914924983e-04 1.136249552592154093e-03 5.467402875238211446e-03 -4.239377465472638634e-03 -1.734439241333107090e-03 4.875033150511048907e-03 -9.190233452220330753e-04 4.015229973675784464e-03 5.457911366425938389e-03 -8.355454111344149618e-04 2.716416013701406472e-03 6.184798429663479957e-04 -5.896553664200116472e-03 4.482623559671097477e-03 -5.109149383065128558e-03 -1.462532256316392918e-04 8.543060577925958932e-04 -1.465103999194490320e-03 -4.208849621958292778e-03 -2.037817193422904790e-03 5.009432473047486243e-04 7.029240443654316377e-04 4.157506863750904806e-05 -1.367222438897113066e-03 -1.135994544654711069e-03 -3.445034257320364699e-03 4.296546544934071003e-03 8.189200025555494131e-04 2.753592019408214638e-04 -2.944153616004378717e-03 7.472143332869976692e-04 2.766688209150460192e-03 2.717033335496643696e-03 -1.736284176067377956e-03 3.102219980036903329e-04 1.034253561860748634e-03 4.018805361913175937e-03 -2.149115417482067199e-03 -5.343652693459568365e-03 1.555753766325719458e-04 5.832839882761472030e-04 -3.084685206790313810e-03 -2.398024233297764852e-04 -3.047523771148557235e-03 -2.001336689648359948e-03 -6.180888609055055572e-04
9.581236889766971132e-02 -1.875878913385832340e-03 3.264197444320674629e-02 9.538576011282587711e-03 -2.029223471410300864e-02 1.924886678037739801e-02 -4.271282060304618100e-02 2.289059467638999111e-03 1.665246876809569829e-02 -5.691062651894019872e-03 1.104486963910400812e-02 1.071265258105697817e-02 5.082265010951705344e-04 -5.386460368124586402e-03 -1.358349055566956086e-02 -7.165724529568511490e-03 -2.322234108635166678e-03 -1.011179462040864407e-03 4.531407041282026725e-03 9.318839346364894000e-03 6.721190746921944584e-03 -1.656999007413838612e-02 2.209818966463998266e-02 -7.439608740000908105e-03 -1.787525095317490931e-02 -6.819252017164731047e-03 5.913736946167081916e-04 7.670061925742444010e-04 1.412733661010154382e-03 1.075361152220350412e-03 2.815207448811149070e-04 -2.701783579985483821e-03 -7.829578182778422837e-03 -1.554868486935159343e-03 1.548684291383754840e-03 1.902051732491261962e-03 1.635287346941803437e-03 -2.231269115007118817e-04 4.392665635206807750e-03 6.215610376995089545e-03 4.996534647570406544e-03 1.147498128096420891e-03 -6.204135786172648194e-03 -9.620312096653760086e-04 3.316890472568904003e-03 -3.437705231612809328e-03 3.121271157604183725e-03 7.795505762236609217e-03 5.721708179956126218e-03 2.831002613306906994e-03 6.995694058616992120e-04 -4.372844093770027196e-03 2.940415840650357094e-03 1.150698435846433292e-03 -3.628803963460820129e-03 -1.842935008090727063e-03 -1.315534659938826173e-03 3.903766134312590050e-03 -1.598468333582436438e-03 -3.597731021651646034e-03 -4.290494269379693630e-03 -4.455362049420485970e-03 -5.154348717963302962e-03 2.664098121548584170e-05 3.503092849670270091e-03 2.393676162079116151e-03 4.500268748077211264e-03 2.191568504700524937e-03 -3.416155689624813131e-03 5.036956928153820713e-03 -1.136903402713831772e-03 -7.541213251763566111e-04 -1.512663917186683835e-03 -1.332430949182863500e-03 1.371686552125350213e-03 -1.462460328756465255e-03 -2.340848236236166724e-04 4.820509475442962509e-03 -2.370836440357456960e-03 -3.089292454851028796e-03 1.985581248558681222e-04 -1.021175305686145484e-03 -1.161206938836997641e-03 1.455896598260348306e-03 -1.955196166466320520e-03 -2.587911778177406225e-03 6.870046466186742517e-04 -2.664294836104415080e-03 -2.751371223498313891e-03 -1.059885767053270097e-04 -1.614030401407973289e-03 -4.273520478982750434e-03 4.919735895719150419e-06 2.071619083877307248e-03 2.337282836727198583e-04 7.246135657642149190e-04 -6.258631686436531491e-03 -3.224058535597194332e-03 -1.042363593718653812e-03 -5.009476017957397191e-04
1.340422777161985601e-01 4.038834594706136919e-04 -5.125244631740358096e-03 5.590993867447448772e-03 -8.472695461812750073e-03 -6.178469633436452398e-03 -2.173320255560646369e-02 -1.077096736057012866e-02 1.048203561979855515e-02 1.792875926131336966e-03 1.012703650363081832e-02 1.190485099391838143e-02 4.799759545855059734e-03 -1.795148149383922129e-02 -1.198608882824240413e-02 -7.720288134464576256e-03 -1.502409150570493046e-03 -4.790388217850258257e-03 4.532332542868280738e-03 9.569149696083533579e-03 2.892954203497747831e-03 -1.172717282058560392e-02 2.006625712846945783e-02 -3.639081661999428539e-03 -1.453436576476319596e-02 -4.402123261181486134e-03 -2.897355410836635007e-03 -1.362028552117029332e-03 7.271860601620556974e-03 -4.846042358631880327e-03 2.450359298293553097e-03 -3.484821302273751961e-03 -8.203409395962155473e-03 3.556260001843231620e-03 1.991803311699164199e-03 -9.382093231134913279e-04 3.025023644787170761e-04 3.018170165303757694e-04 5.097535388716270370e-03 9.986051017842343183e-03 3.281957064762733214e-03 4.978293437504130968e-03 2.040661153574874643e-03 2.438745301168951732e-03 -7.330813901615622211e-05 -2.364564489031401300e-03 -8.446265383048094872e-04 -2.383403514421029729e-03 -3.732369463193933434e-03 -1.060486991788006346e-03 5.576830162948233534e-04 7.999486926481996253e-04 5.106504483507407280e-04 -2.722097852248713600e-05 5.904447972552216012e-03 1.968320664643744087e-03 -1.965378974488247738e-03 -7.565527776191655063e-03 -1.397362722773588025e-03 -1.514358308819056202e-03 -3.157455363963497779e-03 -6.659944804920417752e-03 -1.330634145718326755e-03 1.103781785590265442e-03 3.321152093739078741e-04 9.457953087675943175e-04 -1.320060849523625995e-03 -3.891525784667479275e-03 -1.603026657225542669e-03 2.717949662331199754e-03 -1.643255290394882986e-03 2.424804268449013908e-03 4.144007326331573642e-03 -4.009192033531859545e-03 -4.524185556807765705e-03 9.011639584549995755e-04 2.695035518731480218e-03 1.329327915130994794e-03 8.663557028768760276e-04 2.100167763381834748e-03 1.637027307811189398e-03 -2.310608317079236151e-03 5.106843773111198123e-03 3.621690220223000318e-03 2.946747673936933164e-03 -1.005531098285578073e-03 -2.198185420149443084e-04 -1.323144024706234727e-03 3.843789280951193967e-03 9.430736359149414745e-04 5.547776034302710768e-03 -5.297259731096025425e-04 -3.565870580883623384e-03 -9.132828179649856359e-04 1.352429348231862661e-03 -2.220915497002826870e-03 3.877547188419128241e-03 2.862994088285854104e-03 -1.693553086109182704e-03 3.076723652534881122e-03
-9.423139192524233876e-02 -1.075125179067319831e-01 -4.655222684439914993e-02 4.662399170762701085e-03 -6.728152509931709102e-03 -3.251860429017814844e-03 -1.745909450448403580e-02 -7.861256807804346478e-03 -1.178751658928583806e-03 -4.700106312391294158e-03 1.639127665940557158e-02 -9.453473551679473369e-03 4.998631077310126090e-03 1.167903375287113969e-03 1.549931750459938688e-02 -1.123955114220381857e-02 -3.369202995686183203e-03 4.924682794771447110e-03 -5.661418857565275395e-03 -4.460724181938552010e-03 -3.150190545006468969e-03 -2.388113362773457409e-03 2.907361620176073056e-03 1.773851898582034419e-03 8.402590662508460564e-04 1.347051331173209666e-03 -2.213128183237907456e-03 -9.092691778654162817e-04 1.846030624141990935e-03 -3.580845360035736936e-03 -4.027372717646669938e-03 -3.450075386584783077e-05 -4.032618287275726611e-03 5.800931420386418874e-03 -6.019723704136462940e-03 -5.437241451180368883e-03 6.334569319612625717e-05 2.086084377828698218e-03 4.730935943318169586e-03 -1.956412705240009008e-03 -1.246590335446381937e-03 -9.270440030928453826e-03 3.213646592899084553e-03 -2.304854027932587944e-03 4.228582536668062247e-03 -3.391145607818741876e-03 -2.843346663146764566e-03 3.735198661379742109e-03 -3.070631429904895635e-04 2.132374797439559079e-03 4.178474002468775240e-04 1.180339210904803038e-03 -2.359079737762649186e-03 3.180271668070821676e-04 4.442933945325404366e-03 5.069798852005779656e-03 3.146899595387259337e-03 7.295059737906867993e-03 1.141347215283987490e-03 1.244852449610796849e-04 -5.546124996492311776e-03 2.360415021105054158e-03 2.913221300877704713e-04 -8.837947301463053166e-04 3.694626271171844970e-04 3.577487035005781765e-04 -4.791296794481566049e-03 2.162671015933422675e-03 4.522057347028140932e-03 7.298483255439104471e-03 2.211452570163725297e-03 8.929183352968911953e-04 9.321549395347311900e-04 -1.882636339421151373e-03 -1.508612793881069928e-03 1.811392840233721569e-03 -1.589351705538291550e-03 9.348048683525883107e-04 5.403963920370638985e-04 8.935188297290104151e-03 1.018362224268495571e-03 -2.932523812982100724e-03 -3.724429535109640647e-03 -3.431946932864250212e-03 -2.034529959871112913e-03 -2.130133346251776583e-03 -3.176303982028925738e-03 3.339155510236788051e-03 1.200478036072041670e-03 3.861144484247695276e-03 6.788089726024127074e-04 7.458136596192596135e-04 1.670597961695006626e-03 -4.095812180433133385e-04 -3.981975985556114594e-03 3.698225846662521205e-03 -1.557667494540194595e-03 9.050702685518449394e-04 -3.297933239085627235e-04 -1.359286703510743499e-03
-9.598739262327732336e-02 -1.086893500420932912e-01 -5.301660668044162056e-02 8.740803275022843155e-03 6.444464297690317284e-03 1.563123947035243225e-02 -1.796949043073407803e-02 -1.824467114680664026e-02 -5.812230398421734667e-04 -3.523845830898518668e-03 1.414795081605048702e-02 -4.911390978265237767e-03 5.075093706327981485e-03 -6.883861976154201541e-03 1.985959624316804145e-02 -1.062560906736805151e-02 -6.226733208504678721e-03 -9.287980147003093226e-04 -1.072411199618674045e-02 -1.231102338615517808e-02 1.039937392376344416e-03 2.971581797800271207e-03 2.729321093615788129e-03 -1.470446781468337776e-03 -1.599841075358522874e-03 -5.214378031426989031e-03 4.628009414559323270e-03 -4.311594268748924347e-03 -4.587586328189805678e-04 -3.995808446895853655e-03 -2.845385603265346069e-04 -2.023826392746585199e-04 -1.003492923375975650e-03 -6.726118625958575235e-04 -3.590121963322620395e-03 3.773517402467699029e-03 9.294596515654524093e-04 2.375687784844852327e-03 1.402851215127702642e-03 -2.975392985760808798e-03 1.047375444919514771e-03 9.780929336756301502e-04 3.059663534135589284e-03 -1.279438780355633774e-03 2.156934758061699025e-03 -2.223289826738799203e-03 1.475575128746344986e-03 9.006922320115190754e-04 -3.920501721015834883e-04 2.705163591068496676e-03 -2.196881225640036090e-03 -4.174380135496966941e-04 -2.880377538779047789e-03 -2.020213296611160416e-03 3.866203966785193048e-03 -1.527326916298774777e-03 2.588729940609821268e-04 2.596298805899478149e-03 5.953811371834974962e-04 3.422935986478660582e-04 2.033666945708519254e-03 -1.829195137721987933e-03 -1.108069984205181484e-03 -2.082238974099356009e-03 -3.451915719716403506e-03 -8.926948476320568579e-04 -4.930780992917531240e-03 3.990226297459842677e-06 -1.232583626181273703e-03 2.517304591379347992e-03 4.374315680554800487e-04 -6.842152492554147642e-04 1.910947753391600921e-03 -1.117418854930683336e-03 1.502164083085164026e-03 9.162587058990697287e-05 -1.819675445390557750e-03 2.064665544697070684e-03 1.940748006708833311e-03 -2.083888857283148436e-03 -2.517998218026441110e-03 -1.052269779464511806e-03 1.054604797776899664e-03 -1.156504783667433502e-03 -1.610495391217784712e-03 7.847198559038799084e-04 2.320607692597897141e-03 1.744655494089662534e-03 1.620374133498709131e-05 -7.511516683623481374e-04 -2.093260866977772992e-03 -2.531964823603085300e-03 -1.660152906399046339e-03 6.941307969823069151e-04 3.418413693696099615e-03 -5.986533875660161614e-04 -4.892163569827423031e-04 5.023485335366677631e-04 9.334311152867781451e-04 -3.776745157764945285e-04
-8.996151924646889064e-02 -1.024104814067584024e-01 -5.161569414639706477e-02 4.447925454117327218e-03 -2.142611348236198379e-02 4.219873756247137682e-03 -1.578550886655991775e-02 -1.093627502606655914e-02 -2.484879624016771041e-04 -3.101541831566365982e-04 1.557642894442578738e-02 -7.359419744090435825e-03 4.810470717854374752e-03 -3.585877052504392662e-03 2.234103791670312075e-02 -1.518167849252043469e-02 -9.012860467984872351e-03 1.679822626600476453e-03 -1.366260072997641482e-02 -1.338112017681140735e-02 -1.938857951546509224e-04 2.185380312309601145e-03 3.054614107036373889e-03 -2.677331551206661286e-03 -2.619212342153253315e-03 -4.828599680936461122e-03 6.534964845448282440e-03 -5.150524597861982218e-03 -5.851401540306270643e-04 -3.717227696933430268e-03 -2.829994960457215668e-04 1.180142441348454004e-03 -8.693366077817855789e-04 -1.122647743932509400e-03 -2.380698061564230378e-03 -4.716623158504545401e-04 -1.052291135374058655e-03 -7.043107449110788763e-04 1.182971758662339874e-03 -3.297473774841017721e-03 1.499270707935657283e-04 1.463415739856569484e-03 1.854316087521071721e-03 -8.008963015995837920e-05 5.591502368129809553e-03 -4.083098242418952382e-03 -7.419252072478513087e-04 -4.087735123045431050e-04 -2.926462414995491756e-04 3.390706480754211456e-03 -2.898865230839898447e-03 -2.083849664952602994e-03 2.131662403477563306e-03 -2.732053248670703732e-03 2.510289311065548069e-03 2.223090962929411170e-03 1.886597279112006567e-03 -5.952108263071738094e-05 -2.914588873369051633e-03 -3.327361819227022191e-03 6.086220578310212043e-03 -2.029515400954789300e-03 1.336399100699999388e-03 -1.753664217475454576e-03 1.924893682418309961e-04 8.575965369498402425e-04 -1.765783203754825665e-03 3.630554364083999740e-03 -2.829424086696174200e-03 -1.669654608914740044e-03 6.398460795225439446e-04 -1.783887091366993891e-03 5.704828711947433628e-03 1.879978139745094434e-03 2.940914256018058084e-03 -6.464948203592817610e-04 -2.157819456710549318e-04 1.168257863518720524e-03 -2.407713934753944081e-03 -1.323456478479296096e-03 -1.554190792090416476e-03 4.406864460510380617e-03 5.578185799439306682e-03 9.666355518318794850e-05 4.922599529723113189e-03 1.508888730626663883e-03 -5.671940374583828680e-03 -2.721494525916078999e-03 3.080075503173170057e-03 6.033843434503499692e-04 -1.563079292633874802e-03 -4.303729134218258097e-03 1.774769559915140662e-04 2.143218180157398668e-03 -4.784748490150992836e-03 2.118084270300622709e-03 -1.170448306714347644e-03 -1.717204246998821739e-03 5.380539728778783136e-03 -6.578210094735552436e-04
-8.332043193706238637e-02 -9.532988469702620427e-02 -6.454043645399447360e-02 2.302811496710963426e-02 2.009155238319853317e-03 4.171696235077585607e-02 -1.416609569578589946e-02 -2.103111787396800755e-02 6.656925644355830146e-03 1.129933148536530624e-02 -1.015696138236336183e-03 -4.394385374465845269e-03 5.692091136230392236e-03 -8.574895515559942741e-03 1.305111816259592328e-02 -5.075925758004663606e-03 -1.371404470502599927e-02 -1.927427234601765968e-03 -1.658751500789228464e-02 -9.262781195503872952e-03 -2.869560092225337342e-03 6.234544569405252833e-03 1.466618393871780071e-03 -3.196657570964097934e-03 -2.535191855370461534e-03 -5.815536625764818057e-03 5.137528477258361016e-03 -4.597752507481665286e-03 1.274821704905316393e-03 1.017055550061857173e-03 -1.276186659692640692e-03 -6.580838728163660107e-05 -4.516491808848302654e-04 1.116723920706710112e-04 -1.999633386170843196e-04 3.974812407674268785e-03 -1.908991089544382228e-07 2.465391137332296947e-03 -2.069372166319599030e-03 5.191102359127963868e-04 5.230305485163443471e-03 6.251991027360110850e-03 1.475086083153966587e-03 1.500096197683921774e-03 -5.851213713345833865e-03 1.536855263891723743e-03 1.491079240061928858e-03 2.805114264668770886e-03 4.977908619702425298e-03 1.456731584595217621e-04 4.092191918392243562e-03 1.445683003762066304e-03 1.079202770643942566e-03 -1.119811526478318260e-03 -1.775748859705837722e-03 -1.974560130669856216e-03 -1.634923662057454798e-03 -3.291790609263904252e-03 -1.811644291007501574e-03 3.613950310050406244e-03 -7.592201490020628160e-05 4.680608595771017753e-03 1.098595791422007093e-03 3.116248412755932254e-04 -8.701165138863305041e-04 2.431339431750974191e-03 1.935438963199946497e-03 -2.757667810997787260e-03 1.462583142829956134e-03 -3.504259194341607713e-04 1.603947797165141721e-03 2.883542712862865749e-03 -1.424234690207795565e-03 -3.693425296682831694e-03 5.627675724549267107e-04 -5.109728369945733132e-04 2.486342428453604952e-03 3.452991882130192983e-03 1.113737073235922812e-03 1.825974650350987863e-03 1.865083734544357866e-03 -1.701115797014986783e-03 -3.914528188641749375e-03 -3.796521227503961600e-03 1.735503696927271754e-03 -1.090291460406859725e-05 -1.702318689552490818e-03 -2.591747034938977207e-03 -2.774647752397251693e-04 -4.971079015102288770e-04 2.324212538245912717e-04 -7.220148349971931227e-04 5.911639095471616723e-04 -1.315568364917468454e-03 -2.214388048939729299e-03 1.376367930228805095e-03 9.690770529705866219e-04 7.697524543961448010e-04 -8.396465024734737354e-04 -1.257836435621412447e-03
-6.693550684602364576e-02 -7.418835186960182071e-02 -4.503739957628021678e-02 2.182062488036503461e-02 3.897995337285359990e-02 4.970997416594897383e-02 -5.185980656860838915e-03 -2.185837893870147541e-02 5.256241494848883263e-03 9.488562505389402935e-03 -1.157650322137153236e-02 7.484346535529116939e-03 -2.817733490715760777e-03 -6.679872868820384453e-03 -1.225712655658040516e-02 1.057934779777832020e-02 8.422508144172039316e-04 -9.055668753856209452e-03 1.480606151364272614e-02 5.699509060882498868e-03 1.310104691943116172e-03 -3.683458480349394507e-03 -7.391039352502667102e-03 -3.848110179895607597e-03 3.589767576455537169e-03 5.833061113669534350e-03 6.588180971340739517e-03 5.236594153330285766e-03 -3.932909285119406441e-03 -7.352254405065597291e-03 -4.614309621082454162e-03 9.933550014505844634e-04 8.704943881676370510e-03 2.049648424069473382e-03 1.734902863652737406e-03 8.469640706502221811e-04 -6.151477587478185703e-03 -3.781115840079928622e-03 1.177492019748104446e-03 8.368986014710751847e-03 -7.068668809391293745e-04 -5.745123026809261825e-03 -1.009631315894150665e-04 7.696191478697230956e-03 -4.468821774819673256e-03 -3.833581003617316592e-04 1.006293109609309377e-03 3.808750179065843386e-03 5.070283063989238469e-03 -3.994220842453380209e-03 -1.201685944935832352e-03 4.484367304312389044e-03 8.708672019079420970e-03 1.543237885070319155e-03 4.142992646096927550e-03 2.246483180272280250e-03 -7.441262908932564334e-04 2.327974387831283597e-03 -3.470216633093136001e-03 -7.432205164850731044e-03 2.746300216517666339e-03 1.922181234974195503e-03 1.353501194886906319e-03 1.467094866528900667e-03 2.839801771614195586e-03 5.170915008627786739e-03 4.088990959851646761e-03 2.430247025495553114e-03 8.995328965179880815e-03 1.466079138605809245e-03 6.051570665239764356e-03 -4.455312956393107080e-04 2.068857466680927310e-03 -9.426464510115561187e-04 -3.700256380023598385e-03 1.510307424095664848e-03 -3.914826850202259879e-03 -3.718221790174247501e-03 9.529370435918191199e-04 -4.288757729376448807e-03 -1.484364370981294465e-04 -4.037283351674279992e-03 1.443442674465297707e-03 -3.645632429624572676e-04 -3.677545703499031544e-03 3.027007982757277428e-03 1.685767631035624920e-03 1.915036472715415375e-03 2.652168601919840788e-04 1.869017116706708694e-03 2.776911494554922585e-03 2.942462619658102246e-04 -4.148439268165487180e-04 7.508567336489619434e-05 1.305233488937222351e-03 -2.140930102032692715e-03 -1.952831912028694245e-03 -4.398148422301199380e-03 -1.002089460812024234e-03 9.350752709617022413e-04
-7.853653377392033619e-02 -8.809011386006791733e-02 -5.837184731686222150e-02 1.761373694768750969e-02 -1.766695661472216308e-02 3.101612917838498032e-02 -8.435065952737670278e-03 -1.290041440838784158e-02 7.991301289742709993e-03 1.411041731505558242e-02 -8.896191463756229073e-03 1.307747350750856907e-03 2.617210886273244486e-03 -6.345589089009956094e-03 4.759138493459651176e-03 3.478496004396200610e-03 -1.140576494744964357e-02 -7.449887962125371216e-04 -1.525500405560109400e-02 -1.063026572472116705e-03 -2.034533682640211113e-03 1.027621263532649785e-02 -1.950093011588914255e-03 -4.708809072223064116e-04 -7.716337333219685547e-03 5.368117408675248748e-04 -2.579258137848833548e-03 3.246831379677416612e-03 3.258737074367489862e-03 1.175280591762258194e-02 7.183846766190964649e-03 -2.266233332174492649e-03 3.188026983244233943e-05 1.233748214038908782e-03 -2.891185155609648540e-03 2.381552824094463998e-03 -1.751262440161692208e-03 -3.195433296958441905e-03 2.603160564164008674e-03 4.443935591340174296e-03 4.922190169330528664e-03 -2.955228826209559383e-03 5.285746632184050789e-03 -4.586618381034321054e-03 5.128518590668070323e-03 -5.357460585177460828e-03 -5.007443377775895946e-03 -5.346652932146186976e-03 1.123808198925050142e-02 -6.226143327286267487e-03 3.272880977854492404e-03 5.308977409052459753e-03 5.416382606288541041e-03 3.256438474695927052e-03 -3.904819850819201462e-03 1.720795612973463227e-03 2.678726802872369479e-03 -5.486129453458082894e-03 -2.035404496827179863e-03 1.234318399106515288e-03 3.318599790493646437e-03 3.199457072783131253e-03 4.726444601273957491e-03 2.047064861467679225e-03 7.448413543194165945e-03 2.068951372893528418e-03 9.643260345791219296e-03 -1.811285985346036903e-03 2.882724007918422131e-04 -2.569143084775264360e-03 7.544534037214102769e-03 8.893791861424431852e-04 -1.162499942179340403e-03 4.388405898183328800e-05 -4.032856715564459710e-03 -2.920094728218019121e-03 4.193606319033975349e-03 -2.362283448498862359e-03 3.001462565428842082e-04 -7.213928993148803308e-04 -1.457909173439416329e-03 1.576061641180351563e-03 -2.985840489564669641e-03 6.934196157192484833e-03 2.795794970861279708e-04 -3.845390871013256058e-03 1.317873324307083146e-03 1.589388084489239562e-03 3.289027242818621036e-03 -2.161552264497128804e-03 -9.885621434098960589e-04 -9.412200443593117874e-04 1.752436648551369521e-03 -2.164274449245197189e-04 -1.874038388140185645e-04 2.713395929434000205e-03 -6.372438373327084975e-04 2.649189490065937194e-03 3.169715988605209013e-03 -3.129868329827547278e-04
-8.991907936305568172e-02 -1.006144197669840284e-01 -3.632551223444820815e-02 9.931774740687714705e-04 2.147393834463189738e-02 6.375076327531166605e-03 -1.459529875174636962e-02 -1.581141444706105764e-02 1.338422687561633415e-03 -1.021061024766349752e-02 1.478701118548687334e-02 1.327232193803652184e-03 -2.650710156059480358e-04 -6.626432386538457300e-03 1.813980219529007579e-02 -4.869190443926810045e-03 -1.783280317991464692e-03 -2.101768354114266074e-03 -1.324033557328885106e-02 -2.085952523239389175e-03 4.677675861298664396e-03 4.280635960642193913e-03 1.986287710627424302e-03 -4.174127906652196594e-03 -2.726367832398257900e-03 -9.929068857425487477e-04 4.390637979955735451e-04 -7.704816808425530694e-04 -1.021105830600171476e-04 3.182949384447184178e-03 6.883585943892066294e-03 3.464043739132950141e-03 3.883843495150149285e-03 4.161440402383189893e-03 -9.251672494147248141e-03 5.017419786311487669e-03 2.983871055084253484e-04 9.658048880242856276e-04 4.315043495667044045e-03 -1.988711237756954960e-03 1.468548892289464614e-03 -7.800471311659953715e-03 8.469473335824928562e-03 -1.676100184162345776e-03 1.608812074946316256e-02 -9.227952516314445394e-03 -6.382645719426418771e-03 -3.392025819654139168e-03 1.068242949276528757e-03 -1.044753379427732116e-03 -5.670723576244896327e-03 -1.531580052868155000e-03 1.064744475704687728e-03 -2.525319668247852280e-03 2.058725321943935885e-03 -1.558382008137954369e-03 -2.926828316164464426e-04 2.878259445455056721e-03 -8.704295166960255214e-04 -3.597864351681650044e-03 3.027336763460251878e-03 -3.185418854915351376e-03 -1.570997963707236600e-03 -3.249639851151302130e-03 -4.846223235741976484e-03 2.923363921740495999e-03 -3.127469612126309137e-06 -5.692976638701575985e-04 -1.200902591306748278e-04 2.814172269689890196e-04 -6.144631633701178779e-04 -1.378483670830569054e-03 -2.090087960289231401e-03 -1.447675430997147957e-03 -6.447081007532177986e-06 2.554553282817103709e-03 -1.185527615842443686e-03 -6.737315232709000304e-04 3.295188360146806585e-03 -4.301193681869013973e-04 2.973114753299596538e-03 -8.012866383315375967e-04 -3.653875331109920736e-03 -1.391341530928655789e-03 8.280299830725518402e-04 1.756984575091875226e-03 2.688168768919795351e-03 6.724760562543503298e-04 -1.446242453680166278e-03 1.167660924734421684e-03 7.845471504489828296e-04 -8.970396256820740511e-04 -2.022747412259195184e-03 -1.301369504679940553e-03 2.463838014407831144e-03 -5.649729802137872653e-04 6.396011827604553739e-04 1.622011262579821844e-03 -5.167357178129900613e-03 -3.480982988692785823e-04
-8.251636272612518364e-02 -9.368900959791257033e-02 -2.008199348196161235e-02 1.362052335594659798e-03 5.547235772943051590e-02 6.738245805316259336e-03 -1.973722823894573028e-02 -1.510028712452216731e-02 -7.099753597264112613e-03 -1.233565394461473043e-02 1.965230213713847415e-02 -3.321302740453701760e-03 1.245564724077713372e-03 -1.690154893313561280e-03 1.045491713519647661e-02 -8.833646160209665532e-03 5.913604492677373113e-03 -3.006316414432952562e-03 9.632859810763788264e-03 -6.268157988735597631e-03 -1.609729886353639800e-04 -3.300786357844335758e-03 -3.319572394263550102e-04 -2.586850651647761273e-03 3.387086281262927101e-03 -3.180665536713970739e-04 7.252713512770615073e-03 -4.975458321574774065e-03 -1.060801696664081075e-04 -9.943872951076657835e-03 -5.362039728331001280e-03 -9.194463452947970739e-04 3.093199613536428728e-03 2.616114289963090110e-03 -2.427515270516969383e-03 5.569811381065494296e-04 -1.928413009145197969e-03 1.061408878223953642e-03 2.182006706142817186e-03 5.449469060222104184e-04 4.169466936187350876e-03 -1.181631273177762139e-03 3.373158405526262109e-03 -3.730155472040971171e-03 -4.630097774042659514e-03 -4.629704050254254374e-05 1.768651141271236128e-04 -7.642412518586652744e-05 5.489372169539227450e-03 1.197219538842705933e-03 5.157000700080412170e-03 6.274928823876755810e-03 -5.161272378022777746e-03 8.716903657878537529e-05 -3.074601064401067101e-03 -1.876630633116288353e-03 4.385385016991850959e-03 7.678827486143589842e-04 4.248477900662975260e-03 5.301833039788620035e-03 -6.559586732359821287e-03 -5.919417861987460961e-04 -4.179664104236215615e-03 3.115041281057629678e-03 4.525648498586659976e-03 -4.083522286477472840e-03 -3.021848754166051379e-03 -6.163123288970645758e-04 1.942875421077300355e-04 -2.315674169046998501e-04 3.468676930005719101e-04 -2.998755768030737182e-03 2.052544543203134279e-03 4.092206645925793029e-03 1.504729344013314802e-03 -3.672694677350185708e-03 3.535341518102900430e-03 3.091759879685196995e-03 -5.183675344359653207e-03 -5.074349989627843132e-04 -4.886610415475771407e-03 3.795440826560810433e-03 5.931567431626962039e-03 3.681212774886294999e-03 -2.209791036408572783e-03 3.471046517189855162e-04 -1.454461521971689333e-04 -1.631539974085296791e-03 -2.857922188064986914e-03 2.962894364306326196e-03 3.401043571803990086e-04 5.177260635266509037e-03 -2.826138516008855611e-03 -1.338254890061436105e-03 4.772881912481806779e-03 -1.412410277669413515e-03 1.573232360349548740e-03 3.807102925233639087e-04 1.761848179983824605e-03 1.281511320546112592e-03
-7.160989689863900276e-02 -7.762806933827577638e-02 -5.228934409139410905e-02 3.177798835205878497e-02 3.448119441600849822e-02 5.268380419977452406e-02 8.376982732685923265e-04 -1.922481425997827134e-02 4.302289692164453297e-03 9.600794391937044620e-03 -1.605597356461954325e-02 -7.301420695051030925e-04 -2.256915527367407519e-03 -3.522466714866851617e-03 -1.727535949570703153e-02 9.107790246240244497e-03 3.161668066358851430e-03 -4.089831773953340154e-03 1.787129120830126261e-02 2.881331723979988369e-03 2.999424747191821537e-03 -1.086939802210768434e-02 -3.453728202585992779e-03 4.112383240664681814e-04 5.715434231786406180e-03 1.355199014813800434e-03 4.957078059193367400e-03 2.947110532673090279e-03 -1.353247945554662260e-03 -1.012918117569892862e-02 -6.352470679079468691e-03 2.884401908396436176e-03 4.203021667569767188e-03 -2.824155436432713821e-03 4.347630651398871372e-03 -4.220566828819101164e-04 6.221260030665910074e-04 1.207216289581220870e-03 -1.446425957454155337e-03 -1.131435406948267698e-03 -2.402861303283279192e-03 1.042078531807894915e-03 -2.406277317705477880e-03 3.149388641199375206e-03 1.247748253077195126e-04 -3.088103839967505410e-04 4.347453035361823100e-03 2.079306837545502953e-03 -5.013679243969519986e-03 7.033232261725584937e-04 -2.265083873936132863e-03 2.502152643521143925e-04 4.232221870309225498e-04 -3.465834033024176920e-04 2.412570159762620400e-03 -1.437200513894184824e-03 -1.325845454243612968e-03 1.688024055096903810e-03 1.284389610768581907e-03 -2.956882981077291108e-03 4.534737462955271831e-03 -8.614371737321658597e-04 -4.467579342131174471e-04 1.394814949892541006e-03 -3.513248723625800405e-03 6.277193842812317424e-06 -2.152522673674295631e-03 -4.274308488605277052e-05 -2.775197715102591047e-04 1.177124530911794224e-03 1.694626793530073106e-03 -2.213865745602134098e-04 2.306060623439148364e-03 8.123350341457234334e-04 4.037020573486267680e-06 -1.227530316260973036e-03 2.507707628996107014e-03 1.383012000552254510e-03 -1.442868465148008580e-03 8.722496726882192179e-04 5.068337858968284537e-04 2.980438461666400606e-03 -9.746942859269267911e-04 2.505064988074171407e-04 6.278700167933448087e-04 -5.920931612319341869e-04 -2.162696754441320156e-03 -1.707367428008372233e-03 7.855354048363933240e-04 1.126344107202560023e-03 -1.895487482800766984e-03 -1.743059667793291946e-03 1.189661845586958939e-04 9.090804556348700471e-04 4.833674879767305382e-04 4.008969956461185674e-03 2.078911983006228627e-04 6.530730114016908110e-03 2.379814618421632541e-03 -9.846920594435294282e-04
-6.327942211997718280e-02 -7.376850422062214419e-02 2.209522458327091085e-02 -5.469164153254867447e-03 8.442666236815081493e-02 -3.437925676106898254e-02 -1.629837785943822823e-02 4.105950143745350396e-03 8.512503326295307003e-04 -1.178547983736708514e-02 1.485680828422644012e-02 -1.042049084283694534e-02 9.703747315518601894e-04 1.035223242047611340e-02 -5.778296533430178974e-03 -3.048018704970031131e-03 -2.301484495112084052e-03 9.799329199075215366e-03 -2.372615694023362878e-03 1.376986725674924153e-02 -1.159097895878767647e-03 5.930650209525030123e-04 -1.273948096749136921e-03 1.367047697201583499e-03 3.999151021826151398e-03 -6.892600517740708407e-04 -1.031032341662799570e-02 5.607896603915551482e-03 3.940023846265176821e-03 8.592408767259501756e-03 2.172831322640267869e-03 -2.516151996262249238e-03 -4.900573032478570262e-03 -3.657626455921595809e-03 9.432687278070820205e-03 -2.267723577103237294e-03 3.297860681983363126e-03 1.456411285488717639e-03 -3.167964807171031079e-03 1.233210170001165481e-03 -2.409915858471905863e-03 3.340541838090714272e-03 -2.597973369920986587e-03 7.345266525848092101e-04 -2.054724786299901886e-03 2.164516186884539103e-03 -5.398360677370530811e-04 6.481053472330002225e-04 8.602871394541129150e-04 -3.087970041121400767e-03 1.644686125376598014e-03 -5.589987947626647545e-04 2.540911378544605248e-03 -1.865703691835824763e-03 1.053927916530845218e-03 5.841206337730083962e-04 -6.853247509850332337e-04 1.027286627551538597e-03 -1.405923692351870175e-03 8.333957115997022444e-04 4.627026253987729515e-03 9.244589093749885781e-04 2.626649445702818400e-03 -3.192308697372513507e-03 -3.723331027641024315e-04 -1.385995383560868289e-03 -9.371044001523515937e-04 -8.552135973739725286e-07 -1.403654036272395517e-03 2.254262658112966833e-03 2.299973189279580586e-03 2.556122050638707285e-04 1.745857092287373671e-03 -4.064038148137558495e-03 -1.367104222879503110e-03 1.455018754101251475e-03 -8.210154275837685482e-04 2.465392474858763699e-03 1.431463350277681866e-03 -8.432091097559573983e-04 -3.903245108904776755e-03 1.270936585987090302e-03 1.233873329224402862e-03 -5.720602416176174014e-04 5.600713147753938047e-05 1.524826312811573045e-03 7.878474978901040850e-04 2.012435700908971840e-03 -1.623609891785936362e-03 1.800351333574896169e-03 -4.970723586877166681e-04 -3.694613917946680710e-03 3.247752522437640909e-04 -8.134630756194223457e-04 -2.162609703154564484e-04 -5.806496117151503525e-04 -1.922507323518586652e-04 1.604236804623366186e-03 -2.059217300191181713e-03 -3.909205829495451942e-04
-6.853834238253191102e-02 -7.927862666416411741e-02 3.308734145962643255e-03 4.237338211532359553e-03 8.502148244090405871e-02 -1.418250351655703581e-02 -1.960187607073736807e-02 -3.284407419620505482e-03 -5.444661878183900544e-03 -1.280517567280867013e-02 1.789906720826508341e-02 -1.328229972945865582e-02 3.070089155005299632e-03 9.552916212515824221e-03 -4.190278349832335381e-03 -6.768154132402716579e-03 3.602327289299927550e-03 8.102919969132343914e-03 1.290389850342926747e-02 9.692041896859194747e-03 -2.898959913419152379e-03 -3.697924865969085505e-03 -6.853478362241393002e-04 2.373057463044770960e-03 6.177188035282756874e-03 9.570270079078908648e-04 -8.919432333308453462e-03 4.222485449290823076e-03 3.198859339505227828e-03 2.794801412779221797e-03 -2.910188757788120632e-03 -2.115496695444263071e-03 -4.848596341011948002e-03 -1.941624047722852880e-03 7.469995438052369659e-03 -4.149177691264459289e-03 2.522956840427740665e-03 9.401693562665516639e-04 -1.533075236675259098e-03 2.270547483317498366e-03 -9.154476319487817211e-04 -6.919412444521238614e-04 -3.733539112154733546e-03 -4.524998133495935354e-03 -3.944628481168146496e-03 1.511333877412114873e-03 8.310061607301196895e-05 -1.484825274973609367e-03 2.771673432172353999e-03 -2.911487015448795384e-03 4.202166377722071737e-03 2.621533294681634239e-03 -2.260040708653320973e-03 1.692468671947736526e-03 -1.115622828601221849e-03 -3.763194291034264159e-04 2.610525505789147802e-03 -7.036617836679463561e-04 -9.935301669459603753e-04 3.762066110641204639e-03 4.488210607743621234e-04 8.750716817032156303e-04 3.115609537603182544e-03 8.427311948830054503e-04 3.198047173828603724e-03 -7.987521406021553649e-04 -1.635558756320912863e-03 -2.016710183346372923e-03 -2.675986236631825235e-03 1.037295917160959953e-03 3.456470299288097459e-03 1.454305906988567505e-03 2.723830342256347830e-03 -2.355863601494734370e-03 -5.195608118998859375e-04 -3.055832123151564113e-03 2.168221832929539267e-03 2.581943748392646204e-03 -1.361810586471140776e-04 1.809763014772329884e-03 -2.644401084041550411e-03 1.956414616076385289e-03 1.813640021784656805e-03 -3.032766209362735589e-03 -6.057809690874802833e-04 1.572168412258217020e-03 8.369277797440337504e-05 1.842184360729370168e-03 -1.176046877265753132e-03 3.862228540552289121e-04 -2.716841600931026515e-03 -5.786822393979624592e-03 1.855143696454689779e-03 1.582171105242796087e-04 9.776260119231045334e-04 -4.595424291855106569e-04 1.252079775471436106e-03 3.504675431424422727e-03 2.098095081689146241e-03 -2.060284404867153592e-03
-3.782838168971938003e-02 -1.990889417398291131e-02 -2.156145038134714073e-02 2.135472411482381913e-02 3.776913981028226508e-02 3.042609755462370030e-02 1.904486346501429311e-02 1.890573340388662996e-02 -1.140242982925827701e-02 9.817349225364679563e-03 -3.729093111107309715e-03 1.685962225654224957e-03 -5.112611376530267447e-03 7.893718287875902892e-03 -1.871288097768871589e-02 -1.329853180350828827e-02 9.249012417697842492e-03 -6.564394421978690143e-04 2.449977482614089722e-02 -8.343919673526234773e-03 -1.273021030131781493e-02 -5.277477116462627772e-03 -1.680784782252349105e-03 -8.013333523354211618e-03 -8.121312193014750339e-03 5.872977369234188942e-03 4.818756358280448272e-03 -2.117962550434386235e-02 -2.863469551125233555e-03 7.477102320947303683e-03 -1.753929382768483133e-03 1.718138358315263008e-03 -1.600953944966210934e-02 -6.215676836596548821e-03 -8.135637606542140549e-03 -5.933713183919273222e-03 -1.217668034929803890e-02 -8.284997086875956623e-03 -2.620796764265789975e-04 -1.030618217740427583e-02 1.859408575295727834e-03 1.060479853552840669e-02 9.604438077131837240e-04 -6.237312292712669272e-03 2.135235653644255126e-03 2.916025608301279180e-03 -8.799462607676085749e-03 -8.761658546546849738e-03 -5.545198853321684461e-03 2.479275035833738722e-03 -2.486124263694696433e-03 -8.045468827310029575e-03 -1.880636212322183472e-03 -7.391299508250452621e-03 -8.586835515626734146e-04 1.642491726384935971e-03 2.084631275033465170e-04 8.676412344180555250e-03 -3.919246959536458463e-03 1.669517626370984296e-03 7.742274678423132829e-05 1.156566722257843308e-03 -1.110263006662287480e-03 2.696393654263620765e-03 -3.425331966534283590e-04 3.072927956629085012e-03 2.110364023953303306e-03 -5.169230507103553729e-04 1.528311585592272669e-03 2.920003963432038149e-03 5.100029325337303819e-03 1.232935698684705685e-03 2.163281570700991644e-03 -1.655876345053524301e-03 -6.729115408162672854e-03 -7.946122205108228920e-03 1.191217544032544982e-03 -2.871792487073122901e-03 1.691048358327942955e-03 1.490312695461141730e-03 2.161548138779403883e-03 2.830136775530925960e-03 -1.336142897401979565e-03 1.510584722242973039e-03 5.122493470337119827e-04 1.000858036655054295e-03 3.359258806286334522e-03 -6.728302223119197621e-04 -1.479976277142066492e-03 -1.118571803436254871e-03 1.512336305224201303e-04 -5.263090581031339360e-04 1.035656227061896228e-03 -1.075523381421891356e-06 5.084704096553170627e-04 -1.139162042039169225e-03 1.146009790933560316e-03 -2.285952144007891498e-03 -1.947820012549342488e-03 -1.122353882758310954e-04
6.683086682885367585e-03 -2.424114233039096483e-02 4.364956464200598490e-02 3.631853090919395094e-02 4.606224658992123105e-02 -3.034593832102796748e-02 4.860196786234318757e-03 1.615728394396083803e-02 8.689470214497101858e-03 3.494047438854093468e-02 -1.787088798532651679e-02 1.455521082108399492e-03 1.165271000943415153e-02 1.266218890239661707e-02 -5.364712638489283793e-03 -6.929580865593680354e-03 -1.074099966717057507e-02 1.466592176287188042e-02 9.155493796857665581e-03 -1.430317101938261524e-02 -5.048850693809194684e-04 5.016617395135885074e-03 -1.475936001338616112e-02 -1.641720587546387786e-03 -1.253335842894519499e-02 -1.766583434601804370e-03 9.440132012735162267e-03 8.302401767816474515e-03 2.314257639347820899e-03 -1.212320671126787888e-02 -7.870582831649389644e-04 -8.763560764611457582e-03 1.920217112852259976e-03 -4.319793452150229958e-04 -4.535653877072319995e-04 5.443443404121695375e-03 1.562645614137760097e-02 3.821733560867911911e-03 7.797737706833706914e-03 4.856782048927174404e-03 -6.142036190725826269e-05 -2.702469259215599384e-03 -4.537994489411923370e-03 -2.625254708052821712e-03 7.714518800111378263e-03 1.015356792690313157e-03 -1.480329359754291307e-03 3.846948788987516153e-04 -1.235914921398538913e-03 4.853153782937547067e-03 -2.058746190244066347e-03 -8.620526814930624601e-03 5.204101536410795812e-04 1.709448216905329115e-03 -5.440754808234660959e-04 -3.188305039258093523e-03 -3.929334986447988870e-03 -3.441566049123495163e-04 -3.024358589913392001e-03 1.166688369944668907e-05 -6.106136482457964060e-03 6.063080174297960818e-03 3.331088306708523007e-03 1.420740004508329888e-03 1.266102664842402989e-03 2.215204107783724351e-03 6.567557198387885889e-04 -7.305048195414303412e-03 1.086738809024139418e-03 -5.609015658880935236e-03 -6.747243100625241853e-04 -1.748968432802375152e-03 2.506360880137611241e-03 1.723422308231555575e-03 7.561189920651525346e-04 -3.135757866854314759e-03 2.524528945499798956e-03 7.420163460367488074e-04 6.642434726494208554e-03 4.717880290061693231e-03 1.506383160371675169e-03 -2.791020741197136178e-03 4.450950158206918444e-03 2.234531225006167448e-03 5.681408184830591792e-04 -7.515008464538894001e-04 -4.561936456773828447e-04 9.399400534515631655e-04 2.765308923694677345e-03 1.451791254060271321e-03 -2.617484281472709073e-03 1.947509607264959284e-03 -1.406312613583191691e-03 3.582040768536993904e-03 2.317821529447058209e-04 7.495540734767791721e-04 -1.868867648168119405e-03 1.308473182096238417e-04 -2.041493057117254629e-03 4.721146880495944451e-04
-6.446981067845065569e-03 -2.871579599697203500e-02 -4.855861888974463865e-03 1.328165611114297609e-02 4.022452038305481675e-02 -1.002391448213518430e-03 1.050370870845894478e-02 8.369177028694583381e-03 -9.813656082684838605e-03 2.208921078943831828e-02 -5.575342554172398567e-03 6.582470445239912635e-03 3.330822128912860956e-04 1.608889662050227987e-02 4.403870949554481752e-03 -1.974165223531443650e-02 9.544448213229275030e-03 4.520625098658174849e-03 3.076377408070854816e-02 -1.157023210977599532e-02 -1.784254047585205269e-02 3.011433048869387261e-03 -8.107531006456182229e-03 1.236340382510249655e-03 -1.964375041949256370e-02 9.395641687231123503e-04 4.827327030731934539e-03 -5.021335548845081397e-03 -7.887595690997444226e-04 2.334948869851243697e-02 -8.190354672725070478e-03 8.624050661902442003e-03 -1.836763466543332030e-02 -6.440737721111377406e-03 -8.366395414105217559e-03 5.726358362358802655e-03 -2.741864688393014140e-03 -5.885294767774987799e-03 -6.505161230507880768e-03 4.681770243335613840e-03 5.617365131018876336e-03 -5.903418984770148793e-03 2.286826354790113570e-03 -3.653698585252980447e-04 2.990664745059384605e-04 -4.608063479819586757e-03 8.864861068710136460e-03 5.210134143483047438e-03 -5.647599264069314918e-04 -5.188715916649406547e-03 -9.740055456053994115e-04 7.643295435624340890e-03 -2.225936677682881139e-03 1.099344585275813073e-02 5.934698531549647584e-03 -3.915519370506488996e-04 -3.133028895654317906e-04 -7.005325338759604316e-03 6.042088596060443337e-03 -2.230415804199662941e-03 4.978922469760936956e-03 2.148795202815499857e-03 1.297959496403921012e-03 -8.794445965354567244e-04 -2.617613863703416918e-03 -2.389680304296615612e-03 -2.655103313846201435e-03 1.369534406270160468e-03 -4.287078427009643621e-04 -1.041874839840885997e-03 -3.874694901923647020e-03 -1.059017878578254190e-03 -1.959993559384494606e-03 -4.345561858416977213e-04 4.356149581432353785e-03 4.690885695659711800e-03 -1.548604189660429155e-03 3.688283508813662527e-04 9.490953936557418530e-04 -3.178826778513225071e-04 -6.777758272167188789e-04 -1.332108981976422302e-03 5.327404046656744217e-04 -2.100003286422439611e-04 4.274380724536302090e-04 -1.776985486586759406e-03 -2.380397309369196735e-03 3.699451995624961358e-04 8.819048356849357260e-04 2.214412781469106515e-05 6.273426115702469439e-04 1.724829631509011089e-03 -2.310560844160862437e-03 2.030315563983643408e-04 -1.663436925437599724e-04 1.207959558469351045e-03 -1.563510335651887087e-03 -9.111853075541336477e-04 6.817123206982873514e-05 7.783199350897115811e-05
-7.590124068375804500e-02 -8.651052259983531278e-02 -1.944686811429211654e-02 -1.491189341848750231e-03 5.843503298480086372e-02 -7.805854421175213937e-04 -2.225242493193442528e-02 -1.632802447641430732e-02 -5.175256107593580353e-03 -1.826892343758078005e-02 3.174935416826742129e-02 -7.423889329339950632e-03 8.462408938304047130e-04 -1.045871861899589327e-03 2.239579904002721167e-02 -1.656702281040453237e-02 2.001997374039332970e-04 2.047523857427040704e-03 1.025743854681400707e-03 -1.983442332094677470e-03 1.563672610785411289e-03 -4.985566725322547119e-03 1.404383495711876212e-03 -4.824279148300188863e-03 4.786265831167544997e-03 -1.733927266206630865e-03 -1.625027470624975431e-03 -1.132002779691839312e-03 -7.887002255675784309e-04 1.347630829065338785e-03 -1.520294897967536642e-03 2.260524873702087975e-03 4.642315191709722256e-04 1.442924075033955771e-03 5.640463600860302559e-03 -5.757283831087812043e-04 3.744070835368519534e-03 -1.525693405609874521e-03 -4.218744896380443796e-03 4.136235754277682239e-03 -5.916822750506942584e-03 -5.510131026193414334e-03 -5.697159116771663770e-03 1.736856338105885250e-03 4.425242147049227200e-03 3.300283884815029180e-03 -2.951076847496267135e-03 -4.727347971814170602e-03 -4.203217826080505627e-03 -4.083433774554725941e-03 -2.022838500305039477e-03 -3.847478730992421637e-03 -2.493425777037147802e-04 2.961611495638266818e-03 -1.063865828410794816e-03 3.657765697909314863e-03 1.908521683111157096e-03 2.963520635325208544e-03 8.401016578011986013e-04 -4.353097574245506939e-04 -4.673729428823414876e-03 -4.806715156981044516e-04 2.221463280325703532e-03 6.554933589034950790e-04 3.590358400063429524e-03 -9.767768128518634560e-04 -1.311569884370460603e-03 2.719410169631493977e-03 3.229318775404670929e-04 3.231575144422528176e-04 1.274429257198866688e-04 7.875283262179932778e-04 -1.137149701593310634e-03 1.422825561816075011e-04 -1.286507342724994320e-03 -2.724138753335038094e-03 6.663273537807396809e-05 1.438073566754993196e-03 3.054406670148186254e-04 1.651062070149395206e-03 -2.692775382728625384e-04 -1.786487163130661988e-03 4.131032052712346942e-04 3.968423033536513413e-04 -1.351440254276251073e-03 -1.008366530016520379e-03 -1.319064046856222461e-03 -3.027811293230181066e-03 9.914200909208280678e-05 1.041406316997684108e-03 -1.651410567785846842e-03 2.941135303078112190e-03 -2.027688238167833692e-03 -6.748791248568085680e-04 -8.274907754739736169e-04 -8.387014797397153660e-04 -5.562453515360037820e-04 -1.795525436313903916e-03 5.571036334705408918e-03 -1.190317905261232276e-03
-7.106989412158284947e-02 -8.033501478852853039e-02 -5.996577483495597188e-03 -5.417172727482081999e-03 6.683445157174838780e-02 -1.579774157470132875e-02 -1.936319125983166842e-02 -8.241280552616551611e-03 -3.247689638031855432e-03 -1.860904413621846526e-02 2.889158242697461437e-02 -7.204142067690712595e-03 -1.377004305071464867e-03 4.686971743410189156e-03 1.075267296218451393e-02 -1.232267322647355445e-02 1.950426376497092513e-03 5.322718792727327078e-03 2.802719994924698140e-03 1.014706438232411065e-02 6.383377358708446168e-04 -3.945126420721929705e-03 1.656313803768984499e-03 -2.991917193366208216e-03 6.737190810123044708e-03 -4.016740210848682028e-04 -9.097746089462678890e-03 3.505989023485833658e-03 1.808262888466607890e-04 1.005444313671028517e-02 1.612559107466506785e-03 3.592757300416987969e-03 7.627170084060128064e-05 -1.834532562443868435e-03 9.869448186054025768e-03 -2.460079231006223263e-03 3.695267583636766863e-03 -2.858937346268153670e-03 -4.339356122172224536e-03 4.557382989578936602e-03 -6.160708243483830303e-03 -4.226881751589010687e-03 -7.035497168105730656e-03 1.673328080358966845e-03 1.333097127611926119e-03 6.248867817323702605e-03 -3.851364330598926948e-04 -4.998475583125099042e-03 -7.020111050793116994e-03 -6.379032408151068256e-03 -2.507962758440103988e-03 -3.251142730830570808e-03 2.017114996800429064e-03 5.275708254615017051e-03 -3.790172554588759537e-03 -1.737847751634587394e-05 -1.954756464120899033e-03 -1.332978784518321037e-03 6.599193553528845098e-04 -2.959897374904062834e-04 -1.985051219167709418e-03 -2.349415313202633522e-04 4.696477162474008106e-04 8.505953509450215212e-04 2.310035324921959343e-03 3.934649380481793340e-04 5.709112405749081597e-03 -1.857341207189185063e-03 2.515711433213512274e-03 -3.237413604115242823e-03 -3.619348223068834551e-04 2.523032805304121270e-03 -2.387140318487035624e-03 -4.400183523892834715e-04 -2.345380231477140615e-03 8.341425650328502172e-04 7.728922026127923875e-04 -1.598290154915079286e-04 1.141548001692038261e-03 -2.230687536619352818e-04 3.137769000444720104e-03 -2.006033896460141745e-03 -4.290430221453740353e-03 -3.884723145612242832e-03 7.954399693643651433e-04 1.063315189707352048e-03 -2.267155237859723969e-03 -4.255347141223719495e-04 1.767200343814729962e-03 -3.152120669441088943e-03 3.175599777595470088e-03 -2.961231463386223423e-03 1.747032441490462820e-03 8.473343220149151013e-04 -8.565536795912883240e-04 8.597844906175813309e-04 6.896767424126906383e-04 -1.777906498489786446e-03 -2.716259449784108777e-03 1.197450344394722886e-03
-7.371412453303358148e-02 -8.475536580397440012e-02 -3.838959932409440751e-02 8.783719912943277128e-03 2.690625842826459280e-02 1.472635991658046394e-02 -2.027848207183239812e-02 -1.755121631818135422e-02 -2.606777581255446345e-03 -4.750766246929186316e-03 2.279663860959933036e-02 -1.042373506256337630e-02 5.380722269426750116e-03 -3.663922933431560357e-03 2.545941471955269486e-02 -1.970842328009534891e-02 -9.599753803060381147e-03 1.134719662355070276e-03 -8.008562836305870361e-03 -1.485489701692924332e-02 -9.728064762321145037e-04 -2.689169042479566240e-03 3.447030789622045500e-03 -5.715369293153131636e-03 2.586914898527640366e-03 -9.053450232999750782e-03 7.861747520552625837e-03 -8.067690620533390922e-03 -6.170088374450652781e-04 -2.898707749927999840e-03 -4.798176036379589796e-03 5.737455432878659379e-04 7.476097699035289413e-04 -2.837721050520222634e-03 7.440999247767070973e-03 3.717345668023918238e-03 1.859043965109135515e-03 9.243826927053960417e-04 -9.287051814031057131e-03 1.115727988026410855e-03 -3.221656751481476698e-03 7.354806856329093763e-03 -6.446050286222997604e-03 6.404878738093540413e-03 -4.629828446356784762e-03 5.481205294604166861e-03 3.752240485109446539e-03 -1.431264377044600420e-03 -5.499405450046293380e-03 -1.215548038389496982e-03 -2.707272227816527078e-03 -3.980970961761531868e-03 5.674962110409186977e-04 1.308863452064428163e-03 -9.996651703479578037e-05 -3.522244637403878272e-04 -2.661775171399419736e-03 -1.337757257077805406e-03 -1.174539078284236350e-03 -4.201538247048963205e-03 1.480678507162049365e-03 -3.580360600627096983e-03 -1.198789251045982387e-04 2.076513111751502032e-04 -7.136930679073162165e-04 1.018223699699302769e-04 5.284730083236494590e-03 1.372148008971694816e-03 -4.164419613927381955e-03 -3.541439066130129543e-03 -4.305337408087790349e-03 -1.647467558912963119e-03 -3.639532563982489626e-03 4.695922695422669914e-03 8.878364517966063946e-05 2.250051644463737458e-03 -3.487934958886015555e-03 -7.325961001655665814e-03 -6.763129384393263416e-04 -3.029875694878626444e-03 2.787956407214344564e-03 2.413176497941098460e-03 5.608892043296499503e-04 9.069640087684219601e-03 3.165556151462484841e-03 -2.508596789770476971e-03 6.697341228777173305e-03 2.538566928690253518e-03 3.222971175044009383e-04 -8.457664605240072407e-04 -9.509887084363199657e-04 4.041917436641668908e-03 1.499106427516228414e-03 -2.340387514589408878e-04 2.361174868119915102e-03 -2.541017211118513745e-03 -9.296355040760362820e-04 1.214798253617931133e-03 -5.988404397437297171e-04 -1.369833633405768633e-04
-7.155677217392704403e-02 -6.177501933617489394e-02 4.299109785768553266e-02 -4.266490073560379181e-02 1.642562871104208053e-03 -1.866809102805580198e-02 3.681224098868363884e-03 -1.117668911015030908e-02 -2.182202225882045807e-02 -2.088377161788632780e-02 1.130968365899113950e-03 -1.681020081195029733e-03 -2.836691079334719041e-03 -2.129308599447671604e-02 3.766832363737018601e-04 8.645198493382527313e-03 3.157376170736708992e-03 -1.389946335568019442e-02 7.928736871249909487e-03 -1.737241320578315415e-02 9.208703896702237143e-03 -6.803828350922357625e-03 -3.477707597590361764e-03 8.139582292799712668e-03 -1.067219647555182199e-02 4.729180120194646265e-03 -2.628733558259115869e-03 6.415443475509415537e-03 -1.799224575508806935e-03 -3.703930810423663750e-03 9.088187298146005455e-03 -7.281186966983445828e-03 3.654479457792770680e-03 -5.546608024264556257e-03 -7.874924490623234907e-03 -5.102804272879555604e-04 -3.192969777797439231e-03 -2.709709109097038944e-03 1.477783335879143166e-03 -5.580489467593205584e-03 -1.831045608637306681e-03 4.114156264664332874e-03 -3.031670880967878273e-03 -5.158260705072952729e-03 -4.475066348100327843e-03 -2.834694751999827875e-03 4.967439213600263054e-03 -2.128122115279421512e-03 -1.438823109918929526e-03 -3.143054759379924337e-04 -1.251165157099755234e-04 2.856813785931779006e-03 -4.885339728125018439e-03 8.369097916692753211e-04 -4.034766757483621361e-03 -7.471791985973780248e-03 -4.189028511902929790e-03 -4.082656286513711673e-03 4.026969524276113009e-03 -1.187479817367549694e-03 -2.796923828555977938e-03 -1.350434202213878637e-03 -1.454157676305313810e-04 7.181480992128888227e-04 4.359266501219194283e-03 2.566883811379749251e-03 3.468481595668184304e-03 -6.047566377625494989e-04 2.417443624581256095e-03 -9.839046859144087579e-05 5.741470651797214329e-04 -5.910739136711856169e-03 5.674122496951925767e-04 1.251047462914542776e-03 -1.052101330374286469e-03 -3.495258300890244254e-04 -1.522796420571279931e-03 -1.867686585027727780e-03 2.446545942741055416e-03 -2.443889969610394449e-04 4.656676390949897673e-03 1.546965504106341278e-03 -1.010133514090507442e-03 -2.782038502172482549e-04 -2.786776585800724692e-03 1.831330495812456566e-03 -4.369162153769164288e-03 2.984848095843604444e-04 -2.507896575473234080e-03 -1.547220955009686108e-03 5.908512853519131552e-03 -1.515437750546266317e-03 -4.952356951293164240e-04 -2.008200999577951793e-04 -1.496658715405850331e-03 1.508135331258572513e-03 -3.196255833227822085e-03 9.535875814177428248e-04 3.197355708985504669e-03 -8.855987251429564512e-04
-4.128173005773958654e-02 -1.329179153528295410e-02 9.657475235567200555e-02 -5.160435260939068292e-02 -9.047610881443323913e-03 1.886663134689875454e-02 7.389451261547726191e-03 -2.500069534760579471e-02 -2.518925659507223816e-02 -2.957610057193409570e-03 -1.393104912312042969e-02 -1.547760417715525472e-02 -3.650554911391691148e-03 -1.735244042008307272e-02 3.927308970616802440e-04 -6.835277830390923404e-03 -3.057615843072733226e-03 7.546130239483821514e-03 5.272327704058208699e-03 -9.732534667137965030e-04 8.679510019482385846e-03 4.584443441194635191e-03 -8.422324748886826813e-04 6.783722216763928697e-03 -5.624551229186631682e-03 2.751002115754808738e-03 1.178526288170220378e-03 -3.836185170403742860e-04 -4.506940987118470375e-03 -2.947012759595916270e-03 8.739243387741091676e-03 -1.473003191802750404e-03 -1.523209289830248754e-03 2.705247388006370556e-03 -5.873085154764145187e-03 -4.969735479917422941e-03 -9.696399759086724544e-04 2.815783879409169271e-03 -1.946916624765777665e-03 2.450270155484985182e-03 -7.607671535708838495e-04 1.606936429531680621e-03 3.437131314308970297e-04 -1.987626112590336943e-03 -5.235843180003551568e-03 2.306204802086612906e-03 2.281790471144613894e-03 -1.981176355201383354e-03 -1.204287295637220716e-03 -1.041877717548903839e-03 -3.734047122545533504e-03 -1.501099397396562043e-04 1.464053980817496764e-03 2.209553899482411790e-04 -2.914551231822187782e-03 -9.726921758465898295e-04 6.282479831917090818e-05 -3.518192246601653441e-03 -2.636370485227797471e-03 2.319105562235420671e-03 -1.382077820370397050e-03 -2.368524805632959973e-03 2.982533788206044156e-03 -1.292202734407589971e-03 1.161375911967924219e-03 1.479942869339858063e-03 -5.071713649418324067e-03 9.693936563416877608e-03 -2.369718329332498596e-03 2.755617234331508326e-03 4.362709247907793457e-03 -4.134676530551188375e-03 -1.692146432038171572e-03 4.408767983598952354e-03 2.244353026309214936e-03 -2.274083563916777951e-03 -2.075156634311146019e-03 3.429808331020303084e-03 8.500718533899368282e-03 -3.287135212619084288e-03 -3.057993476114433638e-03 -2.593126113794864875e-03 -4.591270542976169829e-03 4.014365511921559604e-04 -6.189680352280830513e-04 -1.238697477456728643e-03 5.644814558447429527e-04 -4.753049873155485924e-03 7.849266811990319309e-03 1.856462495178139941e-03 -2.033531041863186842e-03 -9.653231479941514663e-04 -9.381831295334680304e-04 -1.816666311079257390e-03 -1.867482730232969314e-03 -1.559315193798401834e-04 1.694248117154624738e-03 -1.946784409938693194e-04 -3.132688574718936296e-03 -1.755746425831027210e-03
8.921085871448000693e-02 3.720394548707304985e-03 -2.895991033023588915e-02 -2.013190538598508272e-02 3.576918927936663384e-03 1.072134743117558742e-02 1.750126549937425224e-02 2.660713915128820259e-02 -2.921750892721397888e-02 5.602980747089664031e-03 8.588178422850529029e-03 -4.746225588004741869e-03 4.570198987863465651e-03 2.262207073344038762e-03 -6.981721204860394034e-03 -1.096097372668511892e-02 -5.791299330549444339e-03 -1.122754248153675152e-02 -6.434189568963868955e-03 2.638267677594543104e-03 -8.009018532026892937e-04 4.421197800392327043e-03 -6.477647703009532971e-03 -1.180318875286697454e-02 -3.190465337451572729e-03 1.294857264699902574e-02 -3.854961601251019956e-03 -1.405728961905058612e-03 -2.671248940605561954e-03 -7.130658208183707691e-04 9.973025964178752409e-03 1.796782712024177922e-03 -6.415405021577261571e-03 -5.943647267341260060e-04 5.327809901454861469e-03 9.088993552606096371e-03 -5.350632826088558801e-03 2.055441862324540805e-02 1.683368991458332464e-02 -8.242772591088671705e-03 -1.829875313874742074e-03 -7.998424741828330173e-03 -8.166133079836278980e-03 1.250312522684343154e-02 -2.171212710579132482e-03 1.063918210666599251e-03 7.981597130984570410e-03 -4.950820579855893210e-03 2.497485121576906771e-03 -3.297366435470757036e-03 6.961218797055197804e-03 8.374653293592382525e-04 -3.638382258920813076e-03 3.196553384666995287e-03 -3.589656945282644358e-03 4.087216798103370137e-03 -4.675323967777924206e-04 1.561492625805300637e-03 2.790331629810668956e-03 -3.330792843088640955e-03 3.191918957539567787e-03 -5.260564304315910704e-03 1.532221985119440293e-03 4.517888355011685265e-03 -8.337958689375973538e-04 3.250175218141877938e-03 -3.377486430351355536e-03 1.511799631836476237e-03 1.923388826764723791e-03 -1.934297203818563071e-04 -3.203061569445015550e-03 -1.750945225644031679e-04 -4.710430403534087752e-05 -4.508386251301845296e-03 2.831374364887685388e-03 -7.582897285776935871e-03 5.305485327413212403e-03 -3.813120440732799352e-03 3.052910810336446640e-03 -1.860752019552313296e-04 -1.768871355614903612e-03 1.256096893553853471e-03 -1.570470154613661580e-04 -4.428926479811480689e-05 4.686506437412771807e-03 1.342200642716938255e-03 8.559080932526045909e-04 -4.517589563491570051e-04 5.118513738176529550e-04 7.002153988915743024e-04 6.433231488068880425e-04 9.235898072287354035e-04 -3.151719677667770840e-04 -2.552434250502458746e-03 -1.084225554863510682e-03 7.888661417862190967e-04 -2.472848299061316656e-03 -1.259025778271481103e-03 -1.808665127270717935e-03 8.186658323104544941e-04
-2.474029556898198982e-03 4.633855904304030882e-02 -2.522040526710143254e-02 -2.527479273075337873e-02 3.439065611116798055e-03 2.555923551039675570e-02 1.348399775138350333e-02 7.184573667038604561e-02 4.611072588731247694e-03 7.189057894762904827e-03 1.617010793542247860e-02 -5.174833511371459277e-03 1.174619268373200062e-02 -1.664706876086249204e-02 6.925915402716096951e-03 -5.766715181950980056e-04 -8.554206077149266105e-03 -5.568213426268868102e-04 3.520051383351616679e-03 1.163796495797223517e-02 8.244755965710283754e-03 -2.389459842406126220e-03 -8.363388155714085101e-03 1.121432481805345084e-02 -3.295820315168825152e-03 -2.584180921652633276e-03 -4.190944887223413060e-03 -6.731560185348145833e-03 -3.083752784641011387e-03 9.050467618188607699e-04 -1.438387955409298723e-03 2.040818127902034249e-03 6.844174156052157051e-03 -1.301457765406002255e-03 -2.421354236810381762e-03 -1.471584812950613250e-03 -1.985720864362704955e-03 3.687376701802320706e-03 -8.623905201261975254e-03 4.002282047489504752e-03 -1.111237084990831592e-03 1.227311168554684126e-03 7.187847503352146235e-03 8.901081990469058528e-05 2.195345008887702228e-03 -1.637490476548804016e-03 5.714881620037823816e-03 1.871860665716806697e-03 1.603880426233845547e-03 5.405522455803538203e-04 5.472553908496548616e-03 -7.409787840943335077e-03 -4.093087578397614987e-03 3.981535881050457006e-03 -1.105165564666658450e-03 -6.612961930809264834e-04 7.230998543513688682e-03 -6.144670780781477312e-04 -2.159981044942329859e-03 -3.505620651749803956e-03 -1.044776598366500961e-03 2.767925761511687548e-03 2.200176895537592301e-03 4.086775183352224852e-04 -3.301006465997294130e-03 -3.021684364601646359e-03 1.261023416589302122e-03 -4.494480908460166818e-03 2.533363329738517805e-04 3.589465726527889516e-03 3.694554819542946161e-03 -9.857896970936594252e-04 7.806350476924212565e-05 3.901454905627741148e-03 -1.152180824863939133e-03 4.580578224493351940e-04 -5.286862371027353617e-03 9.683303664063235699e-04 -5.595922661657649162e-04 7.730910824108670320e-04 5.284862604391859023e-03 -1.008662645325870276e-05 1.920302834087010213e-03 2.761394629895563575e-03 -3.556276778752573528e-04 -1.019771927233056440e-03 -3.689506648668905864e-03 -3.745725823712361437e-03 -7.841088085062872508e-04 1.449208020825304161e-03 -1.289617983609610925e-03 -1.334225330152582004e-03 2.821471136985758115e-03 6.719478242844171091e-06 -1.679970611506671015e-04 -5.561467440110261229e-03 -4.929349262209825546e-05 -1.714867840277897737e-03 3.125457862911895038e-04 3.829302647637707166e-04
9.292754336189189279e-02 1.051843655849935694e-02 -3.182562162800087191e-02 -2.436302718143051188e-02 8.853234468274556040e-03 1.966507248331192739e-02 2.557935101864634506e-02 4.423880926474593744e-02 -3.289859903512612482e-02 6.654435730328115035e-03 1.489470897466039535e-02 -8.242616724819162508e-03 3.868763100168910382e-03 2.447973848001454202e-03 -3.227769561332984993e-03 -1.022560612379185691e-02 -6.835501040188552910e-03 -1.477029440066563067e-02 -5.524229608667418842e-03 8.366510200433791705e-03 6.897416516202512990e-03 1.063994259227984095e-03 -8.470919465743475402e-03 -3.438997943794046448e-03 -4.618728647604109123e-03 2.283924414528900465e-03 -3.263683733138312399e-04 -8.467327282464886086e-04 -5.576310493948050985e-03 1.318569661093134783e-03 2.614280408978527336e-03 -1.346919386485362997e-04 -2.222780918778912047e-03 -3.397390261561207612e-04 -1.885887595815145422e-03 1.947499470727498752e-03 -7.029417911444550519e-03 1.035591977288581947e-02 5.848917104738821267e-03 4.197558722481015657e-03 -1.198129198352053133e-03 9.965197188080204480e-04 -4.904563117165883571e-03 6.896428508174913194e-03 -2.673140948937202102e-04 -3.626944361804830888e-03 -2.111371519134821843e-03 -1.533619659457032556e-03 -2.095681251671003761e-03 -1.630871033292265312e-03 6.078068875066255407e-03 4.790087015097609850e-04 6.578201400279312129e-05 2.632315590645009553e-03 1.384174987188259692e-03 2.633022866626878386e-03 -2.392400069770243224e-03 3.690613557337884751e-03 3.562201923850110644e-03 6.928893801063793628e-03 3.230586800617641762e-03 9.777468380974120403e-04 -4.443954393734009765e-03 -1.533172211245586308e-03 -2.268800689721364727e-03 -6.929394158924268889e-04 8.352829025120607617e-04 3.985232758031784922e-03 -4.324353029271520502e-03 -4.978589915764924240e-03 7.116353289882668826e-03 2.563544818855831298e-03 3.710795927849362685e-03 5.760266831126013495e-03 7.140011702491172094e-05 7.647560281795603640e-03 7.544655802597390829e-05 4.422412220126914657e-03 -1.003772602399745535e-03 3.702475391107655587e-03 7.668600984988267408e-03 1.524950485526112981e-03 1.108727289849368572e-03 3.423200102053551856e-04 -8.459665536916981254e-03 -1.455069208566482685e-03 1.180641400123995420e-03 2.442916808627987758e-03 -1.138431294150722521e-03 -2.960872353152560824e-03 -2.493189535856941540e-03 -5.943873153628551195e-04 -2.059494122751603571e-04 1.113040552439124430e-03 -4.564517487526963710e-04 -3.498714286716059739e-03 -1.446408732364083596e-03 5.715738968159519290e-04 8.193619918331816699e-04 -5.663453883488129594e-04
-4.682800936641696304e-02 1.055273412958875057e-01 -2.032631985044267009e-02 -1.162165135175404276e-02 8.348997253535486371e-03 1.254761465185577976e-02 8.608897381969599083e-03 4.541222529174680778e-02 2.367493161597052434e-02 1.702440902459957661e-02 2.400048684557484074e-02 -1.605527788340756559e-02 -1.062903037737535430e-02 -2.427555509366651279e-02 6.775876556208897637e-03 1.335276132823436795e-02 9.262665863780206871e-03 8.623029418702429436e-03 1.338386097786447562e-03 -2.025003478653353978e-03 -1.171484340159307819e-03 -4.456167725860736561e-03 -3.207661503248824229e-03 4.903956126670467632e-03 -2.581358587968299225e-03 -1.982882783019997847e-03 1.200250432177525682e-03 -2.538469161179234684e-03 -6.493713231914876108e-03 -2.292281233929408576e-03 2.423510484959299962e-03 2.549296415040882245e-03 3.010356100277714140e-03 -1.066030450667062354e-04 2.169842622054143823e-03 -6.641355204335373102e-03 1.399276832445348626e-03 2.443766254420016732e-03 -2.825852675113689570e-03 2.223670551161960329e-03 3.140575176950250076e-03 3.859814939467206326e-04 5.413856188146176467e-03 -2.352268538878401344e-03 2.702761271736458127e-04 -1.818035753689179173e-03 6.831550511177235559e-03 -1.214827407333217858e-03 2.706068942705045378e-03 -4.151743877168423240e-03 7.012563019039732117e-04 -8.673945083944673007e-03 -3.226693217255202639e-03 1.115318353104295277e-03 -1.385534597398493202e-03 3.428097230600693230e-03 -1.391381975925382519e-03 -2.193496766450070586e-03 -2.927113283365720062e-03 -3.479398352211217089e-03 1.905068646731183360e-03 1.200712823138894549e-03 -5.835108674873880179e-03 1.633718580848724628e-04 5.647082979122949702e-03 -9.964829817962516430e-04 -2.832448873899009577e-03 -2.755462025115640659e-03 -6.179934675880012268e-05 1.068931395106873612e-03 3.060360482357323171e-03 4.599311843734867587e-04 -2.065533438197073284e-03 -2.957053267955199547e-03 4.608601800863608108e-04 3.162885434176975451e-03 7.470436048335460637e-04 -1.406051188890972267e-03 3.697501051255227666e-03 1.437789101421839758e-03 -1.362316064608865267e-03 2.295747833885219882e-03 2.003248669130338819e-03 -2.056608168001800106e-03 -2.391475030477730260e-04 2.454020304991417004e-03 6.205403472482422505e-04 -9.831035577089173878e-04 2.153907638607531049e-03 -1.646523253877888544e-03 -1.782294217593440467e-03 1.973676223753393147e-03 2.028469940716500549e-03 -3.525227366597538051e-03 1.235339923915290423e-03 9.383259835990153319e-04 -9.356740447145635948e-04 6.921933945012484187e-04 -1.974622775342568023e-03 3.732029335132478181e-04
-2.796323110159770406e-02 5.364818752767696632e-03 -1.874035378986346409e-02 1.764090619627578516e-02 1.388172632496702252e-02 4.433014983741190990e-02 2.638380679943527068e-02 4.196096713319055066e-02 -3.571772352032230591e-02 -1.573696690955130864e-03 5.568103621938283454e-03 1.412197937953014841e-02 4.696197138883664163e-03 2.791475572449934536e-03 -2.205611653879572739e-02 -2.101008382310854891e-02 6.640439518200204685e-03 -8.366980804200957120e-03 -2.519073896500886259e-03 -1.149370926229487631e-02 -5.493476079064114372e-03 7.868606619077492606e-03 1.313074229406352086e-02 -1.849428255040650934e-02 4.610576572307246643e-03 1.152917002899980781e-02 -8.639766355532176078e-04 -1.839755491117001877e-03 9.633303676915200070e-04 -5.144296332848145338e-03 7.846224266800684577e-03 -2.033832383673103337e-04 -5.592598501912319706e-03 1.322000587612073624e-03 2.073831245172140774e-03 -3.417463723782207378e-04 1.298404212842364141e-03 -4.212783167898119345e-03 2.697884591855573885e-03 -6.705023928022646636e-03 -3.182809425453068594e-03 -2.899769115668556722e-03 -1.338672471387106601e-03 -6.806541828972026593e-03 -2.194594469236589920e-03 8.595373053150948822e-03 -4.409199529993073664e-03 -6.624533243058321891e-03 7.986595467276941945e-03 -5.188223331026591174e-04 -1.088599377709462438e-03 -8.546028080654192527e-04 4.392187753677162868e-03 -3.572830589590887326e-03 -1.710826817940200306e-03 -5.804730806807733602e-03 5.092421545472444961e-04 -1.350438876584619157e-03 -2.881369239148472670e-03 -2.420471423843867549e-03 -4.011479935228069553e-03 4.450197836933364654e-04 6.272563265197598787e-04 -8.789497547126475375e-05 2.126362730800824934e-03 -5.866151167556789845e-04 -5.472210188299469688e-03 -2.750690231247990454e-03 4.793662936955303891e-03 -3.855609608711211070e-03 -5.627866983482301272e-03 1.442377733277458831e-03 -3.797049899116937844e-03 4.566298920844221831e-04 -6.501400988968118614e-04 1.209088124143915290e-02 -3.153447974186553236e-03 2.111774512503248463e-03 -1.304975787828238296e-03 -7.003708388243816418e-03 3.845030237441361752e-04 -1.037407675120046412e-03 7.700451355950726226e-04 1.551209723640960530e-03 -4.987132033796886320e-03 1.632453615502024204e-03 -4.033464637331163165e-03 -1.504723300742007164e-03 2.232630009862204140e-03 2.362316159702850058e-03 -3.954666850593109746e-03 -2.322100854123258350e-03 2.448770316048219566e-03 1.935413824889557028e-03 2.038623066709173166e-03 3.075858613253559803e-03 1.783243767869776447e-04 3.885620622559139443e-03 -1.588474840602262207e-04 -7.287095113162130218e-04
-3.101717920181778360e-02 -3.636659465351279458e-02 -2.495597384956595860e-02 4.516623397265864814e-02 6.421943387329607025e-03 3.612119805800544786e-02 3.999797106009937708e-02 -3.222981694317319980e-03 -5.514094137693315717e-03 -1.153603920607767716e-02 -1.556522211315354218e-02 -5.453168435403273756e-03 -2.990657391992638300e-03 8.325636244749171425e-03 -1.118088414168002219e-02 -2.084165327159504151e-03 1.005488995221248856e-02 2.874311293157076792e-03 2.072076777765077989e-03 -6.417494229855536664e-03 7.624973525731419503e-03 -2.424601892775926290e-02 3.499145987169799844e-03 4.538535927319512636e-03 4.625220147149342390e-03 -1.018297112826245174e-02 1.136592785165106614e-03 2.420368893283661557e-04 1.161959109686459823e-02 -5.848155372897482704e-03 1.340021868637817108e-03 8.677927659622605011e-03 4.027285832603126441e-03 9.325929189024444697e-04 -5.592704741753614685e-03 3.279580646739896702e-03 1.442976197252266238e-02 1.062963734198820766e-02 -3.320909056460979482e-03 -1.060127349197132612e-02 3.973914553185561860e-03 7.368402559288616746e-03 3.181443437359519205e-03 -7.380953644597940122e-03 8.477298405752944563e-03 1.450120698684841808e-03 -1.925906941043368245e-03 -2.925785891524498514e-03 -2.327018498685182266e-03 -3.708918637425367114e-03 1.220468984351935279e-02 5.140577071062541609e-03 1.516555414257926213e-02 7.134216335838505091e-03 -6.548805780792996654e-03 2.209644915328473798e-03 -1.729139788120553824e-03 -4.211884926353077520e-03 3.877998369914543129e-03 -4.250732566621851123e-03 1.471585271367940352e-03 2.411474845182137207e-03 1.225552733695411478e-03 3.152303039614096254e-03 2.052326857552649701e-03 -5.832825580925599974e-03 -4.221315933305625281e-03 3.659324569163594550e-03 -5.909457040450353258e-04 2.283494554494637334e-03 -4.182590148124365990e-03 1.705514143561027204e-03 3.933335815593753601e-03 -6.092716075154307989e-05 -1.819231795251665881e-03 -1.065529454161662443e-03 -3.195898284086125685e-03 -2.990946777774335791e-03 8.734574735878706435e-04 2.698471483734514280e-03 1.511598019782225185e-03 1.217783375321213404e-03 -2.609462514528283154e-03 -1.396281912237831799e-03 -4.931137659575742698e-04 -1.783386370904336193e-03 -6.241741028588690095e-04 -1.684541063519943765e-03 -2.018889609958275135e-03 -2.033117799063698973e-03 -1.290123951490961549e-03 3.863475175647046824e-04 -4.880033042633473558e-04 -4.533422069501229023e-05 9.013711399201559601e-04 -1.947987193523443347e-03 -2.257657010340067009e-04 -1.644908415249866441e-03 -1.963480222125633511e-03 -4.510078591837910758e-04
-8.499925183820264407e-02 -8.886472495319430731e-02 -6.818216021302286878e-02 2.936746216174878840e-02 -2.406785276271002430e-03 5.222475272425060322e-02 -3.321184250652357405e-03 -1.853395292558574284e-02 1.047175697223189962e-02 1.817619196474887927e-02 -2.142510655912779893e-02 6.059960519853326271e-04 2.379477290064695421e-03 -9.124888397618977076e-03 -1.119606740815269098e-02 1.377587908970687863e-02 -8.104359423586025846e-03 -3.539152646665779355e-03 -6.772086306472593041e-03 4.052501266474878641e-03 -3.165965653350319778e-04 5.156076594765138937e-03 -1.654749885276774043e-03 3.879608722465083953e-03 -2.498961133426078843e-03 9.363276552898006479e-04 -6.758159061174846133e-03 5.831843260108847404e-03 -5.725604997446512127e-04 8.091880934704417244e-03 4.682055291095154129e-03 -1.244982346465766613e-03 -1.485492810198718377e-03 -1.821575508398915171e-03 2.117365976842700004e-03 -5.225521192567953235e-04 9.174260462148589200e-04 -9.348248774198244116e-04 5.170236368469459734e-04 -1.115920149720578527e-04 -1.795079450381867206e-03 -1.352321874379445012e-03 -3.033678425747577309e-05 -1.883973741384421460e-03 3.562305881728857013e-03 -1.081888788327682897e-03 -1.551056238817446163e-03 -2.700851209711485363e-03 -2.312565647606475323e-03 6.223411010840694969e-04 -1.168881148965574988e-03 -2.632358997556870014e-03 -3.237994534006262068e-03 3.119758023677629772e-04 -7.835785782248453355e-04 -4.809645866368360170e-04 4.842445235778949008e-04 6.089332467576401785e-05 1.865704393527458380e-03 1.472388417659383462e-03 -3.054057917375481348e-03 -1.605785104931231003e-03 -1.359211544954291254e-03 -1.226028320419689580e-03 -1.459752680566253668e-03 -1.892274461638115751e-03 -7.220998783285781895e-04 -9.268856849208789240e-04 -3.867552102796834642e-03 -1.361027551720610500e-03 -3.414643524804006434e-03 -5.820149279044195892e-04 -1.084211935812305324e-03 -7.346140065229583860e-05 2.479066026960356946e-03 1.449728868334572819e-03 -4.078145147560394384e-04 8.358812756135956552e-04 2.198479645572995759e-04 1.184458386710751090e-03 1.068487112687627584e-03 8.283695965205388262e-04 -1.112167195052276474e-03 -3.317134243367397643e-04 1.628865514559329781e-03 -7.909950767425804555e-04 1.544322590974631527e-03 3.384402504255424910e-05 -3.895057331294568331e-04 -1.240175062827598203e-03 5.525246423441760972e-04 1.680345370431990393e-03 1.770871618759503304e-03 -8.343532783117463963e-04 1.573667458869284315e-03 7.794705002233039571e-04 -2.989416732431664529e-04 1.614260826423228039e-04 -2.413628429991847811e-03 -1.045326804223667763e-03
-2.079558275050988336e-02 -4.927766891454767040e-02 -2.594049290880171693e-02 5.446864692601243590e-02 -2.258819167187265525e-02 1.642147597997026948e-02 5.046646148304530927e-02 -2.767585158390590497e-03 5.809384867960161111e-03 -1.626571087091716397e-02 -1.847457152141978101e-02 -1.200060376154253247e-02 -1.098598190370833790e-03 9.991440684766593125e-03 -2.193234044005200594e-03 3.683433548260851061e-03 8.982968582232294524e-03 8.445523689585040031e-03 -4.704764054933517105e-03 1.949266296869010991e-03 1.149020820671418919e-02 -1.512065679022141403e-02 4.271505021779674512e-03 1.130055892801084226e-02 9.699121720233785807e-04 -9.089709013413932795e-03 -3.890570185875668469e-03 9.034189269002815877e-04 9.921244794225615032e-03 1.896786476150592610e-03 -8.546308437080066657e-04 4.288368877027750638e-03 -5.265189727905694901e-03 -8.782968371574951898e-05 -2.207156718713023172e-03 3.394089017044599546e-03 9.064366588854039231e-03 9.577228894515071519e-03 -3.579945855840822866e-03 -5.553264784227900965e-03 1.245141588223429123e-03 -9.935720245035982543e-05 -2.686640687435286768e-03 -3.118509339713309344e-03 1.885906020013705664e-03 -1.483250263686875263e-03 3.178203725658151294e-03 -1.084637514456569633e-03 -4.014760685176057414e-03 4.810821569769545194e-04 -1.587790376620380446e-03 4.732545979021221191e-04 -9.898454820234514964e-03 4.162594487916336441e-05 2.940095360758719547e-03 -4.027966582052898079e-03 -4.917604767700726890e-04 2.621463925651859941e-03 8.897735287211770358e-04 3.898708608660536763e-03 3.316091847617422175e-03 1.212316445433545665e-04 2.928552198712815798e-03 4.824292703111525697e-04 -3.482069384926661255e-03 5.120632177345401347e-03 1.923999062008998001e-03 8.652812705423299378e-04 2.785786346202872091e-03 -2.002826712637791040e-04 6.550118006505520687e-03 8.067596034002708213e-04 -5.078806996838539610e-03 -1.154206126969358490e-03 -2.836185105561331559e-03 3.055842068251599705e-03 6.881289473240761317e-03 3.915145648669207407e-04 -4.241738291923115127e-03 -8.458207994959759252e-03 -1.638140743498892396e-03 -2.097630586548640888e-03 5.276091299875973559e-04 3.776638376792837079e-03 -2.682894109820857173e-03 2.160782927596538189e-03 1.716112779835844877e-03 7.258717408082716090e-04 3.256535636501591956e-03 2.587290552341114588e-03 2.022898590428452627e-03 -1.370769325406000954e-03 -2.399197278914936930e-04 1.707891727042175659e-04 4.627877657256492146e-04 -3.190602393366459588e-04 -2.641718261647214676e-03 -2.899031738014050838e-05 3.031955509582514880e-03 2.505319060971975507e-03
-7.281878295707283621e-03 5.728893741376896859e-02 -1.777579495309197441e-02 -1.583604870901175049e-02 8.615080120902358224e-03 3.054693678988822450e-02 2.284563323354137435e-02 7.018013460050498420e-02 -7.629729524107992274e-03 5.344339765894517112e-03 2.578723792757885158e-02 -2.608907194980707514e-03 1.407976739853264089e-02 -1.918170934398613289e-02 -1.363971193232167310e-03 -3.183992272830608438e-03 -1.153456724631917243e-02 -1.384968059106472197e-03 1.094716844982146671e-03 1.241717249634466565e-02 6.921140673401465770e-03 -4.036966959104833219e-03 -8.611177850374740483e-03 5.406279074577586240e-03 -2.698198091440325540e-03 2.329667563019778911e-03 5.262923560977361866e-03 -4.487823971012975914e-03 -6.389050693500080997e-04 8.123716726759252615e-04 -7.725028799385907398e-04 -1.314698723157299446e-03 1.153887873027166543e-03 5.604004180677246054e-04 -2.055551340471149183e-03 1.981464656571070137e-03 1.081659644213285153e-03 -2.483747104984993480e-03 -1.496089465103455675e-03 -3.241748696379446321e-03 -1.114855317223051312e-03 -4.283558022173651289e-04 5.596534541092943252e-03 -4.066031167524469130e-04 2.644005626107150987e-03 6.280936527378112519e-03 3.716034864116076007e-03 4.855454337680018646e-04 -2.974588135257511153e-04 6.907710615754669107e-04 5.420909579644432943e-03 -4.101457371708736900e-03 -1.971538883932051796e-03 -5.233593884511838048e-04 -4.811454322293634220e-03 1.327586486618161955e-03 8.098570794906605197e-03 -2.900657186794988393e-03 -2.290946542966210923e-03 -5.197099938910468633e-03 -2.336229853340668957e-03 -5.952020487570902629e-03 1.039022486108352218e-02 -4.649841169262570149e-03 -6.511798040906561190e-03 -5.412982252496664195e-04 5.414402384852282438e-03 -3.351766441219028708e-03 4.865428895216304499e-03 4.485236511745319815e-03 -3.463557470589828310e-03 -4.952053531596577185e-03 9.754233794754461851e-05 -6.197603891291905828e-04 5.724461523707898144e-04 -2.491224446116227509e-03 1.028454979956475819e-03 2.593585016574649019e-03 -4.306979452356828053e-03 -2.936872318949978067e-03 -4.235872454901892098e-03 -4.314881139073020039e-03 -6.493411237871618384e-04 -1.425587614209958146e-03 1.229865274593476554e-03 -1.173353255421740018e-04 -1.038238173815157284e-03 3.060846730365833664e-03 -2.144352249665700200e-04 1.805587372921432738e-05 3.007746854946099536e-03 7.394610825347225054e-04 -1.848082343505730286e-04 1.022527505261280585e-03 1.014379715853373906e-03 3.215575157452484675e-03 2.501762735577877945e-03 1.543467614183350201e-03 7.453116126497937640e-04 -1.039661254211691105e-04
-2.479464090344972796e-02 6.173312034093424855e-02 -7.841979772194257112e-03 -1.896704104348389403e-02 6.763114363712840853e-03 3.158323726526728742e-02 2.598480537414602984e-02 6.481581647441914118e-02 -1.067021986901039998e-02 5.789843058655252776e-03 2.179322069490302258e-02 7.339622946143148710e-03 1.877040099904392703e-02 -1.882809656833163425e-02 3.868397364014935797e-03 -8.969398817389367951e-03 -1.213000212684183995e-02 -1.382897325175453307e-03 2.710413166522876926e-04 1.045947184193813002e-02 4.963293797042860230e-03 2.968121082462603800e-03 8.158249330566323242e-04 8.680746210164409782e-03 7.623027120769156929e-03 3.412220256349129954e-03 8.584286149221190959e-03 1.339674053080437861e-02 9.126834667541930055e-03 4.704618188652385201e-03 -8.781683898161184512e-03 -3.227909542309620548e-03 1.926029576421339371e-03 2.516256203502094651e-03 -2.814854997783221378e-03 3.199246372255326598e-03 3.529838415959399723e-03 -7.858892482956082379e-03 -7.597792293470801393e-03 -8.269025294486866259e-04 2.956960802671898905e-04 -1.227447219946272349e-03 1.254664413611303146e-03 -3.663871297029557602e-03 -1.459659962347578666e-03 1.183757795028300697e-03 -4.681994051776673313e-03 3.746241057284022992e-03 -2.219951927013769089e-03 5.084571242080834080e-03 -3.769996422437537492e-03 3.091253488335605863e-03 2.833483456452428727e-03 -4.128235785555964092e-03 3.291781048416348755e-03 -3.722978069355785055e-03 -3.084746445960837025e-03 -1.606959548696038726e-03 3.745787588048473619e-03 6.576324176174525634e-04 4.847113089188014295e-04 -2.859254436586845544e-03 -4.344049944986620206e-03 4.601299016867410781e-03 4.361166411082012702e-03 1.389805493596864370e-03 -2.092175763587324818e-03 3.761144166884006733e-03 -1.375434151281486718e-03 -9.313444041791639526e-04 7.339594069218287635e-04 -1.902183065126400311e-04 6.408137729607896182e-04 -4.537277421963636058e-03 3.081170564460632144e-03 -2.315510434201726881e-03 5.134687526424461940e-03 -3.264223936139851526e-03 2.708968375635969778e-03 1.449041681255287079e-03 6.173597276874282684e-04 1.311015133955544529e-04 5.979642524343962854e-04 6.094318826801444844e-04 -1.815029783357457202e-04 5.164428339695028170e-04 3.945856680581335402e-03 -1.328049258470254297e-03 -5.800803850865982725e-05 -5.403643892299501289e-04 3.089590014365487772e-04 -1.370798055601817533e-03 1.067656736957401081e-03 -5.448651064308297071e-03 -2.059201811844005303e-03 -1.494917191562819114e-03 -3.160831841625314810e-03 -2.086085243678710132e-03 -2.046204102573119033e-04 -1.470325974653427818e-03
6.825929179530618174e-02 -1.212739413770143847e-02 -1.138696018153919319e-02 4.719958466432867816e-02 -6.336513578237996762e-03 5.050216719985767787e-03 6.132445305641599786e-02 -7.061188292518214872e-03 -6.622916137440705044e-03 -2.610831391682840938e-02 -4.832577074665350518e-03 -1.585248863519006512e-02 -1.095056446640334767e-02 8.788467602961194322e-03 -6.746014520039941712e-04 -2.537822341586148597e-03 9.477288105952864916e-03 8.230327102743774381e-03 -1.078414776947686331e-02 2.634403702979909966e-03 4.227539147064831443e-03 -1.326674450823050848e-02 -7.340632237877420599e-03 1.425674243455393730e-02 -1.028441546718659658e-03 -1.326861031580745323e-02 3.643856207140508743e-03 -6.438839962752747337e-03 1.027207154240099458e-02 3.855450197134298752e-03 1.801205479855454584e-03 5.160479156709914510e-04 -1.743006015496579783e-03 -1.005957224534699025e-03 8.050089037782572716e-04 9.040920927853170197e-03 -1.878760648522570216e-03 -2.278711136325705169e-03 9.736760134038001738e-03 6.874342614848211706e-03 3.626909605799011425e-04 -6.804868326951631942e-03 -2.698410846807882974e-03 5.450407759522045079e-04 -4.619775646765297145e-03 -1.547090531581493331e-03 -3.636824057388164839e-03 2.338082761108528640e-03 1.940952727347669635e-03 -1.651607416778687765e-03 -3.295200876398754648e-03 -3.844342538174311263e-03 -4.648573556759735348e-04 -3.471033752246697763e-03 2.311857836199885437e-03 -4.422032852574781826e-03 -2.498705177302971286e-03 -2.734463098890397952e-03 -2.832399095079758504e-03 -7.286948418117478047e-04 -1.292839098282974044e-03 3.836727826342427815e-04 -4.521804083108470445e-04 3.674321011870407359e-04 2.049486003923213853e-03 -3.674276799350795816e-03 5.995982345917955482e-04 1.950685011404469128e-03 -2.538474960324632297e-04 5.940804109020461111e-03 -6.245294015692476591e-04 7.502772248865793425e-04 1.190157483786825334e-03 1.777297805511414408e-04 7.407800085320460741e-04 -1.985965168048103337e-03 -3.898909916511159274e-04 -1.940376050373374258e-03 3.129351685383685079e-04 -4.038224639602896451e-04 2.897419828982918805e-03 1.262454966405695145e-03 -2.045149939223510664e-04 -6.844584110192594110e-04 -6.912445783272065832e-04 5.605802642884928459e-03 -2.502009740796909545e-05 1.453230543354565784e-03 3.938365407407990360e-05 -1.228860752884967933e-03 -7.688181139979533268e-04 3.781409449348812181e-04 1.339470367499754093e-03 2.364639440424035760e-03 1.855055984426668639e-03 9.089737732799899397e-04 3.851977805010425426e-03 1.370407265502989738e-03 -3.061684750836362494e-05 4.451156188952177855e-04
5.293555990628433239e-02 -1.783142378335350262e-02 1.376150974823360518e-02 7.661965356350443346e-02 -1.476281689913989427e-02 -1.008021220462327868e-03 5.964268280918221671e-02 -6.693889387769075272e-03 1.730202291823214333e-02 -2.824959898040011949e-02 -6.747658822717869653e-03 -1.364809623766982498e-02 1.070922408800270955e-03 2.091293753437643149e-03 9.877508444737573279e-03 1.046338241977715165e-03 7.395248035416718269e-03 4.565622658571143883e-03 -4.044139696547446872e-03 5.481357578265733110e-03 1.124133458795440084e-02 -5.648392153556568845e-03 4.635414812172340693e-03 6.238290497465497249e-03 -7.806645066073481182e-05 -5.239624637104232235e-03 1.946150767694967987e-04 -1.612952489888704651e-03 3.259590111608586232e-03 3.244568063435004403e-03 -2.077463500082590234e-03 1.427258892545481793e-03 -3.230098059472711301e-04 -1.101959460968674051e-03 -7.265257459686762622e-04 3.602728280153165994e-04 -4.059259653069226259e-03 -1.290424764416109489e-03 -3.589612783119338745e-03 -2.579135074026051109e-03 -3.054617699987936569e-04 -4.863051428570880352e-03 -1.007467895420811454e-03 -3.407932248396982038e-03 -5.602184484421731531e-03 1.212669591328016053e-03 3.408570708915384384e-03 -6.870791891171862224e-03 4.500212688683887657e-03 5.777576903121699799e-04 1.832190887403434840e-03 4.136056574985133225e-03 -2.759186651718377459e-04 7.443291855608843207e-04 5.865709152736178073e-03 5.868641163600653819e-03 4.739314410982550080e-04 3.056740689673629035e-03 6.022942440163315181e-04 -1.232487178314224273e-03 -6.901071178963236966e-04 1.122921662923418232e-03 9.309766435695053305e-04 -2.023297680722879830e-03 -9.018525216023479812e-04 6.460726722535769032e-03 -1.158035143816908870e-03 -3.013808373060750459e-03 1.855623599993478062e-05 -6.614234118795359052e-03 7.890849476471790535e-04 -2.265170863750608742e-03 -2.634950813656859389e-03 9.175161465728907083e-04 -1.407882266894437814e-03 -1.373712981540786823e-03 9.624392541281092612e-06 1.275939595814816778e-03 5.497019654829737867e-03 4.247255617958015398e-04 1.287894940666835155e-03 -2.254926364694823365e-03 6.308889303578480746e-03 4.576961626518240739e-05 2.052074560885650076e-03 -2.218528052553581651e-04 -7.899043257619260249e-04 -1.330151500601806222e-03 -3.113679635490619168e-03 2.798848565304833808e-03 1.150433502293254483e-03 7.809982531830455795e-04 -1.741642823320349457e-03 2.171848347660675516e-03 -8.115582569113381078e-04 1.451120657127966595e-03 -8.471000674634897006e-05 -1.268372408517753078e-03 -2.776100251444891046e-03 -1.154809844417265625e-03
9.640753631159684756e-02 -8.823101039969074785e-03 2.855357010174768700e-02 7.964394935994904834e-02 -1.406411242032860540e-02 -3.928578996703111816e-03 3.982856442171475025e-02 -1.044976104945110826e-02 1.502124863327773500e-02 -2.583230477802351405e-02 9.410435619679998268e-03 -2.961187056939656656e-03 -3.775990949621223572e-03 -3.223326568932793120e-03 5.060230205721135202e-03 -1.225488325554286492e-03 6.304899020621076555e-04 1.777304590231818448e-03 -1.603884782296495894e-03 2.972477577177811466e-03 4.518227477961240558e-03 1.382007306461396391e-03 -5.774725621808729156e-04 5.742004673951906640e-03 -2.741502147209344369e-03 -6.129358367472095837e-03 -3.200367975277049518e-04 2.294755272586975880e-03 -2.951839736921757929e-03 7.549213882001145010e-04 -5.211205221963684416e-03 -1.553514284269277585e-03 4.059158340988393114e-03 -2.446121956867242445e-03 -1.537160079803584294e-04 -1.360993890943800735e-03 -6.389268683653409955e-03 -4.503037679258571797e-03 -3.537919317818528486e-04 -2.958035895180895474e-03 7.624833218532414301e-04 -5.261538171863522177e-03 -2.188678978969018155e-03 -2.773950164473882717e-03 -5.470248344820839888e-03 3.848942396740264501e-03 2.707639933082352235e-03 -4.821235373524111918e-03 4.898497524742900094e-03 -1.352180079618112152e-03 -7.459059608439011285e-04 1.405807866362639418e-03 2.664345800476465749e-03 -2.774894645819773933e-03 1.663272007049967742e-03 5.206339525360543195e-03 7.592002726643906543e-04 2.380039354677964108e-03 1.959990680777684222e-03 -6.669207181851597712e-04 -1.705996908459436355e-03 -6.747804830684426018e-04 1.620344280718039162e-04 -1.899952410098494984e-03 -3.780564225176191642e-03 4.381148444853974369e-04 -3.630580950444066771e-03 -4.388553822063950664e-03 -1.601368002016376920e-05 -6.526928197955161361e-03 1.442094961492872401e-03 -2.207932786566991351e-03 -2.093281527196057430e-03 1.008053835249021497e-03 1.834619421662019869e-04 -1.051760109856369769e-03 -1.550815066843061561e-03 1.264683469750925828e-03 2.606006621463325366e-03 1.219531038312008341e-03 2.431012496762611705e-03 1.160440112857860639e-03 2.338039778065971984e-03 1.320878601634897656e-03 1.613636693012724570e-03 -3.652371968292081241e-03 2.107448636866366142e-05 -1.785877893318852164e-04 -3.452152415362211204e-03 4.947505953842026242e-04 1.987620965609701086e-04 -1.728286073733124580e-04 4.046864479026376351e-04 6.422374222716974645e-04 -6.738945673900037644e-04 2.063318395992683706e-03 1.849938770303955144e-03 -1.819856579831603859e-03 -2.944013484460151348e-03 8.106772275451894954e-04
5.036518446207160354e-02 -6.574604737065758639e-03 -1.316177322003043819e-02 3.634242173768224143e-02 7.529981495736202783e-03 2.207148413308538185e-02 6.154610469954474583e-02 1.040481106665368076e-02 -3.174300148633944080e-02 -1.625457707424409620e-02 3.025063842720918366e-03 -8.143770279274226837e-03 -1.463229681448119206e-02 1.482617554996473394e-02 -2.214647725042876575e-02 -1.527958345744231082e-02 8.300613271102605731e-03 -1.036348341259112635e-03 -9.571266272296362690e-03 -9.270343637356945332e-03 -6.151906813535768653e-03 -1.340266943808165849e-02 -7.065889104654531246e-03 -6.317535724079568864e-03 1.959196197056126479e-03 -7.635119404137074607e-03 9.362651365317450382e-04 -2.497625263867085579e-03 -2.191947938278740807e-03 -2.149835112389120260e-03 8.270290554388066290e-03 -2.368789110380171634e-03 4.102282716643603465e-03 1.911905268363065262e-03 -3.179107963492801194e-03 -5.701579451190605732e-03 -1.796232017222623104e-03 -4.227495663809922345e-03 -7.664208380375254126e-04 3.277873955413818530e-03 1.615312088854632027e-03 6.305266993948621668e-03 -6.548675451146282987e-04 3.423516988556411355e-03 2.113533852283426464e-03 -1.384183261099090683e-03 -6.734471999484356944e-03 2.169499604139720102e-03 -4.949106860253561953e-03 1.816951382148204817e-03 4.217232499793121397e-03 -3.911719697941313384e-03 3.702463916478044518e-03 -1.292054725718883587e-03 -8.920950548784714260e-05 5.079418529586433341e-03 -1.027279332717831234e-03 -8.546100400174548497e-04 -2.992982365702285229e-03 3.930417283368055001e-03 5.240185703209374046e-04 -2.203477651632751357e-03 -1.603730201614411190e-03 -3.017778161424772027e-03 3.074033822501093596e-03 4.014299043580197267e-05 9.634179161621561280e-03 -1.056256518613265171e-03 -3.559453376047105964e-03 -1.760172792805179964e-03 4.965420108330586158e-04 -1.469908583096461762e-03 -2.747679955639348304e-03 -4.547867214929587399e-04 1.042434003927991161e-02 3.343535503649623219e-03 -2.839478030752688471e-03 1.891335930537806596e-03 -7.935199954243935374e-04 4.169035308673697468e-03 -7.623335996346507215e-03 -4.480014638535729544e-03 1.031916735091993479e-03 -2.691214881974597455e-03 1.262434313525681107e-03 -7.569788702459515290e-04 -2.469088662073802527e-05 2.825437086574944783e-03 9.358130982479533587e-04 3.034372784445742762e-03 4.603483785324454132e-03 2.646914389261465720e-03 -2.642914784081931440e-03 -5.173648835595557466e-03 -2.835509195269794638e-03 4.021730771409064284e-04 -2.905285649582975047e-04 -5.818545530984387155e-04 7.332796146269597711e-04 1.345386951540466494e-03
1.584120324523531909e-01 1.214091249891065347e-03 -3.039529952134190777e-02 -1.819143873594888548e-03 -3.624510258291924799e-03 -8.496669838400937314e-03 1.032151129777646170e-02 -1.922838866066128860e-02 -1.296794095377792715e-02 -1.671046231297933921e-02 9.040700543717767462e-03 -4.927678252777856378e-03 -9.997102970377595016e-03 -5.426323203307299205e-03 -1.601203093191117671e-02 -4.792773864256356974e-04 1.096548649530675696e-03 5.374220365592301089e-03 -1.021582712654094810e-02 2.424894477121012325e-03 -9.937233625984366950e-03 5.377623321627100599e-03 -8.422265877525056052e-03 1.189629267612439577e-03 -1.531136999942039108e-03 -2.178873096434973296e-03 5.962959592880924357e-03 -2.366915273928281351e-03 -3.207932929850907354e-03 6.695627935673592428e-04 -7.212325108571345823e-03 -9.281090811793814982e-03 3.776354773945000531e-03 2.657177982411615316e-03 2.947308513158137340e-04 -1.516624172334714912e-03 -2.369232509917837751e-03 -8.792059769416540752e-04 -1.117999590038706208e-03 2.989941921683405245e-03 -2.229398009401666568e-03 -7.061723434904216808e-04 1.795150489550922067e-03 -5.915653331994740935e-05 2.089589691970490659e-03 -4.523216493278321118e-04 -4.983746468155750547e-04 -1.830978497418475799e-03 -4.125656788673662950e-03 -1.182473948118066120e-03 2.008289583019497605e-03 5.007352853628234141e-04 -2.874662837083658516e-03 3.911246086892895824e-05 -1.263682314222681858e-03 -2.873930248984142566e-03 3.378641403840652695e-03 -1.416913540376481739e-03 -9.402414766953726003e-04 -1.178385028675311150e-03 1.439773378985351442e-03 1.298497086692950364e-03 -9.158833301955629893e-05 2.122688527463693995e-03 -1.221431098995341474e-03 3.195775852769317709e-04 -1.466677759115410287e-03 -6.062768258622273400e-04 4.734261682229779639e-04 -1.630398316184631345e-03 -1.019043305280184237e-03 -7.108304055518375238e-04 1.745421367108167037e-03 -1.860181453789873588e-05 -1.522236388860032010e-03 2.373268627750475292e-03 9.334600847686585611e-04 -3.901485985529660675e-05 -1.054479538718695181e-03 2.539416892173237158e-04 -7.494405005945577571e-04 8.994885897579556243e-04 -2.302122338244468654e-03 -1.345588575456578432e-03 5.392609800645088887e-04 -5.630773008563445467e-03 -1.396663954510360753e-03 -6.760803178891804923e-04 -8.944690998414887590e-05 -2.302197790741067427e-03 3.542354214909755844e-04 -2.870158311769385306e-03 -2.650855669046292898e-03 -2.696258828610849194e-03 -4.262052909065808639e-04 -2.442058283478503681e-03 -4.219004460566586762e-03 1.456959208863827676e-04 -4.578990254700802021e-04 -3.463322618115973785e-03
4.427508525935772848e-02 7.317219755484544467e-05 7.625936587942207245e-02 2.883739415353545402e-02 -2.806819182564957230e-02 3.802327457626056978e-02 -4.066143297902830717e-02 9.677667078620470417e-03 -1.583283672715252166e-02 -1.197509005958071956e-02 9.736932679515364342e-03 1.153220308957417055e-02 -5.166420687934182403e-03 5.200611114662737587e-03 -5.436890015647660029e-03 3.441262567867036434e-03 7.759865678863148326e-03 8.740801759261980844e-03 -6.124566562841674867e-03 -1.928090442461701751e-03 1.845481042248817019e-03 4.232102154341040555e-03 1.481639029357139205e-03 -1.888832488123353597e-03 -5.467568675199215890e-03 -1.438946526115905591e-03 -5.625313455383682860e-03 4.607537114166826257e-03 -3.995642581126447081e-03 1.775050567670765885e-03 -1.199792523442625575e-02 5.763288984340394876e-03 6.104708899153400530e-03 -7.778953393724637004e-03 5.543638525078070471e-03 4.189778480532278587e-04 1.592565882649858581e-04 3.433943878872930037e-05 -4.918834890861678664e-04 -3.441326703932824117e-03 4.559538177410892533e-03 1.800808124381197875e-05 1.081824519316384493e-03 -2.101092433162621807e-03 -3.178655594049454875e-03 -4.201444529864181536e-03 2.207225615363473878e-03 -1.103827002944510020e-03 4.116283922766183004e-03 6.947634734026387473e-04 -1.670103974552233222e-03 -3.508153968750463494e-03 2.927275934742541632e-03 5.694037280023883305e-03 3.210919158899162504e-03 3.145954874600538544e-03 -6.253511765154249648e-03 8.315414683773244761e-03 -3.608431928699016612e-03 8.192298944887111680e-04 -3.086580495021586015e-03 3.317524058643253962e-03 4.257471825096177664e-03 -4.148497052601573393e-03 -9.565401325317370767e-04 -2.379733319914305312e-03 7.354442222626183861e-04 -3.328579603096256984e-04 3.650888368306451554e-04 2.925864574926775267e-03 -3.256518120946085525e-03 -4.208025951987766182e-03 6.364871396757512505e-04 -5.471488759443292370e-04 4.924866569812265046e-03 -3.305059819622386836e-03 6.308189095687809743e-03 -3.599571315858700934e-03 -5.918160227822118809e-04 -4.127564305320841759e-03 8.087179036012058248e-04 5.074047877438071785e-03 -5.180226675319661751e-03 1.403322465633986696e-03 -2.822072562778107224e-03 -1.737045149614408097e-03 -2.780883864379821678e-03 -3.656836617841552556e-04 8.558059438929733402e-05 -1.261078078003978822e-03 -2.624426349059412467e-03 1.505045569775772130e-03 -6.030228361682249795e-04 -1.569082905974782463e-03 -3.147619727447934727e-03 -3.017242304382965722e-03 5.305016199376865783e-03 9.682996559998872444e-05 -2.909880242923685613e-03 -3.405645015589959016e-04
9.988999324721206663e-02 -5.967742647322812378e-04 -3.486548193028862221e-04 2.532276523388966513e-02 -7.199232560730350894e-03 7.666168302388172776e-03 1.370005162471842064e-02 -9.809019718879108136e-04 -2.278612158315028099e-02 -1.202749269663108515e-02 2.198592052018548751e-02 1.068170785510811488e-02 -2.009922466937579325e-02 4.369895922029324795e-03 -2.078888593104569193e-02 -7.795065997879623010e-03 -5.685202079056365064e-03 4.194507096385951400e-03 -1.268810586642219948e-02 -8.484989015545219698e-03 -1.060350601403375892e-02 6.750181364924953166e-03 -7.495904269457626633e-03 -1.479596767991723074e-03 -2.398648880751000096e-03 -3.623492300493321057e-03 -7.484351243333491575e-03 8.442100612048447639e-03 -1.760279781045781880e-02 1.414499999401765389e-03 -1.307045268374177303e-02 -7.425257465112575402e-03 9.372122002636899471e-03 2.683024116300269761e-03 -1.552116558836089686e-03 -8.069277341150246641e-03 -3.043495872833282875e-03 5.645396460371437594e-03 -6.962608744117239519e-03 1.985653664070008602e-03 8.611506438766956470e-03 3.634233763095602067e-03 -2.225816774179057919e-03 4.544905276105067754e-03 6.634226742426339168e-03 -4.529975007844739068e-03 -1.666547717038523602e-03 -3.952451437288903059e-03 -7.702759720732220428e-03 -1.795358976024109560e-03 3.453542502109127263e-03 6.556798843757987924e-03 1.465433956222275604e-04 -2.775620764775707191e-04 2.816171232175824699e-03 -3.250565850563615598e-03 1.436740895611664627e-03 -7.834705882012647999e-04 -3.885580947858338283e-03 3.283346422088646507e-03 -2.367832110753105741e-03 1.947569773043947338e-03 -3.666466521214503584e-03 -3.089860585816298945e-03 2.649348737722114454e-03 -1.594080650586591217e-03 9.470733186417673675e-04 6.661921626458586080e-04 6.771605987377063342e-04 6.565823873780139534e-03 -1.819640472518582828e-03 -2.798190581080179512e-03 -1.972558308898720095e-03 5.061332870535960359e-04 -1.548848911541959557e-03 -1.870493898028758326e-03 5.056932865112017707e-03 -8.778793887186685024e-04 3.103279420471023470e-03 -6.056621064003340701e-03 1.868411292385288884e-03 -3.589472354878413783e-03 4.826290201059508025e-03 -3.464694497845946259e-03 1.987154657497369140e-03 -2.065093463835827165e-04 -4.288503836607084432e-04 1.912272032023384829e-03 -3.760387238165794612e-04 1.190213924130246580e-03 -2.516188251266693581e-03 -1.880471481687736668e-03 1.866534006914194466e-03 5.395987486187363465e-03 3.036572931812708126e-03 4.197283156582428342e-04 -3.786308246953195254e-03 1.420860945923506542e-03 -4.874628975359302375e-05 2.111080923784277360e-03
-2.726620991592544618e-02 -3.853821951633150215e-03 -6.587839095572846360e-03 1.510684131445365862e-02 -1.875073400425713438e-02 2.490399992326321546e-02 2.401575128399692158e-02 3.555193190702558154e-02 -3.865517988439006597e-02 -9.526184549303826424e-03 2.726418497283574112e-03 1.766636235324537188e-02 9.032506620792801755e-03 4.498494340258753915e-03 -1.883285596276637955e-02 -1.027705857095760275e-02 1.038034028204897147e-03 4.801947915173834271e-03 -1.423946471093136268e-02 -1.213310488086403842e-02 -8.029419163187606970e-03 7.029104368330331074e-03 1.484556380112020055e-02 -1.818618753168895624e-02 4.463743245309685810e-03 1.108618295983941973e-02 -1.392589134870505889e-02 9.585737918419200490e-03 5.479536417264663055e-03 -1.628528799599290606e-03 1.779491081308505734e-04 1.896031679173838542e-03 2.089688038577336014e-04 -6.983836043791369179e-04 6.826438317328051633e-03 2.685712343586683665e-03 4.960052807575671650e-03 6.068685493624540427e-03 -4.725811860539564854e-03 -4.296081462126659194e-03 1.631042020305914150e-03 -9.192744595536305255e-03 1.490511556193363529e-04 -3.874275949012519552e-03 -5.404643737228790809e-03 -4.544542454015866942e-03 9.764948753242203711e-03 1.547419586578531955e-05 -4.166290980487873086e-04 3.585648367743334789e-03 -8.612759174659508424e-03 2.390838050053638970e-04 -2.136290738610695608e-04 -4.003276617768382513e-03 9.988201448710152738e-03 -1.772182321578493402e-03 9.604539067716899624e-04 -7.302501849758878151e-03 -1.244326707991943960e-03 -3.306616226374372441e-03 -1.219208269106186824e-03 4.215776496058551079e-03 -9.839577408824811636e-04 2.084979065883618265e-03 1.695746192959286065e-03 -3.478172187453196923e-03 1.396915277069798187e-03 -1.705768873085198841e-03 -4.671617448410722920e-03 4.381719526832348645e-03 8.547621477380588223e-03 -3.014940086433946179e-03 -1.990410326510297281e-03 2.910330245019342090e-03 -3.053021465116506888e-03 -2.402756624171355909e-03 -5.139877371780915243e-03 -3.022513274035730198e-04 -9.034638124172522525e-04 5.518803166507550879e-03 -1.055450777816905380e-03 1.211052192204332099e-03 -1.312924031524208193e-03 1.844008980662274592e-04 4.216246586549282117e-03 -1.653260147159898129e-03 1.304639111812117415e-04 -2.034987399343707282e-04 -2.700671277306101233e-03 -1.966752155826193092e-03 3.318113478213857107e-03 1.158046692722787150e-03 -1.385056163676407675e-03 6.830291534272715749e-04 2.305582105098429664e-04 -2.586277071580581847e-03 3.609320843683276082e-03 -2.742208023109037572e-03 2.595829892017727496e-03 -3.652924530703361566e-04
-6.092845128163052598e-02 2.303001683203667604e-02 2.991771094091814562e-02 -7.139850510472113033e-03 -8.279293949558621038e-03 1.265068718217175585e-02 -7.302160632557273736e-04 7.557986135222686391e-03 -3.470674860499476516e-02 -1.811521469668236212e-02 -8.688448676822091085e-03 1.731934584285868897e-02 2.362710400192154572e-02 -1.339441126344989054e-02 6.614377445209986342e-04 1.690761061161611886e-02 9.022880634555422580e-03 1.571858358178057982e-02 1.993546806319028593e-03 -1.281866132131698720e-02 -6.692639296482441255e-03 7.241418302060932156e-03 7.325330787790932871e-03 -2.692962086097220199e-03 2.120332933191986739e-03 1.331275026617888052e-03 -1.078048481958730417e-02 -4.232300315006988847e-03 1.358818709178311740e-02 -7.352465677259778509e-03 -1.302857506473213169e-02 3.704879730402110220e-03 3.712036578266326471e-03 -8.984143510772818128e-03 4.379901635173939767e-03 3.471987876338080824e-03 -1.165512254769313126e-03 9.771238915383343576e-04 9.961026873484728553e-04 6.337042169538275975e-03 7.347664807196845234e-03 -7.223148634460021394e-03 6.278049094265443497e-03 -5.862516363056650623e-03 2.775505219752154892e-04 3.398650421063618672e-04 3.221569202589054121e-03 8.271494629455306566e-04 -6.105718622303792911e-04 -5.463842222995074667e-03 2.584825047798998063e-03 -6.211094357740438304e-03 -1.947340266895112334e-04 -4.348311754884849611e-03 -1.395727810997667712e-03 6.288080364371004217e-04 4.989777579524515110e-03 8.835560109325532249e-04 2.715522974841514531e-03 5.445699355699251329e-03 2.508995219198458838e-03 -3.924179602487879760e-03 -3.348170372721784565e-03 -2.743615883485883439e-03 -2.674123881664822676e-04 -1.013164100863796690e-03 4.756622494508042434e-03 2.295920894061857440e-03 1.467851232399795640e-03 -4.319136179482286134e-03 -2.892707686361708358e-03 6.161836385875125652e-03 7.950978657257318921e-03 -4.498215491650108173e-04 -4.396810899291401240e-04 -4.329615107813315766e-03 -3.898187651296559225e-03 2.084275538151808722e-03 5.596345131890685404e-04 -6.183819735480860363e-03 8.621166096798558737e-04 -2.586426888099199826e-03 2.263660852032844690e-03 -3.284513541009880314e-03 -1.484023553244306817e-03 1.836868628120231573e-03 4.162744840769189852e-03 2.306037594223342771e-03 1.753425667820372865e-03 -2.471464741042827401e-03 2.261046480345649495e-05 3.346742374934249219e-03 -1.492035247450622230e-04 -1.561032782234488513e-03 -3.665032661006361551e-03 2.974057025821388433e-03 -4.952957527762699881e-03 -5.366264824909406555e-04 -1.763871533360106270e-03 2.960759146789481702e-04
-5.591844548293546657e-02 -2.087791832453731594e-02 6.958699148500890885e-02 -4.394747459683925883e-02 1.292106497935111009e-02 4.910015541192436564e-03 8.394987249056171108e-03 -1.711685732984927558e-02 -2.680927876521652792e-02 -2.221690157480509312e-02 -4.953951382470064141e-03 1.628498703429003339e-02 6.725645519433734454e-03 -1.999330416590019283e-02 3.859648527921380468e-03 1.497137644637263308e-02 3.022087522594066235e-03 3.269165575485206022e-03 -3.255603536335850440e-03 -7.565264038403799601e-03 4.183687666863005958e-03 3.403695286689321139e-03 -1.126320283866141412e-03 8.052970408058175581e-04 -1.056576146587477096e-02 5.296433364517611105e-03 -6.606767650038086227e-03 2.448449975231443455e-03 2.239124751796232795e-03 -3.220713331667939688e-03 1.191441676341117124e-03 4.910006868852613733e-03 3.327547865814878703e-03 -1.060123873264058126e-03 -9.413683544031032843e-03 1.602481969252450870e-03 -4.904791797849021801e-04 -1.316738173016196445e-03 2.564332896026255476e-04 3.476068244092638589e-03 5.716401372984476932e-03 -3.040886507266649715e-03 -6.510530731157250679e-03 -3.686202286755275743e-03 -8.896274957990500318e-03 -1.140083091888111555e-03 -2.494709097688509528e-03 2.375015579579151451e-03 -7.164182206736376991e-03 -1.130475053128409801e-03 1.104317082408868200e-03 -5.489661176157839897e-03 5.723055060438918522e-04 9.865322001875744505e-04 -4.515206460496553123e-03 4.915253642161179770e-03 -4.042019087363309289e-03 1.036609305376277618e-03 -3.747873885835456727e-03 4.733871768729721327e-04 4.560649511788381592e-03 4.904276995151392662e-03 3.189975378191868723e-03 -4.837609044302678372e-03 -3.267502115233083312e-03 6.555925506252174937e-04 -3.670107736882132930e-04 7.724654999410667140e-03 -4.788484380619833147e-04 -3.184525821376418386e-03 -3.762230812805348722e-03 -2.969075925443095693e-03 -5.494242872327552082e-03 -5.693616552660471508e-03 -5.074938947934946008e-03 -1.794518124600121608e-03 -2.583637475397050024e-04 1.881104796454093411e-03 -4.343698859935991342e-03 6.045077404111971579e-03 3.050874454606855059e-03 1.048400921895778146e-03 3.621417677759810987e-03 2.923455674546463108e-03 1.709981506576370869e-03 -8.378586958926925645e-04 -4.243193988641089272e-03 1.688544296920055105e-03 2.644885135736462899e-03 2.761537699602076897e-03 -1.072569778711250643e-03 -1.795070373619881083e-03 5.659518325905462006e-03 -5.402249572431730949e-03 6.625367725054827003e-03 -6.178205749921659583e-05 -9.542801920668291882e-04 3.902177358953683997e-04 2.671264733965940559e-03 1.603319631672084833e-03
-7.249049534949285334e-02 1.112177580855567144e-01 1.362069075665249193e-02 -8.805609126899427430e-03 -8.036186633420028952e-03 6.684998974531691611e-03 3.838917142366415815e-03 -1.585658807923899169e-02 -2.325022910705661777e-02 -8.199820046383414496e-03 -5.802229545643505099e-03 1.529328708043419666e-02 2.916659841414615678e-02 -4.246131297181916439e-03 -7.607866508218999024e-05 5.235656958846506524e-03 -4.586750552991212398e-03 1.973110282545420188e-02 5.450618254995849912e-03 7.591399201395059677e-04 -4.910021487461114532e-03 3.907195252283506177e-03 4.184591670656831811e-03 1.152929169879468802e-03 5.800527455611652339e-03 -7.023803886200959308e-03 -5.675127780336196998e-03 -2.080261043385870767e-03 4.127329689471902208e-03 -2.907326800403790996e-03 -6.075309421811279356e-04 1.821038184840254297e-04 2.957954287814656275e-03 -9.363166862347569244e-03 -3.952869769863742548e-03 1.617542377805448626e-03 -1.287526954023696969e-02 2.932320007464201978e-03 -1.761758932158277420e-03 4.152385762974841917e-03 -4.651711921357827052e-03 2.227456846553288461e-03 3.011391404923362616e-04 5.002216935282382225e-04 7.801437010689326636e-03 5.957049153928498271e-03 -4.568227972858747562e-04 2.160187002956391253e-03 2.590117849458902811e-03 -3.986571796312018447e-03 1.076123273920525812e-03 -4.965147013558258299e-03 -4.918256058124811144e-04 -1.356106254783972934e-03 -1.247506447514637332e-03 4.635719615351931687e-03 -4.867173339962906596e-03 -2.929753377166823165e-03 -1.819885306402598641e-03 -2.739024168966923195e-04 1.305269827268989817e-03 1.009604345185448034e-03 -1.557675529620674041e-03 -3.302729501686833152e-04 2.091063203721544184e-03 2.610805160736845605e-03 -4.072980752021216483e-03 3.000596159042669998e-03 5.317214595214364570e-03 8.087145699102537373e-04 -1.103476978800344314e-03 3.108234877885514801e-03 -3.058300620623357301e-03 4.132154623692474264e-03 1.661746196555808274e-03 1.865348302131288266e-03 6.357567186242090058e-03 -3.763918655370207533e-04 -2.292361384357356844e-03 2.725374368333049416e-03 -4.780451235288071593e-04 -1.394068167377999125e-05 5.597248234096068248e-04 7.043263351671849321e-04 7.808864775835866684e-04 -1.619733506480779562e-03 4.656977391497711715e-04 -8.018166179406180632e-04 -2.200820234522200304e-03 1.729655548531153523e-03 4.260879263814446385e-03 1.155915186456268591e-03 -6.693677506550539669e-03 5.477000012787623488e-03 -2.080502458470895061e-03 -1.486298206615123494e-03 9.875293023086147842e-04 4.632253100385113655e-03 7.617965442298104371e-04 -3.638734232101607270e-03
-1.446940676341876633e-02 4.131453754335681801e-03 1.206043294224498456e-02 5.378232348335647284e-02 -4.395374334226175884e-03 -6.184359967839555411e-03 4.500295618554200905e-02 4.663491354479373449e-03 1.834390329948113255e-02 -2.233896837464068724e-02 -1.802826906693775003e-02 -8.131994365889400403e-03 1.248501641003378800e-02 1.294758394249345863e-03 1.699741156612023796e-02 1.636444270988373847e-02 2.926482628995413695e-03 8.233047541429965380e-03 2.404543976763279071e-03 3.608637452907421245e-03 1.418725421534793377e-02 5.391969247670328619e-03 1.343996147894949665e-02 -7.320313949600117456e-03 -4.355913801364873217e-03 1.364847777531489129e-02 -4.510300286590141448e-03 -5.228255275764833072e-03 -1.069612951133045407e-02 4.885255733042916104e-03 -7.620526241671027670e-03 1.910887963926340876e-03 -7.637953880668108160e-03 5.312868963829067009e-03 1.865083492994330273e-03 1.600412397328302479e-03 1.889355935427297585e-03 1.088069394082300835e-02 -8.081226320322192763e-03 1.776574718468937070e-03 6.846885916972846216e-04 5.325230648977465758e-03 -2.354191553567014546e-03 4.190278049602745060e-03 9.488093659886892269e-04 -3.042161663812678694e-03 -6.834134932012559532e-03 -2.210472369552145613e-03 -2.669621007665220623e-04 9.901092539026424416e-03 1.314560699197939500e-04 3.231329925433748529e-03 -7.159221091094477782e-03 5.299561160500195975e-03 9.270729076920603256e-04 -1.885100300292860903e-03 3.413953484673555149e-03 -2.533282406859635482e-04 -4.875974657839708855e-03 -3.831217293719480638e-03 -6.720571434733425744e-04 2.786907505521411550e-03 -1.564553978046230153e-03 -2.182223581635479859e-03 8.771132562523983184e-03 1.075859645979335838e-02 2.433292392932193387e-03 2.766835446158679920e-03 6.303699051699239789e-03 -2.909886845554585967e-03 -3.575088539681291547e-03 -2.932231460130273280e-03 6.268625723916600168e-03 6.954842042482206697e-04 2.235203427517519492e-03 1.466184383836417445e-03 -3.247277708380167695e-03 1.204165091835618633e-03 -2.648341198722467971e-03 1.117658491786853751e-03 -3.788298569062016098e-03 6.029930171394454804e-04 -1.261280750773884725e-03 -2.803001461282394503e-03 -1.588760237720654130e-04 6.287112420711048655e-05 1.300267874059668960e-03 -8.261321419227506081e-04 9.466542706572677907e-05 -2.365268775691822204e-03 -1.102149751369775393e-03 1.824183245780040255e-03 9.470853324803909460e-04 -1.714191168041840317e-03 -9.512152649065640708e-04 -3.046712732719144938e-03 2.781728293002473217e-03 1.465517915161549138e-03 -1.568064661779705236e-04 -2.505166977246413209e-03
-6.102501515000467724e-02 1.293815617629671087e-02 1.137089494475495254e-02 -1.408711300791433418e-02 1.391600671677383980e-02 -1.654972153046321273e-03 1.403984165864003222e-02 6.392107429070691691e-04 -5.211252843448619526e-03 -2.345105183259428572e-02 4.101761934816156550e-03 3.249301236159246598e-02 1.769788665115119147e-02 -1.359350377097199615e-02 1.187208774840625355e-02 2.784347066130743106e-02 1.032344616517437419e-02 9.438175695078480920e-03 -1.877270377489815775e-03 3.134438114319765267e-03 -4.427340338129657181e-03 -1.018623289611224727e-03 -2.345311031414279261e-03 -9.876888872997965918e-03 -5.992581720780616912e-03 2.795944639603000631e-03 -4.176754629987231189e-03 -1.475198507902537003e-02 -1.171815547580629807e-02 6.427093869520164246e-04 -6.615329344229735387e-06 2.787424797340058713e-03 3.337245880215848528e-04 8.064971662200159930e-03 -1.794330342611169049e-03 3.433164146332083437e-03 7.607591601342498719e-03 -3.289595840587322163e-03 2.250565885665068138e-03 1.609455276089146586e-04 2.840338766459686061e-03 -2.754626207869992523e-03 -7.079311494907774942e-03 4.070047598754435170e-03 -7.813662857744098703e-03 -4.661322438714652142e-03 -1.002523961835781290e-02 3.446347343498586124e-03 -7.340594148591870344e-03 1.219553292748930609e-02 -1.820186813826794479e-03 9.074888187160462614e-04 3.465575996399765032e-03 4.029798148107660918e-03 -8.245294409920616782e-03 1.426462309543594835e-03 5.109415059518114359e-03 -1.922119493326328267e-03 4.088774101109319582e-03 -5.084995553758138442e-03 2.547374190008442393e-03 7.215272765900544814e-04 -2.535599622687646055e-04 -8.665861723050164193e-04 -8.685470172961432542e-04 -5.809609436985438587e-03 -3.601319006052393357e-04 -5.000594589218290177e-03 -4.632691635553207480e-04 -8.602969583012500714e-04 4.087590148801544324e-03 5.604160642550542679e-03 1.552107878517809659e-04 -1.006418053016588541e-03 1.831099706740585637e-03 2.375210900849215098e-03 3.141951083290064114e-03 -1.401110706244411809e-03 4.257697419228869892e-03 -2.760322196213601306e-03 1.297299325851050374e-03 1.791410700241087128e-03 -2.968399099771163591e-04 2.715697309984840629e-04 -4.012809249957262890e-04 5.735521878184364356e-04 -1.892469950011695318e-03 1.211608944181973577e-03 -2.963284973413235599e-04 2.490761247813426654e-03 -1.271849010526259795e-03 -1.589074307641862721e-03 -3.691726940788422201e-03 1.382269633314393755e-03 1.458505876704186159e-03 4.465784405180235812e-04 6.709779087143677608e-04 -2.420852055220639235e-04 -4.575392965159571037e-04 1.809446186983629029e-03
-6.470671364992779118e-02 7.384012211876020415e-02 4.363902309099362657e-03 -1.742168961434139782e-02 7.126178141634935057e-03 6.478722535971638725e-03 1.450100449797474093e-02 -2.618625471558104056e-03 2.764730316202699406e-03 -4.797668708539246096e-03 1.554413466523405993e-02 2.959572609937759918e-02 2.800789545549766529e-02 8.796987916664798140e-04 7.235915884598560083e-03 2.303078320308847571e-02 4.542084199114977162e-03 7.230127365010117005e-03 -7.627453429745610809e-03 6.358879019647417814e-03 -1.633834861647783313e-02 -1.257230933346127448e-02 -6.739582378487823586e-03 -7.801690351657861264e-04 -1.194393298708895917e-03 -2.813167213061488689e-03 2.593155544748269696e-03 -6.631989387386395124e-03 -8.807320690974600880e-03 1.184722392307811811e-04 1.667672883419437247e-03 1.886459372126765219e-03 -1.681666937492732813e-03 9.428079483280150941e-03 -3.296283588463456461e-04 -3.489359511524936161e-03 1.273990080672522847e-02 -1.043179607800810878e-02 7.955988936330749689e-03 -7.461839088756046408e-03 -1.368699187944161667e-03 2.578779895351064350e-03 -6.369324080972988723e-03 4.517793552505938552e-03 -3.118940458562987229e-03 -5.053878958554479210e-03 6.939281140767061470e-03 -3.992075851747350912e-03 -4.285316385293051755e-04 -2.607431589728313390e-03 -2.752257778903916333e-03 4.176629900497981149e-03 5.230128365499916478e-03 -8.158294828728233352e-04 1.489934123314250788e-03 -2.019547025845036623e-03 5.004433721414363982e-03 -2.847720443244763575e-04 -1.731650907417573966e-05 3.590815421049776881e-03 -7.649705824189270947e-05 9.243708012908683348e-05 5.401699783704544226e-03 -1.467454338892244759e-03 -2.722256137052913444e-03 2.298554401838946628e-03 2.235775613610195762e-04 2.527144659037309799e-03 -9.262586158235909138e-04 4.420231333735787430e-03 2.101118590594946121e-03 3.287200480181846213e-03 -2.011275192494635117e-03 3.603260723923557441e-03 9.146698155534255812e-04 9.616437834656338217e-04 3.309289051526255031e-03 2.693064148084993166e-04 -3.171226288085960982e-04 1.604342480810065294e-03 -1.187377108830870408e-03 4.480757832244428572e-04 2.503492366604262963e-03 1.641761563992244011e-03 -2.938680329926168029e-04 -7.839618663952830019e-04 4.700999472932047667e-03 -4.947582397499458544e-03 -4.486075439199014789e-03 -3.446265835869249364e-04 2.101771021917938926e-03 2.028536767136859299e-03 1.946565848081721964e-03 1.154857749949247036e-03 -4.486952424084220646e-03 1.821319592168077440e-03 -2.046418583300375817e-03 1.688462748553613141e-03 -1.006084259746773757e-03 -3.462086757445110609e-03
-4.698020013666744099e-02 5.233799285020283854e-02 2.141593791635119232e-02 -5.444296720593249511e-02 8.638875158057461937e-03 1.667172123239483647e-02 3.205587620631582257e-02 2.684816837783675792e-03 4.005071530214435183e-02 1.420218778028456592e-02 1.973744455341363765e-02 1.182856446656051219e-02 -6.244716281632037985e-03 1.195261860873900357e-03 6.601504334532316137e-03 9.499578383579296639e-03 4.145899080621649746e-03 -5.420551416835113316e-03 -5.165608068070523529e-03 4.115162322682497809e-04 -1.054099805601511029e-02 -5.714064886856182711e-03 -5.831431806298119185e-03 -1.818355734511449290e-03 1.078010218644301138e-03 -4.226208497570383728e-03 -9.625529933404321573e-03 -7.290468012965291636e-03 1.171481269040020338e-03 -1.685597731035011222e-03 -5.061569345999109709e-03 -3.574874476936784357e-03 3.629205905481811315e-04 3.148009268614788622e-03 -1.330130224890491977e-03 -2.198088723744284073e-03 5.115181964041649355e-03 -4.018919607281485652e-03 3.451014923474803216e-03 -5.244245314796904499e-03 -4.748451673740304319e-04 -1.638145683493638562e-03 2.172818041544611906e-03 -7.099529845350666677e-04 -2.337684624889504754e-03 -4.352369166353514326e-03 6.923984212292005370e-03 9.698496188239294133e-06 -4.372773332985848901e-03 -7.359312734286370221e-03 -1.759361289550177105e-03 -1.551716448057944772e-03 4.095429671738645867e-03 -2.896706637107747829e-03 4.560155720232531907e-04 8.042937674511613016e-04 -5.360011672703808051e-03 4.146502642849408081e-03 4.950865990172057668e-03 6.572256242998743801e-03 1.781847605643399829e-03 -3.058547203497503138e-03 -6.577201838920442630e-04 5.773505179452841432e-03 8.654463039193130772e-03 1.181943032284051877e-02 -4.377575123265510515e-03 -4.924074738917170145e-03 -1.116239674291154586e-03 1.545304483446259753e-03 -2.824987710045572843e-03 -1.498143389764671884e-03 1.851370317911005432e-03 -4.881903216429120114e-04 2.550775070430431370e-03 3.855254351420138448e-04 -3.452693461034593049e-03 1.400714697546334448e-03 -2.847738804360355497e-03 -4.757767538469009384e-03 1.596673031469435840e-03 -2.571232583189321606e-03 -2.332716259101483194e-03 2.046652736929988753e-03 2.820893164379778984e-03 -2.210320925053862497e-03 -6.623187199173788571e-03 7.060683434287922354e-03 4.883472400735592960e-03 1.557630126077881160e-03 -1.216021388894764120e-03 -5.993603594480955907e-04 -8.136037275262079883e-04 5.631295145349872033e-04 4.277600210920574735e-04 -6.847553424690192014e-03 2.155823207546914838e-03 7.182523038929358811e-06 -1.432737021573980783e-03 -4.445001769704814282e-03
-7.612405050282362862e-02 1.316313935351238473e-01 2.452784357697030369e-03 -1.243336774616387447e-02 -5.087717342843768413e-03 4.503937899823952720e-03 1.386873345151247612e-02 -2.618546297044882162e-02 6.319425775181548334e-03 1.250051670033793666e-02 2.482138273144081017e-02 7.178644900261757153e-03 2.369962789447262880e-02 1.481073618861025211e-02 -3.716801577808151198e-03 9.558893775509745561e-03 4.279801837583288929e-03 2.012056165156865962e-03 -5.120308672140008212e-03 1.273409234075964860e-03 -7.201553666078838213e-03 -4.315356917433464494e-03 1.319441299231592819e-03 1.156150173167421477e-03 2.556829258772442756e-03 5.227607385372923460e-04 2.547123504230635205e-03 4.388961294291600021e-03 4.566442394122958645e-03 6.867907720753223515e-04 -2.834679129449264780e-03 2.166075207794598747e-04 -7.042774248503688131e-05 1.247272134315731938e-03 -3.700672980582149236e-03 2.358615179511456585e-03 1.593248618539080215e-03 -5.239016481684501299e-03 2.614230582167933591e-03 -3.346618073267616789e-03 -4.886472609298285648e-03 5.523567897345578112e-03 -4.416086638928789707e-03 3.815295986722153435e-03 4.239226776757300426e-03 -5.528651654749846666e-04 4.126780776323678117e-03 -2.305270290553974432e-03 5.139896788052484948e-03 -3.379876628356386862e-03 1.126273898783586302e-03 2.515677640518145051e-03 -2.212812739915615522e-03 -1.011862832553546594e-03 2.835431657117234994e-03 -3.175861256372579291e-03 2.465467748187132740e-03 -4.769247463742221007e-05 -1.804618538249865055e-03 3.494709099409879123e-03 -2.627984399279858618e-03 1.230192863746876447e-05 -4.037563331058200691e-04 -2.356483334491424504e-03 -9.253623552815617602e-04 3.288932856396051783e-03 2.247831470830621500e-03 1.756522314446087602e-03 2.518335260086308845e-03 4.631533796451824808e-04 -2.913137441993100644e-03 8.357408578710652730e-04 2.720441204598045195e-03 2.751780703562155261e-03 2.554708883534065073e-03 2.544964901126036891e-03 -5.896362376200188667e-04 -7.171613380709994856e-04 5.122643092341570663e-03 3.835526222707213908e-03 -1.931935332226261985e-03 3.643396887800697675e-03 1.754871040829421845e-05 7.135235877695092575e-04 7.881318271980398494e-04 -1.905840610406825083e-04 -9.007992926606971963e-04 -9.566636892822772634e-04 9.393931792470981311e-04 -3.206051643879242585e-03 7.561622130402921148e-04 -3.215827226038054688e-03 3.914219926018923032e-03 -4.741084207664729823e-04 5.985681821181150497e-03 1.464072126642806991e-03 3.450075125307711321e-05 -5.969784640611853176e-03 9.865821634271346261e-04 4.497322172229989597e-03
1.013215737957399304e-02 -7.519322400977049466e-03 1.007901352804986689e-01 -5.723778713136035146e-03 -2.004073416028254867e-02 4.440233503021250722e-02 -3.310132053499739019e-02 1.348672229125001502e-03 -7.545216066366317378e-03 2.699059570817960354e-03 -1.479093844548399692e-02 -1.329982196147090102e-02 -8.320387640228866719e-03 6.357215100988951838e-03 7.120449543943790233e-03 -1.153910051325284652e-02 8.233359919097184634e-03 1.369206230021548926e-02 -7.982898553438044081e-03 1.350252167034784838e-02 -4.675646128424830981e-03 -4.564388538778594608e-03 -2.453584441163480720e-03 3.324260694551517750e-03 -4.868063592631744624e-03 1.191617410617335816e-02 8.525883507915912179e-03 -4.198199976478525134e-05 -1.142610491730157961e-02 -2.709940465662344280e-03 6.679794169336767881e-03 1.635588282728679546e-03 4.067375417422928498e-03 -2.068195794740303618e-03 8.035963087545827275e-04 7.245765685380476696e-03 2.878489123628821724e-03 1.069666260451100073e-03 -2.489435509248503955e-03 1.092105666659477737e-03 -4.213229652296119655e-03 2.533423042015670382e-03 9.990922528104475252e-04 -3.850900362242315120e-03 -1.451492230520517145e-03 -7.376081321064039981e-04 -2.414617895469810260e-03 2.678996412789134258e-04 -2.230031028599849426e-03 -2.885719401318765677e-03 4.813090779242695176e-05 1.597760204344053333e-03 5.943345476256921538e-04 -3.834919754955685208e-03 3.594383746405298286e-03 9.905955603351770597e-04 7.112267659161016810e-03 -1.050654549167719587e-03 2.476794333119518125e-03 5.684375799219582200e-03 -1.350560362658458167e-03 8.985860100597712046e-04 -2.035505752068019630e-04 3.137691657348022547e-03 -1.001943438975327590e-03 1.119090667326851215e-03 -3.792412168954733122e-04 -2.459217027155422963e-03 1.040292026148292279e-04 -1.348506123457701277e-03 -2.530054346919132207e-03 8.034270020099052671e-04 1.025707108934537223e-03 -3.491865261210248123e-03 -3.089947170167190241e-03 1.607619967894020809e-03 -2.439304979477880091e-03 -3.888829379191366571e-03 -9.438418010504079228e-04 -3.656916225059548165e-05 3.583551018233070359e-03 -1.281190148702207750e-04 2.232523221935677881e-03 -9.824479182120702148e-05 3.332835560570401433e-03 3.954308835920041648e-03 -1.880379089290364980e-03 2.909033524239439290e-03 -1.399227213519412504e-03 -2.922683292687083692e-04 1.804569720383191259e-03 9.124710393786030112e-04 -3.427891364488704160e-03 -2.321650365045427669e-03 -3.179474571654363228e-04 1.846698452754114714e-03 -2.689043718241163495e-03 -3.497613525353514166e-04 4.009800000202403195e-03 4.430960300019420937e-04
1.826794562829138144e-02 3.749008924437494724e-03 8.994672282174391575e-02 -7.051456771809688426e-03 -2.648938450239534878e-02 5.052713373577305545e-02 -3.339902952101130029e-02 -4.575668429061918556e-03 -7.431395097781163736e-03 1.831709360070892531e-03 -6.385814588868759384e-03 -1.056822004833354520e-02 -7.078207766317612436e-04 1.119329622201299147e-02 4.778337642596203368e-03 -1.357585831594778150e-02 8.778043322650678007e-03 1.789165424152650008e-02 -3.996617891306991806e-03 1.818905085584696102e-02 -4.977467652652039359e-03 -1.532027136693026297e-03 1.505184494565162167e-03 1.174111546412928610e-03 -6.543792820134378477e-03 6.875088080741506916e-03 3.128257243222486161e-03 1.267048944842276903e-03 -8.256067724164704510e-03 -3.398306191437487633e-03 3.781569493639522737e-03 5.428859809855126825e-03 9.416548375866654053e-03 -6.480994951281134932e-03 -5.017180667507033362e-04 8.942350527780701039e-03 2.227537816679490501e-04 -3.554672047612969597e-03 2.137586497974713028e-03 -1.635903603643391532e-03 1.379168996516266267e-03 7.434508080661907103e-03 -2.635658632562089005e-03 -1.839024472343507490e-03 -1.217689549462015047e-03 -4.017455460272679850e-03 -4.120845949184186261e-04 -9.205946853561603350e-04 1.905656874923715438e-03 -1.656383207107710092e-03 1.949311470076667057e-03 2.825157493406551200e-04 -4.423629514038240028e-03 1.344316667423170681e-03 6.133467870947016849e-03 2.781285962814160091e-03 -7.735751494651273196e-04 5.223828834129954149e-03 1.852412674618319436e-03 -2.364125826558007709e-03 -4.093301894602356314e-03 -6.906899478066703610e-04 2.515429578749613787e-03 -1.167940913151932882e-03 2.712015381584176061e-03 -3.645842463866869661e-03 1.420970066430845332e-03 -2.766866536787047741e-03 3.441661558073156419e-04 6.155658943612970363e-04 -6.782883450049885347e-04 -3.192116900684158925e-04 2.436190032839993282e-03 -3.604654787262186969e-03 -7.906343000227239156e-04 4.142168468347215936e-03 1.161374670098875650e-03 -2.201874587959239387e-03 -4.517037612811293686e-03 6.945033026511376190e-04 2.005397021641121963e-03 1.051577248745348692e-03 -2.166047756603964314e-03 -2.836312661926969629e-04 1.528766670319047210e-03 1.676539206537082198e-04 1.251454991625192484e-03 -2.790609461069744226e-04 1.745314938109946909e-03 -1.910718574027238771e-03 -2.134140492952863073e-03 9.722476555592703649e-04 -2.498901671673677601e-03 3.748349855335229939e-03 -1.059680177781126970e-03 -1.891987401093470588e-04 -8.847687755115474185e-04 -1.747956738616648475e-03 1.106478891098117888e-04 3.899227686998776345e-04
-6.959775581156887880e-02 1.199904740049642787e-01 1.390446290273658451e-02 -1.551548829176066339e-02 -8.453205070526258538e-03 1.100239430990389462e-02 1.210316391444044709e-02 -3.355270757403991388e-02 5.442736516715378919e-03 1.705612236641428081e-02 2.106463050901547299e-02 -3.648396382504147644e-03 1.797831472821580581e-02 1.986097828722779152e-02 -6.382631733043505826e-03 -1.755586604612004295e-03 3.508902971583077821e-03 4.140257588296389520e-03 -3.655754573162650362e-03 5.501178359124348979e-03 -4.762288623189911505e-04 4.434546498050602643e-03 5.592820403951940557e-03 1.391973465585541166e-03 1.971476114867800819e-03 5.774841981262724029e-03 -4.079751480447123442e-03 2.987300811882366916e-03 9.909619414800348303e-03 -1.610947019572851963e-03 -6.721526516283356581e-03 2.111387924785351321e-03 6.277139429933029438e-03 -1.696695593322410751e-03 -1.097274354593607594e-02 9.553307492599291684e-03 -3.078469786841800393e-03 -7.143623630402615513e-03 1.530138388594819631e-03 7.689847163306880260e-04 -4.722198079963452894e-03 8.988659773578950435e-03 -6.133281879208082182e-03 5.261535930411035018e-03 5.763035517710063740e-03 2.715047340817116988e-04 1.473349985020258818e-03 -1.534789149151645406e-03 2.813268125562817367e-03 1.180847046209616705e-03 2.938959909787146763e-03 -1.375555137113954236e-04 -6.268670501561783050e-03 2.542667031248903829e-03 -1.609039834484634647e-03 1.724881452695126334e-03 3.018718743141042397e-04 -4.843659435760942138e-04 -2.432359771743795428e-03 -2.268297031264961822e-03 -8.529925338307346163e-04 1.229242985233612270e-04 -3.442404491805159568e-03 -7.484888527809806583e-04 1.959828449909028266e-03 -5.236934491078738818e-03 -2.965624040842650914e-03 5.352001458624326994e-04 1.048621789553671807e-03 -2.393856633488459368e-03 4.100006621559760048e-03 -8.944131619196016856e-04 -1.108437957253875951e-04 -1.182716057663964638e-03 2.433372524097540863e-04 1.586658646242122871e-03 -1.105737621529769357e-03 -6.192709066279688786e-04 2.281306316029019232e-03 -5.808299526971286977e-04 -2.698934103731572866e-03 -1.856626930278995656e-03 -5.845847508001789442e-04 3.315876748515218277e-04 2.836658446137162084e-03 1.431159750791028513e-03 -1.421103816440047463e-03 8.781561484146441264e-04 9.216738487294448209e-04 -6.676568065141039610e-04 4.285576175149258954e-04 -1.382115043115536698e-03 3.177671256907615375e-03 -6.501489464430063470e-04 3.126722718927670615e-03 1.236248508090877002e-03 1.967285639026155383e-04 -2.445870687205165765e-03 -1.311339800016514531e-03 -1.437348562875577496e-04
-8.211118719460493154e-02 -8.964911501074827871e-02 7.934400535425876685e-03 -1.684682724589994449e-02 5.577509485712429244e-02 -2.004494365452106144e-02 -1.813546532773645248e-02 -1.025144056684575491e-02 -1.262554318239187193e-02 -2.719529807581055891e-02 2.370414064422578931e-02 -5.981507046300507321e-03 -3.521389685904220560e-04 -7.134686649610754404e-03 9.953794108088432485e-03 -1.378271840576954102e-03 7.474668785153610814e-03 -4.525678166235311099e-03 1.941181977406472971e-03 -1.311023824383017932e-03 5.066495153175636090e-03 -4.201167286109913114e-03 8.244596333456760771e-05 3.743735885033410045e-03 -1.785249648962863520e-03 4.073764116087499540e-03 -8.390340035555334322e-03 5.372841009602874647e-03 -1.913994085259343447e-03 1.385477491916701793e-03 6.649933742552046126e-03 7.229639358431239927e-05 3.138111405378530075e-03 -1.278772698176905680e-03 -4.935940965428856422e-03 -1.075682238137997256e-04 -4.606708357223910223e-04 -2.979743891563801060e-03 1.474968526182310509e-03 -2.210083849918341708e-03 -2.190655034656029468e-03 -1.757872860321074314e-03 -3.931329393592169065e-04 -2.955672396622005538e-03 1.431594825006465063e-03 -1.366970099916240983e-03 -6.557214168306768056e-04 -3.088188255013517639e-03 -3.761201994038733745e-03 1.025864158523589901e-03 -1.524087173449328826e-03 3.263376274938213921e-04 -3.164331132158389962e-03 1.333575764680129802e-03 -1.931827077749664239e-03 -3.574461224220971348e-03 -2.802030344439973564e-03 -1.865535098153507654e-03 2.787106936893087115e-03 -1.079067400373379809e-03 -3.264621760119376832e-03 -1.797181337900042057e-03 -4.706775877626768849e-03 1.239690128451081041e-03 -1.221493725685366977e-03 5.845963742919668303e-04 2.154675208872848264e-03 -2.654706995319366155e-03 2.025851267883615418e-03 2.116312580066341173e-04 8.971702960786055118e-04 -3.048250872791055752e-03 3.686081903561490725e-03 3.894143922695761893e-03 1.769830483361433142e-03 -1.494434822952865356e-03 -4.447447886518455395e-05 -2.733711686947528155e-03 2.197838204049515538e-04 -1.552662650008919312e-03 -1.865197065525507625e-03 -2.543066019903794618e-04 -1.145239694249112995e-03 -2.161922867019014025e-03 -3.089131061225769848e-03 4.556962905145727481e-04 -9.513316826964176567e-04 -1.795070827467031048e-03 7.044261012118480060e-04 -2.503825180403302427e-03 3.290092453723454744e-03 2.240376971080457018e-03 -2.634442672264951033e-03 2.403300675679066658e-03 -1.617198973426927202e-03 2.503126299925881489e-03 -9.259415157514229097e-04 -1.766287172962899710e-03 -2.040947241942062725e-03 2.697562476899010436e-03
-5.694609328352032152e-02 -5.779681371684981112e-02 5.457395769847535327e-02 -2.662288880346320996e-02 6.520489557640317402e-02 -2.524333084661225038e-02 4.547891683036029190e-04 5.047666765254958058e-04 -5.539246049603776222e-03 -1.968913278697383834e-02 -4.154377526681095334e-03 2.356309481416759329e-03 -7.515545497787889245e-03 -7.753797568533259306e-03 -3.349914689241737745e-03 1.072257835937881661e-02 1.029878765138408491e-03 -3.167791225533448784e-03 -8.831258021752420861e-03 8.795775847214962499e-04 6.721242833529200190e-03 3.530925578990316924e-03 -3.033517232017766008e-03 2.120949263910475516e-03 -1.410477932731497332e-02 1.048017106451675472e-02 -3.381213709221663703e-03 7.420933137806341208e-03 5.432743904067949270e-03 1.302281152593394919e-03 7.325406738407296697e-03 -3.234799348266438265e-03 -2.463472506172900006e-03 3.181245377524301397e-03 -1.118633580743582344e-02 -1.925942182318986663e-03 -3.052784806385602182e-03 1.623742093187173540e-03 -5.934866057845743399e-03 -2.847899288229443007e-03 -1.092426018159467060e-03 4.381939627952430999e-03 -7.918731849544426160e-04 1.939882490868017760e-04 2.243792921358657921e-04 -3.739029490758934084e-04 1.688779339403836911e-03 1.980518112663236935e-03 4.864423945887516414e-03 -3.656522002533199936e-03 -1.510260775883429584e-03 -1.053044162364561408e-03 2.336836869083534860e-03 -1.220880849790792564e-03 3.038373772871544786e-04 -6.546365544411012968e-03 -5.234965144011669187e-03 -5.712450036767998144e-04 -6.221476351408877781e-03 6.492652234339152482e-04 3.651805117329006041e-03 -2.117436652197856098e-04 3.082009726465201500e-03 -1.510460519489577531e-04 -2.698089359336367388e-03 -4.968244635413455925e-04 -2.576906998942531568e-04 -7.092151685184335148e-03 -2.631780597973271824e-03 -1.168594214253227586e-03 -2.681143845498427220e-04 5.319125325951200994e-03 3.657805643667113617e-03 -5.428046523923078489e-04 3.829466401944084039e-03 3.515288326444556484e-04 -3.747801757525909473e-05 -4.799920316066828146e-03 -3.671552047280920300e-03 7.700055857181368991e-04 1.367554728895574315e-03 1.479731369039001153e-03 2.629923595233784293e-03 -4.917825628773190433e-03 3.190385365440426627e-03 2.937614327202467228e-03 9.673171760234735564e-04 -3.107966681164862997e-03 -4.106053192930130338e-03 1.356797072895324406e-03 -7.982946295701896658e-04 8.235167643966082333e-04 3.956442691452088481e-06 2.701541019387322922e-03 -2.581379367110926259e-03 -4.162934352372458548e-03 9.382161609387806031e-04 1.916392686901179651e-03 -1.355527157654287012e-03 -1.448987237995194187e-03
1.183465515314380267e-01 -2.672742387895886505e-03 2.866836782308548187e-02 2.337789958218762162e-02 -2.059787658755511328e-02 1.648987074547895657e-02 -3.609562799521601195e-02 -4.406201504865052757e-03 1.681879275544691243e-02 -1.354082633273306739e-02 1.411562621020448667e-02 1.369237731131915832e-02 -7.039105202747349653e-03 1.844282535605973024e-03 -1.450436240078149808e-02 -5.435874094411128482e-03 -2.658325636923096740e-03 1.063492937304389395e-02 1.858387419111872079e-04 -2.474021800693927253e-03 6.278258541120108893e-03 -6.567578013901142521e-03 6.650665905189262136e-03 1.398376127488715551e-03 -6.689210245561097619e-03 1.317672012042991154e-03 4.585930402669182067e-03 3.017068996879656000e-03 -1.026651056777625089e-02 7.463933668782465891e-03 -4.805935770907750725e-03 -4.316230257936401297e-03 -2.931771360266657769e-04 -5.124303771320155507e-03 -4.460840146445136170e-03 4.328943000137117775e-03 5.671115509715553629e-03 5.984638361878455610e-04 1.465723779988247974e-03 -1.159788489714912640e-03 -6.090064498810258790e-03 -3.909019534200417964e-03 -4.007391982640539914e-04 -2.876456192206724386e-03 -7.610677448222341991e-04 3.101483354296034282e-03 2.529260293505319196e-03 3.002803422991041568e-03 5.994450280830095415e-03 1.535509099694293191e-03 4.159744974155814116e-03 -3.400256296450999971e-03 2.617590281364204005e-03 -3.954135101646911489e-03 -7.236918844332928397e-03 -2.330165435281819197e-03 -8.037977360127083288e-04 6.421784016279119371e-03 4.632638753490497113e-03 -1.178817753696105065e-03 1.917509027148744157e-03 1.392216458102332266e-03 -2.915957272100707688e-03 2.740872154641115659e-04 -1.657426260077107458e-03 3.556908250485458882e-03 1.003217226458020617e-04 1.881029286123875235e-03 -4.009157211891929522e-03 -2.560863828582156908e-03 5.284049338441185531e-03 2.229677001988993826e-03 -2.420862731431254293e-03 3.451984192508272299e-03 1.745331091866269939e-03 1.261163176008770750e-03 -1.426429959569356374e-03 -3.070664994261161542e-03 1.001602003178846383e-03 2.675549415421964563e-04 -4.277918405954356414e-03 2.839672830236061114e-04 2.447228360653124195e-04 -4.900301105322506928e-03 -2.922117818582133835e-04 -1.091590800665174707e-03 1.368288144985539689e-03 1.216398605386513967e-03 1.311172159826149699e-03 4.063170266433368920e-03 2.302116152454901452e-03 5.219314748131628279e-05 4.455643485875879044e-04 -1.903873933410329435e-03 -1.781630158710131168e-04 -1.012300175608932176e-03 2.162649636112193568e-04 -9.077558567839864217e-04 3.344096673911737139e-03 1.554937445949082725e-03
1.692531995271249756e-01 2.534064269243600440e-03 -2.893152884478458753e-02 -1.307731214638670376e-02 -7.080241771833420232e-03 -2.947401444667854288e-03 -7.590244464614938000e-03 -1.562481357884157318e-02 7.495062529489796878e-03 -2.709302548255634879e-02 8.953197787459843404e-03 -5.969573873963108200e-03 -1.824345373625288914e-03 -3.852815789139879196e-03 -1.601557760310003825e-02 6.274814607977402883e-03 -6.435672817651738771e-03 7.298468280720204690e-03 -1.198077938146637281e-03 2.932973251521507358e-04 -3.348542524674829549e-03 8.528236021787330423e-03 -4.553116873158723557e-03 -3.495343022799754962e-04 -1.642376944778348733e-03 2.999820502274042500e-03 9.256020312350904042e-03 -3.760536872042551538e-03 1.092507046626032402e-03 8.791086555972954996e-04 -3.646960497696665436e-03 -4.214980421615046810e-03 -5.902031494351310179e-04 6.901249288269465298e-04 7.405016665718524736e-04 1.746172367787286782e-03 1.294040068506803953e-03 -2.898088056743589914e-03 1.538464181629772875e-03 -4.061671414469781617e-03 -2.328946383110337432e-03 -3.062515409133373043e-03 2.362333104747976666e-03 -2.142259229210353479e-03 5.697932271320275662e-04 3.974355671279424136e-03 7.124433667616089259e-04 1.862415268848210915e-03 -1.118635014833448691e-03 -4.241199367147600484e-04 -1.167835702110417862e-03 3.418115937968989370e-04 -2.857717434489616230e-03 3.344505447543479060e-03 -2.363438406483165527e-03 1.529214310420442050e-03 -9.261313334136476701e-04 -3.422996150097452461e-03 -6.085006014162026378e-04 -4.074009380685533407e-03 -8.638353448982094649e-04 -8.069828009014209545e-04 -2.065533286125146402e-04 1.264601503575032331e-03 5.186405183055574711e-05 1.844328023884506899e-03 -5.548956701597595196e-04 4.196522382726535199e-04 -2.469039582116941585e-03 5.075162848915108381e-04 -9.630222768774768477e-06 1.505266361475159596e-03 1.760255089931896631e-03 -9.981086923751822989e-04 -1.874890580026564255e-03 9.075352697897262622e-04 -1.225511131449668082e-03 1.814474493343260072e-03 -1.036071535484620791e-03 3.863387645293381799e-04 -7.318029997756283719e-05 1.318014217253064444e-03 -1.643199857053162299e-03 -2.176029019440622512e-04 -1.476470120117107359e-04 -1.587970382756721246e-03 5.979668909822518589e-04 -2.110327375359813656e-04 1.557133679197709889e-04 2.799366406980259353e-04 -1.503378503882995263e-04 -3.377664265076754549e-04 -6.236850445289835983e-04 -1.463783283553000058e-03 -3.811635699824375599e-04 -1.803153735414426235e-03 -5.781447134167450042e-04 1.424658427849720584e-03 -5.036038840700173165e-04 9.653924829157021397e-04
1.551739678879109907e-01 4.755075670529022164e-03 -1.793235902004710128e-02 -2.556559605896441614e-02 -9.830210727134532089e-03 1.320284702412228769e-02 -2.847630896248203036e-02 1.222980542633055707e-03 1.292919878084161818e-02 -2.153908609829907964e-02 7.323283187824203982e-03 -3.204443301097625527e-03 2.416131805046939449e-03 4.461595107418574527e-03 -1.384982120344064455e-02 4.184920167114606834e-03 -6.031564846397110928e-03 6.601534818006165456e-03 4.290383518703391914e-03 -2.348722428340332957e-03 2.672409807682219873e-03 3.731908870399340637e-03 4.791966811145634969e-04 -9.221394329508509399e-04 -4.851920082136565796e-03 -2.623224152365626364e-04 3.921084708082691467e-03 -3.109999126348822799e-04 -1.202845127594143063e-03 1.824139705210783011e-03 6.974736170704778264e-04 3.211300554974141994e-03 1.964592620152031104e-03 -1.357330249857055743e-03 -2.023339309221428711e-03 2.101781582233575637e-03 5.234501987488737393e-03 -1.395410211337087402e-04 6.523865602525243026e-04 -4.440838103822919783e-03 7.156577565225754830e-05 -9.139421239321243815e-04 3.548816608491261603e-04 -3.753141106395770001e-04 -3.605981075450876414e-04 2.196543419812654278e-03 2.088235276732976241e-04 3.072805596250239354e-03 2.089105539000043338e-03 -5.629332380904174434e-04 -9.766479121694525770e-04 1.460900195332661073e-03 -3.777743382267722324e-03 7.010538546183994702e-04 -8.713781575418255232e-04 3.536189771853599610e-03 -2.727094028818644739e-03 2.782273227273234992e-03 -5.226385496493537747e-04 -2.404520651504453953e-03 -8.751318839682480132e-04 -2.140572790836233451e-04 -1.910342154542338819e-04 -1.394596408015926284e-03 2.378630208908552850e-03 2.170330955722752937e-03 2.440581693012302752e-03 9.700050662589184574e-05 -4.182082841968209723e-03 -8.177501960139831570e-04 5.661410019152084833e-04 4.528279896464803937e-03 -1.029515068240432482e-04 -9.390588203195516463e-04 2.823252308788640327e-04 -5.415359833764806126e-04 -3.901761706069369322e-03 3.692946798941100788e-04 -7.984638491614423498e-04 -6.360575313218138965e-04 -2.389671966505020010e-03 9.318984384634637934e-04 8.729646782973873322e-05 -1.046931998124305289e-03 5.932717793781419179e-04 -2.328644363093327574e-05 -4.328192656544929012e-04 1.583259079345596338e-03 1.578106015229740989e-04 1.785166123565822644e-03 3.289587597390526436e-03 6.461105715672660430e-04 -6.009295520458857219e-04 1.955777654272284477e-03 1.306430540510961210e-03 2.786545219201524200e-03 3.926185244139762665e-03 2.257039998171192149e-03 1.572153060775384036e-03 4.225915861572050909e-03
-7.276921616627186895e-02 1.261172067044312450e-01 4.333524846871291032e-03 -1.531690060687755303e-02 -4.303032268076174144e-03 2.521444729641400539e-03 1.465513530376180706e-02 -3.224742584062205430e-02 2.216671498392233999e-02 2.863198488818255796e-02 3.297491748825534530e-02 -1.606295558521349254e-02 6.975156303005936248e-04 1.636359878283060246e-02 -1.024330763772807878e-02 6.755242341851703906e-03 1.210524721578062381e-02 -5.045076611851280479e-03 -4.372902348243004438e-03 -5.865886067986368982e-03 3.673750389447140267e-03 2.807889176765864143e-03 2.783308508490692657e-03 -9.936901673202561288e-05 -5.034037510407679550e-03 5.838190320006418112e-03 -3.004573111625596319e-03 -1.802053600635171449e-03 2.458826012587538110e-03 -8.900335959472021035e-04 -5.727984266902252670e-04 -2.848660898777357264e-04 1.888765303866558366e-03 -2.327051680751434076e-03 -6.222722854114175845e-04 3.420764907252554516e-03 -1.864342260971686921e-03 3.602985098565048873e-04 -1.237370075192275752e-04 9.534776708223832026e-04 -1.834271870786305858e-03 4.455201948535580968e-05 -2.206389003490954927e-03 5.931218226827002313e-04 4.164263259334663740e-04 5.536066121310049539e-04 -1.424503894252528288e-03 8.714889853913462261e-04 -1.455079596979784364e-03 2.040574040683949559e-03 -5.422000219199932247e-04 3.179702959814094485e-03 1.750560277262243293e-03 9.154313126684972648e-05 -5.977902541034123100e-04 -3.326643055002137072e-04 2.339297443308148601e-03 1.170686938268266920e-04 5.683706231864731366e-04 1.963438953818587122e-03 1.162718600352155416e-04 -6.985943592099487596e-04 3.009011480378646821e-03 -4.257833501764673035e-04 -1.090942475461382198e-03 2.224215003347497933e-03 3.038540312048384042e-04 -4.985031710973568441e-04 -2.714847871826961152e-03 2.254138404383779649e-03 -3.116230303507311729e-04 -1.783772286715814594e-03 -1.584645622207667744e-03 -2.781858990518659615e-04 -1.432879089349357741e-03 -9.477429153573066695e-04 -1.839397920460220841e-03 5.878996865513788075e-04 6.244678677781765426e-04 2.450243082275453655e-04 1.842572895719460846e-03 9.318673407477390128e-04 8.533631442999468778e-04 -1.279657420329405196e-03 -1.996795509416138172e-03 4.151340050236419299e-04 -7.509246591551735133e-04 -6.264572705211885351e-04 3.911946728748294045e-04 -1.120033926564379572e-03 -2.641764027091077650e-03 1.638776603783009475e-03 -1.042134903972305546e-03 -2.510158690623630513e-03 -1.459878527380865931e-03 -1.678881009919161536e-04 2.658292078197201785e-03 2.515012719310024802e-03 2.233730974497868862e-03 6.092931550661601602e-03
-7.502081418354566988e-02 1.414074276920037065e-01 -2.020456778087944757e-02 5.478989984895223618e-03 4.634237861931500384e-03 -2.887486954873213357e-03 -1.055093110778964130e-03 1.191979727038204422e-02 1.920423429982183461e-02 1.463941668689094922e-02 2.107813058598471956e-02 -1.607300897015331853e-02 -1.878139484820535651e-02 -1.611152024229037596e-02 8.057125921821299249e-04 1.298133947478520393e-02 1.631962016154115194e-02 8.384194788068550716e-03 -2.752754961440665414e-03 -9.079205914633861618e-03 -7.002579174827863219e-03 -2.219123377073767105e-03 3.892313031319797560e-03 -1.627933304900615850e-03 2.572848688526092019e-04 5.869007415737762445e-04 1.086786985731411602e-02 1.241893660560703175e-02 -1.562921682562329675e-03 -2.243520846538293932e-04 5.817814237858107487e-03 2.487273030177966811e-03 -4.308335189714402116e-03 -1.695391748680498108e-03 2.924452687536645366e-03 -1.695657958418650153e-03 -2.733760442478008670e-03 4.019490572788724132e-03 3.386714615430858923e-04 1.329532929917794917e-03 4.116561730320591680e-03 -1.746183760532534195e-03 1.091264235470439797e-03 -1.281639853984111940e-03 -2.633189345857348592e-03 -5.887658264479893539e-04 -8.488368095689324561e-04 -9.242870592226577926e-04 -9.323922623425154278e-04 -3.943870632554361032e-04 1.507276228470529273e-04 -2.316931105511246813e-03 -1.191549013889389312e-04 3.452779273113563995e-04 -2.960611577386838464e-04 2.262037363316139488e-03 -3.740237344083966386e-04 -3.607788900133779048e-04 -5.736482065388211145e-05 -3.568796655900675408e-04 1.566342754571164965e-03 9.192092474630074840e-04 2.777961996520095407e-03 -2.720574130558102866e-04 -5.499657100354615486e-04 -3.865966597132272262e-05 7.793738088678174320e-04 -1.058340437828812330e-03 -2.537233840248305679e-04 1.021431559240323049e-03 -1.503015588983125633e-03 -3.729206083223293592e-04 -1.079239936705566911e-03 2.162544865469948931e-03 -1.562463853075736833e-03 8.146686410194971945e-04 8.986452793681460206e-04 1.732939135546243030e-03 -5.507917553846902563e-04 7.415467681288566816e-04 -8.487215423328573144e-04 2.014909066659426734e-03 -1.937506664109174092e-04 -2.932125484301849761e-03 -2.015958266572308050e-03 1.573070129664324831e-04 2.642458688614254467e-03 -9.363160835739342026e-04 1.762348859841443441e-03 -1.049292183634274950e-03 -1.503045093647910444e-04 1.647819571571448177e-03 -7.913288856538610097e-04 2.186782325958718312e-03 2.744648896126285296e-03 2.462278323490687832e-03 -3.461995260389086099e-04 -5.435079441039825316e-04 -6.414539146944940292e-05 -6.725286504756327038e-04
-7.892111744479501922e-02 1.482142483769797181e-01 -2.542870060494127962e-02 1.882389737996818802e-02 2.423457269026290783e-03 -1.053317485441575274e-02 -1.565360980294715557e-02 1.016613329057603800e-02 -4.492999314517315095e-03 -8.776150265651741847e-03 -9.731061274435437100e-03 -2.982149297692316455e-03 -1.159878657613101771e-02 -1.591261711900899753e-02 3.627935514682967787e-03 -1.473775155895396720e-03 1.654178676894068483e-04 9.926295163514427602e-03 3.335721093955371520e-03 -1.883903753162220664e-03 -5.384921116142993638e-03 7.965119419043045160e-04 4.900468912365310743e-03 -2.230197024315653826e-03 9.532751169567201324e-03 -4.828371429418986185e-03 1.048266826444690762e-02 1.784974656049782490e-02 3.439481109189056109e-03 2.561238539440990111e-03 2.871353128013535202e-03 -1.929840769647153025e-05 -6.168320207085191582e-03 3.025361326709331705e-05 -3.394232271476860588e-03 4.129544306714494697e-03 -4.500984471572045710e-03 -1.414727460896733928e-03 2.796529788040407524e-03 -1.647131449140350591e-03 2.279741843032306783e-03 2.697619388303259397e-03 -7.985073066443244653e-04 6.817217020017298131e-03 -2.182019935682942904e-03 -3.589247901085506395e-03 -2.217976631841562987e-03 -4.018385727253040093e-03 -2.654746720011779727e-03 8.497300426206023981e-04 -6.802687688695921930e-05 5.465212812149692874e-04 1.280810257572506947e-05 3.313087498085702173e-03 -4.210324569252294272e-03 7.408245065345539461e-04 1.779867572679756562e-03 3.673204542998452417e-03 -8.848756289835997156e-04 1.360744048236418651e-03 -1.925388889556190093e-03 6.681394451396882334e-04 6.603131621203067270e-05 -5.681915146900079613e-04 -1.483299508814998587e-03 -3.541486866971796268e-04 -1.940136535313140460e-03 -2.805321053034362218e-04 -8.787147770571094706e-04 -1.011003819303682742e-03 1.467768987292141858e-03 7.831281503154596379e-04 2.306872907587702325e-04 -5.688350076360489766e-04 -4.108088975570372398e-04 -2.411340705894445425e-03 -3.613753027239145765e-03 -2.324633859571385635e-04 -2.976310175906736032e-03 -2.357371779617755802e-03 7.752432236582564159e-04 -4.263553840359344399e-03 1.250880612017249004e-04 2.270530523773972315e-03 1.872574510677631155e-03 -1.237785739071195013e-03 -3.168502286023331879e-03 8.916008106563480268e-04 -1.536979291691260071e-03 1.856977839029027135e-03 -2.970676512371561414e-04 -6.215776161738184591e-04 1.622705359966900352e-05 -2.545643583419545633e-04 -3.094928944594530027e-03 -1.909650048135151830e-03 2.666226449442229366e-03 2.771636212885871323e-03 -5.022476150422519820e-04 1.675390979842055709e-03
2.534904607476227284e-02 3.064136271580941706e-02 -1.403280256325055604e-02 -2.783105127903258424e-02 7.088224806904986144e-03 3.540982644552089637e-02 1.842075335506420525e-02 6.982208779843925017e-02 -1.225377860399989340e-02 6.973499558759110352e-03 2.414513065538463621e-02 1.219735072266480780e-03 1.732251535621663618e-02 -7.209259257782002321e-03 1.497242532292820906e-03 -9.616738969861605632e-03 -1.307517120213617240e-02 -1.417979175604304996e-02 5.351815657170739052e-04 1.310196345189471728e-02 1.657985029254342019e-02 6.046785688013294607e-03 -1.343410740679828628e-03 1.211129461333978856e-02 -1.526620188685539649e-03 2.284229760281028272e-03 6.967084018654104427e-03 3.801238060476601777e-03 3.633207778810410536e-03 2.009305960835392878e-03 -7.188696277460908911e-03 -1.774157772086069505e-03 1.171663883650053391e-03 1.123585870731631841e-03 -1.710724380318784875e-04 2.374094607055804267e-03 3.722775146985140855e-03 -6.300792761910071864e-03 -1.340382500114628951e-03 1.445132195809364613e-03 7.389313179662669942e-04 5.190440187297081865e-04 -4.134585463308332320e-03 -4.075190449849459134e-03 -1.033672097517137831e-03 1.378826670496543366e-03 -8.486552032939184004e-03 5.108369851189934266e-03 -2.816496687932125258e-03 1.374226213586902164e-03 -3.538069725646109630e-03 9.278123458219369665e-03 3.129229669641505306e-03 -2.326205460124383499e-03 4.608050057525648995e-03 -2.469792513880544188e-03 -4.955044433551216224e-03 2.805603301339935907e-03 2.690604629518790480e-03 2.519729802460439309e-03 5.760950135009131621e-04 -1.023576411535241431e-03 5.029670898354681634e-04 -5.986525925026135687e-04 1.382502276959075111e-03 1.521786257574399325e-03 6.656097330267914504e-04 4.668943906055689728e-03 -1.287338151692999158e-03 -4.021034088544323502e-03 -3.829900533300375880e-03 6.484492982501841507e-04 -5.830557558660521156e-04 -2.067618908058812838e-03 -1.760827914429630506e-03 -2.582006875105106840e-03 2.001195878307716371e-03 -4.548947696998264568e-04 9.696684952719426256e-04 1.249349220806419448e-03 -1.546242241601094138e-03 2.290666775711432384e-03 -2.234416239345081434e-03 -1.958386946648566287e-03 8.939810665773557886e-04 -5.259072562452299414e-04 5.397415676287898320e-04 1.235046539174658106e-03 7.864968408024222875e-04 6.120160985720306951e-04 -1.569885283996903282e-03 1.474423049621943370e-03 -3.195129631188694738e-03 4.174017073432227665e-03 1.071079338304014965e-03 1.816446776591914029e-03 2.630364728202756828e-03 1.541698171048097327e-03 -1.254429594875268613e-04 2.731615844674164227e-04
-8.013596393757486946e-02 1.505909687327063318e-01 -2.111156913143210495e-02 1.775568187702543030e-02 -1.512710541578030045e-03 -1.637229850787532207e-02 -1.824478647009465659e-02 -2.003504985439817643e-02 -1.116366541257484898e-02 -1.553382087009949099e-02 -1.561665291844459812e-02 8.290802985668538003e-03 9.322993076060857170e-03 1.931734988621223309e-02 -6.105758096799232884e-04 -1.200597133393538005e-02 -1.095484052234493161e-02 -1.837832246530464453e-02 -2.964512146142359375e-03 5.635300690054485112e-03 5.961163521443233436e-03 -3.108756811154964224e-03 -7.123160858578764416e-03 4.893193723037744802e-03 -4.321227181684493372e-03 2.242171558537183352e-03 2.405745206578175071e-03 -4.928517961597464079e-04 -2.478909144893444525e-03 4.403932003931775529e-04 2.765441704455276806e-05 -2.784943233851822737e-05 -2.355724161844405620e-04 8.607589971781892928e-04 3.868983031866292041e-03 -3.622537058108955040e-03 1.140859777423409212e-03 1.799588006298863310e-03 -3.655174705288395144e-03 6.926561703635034052e-04 4.637642732840840075e-03 -2.471536944321439926e-03 5.384482731657628911e-03 -3.319300137643432097e-03 -2.926613767428455637e-03 -8.321865118182918001e-04 1.824371253154710823e-04 -2.231295752570108880e-05 -1.513161380330392027e-03 3.999818710641721856e-05 -4.973496734379868108e-04 -5.013390175952316466e-03 -5.215388542337886244e-04 -7.321841074197893808e-05 -2.041110336690866653e-03 2.534130540149587708e-03 -1.416569391717205665e-03 -6.847777807333632605e-05 2.869838299493049057e-04 -1.506452329740722929e-03 1.719520866425298901e-03 -3.737288086859530379e-04 -1.015200381051111845e-03 1.125811895963923061e-03 3.096612246500237212e-03 7.195613288053438099e-04 -2.192388835010735879e-03 -2.272302375755537712e-03 3.575126450531150232e-04 9.195449943228681863e-04 -5.536442763410281856e-06 -3.993780879719995686e-04 -1.872603466078895992e-03 -4.603153013449631293e-04 -3.835202674671941048e-04 1.529156214897350180e-03 1.114826835448758753e-03 -1.215761888947533033e-04 -2.042172429126526119e-04 -9.133367256350565433e-04 3.191379337656544157e-04 8.174262663703708593e-04 -4.009707185244518017e-04 -1.085359220141627517e-03 5.056181627005484512e-04 9.591953226379128401e-04 4.363577915834849141e-04 8.023936452427751038e-04 -3.116593442071427609e-04 -5.927846488736644975e-04 -7.626808951190990234e-04 1.151459808386515573e-03 -4.406014384095451497e-04 4.472996764561676798e-04 7.054606728840660237e-05 1.566767209649306972e-03 5.435809707156291854e-04 5.696019312605335146e-04 9.476828184792633527e-04 8.599645937113263670e-04
-7.572904117459341999e-02 9.764248629336406970e-02 5.232672116280629067e-03 -1.111487587741108105e-02 -5.423175377128722913e-03 -2.847791217037673548e-03 6.042779152790628099e-03 -2.019805062855086278e-02 -1.684409550706961189e-02 -1.227127212287916665e-02 5.604077731692948261e-03 2.589369303045935614e-02 3.489114917251325693e-02 2.071984057077899503e-03 4.237592255704743065e-03 1.462151366335729535e-02 -1.935259944357934020e-03 7.691481269306826851e-03 2.463066059306764661e-03 -2.587891770894950021e-03 -6.158611807060916828e-03 -6.658640103904250179e-03 -2.638714108594326577e-03 1.830380326838815718e-03 1.836645473470907043e-03 -8.922503637768581033e-03 3.722300349474957221e-03 1.001534895709538329e-03 -4.891065447147443200e-03 1.000065229548431574e-04 7.040046696604306681e-03 -2.309812144005270879e-03 -2.366830819922577638e-03 -6.797703758398474655e-03 3.104866997097080212e-03 -2.276444910508142704e-03 -1.100705961353619887e-02 9.445203931166008121e-03 -2.598746069705711557e-03 5.038606230941292292e-03 -6.000250059084730539e-03 -1.710166056316480719e-03 2.608184337986321159e-04 -3.129387811944734071e-03 7.049394825388186243e-03 6.870537066165560355e-03 -6.618836742909735803e-03 6.439604922993611910e-03 2.157323449453052086e-03 2.439853435055399332e-03 2.730989284618184996e-03 3.985432528750924679e-03 -7.299978206050393480e-04 -1.376573652185702655e-03 3.748512150341038948e-03 1.438688016236039022e-03 -5.462841591396135586e-03 1.137327098198295241e-03 -3.785593081454055326e-05 4.217481186209966529e-04 8.171953141816228278e-04 1.097188847856216251e-03 1.833705059838382874e-03 3.909772284901788519e-03 2.136549103373533865e-03 2.550300708955500779e-03 -9.636519041734043813e-04 -4.130497051524927889e-03 -1.771191393115956756e-03 1.913319633174241034e-03 -2.701862414114184971e-03 -3.807824212118212769e-03 -2.916326753384122783e-03 -1.075684507689332126e-03 -5.324911633070696440e-04 2.207368404684539702e-03 -1.004505446500139480e-04 -6.892573863399116454e-05 3.056117741063374741e-04 9.775992401052041678e-04 -5.131471640498751500e-05 1.975048298311734337e-03 -1.542173877141723385e-03 -2.087713945857648979e-04 1.953256589326208604e-04 2.675366348081028613e-04 -2.619124542983692098e-04 -2.548441337916063760e-04 3.616129901009827204e-05 -1.361510506086364676e-03 8.368158616580111944e-05 -1.740145983083544925e-03 1.920681734115219606e-03 1.922013214484327845e-04 1.572414989953557557e-03 9.454881721951264011e-04 -4.907303012477797453e-04 -3.429807864826325565e-03 1.210691758313781844e-03 2.229259989108404484e-03
-8.543572783261453585e-02 1.628380121201764008e-01 -2.431375504364752249e-02 1.870272353254278166e-02 -1.091557027119103998e-03 -1.623817779126998997e-02 -1.838824268487612018e-02 -1.572548506078029831e-02 -5.238645591510310458e-03 -1.013213458401387296e-02 -1.100242340482386616e-02 -1.103523856870263246e-03 -2.254872060663919847e-03 1.273482187406978564e-02 -1.715658111043545349e-03 -1.184636210512247587e-02 -5.652615456777929440e-03 -1.447232824913544970e-02 -2.355713812521417934e-03 2.446227307378885402e-03 6.183264432800100394e-03 1.157207058471403658e-03 -2.171594157224844904e-03 1.788169046933665764e-03 -2.175042532256787550e-03 4.542784074675494319e-03 1.721686732342672665e-03 3.981890071506840462e-03 2.714345725191158378e-03 7.028375520684518188e-04 -1.891457481268381518e-03 2.155159417339838439e-04 4.123940850557121572e-04 5.636556856230771212e-04 9.941341053618455836e-04 7.376473646239754562e-04 1.069348751983942043e-03 4.310485706046575556e-04 -1.942999886653182457e-03 3.953176226828677888e-04 4.436073549787936110e-03 -1.581051406972844514e-03 3.066307532261087522e-03 -9.083771008216649616e-04 -3.335920257601800165e-03 -1.338585747188226864e-03 -3.596808577885242375e-05 -6.607739905592332954e-04 -2.347873364903026085e-03 1.011490606986899200e-03 -8.836097428741451635e-04 -3.436749401363542889e-03 -4.417435816524056314e-04 6.976047260807956372e-04 -2.275920928167442497e-03 1.293005463235577350e-03 1.595459113516061811e-03 1.435775527101613145e-04 6.351321731904883755e-05 -2.355241954379144585e-05 -3.845953402065469071e-04 1.384625054919479993e-04 -3.425734708106194823e-04 -9.964929943913644703e-04 1.373342641745106327e-04 -3.310154270003349262e-04 6.782307554968910839e-05 2.701207048050530742e-04 1.981794725384578189e-03 -7.931317065659761710e-04 -2.318025655617400192e-05 2.481540398468452639e-03 2.117168073732340981e-03 1.020675072442216690e-03 2.066949153984822072e-03 1.129521398730600271e-03 -8.245956955520787851e-05 -1.226667520097201821e-04 5.182164393174056824e-05 -5.958750886703201603e-04 -1.709604702776928217e-03 -7.997677857250783725e-04 -4.432914568612759238e-04 1.849163342605260373e-03 2.270495283332167602e-03 -6.249515445427594089e-04 -1.019709616094022090e-03 1.677222387866874817e-03 -9.493051520854631524e-04 1.234914878823400921e-03 1.930919202567243486e-03 -2.373164424976359748e-03 1.735723546098197475e-03 3.116141119268260855e-03 2.852009919802737416e-03 -5.058184769072924126e-04 -3.349534137268070214e-04 -3.579646705382904994e-03 -1.492512761406784285e-03 -3.832793246517911690e-03
-8.220610870113512214e-02 1.521480028448606858e-01 -1.630511921633698638e-02 1.040784577264237259e-02 -1.957086544705142778e-03 -1.132360841723383318e-02 -1.005753019604494793e-02 -2.283233694455356205e-02 -5.119247490375222580e-03 -7.663903415603649273e-03 -2.540816192120598938e-03 9.114477356313066894e-03 1.528713721489922614e-02 1.940471370152035621e-02 -1.019288413470682960e-03 -3.568378897340873570e-03 -5.104609561043729239e-03 -1.326373415421914018e-02 -6.134810201367989213e-03 4.899943055023707299e-03 -4.406198977145568295e-04 -6.577617601294344189e-03 -6.369717134898368084e-03 5.122581100336013986e-03 -3.659730162118968785e-03 1.963041931037426847e-03 7.257854070235941410e-03 3.377258653342121025e-03 -4.392061684561480474e-03 3.595041943448456828e-04 2.179259873830369839e-03 1.892837437835737362e-03 -3.726299146007444607e-03 3.701596079292963394e-03 3.702335849457641121e-03 -6.290488703410017195e-03 4.063128248792655800e-03 2.518435686409413758e-04 -2.221650894689649550e-03 -2.006760646632744973e-03 3.891199240512033600e-03 -4.995359771958772293e-04 3.059422629809566054e-03 -1.314368015952736965e-03 -2.960396027190007311e-03 -1.012230936049778518e-03 2.118772020527094017e-03 -4.634768229443339375e-03 3.436581588456068780e-03 -2.728036634562749658e-03 -1.530847221400210992e-03 -3.977054688965953565e-03 -1.915409059647188092e-03 -7.302455882840677530e-04 1.537046791446142376e-03 -1.610453511702948865e-03 -6.301311330548091698e-04 -1.478839137858076538e-03 -1.130680688628292853e-03 -6.607318500108223759e-04 -1.168224752611280630e-03 1.274804352326828127e-03 -3.547509910223631616e-03 -1.812773622794142591e-03 -1.587126912652976098e-03 -8.281893796932412663e-04 1.525260902061188403e-03 5.619622261970528936e-03 1.123345715931525855e-03 -3.643337469107651126e-03 -1.542110939697309080e-03 8.682878094062430148e-04 3.079261674560535705e-03 -1.151637914023566312e-03 -1.426231714972838827e-04 -3.344921520432950039e-03 -2.815361597269470375e-04 -3.805089264957853615e-04 -7.885728286231717850e-04 1.148273059798437905e-03 1.433096518049574832e-03 -1.028665867783800335e-03 -9.389459030995202455e-04 -2.332672513394613162e-04 -1.802632903891026673e-03 -3.853196615998721246e-04 -7.552348018912399602e-04 2.426401041974425576e-03 4.162702867954688269e-04 2.014968898979333043e-03 -1.006874820643992698e-04 -1.646416065392862504e-03 -2.154472393943081005e-03 -1.262862042744802502e-03 3.524248291510565694e-04 -1.710338744410214076e-03 -5.193474196128594058e-04 1.604736535440871815e-03 6.608735738592511066e-04 1.400729780785601401e-03
-6.924773474170914378e-02 1.289263754496678127e-01 -1.686852929516399063e-02 4.744149509255399591e-03 3.569408563761864057e-03 -6.967651273625753618e-04 1.377227348967401165e-03 1.201830425658461689e-02 1.126862994081045434e-02 9.922200718197948105e-03 1.759201255994825505e-02 -9.078005923293986507e-03 -1.101907305983949176e-02 -1.431614493913454557e-02 1.705122296481924619e-03 8.575485255901665188e-03 1.009373464205756341e-02 8.357802008947931918e-03 -2.361802520968711398e-03 -5.303056634613627709e-03 -7.714459765397732073e-03 -2.898685738851465056e-03 6.099088230975585785e-03 -1.750215428206939152e-04 6.809391908464911512e-03 2.211668096622236221e-04 1.878300214455608241e-02 2.619030572974863011e-02 4.212481564385563149e-03 3.688360066428386132e-03 3.880998450528952773e-03 1.500878418851750570e-03 -7.671627829025764143e-03 1.040059985404340453e-03 6.876838075132868378e-04 1.920989072962389068e-03 -2.434018768701363446e-03 1.789132789599985141e-03 -2.038904603844467721e-03 2.100018702697593843e-04 6.973511385362497067e-03 7.452254293616228289e-04 2.898017576331959281e-03 2.715952008657010648e-03 -5.362598461957861391e-03 -3.724931663331382346e-03 -2.762445521257806975e-03 -4.456699082328826646e-03 -2.792914165143858297e-03 3.247213477983037794e-03 -1.680871403929135163e-03 -4.448407582134299675e-03 -2.113692649830486645e-03 2.816682742383388744e-03 -4.521250030551386169e-03 3.690350436144958484e-03 6.905602774026833998e-04 1.380296939895968604e-03 4.159924864110804243e-04 -7.250875477981752210e-04 1.774855679069709848e-03 1.079859830745267570e-03 -3.706254344598768763e-03 1.336073934310322590e-03 3.684967859487441218e-03 3.455162368011870880e-04 -4.640048551559156770e-03 -1.574750815101157771e-03 1.177696864329973040e-03 1.114489769635664419e-03 1.205174755741943030e-03 2.613243763665368691e-03 -3.581697294792839234e-04 1.416532479064414084e-03 1.343977369672335817e-03 2.146940613936425962e-03 5.580298460545301794e-04 -1.593408144291489281e-03 1.420316952926235559e-03 -2.429079002716787519e-03 9.742863037906663312e-04 1.307101139977412440e-03 -1.210283107170026474e-03 7.825305503508308029e-04 8.556000222806434564e-04 1.353098882420984868e-03 4.628518457542820557e-05 1.537794619395067234e-03 -2.270573362835627985e-03 -2.798000539336141642e-04 -1.198580768432599487e-04 -1.021633216389224120e-03 -1.246883362162289587e-03 6.277704133831937122e-04 -2.466327592812972251e-03 6.259921411560911758e-04 -4.252415259085351755e-04 2.276629921423487760e-04 1.255361434648672066e-03 1.656110222914390423e-03
1.689262150240996851e-01 4.360105333098263786e-03 -3.750752232736144498e-02 -3.577920593990925602e-02 -2.461625457698310947e-03 -8.333602799899369465e-04 -1.207752413166074922e-02 -1.053405523409977826e-02 1.620175962744625081e-02 -2.524793872410097811e-02 -2.505602578398461507e-03 -8.121263733916432928e-03 5.304296848732475804e-03 4.238967106022432756e-04 -1.167448764341578321e-02 3.764288371457391071e-03 -2.408707362719553560e-03 6.032843983580623605e-03 2.271649885805207981e-03 -5.135218770328081259e-03 -4.058562711972555498e-03 7.962918311300285282e-03 -2.778174091801836974e-03 -9.627710561666801004e-04 1.271541547062168733e-03 4.659525812525233159e-03 7.904045047969878238e-03 -2.515102505144741103e-03 4.312012109616543756e-03 5.342023056070519318e-04 2.094232992629688206e-03 -6.840750003606298462e-04 9.197088338882180095e-04 1.254336368963033079e-03 2.135788395528844495e-03 9.868326125028260062e-04 3.106076868615287919e-03 -3.565509251501897126e-03 -2.233364480255871473e-04 -5.811693800697712714e-03 -2.579153092123887773e-03 -1.709749378141971069e-03 3.453975486024335548e-03 -1.692264317383669657e-03 7.480483272882573319e-04 3.312213380945832220e-03 -5.172790430383478882e-04 2.304259507382712575e-03 -2.174958614075321681e-03 -1.335915244655449348e-03 2.151990234674169312e-04 1.797354298180860838e-04 -1.515332503614143320e-03 2.502092956396845431e-03 1.569745948187124514e-04 2.728827396705261164e-03 -1.647550333495417709e-03 -4.209426479001993938e-03 -1.151295932136683041e-03 -5.367077529222840726e-04 -1.280203461217847708e-03 -8.437944063505959996e-04 -1.806322418203926367e-04 -5.629718856482543877e-04 1.916310859693388751e-04 1.653411441556121558e-03 4.797543261033181106e-04 1.227375402050839620e-03 -1.232329660544742925e-03 1.313332736523698321e-03 2.211167347185718536e-03 -9.691720798274158603e-04 -5.233657831425459579e-04 -4.562005416321956129e-04 1.384958342768218692e-04 6.230615553618148615e-04 -6.342176495653167531e-04 1.228230266254087214e-03 -5.584509970611034341e-04 -3.656798156457946049e-04 1.235353172887517469e-03 -3.013579394509979326e-04 8.070319405883880385e-04 -4.742116478730904524e-04 -1.012506213945829625e-03 5.710147884660874557e-04 6.585116736880157170e-04 -5.540394193932916735e-04 -1.745781580375399284e-03 1.036210683498435233e-03 -1.195752013570565257e-03 5.858458441469186926e-04 1.309871214777832233e-03 -7.311751526586897582e-04 -6.033031399283816194e-04 -1.659398114552655852e-03 -1.680144473585444467e-03 -1.116651330401059186e-04 -7.978940429216653009e-04 3.258026000880659715e-04
1.645794130246343578e-01 5.385727441255943986e-03 -4.071297277976097806e-02 -4.732820342079534920e-02 8.187430034474074301e-04 1.490888207844718542e-03 -1.987525820826142181e-02 -2.608317846667490211e-03 1.300065564023849228e-02 -1.441555766415609542e-02 -8.942277125641769769e-03 -8.280005159089175865e-03 1.037973798415779171e-02 6.492384380878766376e-03 -7.285362405880902760e-03 2.837725129951511067e-03 1.461029451049709925e-03 4.811590067281957921e-03 5.101454794647890083e-03 -9.798785581391061122e-03 4.335561458411793696e-03 4.053064546705191853e-03 1.043955012476316477e-03 -3.830555608497307474e-03 9.255139740517698927e-04 3.082458438966613869e-04 2.894944798218705533e-03 1.864881290177467215e-03 1.483340319911420364e-03 4.254805049290579823e-03 4.837579848198722034e-03 3.745730550579656152e-03 2.819487049677306401e-03 3.815228774485579337e-03 -2.166471009861449439e-03 -1.431055298721949174e-03 3.322394508181901289e-03 -4.267986444836852121e-04 -1.267629159003113995e-03 -1.685123601987038953e-03 1.303480754135958632e-03 -3.373585710408636340e-04 -1.570293138506607825e-03 2.015550133163064410e-03 -8.241001794838437224e-04 2.051487590985286158e-03 -1.653186371879145815e-03 1.305392496035288202e-03 -8.206441609938913261e-04 -9.896708488098117200e-04 1.597655738611545532e-03 9.172451953099593650e-06 -8.459026000291658322e-04 -3.130799012730102211e-03 3.455602331842572410e-03 2.689254094308454138e-03 4.844438975484876100e-04 -9.901338437654483814e-04 2.918837472904271813e-04 1.485154243166704252e-03 -1.684885082105692261e-04 -2.390623556097439938e-03 2.989464393192346574e-04 -7.170490997143969892e-04 1.679533145182038627e-04 -4.478672375550336545e-04 1.050328289186579526e-03 -7.674052204541717114e-04 1.759452309554528603e-03 1.187892572276255969e-04 5.778445274944032928e-04 -1.554260206496888182e-03 1.503193944140845256e-03 -2.075560198561120104e-05 -5.935145735753521003e-04 9.836226638777903833e-04 3.075991562576292550e-03 3.034458319491211450e-04 4.753402811275936834e-04 -4.924785456314486297e-04 1.811477773600143719e-03 -3.595772450048614270e-04 1.029115143815687375e-03 1.110366289386208004e-04 -2.826121598554847057e-07 7.338172809576755254e-04 -8.077057791356190113e-04 7.899733559872058799e-04 6.095423611711394633e-04 -1.321395650965377687e-03 -9.918478162875760725e-04 1.297851039651268636e-03 -7.964872439554519963e-04 1.321274372326914194e-03 -1.243269225318382088e-04 -5.037480288318956813e-04 1.899821283753274671e-03 -2.045777437733813748e-04 5.289835809619537971e-04 1.736826850865761545e-04
-8.106052030360480498e-02 1.513177698391225678e-01 -2.661888728112256353e-02 1.918866065277967034e-02 2.423646078427115283e-03 -9.061489279507660768e-03 -1.547785513309122424e-02 1.608373147158870600e-02 -8.934526269335841750e-03 -1.193754188962654547e-02 -1.224408485486984388e-02 4.483936938925071479e-04 -8.919227558933807282e-03 -1.979683863938365082e-02 4.248029226677070731e-03 -2.016386709203103148e-03 -1.854165952636128469e-03 1.234566139913033031e-02 4.965351086180890341e-03 -8.711505938388576509e-04 -4.541014228142135727e-03 2.994980292483451038e-03 5.588305938620871140e-03 -2.561381140533313013e-03 9.725033636393730363e-03 -4.994740958236405272e-03 5.036202384639407170e-03 1.178420904509263831e-02 5.111924543501710112e-03 1.524745582016638970e-03 7.359182733308911614e-05 -1.317507246282607252e-03 -2.537698388878112561e-03 -1.325947360339084806e-03 -4.814309203977702907e-03 5.397655634760659300e-03 -4.396501237389508800e-03 -2.284335300853011091e-03 2.970271318437628719e-03 -9.019156224021319902e-04 -1.991883580791288175e-03 2.278332118881593905e-03 -3.102340472308999942e-03 4.241000668057658650e-03 1.027354489314427589e-03 -4.545684817772682284e-04 -2.439674392712613046e-03 2.325366995512731484e-04 -1.777882356967824384e-03 1.322967606942456560e-03 8.519558517980477296e-04 3.439132203150324814e-03 1.021200613983007767e-03 7.363043584434230716e-04 -1.425178530309492318e-03 -7.297717056936593684e-04 1.221982295424189164e-03 1.901480372667062020e-03 4.454996421150841110e-04 1.973605890284212475e-03 -1.400665108781961026e-03 -6.988986896404876092e-04 1.992828756163610333e-03 -6.127408920835757025e-04 -2.013813584427799706e-03 -8.837551367783878353e-04 5.504166418492244554e-04 4.575503947384134871e-04 -1.026953268890148447e-04 -1.141576629307169792e-03 5.230407425264314066e-04 -2.234988769280068339e-04 5.720163626622740789e-04 -4.366109953782534902e-04 -1.886835074676233522e-04 -1.270639780967068198e-03 -1.889280026203996347e-03 5.895527846073704168e-04 -1.649822511366236472e-03 -8.556278715955978591e-04 6.312667744384427466e-04 -3.029951609172584250e-03 -1.581286493313954029e-04 2.262960164414787399e-03 1.989588557329755730e-03 -1.117032442327102037e-03 -1.892604977809193845e-03 -3.849068850576174900e-04 -1.193829300011012111e-03 1.446353009618004575e-03 1.416452432896647901e-03 -7.526672141984518853e-04 6.237751812910157520e-04 6.055412172798309766e-04 -6.509162241976461794e-05 -1.031198673156014751e-03 -2.560470599639534228e-04 -7.296016218895476401e-05 -1.267335893113567607e-04 -1.446983730251451532e-03
8.238349909683109762e-02 1.798798368218990995e-03 -2.743136948580368606e-02 -1.681634168436978854e-02 5.975188473550455993e-03 2.912566022249059479e-03 1.344342781700417176e-02 3.926169799866164808e-03 -3.039655863493768637e-02 1.212609906257168524e-02 -3.103368158968174573e-03 -1.064712137468178631e-02 -1.572788815990886976e-02 1.877121362724556985e-02 1.962288098974005607e-02 2.395074707449706616e-02 -1.264871960661853763e-02 -6.061862410407685593e-03 1.994373761586160261e-03 1.317397557092918683e-02 -9.630017282065520294e-04 -3.732148127366591902e-03 1.038183795592367321e-02 -5.759085522774666163e-03 -2.152772312595514857e-03 -4.281087814440523963e-03 3.904222097280111861e-04 -9.213176242068320308e-05 -1.850857752501295890e-03 -7.364182295423982519e-03 5.568908283772822316e-04 -2.241292404684733404e-03 -6.188986182167175061e-03 -2.158906304629507403e-02 -9.705558027666023532e-03 -2.631314461931909873e-03 1.259126724080998974e-02 -2.620076366014786450e-03 -4.200880486263725185e-03 7.081325979755035208e-04 5.947398717090658779e-04 -9.064647104215131646e-03 6.067578934911673806e-03 8.931602746480034327e-03 -4.285343446331326875e-04 2.940566315093803406e-03 1.847180607332284856e-03 -4.236766506373704569e-03 -3.932411398224280072e-04 -8.627244317873590030e-05 -5.680345743894189142e-03 1.036422200809310017e-02 -6.457106119065188048e-03 -9.954934307402090246e-03 -8.514890434977976166e-03 7.045639045326811990e-03 -3.948264812622354764e-03 1.914677582615082743e-03 -9.237317696460255884e-03 1.116342235400316629e-03 -1.968616398489663160e-04 2.398540072519071264e-03 2.280869299559244636e-03 5.678967104160949006e-03 8.728932569739305440e-04 -4.515925058705579954e-03 3.501173825133259247e-03 1.377373800029768223e-03 -2.316895633059662656e-03 1.893193660646692563e-03 -1.559737122249059025e-03 -3.093197524359217400e-04 4.656105067570955568e-03 1.588862988803375355e-04 -4.294428465505249781e-04 4.612859387542440383e-03 1.900466925293255172e-03 2.556485516272564355e-04 2.424656457142995627e-03 -1.978790376128911673e-03 2.953030823888317096e-03 -1.464769801333233590e-03 1.529760427873621967e-03 -6.860108280309654355e-04 -5.787950790863979162e-04 -4.710920707884253336e-03 -1.620979801320075655e-03 -1.122578872510259299e-03 -2.489388356079373383e-03 -1.874512090412305300e-03 8.730337032886733390e-04 4.553160066072075543e-05 -1.994416395796961335e-03 -2.212374502625030596e-03 1.109209196681395669e-03 1.054307729961171357e-03 2.594192973541892765e-04 2.187990595938738524e-04 -8.540568990802057758e-05 -1.340674709323151029e-03
1.318198418535045935e-01 4.136620880233483032e-03 -3.627254330962600970e-02 -2.700843115822149088e-02 5.171673910319978147e-03 -6.203584175168383973e-03 1.632890833600396732e-03 -5.471205955456272078e-03 -3.299956418253243567e-02 1.285495349368922895e-02 -9.185405782855824222e-04 -9.442520490297170305e-03 -1.443357614956220641e-02 1.280942794797952818e-02 1.494058014900111718e-02 2.230518297242475162e-02 -8.772624408682873701e-03 -6.240440875295023837e-03 -7.757171887340612434e-04 1.268159887359323473e-02 -2.012830216702949163e-03 -1.178810202931535045e-03 7.307376694803966073e-03 -9.886997609178996976e-03 -2.249642711076654746e-04 -5.310197839217818509e-03 -2.356484134661937415e-04 1.368875868827197553e-03 -1.350189958873489193e-03 -6.668068034086560916e-03 -2.657644631702524296e-03 -2.417281751624840783e-03 -7.744855082566060901e-03 -9.176763208585453704e-03 -6.471756949329204173e-03 -8.392454449023726117e-04 2.157280476063557634e-03 -1.760742494271415066e-03 -3.297710370569687053e-03 3.009188470689652933e-03 -1.534810586910508642e-03 9.408483138226605275e-06 9.726607311365254287e-04 -2.663591239776254282e-03 -7.986651797390707927e-04 -6.430622787142859344e-04 1.092693034283529624e-03 -2.390868348250523023e-03 1.966422573261095066e-03 1.352093464029154469e-03 -4.848473175439624804e-04 -8.452004041387968080e-04 3.245530669232953285e-03 -1.487944462084656938e-03 -2.331262559965260916e-04 -1.958131037039669616e-03 2.648964191279694087e-03 -3.444481176468597219e-04 4.512270306774410211e-03 -3.317895630619545257e-03 -1.881559451868109432e-04 1.191157262250818263e-03 4.399111218508882086e-05 6.976758242821203470e-04 6.991882069909725406e-04 -3.878899063106091205e-04 5.824368317201173437e-04 6.613272244956556729e-05 9.451296488572283197e-04 1.327597821621315493e-03 -2.295790473647288301e-03 -1.938784565351677402e-03 -2.448783599169912853e-03 2.347406833843066875e-03 -1.578715819676904759e-04 -2.635874525261584951e-03 1.716425038638927283e-03 -1.586643528389310165e-03 1.910457245582519335e-03 2.520623924235393127e-03 -2.131793704104742709e-03 -3.868932137083168441e-03 -7.147625043550929255e-04 -1.537090776176701541e-03 2.671372913972873929e-03 6.001308165164910731e-03 1.738392574314845743e-03 -9.263854128312528540e-05 1.462386730369879140e-03 5.152570216936176901e-03 -4.554442301190961620e-03 2.986180454829614681e-03 5.657871428000462409e-03 2.205956882676851985e-03 -1.183951565243582986e-03 -3.417136209912631853e-03 -7.722235353918454909e-04 -1.496940441867225307e-03 5.151639735392633926e-05 3.910133054979085185e-03
-1.954038775925849222e-02 1.032313033948812004e-05 -2.710751261321993084e-03 2.564911180537715000e-03 1.397646021768671372e-02 8.011393599924256440e-03 1.225977750908681906e-02 7.584953564166731742e-03 -1.801312316853258613e-02 4.866316377240177335e-03 8.714198940973510738e-04 1.060979110110072191e-02 -1.465799057320757784e-02 1.686053623380095665e-02 1.859165387367280736e-02 1.009456465675519568e-02 -9.708711305533235941e-03 4.478186996607636146e-03 1.839897965304526997e-02 -3.372717250775010035e-03 -1.117050978539840984e-02 -4.027480185929189528e-03 2.223091713175345471e-02 7.454988466055613439e-03 -5.639444310163141232e-03 1.196776930191451906e-02 1.465344738017129375e-02 -9.308833318392554373e-03 1.899865832894380782e-02 2.502221778699457999e-02 2.594416437127450661e-04 -1.270177498281429770e-02 2.654987912431500466e-02 7.491583455164807330e-03 5.178499826425390397e-03 -1.323706300474124069e-02 -2.063556332047535111e-03 1.427632188534064435e-02 1.084854143422959993e-02 2.412769229216399705e-03 -3.644169298235174891e-03 6.635936130631001073e-03 -1.101842302810644627e-03 -4.665062854301645252e-03 -1.665749822526600222e-03 -2.281403689218219812e-03 5.033308025312976768e-03 -2.666108207293248905e-03 2.842084196163854621e-04 3.959448681112012237e-03 -8.020848543560086391e-03 2.194157188544972135e-03 -1.761240034631915515e-06 -2.391902735485719640e-03 -3.163628725502050723e-03 2.310432119365802249e-03 9.165487393132278190e-04 2.703589836414702421e-03 4.346543474574815990e-04 -5.305038783676674320e-04 1.312192364033296999e-03 5.610128727590572460e-04 1.612316285818095893e-03 1.744457800406086067e-03 -6.267259533977800629e-04 -3.647232531102115663e-03 1.968772477546971728e-03 1.255644468332007060e-03 1.491431383963297882e-03 -7.741421707191484692e-05 -1.632276259724428158e-03 -3.488383285482794804e-04 -1.313518970561928633e-03 -7.521506011886560815e-04 1.705846325154451986e-03 1.396317925151041063e-03 -5.021037763258770102e-04 -4.172376097314667493e-04 -2.132151169286146289e-04 5.259099116327539550e-04 9.165825051883792892e-04 -1.734466576902417810e-03 1.489888194048078363e-03 -5.869053112836276507e-04 4.067190618149226400e-04 -3.601338186080839908e-04 -6.106369542939544181e-04 8.727678829789261824e-04 5.857077158240080140e-04 3.552214660223835174e-04 -9.688824761611036134e-04 -5.287523340898812570e-04 -3.474096316413041144e-04 4.675652851402829942e-04 6.904192129999577098e-05 -1.696907431711253437e-04 5.860957528229843627e-06 4.134114252940024109e-04 -1.436590982886417397e-04 3.348634443137844634e-04
-7.953484560005300019e-02 -8.943352584795941085e-02 -3.274248990642673190e-02 1.158671150945164534e-02 6.078983183726237305e-02 2.708764472453723676e-02 -1.071868167447185237e-02 -1.841695949840630245e-02 2.136006559726830341e-04 -8.413550024639150637e-03 5.762287437065847541e-03 7.485548623151407933e-03 -4.463036328716201047e-03 -1.052425349267270332e-03 -2.975065532525048516e-04 1.139576507204838026e-03 1.223895290942943713e-02 -5.868628987955573986e-03 1.586344748045569880e-02 6.077537590006864589e-03 4.571721153738188791e-03 -1.102119027907635116e-03 -4.811191280367984615e-04 -2.920516144362293991e-03 4.964436835931494187e-03 6.186781645497864933e-03 6.085664023528361728e-03 9.837617274016615711e-04 -2.049010979240623465e-03 -9.828165093103328684e-03 -3.954906070028322770e-03 -7.138667633789442168e-04 4.784300624906295124e-03 7.310750564060810620e-03 -7.216614951557298770e-03 1.212865582406478550e-03 -2.533399180435957822e-03 3.247567487346244338e-03 2.310177244280761915e-03 1.894878759748020152e-03 8.341331305781312386e-04 -7.717711001082150357e-03 4.733176895471619128e-03 6.681554141727573176e-04 3.154573738795488688e-03 -4.822395583322510240e-03 -1.816790930877306646e-03 1.885218523577549942e-03 7.032853217783503405e-03 -1.762334648336805632e-03 -1.389376860234791712e-03 1.497748697084115392e-03 -3.345798407490348843e-03 5.103397758120425997e-04 4.176591583486432462e-04 -2.120689579576481680e-03 2.614087421574562333e-03 -1.302747139321613207e-03 -8.865060791353454248e-04 3.793985696114642644e-03 -2.040201611267705890e-03 1.430107256199792407e-03 3.454590237359992234e-04 -1.926812139157072553e-03 1.047025670293148282e-03 -4.287870311553864029e-04 9.352514109809662263e-05 -1.182782279437634117e-03 -1.783326343313186915e-03 -1.637368197348609399e-03 -2.924571911904652859e-03 1.644465199357786475e-03 -6.208887704060201372e-03 -1.301021363509913872e-03 1.425374076805278802e-03 9.689651340324986588e-04 3.866054235775801071e-03 2.045406406696501610e-03 -1.933209020912019481e-03 -1.030561549036042258e-03 1.642367441707302074e-03 1.076908419686172435e-04 -1.031701387427684654e-03 1.518116126329732392e-03 5.370814927957815203e-04 9.406210035816257647e-04 2.264175220625856775e-03 -1.785000141227779545e-04 -4.099698803412242694e-03 -2.516723070328727983e-04 1.407659955500158069e-03 1.285240747235018646e-03 7.298030144128956872e-04 -3.317461505546168577e-03 2.715569956688383604e-03 -5.559683084852241712e-03 2.322565658563839272e-03 5.056736694052024880e-04 -4.203935449890242905e-03 2.058017083286227400e-03
-8.205965188555984502e-02 -9.255713702432358247e-02 -5.842771243391568781e-02 1.746219482478396715e-02 -5.312932766573681513e-03 3.252192395215970644e-02 -1.293387972733033020e-02 -1.764211553968034890e-02 3.110971776461213603e-03 9.278056647443867419e-03 1.196502923220121774e-03 -4.572526605673557683e-03 5.275731999689298006e-03 -6.772694248082967473e-03 1.233087185872023921e-02 -7.079543248031824887e-03 -1.123981793140368599e-02 -1.771363811610417519e-03 -1.033625243953843927e-02 -1.273013702305290408e-02 -3.761900066360750975e-03 2.697757015454204602e-03 1.336484548721534335e-03 -2.951483826249848459e-03 -1.065214997989877245e-03 -5.986084571098370007e-03 9.201729179724595087e-03 -7.495968599111411078e-03 7.351653635895317182e-04 -5.323446648293751922e-03 -5.908936521752052203e-03 -8.799997301302197542e-04 -6.098625101630571676e-04 -1.082739423623997740e-03 1.464571179888486500e-03 2.969467450917640406e-03 -9.858693658959894000e-04 3.648068071133562986e-03 -3.456552247836257048e-03 -1.146753300749487871e-04 5.136421876668620899e-03 1.126244829995725130e-02 -2.182747611179383217e-03 4.471038982381106246e-03 -1.605366304189037932e-02 7.388610430511481815e-03 6.521607675530035134e-03 6.863928767302480277e-03 1.674255981353130630e-03 3.522723978047079697e-03 3.708515791614254951e-03 1.796417529985867715e-03 -1.799964983775324693e-03 -2.514840068924771230e-03 -1.589540497489715185e-03 -4.232286350385740421e-03 -4.410083241521223565e-03 -2.171793814621670021e-03 -2.101379932051346700e-04 4.534110846703971742e-03 -1.531459016828403893e-03 4.001562621370608787e-03 -7.490361562207391603e-04 2.575701580472418407e-04 -2.520184233432618687e-03 1.137365042862879035e-03 -6.731606928148066221e-05 -3.715975643244732052e-03 2.693796540413874278e-03 1.411119755078587938e-03 1.748548250089168989e-04 2.492620840374606354e-03 -1.437861290987691538e-03 -3.748340438598567800e-03 -1.188762342496032728e-03 8.942928964970831484e-04 1.037359501490127704e-03 1.019104885618569425e-03 7.397755213071026533e-04 2.197603338969420471e-03 1.703772478419480997e-03 -2.880958476452545255e-03 -2.574813167009407620e-03 -5.774820712440822436e-03 -1.885729089495677196e-03 8.937098325661622976e-04 -9.152699017390735154e-04 1.127026722703957165e-03 -5.881438638343743216e-04 -7.520369751867268153e-04 2.799405991260416667e-03 -1.017733553489781834e-03 1.359666560684503643e-03 2.490622447046673179e-04 -2.034717317490401280e-03 7.427631688428444536e-04 6.195619222249752322e-04 -1.848276660180970046e-03 -4.459775458860256239e-03 9.297646203148527853e-04
-3.151853091484040081e-02 -4.116318983314089935e-02 4.033468971886075560e-02 2.626676284084362642e-02 6.785666532390551009e-02 -4.111400501751241027e-02 -2.195711119556677856e-03 1.870255722049484967e-02 1.321269100786792369e-02 1.594520861404755477e-02 -5.791065433348929412e-03 -1.105423810765380002e-02 1.190783831518892749e-02 1.281859308242222668e-02 -1.285497547910984667e-02 2.168088366386387248e-03 -1.327758550704523366e-02 1.408920066377148880e-02 3.289637795666787001e-03 2.781181337618741315e-03 -5.770247467355188453e-03 1.002160744921880460e-02 -7.884132006716658772e-03 -3.247170787334218399e-03 4.092000646680527313e-04 -5.558976279191892890e-03 -9.874216120415585385e-04 2.932342357218785584e-04 1.400728070340291490e-03 -3.519048946595341489e-03 1.020921937847358522e-03 -5.551317938256415327e-03 -3.399460286199839851e-03 -4.241154699843523862e-03 5.363519935148541688e-03 2.558896835183353639e-03 7.922701416084145312e-03 4.617480079073213450e-03 2.922859211847588391e-03 6.509014839103178900e-03 5.458966917909350083e-03 5.904261144056511569e-03 -1.530108594885096771e-03 -3.507362120721261960e-03 -6.231245954227628177e-04 -3.115937295655883937e-03 -1.243849730902069333e-03 5.707778769119900304e-04 2.032418439128465173e-03 2.579424672539550392e-03 -1.626093157066648863e-03 -1.997925801056390279e-03 1.788684631688769455e-04 -3.622424509344051701e-03 2.308693930226942900e-03 -2.818978982706264215e-03 2.102482191539396025e-03 3.147595103181255200e-03 -2.087427796125471743e-03 -1.010358077060184235e-03 5.605278592323090746e-03 -2.230463967563973190e-03 5.769238752148134024e-03 -3.350581301881365871e-03 1.251218530419695701e-03 9.117638586637733357e-04 -4.904239341241275162e-03 1.659701284788134236e-03 -1.375050047379806949e-03 1.399983236720569405e-04 2.605519724945182160e-03 -4.931686139097355391e-03 1.350133890758263046e-03 -2.236644822499927413e-03 2.971239963862876751e-03 1.920247354250886797e-03 -1.591979331839484153e-03 -1.479701230173910463e-03 7.080757306380457920e-04 -3.924570528106074226e-04 5.373076864971847253e-04 -2.748121743442832107e-03 -1.653760353637130859e-03 5.449457714153105141e-03 -5.924049535714702441e-03 5.761602128516909570e-04 -3.295799260225002435e-03 9.946209750711038165e-05 -3.800520577711163570e-03 -3.323746838539096160e-04 3.088649350467662872e-03 2.879472156585649069e-03 1.506279869578721654e-04 -8.110885870084950456e-04 -1.186518894608988789e-03 7.024934687322721780e-04 -3.048245106103467366e-03 -1.597148373958632184e-04 -1.074510417237676575e-03 2.389292923869354608e-03
1.197567345633310104e-01 5.958114416654390491e-04 -1.517543156637521547e-02 -1.295351651263146157e-02 8.975395408220577728e-03 -1.621164628209781355e-02 -1.389405410714540656e-02 -3.393046523751147743e-03 -3.125558092054794845e-03 3.079423255878918284e-02 -1.276575685286769624e-02 1.193804758633476223e-02 5.496413886828133838e-03 -4.511977404065774244e-03 4.458549653201765266e-03 -6.861377529223167994e-03 9.321174387623252719e-03 6.387176548193326288e-03 -9.418780132070340635e-03 -9.046911326316645074e-03 1.813858928625377773e-02 -1.493141063419350933e-02 4.411788845781499968e-05 3.371157284008627006e-03 1.815745957873108815e-02 9.636437827728151079e-03 -1.245403912460478230e-03 -3.250488590250302356e-03 -4.329172840652038487e-03 6.636967923293867269e-03 7.182735431466835121e-04 -5.334880479726360376e-03 1.985743447499285341e-03 -2.655612290336438713e-04 -1.315555662264821912e-03 -3.634887990514208147e-04 -3.313893517357668905e-03 -2.812817094410168060e-03 3.981810377820100416e-03 -2.061367202123003811e-03 1.177465011439473262e-02 -7.138997974329121731e-04 -5.527308964401162969e-03 -1.039285713654529387e-03 1.729364028775959208e-03 6.538158906851651575e-03 -8.905297451547148800e-04 2.027402985029433218e-03 -1.187175582040653253e-03 -7.782869107905085460e-03 -4.987625950975533434e-03 2.438485889510552240e-03 -4.476964493313200996e-03 -1.386586870420638976e-03 1.448008423178283571e-04 4.111074974435117817e-03 1.505021449522914601e-03 -3.383117888618456318e-03 -1.625238642996524121e-04 -2.170408938670082607e-03 1.262280618478620270e-03 4.341057032476751919e-03 -1.214022951596820370e-03 -2.929374245013605972e-03 1.380028486782346143e-03 2.275615697129263425e-04 -5.011498146368306445e-04 -3.762850205042520598e-03 -2.398089219444932661e-03 6.587519870920329574e-04 -1.632440279507753073e-03 -1.754401053227708533e-03 4.877643459480667139e-03 -5.734752337476092289e-03 4.713508332961698945e-03 -1.142578342200976238e-04 -1.642780110212586605e-03 -9.542652476282621190e-04 2.248031271226458554e-03 -2.064792240844085316e-03 9.576987306265945894e-04 1.168148946265546318e-03 -1.860121212591303889e-03 -2.997451118141770824e-04 -3.607908662208076950e-03 -4.662313996307836106e-03 3.264292642094414332e-03 -4.159564562289084361e-03 -1.272056631738839984e-03 8.830860422913013041e-03 -2.043112765910650363e-04 2.486193964895294563e-03 6.887562698970522805e-03 2.098960635291958771e-03 -1.257046802057838926e-03 -1.176163481349895524e-03 -3.931452728562739564e-05 -1.564352549669574804e-03 3.569840966250387333e-03 1.298663612648243799e-03
6.033629339778710104e-02 -9.395143049048563719e-03 5.808686138885584688e-02 5.047865241698801936e-02 -2.017716714486274612e-02 2.097118918555307063e-02 -3.083338497173034043e-02 9.627591982733574652e-03 -1.294290608418881706e-03 2.501831046414835450e-03 1.434342982327506746e-02 1.038277458616849482e-02 -1.096553141190907861e-02 1.207699424479218540e-02 4.748741075382163952e-03 1.176948372415029948e-02 -1.456038663525017042e-03 -1.584596137871356223e-03 -5.082044188777782223e-04 -8.262879584220311768e-03 1.023916471697191785e-02 2.651146728703075370e-03 -1.577359891683683540e-02 -1.913801016586465893e-04 1.103438585466640087e-02 -4.655620751898393119e-04 -6.080046167058791688e-03 2.316797083227078655e-03 3.267798672006091976e-03 2.936576834592129984e-03 -6.418428316346497069e-03 1.221855297153874240e-02 -5.729192120845713783e-03 -1.062513890795025373e-03 -8.411791737689253059e-05 -2.860353716314287340e-03 -1.584683814854459766e-04 1.514325273661008310e-03 1.023051127068396945e-02 3.107639588263585127e-04 -9.155408172560530397e-03 8.661665895467058826e-03 1.368619687239725803e-02 7.504249086974394212e-04 -5.380013545241102597e-03 -8.412037357332852790e-04 -3.820019162196961610e-03 -4.394643610885881103e-03 1.205918507623037622e-03 5.152562620771171734e-03 -2.726986767110819564e-03 1.273738618159023055e-03 -3.948129490443184203e-03 3.681141832142828356e-03 3.837695968463054018e-03 -2.609757469424353431e-03 -9.331949549971905664e-03 -1.787160088820334645e-03 -2.422151198262301533e-03 -2.533998424491003959e-03 -2.495573564878137383e-03 -8.671179437649724833e-03 8.613570334125806097e-03 5.383062214692415249e-05 4.412539936610528762e-03 -2.373167755696064998e-03 1.830925317808084060e-03 2.913060162380941135e-04 2.139481565812817324e-04 3.196518364777954559e-04 8.704310312487029133e-04 6.016403909159335518e-03 -2.426616610927278313e-03 6.307520303203257260e-04 -7.944576565436868619e-04 1.501695322235254478e-03 -6.226816465651266713e-04 1.052373556720317309e-03 6.051904893483749971e-04 5.992378915809474941e-04 1.579144553262585259e-03 7.780630571973360001e-06 2.296204457648374966e-03 -1.246009232756660479e-03 -4.356577660884860712e-05 -1.951601089710703566e-03 -1.429913317511714941e-03 -7.903324288906915518e-04 3.545640019912323494e-04 5.149335382869469312e-03 -5.375513408567342668e-04 1.045079658907229316e-03 -3.686175608444873725e-05 -3.408152142139487476e-03 -2.617754741505711347e-04 -3.113359760793941089e-04 -4.033002368596229868e-03 -3.262153006173249686e-03 2.382539691560658923e-03 1.770263178513394552e-04
2.783164450662122327e-02 -2.709203883550316333e-04 1.551816963839110003e-03 4.233035801502048334e-02 2.382026776944037080e-03 9.522337098298912922e-03 5.549565874881250138e-02 1.444854147027880079e-02 -2.129102389351798102e-02 -1.141025517572529478e-02 -2.626870300978837239e-03 -1.963912881468701365e-03 -2.464442932066241310e-03 1.229421448293396314e-02 -9.263677320979279289e-03 -1.745707026879475196e-02 8.221304679209579663e-03 -1.270431510323179365e-03 -1.217003703294279073e-02 -1.284175989058460032e-02 -5.094710055200840117e-03 -4.187092309924980542e-03 6.220755203948377839e-03 -1.545530224383379579e-02 3.998505906125444931e-03 -2.706192288771468602e-03 -7.137178161137068197e-03 5.586623657250181126e-03 -3.454507310382741100e-03 -1.758017325792594465e-03 1.810378077857389967e-02 -3.984926910097142034e-04 5.671166000300077725e-03 5.762484903576755961e-03 2.123487240033083544e-03 -9.098147971596179384e-03 4.773361116560938255e-03 -1.405544594209274384e-02 -3.674648538881348375e-03 1.554548640047710879e-02 -7.275988366725051962e-03 7.231765038728851097e-03 1.216112950190036297e-02 3.398362195388192428e-03 1.283155822987546183e-03 -2.926171031551450669e-03 6.700490102437139418e-03 1.446282084630735876e-02 4.231639915082874639e-03 1.957418008402722360e-03 -4.799559325026903946e-03 3.270343624697273285e-03 -8.145689048411898850e-03 7.218181772336026460e-03 -7.392988485312787864e-03 3.376900490012755152e-03 -1.742760173997721441e-04 6.181032776529315174e-03 5.535605732342172881e-03 6.939613726600892755e-05 1.613014812991997145e-03 -3.923013902153493012e-04 2.933197397829409407e-03 4.225215623817081805e-04 -3.821898373500907942e-03 3.682437055364474500e-03 -4.329752085475815741e-03 9.566177562465577730e-04 1.525538311924369691e-03 -2.977682602926975432e-03 -1.969037125047224182e-03 5.975208799700466302e-04 3.902819184272853133e-03 -2.361460903161888281e-03 -3.169768122173429251e-03 -5.287409787666669594e-03 2.796411835803654967e-03 -8.420186762869560568e-04 6.986739507160431330e-04 1.627772687374550376e-06 2.106711624837090315e-03 2.760330717827358827e-03 -1.000885446741572957e-03 1.023800303670696719e-03 -5.873048212293258347e-04 7.820911646270005662e-04 2.364553141063840003e-03 -1.233921646284832094e-03 2.099880920226363196e-04 -1.471166121823048274e-04 -1.017225279787214521e-03 -2.451840639078444730e-04 1.163445148163185644e-03 1.340346142353063437e-03 7.715362935620943049e-04 -1.801664288243045122e-04 1.608790239350927069e-04 2.778875438235606644e-04 -7.579286084685043666e-04 1.145984002197799679e-04
-7.698345760506246360e-02 -8.179856529997536763e-02 -6.152190043185174623e-02 2.960873672179625826e-02 1.491990162684190581e-02 5.625583295842654513e-02 -3.529865021189714566e-03 -2.029756006460622930e-02 7.961567892042043654e-03 1.658302413319483540e-02 -2.015772235929923217e-02 1.102840639840389119e-03 -1.157832623207862618e-03 -9.330423460777746703e-03 -1.638157014838715134e-02 1.399468365958797533e-02 -3.619038466820693849e-03 -6.533441760829448997e-03 7.415823122489299292e-03 4.992744612580777251e-03 2.821025328169862278e-04 -2.858237119893342667e-03 -4.851011537771752168e-03 1.647930759107147508e-03 2.478021637874239930e-03 2.780888305802222110e-03 -5.061386738904983607e-04 5.883173288754353983e-03 -3.880420555979108115e-03 -1.810440748503627535e-03 -9.728316842565048203e-04 1.814118689170088220e-04 4.817305341474662807e-03 -2.680488555369380226e-03 5.584317731902452807e-03 -1.190827127005304048e-03 -2.761713729422968049e-03 -2.901792271794309108e-03 7.759476119028155565e-04 1.373582452427258779e-03 -4.213526836216814966e-03 -1.111691285830498097e-03 -3.103221474815182589e-03 5.006782352801635548e-03 -6.654762550418332704e-04 3.104892413898639909e-04 2.305673570895964454e-03 1.536931536169337288e-03 -4.833890131318126920e-03 1.705713367457660414e-03 -3.397194872678561874e-03 -1.497228106970605087e-03 3.011949451597138901e-03 -7.809870611088308000e-04 3.315505216524551168e-03 2.848080562829615608e-03 -1.407525201114514981e-03 1.916215380953639486e-03 2.750532623794840629e-04 -6.372188698205530702e-03 2.802457492788088932e-03 -2.801099445453994908e-03 -2.176746106950355926e-03 -7.620644999196909443e-04 -2.171372057951342482e-03 4.578814216868829922e-04 -1.457877230156138723e-03 2.858269457113724998e-03 1.219744536366026933e-03 2.199597320403548495e-03 -6.170722164893721953e-04 -3.324498588662163235e-03 3.565181189526415561e-03 2.129000238549411811e-03 -1.147569968686688348e-03 3.283609092252717668e-04 -3.896964788352897443e-03 -2.546619183645874949e-03 1.033544878499414663e-03 1.797302594281876501e-03 -4.616013340951063038e-04 7.859276296954131749e-04 1.656753410699043742e-03 -1.083843997998302404e-03 -1.575415352693696662e-03 4.772668719217543144e-04 -2.318394025169785190e-03 -1.672371831384482387e-04 -4.635398819130809290e-04 1.239202520915677142e-03 4.051939311872442104e-04 -1.992042355332743068e-04 -1.128288475056264803e-03 2.050335025259894355e-03 -1.653846580782842495e-04 2.125995655487185245e-03 -2.046071230040065990e-04 1.210150792240604614e-03 3.718041505379777469e-04 -1.712997946585261303e-04
-8.186938269179458438e-02 -7.117119305018158870e-02 -6.403641540073423677e-02 2.735938470511142806e-02 -5.799212578408328815e-03 4.641888846772117272e-02 -4.151992082277332699e-03 -1.331010952934820642e-02 1.222336026491657734e-02 2.032246534777381458e-02 -2.074228718930141990e-02 -1.776939166168812275e-04 1.969620610119530903e-03 -1.135749473354582054e-02 -1.003563599664750346e-02 1.632758941517699694e-02 -1.048271677844726628e-02 3.020800109097524728e-05 -1.014351229793631314e-02 5.124333178395562224e-03 -2.522354667403745639e-03 6.511237904627781986e-03 -4.063025676642502935e-03 3.931060458468585254e-03 -5.926812853861380091e-03 6.715866860861904137e-04 -1.133574161236999833e-02 3.975100056552462006e-03 -6.599463303208428491e-04 1.269608673522457792e-02 7.102339886036722338e-03 -3.204641329441600996e-03 -1.991149806332974566e-03 -1.925558819838046149e-03 3.849837903981168184e-03 -2.167181758142729380e-03 1.017879145327058645e-05 -4.478830270413397020e-03 9.263928946786789643e-04 1.361760390158720489e-03 -1.585752015492161542e-03 -8.930545679366450919e-04 -1.969084840555342629e-03 -3.513026765419696197e-03 1.734169174683070774e-04 9.326591108077753522e-04 -3.071023744578522952e-03 -2.780429897532928248e-03 -1.524000992615545712e-03 4.198571360081787204e-04 2.453836977225485466e-03 -8.653505860084072460e-04 -2.712630300401230529e-03 9.489818132451845190e-04 -3.119094426440009813e-03 2.031301538894904942e-03 1.548444792460685346e-03 6.413127270489834110e-04 2.686429760610303634e-03 2.153645931703757586e-03 -5.589783970338238657e-03 -1.726275400025010717e-03 -1.808409159043727161e-03 1.099192495716486443e-03 2.328875326865423399e-03 -3.585165073650388706e-03 -1.453147357776309783e-03 7.734728574524816136e-04 -7.083831882125533278e-04 -1.270380617057278311e-03 -3.851539726331999064e-03 -1.082390958100087463e-03 -7.763242331938813084e-04 1.961133346736314460e-03 1.879852736026899366e-03 -8.235066012186637203e-04 -7.207200824005029769e-04 6.572824373233924784e-05 -1.062500518876622951e-03 2.223132466310556092e-04 -1.488496818034644974e-03 -9.140403556393144084e-04 2.711954512903178623e-03 9.783336997006089348e-04 -1.049630551568400075e-03 -3.922211077666031475e-04 7.552733976850112144e-04 -3.918337865517303371e-05 -1.423908566037309460e-03 -5.929934300519033689e-04 3.788749476951343547e-04 4.415809223449398448e-03 -7.257135913223577333e-04 -7.405350511504628364e-04 -1.529973893320804492e-04 -3.077835953678784067e-03 1.263679828249395691e-03 -3.227662193196364788e-03 -6.116914901707838810e-04 9.841673520163505152e-04
-8.780532807806572249e-02 -7.914652497441973522e-02 -6.566825011776489252e-02 3.021583121444641404e-02 -1.276581147481234933e-02 4.116655177127269416e-02 4.244180184766044653e-03 -1.026675054269729666e-02 8.743703159030124378e-03 1.216077655254514840e-02 -2.211049538162771638e-02 7.317311168375572120e-04 2.196661659696596321e-03 -3.597704317737997551e-03 -1.330962291428171816e-02 1.403134768435522831e-02 -9.254822403711455547e-04 1.477843252573493972e-03 -1.005279504798625625e-03 7.524292888775616604e-03 1.391381102774192930e-03 -1.969032667942971937e-04 1.993860281975501907e-06 5.371849085884035715e-03 -2.371636229931205306e-04 1.182735197556967176e-03 -8.510316227995366051e-03 4.307056347457728467e-03 1.725203638172800218e-03 3.637196591722821875e-03 1.781469943736977606e-03 3.482749678116779462e-04 -4.272127941138042194e-03 -1.006329539964924370e-03 7.947963755993960521e-04 -2.055169304271802118e-03 4.163183973513605654e-03 2.595380873619744684e-03 -1.901490497480058921e-03 -2.627441289149088678e-03 -2.660338773808760930e-03 -8.577752438012585523e-04 -1.514769770887477128e-03 -1.983909258681906471e-03 2.172088843218355353e-03 2.244989851591144576e-03 1.160352344569907674e-03 -7.987813221759390656e-04 -6.556823729485898589e-03 2.630702791457625953e-03 -3.392150723189378200e-03 -2.853021436417553427e-03 -9.760970637105580855e-03 1.270224182022960805e-04 5.743476651483174012e-04 -3.522948023322862443e-03 9.824783892698678127e-04 2.524526519896258016e-03 2.647368947909506734e-03 2.889395572864524378e-03 -3.220778068171825485e-03 -2.009080781799089770e-03 -2.758679133346953263e-03 -1.431397989742249147e-03 -3.478895553321690627e-03 -1.411860709183679905e-03 -2.898608937837994764e-03 -4.444733690268193272e-04 -3.518529296825308964e-03 -1.996348828870494324e-04 -2.566439700083859594e-03 4.651310166335005420e-04 -9.909970484828732867e-04 -5.015761156362205393e-04 2.457839664218713742e-03 1.890587595482248794e-03 1.503563730881735203e-03 1.797895088691934748e-03 -2.667720503605043678e-03 -6.741263179760564449e-05 1.522872226537513559e-03 7.664826742655127517e-04 -8.509455647326606784e-04 -1.324889925317042545e-04 1.877958131333280073e-03 -1.871117378101006039e-05 3.847250643813898409e-05 5.462501949233682140e-05 1.213786043065196709e-03 -8.910799286039881081e-04 1.212466270500549845e-03 -9.401917303789267700e-04 3.215261667918432875e-03 -2.689348702748973639e-04 -1.614624682295138570e-04 1.985014040675488808e-03 -2.107685595987270587e-03 -2.537726934733420463e-04 -1.587769259253064705e-03 -7.858569058614236927e-05
1.236633185212168001e-01 -1.147654892031114244e-03 -2.021012572073551880e-02 1.941493824086773165e-02 -2.838138893409307070e-03 -4.031278330822474568e-03 3.921534903594606214e-02 -1.222296985523118988e-02 -7.894243025252711821e-03 -2.666158225306076643e-02 3.438869251532007676e-03 -1.472976060897947768e-02 -9.018217791946933626e-03 2.584457600926376875e-03 -6.155245385415085424e-03 -1.257274304976296452e-03 4.133846605875040291e-03 6.255383682906029245e-03 -1.246073691339660665e-02 3.106649203081827352e-03 -1.695622036341524553e-03 -2.682510855938594670e-03 -1.232906487496120314e-02 8.950550848734403764e-03 1.389575022237630672e-03 -9.145797594516653570e-03 6.920903404964647704e-03 -7.034256014368731914e-03 4.067647040594191826e-03 1.691804281116385473e-03 -5.683600608413603376e-04 -6.261070146438945695e-03 -4.481559996890673611e-04 -5.782176401220941219e-04 1.412498577673938511e-03 6.407284022299800964e-03 -8.494590946991816341e-03 -6.025698536029192726e-03 8.926841678987490827e-03 9.977446103333146785e-03 -1.273468503586068284e-03 -8.268506782318789730e-03 -4.804630339917369264e-03 1.228917614043607029e-04 -6.077489419001163781e-03 -1.884168066384766041e-03 -2.329345733771605136e-03 -1.181261892441935312e-04 3.710740588367171088e-03 -3.582523351254071457e-05 -3.725562828803666293e-03 -6.221928121675448196e-03 -2.348821544171718605e-03 -2.242060093699647146e-03 3.999379957954606870e-04 -7.726519550393926884e-03 1.027862639522057102e-03 -1.804088532956456660e-03 -3.039283854320312903e-05 -1.526182647117586789e-03 4.115691400922303809e-04 9.960489211451840300e-04 5.012804763302062877e-04 2.955078337812306645e-03 -7.061896540369869742e-04 -3.474766832461077728e-03 -1.135162654723506339e-04 1.163986118658853026e-03 1.136707762563894230e-03 3.615383228809404808e-03 -2.365952695950908173e-03 2.147659395723033014e-03 2.663544978733551997e-03 4.026944222715199873e-04 3.692696171144033927e-04 1.978216826164498447e-03 2.864748440491622639e-04 -1.843879904378063848e-03 -6.245507418995052381e-04 -1.263999040132140041e-03 -1.552766071791531833e-03 1.650892572961800342e-03 -4.089315525783617650e-03 3.335441239749526083e-04 8.986780281185336285e-04 -1.366686348070880047e-03 -3.163442914365558346e-03 -2.690178547872578568e-03 -7.119415920843703621e-04 -2.061069225038601477e-03 -2.876053356786054203e-03 1.132217514067334523e-03 8.554438654392216993e-04 -1.343866958594765832e-03 -4.519828558865003143e-04 -1.594695961710334122e-03 2.013763308093629667e-04 3.257482906745532195e-04 2.011843076107830679e-03 -1.625849796278939661e-03
1.429643286602011454e-01 -1.425147843629394513e-03 -7.152070126529366800e-04 2.332458282220013085e-02 -1.317240498013619830e-02 -1.281223124227393300e-03 -5.847110944457846980e-03 -1.520056177743847430e-02 1.015974487275055809e-03 -1.922468537279640316e-02 2.017278437904707761e-02 7.043599594383731684e-03 -1.191849804568787495e-02 -5.048945456567451376e-03 -1.704315568069342257e-02 9.077219216158500473e-04 -7.305933866099105327e-03 5.587426346482753450e-03 -3.447914346700591687e-03 -1.509142937585462385e-03 -7.086647950043202700e-03 9.228203104592132625e-03 -6.062498768280185496e-03 3.550880668128389168e-03 -3.585168289006725791e-03 -3.478610425553449719e-03 9.694337419564744629e-05 3.962202817843568647e-03 -8.872311775991405594e-03 1.043930802738218767e-03 -1.338784884093496656e-02 -7.815877504865635997e-03 5.475318625471621396e-03 8.223537940802553865e-04 -2.110017566038774068e-03 -3.568871585732033124e-03 3.399920204267363726e-04 3.493291924151161777e-03 -3.726977506460798020e-03 -1.699919183252952999e-03 4.785266667873059633e-03 1.432739083966428142e-04 -6.428798400978017174e-04 -5.653011941417659643e-04 5.027161040772194257e-03 2.599449015402589130e-03 1.517380853960167584e-03 -3.815565497715390098e-03 -1.208053173906502211e-03 -1.666061055231331592e-03 -1.088070640137462144e-03 3.805925605682399567e-03 -1.801198975789986955e-03 -1.000740004013294122e-05 -4.014922313242547114e-03 -1.975617633792209511e-03 1.935098692694632670e-03 1.741227636426013374e-03 9.555370171026265078e-04 -2.192178820447202720e-03 2.083150719087319830e-03 1.409986132180769377e-03 1.866906718323575525e-03 3.678201855255219376e-03 -4.157642704648511871e-03 1.620139092620349365e-03 -4.544142607629302923e-03 8.907441763789013473e-04 1.320067839750494799e-04 -3.820535424682389419e-03 -2.991850766432390969e-03 2.527894490424094712e-03 1.726143487574904357e-03 -8.059844896665830380e-04 -6.378261431324863499e-03 1.938826928762867226e-03 -3.306211293725483369e-04 -1.827689558626847651e-03 7.323659693907220037e-04 6.542658851445130354e-04 -3.297026513196210998e-03 7.002891533303515518e-04 -2.621834160458832389e-03 2.026443835686358389e-03 -6.277384093433120401e-04 4.096975514998000070e-03 -6.393167980603927433e-04 -1.842213825323118104e-03 2.027863487265581591e-03 -1.375714311689834257e-04 2.208216019379162162e-03 2.763831262153185891e-03 9.163095348166800085e-04 -1.175353587180521945e-03 -1.777625548735103488e-03 7.743675860384192705e-04 2.860392153540298760e-03 -1.083045600129934173e-03 1.934115840083171136e-03 -7.000981585022855334e-04
-6.578632686092905635e-02 -7.504977521973660304e-02 -2.823461211781685271e-02 1.865928149499260225e-02 5.887625704900548151e-02 3.604501034791524755e-02 2.104789029912728249e-03 -1.343879630336572775e-02 -6.064460618509277682e-04 -3.068153248641299936e-03 -8.178058734415124403e-03 6.572675064574724953e-03 -7.307994636157859845e-03 2.544884046285394649e-03 -1.900235981549792605e-02 6.653796977957439872e-03 1.493637748072465000e-02 -7.210530833553412643e-03 2.317310928315179097e-02 8.797101776820394348e-03 3.854173967260387905e-03 -7.199936329998843886e-03 -1.209699454397515552e-03 -8.625815919069414976e-04 7.701419337755427939e-03 6.868862760239322768e-03 5.466209824490834632e-03 2.559998010530907704e-03 -2.378356098444146371e-03 -1.205832002208050320e-02 -6.449908126848556689e-03 -1.429762336908468575e-03 3.080158012730234776e-03 3.504966909764543198e-03 -2.969656233960170887e-03 -2.253197485085758206e-03 -2.670048925819456208e-03 3.374225889776466709e-03 -1.919606509165043377e-03 -1.272384665160710467e-03 -1.661047792813791094e-03 -1.783169542403868161e-03 1.032736794447946908e-03 4.067740355612832828e-03 1.905201934746076037e-04 -3.986761822655495065e-03 -1.511205907404446561e-03 3.310749635968783262e-03 3.309952020109665789e-03 -4.889498138943988411e-04 -2.574609330863935047e-03 -3.937941660894828805e-03 -2.026665915953884331e-03 -2.208077776806126932e-03 5.181453314233196899e-04 1.627521774609170309e-04 7.649736072049740819e-04 -4.187642691349339856e-03 -2.458975094539748388e-03 3.168604586949311849e-03 4.780265295288704526e-04 -7.493530036559362508e-04 1.463369072175147324e-03 -3.908524150022831857e-03 -9.940644010368621542e-04 4.072941584772463478e-04 2.627083083543398437e-03 -1.845646479315132121e-03 -6.060130422581183965e-03 -3.890012064849090925e-03 -1.420392984442723008e-03 1.348619984514469634e-03 -2.549088331935783248e-03 2.151965881914423204e-04 2.656612461462411721e-03 -2.051055894504626111e-04 1.368709125716188399e-03 1.317650698250272777e-03 1.437425731936541095e-03 9.269016229932632543e-04 -8.123851390587240578e-04 -8.167972146902098505e-06 -2.775981065015190995e-03 1.482247971939281350e-03 6.007971604756533884e-03 -3.524187747165056627e-03 -5.879275500463335916e-04 -1.348335995949386532e-03 4.099428956710859419e-03 -3.995511957726415736e-03 -3.008407125013707120e-03 -1.501493145645454259e-03 7.037794944647999141e-04 -1.216782596664760344e-04 -5.845380878336743462e-03 1.331294680743989834e-03 6.019622874344765506e-04 -1.087691232986795226e-03 2.614431818393128833e-03 -1.001104853744857852e-03
1.184268676799079753e-02 -8.060430372353159095e-03 1.855260247214686464e-02 1.297423226422397997e-02 4.692200549445648544e-02 -4.136391556441827017e-02 -2.707438630602683298e-03 2.064878194959956018e-02 6.585027525811990544e-03 4.735907028274213143e-02 -2.288612315313264325e-02 6.914733539883568571e-03 1.219690873935525520e-02 1.702509525311869795e-03 -7.447210059762320207e-03 -6.706819290680259525e-03 2.911392378852585214e-03 1.789732873084932258e-02 -9.724579932284363112e-03 -3.958296842854839778e-03 9.005904148050971128e-03 -3.374337676055051607e-03 9.644634658720724037e-04 -4.707139765959887472e-03 -9.061074602187252011e-03 -1.196980414061159237e-02 1.359294780741204366e-03 -3.352710627431154840e-03 -2.861326706329938956e-03 -6.217428550367574101e-03 -3.485689533211220985e-03 -8.177747452959184885e-03 7.515586185674205492e-03 -1.097809595274482856e-03 3.954628669854275851e-04 -2.104414194866822529e-03 -1.320118985275034419e-03 -5.100794556143744413e-03 2.377344979112104746e-03 -8.308114046354547061e-03 2.745601893966071599e-03 -5.707736629881234557e-03 1.702911351322218157e-03 1.362162285281532433e-03 -1.831771165636666325e-03 3.622793710701132514e-03 -2.568218325237069631e-03 -2.162981003005382853e-03 -2.316776719026897205e-04 5.587790512263399265e-04 -3.550369110852068244e-03 2.238465689316614018e-03 -4.403241371324832440e-03 9.021534126465910117e-03 2.147198688164496209e-03 8.483165236214952306e-04 1.235473701595231084e-03 1.918539676553418245e-03 -1.088348743832664783e-03 -3.646944304783476722e-04 2.025356012178803830e-03 -4.247808318998996975e-03 1.776320205969723117e-03 7.460541847557075092e-03 1.742403644604691463e-03 -2.049090839825785135e-04 -9.737022554200653701e-05 2.150256628559772069e-03 2.395001266225697204e-03 -2.880839466437701887e-03 -6.434281462666132214e-04 2.258878719396333491e-03 -4.683054161161610829e-03 8.239557549352207605e-03 2.421683973808180790e-03 -3.553524481275768983e-03 -1.905219766510005087e-03 -2.369784064293510833e-03 -5.217801966183892651e-03 1.031031801348631944e-03 4.722654850534847154e-03 -5.518500706874834676e-03 -2.820232462121518343e-03 -6.067743696902792860e-03 1.258092599368033655e-03 2.276059973540750601e-03 4.082018893093794856e-03 1.001288002441278868e-03 -1.486332940476071084e-03 -1.669878212628034611e-03 -2.824138443910851996e-03 -5.360461182258868980e-03 -2.740015182438171174e-04 -3.007265817968711279e-03 1.329197582014178449e-03 6.358143187033470870e-04 1.334712767318738764e-03 8.597503959840848775e-04 3.533340624344009050e-03 5.320562028792380942e-06
9.688584287701866582e-02 1.600232193305981129e-04 -2.420189345182977361e-02 -2.161497531035943762e-02 2.248625960488744024e-02 -2.208242996651323467e-02 4.641579078948846436e-03 3.587977458332029454e-03 -1.875460305971640360e-02 4.478602205662208374e-02 -2.398697116511659330e-02 4.367362937512473536e-03 8.376731502218319123e-03 1.886417485499275156e-03 1.588884834085147954e-02 -9.615886601143465440e-03 1.989068081244557695e-02 2.018872196174589708e-03 -5.549235979712248412e-03 -4.196577086589535835e-03 9.002841963278416376e-03 -6.102012735704179409e-03 -3.589980077589132704e-04 -1.050178621614896845e-03 -2.064179335483716949e-03 -7.432781045698977004e-03 -3.799925399980017861e-03 7.768097910709457349e-03 -8.134174533733875764e-03 5.579971519303752320e-03 -8.814678848559435662e-03 -1.277047569542204535e-03 9.998456644127217893e-03 4.729919215635964777e-03 1.910610751468852292e-03 -1.179828460747746983e-03 -5.505822876683399980e-03 -2.240633026486568702e-03 -2.584149794366453091e-05 -8.321582341175011097e-03 2.374469563441439484e-03 -3.828542564773241511e-03 -1.090596742520453914e-04 -7.259413921440850475e-05 -1.364732992510687146e-03 2.868173626225160606e-03 -1.939840179917089874e-03 2.828859729551890987e-04 3.697055340094579541e-03 2.330077785134290758e-03 2.319182519613247675e-05 -1.032369988722315604e-03 -3.362296115841600930e-03 2.757228686892944022e-03 -2.864642922390760703e-03 4.708887425620963203e-04 -3.511158714882603969e-03 -2.770082050074831317e-04 -3.678295531556035995e-03 1.590763262674264530e-03 -1.555075492457704987e-03 -3.938422609196224299e-03 3.771265112204290879e-04 4.201310760600671622e-03 -1.311909288124679489e-03 2.441633655723623748e-03 3.224636223288037274e-03 4.433974860826512751e-03 -5.355173634184235039e-03 3.960336782828874705e-03 -5.156750625835950430e-04 4.594120069568555058e-03 4.303198045387976413e-04 -4.353847099315066686e-03 -4.645432803425159421e-03 1.670888120971378028e-03 -4.189142832573967967e-03 5.957748810146368083e-03 3.282843116162124323e-03 7.824165891609949179e-04 -4.646386248336818736e-03 2.946948198967822268e-03 8.629425249281879456e-04 4.509081166531916582e-03 1.835826875191355623e-03 4.604873621799487546e-03 -4.964841670243165875e-03 -1.195089058089007219e-03 -1.507031750786501150e-03 -2.030902077103593269e-03 7.416132856499991132e-04 4.202146175085448229e-03 1.764996415042647399e-04 4.581723193054847501e-03 5.652088750643123388e-04 -3.244082354671925204e-03 -5.718006823082781923e-03 2.335722935858186231e-03 -4.439350228727170777e-03 -4.518263572086840801e-04
