-6.225167398408879005e-02 2.615880315367563602e-02 1.407887307296855524e-02 7.157005224040793867e-03 -1.937998467279963442e-04 -4.175211711092604791e-03 1.211992648046597738e-02 -1.715431704644668470e-03 2.217132121379818653e-03 -3.598864480048469521e-03 4.728678645215059380e-03 -1.279125406661269046e-04 4.421195911505804155e-03 7.612529514952087089e-04 -4.024655952148992709e-03 1.649807753992024294e-03 -2.573359325580212853e-03 -5.123334449961018319e-03 -2.700068303840725062e-03 5.596082340090458886e-03 5.224557795191331518e-03 -1.233294556453956494e-03 -2.910325079379365559e-03 -3.800098909308708642e-03 6.620814080848451508e-05 -8.091013207967296793e-04 -1.654338037950053679e-03 2.423054808543021171e-03 1.147600679966592502e-03 -1.740025564575949004e-03 -5.896921053971845286e-04 -8.166141489271505714e-04 -7.797034092166573848e-04 1.093561764480528850e-03 -1.255145485700989889e-03 9.924956188085845912e-04 1.800053655278901479e-03 -1.509676181234913766e-05 2.966363733259448458e-03 -2.198965003268050968e-03 -4.946121167522300223e-04 -5.814666213827040728e-04 1.276537413095306665e-04 -1.008192177163074344e-03 -1.768221224879903486e-03 1.336365233235209035e-04 6.577037097057140524e-04 -4.071552179623761487e-04 6.296660372764390683e-04 6.389627775189433252e-05 3.229741654972139299e-04 -5.511371141133511930e-04 -3.104585140305719609e-04 -1.508506701433129198e-03 -9.197037485901651301e-04 5.550107391616247981e-04 2.602692865298243197e-04 1.088116891995006912e-04 1.589148202301798277e-04 1.257371264214650558e-03 1.654101338009164764e-04 7.410843816555750174e-04 -2.186388027520199274e-03 -3.657704321596300925e-04 4.681702861820018820e-04 2.290178694168653576e-04 -4.053245546026713344e-04 4.907835415151024601e-04 4.525754939499386053e-04 1.229152595743797458e-03 2.401682609058657819e-04 -1.253136291095855500e-03 -1.688917335477653752e-03 3.409518837777742524e-04 1.064777382756199172e-03 -5.463064342522725792e-04 1.135359845726618792e-03 -1.341031810235714854e-04 -7.524955535026556534e-04 7.835360115213183376e-04 2.167421634939980905e-03 -9.558513403735940765e-04 -7.522236880421109134e-04 1.333763469915445453e-05 -4.204701359891067393e-04 4.571277208970427606e-05 -8.466541954529642944e-05 7.304205947137825230e-04 -1.406757762907838698e-04 -1.191411125432105316e-03 -7.744758593096592912e-04 -8.209310782291971047e-04 -6.470216492794701518e-04 -9.309443454914697799e-05 1.401711376930827625e-04 -1.165456529055028563e-03 -1.044489893846912076e-03 1.020110135713563938e-03 5.857307646420085827e-04 1.317201497183141277e-03
-1.060009375626205785e-01 2.726541066739544480e-02 1.935034934025751593e-02 3.812850227475265193e-03 -3.172523644843240013e-03 5.276027907250348606e-03 -3.329410478949478697e-03 5.671899397234568801e-04 -3.163132197939047888e-03 4.014092477274891838e-03 -1.101468911742607172e-03 1.169329049117014477e-03 -2.647484299043975642e-03 2.516195187820004057e-03 9.509685101812440783e-03 4.604263221013683632e-04 -6.097814767344484623e-04 2.247667643847682268e-03 -1.031428378918837068e-04 1.274793002400320370e-03 -1.994099112264879567e-04 -1.618061006791397154e-03 -2.201050554785952955e-06 2.051696320074749679e-03 -1.191070728976301868e-03 -1.963424126006031094e-04 -2.110251841996808268e-03 4.456903507655160870e-03 -1.713767529240902343e-03 1.272399863162302063e-03 -1.892006143640145247e-03 -2.999112735699003846e-03 -1.196467613974521284e-03 -1.806939384920007571e-03 -4.798216790604623873e-04 -8.526725175873586353e-07 2.014997535330612880e-03 1.057660428900702044e-03 3.258327971314809606e-04 1.357082884265842313e-03 3.902883848971703027e-05 -1.651786160552852186e-04 1.216797997193186246e-03 1.941904924003110794e-06 -1.016988766318868307e-03 -1.104216379397052932e-03 -1.453477996655416422e-05 -1.400412944849746370e-03 1.155475314605695003e-03 -8.903666423857265009e-04 2.128678092966585715e-04 -4.380220030806359407e-04 -1.913630479711414133e-04 -1.565837533043353642e-03 1.997154410278677847e-04 -6.750464534239326245e-04 -1.065144958337963530e-03 -1.863434446045393838e-04 3.201702639791335751e-04 -2.679083250498286574e-04 9.559509993348763593e-04 -5.001959473174059879e-04 -1.369737064102507151e-03 -6.188612918941932333e-04 3.951866143249866672e-04 -5.132818106593175405e-04 -1.553563840963329348e-03 5.661056256807512569e-04 5.789615544083468292e-04 -2.339844484960935229e-04 1.193977236775489796e-04 1.125853986769206286e-03 7.928834875140374720e-04 -4.911827976796486264e-04 6.498803983933314861e-04 6.370591111390356241e-04 6.397884151666054882e-04 1.933853810928648042e-04 6.613588925602882857e-04 6.017870241556111085e-04 2.733910475647816069e-06 1.618065089622626939e-03 -5.992824154688660429e-04 -1.038119175356264556e-03 1.816754523113146076e-04 -7.722275288298139284e-04 -2.590085412751348183e-04 1.488439139896485439e-04 -6.839295537849186422e-04 9.223069269225733259e-04 -4.863799679259703311e-04 1.287695506996669592e-05 7.303609020474322944e-04 8.650534725273984079e-05 -9.831567209032431379e-04 -1.684140679622184850e-04 5.421853197897828032e-04 -6.203834675701195168e-04 4.419832826238785780e-04 -5.884973005801217736e-05
-1.020945276954272896e-01 2.716360102004920091e-02 2.721989515971560969e-02 8.044379425720922863e-03 -7.786177979487510226e-03 -6.209526229023927361e-03 7.006757084269041140e-03 -3.225677383847622235e-03 -7.104764389725181989e-04 3.777879673745797263e-04 -1.841205700968588351e-03 -3.611686721719764267e-04 6.842870547015990693e-03 8.349498134548932662e-04 -4.381772024042872651e-03 -5.590596943250830935e-04 2.154693207785539702e-03 -6.502138505163728962e-04 -8.381315616093486416e-04 -1.430243213785252617e-03 1.312281580961806434e-03 8.847957376611083726e-04 -1.196738497177506338e-03 1.821226110844948029e-03 2.370828867850854448e-04 6.303724996806519187e-04 -9.961487563193875477e-05 1.341462812125276179e-03 -3.849580741205319359e-03 -3.756578932159582000e-05 -8.646692705022855944e-04 -1.256712861298385367e-03 7.808799958050048368e-05 -1.511912199034236163e-03 -5.417103606193029763e-05 -8.062771593775996514e-04 1.095490744698757049e-03 -8.037033626479364330e-04 1.956430104186264972e-03 4.956674308512758632e-04 1.577503376669832271e-04 5.469232223691705436e-04 1.593709189797282665e-04 1.085874866611235157e-03 -1.370789044205967524e-03 -2.090154265820437160e-03 4.108909539965835173e-04 -1.556499286255676098e-03 1.899780818850514089e-03 -5.603103013830632072e-04 7.494837282893086414e-04 -1.894693503787862150e-03 -9.043086062109859666e-05 6.309141516189595723e-04 -1.706276269466625722e-04 1.255811373168679552e-05 7.156650634577294001e-04 -4.023850616590167635e-04 -3.328795647574385235e-04 7.172224236767667097e-05 -1.564565088217447893e-05 4.212448571116364201e-04 7.877711976728571039e-05 1.335322489368710166e-04 -9.447322688962701527e-05 1.270808601026595416e-04 6.345085320727322179e-04 3.889754770768459190e-04 -2.341543180738188650e-04 5.673372816685461322e-04 1.257639763239400783e-04 2.039200051808459993e-04 7.522630156623505166e-04 -1.488868015688188775e-03 -2.258385550745168561e-04 7.275136176514330902e-04 -5.027698740355097907e-04 -1.321600438370769837e-03 1.263850537339105459e-03 -3.683061079364115926e-04 -1.893943613804594320e-03 5.615511953165388528e-04 4.600173389194310233e-05 -7.030521820901567450e-05 -3.140856650156138375e-04 8.849977427009794902e-04 5.193887751501934580e-04 -2.424918108669303564e-04 -2.400004328560738798e-04 3.017125141070918460e-04 1.816371297892873564e-03 5.526201687274048552e-04 1.476754991276637045e-04 5.514712231087820791e-05 4.995574406927342321e-04 1.685954765646816055e-03 1.647500018807058976e-04 -8.901886225041412068e-04 3.789565960252569356e-04 -5.676516267244290440e-04
-7.493026089504324638e-02 3.034058721770872477e-02 2.029336357808321847e-02 1.062814689512179590e-02 -2.602993282450873514e-03 -1.489331270343138705e-03 1.158461460527663786e-02 -2.296468836637057236e-03 1.027297153991760682e-03 -3.622843702355289970e-03 4.371842721755455664e-03 2.489659052192735888e-04 3.718332353916354097e-03 -6.726285416715207729e-04 -3.877811738459076545e-03 2.214960538738513628e-03 -2.582886549885009871e-03 -4.764423409500886594e-03 -2.101624060978635189e-03 4.334372539630519487e-03 5.229476968874741984e-03 -9.894736309152534631e-04 -2.904273210300676797e-03 -3.847512898728849568e-03 -5.257680227026434065e-05 -7.069687363708197737e-04 -9.378292140827818252e-04 1.725602252005791360e-03 6.968753784354404400e-04 -1.743395741599987380e-03 -5.152084105741547163e-04 -9.270379441772620037e-04 -1.055849113446259284e-04 1.078990971713470479e-03 -1.598438911413471155e-03 5.090263682960535817e-04 1.310838901750354659e-03 -1.019776706778098140e-04 3.086306150482317177e-03 -2.105692679851496867e-03 -5.807756363739928441e-04 -2.255938882202419653e-04 -1.898610773592551140e-04 -4.719354979811031720e-04 -1.749986187905910699e-03 1.586122265187800298e-04 4.880605735409065666e-04 -2.735988325925780575e-04 5.166294847530290618e-04 -9.479828427833649989e-06 -3.035537309680707120e-04 -4.749562352732421971e-04 -3.109204366387401499e-04 -1.176221689840897594e-03 -9.532806118000390497e-04 9.684102441096329860e-05 2.192685663340515157e-04 -9.773885839634305231e-05 -8.262141999816334406e-05 4.289918683307269694e-04 3.484220416736255751e-04 6.378114197549120991e-04 -1.658112932392132683e-03 -4.179783275546809719e-04 5.626299655838101028e-04 -1.717879097028949230e-04 -5.880992359125800746e-04 5.371465957184858898e-04 2.836578060570495424e-04 1.183729954070072412e-03 -6.147845038190390067e-05 -7.869776903170234983e-04 -9.909300671218405302e-04 2.477465564280888492e-04 7.238853113432337045e-04 -2.744368701621125307e-04 7.298722497141974614e-04 -7.542537541913274220e-05 -2.404245408014925236e-04 8.518894422816444562e-04 1.449036114763356487e-03 -1.854497971576778593e-04 -3.505278230949214306e-04 -3.046776074473223116e-04 -3.746622621975656325e-04 2.908603711109316887e-04 -1.282846360453798512e-04 5.699064315196145439e-04 -8.894010153674590188e-05 -7.466595096277048316e-04 -2.498198089616932341e-04 -7.810453482220426321e-04 -4.490558439254555218e-04 -2.264028928012262916e-04 1.970463565296161703e-04 -6.078549764853958095e-04 -7.669717280615695552e-04 9.082885427601855794e-04 3.390399111518678944e-04 4.938960411042568957e-04
-9.744570328382716473e-02 3.644052504661965397e-02 3.175228238763155852e-02 1.704093759792831703e-02 -6.379587648328645041e-03 2.596515191041601136e-03 8.408808874518640050e-03 -4.842952143093894567e-03 -1.258585955223645624e-03 -2.658837096815286957e-03 3.011639403656775089e-03 9.780995612790998727e-04 -1.363746474184491251e-04 -3.463252572280407521e-03 -2.804332190552200413e-03 2.123256050777456039e-03 -1.262669038838661138e-03 -2.649781487782569035e-03 4.769544852496346375e-05 1.155186178830327603e-03 2.811416165940442552e-03 -7.205933574548906151e-04 -1.274295140151335574e-03 -2.786438359641058276e-03 -7.506748957747339055e-04 -5.448010378642452987e-04 5.892470983585093710e-04 -5.573664924661925028e-04 3.828151788980493691e-04 -1.608547623612995763e-03 3.680580481785661632e-04 -9.349803664802571075e-05 6.609869122681683593e-04 9.522766708684902645e-04 -1.863071154356152640e-03 1.045708441130905795e-04 2.506367799179274854e-04 9.727362937571349419e-05 1.906055463348436908e-03 -1.135477253133438226e-03 -1.423067642922989939e-04 2.341598598247271226e-05 -9.428031506572373966e-05 3.733298304249463534e-04 -1.456060679520885214e-03 1.985624571823944276e-04 -1.906007831172001541e-04 -3.189057223803564572e-04 3.036889556270633587e-04 1.481321698848035927e-05 -4.878068236800974606e-04 1.098521309635319481e-04 -6.529874631765703952e-04 -2.374544639498760558e-04 -6.926082627553049745e-04 -4.603868064963529023e-04 -1.227115603167192493e-04 2.538674922378079742e-06 -8.245912354076826388e-05 -8.041211862453939794e-04 5.248380531740822353e-04 4.690833425597157498e-04 -1.654922930618362667e-04 -4.153554501553731113e-04 6.841013116329249790e-04 -8.504770648342859255e-04 -1.112653984450730910e-03 1.429124915450565600e-04 -1.588924344945651600e-04 2.466686463631053089e-05 -5.132679143584779067e-04 -1.115007138244679050e-04 7.412345106900665274e-04 -4.239631061581933670e-04 -2.426092436210557774e-04 2.560767741668307858e-04 -7.767925711364116010e-04 3.346368630657659622e-04 7.313969038044166584e-04 7.204696255863443947e-04 -6.627409445454261272e-04 8.010907809792955185e-04 8.023620367002445549e-04 -5.796518969845837607e-04 -3.914973904485866390e-04 2.690572358743477865e-04 -8.840230499377860326e-05 -1.415539866567264724e-05 -2.161725012860657880e-04 3.220382374713232814e-04 6.092008977171673757e-04 -3.569220241152559303e-04 2.462093532891391546e-04 -3.491440514789492127e-04 -1.284070962041310930e-04 5.208693012995548348e-04 2.401595479493551222e-04 -2.326360147082322586e-04 -3.715657430704952420e-04 -7.464527885211331417e-04
-9.471759002701377050e-02 4.162904487856267099e-02 3.769732203548172011e-02 2.146584338917155790e-02 -6.835533671144230876e-03 5.924234100193409569e-03 7.575105559536767126e-03 -4.679708306730557925e-03 -1.603121202402922217e-03 -2.550677768313967027e-03 3.058156066341669813e-03 2.038727451113731166e-03 -3.751846234333866634e-03 -4.145612502451123151e-03 -8.751402229144070394e-04 1.982815291654526670e-03 -1.917180626736047491e-03 -1.721969279838258529e-03 9.261008020363394825e-04 9.946670179069879542e-05 8.480926837452745348e-04 -1.916631536326927118e-03 -6.718599367577366126e-04 -2.989357583438202910e-03 -4.199117950431546548e-04 -8.120395355982458442e-04 2.939480761613903303e-04 -1.524143735946367805e-03 2.094358999272882913e-03 -1.675586413779903746e-03 9.234733739638749080e-04 5.446910135888129428e-04 4.661338956254093167e-04 1.114818904476524769e-03 -1.272849179798658326e-03 3.782626055445565869e-04 -5.718498644151512539e-04 6.464352992956501668e-05 3.735714240301977324e-04 -1.325584204918537094e-03 -1.187657130583953484e-04 -1.344734050914838470e-04 -4.084937183505567802e-04 3.704370980067657796e-04 -6.070441888546418288e-04 7.437636668225889409e-04 -1.530154586455417906e-04 4.020492312203933355e-04 -8.346942409861406306e-04 1.928685767854528791e-04 -8.135284578943977399e-04 8.042858971132852038e-04 -7.648407494060283649e-04 3.872313433990908263e-04 -5.193113462496420788e-04 -5.541963323862273381e-04 2.004057063465246628e-04 3.867344622338477291e-04 -9.396229526653380386e-05 -1.142121403883021710e-03 2.466732025668926095e-04 3.516041556010761761e-04 5.882457824951224526e-04 -1.153399629657554632e-04 6.083971087470262454e-04 -6.271930982630077129e-04 -5.745975638712328424e-04 -5.325021141340004465e-04 6.511207423640499664e-05 -3.292440954630038424e-04 -3.638071788968323065e-04 1.689225216786196344e-04 4.976376057742238528e-04 -3.644039679703904881e-04 -8.907816623489479000e-05 -3.486570310540666085e-06 -5.629351048287668455e-04 5.750912952236465411e-04 2.791762090030527237e-04 3.130000279878535356e-04 -7.163456705517260836e-04 7.473183850717733667e-04 7.357754762844297917e-04 -3.314641697353620060e-04 -7.518887575323581125e-05 -7.125087270423302729e-05 -7.499138852280396350e-05 1.209665143633290699e-05 -1.300241098160509338e-04 4.325682573983386826e-04 3.144863389665872723e-04 -6.894756359556715008e-05 2.387648603202128627e-04 -2.036901564843768850e-04 5.789279631748909545e-05 1.719246609487450376e-04 2.178573860004439137e-04 -2.471453798418397235e-04 -4.146778835270237469e-04 -7.528897311596986167e-04
-9.653826839699181095e-02 3.576341328917579526e-02 3.594177414634229517e-02 1.678607304871484671e-02 -7.162372900162807324e-03 6.954718654576318854e-03 6.726112180683642763e-03 -2.846434263261825217e-03 -1.125386296527787489e-03 -1.986998505329194090e-03 2.916918110473391834e-03 1.639577646882582574e-03 -2.834461650091624988e-03 -3.350726671832783034e-03 -1.772919491494440657e-04 1.831617689802439138e-03 -2.693351019142420366e-03 -7.493659102507060736e-04 6.218057782009799072e-04 7.505869102681585105e-04 1.092023516745905740e-03 -5.397415707576093012e-04 -2.040646910558165236e-04 -2.738315130399038202e-03 -8.856024035124535488e-05 -3.872919893257025805e-04 1.629648634441299660e-03 -1.426792083773888945e-03 1.419229829492303120e-03 -8.377056114146999057e-04 5.370889484066754916e-05 -7.123563531345496322e-04 6.795257747482293803e-04 6.590250871417109883e-04 -1.877736423319625089e-03 4.914609866896047907e-04 -1.530907442917840830e-03 1.710931603063300694e-04 -8.248701662561723578e-04 -1.528962246403243108e-03 -1.995418176098426419e-04 -4.857502995278688870e-05 -1.320157759812214202e-04 9.241652682632730447e-04 6.626155319985710347e-04 7.996547350482472154e-04 -2.761514869286109094e-04 9.535227011727842724e-04 -9.559737200838384127e-04 2.636034260519088171e-04 -1.060407325140614275e-03 7.930110324274279717e-04 -9.810753767307623437e-04 2.975962528172314660e-04 -1.341239713621628950e-04 -9.188893016047316314e-04 1.092956713149847081e-03 -1.321863007683969345e-04 8.342060514354876662e-05 -2.391149964196567172e-03 -1.854840002320943745e-04 -2.160454872724438798e-04 7.496728276334240892e-04 -6.066866195673009448e-04 8.079735246812057336e-04 -1.014894829146718641e-03 -6.925280310729138621e-04 -1.062179051406849815e-03 -2.091045461187139944e-04 -4.612435148085765346e-04 -4.039414843956751558e-04 3.522637808340341073e-04 8.386371565019936974e-04 -3.781169820621435574e-05 -1.924764512116455394e-04 7.605116405021501887e-04 -7.417848136960400159e-04 5.046388573222574184e-04 7.901334281491267670e-04 1.242905607976173840e-03 -2.079054643771573695e-03 2.243590114837338591e-03 9.244383803511332671e-04 -3.418110963587164949e-04 -7.610489703995866633e-06 -2.871267431403696233e-04 3.284992919886522240e-04 -7.438196542179359569e-04 -1.423729336420028867e-04 2.440718062601064772e-04 3.108572092122026788e-05 2.849835211277183355e-04 5.628747070393360329e-04 -1.281908017297968131e-04 -9.726600075904561445e-06 -1.664837836946588218e-04 3.660257726165031845e-04 -6.104503899005478407e-04 -8.585961889722870275e-04 -8.689723144101115264e-04
-6.520754699108162467e-02 5.525590151432068636e-03 -1.592950865304860325e-02 -1.541179903226526544e-02 -7.930790428159275457e-03 2.146813594670299655e-02 7.596456111168069236e-03 4.955522580231210700e-03 7.241043293989943459e-03 -4.735696161082235400e-03 1.812194279589266497e-03 9.923143066295737284e-04 3.422413023153620532e-03 -2.078301682712785890e-03 3.874109604296523449e-04 -1.674587515674443201e-03 2.054604550054370347e-03 1.355878552875779477e-03 -1.694776064840105992e-03 2.739442572947143749e-04 -1.628470199076740470e-03 5.166717204069210890e-04 -2.375957861577407664e-03 1.624953634541821375e-03 -5.413516425106928986e-04 -2.226035231471021510e-03 -6.284279526387589803e-04 -1.259434015480102040e-03 1.042541155203066889e-03 2.271959745086132160e-03 -1.770635054810724106e-03 -1.212872782916458482e-03 2.918474543342037056e-03 4.018852726132602455e-04 -2.486993841528550462e-04 -1.826092923686522531e-03 -7.939394033521249370e-04 -1.167306673817773829e-03 -6.212609298730522808e-05 6.851400171028025621e-04 -7.819121922388639918e-04 7.113821061225211306e-04 -1.935610560871049842e-03 -5.108641542752970525e-04 -1.145870521390141786e-03 -1.179193397687492133e-03 1.385064800117953967e-03 -1.161541157074528010e-04 -9.883762267578331980e-05 -7.656531861899820615e-05 5.088584649483458280e-04 -2.543096359716819272e-04 -1.515237019963676715e-04 2.575028425530874682e-04 -9.960531528709762935e-04 -1.104352877598957332e-03 -3.589193412806844009e-04 6.630913596148745384e-04 -2.970738045484822725e-04 5.684284698473389321e-04 -4.101423434007810684e-04 -1.808484020841130647e-03 -4.460326575368434021e-04 -4.760079479298118190e-04 -6.298909393171077398e-04 -1.116300279563959468e-04 -2.337446121264982019e-04 -1.527301921052594443e-04 -1.911541624700687230e-04 5.491456310298494826e-04 4.420877716729243153e-04 5.354123417836538040e-05 5.249812855417106990e-05 7.868883596522512503e-04 2.894677180501277242e-04 7.881011063316574770e-06 3.479655745387786876e-04 6.925468686197928936e-04 4.302753952393274144e-04 -3.386799518455992889e-04 -3.660487832461996717e-04 8.254005026572724187e-05 3.426391011928243534e-04 7.845547797881664896e-05 4.246902969802634348e-04 -2.923810368286897609e-04 7.111901025060836986e-04 7.145570079725640654e-05 -5.976148141696087943e-04 2.633748687607808466e-05 1.334809716646439030e-04 -8.117033533507930873e-05 -2.266145045685558914e-04 -1.087558729332970561e-04 1.293333190014329926e-04 -7.651720428614535883e-05 -1.134753146025395019e-04 -1.257329297755010619e-05 -3.854602061645957703e-04 7.263223753795868193e-05
-6.433647031619883772e-02 2.410454955069810806e-03 -1.395689447772981845e-02 -1.777408988306528048e-02 -8.229994870657508788e-03 2.061386160230992831e-02 7.543420947334091714e-03 5.469368995044241073e-03 8.313253908037986431e-03 -4.335454917135542728e-03 1.059622698433996483e-03 1.249795949972781154e-03 3.097178013069528009e-03 -2.491452426329930463e-03 4.480849273839485666e-04 -2.149796644006247894e-03 1.522252483648023303e-03 1.062353824725314555e-03 -1.636239406675930614e-03 6.037281404132658572e-04 -1.441363084824706263e-03 6.895253160305191056e-04 -2.449982521061263435e-03 1.092644251997913893e-03 -6.176802523571245720e-04 -2.116197824555782810e-03 -1.146486632208123255e-03 -1.268549702231039919e-03 8.867328279391064813e-04 2.078517962043364021e-03 -1.960791938067538934e-03 -1.190956790650776797e-03 2.856883596190691599e-03 4.557015966814611640e-04 1.070575266871273847e-04 -1.889134426935285731e-03 -7.990359203775933890e-04 -6.155349796082193502e-04 -9.743878067164034025e-05 1.177888546622754638e-03 -4.553648658353625939e-04 6.810640308846074766e-04 -2.433245769492324573e-03 -6.108586665550960965e-04 -8.338997792391017721e-04 -1.156803423117432235e-03 1.776575175798764507e-03 -3.227502088163502228e-05 -2.330759359104124160e-04 1.089244960480220106e-04 6.028833847309967566e-04 -1.230311310751560814e-04 -3.267759490829365504e-04 1.566451394561980156e-04 -9.264370955092825644e-04 -6.828653235339283284e-04 -4.003781343043656508e-04 1.716173281307517844e-04 -6.762316069507938888e-04 5.840691106687727514e-04 -3.276043010456760208e-04 -1.730865639218210966e-03 -4.857931743742144922e-04 -4.868364145206446826e-04 -3.299698513614771371e-04 -3.166398513721576844e-04 -4.738797285326577418e-06 -1.653346077975961065e-04 -2.750938369473165902e-04 4.010849308650658125e-04 3.907087730379738303e-04 5.805887530188838253e-05 -8.667474868325588451e-05 5.236139638318866195e-04 1.339153516677281895e-04 -1.527250718691806767e-04 3.003649046260261192e-04 3.251388639873180396e-04 4.305744101694463418e-04 -1.239216776463632121e-04 -6.952493610261254418e-04 -6.244698872953049118e-06 4.746443163838604397e-04 1.124213380938585735e-04 1.306827987616349259e-04 -3.798720926423901492e-05 5.775810105005245746e-04 4.215732023725164332e-04 -6.565114418516591324e-04 -1.743558688671499471e-04 1.365319788600369017e-04 -2.097990569509006350e-04 -1.851472251556609964e-04 2.753902801500116189e-04 -1.640885117213704151e-04 4.980181758498983512e-05 -2.702550804260032665e-04 1.383654776642250623e-04 -2.535360736377884462e-05 -2.845787382432918679e-04
-7.814150374047301728e-02 -2.165933446950529459e-02 -1.391027621927485398e-03 7.659065483084627696e-04 -1.215392011773830903e-02 3.074719658297724121e-03 -4.022372157177570191e-03 7.348479182039377271e-03 2.794525766158270901e-03 -2.256643669354681074e-03 3.750956721076767475e-03 1.596074034221341099e-03 1.375779985090097319e-03 1.347499946544836267e-03 -2.096586762453509292e-03 2.317801110509081896e-03 2.093549339767380134e-03 1.531586699606827043e-03 -3.898706748934477415e-03 4.235425554246945775e-04 7.138439964484580638e-04 7.583639794945925747e-05 1.804759563299755329e-03 1.821236441483877616e-03 -2.949879014388496448e-04 -4.343136693767355241e-03 -4.884133011795023863e-04 1.922202675433051745e-03 -3.219793391974581139e-04 1.267699569911883697e-03 -1.169394892852282375e-03 6.462367389674218785e-04 6.906212249169582000e-04 -1.901363982908806094e-03 2.884942532215902140e-04 -8.325888265483213143e-04 -1.789046746356292390e-03 -3.348788932020207217e-03 1.648895737615103214e-04 -1.266886834952550079e-03 2.249157212663928460e-03 -1.274647615916041756e-03 1.689475201131594414e-03 1.498129398512296684e-03 -1.187987220776049076e-03 1.199269172681099007e-03 -1.788558643004106762e-03 -4.469018938586524423e-04 1.021791374192369123e-03 5.834379359562135922e-04 -9.329667980199919100e-04 8.097713898935683142e-04 2.775415149481127606e-04 -2.239304258333097548e-04 1.103459670304588521e-03 6.561795678192963634e-04 1.286005436219478945e-03 -9.347076607203646582e-05 4.343670256683155738e-04 -1.530782055845193983e-03 -1.341666073485736415e-03 -2.276067936283738093e-04 9.004921945427658185e-04 -3.306663937814357580e-04 5.922525959093521714e-04 9.927197855284948785e-04 1.692006730175755818e-03 -1.566461588679954071e-03 6.924527853073827923e-04 -1.607902292209069470e-03 -2.235805362411765417e-04 1.322009540956546559e-03 -6.787422302211070175e-05 2.125048235698104304e-03 1.594934976193610864e-03 -4.938665896991041408e-04 -1.166849836706900564e-03 2.980809228378753471e-03 -2.095977774377359281e-03 -1.434895394057073047e-03 2.441804237319614482e-04 -7.216940669469301423e-04 2.817441508772395670e-05 -1.924937283451400472e-04 -2.828613410620012172e-03 -6.201405358413919098e-04 -2.814666566931187715e-03 5.006983347399272333e-04 -1.936722864149642998e-03 1.701606578200061653e-03 -1.054565791370477542e-03 -2.597047315292889459e-04 1.437533349546087991e-03 9.445358872181559666e-04 6.577990840773387683e-04 4.923756531475273566e-04 1.313512911436284921e-03 -1.763740662463430435e-03 -3.594560369807595687e-04 1.140306169223943386e-05
-7.940597089545661791e-02 -3.256930494405818610e-02 5.648061907054153369e-03 -1.428600781562011646e-03 -1.945816272009541362e-03 6.224423321430755038e-03 -1.004126233253250546e-02 1.137199291179236084e-03 3.152222047921020981e-03 -5.207944752225526601e-03 5.802667253021196077e-03 -2.489053968746869367e-03 -2.274151467374025196e-03 6.287743512985823676e-04 -2.278278780086223382e-03 2.099153997058230119e-03 5.049724408456335604e-04 2.383264296254971031e-03 -3.872853125074508362e-03 -2.832276248204614738e-04 2.176961473423930527e-03 1.606125924402876425e-03 3.986856544972281272e-03 -1.065978549615965781e-03 -8.283730512677531504e-04 -2.812382673696815338e-03 -3.909265780367261679e-04 3.736092346952451463e-03 1.866201606169714308e-03 3.416970529423834710e-03 -2.868990867695456692e-04 1.828877709676053403e-03 1.054936442532307264e-03 1.123213488501349338e-04 9.786835914101705593e-04 9.759316126367701219e-05 -2.375185505855539891e-03 -3.050918505312871960e-03 -2.828385483784682120e-03 1.819841847403556824e-03 5.349783151048719638e-04 -6.177713824771760478e-04 2.480323444821993465e-03 3.985595573849538831e-04 -1.582040609975530424e-03 7.089080504177536950e-04 -6.679940684107148793e-05 6.903836010246571604e-04 1.627321331991522313e-03 -7.781386437855494428e-04 -1.843285905693780425e-05 -8.220129917003503144e-04 -1.321029598438593858e-04 -3.129416071464332597e-03 -5.325082867756264710e-04 1.020330319706381659e-03 4.492840078830064119e-04 -1.060614454135165108e-03 -6.416516956336774241e-04 -5.608754152190218844e-04 7.089068219763842342e-04 5.251013454503143359e-04 2.072843719924094726e-03 7.540411014268002263e-04 1.740945256493562536e-03 -7.503957471091583396e-04 1.623491878956441611e-03 1.331300369540294520e-03 1.709660230627543104e-03 -3.876405655347113142e-04 2.171506870529554822e-03 -1.314654671372250498e-03 -2.343572277369936031e-04 -7.325760775180518471e-04 -5.736148493791777374e-04 1.932219573134751458e-03 -1.374214567658709656e-03 -7.147442464116520822e-05 2.742727574918463022e-03 2.150790278533550905e-03 8.392028420683159476e-04 -9.727137296581016756e-04 -5.174901913908103255e-04 -3.530045559643863145e-04 6.656094659884034120e-04 1.566044145081051065e-03 2.081408164775105322e-03 -1.604679354251856063e-03 -4.852460557760772744e-04 -8.354813724251113722e-04 -4.764067735696774636e-04 2.507913211328035002e-03 -1.702551317041527644e-03 -2.297532968657397482e-03 1.181613848164215054e-03 -6.018700225301454017e-04 -8.251688279087858371e-04 2.203876060093799740e-03 1.426452351523665790e-03 1.949435034624902243e-04
-3.261126087926180528e-02 -3.587885983438921650e-02 -1.140644531644975992e-03 6.862212684942738290e-03 -8.872289593104383532e-03 1.317604948784348827e-02 -9.717986040479496346e-04 8.695421122459273677e-03 4.617850518308666552e-03 -9.053034678784200456e-03 5.333419354114101590e-03 7.219594168812537918e-04 9.708868424614179159e-04 2.080421642142927423e-04 -1.384370187964255273e-03 3.097057280954003834e-03 2.219611169677088592e-03 1.982575997678147003e-03 -4.695826221442187670e-03 2.275098301435127756e-04 5.217539979372364444e-04 1.763004817217449617e-04 1.401606764794114876e-03 1.123219132350489679e-03 1.132212005460767534e-03 -4.239465362138112453e-03 5.930882527893736053e-04 4.038961218858560381e-03 7.776133536406724337e-04 2.761130998309204061e-03 -2.950608408544399337e-04 1.645538328575713504e-03 1.482307989164165056e-03 -1.846551064299576175e-03 1.422261441698248041e-03 -3.046592137620601206e-04 -3.617736056193975990e-03 -2.795711842027998311e-03 -4.919766630789423195e-04 1.216836332462933271e-03 1.980063532132176653e-03 -2.077608460150337857e-03 2.202777080666616996e-03 1.362797401931175201e-03 -2.086047261985846373e-03 2.172164374887840255e-03 -2.185899503651707841e-03 -1.551783083925123842e-04 9.842697854902605816e-04 1.747233056218784348e-03 -4.248836222576897969e-04 4.203354387971699655e-04 -2.874383117994812483e-04 -1.156558963800334268e-03 9.145760753401441234e-04 8.554294642195566737e-04 1.489163061876581711e-03 -3.396756063353676596e-04 -7.604692973671459350e-04 -2.932531622681609773e-03 1.079480309016059552e-03 -3.531807706502971341e-04 1.284884583306503602e-03 3.052007079577446873e-03 1.059905745922849404e-03 5.073938123336872675e-04 2.412245563194838674e-04 -1.434799802156656477e-03 3.699519488890506492e-04 -6.970901175452821105e-05 1.687785489653330926e-03 -1.581022797627011168e-03 -1.724133439570647982e-03 1.780914031536943174e-03 2.624473537671653657e-05 5.028148651023586465e-04 1.939202278044559712e-03 1.370452148387273040e-03 -6.007304006825846081e-04 2.443546642686081761e-04 -2.324813599688938979e-04 1.832113829821119168e-03 -2.306832809295136094e-03 5.733064857892767414e-04 -1.248253018535776596e-03 -1.812836466564028909e-03 -4.460278502400304981e-04 1.388755789891768294e-03 -5.957499950192485455e-04 -5.950126759237339908e-04 1.083305556634819519e-03 -1.825968261760882580e-03 -6.612334542028596796e-04 4.072548589046463136e-03 -1.293930612924583910e-03 1.163197012508257380e-03 3.782517583621237164e-04 -7.095415896608751156e-05 -6.761582577917197743e-04 2.106603484097696686e-04
-1.055152072260663182e-01 3.723254382759821207e-02 4.182322808659669905e-02 1.881420362223193768e-02 -1.183516319547642769e-02 -6.932935478998029921e-05 6.626504012521110959e-03 -6.341336138756193536e-03 -4.206055287839320623e-04 -8.958361509916270855e-04 -2.155798660841016026e-04 8.677302018870714200e-05 2.463171660276219227e-03 -1.885823702599091116e-03 -4.432389937549491288e-03 -3.871428250162612414e-04 3.350800415561448233e-03 -1.803634070293735111e-04 7.243189349988231026e-04 -2.891276950615127763e-03 -5.139050159673983495e-04 -7.035892707575237305e-04 -1.101628434928282954e-03 7.786314847555746632e-04 -6.033736243381458914e-04 5.274478865178208568e-04 3.504772436933258528e-04 -2.768690655017791934e-04 -1.708872082307783587e-03 -6.177582695274193075e-04 5.992946892953308815e-04 1.629831928017965413e-03 7.198998907337037011e-05 3.190770865582800964e-04 -4.952290808880601639e-04 -8.089621262022527338e-04 5.097453282244719403e-04 -7.594072896356910025e-04 2.193050799473283356e-03 4.564126582564836704e-04 9.242501576033724598e-05 3.240937793267748956e-04 -1.008092890411047781e-05 1.021719513100474042e-05 -1.577189500227837342e-03 -6.662769790499976919e-04 -7.705976313976110968e-04 -1.310828505131880328e-03 1.894712590110204627e-03 -7.249351872629164473e-04 -8.405381468644986930e-05 -6.519420858638587477e-04 6.714744145856655234e-04 -7.196018111064141813e-04 -2.749612984792894604e-04 6.550197431553547299e-05 -1.093034778757713153e-03 -2.121762180760755449e-04 -3.112441378735218613e-04 1.341755152536373591e-04 7.646410435668666260e-04 2.193366801970436436e-04 -4.668727354095124869e-04 -8.465510211648597612e-04 4.382696259581703624e-04 -1.194772748609977155e-03 -9.565061548480244648e-04 9.630564824947045665e-04 -2.860695037702035734e-04 -2.536742424359215552e-04 -7.019641073780382269e-04 -2.831283181477163460e-04 1.021754973191387004e-03 -4.778907210160453375e-04 -1.102677398283242148e-03 9.419919770445574431e-04 -7.430109494790047538e-04 -3.348484398938137070e-04 5.944779838685500467e-04 3.077820000270920322e-04 -4.643765459160513107e-04 4.873113179288404099e-04 6.591502960213932189e-04 -3.519050586952724509e-04 -2.846898300492449116e-04 5.004564070623367805e-04 -3.774560660845931734e-04 -2.588341798667070817e-04 2.461008309954980725e-04 -3.352586699638832068e-04 -1.856886050671485808e-04 -6.942706518128543202e-04 5.331040931750657096e-04 2.408418177909290984e-04 2.936805574356609176e-05 7.167126246895211316e-04 1.766784259474859055e-04 -5.153171788204350756e-04 -5.928316339436967753e-05 -2.752271416599858921e-04
9.452915263744200713e-02 5.698717503422938598e-03 1.410196697074527980e-02 -1.809897234943011815e-02 8.216162637551052694e-03 -1.874759794010249364e-02 1.718004250257986962e-02 -1.416271774437460971e-03 2.012478943926367895e-03 -2.379935785818696695e-03 -3.474073917024813989e-03 -1.440059321924912160e-05 3.194135435998514926e-03 -6.470816248753328594e-03 -1.618896461865590897e-05 2.140351388312467656e-03 -9.359910586621371636e-04 5.297010709625614780e-03 2.001231989455779913e-03 2.001899969931786490e-03 7.542593235494867527e-04 1.197512702017978657e-03 1.020347714688886855e-03 3.300887227949265328e-04 2.730731386198378529e-03 -6.113124670476220712e-04 1.015015701670891127e-05 1.890017761050809958e-03 4.262328366401359030e-03 1.190182120328661447e-03 1.701118729059819187e-03 -1.795167072804638043e-03 -2.806058051974389365e-03 -1.010678463075478180e-04 -7.904045260848299725e-04 -2.322212843279599943e-03 6.212991037508626803e-04 -2.274925780633947419e-04 2.082407586892825937e-04 1.614256994736437646e-03 2.646677765619582113e-03 -8.105733108977606401e-04 5.062639154766231803e-04 -6.197602220104991930e-04 4.616637649630311391e-04 9.413731282920593905e-04 -1.152636202283421852e-03 1.052590550944443662e-03 -5.480260833326776326e-04 5.657178055941035561e-04 -8.103111539367400650e-04 -8.648957197217428889e-04 -7.024932013885660858e-04 2.138471658039947047e-03 1.921069272909702941e-04 -1.439578032383547835e-03 -1.372482678588127919e-03 1.190954946510299969e-03 -1.605210191527022033e-03 1.644118142144095128e-04 1.648494220738857229e-03 -1.366100534338729813e-03 -1.320870132008353714e-03 1.856566335556620337e-04 -2.922866930678099024e-04 -4.855005401969593589e-04 9.046632214387564323e-04 1.755322401294294368e-03 1.091614709462011926e-04 -9.676680725234767860e-05 -5.048829271878114543e-04 3.279459719910554107e-04 -5.728233943949537351e-04 -4.005254101817472696e-05 1.789923399203371002e-04 1.279995885778375966e-04 -1.128805902603253510e-03 2.399034208898433940e-05 -1.197949102935646571e-03 5.248901477239502301e-04 -5.575485976002746537e-04 -9.622122404926282489e-05 3.568713203145387606e-04 3.314187428230086063e-04 1.873356656412682143e-04 -9.514011120370566819e-05 7.273567872772602767e-04 8.419320528654972331e-04 3.374475182115111880e-04 2.141089195355036934e-04 2.317613257303599269e-04 -1.655034794594710990e-04 2.312559536039526224e-06 -9.359414502607903521e-05 7.898605702683816464e-04 -2.150312992971330250e-04 2.459750470237025881e-04 4.578031987563291653e-04 -3.187904968947419889e-04 -2.043483215905061805e-04
4.579465841627157474e-02 -1.683713397102958031e-02 2.974686093382985022e-02 -2.148827295549485955e-02 3.082012662307980020e-03 -2.392806276264919721e-02 1.618859003614475656e-02 2.913078569148719842e-03 -7.413365599098441748e-04 -1.588853359163219445e-03 -1.132105313610061101e-02 1.047684448861723946e-03 1.840865066970978148e-03 -5.752254549547354719e-03 -9.525391507279818218e-04 -4.994376782703016139e-04 -2.321812086979364170e-03 3.424568491259878276e-04 5.866168321636907809e-03 7.316970904214327226e-04 -7.786618954351401433e-04 6.122492994596326264e-07 -1.909808335003778442e-03 1.076741286581843092e-03 2.335252658206566842e-03 -1.517111428323538770e-03 -5.505820202208641352e-04 8.240646085942909599e-04 1.051544461448544916e-03 -2.514949948329696936e-04 -1.028365943694424306e-03 -4.597196540731588420e-03 -2.370898295574230591e-04 -8.847719388937479211e-04 -9.691847111070486754e-04 -1.195670512707058689e-03 -9.202664565318327246e-04 -2.669853947613954671e-04 -2.275388742542480778e-03 2.701689469688817093e-03 1.491122232562437514e-03 -2.663677398353575965e-03 -4.834771310084626564e-05 2.611203898401876205e-03 -8.337887426954677548e-04 -1.035240942040129486e-03 -1.999283463543128497e-03 1.608801779788715351e-03 -7.343880738011755553e-04 2.173637648364842249e-03 -4.258382511270736694e-04 3.111801997224837081e-04 -1.387309778843770058e-03 1.149407217048796330e-03 -5.906333503434572831e-04 2.120799696848668214e-03 3.385759502947985030e-04 -9.363363893202621873e-04 -8.550099477144291766e-05 8.576650218212742479e-04 1.717492252085101642e-03 -1.424855392684831745e-03 5.047656212162848028e-04 -4.825109409535131182e-05 4.206566880080444084e-04 -7.084730972498205466e-04 1.350656579084048500e-03 2.899954756466706276e-03 -8.769348448083737592e-04 -1.308400170061948609e-03 2.159161186553841809e-04 5.165082642404766628e-04 -1.364909022716450553e-03 -1.098343846376183004e-03 -1.055083824818548810e-03 -1.751076012931699830e-03 1.180218922065258587e-03 2.462657645638256223e-04 9.348681422517721509e-04 2.378370766292472061e-03 -6.801146169002613437e-04 -2.793780122647059657e-03 2.277745339920733778e-03 -3.342480930784402348e-04 7.973197074402796434e-04 -1.357092553459467122e-03 -5.348146961597679541e-04 -1.433903512793841938e-03 1.571594363208907337e-03 -1.621097763135040837e-04 -9.942973281380923251e-04 -3.954259986746951408e-03 7.316373056746466614e-04 9.395507429253594032e-04 3.760381831759049796e-03 -1.964348281054235749e-03 -5.232857199944474191e-05 1.397343233632234545e-03 -1.141233008127496467e-03 -7.549370329784887675e-04
-1.082051984382122883e-01 2.470195886514599953e-02 4.478800416797201756e-02 1.269315091511585142e-02 -8.337606255164111205e-03 1.945952589026787773e-03 -1.027263613878985019e-03 -3.424218591182419998e-03 1.179932323931657666e-04 5.903497937928474208e-04 -3.207158073527404101e-03 -2.738026200262847279e-03 3.641266392612434091e-03 1.053020895830283432e-03 -1.998244634363987270e-03 -2.537148972232416456e-03 5.101415899547144875e-03 2.648886758281771177e-03 5.228068528555010735e-04 -3.177671292842450777e-03 -1.435236867791633364e-03 1.845437882700757713e-04 -1.059489180755948884e-03 2.302324458189279176e-03 -1.535835006346860905e-03 2.057824335282591819e-03 1.052544826081505160e-03 1.017657807222761010e-03 -1.614328689304683154e-03 -5.210001431739083632e-04 -7.449781499807979447e-04 1.156397680362265638e-03 -1.974708313502055465e-04 -5.318364948573874301e-04 4.033063310729795552e-04 -8.882274321097513060e-04 -5.346732706167256922e-04 -6.106725103166932376e-04 7.698543427900794624e-04 6.230709148072136874e-04 8.246507163573769689e-04 -2.123953704531466083e-04 1.003180994264241468e-03 -5.991419272786901139e-04 -1.069992705398634765e-03 -1.649354408622335524e-04 -1.775794846008092818e-03 -5.846486606471694610e-04 1.768175433122290939e-03 2.382301911570479012e-04 -6.868246915506913278e-04 -9.536504116263757854e-04 6.075501852354917628e-04 -4.383729430022380606e-04 -3.871715369665950052e-04 -3.368504567060563574e-04 -1.170004793285467359e-03 -3.731912585764397047e-04 8.503340544713783701e-04 1.268936609134014193e-04 -3.500740289711457638e-04 -5.632744516609629513e-06 -5.699779170577776383e-04 -1.071074940017368400e-03 9.863229150389239523e-04 -4.777159713568685049e-04 -2.977213050695803062e-04 1.523190208968935530e-04 -1.044858523467374553e-03 2.536550309346560783e-04 -9.152102989895028210e-04 4.003078282811346799e-04 1.707907317912546376e-03 -2.873864335840922300e-04 -6.500566380422898851e-04 1.078050064574404736e-03 1.237368764390436502e-04 -1.307245464039268447e-03 4.746555846836859492e-04 6.491531665546288908e-04 -9.558861177677928887e-04 1.276354737366093475e-03 -2.977259316704410855e-04 -3.984688373285095011e-04 2.873529462373977856e-04 5.522689723739782845e-04 -6.395421018813369140e-04 -3.364212687827080554e-04 -3.207050296420502211e-04 -2.873073006303132246e-04 -3.975718008023077042e-04 -9.500606533168873995e-05 5.514931520054038288e-04 3.670375515344126123e-04 -1.374568661053059063e-05 -6.649245192311627368e-04 4.272764229336759078e-04 -7.339734109306512294e-04 1.327748048796249987e-04 1.423902700335783400e-03
-1.027788580154569559e-01 -3.070343826167100561e-03 4.584651724601059714e-02 -1.866275927640641307e-03 -2.033775292860522978e-03 -3.642777363115272914e-03 -7.357485203040038321e-03 -3.033508902108073436e-03 2.172396701915736521e-03 2.152695374690442344e-03 -7.727161263444112631e-03 -6.172350658227666008e-03 3.628382916833346964e-03 2.388412216525683147e-03 -1.222453677979997095e-03 -3.012015796624900859e-03 4.398945364865656377e-03 2.526271032564399166e-03 8.386819399333923244e-05 1.125982267496368570e-03 -1.631596129024893115e-03 1.270242221547857086e-03 -1.230457656359401413e-03 2.114811075518712347e-04 -1.382291623232041831e-03 1.805758653413541779e-03 2.026302532157646299e-03 9.792629749250409289e-04 2.671424942295705157e-04 4.352563540123929897e-04 -2.053683929642765324e-04 -1.035724914245580953e-03 -2.268359802752631090e-04 -9.562276786244434555e-04 1.103761987455146058e-03 1.493263637590410689e-03 -1.239860783014589546e-03 1.216458875363521808e-03 4.248585108954320563e-05 -1.032658499654493878e-03 4.594885535899970066e-04 -1.970882527671704697e-04 6.025902959560437049e-04 -3.866653744368454739e-04 1.888162940391338238e-04 1.628636949688519594e-03 -2.045213160379390259e-05 1.557338860761230430e-03 -1.032865307458356733e-03 4.683977087983787766e-04 2.684675729659074020e-04 8.215088192971535129e-05 -1.291595855119693787e-03 4.646337700642119901e-04 -7.814884534643374734e-04 -8.150571889093724109e-04 1.315904996021802264e-03 -3.512211937819033694e-04 1.295238944379006841e-03 4.867599021362674014e-04 -4.374753068977767180e-04 5.597021397356090317e-05 -8.877709929855627730e-04 -1.009150531241715873e-03 1.039198048957559219e-03 9.260595882685480418e-04 5.192684832350189785e-04 -7.450668006315211075e-04 -1.239934644848164440e-04 1.555150628057140518e-03 2.767920662226821659e-04 1.411457056568993706e-03 -7.564643713350390115e-05 -1.327685221166711462e-04 1.278755642974418625e-03 -6.630372452632335521e-04 7.635524972584345395e-04 -5.249095506690353800e-04 -4.768483200317103735e-04 5.820645088976777440e-05 1.244540926237633664e-04 1.068267643512137155e-03 -1.527789339273243497e-03 7.863184282934672495e-04 -3.115241624077169755e-04 3.338973721244132523e-04 -4.181612013435041623e-04 7.600740372149761780e-05 -5.233941847147420339e-05 -6.871704038130491566e-04 -1.768987192743497834e-04 -3.982521291678682769e-05 3.725582265974998171e-04 -5.332722180999606171e-04 8.372517458138292170e-05 5.888809359777186968e-05 -5.279432587558892029e-05 3.577624968159352011e-05 4.551889297555033066e-04 2.632186778674280555e-04
-8.749551291616419757e-02 2.625285867781314980e-02 2.525830883891539910e-02 6.079525452664968563e-03 3.030015922162532151e-03 7.540177196181013612e-03 2.500701920101754475e-03 1.538743354643305359e-03 -1.602566018128859671e-03 -4.127907793242612216e-04 3.875144870936971051e-03 -1.842519912743354783e-04 -1.065986988215720946e-03 -4.009327455013574808e-04 3.339772562643352448e-03 2.082100417077463201e-03 -3.787852919591896527e-03 -3.790887566718440784e-04 -1.305219372316455484e-03 2.588307133147003600e-03 2.340400603900596489e-03 1.507714182086927193e-03 -1.131771515838716092e-03 -2.163027824714139086e-03 -6.977648714301046403e-04 2.537490940908957728e-04 2.823376397238601225e-03 3.383057612123188803e-04 6.700219630317754468e-04 -1.085924538828176428e-06 -1.248552794330267356e-03 -2.108581323867510498e-03 1.313083217620025344e-03 -3.413260087116916646e-04 -1.251624406602561308e-03 1.267713926435534634e-04 -1.447139898254966783e-03 1.731563915244876831e-04 -9.888259470573349322e-04 -1.160104853000151759e-03 -6.927347965095624876e-04 -4.940478249669740278e-04 -6.026098121993186951e-04 1.584419630591771884e-04 1.048017726046277616e-03 6.661760384842278348e-04 -6.320681142510866258e-04 8.035817867916032666e-04 -7.154769116490648784e-04 9.711760074515517725e-04 -9.075185191131769852e-04 -1.790559908024372122e-05 -3.189051642345329797e-05 9.197905726702087538e-04 -1.076494628602000419e-03 -5.684821119419030495e-04 -3.615251765625665612e-04 6.241250455238471349e-06 3.952212925125533666e-04 -9.967930468776134943e-04 -1.370883579140845130e-03 3.374872616040173415e-04 1.239678727954076059e-03 3.351464777470780426e-04 -7.211473942131418381e-04 -2.894782197264523876e-04 4.089182268133164234e-04 -1.180632122899378860e-03 -2.106140078775713164e-04 -6.086546929804561440e-04 -7.449634266587615598e-04 -6.185575958941964478e-04 2.145144742369966369e-04 2.302372849478309539e-04 -3.327182910805695547e-04 -2.123154374490114789e-04 -4.229470399359312586e-04 -7.247649137741122866e-05 3.128869713374059203e-04 5.872992125390563440e-04 -1.126453613634100046e-03 7.312723648198980742e-04 1.135090044341604230e-03 4.356426047708379288e-04 8.099651991699753813e-04 9.205176094646282700e-05 9.762110731280534666e-04 -8.619276056921008206e-04 6.954600273005630273e-04 2.645272303148047543e-05 3.453083539688604699e-04 -1.264904173032498612e-04 -2.061907598039168618e-04 1.596973124634286790e-04 -5.341005414136564466e-05 -6.672760943263907865e-05 4.986086103266228935e-04 -6.495093189536003931e-05 -5.766922739195339334e-04 5.708746869667103742e-04
-1.060404678255230937e-01 3.613410615225401412e-02 5.383689933123701754e-02 2.049188668002893676e-02 -7.957824028662196375e-03 1.699745024258976457e-03 3.812027400824225784e-05 -6.579968723514519405e-03 -1.576574069923483744e-03 5.134147603889285946e-04 -2.449550869183191124e-03 -1.442767174128619257e-03 -5.207423079012504308e-04 -1.737979692366291642e-04 -1.415091374667733952e-03 -2.396013465752732611e-03 4.983823555656632757e-03 2.370673012974605122e-03 1.951747955763082163e-03 -4.204060277665047987e-03 -3.988524825402279747e-03 -1.847635703129262529e-03 -7.456733203086890515e-04 2.039433091149247656e-03 -1.338008695495875641e-03 1.513207104143697709e-03 -3.354345247404868081e-05 -9.234852831421940834e-04 8.409574650850402825e-04 -5.376907938362165528e-04 6.177385898217089980e-04 3.587443698060814503e-03 -2.943181796162158996e-04 4.175295761407546045e-04 1.175897194570599833e-03 -5.689201118321222245e-04 -7.262065653745436965e-04 -9.868310517691537137e-04 3.235315882713045020e-04 2.764639221684866925e-05 3.478284485116856406e-04 -2.383921147300257224e-04 2.361400133367675346e-04 -1.765152103841527908e-03 -2.577732187311230442e-04 2.616265591212966709e-04 -1.873282447344447495e-03 7.234387316283827905e-05 1.790760420354591377e-03 -4.600155304717787872e-04 -1.136310077290755578e-03 -3.290969320119064754e-04 1.766611180119732893e-03 -1.163499860747010256e-03 -4.915911076170680245e-04 3.069116830891439407e-04 -2.685564696646863120e-03 6.169524154294759059e-04 5.430871371980476679e-04 1.398420781585868336e-03 6.634828841567732552e-04 3.759459805603581906e-05 -5.252096787957011856e-04 -7.451053809448025334e-04 3.801947707446953740e-04 -1.593014178657000020e-03 -1.952416601265359554e-03 1.088154683707407561e-03 -1.238605580356698751e-05 -1.566240912689855543e-03 -4.337199255532035768e-04 -1.417411122172575156e-03 -2.617815442016912446e-04 1.096077667978822417e-03 -9.969068175896141602e-04 8.542631365296125562e-04 1.614855444072592122e-04 1.026896112519817264e-03 -5.020935400897976516e-04 1.018526475111295425e-03 1.206491902628264307e-03 9.364913041231188757e-05 2.359753262907021427e-04 -5.259900614486539422e-04 6.822299867947396882e-04 -8.878067047188813307e-04 5.933564777018251069e-04 1.061889464046866007e-04 7.146848907926287237e-04 -8.023013165686372454e-04 -2.112913429737897728e-03 -5.167394011968438677e-04 1.888647543217367327e-04 1.995163839869045722e-03 -7.906541464357466761e-04 -1.228958768393109604e-03 8.161431720752758716e-05 -6.565625055730886495e-05 -3.435733501205879160e-04 7.359484356829619793e-04
-9.584546756102203802e-02 4.233175681660951428e-02 4.943467870775006268e-02 2.374836602577859446e-02 -7.687419815796982074e-03 6.294068846811550454e-03 4.616009220831170969e-03 -5.593872349566828342e-03 -1.698836503726660436e-03 -1.637298259904087757e-03 -2.981959292745222550e-04 1.879002738121070618e-03 -5.598892619919311475e-03 -2.859699652095008468e-03 1.249393898908026691e-03 7.438684636126652804e-05 6.664649070310823707e-04 7.526763284975813246e-04 2.702568040286577270e-03 -2.983408100888865298e-03 -3.893780050353903670e-03 -2.978747032229006695e-03 5.016496156701394978e-04 -2.822574465195996202e-04 -5.284318981730260758e-04 -1.041045461926456712e-03 -1.912120625630239898e-03 -1.581389565521658684e-03 2.861588684155238083e-03 4.121638496553201990e-05 1.692524317872259919e-03 2.905774249450250243e-03 -1.222350499501192881e-03 7.269596580947584874e-04 1.822177042468262108e-03 7.173514832967822297e-04 -4.544990754744335877e-04 -3.483681615297403713e-04 -1.117928109886056221e-03 -3.731416974810409246e-04 8.161674826809181505e-04 -2.546877758868180876e-04 -1.226009045457640383e-03 -1.250189485360961728e-04 1.752776224321363728e-04 3.588453603972467112e-04 3.122848707535621571e-04 6.013900646403898698e-04 -3.928031273933111234e-04 2.606184388082043494e-04 -2.561601812976538784e-04 8.146934199940947469e-04 2.995876193681361278e-04 8.724204949195421424e-04 4.328871769381371199e-04 8.410493688043880339e-04 4.550298788524771449e-04 6.777726124574941051e-04 -7.887707344872257854e-05 5.135790348000288628e-04 -3.516543212269297313e-04 2.382307233734372418e-04 9.450170711899881851e-04 7.899171590535888823e-04 -8.080091244999535816e-04 1.173135380402427286e-03 1.231603911215113515e-03 -3.363401656740833611e-04 7.625666006102346187e-04 2.557392805176558152e-04 2.906468448352652581e-04 -6.872149143804749932e-04 -1.324187844516127276e-03 7.582923725238563091e-04 6.161279221571551662e-04 -1.196871110482686977e-03 5.285007504633740054e-05 6.369530173019976151e-04 -8.881391208008465685e-04 -1.545107199089793687e-03 1.544398174904993044e-03 -1.533121856854236789e-03 -6.458651915401771623e-05 1.812992450053191199e-04 -6.769912163407653945e-05 1.861696919932744488e-04 -1.707404531078048114e-04 3.227044166663634050e-04 -5.376491626026019171e-05 4.874881968804864609e-05 8.791359153887295160e-04 1.096684582330039446e-04 -3.037895525945153948e-04 -5.286258865234744371e-04 3.549684431218163064e-04 1.577055135694801374e-04 -5.030120098619291456e-04 1.227043235293455870e-03 3.612444319364995740e-04 -8.672204375074221445e-04
-9.588034840732408137e-02 4.566165335772491563e-02 4.356625822590551311e-02 2.216982657204275703e-02 -5.114409327817957991e-03 6.556902237612125157e-03 5.203643537789762359e-03 -5.229546882124003898e-03 -2.717027038675532292e-03 -1.748313008114590200e-03 1.320113173562045090e-03 2.301687918765249388e-03 -7.867082970730823049e-03 -2.919245633013203920e-03 1.289649577166369085e-03 6.958356096293652265e-04 -1.159819729758664172e-03 1.287855799034573880e-04 2.233022906891077297e-03 -8.802851445580527762e-04 -2.607177560059673570e-03 -2.433766227178598817e-03 6.360498247757349812e-04 -1.381855593642873983e-03 -5.660021967040677676e-04 -9.441449328749545360e-04 -2.016318024960530621e-03 -1.953985241336743655e-03 3.060702615200734319e-03 -9.586137458903964091e-04 1.225063639677090354e-03 1.764796624266747570e-03 -7.840964095741339082e-04 8.544952665836691311e-04 5.782265541916326241e-04 1.137913591505036303e-03 1.148371370550682478e-04 -1.395489301603241162e-04 -1.678737609644193659e-03 -4.110736311837197916e-04 1.145917012513078233e-03 -6.222213591125697095e-04 -8.688380941180227609e-04 4.972122557552452791e-05 -3.075423945911913231e-04 5.574163318083140374e-04 7.348329547212481723e-04 6.993765277356542558e-04 -1.451567623059794475e-03 6.203709236965288497e-04 1.437847820187902639e-04 9.810328675365163204e-04 1.945743513246061098e-04 1.978687903874337163e-03 -1.361678256710993110e-05 4.145026314073990996e-04 1.036788250620067310e-03 6.144745736363431236e-04 1.014045522753652986e-04 2.306689334232545508e-04 -5.554071240811346392e-04 7.905448952518398837e-06 9.095844904124578871e-04 8.861309180885784155e-04 -6.856396811773093685e-04 1.054892532147077037e-03 2.132793499828589123e-03 -3.862791200459989721e-04 3.169631757476218262e-04 2.776983293854485936e-05 1.427714834958007098e-03 8.221988702195023651e-04 -1.420384078528783966e-03 -6.678155210079296045e-04 1.134350143653928712e-03 -1.131977682422480661e-03 1.100771634874681860e-03 -4.171934138438976292e-04 -5.673091240668694073e-04 -1.271757656765077965e-03 3.791561598839219248e-04 -6.518972148167219427e-04 -8.444838394600309326e-04 4.026831710065264104e-04 7.439438971159101528e-04 -4.135328861902114205e-04 -2.910101429132572583e-04 7.740476170794057323e-04 -6.371948117553525236e-05 1.694378658095185733e-04 1.371733134177990476e-04 9.797943772194271130e-04 -3.666925326116933070e-05 -8.612846799531129953e-05 9.736606040213762630e-05 -1.646947704776277491e-04 -5.613837409247140944e-04 5.010611499442025815e-04 7.449245177030235695e-04 -4.904918187578359611e-05
-9.521001807773031567e-02 3.377134655616922942e-02 2.790387065203660255e-02 1.397242559333600025e-02 -5.251411538383834142e-03 6.727501627202844663e-03 6.042723859646581194e-03 -1.404858110836839421e-03 -2.181661417247419878e-03 -7.794335986291335170e-04 1.852937098731299208e-03 1.831310885945947303e-03 -4.359272088496330896e-03 -3.254655095434575134e-03 1.005046679061499196e-03 1.826147269214184986e-03 -3.492071320708252727e-03 -6.073827349157293531e-04 2.609467407550751365e-04 6.154173612442181800e-04 1.085115224491207953e-03 -1.039020588366618321e-03 -1.466403323759104236e-04 -2.836186190401315029e-03 -5.416966059052947266e-04 -4.789744255420497437e-04 2.391961024890616489e-04 -9.211092781983491566e-04 1.759806920711011816e-03 -1.738596973610275322e-03 -1.175368386216195431e-04 -1.345707664407275314e-03 5.269379759377507523e-04 6.781411447303254325e-04 -9.880037322593717298e-04 3.924025226419206556e-04 -1.062066797068729343e-03 8.808314180074634651e-05 -1.010498685810941322e-03 -1.891136392937767686e-03 3.155595557071209771e-04 -2.332964133517285749e-04 -8.272990837728106100e-04 5.402350344059444771e-04 -3.452154481661211380e-04 1.135910316899115197e-03 -1.568766464845146238e-04 1.233734612024086144e-03 -2.064453413870659913e-03 8.979055954360001509e-04 -6.844826092915474829e-04 8.504404075761853084e-04 -1.006997783190848039e-03 1.686415606359465379e-03 -2.555340865845883184e-04 -7.788637811400467162e-04 1.099769093499349112e-03 1.786847524362784575e-04 3.274035782421507584e-04 -1.518171531766530566e-03 -3.649601780415778480e-04 1.968893200364654056e-04 1.330503323594460496e-03 2.977315437922241131e-04 1.001957356747485654e-03 -4.305955107942265026e-04 7.202618992010591335e-04 -1.009531789457695106e-03 -5.372887579509109338e-04 -4.318901654851665722e-04 1.649988333669038002e-04 1.859845921496998226e-03 2.093944173909184398e-04 -1.150020286489193992e-03 5.895030873709745066e-04 2.244878310731361387e-04 -1.336834634927005193e-04 -6.115931771383674616e-04 1.691349663153276790e-04 3.892766241602539493e-04 -2.270007274310827192e-03 1.665694820724525349e-03 1.574913609363172656e-05 -8.167761321657597150e-05 1.197397354548992597e-03 -3.949924530001812460e-04 2.629239685074520019e-04 -9.095524009396055399e-05 -3.934847571146980592e-05 4.372798725447540045e-04 -1.594910137092478430e-04 1.289998567172962992e-03 -3.283030838896857973e-05 4.807485434301822275e-04 4.756380903030098771e-04 -9.073078000052139762e-04 2.500949930503801213e-04 -7.151287885342515541e-04 1.659414287163830481e-04 2.546792592398513795e-04
-9.800044227348553294e-02 3.715707481684072527e-02 2.920696776920355536e-02 1.027781885123262538e-02 -5.134789422539834565e-03 5.163193876131339302e-03 1.861072167378191675e-03 3.958778770770478620e-04 -1.727169470034904415e-03 2.070310409807677061e-03 -1.189014295847461069e-03 2.009665169549490656e-03 -2.487369797940230508e-03 1.447866265562365411e-03 7.712351160292556240e-03 1.696596129332651065e-04 1.060016854743579703e-04 1.906649257889273799e-03 1.602822902960784435e-04 -3.046003922576582981e-04 -2.126766335857247382e-03 -1.855805864349683058e-03 3.306441960074522267e-05 3.060586667406401534e-03 -5.739872650474384021e-04 -9.397020423146897799e-04 -2.970545244241930716e-03 2.978392753528191078e-03 -1.378945739087686796e-03 2.240411135443149630e-03 -1.016857000419488146e-03 -3.330808889151967538e-03 -8.923069144126215138e-04 -2.250939008315772528e-03 1.261640861525338119e-03 -1.068650007029881786e-04 9.104951342034442452e-04 -5.569031421549952988e-05 -4.707015741670775083e-04 8.953497864540195658e-04 -1.820199505346759331e-04 8.295922450186632175e-04 1.053395515683692085e-03 1.434483559831544906e-03 1.054191874257237246e-03 1.704210887857244866e-04 8.513601746271079202e-04 -2.213463024279864130e-04 6.310092958581414279e-05 -1.153339775669565657e-03 1.024729612631069620e-03 -1.144981887279404673e-03 -1.352089258943718576e-03 -1.890051501376494589e-03 7.055121618813232779e-04 4.933835966464091612e-04 1.671116265041242910e-03 -2.023780633947187477e-04 -1.288274048712437410e-04 1.675333251975844474e-04 3.237624197619933474e-04 -4.985458185863478808e-04 -9.011545657836060944e-04 -1.343292988213402655e-03 -5.519500998671064999e-04 6.365007592200884034e-04 -1.627296332381073267e-03 1.101717801760751373e-04 8.370683561233588322e-04 1.481411948627321847e-03 -1.608642617714086667e-03 -1.943246737731441618e-04 1.798302492252714171e-03 5.944243268854132413e-04 -4.616646128309108855e-04 8.437147154734211702e-05 -8.407445722674283632e-04 -5.451591933188924995e-04 7.595889311601584796e-04 1.132459788120904415e-03 -3.059892613373044450e-04 5.618637566376661610e-04 8.783038631518249543e-04 1.126286979809103939e-04 -9.231094461225140130e-04 6.664878496339212734e-04 4.764002746492036408e-04 -5.402475526432984126e-04 4.442002513116539644e-05 -4.577608070374712288e-04 2.020793356701228020e-04 -8.299653547903256988e-04 -8.704193172509025120e-04 -3.534793313700760405e-04 4.579268262834902984e-04 3.099441026984223429e-04 6.271994392474872834e-04 -5.653523302304388912e-04 -9.409118544995631259e-04 8.478800700436354629e-04
-6.394042994080287312e-02 1.979345875939457836e-02 -3.294121459985480810e-02 -7.585223880776284901e-04 4.260604019331548815e-03 -1.041893944924179275e-04 5.160441052663325076e-03 -7.313933312402340001e-03 -5.179816641366802830e-03 -3.807667482142629029e-03 -7.220514726426653131e-03 -2.914586348106979266e-03 2.251060140076719795e-03 4.858321393561520693e-03 -1.395482688552093786e-03 4.815951059114914498e-05 -1.860122050173115740e-03 -2.135127295644804763e-03 -1.550380688601043881e-03 -2.004490394492323187e-03 -1.945351876470155462e-03 -1.479926636026846539e-03 2.182854426377500278e-03 -2.323763813586795981e-03 2.130447240604091061e-03 -6.036941609923961692e-04 2.052610120111814768e-04 5.135723107207489438e-04 -4.193113780531515121e-04 -1.254190529416399037e-03 -1.663381730375855299e-03 1.587707447819131871e-03 -2.141068492256648949e-03 -2.022999800264459452e-03 -2.293159666782745680e-03 1.288282288929429396e-03 -1.519144284730315981e-03 -1.736107370408903553e-04 -3.078154170747405410e-04 -1.206461155159496831e-03 1.315803428598905870e-03 -3.929578307112442442e-04 5.466340191375408880e-04 -2.812668254935234862e-04 1.834216877029202358e-03 -1.015299620012418899e-03 3.626359427553592796e-04 5.311926543583453874e-04 2.653950210791087574e-04 -1.541522404117529402e-03 8.783048994927630413e-05 -1.756636881401679295e-03 2.947148916422573332e-05 -2.283232346037157698e-04 -1.600508320993864570e-03 5.421181038886542600e-04 2.481631207469130402e-04 1.823235245228760565e-03 1.508567633910499388e-04 -3.742992827710306869e-04 -5.494052042935411656e-04 -2.049909526734214067e-04 -3.035621376259827722e-04 1.725004852761388176e-04 -2.784878292880879668e-04 6.992037132229313916e-05 -5.176151498460342592e-04 -1.084324084522200662e-04 -1.933677462520633304e-03 -7.902195127860263055e-04 -2.650306590585812844e-04 -4.181472631722521179e-04 -9.593693033417279937e-04 -1.502924639917278826e-04 1.263455840465951092e-03 -2.868367401085946387e-04 2.992757020869671737e-04 -9.794226024388214599e-04 -2.473275605508289381e-04 5.465871891427178351e-04 -1.018786703352373129e-03 -1.340837881710254514e-05 -4.483793675411900802e-05 -5.566061534377701563e-04 -1.044358223479482971e-03 -5.247360655630500369e-05 -8.364660681050475454e-04 -9.537551614306379868e-04 -3.779329145206581216e-05 -5.979025621412569196e-04 -2.097513898126722042e-04 -6.326048701092398027e-04 4.690895766621359648e-04 6.305796113606495319e-04 -2.984499316791189467e-04 3.863534879175395474e-05 5.643821150381070698e-04 -6.759010883793658024e-04 -1.001064203565924611e-03 -1.500042624427234137e-03
4.124187028888374323e-02 -9.011040690729365740e-03 -2.497348785685808356e-02 1.755964439338881036e-02 -1.189200615846453674e-02 -4.013984830763509155e-03 4.518407875720461750e-03 1.621104630091005708e-02 -2.609789097452189710e-04 -2.891760720558903940e-03 -4.835175580635139511e-03 2.723624037094955156e-03 2.227079923836530577e-03 -1.315429010142190160e-03 1.461111133528749870e-03 1.830824969777659645e-03 -2.632190120628475922e-03 2.119016455168393469e-03 -6.918471359221786687e-04 -3.734330190271147477e-03 -4.214799660301682882e-04 1.095963326777264248e-03 -1.239164830679691113e-03 -1.053785742191299340e-04 1.805850689419523326e-03 -3.580981599501110221e-03 3.634547991447105962e-03 1.226191506787240818e-03 -1.863215948733204508e-03 -1.580176712834061720e-03 -1.047605897865313196e-03 1.420946625378716774e-04 1.072329521142991295e-03 1.484260184929286344e-03 -4.152840925002042501e-04 1.904003961014472677e-03 7.246267057995157534e-04 -6.998545022617077812e-04 2.570899741357229266e-03 5.612682010062712730e-04 7.720363698666829954e-04 -4.030549974073388379e-03 -1.883149989778050079e-03 -4.027119174922258980e-03 1.610040292059178356e-03 2.267386005749678652e-03 1.738601582159862843e-03 1.713692131615514661e-03 1.513621747089716467e-04 6.488117267637174635e-04 2.354953820104675050e-03 7.085488040748475370e-04 -1.623221296222951762e-03 3.243227841516829312e-03 6.612084709958992263e-04 -1.710700430487844701e-03 -1.632155647372622023e-03 -1.760886943633824860e-03 -7.437665823348307273e-04 -2.653664709504880326e-04 -8.085080612951013644e-04 2.432428352993778564e-04 -1.199516583154532773e-03 -1.528168653814275394e-03 -6.118700992570893452e-04 -3.985633831194440460e-04 -8.074723897132857816e-04 3.590943073150704872e-04 -5.841336835548816692e-04 1.443411984589093111e-03 1.596642391840516744e-03 -1.118707239393996198e-03 2.970044148543898345e-03 -1.636453390330213796e-04 1.688680557043343872e-03 3.084944853145893151e-05 1.033479888116156263e-03 -6.865385112623060291e-04 -7.046262216522880756e-04 1.237976758138994299e-03 2.049047301393345198e-04 -1.050702410422653258e-03 1.501270683194938418e-03 1.806116559054460466e-03 -1.711710142094818084e-04 7.274033809935565292e-04 7.073101347444178287e-04 1.911800840448330246e-03 1.109160007859044672e-03 -4.399170767324198962e-03 -8.637391537529923039e-04 8.604576354407864882e-04 1.934971647507229648e-03 5.347995260995399907e-04 -1.293227350532660932e-03 -2.059709406643651323e-03 -2.697880841469335340e-03 -8.647524635520849453e-04 1.432894574052219483e-03 3.343612406053135706e-03
8.708023853925687952e-02 -2.381552218651904890e-02 -1.185369533414599302e-02 2.327009194272496029e-02 -1.657639081567760173e-02 1.346786805689434083e-02 5.200189376748769361e-03 1.630295620830311126e-02 6.816244243451743089e-03 -2.915485635343465550e-03 7.545021855471494704e-03 -5.108761471224570723e-04 -9.088152284399406752e-04 5.919769442188562748e-03 1.205256737699932643e-03 6.373719355248244579e-04 4.524773854333123506e-03 -1.646567710791293051e-03 4.853046654323885946e-04 1.560334917175872169e-03 -7.749793855468914720e-04 -3.844106469035227886e-04 5.127977600890152232e-04 -7.402779221193702417e-04 3.166652285915508552e-03 2.007771792125259962e-04 2.774036893010980824e-03 6.350015114163711991e-03 1.335884077938762939e-03 -9.525460669844998396e-04 4.259935962299641297e-03 2.122848129660843356e-03 -2.570155663933429034e-04 1.800982181407029660e-04 -1.065390724696923174e-03 -1.047311701300688951e-03 -2.761089463864462891e-03 3.690251926930862656e-03 1.559676178173863975e-03 -5.218716642466333152e-04 3.310159891291706473e-04 1.966857581100686040e-03 5.061227388306615985e-04 2.096597990314725581e-03 -9.437717726946862713e-04 2.681377347208247050e-04 4.108030066283804213e-06 -4.053360911304782822e-04 1.134402031441248326e-03 1.631438047760261486e-03 6.109813968998284569e-04 2.345021529597638831e-03 7.541213744065061904e-04 4.099829758534937266e-03 1.289757584624156260e-03 1.716908105078751969e-03 -1.437224956630199502e-03 4.317988815785284411e-04 2.166750390124502854e-03 1.699875480366063330e-03 -5.753072914976554942e-04 -2.378791679331841540e-04 -2.109179757338895732e-04 2.375589385803365708e-05 -2.886786826537000861e-03 -2.144262153889397397e-03 -1.256886970071735424e-03 -8.149082781466961438e-04 -7.611489013037486600e-04 2.394181337085324497e-03 1.522433894735188186e-03 3.196454196374531702e-04 -5.935790142907467577e-04 1.307430640251336157e-03 -2.279006808431443404e-03 1.889312749804095744e-04 3.471338356431119565e-04 -1.095454266681257201e-03 -7.298541715176097620e-05 9.233833527147552490e-04 -2.763818502344971961e-04 -1.041824731311748143e-03 -8.692748916323095017e-04 4.243783829300950714e-04 4.190344502053290035e-04 3.242062489864649152e-04 -3.738256278974148275e-04 9.815834480324497468e-05 -2.171962242734591913e-04 2.517460457857094913e-04 3.260916472790748272e-04 5.808461039700265867e-04 -8.687287552453363572e-04 3.655493337994829609e-04 -4.142111326247193618e-04 -7.715510268376331218e-04 5.612818128128556046e-04 -3.769186071129862524e-04 9.025113887161338722e-04 4.344632781242938361e-04
4.451434757950976928e-02 -1.751216957939859611e-02 1.516077472054917080e-02 -1.947178605274076449e-02 -1.235269677843583340e-03 -1.591995994568314032e-02 1.178988219421088501e-02 1.180626329292969179e-02 1.454117083277227124e-03 -6.951151679188601875e-04 -8.869143684036521341e-03 4.704862963842463934e-03 4.991182413526121589e-04 -2.131283549613443174e-03 6.586810545202873100e-04 1.811009219009964983e-04 -3.119458799997196826e-03 -1.720608712946165419e-03 5.695533559679930025e-03 -3.469178727290920042e-03 3.597029390275330242e-04 -3.456252552986608263e-03 -1.642237182841020703e-03 -7.864034847445455821e-04 -1.900166419988258914e-04 -5.434659541277615281e-04 -3.723161132196727095e-04 -7.245527053872932244e-04 6.107744419600720726e-04 -2.012938248900797682e-03 -2.249267018865361203e-03 -1.835849969195367266e-03 1.161117938336187101e-03 1.683803672848470780e-04 -2.698082704481243824e-03 -5.855953465940005225e-04 -1.262209011457090082e-03 -1.445337536981324954e-03 -3.124094843783994935e-03 3.238406749164902086e-03 -8.662145134466103400e-04 -1.506107917125076206e-03 2.606084501348232725e-03 1.773333838393742435e-03 -8.103434775736849610e-04 -1.344441236237012846e-04 -4.606711248163886780e-04 -8.084411462441550445e-04 -1.818049341165067084e-03 -5.804911584032274204e-04 -5.777143274730138804e-04 -1.370768543902026355e-03 1.386809346704362183e-03 -2.761870795727631826e-03 9.044506951440094145e-05 1.584020670506529858e-03 -9.583841539319935127e-04 5.831367019497844806e-04 -1.693321205702212173e-04 -3.071042883330493234e-04 -2.007268738001870972e-03 -4.740197677848965763e-05 -3.986107596889474578e-05 1.501470842091401359e-03 3.822553355895133369e-04 2.965108653283097585e-04 1.789921222837028651e-03 -1.229964719578842316e-03 -1.698090732100565473e-03 4.598725936627524359e-03 -1.109585429044280961e-03 -1.992985821666458466e-03 1.359283548029568533e-03 5.177641130026123520e-04 -5.273162366501871895e-04 1.561966497696394215e-03 -2.477112813903089628e-04 8.714060398505348980e-04 7.213447832848065471e-04 -7.261842534674708060e-04 -3.757898165406843680e-04 -9.016533363412312420e-05 -1.961320479549453436e-03 -2.067844059800242988e-03 3.336718560305329279e-04 -2.218181368791678678e-04 6.259874448153616500e-05 -1.316694682188914280e-03 -6.085208113477858936e-05 1.022452264667352570e-03 -1.263328440931479456e-03 8.072094620653248341e-04 1.024574849883691085e-03 4.612960675063755805e-04 -4.254552832216534035e-05 1.144445308139668089e-03 -1.201479080676683521e-03 -6.469368186483989355e-04 1.080116647342798476e-04 -3.625524784738201156e-04
6.959475679386999125e-02 4.459942512330256070e-03 -1.634328395331845901e-02 1.644139927228719170e-02 -1.446295378645849703e-03 -1.229717371653632149e-04 1.545556710296105583e-03 2.113056527435241624e-02 -5.331691081858755182e-04 -2.572680445108953100e-03 -3.990028933444027433e-03 3.327021843217764594e-03 2.466967287731058195e-03 -1.790564897217521384e-04 1.323301536310128286e-03 2.723095799411409060e-03 -2.603834520282847370e-03 2.175356887534160132e-03 -2.679040328756381538e-04 -2.854428527888775661e-03 1.521101892305338902e-04 1.756393431215518453e-04 -1.212117934398475880e-03 -9.308660133830906711e-04 9.508851875448488464e-04 -3.045492391741724033e-03 2.492551213362304355e-03 1.201677037591529886e-03 -1.996270378919478335e-03 -2.126122349754818515e-04 1.302354742292254172e-04 2.054847578394849213e-03 1.002417157580139185e-05 2.132280828680423179e-03 -7.145019723902093500e-04 2.185474134197798457e-03 6.089619200438442645e-04 -4.826661984267418648e-04 2.220227472152927397e-03 4.765735962114174139e-04 -1.366231211955388223e-03 -3.183376419771085427e-03 -2.242930593770740659e-03 -4.903353224862255604e-03 1.581694019952217421e-03 3.113711871830938515e-03 1.843162650589934759e-03 -6.349868485979832597e-04 -8.591558041435618616e-04 -9.107021947217746162e-04 2.525896211877346094e-03 3.153574445376332628e-05 -2.961872466890765141e-03 1.962040512231607789e-03 -1.339390867206671689e-03 -8.001102724545953787e-04 -1.519665032495798925e-03 -9.422317374545828312e-04 1.883417234967960097e-03 1.678845992867783205e-03 2.703790952794542560e-04 1.387236206016461727e-03 -1.300393131403713163e-03 -1.162174325442066718e-03 2.081729612969927465e-03 -9.141733037180396542e-04 2.242733930689703970e-04 -4.096050413904338923e-04 5.703742219684894985e-04 1.678478219850064489e-04 1.412070504112777859e-03 -9.119944724997767821e-04 4.559602887380869796e-04 -2.014742592434318538e-03 4.787501281079390878e-04 1.219566823354613491e-06 -8.396417581849733745e-04 8.112461947732580196e-04 5.655967864560760682e-04 -3.464160384314747434e-04 4.278420872034744229e-04 -1.838163524075713678e-03 -6.255513157301826818e-04 -1.123627068548242909e-03 -3.811778450166601736e-04 -9.234370519075083905e-04 7.763672767427576456e-04 1.488804731239362503e-03 5.765203114447883239e-04 9.064741633157343036e-04 -4.600967830659262372e-04 -2.347435981274228686e-03 -7.757245782996612929e-04 -2.524820376009927398e-04 -4.069293663519824348e-04 8.981907134492255786e-04 2.302982959690448930e-03 2.930390457006149885e-04 4.399812736712370269e-04 -1.130752824161295042e-03
1.305219984069055580e-02 -4.058618530206975494e-02 2.885533549551632521e-02 -2.232308298107269981e-02 5.286595987598343219e-03 -1.693261889573730375e-02 8.246785798834043585e-03 3.339865657602706685e-03 4.407471782758196034e-05 -1.949403948423631512e-04 -1.270886276270328206e-02 3.607228834391064572e-03 -3.274196705172445227e-03 -4.831205230495228681e-03 -1.741223433937654982e-03 -1.369570761088809022e-03 -3.943645825971162089e-03 -3.858926167967965427e-03 4.759604482272746656e-03 -1.924965563927254989e-03 -7.606860805860972581e-04 -3.073758988777395250e-03 -2.194192463081506058e-03 -8.212859289935000142e-04 9.918318030647159476e-04 -1.290364206749608977e-03 -1.532596847678785131e-04 2.628322653696321459e-04 -1.304404950996252560e-03 -2.074942991077608628e-03 -1.937439440102788632e-03 -2.570282941035989272e-03 2.545283507771953137e-03 -5.263999181970806370e-04 -2.691676222999017740e-03 -1.717744182649442010e-03 -5.060856806844509469e-04 -1.274576594847062804e-03 -2.802984932406995481e-03 2.926351392644850440e-03 -3.443733149090975280e-04 -2.436476607575484201e-03 7.430038729250929962e-04 1.675473426680126150e-03 -1.044339609696508372e-03 -2.149199368081455581e-03 -1.122212262818913370e-03 1.619750640527871290e-04 -2.242695872086618910e-03 1.211243728323556281e-03 -4.881518610233547017e-04 -1.000291698663742225e-04 1.223492079628753313e-03 -3.135993314224211435e-03 -8.201022282028527625e-05 2.805393610603346306e-03 1.724154405811238928e-04 -4.371285445057069142e-04 1.681150006938031708e-03 1.278491575583785801e-03 -9.181852901873132711e-04 -6.277811728559040683e-04 1.955019752447290787e-03 -5.929447798618171393e-04 1.883972916497540437e-03 1.646287287060021391e-04 -1.309675996684445207e-03 -5.562846175607863517e-05 8.185420735190939811e-05 -6.461437288336275208e-04 3.227361678916727404e-04 1.123636752492356526e-03 2.203748801523074965e-04 7.675559299368198835e-04 1.937163772932853185e-04 -2.614256531901053824e-04 1.725325624826097538e-03 -2.148109487755241187e-03 -1.471902525855807659e-04 -4.780161283851608995e-04 1.257489663094948614e-03 -1.606256978649518545e-03 2.226800690488844620e-03 2.239335462743396728e-04 -6.145264282836768654e-04 -1.829496048422975707e-04 -8.834238230603113544e-04 8.092661494158931781e-04 -1.702006765112723877e-03 -1.582306122368920239e-04 1.149785015154556169e-03 1.676211719077781411e-03 -3.434157347403870393e-04 -4.680473243670899095e-04 -1.529242034925907753e-03 -1.178811048984985434e-03 1.234329055771272955e-03 -4.613595018080454192e-04 1.300716067761368449e-04 8.078775358835979439e-04
1.981642018565532848e-01 4.223265473002361589e-03 2.403161215612352464e-02 -1.979099744423143056e-02 -1.283840248302685859e-02 -1.086765895319624642e-02 2.049233724578930407e-03 -1.874344415014311338e-03 -1.505142635656584425e-02 -5.873351480144260034e-03 -2.472595648646847021e-04 -2.148211388359063355e-03 1.589782138613548895e-04 -5.910294683219058549e-03 4.051424052571514500e-03 -4.003618349472395921e-03 1.280400002132504574e-03 -1.458874054630881828e-03 -1.327981445702674200e-03 6.485654790965623712e-04 -4.406933038928767142e-04 9.872788921620476513e-04 1.989942797077059490e-03 -7.228251876826551894e-04 -8.749633768477188610e-05 -4.276344146530553056e-04 -1.364625362523918389e-03 1.205949394727369277e-03 -2.631050113020021522e-03 -7.858951834378067160e-04 -1.423682302347032292e-03 1.880473141028053945e-03 5.242202898132883229e-04 3.451808132117755324e-04 1.564645531037463276e-03 3.969929288034016314e-04 -1.388364269606343331e-03 -4.932679362458329553e-05 -7.555540771036073225e-04 -7.178217828101555618e-04 -1.518241275696231938e-03 -1.884102009891131771e-04 -7.711215760024951770e-05 1.459180880243598089e-04 -7.958662459325727004e-04 -7.226384503709661631e-04 -3.272593978322013101e-04 2.885192016769795803e-04 -4.039275628210658997e-04 -1.711418626470640858e-04 -3.212747111265058537e-04 -2.005091617614707285e-04 4.136145981142198011e-04 9.258243872121396352e-04 2.474319262354263528e-04 -7.642150147802392619e-04 8.547645759085992830e-04 -2.557534845741435631e-05 -3.252931549143129762e-04 1.702675778964194537e-04 1.113049883317277140e-04 8.014241223557769754e-05 -6.753684696340044036e-04 -3.907953850273743375e-05 2.514933391409707582e-05 3.167818151959308207e-05 1.574067913853742691e-04 4.243681310343632102e-04 -3.570367441213281152e-04 -2.585045699593283269e-04 2.409564327323643882e-04 -1.583552715031568954e-04 2.958955674445125058e-04 2.049107653338946356e-04 -4.832604844733538901e-07 -2.946843809950750880e-04 1.976470426136042280e-04 8.518510807749659665e-05 -2.849189669754340223e-04 -1.128135611565734712e-04 -3.227343169432706502e-04 5.911902883592017066e-05 3.450932684398317078e-04 1.043782766359714501e-04 4.874606724015482709e-05 -1.373535139812266366e-04 2.162130599992341355e-05 -1.719653981292086078e-04 -1.469970815778254432e-04 1.972614648519086552e-04 -8.865755825597482860e-05 -1.366175534504759969e-04 -1.162981051402833918e-04 -6.918132506596728123e-05 5.374028143469661376e-04 4.582930745722834184e-05 6.046328035950018960e-05 -2.177533965525459277e-04 -1.204464600370950931e-04 3.086945951246056517e-05
1.024015702138841438e-01 1.341167785809568511e-02 1.808985384454626227e-02 -2.221377403005710821e-02 1.244857237430350115e-02 -1.567643995929486264e-02 1.295457911173815424e-02 3.534536425766626072e-04 2.688198019415825868e-03 -4.460314362349247774e-03 1.151118180742530988e-03 3.780602644409569637e-03 3.779849982970182303e-03 6.717560091601695003e-04 -1.328979955233620166e-03 -7.195055576470663853e-04 3.796155378409028129e-04 4.898197031142529495e-03 1.997994582439675815e-03 2.691703891885994029e-03 5.643177039150163886e-04 -1.586688770529120487e-03 1.713059537594593257e-03 -4.355063003943032370e-05 1.393261483834419600e-03 -1.156494865908148234e-03 -2.516611114801360020e-03 9.069210959009678169e-04 2.732037365478019470e-03 1.428317593887092627e-03 9.493731665291799777e-04 1.100114258650808038e-04 -2.498967370860329801e-03 1.508291065372060558e-03 -2.757209572925113650e-03 -3.036841941530727166e-04 9.416122596590211554e-04 9.950815330504562961e-04 -3.458659913569040617e-04 1.277987629410026445e-03 6.286137408769245684e-04 -1.982408159594085191e-04 1.437089053760833360e-03 8.818431857707595542e-04 4.587043369003079895e-04 2.239092346677244889e-03 -1.717574294860699366e-03 -3.076743781474537481e-04 -3.694438148781391750e-05 -1.036257416201668679e-03 -2.266582416359809969e-03 -1.066123096578681234e-03 -2.111247597736972455e-03 1.258812691536656493e-03 7.899043553006654264e-04 -2.339893998033916369e-03 -2.565862696681120696e-03 -1.726212751807182995e-04 -1.077722669465551930e-03 -3.546133315896288977e-04 5.795659123157992799e-04 -1.349051446856267466e-03 -1.195700200989605446e-03 1.894474956439098868e-03 -1.953452456345531729e-03 4.355767070313732998e-04 -1.669803568672959177e-04 1.149968597663501282e-03 1.042263317720180547e-03 -6.106516221759526091e-04 3.568876568734549487e-04 7.707890320963975027e-04 5.603100702831836314e-04 -1.014421228536839135e-03 1.159858476708434385e-04 1.285781937904836641e-03 -1.631990453083207284e-03 9.135164078515894286e-05 -1.011590700482548630e-03 -3.695280638053089536e-04 -7.564108897365817230e-04 -3.257592154314127900e-04 6.521603192829741272e-04 3.676740675098657163e-04 -5.673526164745926453e-04 5.933141913759319794e-04 7.428193032439758597e-05 -3.234294787223690611e-04 -3.839732380329058738e-06 4.003526125672934172e-04 -4.149644650986895216e-04 9.257392567022396188e-04 -2.979024259834051340e-04 2.713853875264145678e-04 -6.383086267240087102e-04 3.865373599959540698e-05 -1.934117937680990086e-05 1.279957269414597968e-04 2.448791436547391844e-04 1.098959751819077669e-05
1.299964451146916611e-01 -6.223271572019692735e-03 -1.336259281289342311e-03 -7.728771076809517679e-03 -1.789346573855861737e-03 -1.681525046741554411e-02 1.480738708193656342e-02 -4.780738606086117580e-03 1.633388229631803313e-03 2.585639232932471741e-03 -4.386782359250994065e-03 -4.424923576279197850e-03 3.928691926801465865e-05 -7.894638604573230717e-03 3.391144230831338868e-03 3.401905389678927787e-03 -2.164036653423599232e-04 4.336069820872512880e-03 1.707865113014110474e-03 -1.424866895492435523e-03 6.130500859794416318e-04 3.699600512353947834e-03 1.588915374250078833e-03 4.881068593153276404e-04 2.866710467016858957e-03 -5.818682173561255363e-04 9.344328727007170446e-04 8.037717430094199400e-04 1.975678646523091817e-03 -1.704730759450782485e-04 5.383475566026291138e-04 -1.476465379127329296e-03 -1.761891934776353783e-03 -1.692945703256683527e-03 8.298547315104573378e-04 -3.529476453039974166e-03 1.229394031399872475e-03 -1.481095729961239005e-03 1.159090763415986233e-03 1.974082770573552933e-04 1.996324806492388339e-03 6.240403651134367397e-04 -1.102695335117439765e-03 -2.387343069105491399e-03 -7.760006636324588789e-04 -3.678334828662136884e-05 7.696991108732369061e-04 1.600337839922820384e-03 -2.320354217786759876e-04 3.624286309083806943e-04 8.644113886957225691e-04 -7.020458288225534405e-04 1.609993009479899172e-03 -8.508727698182432441e-04 -1.022558705771642318e-03 7.330827372473171493e-04 2.807651047422799395e-04 1.271290029528505949e-03 -6.489245759371669317e-04 6.607597385912738011e-05 -8.278416311702029668e-04 3.211854048424223713e-04 7.239510401424733513e-04 -2.088068402851166704e-03 2.169709209994237845e-03 2.264011748839650734e-04 8.879380841735488904e-04 4.299666650354921123e-04 -5.846815558981991985e-04 2.234556466531282311e-03 -1.619149845948970445e-03 -3.220853104921876284e-04 -8.681601778973619711e-04 5.369621509032856217e-04 6.125418055970003250e-04 -1.407828585822556988e-03 -3.189304182534461298e-04 1.322443352603134377e-03 -6.268422082317202373e-04 -2.501676584252980672e-05 -5.561691636470249885e-04 1.684580301642308979e-03 -2.614921631133093139e-04 1.749938646524262331e-04 9.245514266567371941e-04 4.767754878728843728e-04 9.707920953813488135e-04 1.995448054042846080e-03 -6.642316709777958302e-04 4.693807165782331475e-04 7.963509686459542764e-04 8.109073599518977561e-06 3.270989221701868423e-04 -1.362038356693983960e-04 -4.449179331248445603e-04 1.027886147133866930e-03 1.759246200862613551e-04 7.327590071163030258e-04 6.357373821500884176e-04 -4.920137126953144603e-04
1.928590451996447797e-01 1.168241219677959922e-02 1.963970966395808121e-02 -2.152364251574244783e-02 -5.629824539401756187e-03 -9.475456272347769493e-03 -3.212628352989706725e-04 -7.480847607436179152e-03 -7.690471470509210525e-03 -6.533599000109205357e-03 4.397408834956778416e-03 -9.271390563390940901e-04 1.761657129680106303e-04 -2.153281022507303692e-03 1.867991549300332269e-03 -2.252404095254941906e-03 2.348123713912136576e-03 6.150231795975108235e-04 -2.300514767723256093e-03 1.612033524881184652e-03 4.158766705149056706e-04 -1.428651818126170292e-03 1.124117460228425680e-03 2.083626105858802074e-03 3.830904607073217318e-04 -1.094148583289536111e-03 4.235898298394252977e-04 8.161771279390103674e-04 -2.689461397207066262e-04 -2.004674033073453390e-03 8.979773895490660712e-04 9.376344729554970470e-04 -2.341104698197159749e-04 4.122403237193951724e-04 -1.544119292716539531e-04 -1.213331264887094113e-04 8.973502444189717622e-05 1.807056420664614497e-03 -2.882073660074578082e-04 -1.391891847765988838e-03 -9.355495970324337286e-04 3.359985015605208218e-04 -4.332824095363637003e-04 6.290786584041593551e-04 1.979575599598837072e-04 -2.607137525170767915e-04 -5.383261086310956508e-04 1.724470077286644127e-04 -2.713409748922932093e-04 -1.571860664521107639e-03 -1.291019330841309664e-03 -2.055630319101525282e-03 -1.374073550715206905e-03 1.146784307096797973e-04 1.661657474634748799e-03 -9.015537396621836402e-04 -7.078248794314314501e-04 -4.838641083400874177e-04 -1.014892434409119882e-03 5.720722677893501232e-04 -7.875903670746798018e-04 -7.599234624093085654e-04 3.688715369157131692e-04 6.040385344606628935e-04 -4.234848576216209770e-05 -1.309191905290111181e-04 -3.382935054565100160e-04 -1.970750774842909298e-03 2.212816776082316729e-03 -9.171264494870267963e-04 8.189987595806789891e-04 -5.558432458166268032e-04 -2.946381892430644227e-04 -1.831421535377755815e-04 2.139308106732882165e-04 7.676919346337508516e-04 7.930993437468161853e-04 -1.841922519815747481e-03 7.319737033975727114e-05 -3.223433182421379917e-04 -2.231804534965024366e-04 -8.341548527728750301e-04 1.073132037747622164e-03 -8.256543906500084283e-04 -3.821616277960328267e-04 -5.358227898487669377e-04 -1.570055403592923076e-03 -5.449773181291452974e-04 6.590554333693298132e-05 -5.872249704847677578e-04 -2.386203445533962604e-05 3.455296154223762187e-04 6.697430616618423949e-04 -7.105909996960770437e-05 -3.128957818122297474e-04 1.476835592214273732e-04 -3.520628509195672346e-05 -8.673021238273099761e-04 1.323594623043574726e-04 4.030780144228709571e-04
1.712404716464137056e-01 1.690722642025628813e-03 1.726930523237569723e-02 -1.669586726409829844e-02 -4.664036685871539127e-03 -9.733537497933762370e-03 7.691871651084007319e-03 -5.890010963257480935e-03 -7.529026136246126655e-03 -3.200434900803165398e-03 -8.417092708514406149e-04 -2.607424455544256076e-03 1.333355320293909494e-03 -7.046013219392184383e-03 3.203226426930183036e-03 6.322248002713557174e-04 1.385735503770324853e-03 3.792426878361333971e-03 -9.268183045348678522e-04 1.155864342878968427e-03 1.128302385522239430e-03 1.660142582920959200e-03 2.390605299840785521e-03 4.629732650991300264e-04 1.709149606022002631e-03 -1.056912680751771055e-03 9.585987939595105086e-04 9.583157598819207895e-04 1.286183707169150049e-03 -1.178934695892676571e-03 4.481093436489614755e-04 -6.407516720708983414e-04 -1.512967638713986693e-03 -1.403437878157330707e-03 1.411583716785441440e-03 -2.367611460369220978e-03 4.780626878156962354e-04 7.014817139023474767e-05 1.439604132235109888e-04 -1.213925355594777395e-03 1.558711297148827630e-03 8.381863646807442489e-04 -1.229739326529742573e-03 -1.227508897618066882e-03 4.263617407164577942e-05 -1.314304709800431673e-04 4.123586816583400556e-04 2.651331965959182802e-04 -3.875623012326356105e-04 4.199969820632542942e-04 3.844083089321869437e-05 4.115322489303848802e-05 2.371097457461352235e-04 -1.976630609742563460e-04 -1.564320505184026622e-05 2.996223270511576796e-04 1.025832849766616163e-04 7.002667632353168055e-04 -3.996740672626191760e-04 9.748783813505244953e-04 -6.004336941108221392e-04 -2.331382326298582508e-04 4.318484143622854668e-05 2.098153003401377387e-04 9.045956748552566465e-04 -4.193628391864537264e-04 -4.979626626023004069e-04 -1.057128979161826117e-03 5.750921678744005131e-05 -9.282566549893621159e-05 6.776988127258828107e-04 -8.947825926553056898e-04 6.514436318500035558e-04 -1.408881690645071418e-04 5.882682717854865583e-04 5.131532382861896330e-04 1.647052808414153522e-04 -8.578555817686634409e-04 -6.057283028407574066e-05 -2.197126051652698446e-05 1.864167470757540279e-04 -1.833602387767332823e-04 1.314082989026609362e-04 -7.578337809456896191e-05 -6.849115438476998004e-04 3.103068368853059483e-04 1.521535991289563517e-05 -1.663516639670365642e-04 8.119904912980237851e-05 -7.693252344588592123e-05 2.583859963094620014e-05 -3.768922752908875616e-04 -2.380333240675545187e-04 2.470324157121189736e-04 1.149191344446190140e-04 -3.887330467884102703e-04 -2.639547309083655163e-04 -2.826341645949857306e-04 -3.460551986170020323e-06 9.245392149491968076e-05
2.007655726097640758e-01 1.042982253373557142e-02 1.847135904042413942e-02 -1.413124348095139322e-02 -1.735298799498383518e-02 -9.918860882657927480e-03 5.192132141271578764e-04 -2.405414949070324750e-03 -1.149924836055273535e-02 -5.079489540965398744e-03 1.265258868143435836e-03 -4.574488940052953700e-03 -1.826043568183901037e-04 -4.573876954496596502e-03 4.328857851066943672e-03 -3.533750759774259564e-03 -2.536212139738367398e-04 -2.084484643603691772e-03 -1.845338996638270796e-03 2.859216260939949697e-04 -2.806075057030375970e-04 6.899429757376259256e-04 8.632014186528758938e-04 -6.698253880514241964e-04 1.548164280550360815e-04 -3.407329429262812617e-05 -6.596207045349161691e-04 1.330930964355037799e-03 -2.358511063969425878e-03 6.732756117288402791e-05 -7.819011703414031943e-04 1.934072365643660319e-03 4.916227251476685189e-04 1.246097616046268298e-03 1.533990634444691060e-03 6.031545694267754316e-04 -1.145265959462590018e-03 -4.440405654600626550e-04 -5.381959623923426774e-04 -7.797321517056700476e-04 -6.310195702925757745e-04 -3.472334491784529104e-04 -6.829975263413470734e-05 -9.488292202605465829e-05 -7.812373911190649252e-04 -1.196334533139590053e-03 -3.982876272434453246e-04 7.653350726513384128e-04 -5.875848509338359171e-04 9.793763314829572223e-05 7.469274124392735834e-04 2.184541919054043882e-04 1.048156001461722194e-03 9.358854438010789098e-04 4.164238383102671992e-04 -6.218729975103885104e-04 1.088906394004814831e-03 -7.831477635580399446e-05 -5.127971953105555465e-04 -2.664074768402754619e-04 2.983267657373877397e-04 4.015658551444895030e-04 -1.223373927716853680e-03 -4.774015078535866772e-04 -6.936735682865148079e-05 3.107613722293807294e-04 -7.243236756879240662e-05 3.928011948001663631e-04 -4.566236490484384437e-04 7.196490628137551136e-05 -8.710715439211787767e-04 -1.328544010411218462e-04 -5.746890510622694229e-06 6.327049143616974604e-04 2.633932592799684302e-04 -1.210948678947352625e-04 -1.718228039042521361e-04 5.496453156822517965e-04 -1.118200897336050375e-04 4.303430962207611455e-04 -4.478063063680944424e-04 -1.402016471574313848e-04 -3.318779433684596915e-04 2.003638603565012174e-04 3.632896633695302979e-04 -2.003719481188710890e-04 1.852622711534207100e-04 6.046017466800590037e-04 2.286851705198482789e-04 1.739433271495985605e-04 2.625878653116880986e-05 1.832659712219852625e-05 -2.049691208642978677e-04 -2.889556887962406532e-05 4.240900663191644751e-04 1.345070166334263171e-04 -3.274043185485839389e-04 -1.894197744524659126e-04 -2.104504645247436958e-04 1.793190191852981548e-05
-7.501688340696216484e-02 3.361873092562244793e-03 4.885304440145226725e-04 -1.367527184466799106e-02 -4.938431262745466947e-03 1.301735261385001535e-02 4.071134135188621272e-03 5.632323245417915000e-03 5.549016329104013504e-03 -7.066238352242842392e-04 -6.163876665037703933e-04 2.945102068412571404e-03 4.719379340347749224e-03 -1.711033904530988780e-03 2.593999075222518363e-03 5.268836827215084674e-05 -5.365890525253137104e-04 1.044839496985119388e-04 -1.244135241356820760e-03 3.943378923146795322e-04 -5.174308673421431325e-04 -6.132252179118340965e-04 -1.516962343056252414e-03 8.618640338369585718e-04 -2.402943612488592771e-04 -1.597938097699160530e-03 -3.202302655110850845e-04 -1.177248263963881015e-03 -8.597327536984418614e-04 -4.231172283166470907e-04 -1.754652364378731389e-03 -1.057557456202970350e-03 1.466750676052472422e-03 2.737899360593505594e-04 -1.741688729013034535e-03 -1.338276392112076971e-03 -2.457769473923120205e-04 -1.581728679628146639e-03 -1.356974762478464422e-04 -1.834278380735615077e-03 -6.142814882990166141e-04 1.318428332753484450e-03 -3.218185241915807950e-04 -8.491454216543510179e-04 -2.494268335731564300e-04 -1.069535101871454778e-03 -5.955421059408862834e-04 2.024717694444925164e-04 -2.754298435944409337e-04 -1.122939777740851447e-04 -5.790956549903254974e-04 -1.446648807512230074e-04 -2.037911378662913414e-04 1.585750871334468039e-03 3.463743122135728536e-04 -1.946863102488741030e-04 6.196468145987316318e-04 5.030386855922242993e-04 1.037421111387957004e-04 -1.636002768587290716e-03 -5.329439402452484367e-04 9.780978642493346788e-04 1.782437218601659341e-03 5.823802588078453440e-04 -3.005683912935150316e-04 2.125395246700960037e-04 -5.568032644392109003e-04 6.006575917390445836e-04 7.469913097259303593e-04 2.448181196334136352e-04 -3.691077420793768176e-04 -5.299821016340279306e-04 2.098297235478755688e-03 2.355379386599297173e-03 -3.118448484604447834e-04 1.122521654393661677e-03 -3.422740201374800450e-05 -9.175366743658108521e-04 -1.212077257429004535e-03 2.903696975737714357e-04 1.013313833469169393e-03 5.495339571553684987e-05 -2.373105670081191408e-03 -2.586080856458026394e-04 -8.915654277984344598e-04 1.640617367814952137e-03 -2.211805082723239618e-04 -1.409852764180493908e-03 7.507091566041401492e-04 6.952140868283052490e-05 1.007492554142808784e-04 -1.099658771849821789e-03 -3.866179882895667353e-04 -5.915229215685478522e-04 3.292602909994033628e-03 -2.513648761480734317e-04 1.272888001327819813e-03 -1.092829287308861620e-03 4.232181821077027231e-04 6.882586913540592564e-04
-1.038401609430201628e-01 -4.162015511953893153e-03 -7.654502726669646859e-03 -1.574881323309691022e-02 -8.039159078080566900e-03 -9.725808173736564047e-03 -1.312162824997669319e-03 -1.234014521958853600e-03 -2.755338916383556574e-04 8.074985714301416428e-03 -3.097209124387140852e-03 1.539581367024839709e-03 2.957979856770816089e-03 -1.027712586085304707e-03 3.094510297887406226e-04 1.796384290055379499e-03 -1.531815114992129490e-03 -2.146690378187307569e-03 9.676627196231237784e-04 -1.032715496297923353e-03 3.969758720961612773e-04 -1.218966222345034675e-03 1.713665431771446191e-04 1.317066662148746624e-03 -1.014187646767939415e-04 2.108604856670447288e-03 -1.490481556797852497e-03 -2.362566627919683668e-03 -2.152778159792929046e-03 -1.632733490017067648e-03 3.103740570527430435e-04 -7.020548460713411584e-04 -4.610539633935143290e-04 3.869623658826413766e-04 1.801278123158833191e-04 3.380529292349588721e-04 1.113763647040820698e-03 3.616532224678109661e-04 -7.686440578796704254e-04 -2.030747075621038358e-03 3.043723999679633909e-04 1.757145603837218396e-03 -2.978641061471167645e-04 5.266419868293541282e-04 -1.549010079729157979e-04 -1.218684386361934026e-03 -2.732397632893799884e-04 9.171737610243864891e-04 -3.095207686996369616e-04 -5.673128656237519775e-04 6.571085901932872519e-05 4.941572095392685916e-04 -3.501931867638800769e-04 4.979054765380678876e-04 8.629740816546370126e-04 -4.632333968951848641e-04 2.514441195946437316e-05 3.208779153351604397e-06 -4.834169168444560631e-04 -8.556717852707763699e-04 6.251062596306534037e-06 -1.566082794129431430e-04 8.019103251268315698e-04 5.934794517334293640e-04 -6.913189285666581458e-04 4.401350254566417587e-04 -2.153610594786129666e-04 -4.513985444576490403e-04 5.287314644568662540e-04 2.078357531684297246e-06 8.284253540645605861e-04 -4.698432829554179471e-04 -3.558624612961772842e-04 1.025488339393751131e-03 -9.336366399707690634e-05 1.328038066265477182e-03 2.675150446602621583e-04 4.730445731998402328e-04 6.637347024728811051e-04 4.206133435817645673e-04 -5.103236461648210038e-04 9.478783244029803700e-04 -1.192080941835752059e-03 -1.063576734159891405e-03 -1.567792600247114635e-04 4.194419936864249711e-04 8.895183932472536118e-04 -4.695556854455740247e-04 2.182461587697742753e-04 2.867654774715490298e-04 9.229661871645859121e-04 4.292276427931237572e-04 -6.696738441632340763e-04 -3.149225833457613760e-04 -2.083977537831892182e-04 6.128414265097975144e-05 1.226538256795822561e-03 1.170264789581413559e-03 -5.411125059441555852e-06 -1.001379637870511343e-03
-3.582861246574507025e-02 -1.281699085397398213e-02 -2.527815748184216935e-03 -1.831403139005153766e-02 -2.103225363345187179e-04 -1.699231088010532895e-02 1.039004987633914724e-02 2.121623321320495383e-03 3.443340366987526768e-03 4.722656257007214545e-03 -4.672028525015630741e-03 -7.666676209858297713e-04 1.127395200498776222e-03 -3.842738405830551512e-03 -9.544927417964419890e-05 2.983208601907731770e-03 -2.709994137621541625e-03 -3.356912592771007283e-03 2.054219553934174929e-04 -2.295698553187254347e-03 -2.428129146858826973e-03 -8.362112666293158554e-04 -1.415139809771519524e-03 1.370205038288001883e-03 5.088010485420576580e-04 1.420608671540880916e-03 -2.181774724978655219e-04 -3.475137237403825002e-03 -8.716859458075676545e-04 -1.458015980663876715e-03 -6.126768765076360439e-04 -2.881973629568713915e-03 -7.630703555783583400e-04 1.158581277867579964e-03 -2.229014067649866422e-04 9.466517749736368722e-04 1.490076154238058478e-04 -4.795063632178387129e-04 -2.533047204733233481e-03 -5.509538876939780797e-04 -7.470428949968359279e-05 -1.781607346753075844e-04 -2.939600177089427436e-03 1.713226617649911453e-03 -2.184209708471664471e-03 -8.583018651056079258e-04 -6.807172106083816000e-04 -3.507666570981228169e-05 2.380120802439315733e-04 7.150571882065425355e-04 1.396250776941889218e-03 6.495436384982274190e-04 4.867320609736074848e-04 4.867879996686840676e-04 1.197458610239009267e-03 -1.070845430329671593e-03 4.141200099399618573e-04 -2.287323210169044021e-03 2.133731937217186913e-05 -7.333867537603911682e-04 8.533753673173490300e-05 -5.622530792697208587e-04 1.075468308015472933e-03 -5.172300480657014091e-04 -1.942398085924202560e-03 1.233883395708061659e-03 3.014308175763790397e-04 -5.689094604107741053e-04 -1.028513417141914540e-03 1.502540577425595311e-03 -1.067029634012229807e-03 -2.239338543663030399e-03 -3.218006645381985085e-03 -3.843173145573790998e-05 -4.182245129641551200e-04 1.649163367344198177e-03 1.327796717749715142e-03 1.514368903703500581e-03 2.187797324888255193e-03 1.186165339248353027e-03 1.917671543669780985e-04 2.575832563553532954e-03 -5.316418146929500523e-04 -2.925255192169854117e-03 -1.350714200523598415e-03 1.318180358842999328e-03 -7.193389046873102308e-04 -1.219143794749232576e-03 1.931354339728391396e-03 7.922669997007383358e-04 -3.178075797029839954e-03 -1.739918459584483608e-04 1.018451628410102896e-03 -2.544350356154188083e-03 -4.186388604786425022e-03 -4.526098539868598819e-04 -8.477679704244024325e-05 4.045432362619408306e-04 -2.400926988693659065e-04 8.330228145874614973e-04
-9.531365030498467616e-02 3.642572962130271458e-03 -1.078050494964775431e-02 -1.639070056408693105e-02 -9.945923463291936675e-03 1.009279413885413347e-02 1.354073626897975497e-03 2.231262115389762764e-03 4.656970104202564839e-03 3.034384167313427215e-03 -1.985486374657095831e-04 3.088767500191383179e-03 3.142087954075801440e-03 -1.814735696148434517e-03 2.788864052836387449e-03 1.917098617745649611e-04 -5.903011436905109856e-04 -1.006549500687977002e-03 7.018031401075525968e-04 -1.313749620279781600e-04 2.365061238702118192e-04 -3.457889832606611817e-04 -1.648378833322247292e-04 2.089212178592703573e-03 -1.275937129136917134e-04 -3.032525497958166237e-04 -1.008680708197124938e-03 -1.205668244324476683e-03 -9.237949338229844596e-04 -1.125700665057238108e-03 -1.304196155259917424e-03 8.528854930716829336e-04 8.733122625845680248e-04 1.669592226523703620e-04 -7.178550288372265425e-04 -7.398688271685803465e-04 2.226718925317559372e-04 1.307777950307437923e-04 3.167963758200451085e-04 -2.000445258823143040e-03 5.837909207723941413e-04 1.026025970284661715e-03 1.120747018479002245e-03 -5.915363234948009703e-04 3.804411495498348896e-04 -2.124228762539129962e-04 -1.340894515625749156e-03 4.646045580560266542e-04 -3.782326928730652305e-04 3.097702239464184947e-04 -5.066925850066818704e-04 -1.226550990817148893e-04 -4.641340302917322286e-04 1.051602687466899819e-03 2.028526501658899864e-03 2.407779745120846779e-04 4.261312255363916492e-04 7.049841119790562069e-04 7.320304994663813904e-04 -1.327672225994359738e-03 5.080511489097205239e-04 1.581298266952081612e-03 9.015915834288160905e-04 4.672466942674896812e-04 3.112205417439351039e-04 -3.515834356906010557e-06 -5.068842455390722363e-04 1.765836591239469504e-03 1.078360950900451474e-03 -2.320909246144696057e-04 -3.349284029626222706e-04 1.218921361196468900e-04 1.840251773018130839e-03 1.381283330517723076e-03 -2.917825251992420396e-04 1.253484751849581963e-03 -8.784367567584966776e-05 -1.408614162585747256e-03 -1.380853857513779414e-03 3.741171945298231677e-04 1.205861284909502370e-03 1.942869052968088474e-04 -2.353583948135352152e-03 -3.534601543952923890e-04 -6.426594556689365712e-04 8.088150376078526507e-04 -1.709332514415874206e-06 -1.320746435888416970e-03 2.063241208805112199e-04 -4.550274105436890297e-05 3.821643507197423060e-04 -7.256913863645412599e-04 6.317862684170512659e-05 3.344054284511520196e-04 2.560639108544285510e-03 -4.459029086458528692e-04 1.458668501729562181e-03 -2.477337855975740078e-04 5.314805478461614215e-04 7.677025051269183371e-05
-8.373411564947021157e-02 5.726770586395430428e-03 -2.689396334484648807e-02 -1.382808958645919024e-02 -7.245212924739037955e-03 1.499444775968300850e-03 5.506911589767266024e-03 -1.239000185750065153e-03 1.189578491269798659e-03 2.133919263092785151e-03 -7.461375046488016036e-04 1.176971988043189356e-04 2.193098065567593118e-03 -4.730508826942971911e-04 6.822977395644018016e-04 1.490742986805925364e-03 -8.996165752839358322e-04 -1.749321727463330539e-03 1.706204744018219874e-04 -2.205280125776674775e-04 -7.284521268102062000e-04 6.277285155640576235e-04 -7.342483167224428224e-04 2.176987690935386615e-03 -3.011486900080523202e-04 7.819491571015113694e-04 -4.678134988708388189e-04 -7.275040376240756411e-04 -1.557318149526548017e-04 -4.464029186824173428e-04 -8.809679017188340108e-04 2.734182157898197595e-04 -5.904918804353630245e-04 -5.720570374990466755e-04 4.259310875627747377e-04 3.094979683573338214e-04 2.005353359019077734e-04 -9.662661948134570274e-05 7.767706381196479474e-05 -1.704277230023402371e-03 5.084713783841951018e-04 8.228961279279183028e-04 6.373477378082169961e-04 5.005728017679567316e-04 -1.114945002602308341e-03 1.010288915382146629e-03 -2.218454010323855506e-04 1.009557565935504308e-03 -6.443550940232619338e-04 5.867482315822500133e-04 -5.523769118853416219e-05 8.140008646964077372e-04 9.182911329053259665e-04 -3.685011966550564709e-04 1.201107521100034953e-03 -2.507840718286176961e-04 -1.467999092255556869e-04 -4.195785151891933220e-04 -1.779300493887871941e-04 1.434570976654164635e-04 1.064919672582260828e-03 -8.895532950578118004e-04 -3.663252861337020459e-04 1.366042421807169092e-04 1.710716668848647295e-04 5.767566175140353404e-04 4.727647630064150779e-04 -5.186411094472910977e-04 5.480605637124122062e-04 1.068507624626643818e-03 2.309694809718636590e-04 6.658935900171968590e-04 1.305377724496209642e-04 -9.533133145940935176e-04 -2.764160215757745101e-04 1.046294366547946016e-04 5.778652728127854757e-05 -4.091141401066229451e-04 4.482786340600493444e-04 -3.326790056786147550e-04 1.148847016618668803e-04 -2.353774831791073403e-04 5.921347482599233073e-05 3.665860945659077472e-04 1.600681786720936129e-04 -5.023673777533958209e-04 3.047824834351646993e-04 -2.043358427519853789e-05 3.372679340992485071e-04 6.267649976490592624e-05 5.472256610397491228e-04 -4.232033510117684050e-04 -6.142412598613123352e-04 -3.677499427617184156e-04 -6.528218882620185617e-04 2.452384426219978092e-04 1.843642008973226477e-05 1.228316972790804854e-03 -1.385057289782181788e-04 -2.641204815418036095e-05
-8.092319198687214499e-02 4.382552089463698231e-03 -2.715940174502384091e-02 -1.477787638239131014e-02 -3.953749369600279527e-03 8.449127955804463207e-04 4.498497859371345525e-03 3.495011164651862907e-04 -6.718789788679402570e-04 3.073025389446582250e-03 6.660034923613895874e-04 -5.750283264070715078e-04 5.884301711727658781e-04 -4.344828932905027440e-04 -9.065863769140498267e-05 2.840218089775775178e-03 7.820006728877008614e-05 -2.714388151027381010e-03 5.994687045624213454e-04 -2.193408566860555609e-04 -1.724563267792123249e-03 1.253829383857695337e-03 -6.180767005388021615e-04 3.696761483638057785e-03 -4.719310369818310955e-04 1.952943987554641315e-03 6.014208844223746086e-04 -1.728628965114298712e-04 1.140337911299256273e-03 -9.571545593953386354e-05 8.471726549879919708e-05 6.537378780699354928e-04 -6.610670907977586261e-04 -8.162768830848332342e-04 2.227310986972911092e-03 -2.321463541187788115e-04 9.662213789133821881e-04 -6.223512808150035661e-04 -3.959207022269028921e-04 -2.503308307736644422e-03 -1.218864202739137169e-03 9.554803493773180714e-04 1.409328214382914038e-03 7.315875388398454787e-04 -1.754179158487106276e-03 2.184356601640108538e-03 -1.343907279840107771e-03 1.298828099819081738e-03 -1.650201017150262125e-03 7.346038344873255001e-04 -1.041048768165771943e-04 2.601739075885514934e-03 1.499332393878598495e-03 -1.349942530744800565e-03 1.278365430914832736e-03 -8.070060748864120448e-04 -1.056072413038331966e-03 -1.238968582544635320e-04 -7.754878779556665519e-04 8.354786078366956755e-05 5.758939904214109649e-04 6.897354134176509385e-04 -1.137663510307037804e-04 -3.223477915263889563e-05 -3.128419122467480397e-04 4.999819822907305630e-04 -2.925431301312134027e-04 9.390639977995560508e-05 1.282719407165588011e-03 1.885349402851857915e-03 8.605787977717385077e-04 1.008697262528493108e-03 3.812216014899531694e-04 -2.120177745225595642e-03 -3.607300457635945982e-04 2.965402274199927532e-04 4.459409339548798265e-04 8.118894518359784547e-04 1.289759888868535331e-03 -1.823739647235330654e-03 -9.280582931897996381e-04 -1.301468859731930031e-03 2.394110900532170285e-04 2.574459429152010231e-04 1.622544086079818365e-04 -2.787081789551241941e-03 1.620668223938929921e-04 6.879356979208741752e-04 5.290678676487082328e-04 -1.342087992068061869e-03 8.034393132742228367e-04 1.110967642176432938e-03 -4.195766965820177711e-04 5.816281649216818294e-04 6.966653890276864334e-04 -1.326339372654297124e-03 5.831207295948698851e-04 1.605278919613158974e-03 -5.489555878658390750e-04 -8.971159779715500750e-04
-1.096923580043479007e-01 -3.787273267680415015e-03 5.122285696544614381e-03 -1.959563366834133832e-02 -9.215169579346265891e-03 1.132799323716361314e-03 -6.661196817352957322e-03 1.066889857269941351e-03 3.961744467394191609e-03 8.748460198008584793e-03 -2.374416776507183493e-03 1.251348739017656099e-03 2.020432374430944540e-03 -1.774656283945610187e-03 2.301460534448949904e-03 -7.163201990828645593e-04 -2.190487531524894108e-04 -1.643455316329406292e-03 2.231817482811786300e-03 -2.691240093088239824e-04 2.046355597087777360e-03 -8.860131187996326228e-04 1.948814911047754700e-03 7.000319470685603955e-05 -1.309125066972545849e-04 1.025822919282741745e-03 -1.560047513948913545e-03 -1.975610824555355024e-03 -2.140773835588492824e-03 -2.672194075934786368e-03 8.732134251036397518e-04 1.373755988174091107e-03 -8.056181328679870362e-04 8.496547218357448569e-04 -1.385260616230985214e-03 1.251633002362018338e-04 1.339271760024376067e-03 2.941987996259162047e-03 9.285100711997373076e-04 -2.296341770268898281e-04 9.095512712215568030e-04 5.924304359777982608e-04 8.854580150802394576e-04 -5.631984405868325312e-04 1.221832582108101908e-03 -4.729352889569805873e-04 -8.755906694381028086e-04 1.473599354225754818e-04 -6.943320315713533662e-04 -5.658478017773755763e-04 -8.759475045472947530e-05 6.417101772473648774e-04 -1.186656301642583866e-03 -1.761174276357613505e-04 8.627598090346097568e-04 1.007006588117477855e-03 2.159291899104856516e-04 9.745811311468966995e-04 -5.473018370749574554e-04 -1.528620042097174987e-03 4.719925166268196292e-04 2.077441967493554639e-03 4.370175636325115878e-04 1.035285700470686167e-03 2.314091462399132655e-04 -1.160496934986635217e-03 -5.400885513713884166e-04 4.456405434208815584e-04 2.072736872139874903e-04 -9.412146887953590788e-04 1.064742272113224563e-03 -2.755928318357700382e-04 -1.729532078998083399e-04 6.021460283333585723e-04 4.080119720359620910e-04 8.357645636189071502e-05 -9.304159752270483967e-04 3.241138921772337349e-04 -3.522678688542910520e-04 1.805009570901517247e-03 1.858808429417114973e-04 -5.182561613252167822e-04 -1.471324178152684427e-03 4.693093258255019436e-04 2.859086516755934533e-04 -3.396952497040243231e-04 -5.580820401232118285e-04 -4.834331113932650322e-05 -1.229264483488614257e-03 6.315715590699120705e-05 -3.171199839833690527e-04 4.471295713541386914e-04 -1.446550824363213494e-05 1.116213791705530358e-03 1.352086384821771464e-04 -5.712707110491640171e-04 7.031091583758141382e-05 1.322057527140942188e-03 -3.538549207579297167e-04 -9.406080285234015266e-04
-9.694446321370145392e-02 -1.497632444795847333e-02 -1.953364005313041468e-02 -6.828307221572481323e-03 -1.468239944903968267e-02 1.793185048815346442e-04 -3.701475983408981495e-03 1.155369498455271473e-03 1.253291422442720689e-03 3.913873670954351436e-04 4.930859200144441061e-03 2.464428667450494458e-03 -1.869840629020744563e-04 -5.132982007144808742e-04 -3.383841437194202561e-03 1.297630728073095006e-03 2.234991154882059409e-03 7.290459666093207936e-04 -9.743272379995451858e-04 2.021490357067739010e-03 7.647541486066935503e-04 5.128087668242851819e-04 1.569202017598560640e-03 1.472037621305767293e-03 -7.578812493197900364e-04 -8.778504553560586383e-04 -1.026965718752029415e-05 1.430181640003092827e-03 2.910326555526547370e-04 7.936723671956444825e-04 -6.588063376314607202e-04 1.510158178842122478e-03 5.866375304343151654e-04 -1.250812231461309338e-03 1.401931878349317682e-03 -5.427921154332502555e-04 -3.820953007211436723e-04 -1.346091570855800995e-03 -2.192277538955971069e-04 -1.192808470682213970e-03 1.452522464300881524e-03 -2.867609053994675357e-05 2.661914483421109600e-03 7.293190443985635759e-04 2.447227026559273180e-04 2.496152928333898215e-04 -3.778425332609988132e-04 -3.290796115827246469e-04 -7.066772698469729564e-04 8.118377859449224651e-04 -3.856916298832654098e-04 6.897094178732493964e-04 -6.794721157204947938e-04 3.035175837726141802e-04 -1.184418322773866570e-04 6.869812023965533214e-04 -1.025401318226586795e-03 8.311473057268114507e-04 1.462388031036747187e-03 5.744899237638932546e-04 -5.493659097537030448e-04 -6.219512965945352091e-04 -6.219241112439005291e-04 -1.145245627981714322e-04 3.907556316626528562e-04 4.092198233813545256e-04 8.501821856231608302e-04 -2.247863663290157455e-04 3.297418150203216712e-04 4.467226640683954976e-05 -1.871426849299389966e-03 1.101107452471772113e-03 1.458382167145452844e-04 -5.328172336636202364e-04 2.976128913646336298e-04 -1.394407609061631059e-03 -7.122289271423198117e-04 -2.933604114801706324e-05 -8.439523949282483339e-04 -1.066595796085607851e-03 1.007659375202263081e-03 -6.456375920052546177e-04 1.273281610996875295e-03 -3.096366905349664080e-04 2.891170788014575774e-04 -6.255603068213328203e-05 2.335846991848135128e-04 -3.187770323794719479e-04 8.113900449156760458e-04 1.275893291337199106e-03 1.735261534876746288e-04 5.954832936945316435e-04 1.046771460575307436e-03 -7.782227057875983588e-04 -7.461574472296653073e-04 -1.445869921349864583e-04 8.289521748403519278e-04 -2.820774879407691050e-04 -5.223373242094808732e-04 1.879451815808325544e-04
-6.321009086553591727e-02 -3.842988466676836024e-02 -6.003543877974859555e-03 -1.161287260758916799e-02 -8.430379753716491995e-03 -6.645728229586722081e-03 -2.239238028015607795e-03 2.776931280811664130e-03 6.050450907396659299e-03 3.008452241651973173e-03 3.637433316273891003e-03 1.835721791861264288e-03 -3.010948616018513813e-03 7.763462339026573579e-04 -1.422395456077223423e-03 1.458940370459756337e-03 3.976045013693106753e-04 -1.899891157878168344e-03 -4.622483883932482912e-03 4.089771322006477113e-04 -1.894472367442179023e-03 -2.700251796290247149e-03 1.794843846767239402e-03 -1.055678066903016328e-03 -3.548795993765353849e-04 -9.773027254923855565e-04 -1.029465424608483597e-03 -8.680228010014136395e-05 1.556650866979371241e-03 -1.792417871146574941e-03 1.905992495300276070e-03 -1.539884975946734279e-03 -1.070825434893387138e-04 -5.405987872959503197e-04 1.019805652160303338e-03 -1.166062867331032045e-04 -1.065794396594840201e-03 -2.683850217838712558e-03 -6.403048106863154553e-04 1.089880613946051191e-04 -1.709107940448403905e-03 -6.212890520938730730e-04 4.839507829791664606e-05 9.627829086627839308e-04 1.823267140690478308e-04 4.283512585199206185e-05 -7.959021132432080210e-04 -3.895999232495377150e-04 -1.335954463986315985e-04 -1.414914764389878406e-03 1.018711443932552229e-03 1.979231909357300530e-03 1.027365294656296677e-03 -6.622585728767446732e-05 -5.698173680742637994e-04 1.442550779159767647e-03 -2.282248448580014022e-03 2.653639650957324023e-04 1.673676479160394982e-03 -1.368267940370509756e-04 -1.381179725375483594e-03 1.131252170917985186e-03 -2.148024479549465356e-03 -6.432553484520097797e-04 -1.082039128354391052e-03 -2.044142293062237332e-03 -2.192730159456932407e-03 -1.757785178843856598e-03 -9.799426222996163280e-05 -1.170125687204582026e-03 -1.455742525574674380e-03 6.080723347770321745e-05 1.836850419065345311e-04 -3.505512375815546776e-03 9.823069290429422510e-04 -9.714223960083668294e-04 -4.156955794741957295e-04 -1.511699305926377359e-03 -2.071475409420070468e-03 -1.108871782970600886e-03 -1.186531635572192532e-03 8.070722613986049511e-04 -1.814348917083002336e-03 7.573800372876497364e-04 2.914503842947158835e-03 1.831430521037907041e-03 -3.752895055473635250e-04 -1.460982754550474612e-03 -2.935806027698792918e-03 1.541124844902625835e-04 2.946607216648379290e-05 -3.593027648675996104e-03 6.245019408579045687e-04 -1.322048436200567783e-03 4.187566199648731129e-04 1.428807461654273874e-03 -3.118476373289978589e-03 -9.709592637928264212e-04 -1.034930371321491228e-03 3.832844552063179098e-04
-9.275679536375203149e-02 -2.131352505493930294e-02 1.508942588148684885e-02 -1.931883836598058402e-02 -4.250224078964866259e-03 -1.080905889340885717e-02 -6.273576974640430320e-03 4.087370865016319750e-03 2.967503948414928431e-03 7.926164128705054726e-03 -6.030257817669418090e-03 1.289798149445640528e-03 1.343258891879656886e-03 -1.264934533117073817e-04 -6.418028708465256613e-04 -6.164756086971333153e-05 -1.889210394825421814e-03 -3.223727336782129544e-03 4.317305951788965798e-04 -1.565666055761158774e-03 7.299630426615047853e-04 -2.699894795468858744e-03 1.750519135409272847e-03 -1.761966873897651735e-03 2.652013920694357933e-04 4.819593605686694159e-05 -2.110251258826753053e-03 -2.088982692129308805e-03 -1.714000726248126986e-03 -3.844060148307523652e-03 1.893929425811204798e-03 -1.316574103493155278e-03 3.485859476263169316e-04 8.398202840321730180e-04 -6.790070536066129901e-04 2.562661896484542240e-04 1.246631419741444941e-03 2.079585568395062847e-04 -1.470037898909469206e-03 -6.963391678997694477e-05 -7.429543679134651985e-04 5.046915373733388980e-04 -9.706213467566180645e-04 2.812633270969532766e-04 3.006496829100230739e-04 -1.434171201242629475e-03 7.588492219406106631e-04 3.118171167692537576e-04 -1.582960510879007293e-03 -1.571391958117921697e-03 3.715844646993493117e-04 1.189511138422065344e-03 9.156519251827362953e-05 3.097199103254717084e-04 -3.096129363011205821e-04 3.123033884558104817e-04 -4.503244577111826559e-05 1.082133430105029163e-03 -3.849671568392777328e-04 -9.829280476829184779e-04 -1.200711919484972242e-03 1.093960993008873638e-03 1.333489854420454295e-03 1.394598081681840259e-03 -2.152986099834929945e-04 1.394077204022201899e-05 -1.748160344392837720e-03 -2.948875608504882007e-04 1.521196220830571544e-03 -1.335769314111594263e-03 1.008759986398326865e-03 -1.185247962907643029e-04 1.988294301535910541e-04 1.017722666743102120e-03 4.689818205768696790e-04 6.500936190920893589e-04 -1.286414007823272676e-03 7.971702110008101801e-04 -2.307503456539673336e-04 1.093579351059109002e-05 7.013694116425839243e-05 5.440261269066057467e-04 -4.112047442791748873e-04 -2.464687748407814473e-04 2.648011197415918059e-04 3.560170852231515372e-04 1.049891928951378990e-03 6.864956115226713337e-04 -9.964999924449598461e-04 3.529829161986852270e-04 -8.432712832756785869e-05 1.927962538306091404e-03 -1.392510610627710520e-03 1.543227302695104322e-03 -7.289629251545910564e-04 6.617156399927142090e-04 2.527005193504232522e-04 1.704351285088393159e-04 -7.833265364755695763e-04 -5.552412863141556985e-04
-9.229909132967564767e-02 -2.813872921428335963e-02 3.146957736720749910e-02 -1.485574308007175763e-02 -6.543835276182525000e-04 -1.556320172857581473e-02 -9.078877362935394366e-03 -6.165727643410604062e-04 3.282323554406589398e-03 6.439049951688287712e-03 -9.596539961408275324e-03 -3.188865336579358931e-03 1.205214296330304531e-04 -1.131075887681923893e-04 -3.242541509127612291e-03 -1.596834439171578328e-03 -4.474202815419448909e-04 -3.312505713679848602e-03 4.531338872372464403e-04 4.002055178076083090e-04 -1.317199863667534209e-03 -1.370857211195741733e-03 1.333833719915253910e-03 -2.905418180337233317e-03 1.183303461263808965e-03 -4.193723568421303303e-04 -2.733996388553976359e-04 -1.423140393487692121e-03 -1.093147473458642993e-03 -2.199222462560487985e-03 1.514414635090639318e-03 -2.301234856615491740e-03 1.516260567890482646e-04 4.865738382233913777e-05 -5.396236368540555280e-04 9.846517089137452137e-04 1.394822532750848200e-03 9.592404431867228732e-04 -7.560491281466166476e-04 -9.226694901452115664e-05 -1.126859856172376722e-03 8.040783906751701200e-04 -1.817554337479517076e-03 7.731700957978116309e-04 -4.147240665041163369e-04 -9.582689268490085337e-04 2.448235185585395136e-03 1.240106403362198611e-03 -2.980051294996067125e-03 -4.788627590589706099e-04 7.817432120750139081e-04 1.351900694871170433e-03 -7.938875765505232088e-04 7.428892249459104723e-04 -5.302069039372410029e-04 -1.396319593218282797e-04 7.981334691495994014e-04 1.194418537328519611e-03 -1.158491841255740896e-04 3.863562834741438154e-04 2.755969225329346151e-04 -3.906361406478051209e-04 6.117325029778614316e-04 -1.921381289761663177e-05 -3.752794928800990218e-05 4.778512142018571007e-04 -2.113608260902167819e-03 -8.837149495158783748e-05 2.296938163980904481e-03 -1.016574722084936022e-03 1.104904860614179616e-03 1.949620642615817979e-03 2.280285496936055678e-04 2.065656951122502017e-04 -2.754399194325976398e-05 4.027050884113479051e-04 -3.599488810329773305e-04 9.586939728160475977e-04 -1.160240631742258215e-03 -1.318496192517056714e-03 4.988358322926226152e-04 1.096388399366124812e-03 1.300667333245687481e-03 7.918238156231854029e-04 -6.607123527644062134e-05 -7.676515726072233011e-04 9.451320191715163743e-04 8.920980222846021379e-04 9.295374224094347156e-04 -1.133390781411849034e-03 -2.682997186953151210e-04 5.827097771265549956e-04 -1.202077913421982112e-03 2.362345433791873586e-03 -8.361601401570001183e-04 1.015830334529544592e-03 7.764246112219120102e-04 -8.514666730949584008e-04 -5.291147352738017132e-04 -8.031172805431151078e-04
-1.102361684841013795e-01 -8.595430969952556899e-03 2.099592213631326643e-02 -1.215333319420354614e-02 -5.017621569356277289e-03 3.921891138251366350e-03 -1.015270373231877583e-02 -3.117772016816850855e-04 4.710105040991171416e-03 4.667346890420972366e-03 -1.649016470791822087e-03 -3.081389886907695205e-03 1.576649006718022902e-03 -3.897492703372349636e-04 1.441933916529902597e-03 -5.908660169984204704e-04 5.091273651659671863e-04 5.814165873617699711e-04 -8.745828386818034180e-04 5.841088264572912329e-04 2.519696464621701444e-03 1.214643046226574711e-03 2.860090250283891730e-03 -1.115667800474423165e-03 -8.303105352379324365e-04 4.636719319807423357e-04 -9.007977256522287101e-05 -2.163784401674284468e-05 -1.459723794255909967e-03 5.159857815179068677e-05 -1.387083868950818534e-05 1.824593289696781542e-03 -1.380427995377937235e-04 4.528304751519530340e-04 -1.989870101888785523e-03 2.154558492846281683e-04 1.706485396448153484e-04 2.648990017652782820e-03 6.938061627243143200e-04 1.155316870403169660e-03 1.022990532048462893e-03 -6.796615707585166449e-04 8.305018113386370988e-04 -1.222394728001370253e-03 4.105794486317884576e-04 3.435305858694818202e-04 -2.613046370290341954e-04 -1.242908100440723263e-03 -5.575290450677861673e-04 3.363961039810583380e-04 -3.497382809290764880e-04 2.420014734269609059e-05 -1.012905295620581325e-03 -2.524236862619691729e-04 2.961176321876943219e-04 6.300411234464158711e-05 1.212980463127195046e-04 7.477787787671000101e-04 -3.224844060745096818e-04 -1.340502162344619878e-03 7.507306826462976880e-04 -2.596826317124658777e-04 2.580597275907770059e-04 5.066743728475104963e-04 1.471367039305341922e-04 -6.288999511374403304e-04 1.086848362929718030e-03 -9.440418397540788382e-04 -1.087135635860733999e-03 1.604229999866990403e-04 -4.253603770320087021e-04 -3.383213222645904358e-04 -5.155072323354841944e-04 -9.050797403083414431e-05 2.513014445016575869e-05 -9.476752998562220287e-04 2.064584526102993586e-04 -1.450176887518462980e-04 -1.046623002866562671e-04 6.759322908272549302e-04 3.267657477763430364e-04 -1.172839903332416420e-03 3.872240616538604884e-04 -6.375490315736608720e-05 -4.390922252358107187e-04 2.934100798989211088e-04 -1.204167807826852848e-03 -4.597792832980891607e-05 -1.884423947168803383e-04 2.725968959791800670e-04 2.909142990325309556e-05 -1.121001365217799928e-04 -3.134783406946097949e-04 -9.946710429075912487e-04 -4.597330965677800694e-04 -9.938154454269369775e-04 1.588728347840514610e-04 7.927859241533707522e-04 2.012356720760291270e-04 6.236577051922385971e-04
-1.065011471510803331e-01 -1.315246273274351015e-02 4.212677789485449326e-02 -4.457934593759872201e-03 -2.844174515155856002e-03 -2.220652958476889045e-03 -1.166311157039646301e-02 -2.612412832620944134e-03 3.331079911079899702e-03 3.003413541508276937e-03 -5.888875967179162292e-03 -6.631620288847731720e-03 -2.760144953051033457e-04 -4.109187193722279224e-05 -2.224688926815232472e-03 -1.428957575022337485e-03 1.672973117822514457e-03 2.429929456368196160e-04 -1.172872628310149719e-04 -4.158230331394851403e-04 3.295962686657809000e-04 1.691804150531891950e-03 1.469096335851985576e-03 -1.849402652918188256e-03 3.754527158197071886e-05 1.516236666127998966e-06 2.013159093732259410e-03 -3.796218080086889452e-04 -9.689466064321289492e-04 -2.002088613615131876e-05 -6.536230279058810426e-04 7.831239495293956928e-04 -9.950079112429584868e-04 2.134789130159235441e-04 -1.852548291845247707e-03 1.360478866892635185e-03 1.099140332471216109e-03 2.201062594094308194e-03 8.872363220352442971e-04 -6.573410416315464974e-04 5.724249296366493243e-04 7.919895158884404695e-04 -1.955398238280021267e-04 -1.146740302233359692e-03 -5.206619354487252707e-04 4.883062826662408745e-04 2.328087163669249979e-03 -1.489439350476095365e-03 -2.167339831836337556e-03 6.702537582034905463e-04 -1.109950672902295472e-03 4.525871585754395179e-04 -1.283312194631499930e-04 5.529729691818948854e-04 1.676430396719526825e-03 -1.167189837553276200e-03 -3.314410584956441061e-05 1.679686192372421057e-03 -8.715975894654221087e-04 -1.862316171328128479e-03 1.121000298395089054e-03 -8.984868742285668066e-04 8.526917815648389555e-05 1.277643037150139917e-03 -6.027109743490129384e-04 -4.312945914235784945e-04 1.761346731047324461e-03 -1.789079760109802200e-03 -1.178688179215953927e-03 7.967674964047085544e-04 -8.272613043666762105e-04 4.197789376203417649e-04 -9.037843112523723244e-04 1.704563438717468472e-03 -1.749167236174215478e-04 7.565203834488174036e-05 1.143049586350079966e-03 1.150500175908564238e-03 -1.360089885410390277e-04 -4.896918064561591203e-04 1.453378947000473877e-03 6.621390734036179118e-05 3.277875559113762423e-04 -4.108805222687940449e-04 1.014139636018131447e-03 -2.138726187852393445e-03 -1.110291404252420396e-03 -7.561852615592958536e-04 -4.155681093449992818e-06 8.075150266964988216e-04 5.898006165635885124e-04 -1.389190205760197725e-03 4.443336182626816001e-04 -2.347414401978010698e-03 -2.197418925717094099e-04 -2.214767856567533780e-03 -5.544977515682221946e-04 5.825712565045725088e-04 -6.835244392080082028e-04 -2.182078150158463153e-05
-1.131258608508362989e-01 -5.100851505421374020e-03 3.564683671209169930e-02 -6.978826671063770998e-03 -8.756478056841307533e-03 -3.643527812686578327e-03 -1.004088986644538495e-02 -1.495079988630474647e-03 4.661255053592257801e-03 7.237351494922011734e-03 -5.958296844187710266e-03 -3.942492447906786879e-03 2.046025703745658463e-03 3.420473117684812029e-04 -1.331200967448074174e-03 -2.356807820599676577e-03 3.062097929824953747e-03 -4.238060901604649103e-04 1.207420853478319414e-04 -1.008331643413710012e-03 2.400439678273026266e-04 5.479522225675359629e-05 2.498735667375294543e-03 -1.003369292424027967e-03 9.794698940693765272e-06 9.224731457947456768e-04 5.123074558594830144e-04 -1.201872278331203451e-03 -2.135628909339275846e-03 -1.805004624582890209e-03 2.596728275800795150e-04 1.140484868113621555e-03 -8.514039391636221222e-04 -3.059723326562350815e-04 -1.774344208218281340e-03 1.302736739399649882e-03 1.183158686820980424e-03 2.828272658985284908e-03 9.377389832034132428e-04 3.867159648335919677e-04 6.000444993871656158e-04 7.228668217395435580e-04 4.051826686583892079e-04 -1.091422672945569806e-03 -3.499048758406704453e-04 2.008713817687070150e-04 1.877523232256714811e-03 -1.238843931142482886e-03 -1.896874754528218767e-03 -5.900433962943448353e-04 3.081152530229052809e-04 1.068539359534073597e-03 -1.079090756556672992e-03 -4.435534857795779811e-04 1.170044176903522722e-03 -2.469002243664234278e-04 -6.496409934165699738e-04 2.188331099852143004e-03 -1.455250295311259767e-03 -2.276434424396423743e-03 4.402000296231229313e-04 5.442304348432692876e-04 -1.813616489182443147e-05 2.281150513486992527e-03 -8.539568510082034755e-04 -1.493253703369140217e-03 1.901541389477678110e-04 -1.455591948641510617e-03 -8.191811527379244022e-04 4.625182212240314225e-04 -3.306308946647041887e-04 6.623088828058688957e-04 -1.389286087476773973e-04 1.646705578123840727e-03 4.915607348505804950e-04 -1.031658186868344334e-03 2.118234650784883970e-04 1.433904093722231316e-03 -2.917382890280305037e-04 9.118558591799149748e-04 1.217395115377985183e-03 -9.350998780821010619e-04 8.756608640156925713e-05 3.833107246283408258e-04 1.662272036630454541e-03 -1.953199885359298543e-03 -1.971427473519976690e-03 4.988194889445616599e-04 -1.332586609456245857e-03 8.934117253079813066e-04 3.486556401339820240e-04 -7.470152309911673449e-04 -8.950193398679401509e-05 -1.329402868231720821e-03 -5.015335804617818008e-04 -1.864381255506958497e-03 -3.149035741445990006e-04 7.671704478048104467e-04 -1.342225340705085080e-03 3.530592339671982855e-04
-8.565039915054739605e-02 -3.268279701768262574e-02 3.861132134799025867e-02 -1.285225008335321058e-02 4.759337874858301891e-03 -6.898017770738031768e-03 -1.179153129096606641e-02 -2.604297597295376562e-03 3.147200244037990074e-03 1.843537208058413724e-03 -9.123974765354224414e-03 -6.524514929068002574e-03 -1.931655488406253162e-03 -2.585063684611741503e-04 -2.951743856592699278e-03 -1.611464494092184870e-03 8.418975172322246949e-04 -1.482600430994288803e-03 6.078992710687082393e-04 2.674637122772513618e-03 -1.368897176508472114e-03 9.849786260589172334e-04 -3.890189225145814162e-04 -2.760586014095559124e-03 7.949107776032911287e-04 -9.167706944424741395e-04 2.074094019357080893e-03 -9.148885838625898806e-04 7.937162553332246986e-04 3.640725929438542877e-04 4.101092125286923715e-04 -7.468453769302636899e-04 -1.282913964375533315e-03 -5.513420333855683926e-05 4.039885882118968152e-04 1.844609131996910890e-03 1.478166015528443924e-03 1.430277489935640215e-03 9.799167104250943502e-04 -1.735843030236146204e-03 -3.986087939388015863e-04 8.505824073632478523e-04 -1.106852020695321724e-03 4.913546887622426054e-04 4.499743721611854531e-04 1.137900117787488162e-03 2.574503251735462458e-03 1.075775609353484723e-03 -2.057689536168441809e-03 3.986660371100389944e-04 6.673194398843335876e-04 1.742420943018788007e-03 -1.277313996152709555e-03 7.888391121771390520e-04 4.288828392093147835e-04 -7.818079047271708163e-04 1.674885480907407735e-03 4.741454223397790157e-04 5.375652225587516410e-04 1.490981435410682716e-03 1.180090363574710878e-03 -4.400549062019448623e-04 -1.909717267985298731e-04 -4.880112051124768625e-04 1.238794137078715063e-04 4.580275908112058504e-04 -8.150734330047187037e-04 4.365982223990575134e-04 1.518072853314587477e-03 1.094369174354230907e-03 3.897287529056764907e-04 1.486237917990214288e-03 -2.430299809368692424e-04 1.791631584885580578e-04 -2.751377051773703868e-04 8.901368295182627037e-04 8.783592220370584416e-05 1.563968265003166979e-03 -7.607774242772850958e-04 -1.483453406766329415e-03 1.041405318999344323e-03 1.149347904401350901e-03 -1.966492456546135474e-05 1.221848158183668409e-03 1.299672056430900243e-04 -1.140241439982201017e-03 -2.860441130665385885e-05 -4.129118135941209659e-04 2.184970563645602035e-03 -1.896705158053827453e-03 -3.835556850828131747e-04 -6.688760249647138873e-04 5.610775309356781215e-04 8.657796622808456221e-04 1.116131411234896881e-04 2.186160740194044872e-03 -2.336468573936381350e-04 -3.013012166885474432e-04 4.098662918164806975e-04 -1.059824050265493816e-03
-7.418382193602933439e-02 3.492191739429684541e-03 -1.390939878626374498e-02 -1.956343007695470967e-02 -5.863433676728940606e-03 1.995179557807954390e-02 3.491426585303520659e-03 4.273445189190430531e-03 6.177901211441657985e-03 -2.154615003703699589e-03 5.267229628173899190e-04 1.310953827102347450e-03 1.429475068722096953e-03 -2.918041257615159364e-03 1.469605879810630513e-03 -2.042183825834258983e-03 8.402043283377797021e-04 7.221588508143308603e-04 -5.525075422489926025e-04 1.131825873060869625e-03 -2.625588824674349306e-04 1.296159606863773062e-03 -1.156312016148688991e-03 1.030101592937725675e-03 -8.262661834615457395e-04 -1.363762563220611993e-03 -1.065513996095868252e-03 -5.620835596972915569e-04 7.229736174612393833e-04 1.505385401574915608e-03 -1.113172445955076849e-03 -9.932229995544017442e-05 1.822508201244625158e-03 2.512809567101757552e-04 -1.654082005847517156e-04 -2.197640446755971030e-03 -6.162001884670182663e-04 3.281601498583901579e-04 3.225189073812944956e-04 1.852403271064464356e-03 -1.966616746022220585e-04 5.961083184602071581e-05 -1.851276092199999161e-03 -5.443976804503232155e-04 -2.365656239648231650e-04 -3.840543490632335514e-04 6.296717018490220925e-04 3.426515341286069270e-04 -5.578556740063625539e-04 4.763660316329743289e-04 6.327536341433364795e-04 -5.678480171205513164e-04 -4.626303275495405581e-04 2.816340610109151319e-04 -1.026428414531358043e-03 2.231243869571991124e-04 4.068827565486199328e-04 -1.107591645615309478e-04 1.328777779789892767e-04 6.528362811957316931e-04 1.770049249587419789e-04 -4.096395765819458700e-04 -1.961438606368526055e-04 -3.820796164221638134e-04 1.900334903462010225e-04 -2.590554363512759186e-04 6.970934514507230251e-04 3.177792049864562162e-04 -5.868198475470304222e-04 -1.611640057905956952e-04 -3.437112636748377177e-05 2.090313971532898132e-04 -6.155518319119872035e-04 -5.162919299475245789e-04 -1.478672504038101127e-04 -6.146868118005309077e-04 -2.226744642215525995e-04 -5.197533754347288468e-04 1.248484258656566714e-04 2.612139332656355562e-04 -9.132701480492681735e-05 9.553765947915404243e-05 6.076776930280691118e-04 3.990904896080304447e-04 -4.947435572774394076e-05 1.948787925749412785e-04 1.682916343240083233e-04 4.162901821902256750e-04 -9.357495537783322339e-05 -1.891857812232625386e-04 -8.444583580028311269e-04 2.926984140031195286e-04 2.050987841049027724e-04 5.097271913617733990e-04 -1.183405925371607686e-03 7.137192458107957920e-04 -7.675218990194281965e-04 1.216827034481517708e-04 2.006093762605900980e-04 -4.806913563133836335e-04
-9.698642920929455291e-02 -8.374711473214391244e-03 -9.327796472821458379e-03 -2.092140453085723079e-02 -7.761040356285610689e-03 1.137677778443085819e-02 -4.398926631181718054e-03 1.386114221743924794e-03 5.739401700517086924e-03 2.900047155131952638e-03 1.460019285601825726e-03 7.716634088949421173e-04 1.743580811996914748e-05 -2.348037156126152672e-03 2.461803633854906751e-03 -1.273344187828628991e-03 -1.062784967519458398e-04 2.532577109038565660e-04 7.129007343223243368e-04 1.399045242081429575e-03 1.851993139147435023e-03 1.004679716486187296e-03 1.390424739941591853e-03 5.741204307189555229e-04 -1.010298600493491272e-03 -2.996804787990961592e-04 -2.228500165565616351e-03 -5.948496235712405922e-04 -3.111251008016676723e-04 -4.371964419200220401e-05 -4.204328755353063600e-06 2.121789952926355239e-03 4.868561753070193101e-04 1.017096757098268295e-03 -6.520147264542411857e-04 -1.062668579541640275e-03 4.095805095487893034e-05 1.755250523618338224e-03 8.765742085845048930e-04 1.555737036323737816e-03 7.857492730422440622e-04 -7.304791085710397695e-04 3.840756433829477733e-04 -2.106434933343960352e-04 1.267950060699632713e-03 4.458689911994042189e-04 -1.082742343604366133e-03 -1.416480056986154853e-04 -1.380547254611676504e-04 6.940613505126640810e-04 -8.863629910891635596e-05 -5.313360596692168160e-04 -1.192408962581350184e-03 -6.439192119108393120e-04 -2.649969429854737049e-04 1.368930994490189608e-03 6.783183450377888333e-04 -2.929946789887261723e-04 4.444525319995144483e-04 1.767785802246208662e-04 1.289593173751714091e-03 5.185001494387203765e-04 3.558076069714951906e-05 -3.832810724055644189e-04 9.684610587347254130e-04 -2.709375821195819331e-04 8.798008604460876708e-04 3.378580575833600805e-04 -9.975670280726442376e-04 -4.801559281784900267e-04 -5.726476854103364732e-04 -2.626981365634092468e-04 -7.993497679827205830e-04 -1.151389104390271008e-03 -3.728015026520348197e-04 -4.430753754383079065e-04 -4.053824359808417226e-05 -6.811652110528480103e-04 -2.870443786682650095e-04 5.004683654095025760e-04 -9.109670011931825641e-05 -1.614183934435022298e-04 3.092655003179319148e-04 3.567303738888306301e-04 -5.347841851438900817e-04 7.875921814350375031e-04 -6.621878028391277055e-04 -3.079608800063644630e-04 6.469457326100528163e-04 8.452498554291994716e-06 -9.852657612321464708e-04 6.776413093218181449e-05 3.716421817133137113e-04 4.461780209974184675e-04 -1.140049422820964189e-03 -4.452385866860821570e-05 -2.665904366694253711e-04 2.271429515939530784e-04 8.061311227706522298e-04 -3.616560857603278974e-04
-7.346123175665852933e-02 4.505439463936912296e-03 -1.564634234123005868e-02 -1.515624646490645877e-02 -9.034465256222043786e-03 1.751265402395068768e-02 7.192371393114193462e-03 5.417365170098204993e-03 5.844123489369035425e-03 -3.168347440339712787e-03 1.009983277079186522e-03 8.968570965271739854e-04 2.787949487651929324e-03 -2.237434409422086462e-03 6.260657089664413031e-04 -1.297199348286825777e-03 1.046131275503484450e-03 1.114171666510872707e-03 -1.580067756365314234e-03 6.421241649546536895e-05 -1.373990076653751769e-03 5.816259669353201177e-04 -2.182413302035708311e-03 1.624011286385001291e-03 -5.514818734688323523e-04 -1.831363347715777093e-03 -1.009396218965664472e-03 -1.223079836959141712e-03 8.147319186070922648e-04 1.646277116471918074e-03 -1.779800864273705773e-03 -1.445628329955932169e-03 2.551287763575668579e-03 3.490989026607020955e-04 -5.238897682858346890e-05 -1.452116286152083406e-03 -4.062031959162902442e-04 -1.126138260816160388e-03 -8.322768998276601222e-05 1.028241282296618505e-04 -8.230963674082252034e-04 4.032947629426952450e-04 -1.630819043294675285e-03 -4.493090604837491437e-04 -1.077804368449998074e-03 -1.046061450984798157e-03 1.669167909173642017e-03 -3.368693816499258040e-04 -2.349495032944757058e-04 -2.678405338921172399e-04 3.838287872093020425e-04 3.684572776953251626e-04 5.546063686239904000e-07 -6.233415838801746719e-05 -5.130339865794628518e-04 -1.076751976129976035e-03 -5.275824039506171693e-04 2.711788405840151114e-04 -3.723224099095116249e-04 1.047483322613751563e-03 -1.494696750554402865e-04 -1.976038722888449461e-03 -4.174212973671760358e-04 -3.816150435893936755e-04 -4.657803241987783401e-04 -1.859251589104256503e-04 -3.869205345235715793e-04 -2.966756821578153029e-04 -4.431714848591598909e-04 3.564383648485275205e-04 6.252074494291867028e-04 4.872301354817248063e-04 -2.057177122467723665e-04 6.111654014094740133e-04 2.271340592123359189e-04 3.994654236172414351e-04 3.669886490362321519e-05 7.937635412622412543e-04 7.652096084660396907e-04 -5.253618372049519711e-04 -5.686153153391304213e-04 1.086905545398715600e-04 6.116717507065517643e-04 -8.176721864054102052e-05 7.841449687280690811e-04 -1.845541249963065405e-04 6.353590978434906335e-04 1.433373617484606679e-04 -6.795554924000688337e-04 -1.608037402197526246e-04 6.392035305681470058e-04 -4.501189099565645961e-05 -3.217388437316407216e-04 -3.091969951783888866e-04 -8.828315175409817413e-05 -6.971793889121739776e-04 -1.719835781111089617e-04 2.253941366291593656e-04 -2.248837242892389582e-04 1.209623987393837946e-04
-8.040272265845548050e-02 -6.964816207969210839e-03 -1.147996989836088180e-02 -1.961440326123585140e-02 -9.209035973196227562e-03 1.421760097305339345e-02 1.035533923847395659e-03 3.868266993999489034e-03 6.783828816004646226e-03 -8.361912731367143948e-06 1.655466901944599922e-03 1.780762216074243754e-03 1.880179002631763999e-03 -2.488648347497578878e-03 5.692878613733765155e-04 -8.000668552961447740e-04 1.185100535323884959e-03 1.213764941529336716e-04 -6.462592171879715398e-04 1.236272381171712965e-03 -2.715633471546321912e-04 9.685058111086772238e-04 6.042457323431965014e-04 2.202572663306008073e-03 -5.125524402051688608e-04 -7.536561964139372070e-04 -3.186816874135394687e-04 -1.483868662955186628e-04 4.719042455032730252e-04 7.986983303071530779e-04 -7.072110603710663433e-04 1.511219934417212720e-03 8.232954457147669989e-04 -2.311196611414518415e-04 1.294728389192919139e-04 -1.612050195670542557e-03 -3.751325923796617885e-04 2.091034884081569695e-04 7.803996853993843633e-04 5.846491844904226328e-04 3.755930306421064401e-04 -1.018706968597005039e-04 7.707675166634481373e-04 9.610806027102805898e-05 -1.112412993335214174e-04 1.241933306071106254e-04 -1.029048096043511107e-03 9.721048452784615936e-04 -1.752263176374695445e-03 6.778780143926612474e-04 2.033009220992110959e-04 -1.654022292168421890e-04 -5.445230227373248173e-04 5.356351634120558227e-04 -4.104538910274739398e-04 1.387087001462850629e-03 -6.652155797597607409e-04 -8.465265562547993352e-05 8.446148157446974189e-04 1.113819514931980136e-03 2.952279068830102136e-04 1.793062702300823397e-03 -6.171900966768952403e-05 -8.460286336930665247e-04 6.468830285682476006e-04 -4.433133623100163145e-05 4.328578540708295547e-04 9.936925247228810439e-04 -3.011783127335945906e-04 -6.742419505128346849e-04 -6.699419943917161741e-04 -3.302852765412811801e-04 -1.244208137095301377e-03 -1.666495978002926082e-03 -1.736081333742686152e-04 -1.256384106691910878e-03 -6.665911310177001763e-04 -8.596796875232603488e-04 -1.008615842604184592e-03 -1.079145894711481060e-04 7.643504621768955083e-04 2.822466410516384703e-04 7.846916072329642279e-04 8.075119267413381980e-04 -8.012794407916181685e-04 3.169125313256712087e-04 -1.789281134078809512e-04 5.559608933917886990e-04 5.790436989833467945e-04 2.728780600177226697e-04 -1.502668090206667412e-03 1.022994386863661925e-03 8.622119561409481974e-04 2.348046652051778303e-04 -1.875487407796327857e-03 9.532174144082016746e-04 -1.041364799943234618e-03 -3.439926887522257127e-04 -3.360090015353969328e-04 2.164994032487268247e-04
-8.881582385066234819e-02 -7.139367362757075008e-03 -1.980905351116231741e-02 -2.266900821678197522e-02 -8.867433461779906934e-03 8.889060031195522571e-03 7.691887663836531218e-04 9.159781468236485261e-04 2.991878967847653482e-03 1.637850469195578813e-03 8.211342021587356632e-04 2.426555466820601217e-03 1.512693510274517152e-03 -2.098834502732049509e-03 -1.279073896879476756e-04 -5.526259175747286027e-04 7.922561795647822586e-05 2.194962107659583229e-05 1.417053962942636152e-03 3.455297052383562843e-04 2.369121824974537108e-04 5.114854823816144700e-04 2.515434879539770970e-04 2.286565083816910829e-03 -9.280425915276927298e-05 -1.065282358873110885e-04 -6.984673399793283602e-04 -7.410423769930576726e-04 4.177633347875194620e-04 -1.090502085143443432e-03 7.357591212480233409e-04 9.329431596184146113e-04 6.663377294040905398e-04 2.687056439149012135e-04 5.681940823078951474e-04 -4.542526241070601813e-04 5.374528764165050192e-04 -6.257063959705528580e-04 7.964192251539956328e-04 -5.426150581048183553e-04 -1.820156281484008052e-04 -2.111058777673660407e-04 2.319873836054010385e-03 2.389297878278541444e-04 4.278730119376802292e-04 5.254989779699701996e-04 -1.800035540836783738e-03 8.487708355287673688e-04 -1.373610453011959477e-03 3.357801347726781390e-04 -6.252602835218806559e-04 9.789196128304536709e-04 2.511581045943872656e-04 2.833612155407781372e-04 3.861927044059747303e-04 7.810132692117634483e-04 -9.631460158944870177e-04 2.496818953976707458e-04 7.989565322628803352e-04 1.016914517280639169e-03 8.100301974094530370e-04 2.460662573383897399e-03 5.472291215498020040e-04 -5.353681660939082002e-04 -2.212184633528905566e-04 1.818799878680369363e-04 -4.627147472865132433e-04 1.094333438763767574e-03 7.503749073943091004e-05 -5.827157005437801377e-04 -1.884155421735593891e-05 8.296390242449882765e-05 -4.949011024930275848e-04 -1.016956860459748441e-03 2.283401595540203856e-04 -7.197201936692785586e-05 -1.466284673018056152e-04 -4.595707164065916759e-04 -8.287397561860971327e-04 -3.592402706913331548e-04 5.773408164678891456e-04 1.107768439304924980e-03 3.832093185290620912e-04 2.474530814092513738e-04 3.224346414028456272e-04 2.695629593370328192e-04 7.231617616427052277e-04 4.455341493800895497e-04 4.159923393940304147e-04 4.543203253084876947e-04 -3.911481279597891028e-04 6.174627985793482160e-06 1.162954519105571577e-03 -5.447351563024028457e-04 -1.414969614744982862e-03 6.640689237092567334e-04 -8.769339180423489427e-04 -7.679671602162282387e-04 -2.778317150207177408e-04 5.073327772453916376e-05
-9.511343738433276906e-02 -1.510529875894314408e-02 -1.251027809708871869e-02 -1.286602614585527493e-02 -8.046666340243405560e-03 8.254697077125311422e-03 -4.086336283240759280e-03 -9.636707399570789215e-04 2.200946380154429702e-03 -2.255989664895394296e-03 2.722084307688788559e-03 -4.596795595412618497e-04 2.791182979729740603e-04 -1.618658464225937238e-03 -1.996400491193654064e-03 1.417326985471584764e-04 5.767592208536412952e-04 2.247130785995517764e-03 -1.240777489769058191e-03 -1.514657939313398204e-04 1.572246534414396216e-03 1.961148204117745507e-03 1.630245192326049619e-03 2.982597874112455729e-04 -8.564561682817318795e-04 -1.346539275392535278e-03 -6.590027871528578727e-04 1.230340110109505404e-03 2.945967199565490725e-04 2.718201635150112577e-03 -1.743431465346823180e-04 1.866027097105356662e-03 1.129303852397412107e-03 -1.751392549612990806e-04 1.888137565519236438e-04 -8.179338847793449132e-04 -1.819441348244126011e-03 -1.106199103785161222e-03 -5.383616136995141715e-04 1.665657207243186012e-03 4.983464830320513033e-04 -1.100558629716828557e-03 7.769653201552379450e-04 5.900103943845536308e-04 -3.174784599371279327e-04 -4.525277713082322757e-04 -3.760113086132706151e-04 1.731527690980117970e-04 4.716141960437360151e-04 6.425013398042558801e-04 -5.071526145805420284e-04 -1.292556124679719066e-03 -1.692511440877182693e-03 -8.900592661034119942e-04 -1.789681702060561160e-03 1.087124010930129545e-04 2.720045549173492742e-04 -3.721138390721871443e-04 8.893877090166899240e-04 8.283560884600411943e-04 -3.050289516073924887e-05 -1.324856717475573651e-03 8.935210409674853574e-04 -8.469737551712753360e-04 4.827680568684610679e-04 4.774140130490034536e-04 8.838667038526712124e-04 -6.033492042510048758e-04 6.335037424489881356e-04 5.788025450991699091e-04 -5.193285415385394876e-04 -2.741042601622465671e-04 -1.554624955482985594e-03 -6.463580599799254121e-04 -7.859778040752239662e-07 8.884090968960205561e-04 4.570230350487433451e-04 6.345552424042025848e-04 5.468474748719399925e-04 -8.132482441676388294e-04 -1.626040907848682064e-04 1.569231404861152015e-04 1.431014572962424234e-03 5.214384043774115919e-04 7.206556127955861431e-04 9.227827243916682069e-04 2.271049939469783029e-03 -3.218231689782474628e-04 1.168006969016691403e-03 1.067770399930140874e-03 8.494318970570474518e-04 1.219867013675576860e-03 -4.223616274538973285e-04 -2.313168417844605265e-03 -1.558177104433557288e-03 -1.877921335404814443e-03 7.298947176887815884e-04 -3.981300437998628911e-04 9.503174324655426540e-04 7.261412222519961299e-04
-2.287029719187346974e-02 -9.138073260657523372e-03 -2.894603547271617019e-02 -1.518358708113965241e-02 7.453634490422135842e-03 -7.047240353045286336e-03 6.118164539694027904e-03 8.914092430083593284e-04 4.277808581422910816e-03 4.374323629875252056e-03 2.459456934145552633e-03 -3.965365026190179575e-03 -2.091807562756505239e-03 -1.371333260835089392e-03 9.305649418636439789e-04 4.813227243884356937e-03 2.858401437399923895e-04 -3.456130627793975625e-03 -1.593186107501085415e-03 -1.493358764921280148e-03 -3.909995797879615119e-03 -3.543478327311979899e-04 -1.018877873233695053e-03 3.299083471288306087e-03 4.524863800310990826e-05 3.971614850161450834e-03 2.240712234930007912e-03 -4.327300066310236777e-04 2.925803841649810867e-03 -8.732728265975243931e-04 -1.065838671873624386e-03 1.701536587482390230e-03 -3.077221368405182438e-03 1.589839244103653749e-03 1.981029142086523573e-03 9.352944037950069057e-04 1.384944531477844739e-03 -7.812674517584045422e-04 -4.368122495381983913e-04 8.436163009580383790e-04 -3.493929326884239513e-03 -8.467257209112114729e-04 -7.204499337199201346e-04 9.264850514561795989e-04 -2.359403926870354707e-03 1.165484152361404577e-03 1.071904022761117469e-03 -9.982409788266699015e-05 -1.740539368723520181e-03 1.371170446291683845e-03 3.837005149630251326e-04 9.591244117277319872e-04 1.237749180648321399e-03 -2.345407360151500076e-03 -1.795908564559604392e-04 -1.480894123913197805e-03 1.850291720757421576e-04 -1.567775224196108494e-03 -1.036000879354056180e-03 -9.270143876214556426e-04 -1.320924993637513807e-04 1.580793971226083757e-03 2.874565385099008496e-04 -2.190391961265605839e-05 2.050135154527743325e-04 2.319490037183171696e-04 -9.352307919166723228e-04 -4.600665205983373029e-04 -1.155358087413769358e-03 8.496397178631592308e-04 3.676100254298424077e-04 -7.797584757006225265e-04 -7.312489020295456646e-04 -1.951411567122359391e-03 -1.538503057571033103e-03 1.614583887689072966e-04 -2.652172401866637627e-05 1.822470048675549998e-03 2.189131407346427399e-03 -7.679053403300095497e-04 -1.077402085288647546e-03 -1.176234211430843496e-03 6.980639746727256272e-04 1.175647285588508287e-03 -8.455473899760082871e-04 -1.389450042851742093e-03 -1.328952780040896240e-03 2.535467787354053065e-03 -1.884296761771500194e-03 -1.685443178171538298e-03 -1.920754496030917940e-03 2.453927595860111097e-03 -1.022616496702620286e-03 1.602834754765636901e-04 8.418398815192866449e-04 -2.102981352738643277e-03 -1.203437167958912313e-03 -2.787690013725875691e-03 7.165193762920732068e-06 3.018655995199424902e-04
-1.275831962320548782e-02 -2.413945704258459168e-02 -1.295416172021616324e-02 -1.631459208633738792e-02 1.719235646871501016e-02 -3.550989871369555125e-03 3.355123826760428134e-03 -3.967444140985519792e-03 5.462708236930556918e-03 1.219921749168305630e-03 8.222933064687118487e-03 -5.029847603452959962e-03 -2.398396703796502969e-03 1.037818440598183240e-04 3.122160241066050386e-04 5.166943664433663701e-03 1.087918469097960130e-03 -2.298388198064090903e-03 -1.744451751437349138e-03 -5.169055221097400028e-04 -4.014387763721117934e-03 -4.979284601254341941e-04 -9.024028053900752262e-04 2.827017228117675602e-03 -7.563074489374805144e-04 4.056835134831087222e-03 2.493300530349799610e-03 1.268431799516578796e-03 3.361581175258061740e-03 1.208068459003769964e-03 -7.469340581667596995e-04 2.669981851138234202e-03 -3.620905304506888238e-03 2.967559152207037594e-03 1.300134720507394297e-03 2.061268465963040503e-03 1.899791090641087584e-03 -9.784316312203104882e-04 4.732198322517338208e-04 4.260434878520963885e-03 -5.176647496097672857e-03 -2.449937731000256108e-03 -5.682286563868755658e-04 1.298472480435997848e-04 -1.104852415055473198e-03 -2.636615596381969989e-03 2.139568314294280817e-03 -2.313612819474054200e-03 2.025713751047847127e-04 2.543817350452018400e-03 -2.244961933594076791e-03 -1.539327413889893552e-03 -1.887534423432025944e-03 -1.069408107339981946e-03 -1.590465532475101229e-03 5.987771489498206747e-04 3.508046025538114066e-03 -2.583425851202066602e-03 3.875480638937774049e-04 -7.553385007668080497e-04 -1.177060454318382349e-03 2.584477784147386301e-03 2.150153078839870909e-04 6.731568695236347932e-04 -5.638497120406665017e-04 -9.169990089740623178e-04 -8.434781146235410636e-04 4.212111468375877191e-04 6.898477188371116584e-05 -2.321167839892325675e-03 5.945039946773926672e-04 5.784969429576874772e-04 6.887520078811099847e-04 9.768758878166377939e-04 8.125516943902516857e-05 -6.878889326538514988e-04 3.703301641314560256e-04 -2.822222021145561529e-04 -1.318052571219683320e-04 -5.278015891350024439e-04 6.402974162608935510e-04 8.661507559223517250e-04 2.361385868240988841e-04 1.312995852765688537e-03 6.837241897786846580e-04 2.261726169912049418e-04 3.626488964311963374e-05 -4.383251891054850574e-04 -2.713592076677003528e-04 6.272047729874468585e-05 3.910703821891416436e-04 -5.267708377893332147e-04 1.039255834276454882e-04 5.171280034598429260e-04 -4.647458635030512586e-04 2.637033217879766216e-05 2.348562144369657453e-04 -1.555203376882869487e-04 4.144808817627143333e-04 4.253621856022812495e-04
-7.877633092223251809e-02 -5.344614241628508136e-03 -2.980677287048945703e-02 -3.189906118811744896e-03 -7.823594139669192565e-03 -1.550020999709153524e-02 2.441260370176019830e-03 -4.789889434003708271e-03 -4.882467247664117223e-04 4.283642155563398800e-03 2.243591230707272805e-03 1.508769254744105775e-04 -9.413838898394402601e-04 1.319860262973267901e-03 -1.295693941032618687e-03 1.600043259797338802e-03 3.568820725951302544e-04 -2.549121332249913024e-03 -5.806296873977109503e-04 9.091766289833781147e-04 -1.796713947196360538e-03 -7.720609615833552361e-04 -9.796923885189991969e-04 4.030978263149873476e-04 -2.436750646015747954e-03 1.965824057870141101e-03 1.961793160310030637e-04 -1.866588435546146971e-04 2.283134122738874543e-04 -1.208082892205357309e-04 -1.566553239022834771e-03 5.682897518360710814e-04 -5.539920317068863613e-04 -8.575205491496221404e-05 2.163936459466156079e-03 2.493070166668225345e-04 2.824226187322520119e-04 2.509321722259117435e-04 -1.324931568100308444e-03 -1.811192393879524579e-03 -5.616416739132932103e-04 9.668216283580746435e-04 9.789393325858547577e-04 -6.573489113770938919e-04 -8.800232272236100317e-05 -1.434229765533300460e-04 1.112395035497585954e-03 -4.459039602921468972e-04 -7.216877084970367487e-06 8.571441291456164064e-04 1.171739461130758209e-05 1.260056655210525442e-03 -1.903863430278167259e-04 -1.943497175538910207e-03 1.949406685768727385e-04 -3.253142524313951730e-04 -6.300183760647627565e-04 9.221393878080148560e-04 -1.156692126194211077e-03 7.870076692085772744e-04 5.536402757065801705e-04 -3.559131387162867404e-03 -1.555996537226734698e-03 9.281903357520455934e-04 2.584787901389020890e-04 8.571406613516558087e-05 1.482776901731799142e-03 -1.227474494380973325e-03 4.858668764769506960e-04 -4.468572326978445351e-05 -2.668097629458548352e-04 3.185210175695454772e-04 6.824271276034236944e-04 3.968468608058730489e-04 6.644733763928324351e-04 -1.132543453774685540e-03 -1.268564519395078399e-03 -1.391992661087895463e-03 -6.705724514007185919e-04 1.391019416556857216e-03 -5.621537704857694067e-05 -3.952255722651857846e-04 2.933837593263328015e-04 -2.954227261493985236e-04 9.765441101515688355e-04 1.674760263049616341e-03 2.222374980741116516e-04 -7.264704687620747317e-04 7.051629275165400895e-04 -2.812761705322977101e-04 5.686052257704516180e-04 1.408635521759368878e-04 -7.792539060172717739e-04 1.173974843071285681e-03 -6.259058094904045629e-04 5.132932533688920086e-04 1.086296902125247600e-03 1.608395077208627823e-03 5.458189047568251214e-04 -1.593771443902694453e-03
-9.741864428830046552e-02 -7.597901883208925053e-03 -2.435574174553588669e-02 -6.848435194266568049e-03 -1.288022744098195685e-02 -8.805299385543524995e-03 -1.870097241852358054e-03 -2.013344131381527430e-03 -1.643971423590775667e-03 3.786950095223505161e-03 3.698677475699756103e-03 2.131663766435950083e-03 -1.006959246014322391e-03 4.187983238704505429e-04 -2.650987938173017186e-03 1.758630591650827682e-03 1.646933635799800342e-03 -5.191599507842857694e-04 6.085695606670782961e-04 1.921368307785890428e-03 -3.613327341093858181e-04 -2.631499110670563622e-05 -3.324652810373390126e-04 1.441338285391782379e-03 -1.735681144199336919e-03 1.159939684277764681e-03 4.445260641694733297e-04 1.191551679472963466e-03 -1.181165128319385281e-04 7.234885872845276452e-04 -8.663746887741301207e-04 6.288796867318368093e-04 2.020567560355588491e-05 -8.431397809779235183e-04 2.967529262576454937e-03 -3.352159782129415658e-04 7.883958401091822020e-04 -4.772976643664133991e-04 -4.593193798683939269e-04 -1.929501555031929621e-03 1.795814636457789427e-04 9.979924565203784209e-04 2.243527185149803843e-03 -2.623911569745100072e-06 -5.913856659046839233e-05 -5.109278070778361987e-04 8.734802585664413078e-04 -1.458391525818549309e-04 -5.635022248206607992e-04 7.602712985559304925e-04 -4.128590495549776739e-05 1.364385355813151806e-03 -3.443155359135924060e-04 -1.578984247913900636e-03 -2.350044278189450126e-04 -3.515322545207123350e-04 -1.657868891405500688e-03 1.101910329276661491e-03 2.002129907930801350e-04 5.618306213783149381e-04 -2.372333787187317936e-05 -2.534532914524414895e-03 -1.548758566019512199e-03 1.008373259260115454e-03 2.381831879269864923e-04 -5.611851559705968316e-05 1.381769439302889127e-03 -9.087269670804658380e-04 8.758958256996125400e-04 -1.345030717138365390e-04 -9.357258785087743972e-04 9.035520020051938201e-04 5.622532318163194756e-04 3.366647208129261936e-04 7.273057752589719583e-04 -1.418252057050270812e-03 -5.773098819674091784e-04 -9.393852254109799670e-04 -1.026567406858260988e-03 5.801546750285164165e-04 1.392811099956605260e-04 -3.577425586759604517e-04 4.778764506592895795e-04 -5.117679694907741137e-04 8.395145101873465517e-04 8.233872441017583066e-04 4.274714141176936557e-04 -8.958784715085434894e-04 1.626939636062418220e-03 8.357476390339958240e-04 8.579378798268361920e-04 3.702064019842810257e-04 3.633978511918585378e-04 6.157224081970311602e-04 -5.792425275451849398e-04 4.541025741669501604e-04 1.834532544789605618e-03 1.424608277497775360e-03 -5.633528859371290233e-06 -1.427102410276913976e-03
1.610712658898460492e-01 2.094579360968578524e-02 -5.460362520816386400e-03 -3.596604288355008915e-03 -3.749913736794254198e-03 -1.381979878260979760e-02 -1.088118529137700134e-03 -1.100486481876808940e-02 1.194151976073223181e-02 -2.147115098479575410e-03 -3.410700047874904578e-03 -7.127402517603791284e-05 -2.509145931184053862e-03 3.128177218756163138e-03 7.412701896980777036e-04 1.778495152269245335e-03 -2.699463581309333171e-03 2.450737931388508560e-03 -9.173703482873201342e-05 -2.983223002153895026e-04 3.667692429457162281e-03 1.268970249680026127e-03 -2.349421343627464999e-03 1.099636083951584156e-03 4.487223469074911545e-04 -1.986244845076839526e-03 6.365552591784412071e-04 -1.710888543411402283e-03 -8.764227881397822434e-04 -1.673273388178262832e-03 -1.183754100028191645e-03 2.728704539019893589e-03 5.938926197211009863e-04 1.471390181945390169e-04 -6.952528360817345973e-04 4.245653439053868189e-04 2.534937434353010935e-04 -4.445988772283782499e-04 -6.916053185634124956e-04 3.740464697234461232e-04 -1.568156176971611214e-03 7.774416569735208586e-04 -1.067427559136799873e-04 1.449195272370829577e-03 -1.592930056056277022e-03 8.484825134994021913e-04 -7.511534495523848566e-04 -9.079856064495445958e-05 1.993627261919637874e-04 -6.173884259392254238e-05 9.311800542055347941e-04 1.852157941153539543e-03 8.626580635602336617e-04 1.132107203773114737e-03 -8.148199643492953434e-04 6.476335740831001744e-04 1.501592284923631941e-03 1.351145527834682857e-03 4.348128335405279654e-04 -2.029733724052294394e-04 -7.653686613255174546e-04 -1.544507986004364992e-04 -2.099065303752653024e-03 -7.187023875610181642e-06 5.527296592535932982e-04 8.993619524316582778e-04 -6.178134106365133337e-04 -3.306153821821741101e-05 -2.419516708244614459e-03 -6.106956924125186720e-04 5.193122542970425885e-04 6.649143069305937445e-04 -2.305369268250398007e-04 1.801119628845727991e-04 -1.462436603383213520e-04 1.212903972433799918e-03 -1.132727557638881291e-03 3.369429187436686680e-04 9.956556103045882461e-05 5.104629364463340434e-04 1.107238259101791427e-03 -3.353388816689917415e-04 -6.248951129297449041e-06 3.179666902074734618e-04 3.420213164900742439e-04 4.404296283041322403e-04 7.304910396667151128e-04 2.813603379079420005e-04 2.755627119432605050e-04 5.170439347799866145e-04 4.048950591534560104e-04 1.634064480879575810e-04 -1.350901426957302955e-04 -1.190049180096352765e-05 -2.822714241965231310e-04 -4.798808379445988466e-05 -8.564184053245642346e-05 5.758664197630876977e-06 -2.961554876696571382e-04 2.428635629563218946e-04
1.502756044032753091e-01 -2.016253446016622042e-03 -1.433304071669851305e-02 7.001492269180735646e-03 -9.578835979152423158e-03 -8.604585424269063990e-03 6.586770247781678460e-03 -5.486547666794489020e-03 1.104439944800159577e-02 4.781609384701159850e-03 -5.263389649321262818e-04 -5.453325083226243791e-03 -2.021673719405772673e-03 4.076260858043479103e-03 2.018430397313288049e-03 3.670155085902575233e-04 -2.190482461803574220e-03 1.481561198602301000e-03 1.597433688683418986e-03 -1.079337529378415544e-03 2.695098781011661965e-03 7.608624811930353492e-04 -1.559038181719703091e-03 -2.150163947210300287e-03 1.756723215683701658e-04 2.019867924104176108e-04 -3.368942428374498729e-04 -4.681641245171700382e-04 -3.682352472655848119e-04 -2.577372771058651459e-05 -1.512528082823094699e-03 5.399207590306793949e-04 1.980631536472125028e-03 7.317087228534240040e-04 8.281823011467886108e-04 -1.076267336791759141e-04 9.439176281408516792e-04 -3.466804428099197997e-03 7.693185868228502502e-04 4.361710501627831700e-04 1.151273935834672526e-03 -1.360965190250285149e-03 8.674744832866328496e-04 -1.382136665843632355e-03 1.106502354994073943e-03 2.545622954466940260e-04 -9.364688002557075726e-05 9.954062391737889589e-04 1.179156789087186432e-04 -1.325446878239986033e-03 1.973532941194510088e-04 7.570933539946093045e-06 3.088979799449201660e-04 1.267116791420805832e-03 -1.033509578812918955e-04 1.053872000332407247e-03 4.210368208881033270e-04 -6.943816168266253586e-04 -6.379269707933449675e-05 -1.495037756939330718e-04 -7.350312476382286388e-04 -5.514876149639820003e-04 1.487563093886302501e-03 -9.215212785650083154e-04 -8.936708797627732114e-04 -2.206914775224933745e-05 -1.214902721866064662e-03 -4.743114092129309487e-04 1.192766628405737437e-03 9.017554507029849854e-04 -1.430852485112920735e-04 6.579531771224809283e-04 5.510461298583644273e-04 -9.487202646248214149e-04 8.690417815342666948e-05 9.236297846099803151e-04 9.863226819747962764e-04 9.336066541460970097e-04 3.194001718493507877e-04 -3.059948003349510608e-04 -1.575521660204446750e-03 -5.624798739840737583e-04 -5.460442693288250623e-04 -4.442858756198270244e-06 -6.329804103732804971e-04 -1.341654252583571964e-03 -1.605692334448570978e-03 -2.129014544696854281e-03 -2.799823503843342485e-04 7.248226102159364493e-04 -1.527842935092874619e-03 2.990766169458229412e-04 -1.577464017676418265e-03 9.270612768738927022e-04 -7.551423051146124912e-04 -8.594788410273241719e-04 1.193183231963409991e-04 1.090857931221312716e-03 1.520509766373628695e-04 -1.070165894969709328e-03
1.181987544342596591e-01 -3.838822199420747344e-02 -9.835178028927500996e-03 1.598254369814832918e-02 -8.374467842470169820e-04 7.935429579639212416e-03 6.723926943575224760e-03 1.637526385052007520e-04 3.952247575987970739e-03 1.031948273285925770e-03 4.288867714721193714e-03 -2.469889163208440321e-04 5.934687951078010957e-04 4.659974004811266723e-03 1.497342491461713804e-03 2.179859467549470577e-04 1.301674153568014702e-03 -1.025008900024251953e-03 1.648001172548689596e-03 9.250317111491173369e-04 4.559844085238413730e-04 -3.078695546160940474e-04 1.450912400921395423e-03 6.904013449608254133e-04 1.879858918282113474e-04 2.834971657279973002e-03 -6.892098627601133320e-04 3.447427135000942153e-03 -2.044568608756936433e-03 -2.098548191426649265e-03 2.099778684826539722e-03 6.391303198464642161e-04 1.649369814354045708e-03 7.316766737968494845e-04 -3.956402608843988277e-05 -3.833329760182776547e-04 2.052467803055521534e-04 -3.600033791849039234e-04 -1.136692914178919107e-03 8.840360889119051185e-04 1.708955553869576354e-03 6.283289170145473510e-04 3.067168382870186401e-04 -2.259178506626606259e-03 -8.844220283188232489e-04 2.397114936125824096e-03 2.366505147968445740e-03 1.881147977460349103e-03 2.977606967449467805e-04 -1.499090579109387845e-04 5.302065476880819242e-04 -1.418092382923660365e-03 -6.900188812257643765e-04 1.740087927623158162e-03 -1.752570938223268560e-03 -4.588925595553878883e-04 3.237074940184471992e-04 -7.216555846769138734e-05 -7.614334215747006578e-04 1.182645518324049443e-03 -8.548884449461106004e-04 -6.608146317245241650e-04 1.355141386795905446e-03 -4.597413888324646545e-04 -1.473319971860157515e-03 -5.687218454492561954e-05 -1.709092767090380745e-03 -5.009110823249129886e-04 7.390007213659697443e-04 2.435355323949748045e-04 -6.444388671239533687e-04 8.560809248553487207e-04 -3.151295749230999293e-05 -4.442178477638813452e-04 8.595067212795469468e-05 1.642752451248135790e-03 -1.339694597504019512e-04 1.576402466168452549e-03 -8.709743565895882063e-04 3.639149994601011736e-04 -1.358448180582191427e-05 -1.313002518720756415e-03 -7.661934935375419716e-04 -2.965210185358016395e-04 -9.847954371896123181e-04 -7.649214055534366485e-04 -7.852352264202683979e-04 -1.199186242037899143e-03 2.260913429544779277e-04 1.310813216076561023e-03 -5.229967183538192102e-04 1.626811931952927746e-05 7.876189798934897209e-04 3.164533161947896580e-04 -1.125381365079553426e-04 -2.648916428024838303e-04 -6.441240107652728298e-04 5.466777907870127738e-04 2.744734322767785673e-04 -3.137180433521094395e-04
1.515249503755967952e-01 1.924327528292903849e-02 -1.242600132928211578e-03 -3.925210220144265821e-03 -4.762106456723154413e-03 -1.386101376361646535e-02 3.458008849019102680e-03 -9.742090615132554393e-03 1.196291484814599425e-02 -1.344764011641106727e-03 -3.131055992462074972e-03 -1.506594064370664115e-04 -2.729612911510484463e-03 3.397388499313594695e-03 6.741808414140784125e-04 7.550632857838762094e-04 -3.869393671328781245e-03 3.597705124662718603e-03 -7.386828930800068112e-04 -6.870771975419804082e-04 4.353347693554261363e-03 4.221761206953962954e-04 -2.385103331567397199e-03 6.703327288452768208e-04 -2.401040451402101364e-04 -2.204805537799078494e-03 8.483839108412610016e-04 -1.923922795377774712e-03 -4.184645050422052242e-06 -1.289068695268154449e-03 -8.111676206538657660e-04 2.677694938156378098e-03 1.061587541912857374e-03 3.092326605601099709e-04 -4.494310725943797538e-04 4.145519774714745117e-04 4.794867889259449409e-05 -5.013839122836882562e-04 -4.910920503983125240e-04 3.086475607833378447e-04 -1.608471591471715562e-03 9.381145616831655654e-04 7.104004305664408199e-04 1.175948587104052668e-03 -9.683438565541803216e-04 3.995817942102130389e-04 -7.632514026620232459e-04 -5.694311249813771526e-04 2.824400268466904112e-04 -1.927177621262282203e-04 2.705702753976975731e-04 1.721354188458178560e-03 1.065886031036649643e-03 1.483188765842878131e-03 -3.581438761448055806e-04 5.568240531621526657e-04 1.249713226181022865e-03 1.320922395033620163e-03 -1.487107265055289007e-05 9.776038523892236725e-07 -4.793739029487442097e-04 3.318669584870622856e-04 -2.461683405808643733e-03 2.540425276236975044e-04 -1.937588073896562822e-04 1.354225120837556457e-03 -1.117868161441878689e-03 -5.775851124750922081e-04 -2.323351893615409076e-03 -1.012311967030028216e-03 5.996019505388584065e-04 1.662248323074803523e-03 -7.537325589213401044e-04 -3.467464134873645635e-04 -1.841921591464553332e-04 1.842257475818140453e-03 -1.206239342799488674e-03 -2.658992694298629111e-04 8.056255546046313431e-04 5.562835224408621375e-04 1.968896009194686172e-03 -8.568832377372011429e-04 -2.286750048676613296e-04 3.585011732233352546e-04 6.309496947390386568e-04 4.308134515369753956e-04 5.165906206450475479e-04 5.973712337595688546e-04 6.968212626195784565e-04 7.021493722484548278e-04 3.703100644370704224e-04 1.756736945235715173e-04 -1.499238285954867329e-04 4.443663759361080668e-06 1.035222083236926903e-04 1.490738072867933770e-04 4.727207174837380990e-04 -2.791379462091042271e-04 -2.840880860741858051e-04 3.354775461906700442e-04
1.878222307231937338e-01 2.022596316607795999e-02 7.574976869260885252e-03 -1.088993677295250692e-02 -6.962903410782808264e-03 -6.660995670422311700e-03 -6.940634457737860849e-03 -9.006963929979539332e-03 3.670923136708925411e-03 -5.705291684809733581e-03 1.255995750539714347e-03 1.246252896900395960e-03 -7.536889107098021382e-04 2.478960868584154358e-03 -8.697784419647158890e-06 -2.008902517509842994e-04 -2.861602528431878966e-03 -2.913451347983645108e-04 -2.665840482836088869e-03 6.504506762206868761e-04 1.639821589029087732e-03 -2.297346120814299560e-03 -2.273294147448005550e-03 3.449977779036527466e-03 -1.071997958770038719e-03 -9.909124058925498652e-04 3.003269262608433514e-03 -8.054177049534309201e-04 -3.137291122635524083e-04 -1.808070240208689257e-03 1.775204563899672894e-03 7.587892996563450412e-04 1.227187641726039250e-04 1.169151484223927313e-04 -6.965394429353080402e-04 -4.828588925033167664e-04 1.190005997301598809e-04 1.678252831917190820e-03 -1.147812964229530212e-03 4.239853206833098633e-04 -3.069650664336524967e-04 6.914039602710031701e-04 -5.504434293537401035e-05 8.537111247392221514e-04 -2.363143849051720536e-04 7.168295864626234362e-05 8.975670798331196552e-04 3.912723310949170713e-04 1.449440840913820917e-04 -3.765923667036720143e-04 -6.659108356993147888e-04 -1.327566529311353721e-03 -7.716450031266696612e-04 -7.968089822690072131e-04 2.423800672559759555e-04 -2.040476323354308496e-04 -8.740466722198961345e-04 1.866711362402424378e-04 -4.644884644557374762e-04 -1.207172416419673437e-04 -4.188187858048913044e-05 6.582212955359143837e-04 7.606805724014929727e-04 -3.087799454403290181e-04 -1.679886014824873977e-04 -1.774265964350583839e-04 2.291640139868810741e-05 -1.874127293154521229e-03 9.167690502035098646e-04 1.492606067113169460e-04 1.436000892783081289e-04 2.424648124072219409e-04 -1.371402936973927780e-03 -2.616491983356369509e-04 1.235589617285871877e-04 2.400481133414099095e-04 1.293433784471186118e-04 -1.038357812300901408e-03 8.061219939068260112e-04 2.547397533576697872e-04 1.390212891400003335e-03 -3.174741801628734876e-04 2.849072025574689955e-04 5.501437985054941695e-05 2.591743260703354822e-04 7.477789344781520980e-06 -5.683584331305059981e-04 3.267953162608795768e-04 1.865093351256685210e-04 1.690210390043083959e-05 1.208537220941370511e-04 -6.592564265134368646e-04 5.975248717635294133e-04 2.003417487166235696e-04 1.274051266211239470e-03 6.498437001200252057e-04 8.784122764402573684e-04 -7.843245119794924189e-04 -1.027364991192295353e-04 9.040252370191955084e-05
1.157118392442152283e-01 2.878437374276385675e-04 -1.729433930688831916e-02 8.302551108176098316e-03 1.144558778130097543e-02 6.492314030368590352e-03 -5.930719481439613965e-03 -1.649571601492715945e-03 4.424592289539894426e-03 1.645036342586493519e-04 3.587462033458791322e-03 -8.133319093279119420e-04 4.501833736827647731e-03 -3.071918109622233254e-04 4.733654368547014123e-05 4.753414948934456263e-03 3.751802331376012829e-03 8.052670233981286223e-04 4.584707894028456666e-03 2.811558636310893325e-03 -2.269541402355604483e-03 -6.342050926134222381e-03 5.866188211437159926e-03 4.284884512519109706e-03 2.416330778018532799e-03 -7.971999220834924144e-04 1.187533187123152641e-03 1.415815105729671067e-03 7.531821636901458832e-04 -6.063609170182607125e-04 1.452405646698489176e-03 -2.370999491757990168e-03 6.628693662215493117e-03 6.779093334315867882e-04 -1.239713560775904805e-03 2.106262913547430650e-03 1.601069259865656657e-03 -4.650775857768916664e-04 1.384620507937457754e-03 -3.165068668200231305e-03 -2.272519203839120251e-03 -1.554212900619433759e-03 3.809021748298691755e-06 -9.837733129298160267e-04 2.419311349134146017e-03 2.703973247064811241e-04 -1.645178223280767318e-03 -4.251646904915836259e-03 -8.122597231834317215e-04 7.391353737312378281e-04 1.298336455806265702e-04 -1.910295076135347327e-04 2.007521268026151579e-03 -6.487679409037753206e-04 -6.683538515100575627e-04 -1.608566733020750728e-03 6.147232042254314500e-04 -1.569899072038186648e-03 -9.699245486889130361e-04 1.161731969949703937e-03 1.015574472648143271e-03 7.076235165800118373e-04 -3.359430781029362875e-04 1.693236826560410484e-04 -1.028962085976589365e-03 1.014724287306166756e-03 1.309088572020388657e-03 1.310682983212378781e-03 -6.730293384741382673e-04 1.252797582216197718e-03 7.353362633765440524e-04 2.271075930217784748e-03 4.320218356266150388e-04 -3.944729961710213644e-04 -9.145014705941401719e-05 2.870546786274261381e-04 -5.068201792145151383e-04 1.238533161530798715e-03 -7.302625246232893321e-04 1.511909815153293689e-03 -7.010030182761904671e-05 -4.551920965875344132e-05 -2.422217615858753752e-04 -3.017459720059927487e-04 5.755393535479887569e-04 -4.174615452309218735e-04 4.811419936766146580e-04 2.075615777613544453e-05 -3.368300609416365423e-04 -3.092155568316787344e-05 -7.086889758478858575e-04 6.159303371963063519e-04 -2.775139859378829960e-04 -6.554731122269209570e-04 9.395919353338473849e-05 -2.620415112726716812e-04 -7.353088612887410393e-05 -2.380984822544061235e-04 -1.159022865455333230e-05 1.227058333479640116e-04
1.727765185332277298e-01 -2.220109448441488081e-02 1.323764520861489546e-02 6.545419242405828503e-04 -8.464773636641125323e-03 1.135118388052280998e-02 4.980555872573140704e-03 2.025623367204314098e-03 -7.875188404930866595e-03 5.089272497197049744e-03 2.653240959690882170e-03 2.099192326200767511e-03 2.011905420266885776e-04 4.691312541150466885e-03 3.936351667505334469e-04 -1.463563422825218984e-04 2.195961361955964947e-03 -1.745893410253023057e-03 -6.956148856497240207e-04 -1.725038566118769403e-03 1.277001028604485581e-03 -6.862133827421403607e-04 1.075185848456050195e-03 3.800624087499871666e-04 -8.782395142769960483e-04 -6.489417053638962178e-05 2.463532858760558372e-04 4.306255652879563823e-04 9.938955805991582255e-04 4.014765729125218427e-04 1.035344089183123668e-03 -5.819512632080965251e-04 2.891024084985103861e-05 -4.287644692501305500e-04 -2.875814479078480962e-04 6.787660286818717912e-04 -2.232974732585317425e-04 1.112379917600531728e-03 -8.015130550966503340e-06 7.047685151510354757e-04 5.556109856883447492e-04 1.601841910993408646e-03 -7.116590722162577246e-04 -5.603595432841196973e-04 -1.463221869121693460e-03 1.534614760746636592e-03 9.157515962758024097e-05 -9.204908694921841352e-04 -4.889117524383860885e-04 -1.342001987230254361e-03 -1.944736344479957061e-04 1.767149204934680747e-03 3.737527632120154868e-04 -4.119738209680251094e-04 -2.309241204882411889e-03 -1.360841436435738898e-03 8.261951467513246883e-04 -1.165268577028821329e-03 -1.490470611982778072e-04 -2.515993866111373924e-04 1.202938714830124314e-03 -4.351271011690137011e-04 8.199364863573241563e-04 -5.467737725612778271e-04 -2.559700288259675501e-04 1.414677107459033243e-03 1.947353065421538170e-03 1.522641534890601138e-03 -1.161367736588934767e-03 -1.071128632917174367e-03 -1.490276079179989077e-04 -1.336567873856199518e-03 4.375364348964533019e-04 3.219665466979314185e-04 -2.695874073755285530e-04 1.174991682808870222e-04 -1.261415349924980536e-04 -1.420623152732257161e-03 -1.081979058268203470e-03 2.124108350150614164e-04 1.711395240369001499e-03 1.183345112528067303e-03 5.051629295204272891e-04 -2.259301024338736122e-04 -1.350298054728544606e-03 -3.856475906340690266e-04 3.166180822451792644e-04 3.627611203621281183e-06 -9.017540336638419501e-04 -4.424872488512485613e-04 1.095538243472247584e-04 3.594608557819859427e-04 6.018425604968304825e-04 -3.115123516562673736e-04 4.204708601981621487e-04 4.017739686286857410e-04 3.547178982749865650e-04 -2.785763958277638467e-04 2.807785351705960721e-04 -4.038116299886537058e-04
1.325752815012554708e-01 -1.171810167473245033e-02 5.050096906491435313e-03 -1.495920855134331810e-02 -7.539491890285979648e-04 -6.012372056881197004e-03 1.256628609059589306e-02 -4.146580911936057455e-03 5.630836989680780211e-03 2.072479337194288451e-03 2.001531095117799457e-03 1.679483620543502061e-03 -2.262119909118720344e-03 4.022232367095263626e-03 2.021833335751790743e-03 5.802986683060279557e-04 1.904009233694224472e-03 2.225197110609924370e-03 2.104430518015620269e-04 -3.294101713611483507e-03 2.993029889030278997e-03 -1.562194850376210893e-03 2.497724867725173176e-03 -6.169457924927779268e-04 -9.760390748218647928e-04 -1.452278020095688069e-04 6.346820485272930976e-04 -2.381636752229922792e-03 3.233171683054948502e-03 -6.421607459702986798e-04 -3.506785524226920556e-04 -1.754903772798804915e-03 -3.727538750840456183e-04 -6.165516069009135437e-04 -1.860186051708234050e-03 -6.068520066785004546e-05 -2.000501587538497850e-04 -1.569221433371444129e-04 2.215713270369073281e-03 1.376988462793901885e-04 -1.497513860889499674e-03 1.498274025209350626e-03 -1.264913627560033829e-04 7.020865937748049183e-04 -1.389228713112500204e-03 2.012962112668235937e-03 -1.396694683389330992e-03 -1.871274567797655709e-03 -1.549316629296028282e-03 -1.903612808827268672e-03 -7.297597452699554127e-04 -1.606052469738333474e-03 4.722472648826141813e-04 -5.264394546203089199e-04 8.174874284914367649e-04 6.455411023021837783e-04 -1.462372050423732224e-03 -2.689368329700013091e-03 -3.923807135827585908e-04 6.512742216930574382e-04 -3.513041617133744014e-03 5.849007430366796705e-04 9.450285555291828687e-04 9.218552978067677062e-04 3.982378382916087795e-04 1.978822963666851051e-03 8.621683728539037469e-04 4.976177864652979455e-04 1.154685533174343130e-03 -8.581443099418717304e-05 -2.710343901454160924e-03 3.406909953471955101e-03 -8.637194156766407746e-04 1.400585067227762672e-04 6.189224514487383583e-04 1.080320737137552018e-03 9.735497613241381578e-04 7.567858376282444880e-04 -1.500156570451116351e-03 4.279288828040782658e-03 -1.799806818767606814e-03 -2.988060783057919136e-03 -2.141149400797917113e-04 -8.135172314606311898e-04 1.634642011221727710e-03 2.231503702458787993e-04 5.037552138572716715e-04 9.827474831290306662e-04 1.496373972371418037e-03 -5.379391469501711891e-04 1.118108927055831361e-04 7.410836560031223942e-04 1.019376249132553135e-03 1.245894720729500381e-03 -5.845792889527535443e-04 9.358872613676049064e-04 -6.278789974752327905e-05 6.078573292811019014e-04 7.011838302842293886e-05 9.367545711823397443e-04
1.741766635970708743e-01 1.015600408257540978e-02 -7.811878965552139509e-03 7.917581978430501474e-03 -1.538977560813868835e-02 -3.013281460970011760e-03 -3.181353970970070884e-03 7.773499758491465936e-04 6.864370116673102450e-03 3.168531787757711531e-03 6.555494287826679626e-04 -5.373660327869630472e-03 -4.166638484891188143e-04 5.223072124413172083e-03 1.264327085841600523e-03 3.212780823058745548e-04 -3.667868230844315361e-03 -1.599121430502967916e-03 2.200686014510672486e-03 -1.091098755310760966e-03 9.115314740341389117e-04 -3.446397571081831045e-04 -3.568984278794014656e-03 -9.385430009599752795e-04 3.223873513432407305e-04 4.184976703525367602e-04 3.589856424653640912e-04 -8.563194376835525125e-04 1.208874670388055750e-04 2.216828728149759786e-03 -3.018571556635977278e-04 -2.177029254918034574e-05 4.018194739501576942e-04 7.393474845307033277e-04 -2.602302119563208423e-04 -5.243995764188480284e-04 6.444601548521838299e-04 -2.560259498830470479e-03 8.586378792268985205e-04 5.570137789799109321e-04 2.126287315147208385e-03 -7.923876739250922466e-04 7.824779645895523666e-06 4.324652474994792857e-04 9.191171898611639026e-04 1.105222952412403877e-04 -4.376858661055840565e-05 2.776693025135309632e-04 -2.805233673130342340e-04 -3.935206299605518900e-04 5.526021730468178884e-04 7.237256383049322801e-04 -1.789248030704057579e-04 -2.409382934008663223e-04 2.266220540554376702e-04 6.269101527110707310e-04 7.863727858195185857e-05 -7.212723632492841833e-04 5.069313367136604959e-04 -8.367383693521301090e-04 6.960252905338229566e-05 1.397339915554198148e-04 -6.020912594331515218e-04 2.018825630075068425e-04 -2.086445102331235097e-04 5.692460474574952134e-04 5.703646369091322217e-05 8.862389804601502913e-05 -2.153384214204715483e-04 5.169848396626512666e-05 4.394405027822720139e-04 -9.154900734357685413e-07 5.380816964027034487e-04 -7.448488137506401085e-04 -1.448698486528256376e-04 1.160923905554775112e-04 -7.733918781609635520e-04 5.853518660891220918e-04 4.400679648975531740e-04 -8.925266226412128254e-04 -6.918880234787205005e-05 1.611359499286878075e-06 2.423907377207057737e-04 -7.845857413601534124e-05 -1.777386717657587539e-04 -1.967513656231788418e-04 -3.705130819975696447e-04 -1.114256166493210161e-03 5.554847797345799728e-05 7.838308890856290206e-04 -6.042072682396427887e-04 -1.023282424616014013e-04 -6.228392086965422840e-04 7.243653848429304530e-04 -2.792858817900091680e-04 -4.140644648365276797e-04 -1.930834466986462608e-04 7.106236852397662587e-04 1.045084258357614651e-04 -1.090793329696571805e-04
1.886113184458010072e-01 -3.038328363767563677e-03 2.021732414562087393e-03 7.353739912011726318e-03 -1.605621868096056629e-02 1.257084765238175063e-02 -4.603021394002788404e-03 3.735164428068876805e-03 -2.722497004338612740e-03 4.876300550237919543e-03 5.395546025410789988e-03 -3.039435348191426699e-03 1.229835804577353395e-03 6.868636375345138663e-03 -8.238489004151933236e-04 4.056514526055340344e-04 1.077644193029123716e-03 -4.700997203582258852e-03 4.529899645836641319e-04 -1.635979436149742486e-03 -2.076269304408549093e-03 -2.408393493982263940e-03 -2.402767065868405879e-03 -2.443974751997375085e-04 1.027571304971955151e-03 2.797695868545857305e-04 1.088957089356147254e-03 -3.404637709212402527e-04 2.002981672039777592e-03 2.529698450350866337e-03 2.228746675884168710e-03 -3.295634734194727126e-03 -1.038242214651460436e-03 4.761558124877945160e-04 -6.730942080742185031e-04 3.546755959338440353e-04 1.883350997629909453e-03 8.601478002209932182e-04 8.824635175462866403e-04 1.228645029370829768e-03 2.377284178167824585e-03 -4.482997406854484523e-04 -3.144710674801648258e-04 3.484423166978360556e-04 -6.184885827681731738e-04 2.203800203128241774e-04 -9.559153584536206252e-04 1.022207205429127722e-03 -3.674331736299451287e-04 1.483781477374561744e-03 1.728470294658297724e-03 3.604764369369095958e-04 -7.852399415281109771e-04 8.348544762323674515e-04 -2.394016014701729096e-03 1.128982918185171720e-03 -9.852816537082430964e-04 -6.461957267938542825e-04 1.113364948165744203e-03 -1.940190569111345346e-03 2.239579219975219686e-03 -2.768738204255767436e-03 -9.259317645565305350e-05 1.444025658293684848e-04 5.169718144399558052e-05 -1.320660081741304240e-03 4.450581888422779899e-04 1.377285560756320729e-03 -1.301704027551074802e-03 -1.032405596043146391e-03 -7.641313633301269771e-04 -1.666658873772123130e-03 2.281728713369199986e-04 1.171741587906781432e-03 -9.167458832067979044e-04 1.488787520452112927e-03 -7.085425393037836177e-05 -1.053656675738983903e-03 -1.380754571099677194e-03 1.007469699553408731e-04 6.837934776253878390e-04 -1.292181660463524685e-03 -1.174864164736122603e-03 -1.601636432221283698e-04 -3.656981049992933525e-04 -4.870737933952173394e-04 3.366909041311570987e-04 2.148537946092661955e-03 3.529324542432047654e-05 -1.548325295162548184e-03 1.332614512925779085e-03 2.064266069710760532e-03 -7.878013657924570626e-04 -2.346156000008550301e-03 -4.016150856992854734e-04 9.252320118563434970e-04 -3.906701074086948110e-04 -1.646285978962795530e-03 -5.574574874204542849e-04 -1.451602832206930725e-03
1.433371620351235332e-01 8.732284601943760775e-04 -5.255093506915704468e-03 1.264219944282849936e-02 -1.502668504342237997e-02 3.530360050507436089e-03 2.976062189290173184e-03 7.665167011838786536e-03 8.545676036010014728e-03 3.436705328764275754e-03 3.783834907084625537e-03 -2.871675507316161051e-03 -4.799411143055826905e-04 6.348088861085095583e-03 2.251259168254482641e-03 -2.187548837012351941e-04 -3.681706145248295355e-04 -2.194681441906741644e-03 2.509790733228337012e-03 -1.580415643933986373e-03 1.742775122932262578e-04 -9.542837000707995055e-04 -4.546539060435646228e-04 -1.984510664883709814e-03 2.148316238356735332e-03 1.804180555631318579e-03 1.713286875244277507e-03 7.794820306038036323e-04 2.820077477631353999e-03 3.809345802521286843e-03 2.540962105541140405e-03 -1.291531318064342284e-03 -1.056888657211475097e-03 2.085089752042387605e-03 -9.604963120755416516e-04 -1.820622149621597269e-03 -2.499555294681977697e-03 1.018100627384417069e-03 1.769652173757679499e-03 -1.717682678586959950e-03 1.199809347616631909e-03 2.785003433990816245e-03 6.605838435424382258e-04 2.098344684564182067e-03 6.105870853168224007e-04 7.669470210994006022e-06 -5.433851898823853846e-04 -2.352076921993714268e-03 3.378068503627083743e-04 9.206653494608941233e-04 3.182644815412237396e-03 -5.246756964163925988e-04 -5.513420826213081454e-04 -2.251860124913961179e-03 1.578441333705668710e-04 -1.791282431417169348e-04 -3.289045364635816539e-04 -1.560563798216518762e-03 7.720684947690665319e-04 -8.564859416339640902e-04 1.378179368930843550e-03 6.591589226099077090e-04 -2.611577222796047579e-03 1.991825149722762419e-03 2.349652016860206191e-03 1.930638683791242741e-03 1.183466785522324259e-03 5.069604293127949338e-04 2.595275370077322272e-03 -3.539931084057750411e-03 9.577772067676130563e-04 -4.075980834780479025e-05 8.530908210409515139e-04 -3.388301441480158233e-04 2.836730742962728755e-04 -5.695156180643082136e-04 1.231282810129726479e-04 1.015114035583918094e-03 6.798690575778379430e-04 -2.020028848343114608e-03 9.670840212799478551e-04 -5.337587321696809573e-04 3.737113690495594536e-04 -1.083699996861010439e-03 9.248932640775282734e-04 7.128492823781749791e-04 3.180674172282492397e-05 -7.021457752283676588e-04 5.800565862062639954e-04 -7.761387049968368436e-04 -4.405443877848607705e-04 2.268331752689505996e-04 1.377677286009734887e-03 -2.613085418870725123e-04 3.900061428554372025e-04 -2.024615546887206807e-04 -1.002043117797458190e-03 1.323845980235342150e-04 -5.874218125190009462e-04 8.597767234749758127e-04
1.829211470679477092e-01 1.057873511724236743e-02 5.230487856449035633e-03 -4.616827314430492490e-03 -1.029576314877904235e-02 -2.067115566530558154e-03 -2.590783983406134017e-03 -6.684284999583988036e-03 3.642533757108909302e-03 -3.109287313010514284e-04 1.532097911659384328e-03 -1.186008974693845280e-03 8.681047806527787253e-07 4.036500929564213087e-03 3.136891653187225495e-04 -4.017486391411246313e-04 -3.445768794689758104e-03 1.669349513365039699e-04 -1.888966793202583212e-03 -7.560992808757803019e-04 1.828017954230802804e-03 -2.061431713368938427e-03 -2.508391722785750528e-03 8.996972003443281249e-04 -7.400056613776481371e-04 -3.115754253631753171e-04 2.247463105625665657e-03 -9.701961373149303606e-04 1.019955101898790961e-03 4.321837457890060101e-04 1.163588399125721094e-03 -6.644455319436859842e-04 7.673424193456281138e-05 5.976306061785036962e-04 1.411988570181269150e-04 -4.445159080295262260e-04 6.375158195865403016e-04 -1.530575531969703099e-04 -4.141757092531378163e-06 2.738742251096854094e-04 1.316343059610842071e-03 -2.225241343895874974e-04 3.697125182891860509e-04 3.859109076796532240e-04 8.090193399829823193e-04 -2.067298793791110933e-04 7.691924888142708840e-04 -1.032991114462019321e-04 -9.650284276273244917e-05 2.138674981564285332e-04 -7.806101440000087982e-04 2.156903488332322821e-04 -4.649462666412297563e-04 -5.751663483628716459e-04 2.425865775019908741e-04 3.258432244033471182e-04 -7.364962983604029026e-04 -4.010274092732632099e-04 -2.173032081232326401e-04 4.461990982421789741e-04 3.655548592131188158e-04 8.539375839467763839e-04 8.700852798299967819e-04 5.445586163658101700e-04 -1.809489397452183315e-04 -1.522291204439809697e-04 -3.564932903825668862e-04 -1.194248679412134593e-03 -2.287287692776655110e-05 1.694293019294506119e-05 -7.201516886406400194e-05 1.249451592398176521e-04 -6.041145108767305644e-04 -1.049332335038651596e-03 1.074520544085057097e-04 2.898072612049031917e-04 2.818733888957987866e-04 -7.173019568050780339e-04 1.073866772486974054e-03 9.382774045423625015e-05 7.863913811462173433e-04 -2.313071932170100589e-04 6.117727691213638297e-04 3.719491458806801478e-04 -1.354272460917777367e-04 5.181031903265162757e-04 2.650929614505375407e-04 4.052245683256627167e-04 -2.192956425720362095e-04 3.297192795225941091e-04 -4.329680023351475840e-04 -5.593471563917605137e-04 -1.615529571759566872e-04 5.715639635067359600e-04 5.237214577450226543e-04 4.356347929190107883e-05 5.165799526336858861e-04 -6.917722090275624063e-04 -5.446095297759755464e-05 -5.220149350676026728e-04
1.104221254397967644e-01 -4.564974834982662988e-02 9.278890495545666708e-03 7.447686268195103515e-03 8.344356134817867629e-03 1.773968501865190450e-02 3.186756553320875453e-03 5.138959277445924977e-03 -3.393350413706822978e-03 -4.513725774468551472e-03 5.840420894947273220e-03 3.038371947061408243e-03 8.985004506519382855e-04 3.443213758240223302e-03 2.268218001869646921e-04 2.410679679179139785e-03 1.473071782383641440e-03 4.601421110402992699e-04 3.007585055081014955e-03 -1.649262521004513267e-03 2.810411579098089866e-03 1.899018659162536008e-04 1.611623621746818055e-04 3.519185774604861785e-03 -4.028628150468292150e-04 2.679520944491805418e-03 -1.401176598215243038e-03 2.515489316370105120e-03 -1.414263339462415231e-03 -1.575893862528963919e-03 1.824987658183605628e-03 2.771377459832862649e-04 5.275615240392157344e-04 2.514337146633211601e-04 6.334156956995020413e-04 -6.734783241010377066e-04 -1.360216946776443732e-03 9.386079588992982288e-04 -2.008113243580553469e-03 -2.568648470217568640e-04 1.080748786880790426e-03 1.785923269144754034e-03 9.053086916104197178e-04 -7.297406584538658567e-04 -1.860184333272947403e-03 1.078145674776629943e-03 1.098090076231699255e-03 -3.197175497564140188e-04 -3.851697513849558670e-04 -1.082172355391111456e-03 2.148406688947104501e-03 -7.527832105104477836e-05 -1.555647501246162911e-03 -4.137627042271520977e-04 -2.148782921490708080e-03 -2.477560858210881012e-03 -3.410837299516809011e-05 1.430858791732338891e-03 -2.390118568130030971e-03 -4.013929228479336318e-04 3.082284296054478047e-04 -4.646672097584391217e-04 2.336843726015485606e-05 -3.807853388281541535e-05 -7.133854265239989280e-04 1.170647269200817808e-03 -7.991433459345714232e-05 -1.262901176179764004e-03 1.116751633922189726e-03 -1.412008521036841897e-03 -4.756001981732056153e-04 9.834256386898742198e-04 -7.099532757569487805e-04 -4.800876614145850206e-04 -8.231512075185062243e-04 -6.325136527563204793e-04 -5.015075646747849856e-07 6.222222801271665464e-04 -1.218965861149804266e-03 3.661839959573846663e-04 1.026484028086800931e-03 1.301089071143043995e-03 2.636989976030349380e-04 -4.451706191814124090e-04 -1.224308602179641128e-03 -1.497815302134020490e-03 -5.145507271480940278e-04 -8.958079936279308942e-04 4.314719317541090924e-04 -1.592572358688224736e-03 -1.916779728791983054e-04 -6.064902069022895742e-04 1.820329076639360093e-03 -9.855485371335871920e-05 6.481845554402561804e-04 3.716403202192242509e-04 -9.830872680964149700e-04 3.057411264140357052e-04 5.556383042575075435e-04 4.404471118860134272e-04
1.237898705985141130e-02 -3.906031799549060379e-02 -2.921034516767300609e-02 2.578740543456956025e-02 -8.182879863223257305e-03 2.397164465646250530e-03 -2.640747498553122543e-03 8.376044111585349491e-03 2.142950299078399869e-03 -5.325842977400864139e-03 6.544421279753997664e-03 2.717907154224109270e-04 -3.323882342945370352e-04 9.790796990399471249e-04 2.657234349170178520e-03 -1.986825214740022862e-03 2.276167283482238932e-03 1.438247875110238534e-03 -2.174063072327324635e-03 9.771252299419586149e-04 -2.190750099070714295e-03 -2.400762984683639393e-04 -8.294146445348515948e-04 -3.450403488676108285e-05 1.486369945749135661e-03 -1.176556053078947096e-03 1.464680560696196825e-03 -1.019053703549575602e-03 2.338107880147036329e-04 -3.123331479489652868e-03 -1.311478760047928276e-03 1.062226486291249121e-03 3.876867052976744180e-04 -1.115176796051867278e-03 -1.702120618343324569e-03 -1.719227647870863766e-03 1.279898157320074953e-03 2.533960955912566149e-03 6.811587777599032063e-04 1.453610633793182144e-03 8.972773939181957325e-04 -2.035496009503210638e-03 -2.234429531254909329e-04 3.899702324790317478e-04 1.319517358413626121e-03 2.103026783535107483e-03 3.948680048380995809e-04 1.015759229011814913e-03 1.017899642712182797e-03 1.435392238602118276e-03 -1.309889144066125411e-03 5.447380299953070477e-05 3.167640665692074593e-03 -1.276878996570922310e-03 1.529211466851035199e-03 -9.997713944928960251e-04 3.502790635404568354e-03 -1.857339284666071374e-04 -4.357906472821029440e-04 -3.686286534390895674e-03 -1.239003071612306385e-03 -5.544872493656390240e-04 1.040386167670399154e-04 1.788936232082086273e-03 -1.679350329810071207e-03 1.534986182889240113e-03 -4.048503992026750847e-03 1.475988023614447546e-03 -1.584293188501694361e-04 1.714609578826649340e-03 -1.069942602224797316e-03 -8.752914063764748349e-04 -1.018730543878547693e-03 -1.372197916170334389e-03 1.127392838690265521e-03 4.528383860145915514e-05 2.008142835468767606e-03 -8.587328989138624715e-04 -5.836407337635012016e-04 -2.734009446884713072e-04 -3.642051153499987993e-04 4.861147954265513955e-04 7.603146467572935528e-04 -2.127353409086930143e-04 1.242208837534627226e-03 -1.787511927696032715e-03 1.676990779908396709e-03 2.171824064062190707e-04 1.722371148917207226e-03 2.118026010495550893e-03 1.211698149735775603e-04 -1.100085325957340324e-03 -1.987333037338271345e-03 -7.461818126987490672e-04 7.921355828191615480e-04 4.441169643431728490e-04 -4.395760591213196638e-04 -2.115925136990199295e-04 2.085317792627050526e-03 -1.154948069772162482e-03
7.129470768858213459e-02 -1.996704041861526932e-02 -2.866166178914362345e-02 3.593507930839325015e-02 -4.383462313805302352e-03 9.747246566092842082e-03 -3.945511707734926724e-03 1.556165469306161619e-02 1.387895060970870380e-03 -4.131385591835525471e-03 6.992438138895735317e-03 -2.033994737728200917e-03 3.679727510429139752e-03 2.273200420395769805e-03 1.643363974515904720e-03 -9.064538920598372296e-04 3.521174379569784203e-03 1.104809427462715397e-03 2.734186900248594416e-03 2.380904688058834394e-03 -6.762676572299596185e-04 -3.534509414913507546e-04 8.963114194391159039e-05 3.066827863364717010e-04 2.823292883405792777e-03 -1.222978190497900873e-03 4.561466015990183159e-04 1.541667632356265912e-03 7.349063266541152429e-06 -3.639897152921676201e-03 -1.077541976725513839e-03 1.337748818504586089e-03 -3.230917389526784126e-04 -4.497013757745879831e-04 -9.557175584712072382e-04 -2.037607354504514159e-03 1.981032495378082930e-03 1.716973709767041908e-03 4.616677503119605215e-05 2.808146828782593090e-04 4.441095338826592302e-07 -1.384972672746924947e-03 -1.372443208650383530e-03 1.956124508011267658e-03 2.440083149892521689e-04 1.678542785177188773e-03 1.101740508385536501e-03 1.290788894373907578e-03 -1.322114630444169627e-03 2.355341150995912767e-03 -1.968125967963248006e-03 4.041561743786492946e-04 1.239064201399066268e-03 -1.109337602818293066e-03 2.456726848228713185e-03 -2.290471959731723867e-03 8.138871924055323791e-04 2.100348257840836935e-03 7.280829213299734809e-04 -5.500971320718584835e-04 -4.661695887695216367e-04 5.439567743706731151e-04 -6.762331842478413102e-04 -1.641521991919278221e-03 -2.454366073060058363e-03 -7.933575806259264215e-04 -1.552350536867490435e-03 4.727685123798194920e-04 1.108532628223892142e-03 -1.673702504907280484e-03 1.199938769666920695e-03 1.802327887041390859e-04 -7.246700433589841131e-04 -6.996564495252649910e-04 -1.030566292941487811e-03 4.966831668425888318e-04 1.729473777984863849e-03 -7.433707482771358165e-04 1.898515647349390597e-03 5.218572503264955632e-04 -9.549822236780898836e-04 -1.050375416318188133e-03 -1.430404602709750951e-03 8.542075299174615305e-04 -6.575320620832593834e-04 1.641715695922108973e-03 7.475320710621749954e-04 1.345227640111562118e-03 4.616690249069724814e-04 3.193038611304419667e-04 8.721154134317630211e-05 -5.803292261099626554e-04 1.890642407479046052e-03 -8.533845147551823813e-04 2.480990349937501572e-05 1.477448278451278874e-03 6.531904558781263716e-04 1.494608510062550273e-03 -8.033832524235142358e-04 3.193821290176547404e-04
1.075936377291792784e-01 -7.990232480707452900e-03 -2.783605729627312841e-02 3.404410084238837508e-02 -2.284433583969618098e-03 5.906034630551611903e-03 -6.147036909883144343e-03 1.396787685424325312e-02 3.665336329169580857e-03 2.119483414513637521e-03 2.535600822746504873e-03 -2.705915088610875725e-03 2.499530347380240700e-03 2.398272290280230312e-03 4.104168446199892191e-04 -8.507134965959110243e-05 1.834987892863576640e-03 -1.276421612329857631e-03 4.336871239703660522e-03 3.744543804660654431e-03 -1.261027237431458026e-03 1.466215806633334063e-04 1.238210622973932211e-03 -5.215447428144594439e-04 1.330239851194039719e-03 -4.039083555968189408e-04 -1.140131378185360372e-03 8.763755110876978631e-04 -6.725371852926252799e-04 -2.137825558954825882e-03 -2.017723957559617448e-03 2.248738231774833393e-03 -3.287081158995099170e-04 -6.953773012663002706e-04 -9.152360788969979202e-04 -1.293983380326611636e-03 1.656782117191976916e-03 -7.042669522166507398e-04 -1.004778034231248269e-03 -9.180059048269805433e-04 -5.088136290494617124e-04 -1.020191647403617631e-03 -3.583300199113086896e-03 1.421934369917437525e-03 -5.409759622829966299e-05 1.869571542828227890e-03 8.334596636606092599e-04 1.441297904409189271e-03 -1.502621889921540313e-03 -4.252426633998666080e-05 -1.520639696237735062e-03 -5.132659895844748563e-04 -4.913534608813774785e-04 -1.345232743249035910e-03 3.116913311856155284e-03 -1.311460982726157798e-03 -2.140834540012231751e-04 1.477276749893394582e-03 9.918755391732467664e-04 -8.737898584024426658e-05 -5.368838887165772612e-04 1.339014188566779728e-03 -7.949709204816698222e-04 -1.583413670163658820e-03 -6.726021676492075678e-04 -1.137400120706676208e-03 6.133508694726326732e-05 1.036605951733699730e-04 -6.165736038425075787e-05 -2.259782727238666099e-03 3.292869196596311956e-04 -7.990429653809018437e-05 -6.949769861823256161e-05 -1.366639438446069386e-04 -1.487196293184339744e-03 8.961824253937851177e-04 8.785844633675856915e-04 -8.268491161026750519e-04 1.786284930179994623e-03 -1.007891421469626469e-03 -5.173497574079369971e-04 -1.727604903806023500e-03 -1.775327982192236335e-03 4.583076799647350453e-04 -3.882744328046919095e-04 1.492530880761681845e-03 -3.115210849150482878e-04 1.375927178037132008e-03 5.956843160308932655e-04 1.017598331249313769e-03 5.953605405858815791e-04 -2.617922488250889004e-04 1.854223867343939621e-03 -9.160250811195281672e-05 8.916748828115859742e-05 8.781290425514141689e-04 1.122161936182263864e-03 2.337309049750631220e-03 -1.882170231058049713e-03 1.099108337578747624e-03
1.358612105722617203e-01 -1.909547992690251508e-02 -6.214705832314850777e-03 1.732306002620061583e-02 1.112181743634543633e-02 1.663724986913540232e-02 -3.782805653718604184e-03 -1.506339674523321298e-03 -1.309675102261566998e-03 3.625793954375798860e-03 3.102361915941080454e-03 2.646638928297433049e-03 5.625891275883697883e-03 3.287409607133075186e-05 -1.589008288201962773e-03 -1.494135182011307019e-04 -9.486132865701024522e-04 1.289795714613111354e-03 8.571844346850581147e-04 1.670456654444314347e-03 -8.742280768772288727e-04 -9.069176168027354374e-04 2.921174738889869768e-03 2.078756531082441659e-03 1.813605080387469069e-04 2.598107374833914340e-04 -2.672441411040325158e-04 6.208171323109159829e-04 -8.175132871506976876e-05 -1.301144095670139300e-03 1.191195408590836873e-03 2.954207179484185037e-04 6.739230787543909126e-04 7.510771855943490852e-04 -7.243816328112860810e-04 7.439010106206450342e-05 1.352843994477260581e-03 -3.090055476552094850e-04 -2.032486165242475967e-03 -1.745654159022483679e-03 -7.437430685686734688e-04 4.635753757792599014e-04 5.452021937895278839e-04 8.213767497777649034e-04 -2.627467890030720323e-04 3.831993891826311377e-04 1.079614789630088320e-03 -9.254669043444375574e-04 -2.155171305662318803e-03 7.594786648716934626e-04 1.291975785813133425e-03 -7.589447649670726537e-04 -6.280236010956143783e-04 1.258553184707791471e-04 -1.385519893909852810e-03 -6.324781900039772985e-04 -6.652530774886049238e-04 -1.786999615591001024e-04 -3.228165170030656509e-04 -4.500614855565363026e-04 9.057260353058418359e-04 -3.679862438402305017e-05 -2.223552152230801970e-04 -6.344308699766037325e-04 -1.423399757177469483e-03 2.574670321806277846e-04 7.076599724673406176e-04 -1.756691863303485885e-03 -4.921751085482107537e-04 -2.998166587042994536e-03 -1.868316495440288261e-03 -1.017715467909465930e-03 1.439070733569364679e-04 -3.478152039833983856e-04 -8.269292187830990697e-04 1.276140503947938978e-03 1.264157988320460104e-03 -1.405385564506014514e-03 -2.533336324424864786e-05 1.990126554783266033e-04 6.920430801648300026e-04 -7.088266975325421089e-04 -4.565473591363654131e-05 -6.567429784763978689e-04 -4.345997757392044579e-04 -1.906122309181005996e-03 8.664189650510128278e-04 -3.433145560810105029e-04 -1.140234356386267021e-03 1.381706016820860149e-03 1.793085548706895927e-03 3.402146359837762550e-04 3.175268724874698539e-04 1.953869017933995873e-03 4.372101808656312115e-05 -3.422690017350015320e-05 -2.317516159541349249e-03 2.684255290948197475e-04 2.128242867354756835e-03 1.088778596691020910e-03
-8.649462151198325510e-02 -3.422687374131840043e-02 -1.557920796103096431e-02 -3.084760849313391510e-03 -3.703075253611649159e-03 -1.217896323950407294e-03 -1.317437224636141754e-02 -2.067977118716396445e-03 -1.838317955781625405e-03 -1.336282243017755276e-03 4.024611207099739255e-03 -3.192934944208542002e-04 -2.108094760453685726e-03 -9.819715971851850859e-04 -7.806789867538520581e-04 1.469366815589459195e-03 1.137878350744806074e-04 2.590955583671015420e-03 -1.871582150332652900e-03 1.218094233163031928e-03 1.242859849197258540e-03 -5.106837426991703418e-04 1.705420264305003691e-03 -2.197645118999530089e-03 -3.546026663333804309e-04 -6.974229227624988495e-04 -2.065278871182196459e-04 -7.359999241972292562e-04 1.225988181635712668e-03 1.568063194996420452e-03 4.195021861425645609e-04 1.594889822094114947e-03 -1.424785879723628010e-04 5.518269213333196936e-04 -1.511968186395400073e-04 -8.386083627216605598e-04 -1.193922151108177225e-03 -1.317784381649308306e-03 -4.619465321014044131e-04 8.916388821323330445e-04 4.539407737628731176e-04 6.566021013623312341e-04 -1.131446197357163613e-05 8.705659319033482281e-04 1.107837287204717662e-03 -5.159320088939287584e-04 1.389298505216342793e-04 3.152474082902238946e-04 2.307795180382990734e-03 -1.991620527532299544e-05 -3.603747484203635547e-04 -1.503493307504966429e-03 6.086631867459398482e-04 1.801722361028265483e-05 -1.587226171148324204e-03 -6.588474183372092230e-04 -8.880126790178675218e-05 -1.488633055470287925e-03 7.577491809591344486e-04 9.432644730094459293e-04 -1.328027317755489526e-03 -4.397926383727473977e-04 -1.891242809928670907e-04 -6.037482806996259579e-04 7.791575225716643746e-04 1.423178103289679964e-03 4.739674189501137474e-04 2.049175933595820745e-03 4.551044390664333965e-04 7.397681098140766916e-04 -1.049079645261870699e-03 -4.986924115098934508e-04 6.562097520761125735e-06 -3.182933327707578725e-04 -1.446863380750836731e-03 -2.476496371956931415e-04 -5.359510380029881317e-04 1.450332602107674623e-04 1.233163308280996445e-03 -4.111279976265336386e-04 4.358816924833014915e-04 -1.020717095043207224e-03 3.474316318212472185e-04 2.347953447183616480e-04 -3.716104489623630832e-04 -5.376818690593631331e-04 5.877301040568935937e-04 2.842963827651740654e-04 -2.027936872386611693e-05 1.117404865332530034e-03 7.187945266931114636e-04 -1.779254411514778441e-04 5.983181538806715783e-04 -1.690229953532926353e-03 8.016928203107026195e-04 -1.284511447658570268e-03 3.510031167498355075e-04 -1.359607245719165591e-03 5.766002345401922014e-04 -2.273850777230489024e-05
3.783864594300676010e-02 -4.425539725023769355e-02 -1.129071867346680309e-03 6.235622014477547326e-03 1.288601053123794235e-02 1.199315473391162311e-02 -3.003335732085994896e-03 8.063357064797016874e-03 5.795091353315891128e-04 -1.163584197515724061e-02 8.788688117317875262e-03 2.005754008884460659e-05 1.403954877081232087e-04 1.618756565914165413e-03 5.217562027600334369e-04 1.897687280163109190e-03 -1.128228434316812549e-03 2.024754072217730197e-03 3.035249283478473181e-03 -5.964871485634452852e-03 3.930432468074238420e-03 1.962688007261318909e-03 -1.513723913255755329e-03 2.691613356437885102e-03 -1.455819647296014438e-03 1.187886682494427486e-03 -3.723717449838808650e-03 7.704790878148576197e-04 2.972737320204262013e-03 -3.108297407319954124e-03 -1.238401028096003257e-03 -8.333916127103643823e-04 1.941498071150316702e-04 -6.477591704887015285e-04 2.354101019483548392e-03 -1.756911994324253249e-03 6.751895742568183971e-05 2.657307943279453057e-03 7.150925921116525318e-04 -1.996413207708133079e-03 -1.042288492495869329e-04 -6.796047397629587832e-04 6.164115335511162431e-04 2.454450316888066950e-03 -4.416251103645977378e-04 -3.730301549823796404e-03 8.117464927393941172e-04 -1.248158351947009160e-03 -7.516752839792208239e-04 1.101748477741148558e-03 2.201272862830263178e-03 -2.894959565030666686e-03 6.368658178817979002e-04 4.513756856349559901e-04 5.879205590550491299e-04 -1.253530314949464824e-03 -2.058814074987887384e-03 -1.983216157879341430e-03 -1.479668463882211678e-03 3.122529236927499511e-04 -7.437021931406633500e-04 -1.056285152294281042e-03 1.800189333528924747e-03 2.016096051930600002e-04 3.207617379384937050e-04 -1.415291994580172546e-05 -7.183824314702072673e-04 1.027708661585773151e-03 -2.291556146241716368e-03 2.970010475996711372e-04 -1.572330225126048918e-03 1.525602075675300045e-03 -1.073356295358773139e-04 1.785948697773889516e-05 2.254322911033689470e-03 1.232811590305353099e-03 -2.275973573598523425e-03 -1.524501587891422330e-03 -1.774325267025021876e-03 -1.665785099033883013e-03 -3.102892784183609539e-04 1.303866678423647651e-04 -1.004072529055848560e-03 1.553969805010721158e-03 1.365662367523303583e-03 -2.238454125733370959e-05 -4.949068602046319525e-04 6.750537577602112437e-04 1.490364877555749304e-03 3.392042433884172900e-04 2.729476519274396046e-04 -1.813130403134841084e-03 -2.508706174819808239e-03 1.048659292814209257e-03 -1.142913396744434790e-03 -1.690562043213883698e-03 2.506904029332136300e-05 1.292751665123684126e-04 -3.069167487931341847e-03 1.452577356652124535e-03
-3.502788580121684453e-02 -4.682114978762917656e-02 7.660671858191986199e-03 -4.497667435152804746e-03 1.531935014108415892e-02 1.182952311836622285e-02 -1.095405682035753732e-02 2.919906160544379330e-03 3.942127672655010924e-04 -8.378575363110854837e-03 7.629064349745255831e-03 -1.863148661373833538e-03 -3.757281204145114777e-03 2.099020786026043351e-03 1.108295541762002907e-03 1.646275481769760149e-03 -1.848479080072501675e-03 1.805312252585633071e-03 -1.513041124610227644e-03 -1.250476088993649620e-03 1.701158231958993386e-03 1.922305116636308922e-03 -7.922688783701170362e-04 5.267531911130215430e-05 -1.577305230192534288e-03 -1.170441425270856654e-03 -1.916223136920714885e-03 5.256999055636828741e-04 3.887881223437621853e-03 1.316795022862846760e-03 1.229190806017698128e-04 -6.274460407750357283e-04 -6.068079748712696536e-04 3.262316182330916338e-03 1.261572874291271408e-03 -1.311341036710397248e-04 -2.773241288604394255e-04 -2.046548593040977033e-03 -1.419971159658611542e-03 -1.405306369546142865e-03 -1.121100697368619973e-03 1.407354271594450038e-03 7.645791799069301051e-04 -6.092465831934714077e-04 -4.781234180589045003e-04 1.045181524491733662e-04 -4.710297896860007058e-04 3.162140391263982934e-04 4.079664984068111060e-03 -1.066050735369883503e-03 2.773251372362747422e-03 -1.736833006847966982e-03 -3.794925756325834743e-04 -1.144263647050740426e-03 1.678121950520155507e-03 2.517081314754174119e-03 -1.307983556237086314e-03 -1.108622248955852541e-03 -2.259759336941218055e-03 5.499767549267164978e-04 -1.943013667350970111e-04 2.687841043739431623e-03 -5.977538073691603045e-05 1.015538810264429194e-03 -2.899106750072536452e-03 -6.473886731009609709e-04 -1.724075093353237727e-03 4.721596851289242003e-03 -1.137122672866440476e-03 -1.764038407562171836e-03 1.974806714672729807e-03 -8.434892141757589432e-04 3.355506306641619935e-03 -1.420956596590489162e-05 -6.783745828613935158e-04 -2.920258797496822715e-03 -4.223177897935885094e-05 -2.320534918682569218e-03 9.798357673815477099e-04 9.559089857221740203e-04 -8.908911615475484424e-04 -2.465906513723228801e-03 1.160829622608544739e-03 -9.492878415914418741e-04 6.955163219915740016e-04 5.791632706047095906e-04 -2.089108256401956201e-04 5.774325036447467948e-04 -1.558521353344675129e-03 2.813712677077090038e-03 7.303322489421503003e-04 1.605811188240692956e-03 2.798064097864471148e-03 -8.196024045996057762e-04 -1.529614729286940186e-03 6.464242456618165622e-04 1.891217527478925063e-03 -2.524605128457319513e-04 1.714417613795160946e-03 -2.516742326180511184e-03
6.797505285937777142e-02 -3.591889229310325088e-02 -3.223225481026882958e-03 1.542252552910356421e-02 1.122177366175180872e-02 1.535391443662474480e-02 -2.555224294073743692e-03 1.086386346917571355e-02 -1.172657451155921125e-03 -1.117335219989138914e-02 1.023778124179399937e-02 6.004753621061439516e-04 3.319529647541671208e-03 1.689722995957269403e-03 1.766342379050779869e-03 1.097453253960960304e-03 2.882689587584200933e-04 2.565244162987576938e-03 3.863759011384253379e-03 -4.573712572857505966e-03 4.463807222706943356e-03 9.646621337709853109e-04 -1.321993337489618973e-03 2.903589223688998137e-03 4.744080400457632027e-04 2.392895883125677973e-03 -2.749601189803224741e-03 1.382468193222367988e-03 1.530933838265066465e-03 -3.243605786661643911e-03 3.147161340059655989e-04 -9.827515004503556591e-04 -1.442869925038357815e-03 -7.432795292637307252e-04 1.704748138527234893e-03 -1.155222249930991504e-03 2.221445770825867063e-04 2.144923438364294051e-03 9.923440529253984774e-04 -1.081469428906552035e-03 8.375825150795649559e-04 -9.497554251273419021e-04 2.538496933793302451e-04 4.290392551381399275e-04 -1.083651804253236311e-04 -2.517497590702472230e-03 -5.310412021240846136e-04 -2.402029445214060033e-03 -3.100702271451739444e-03 1.111711565432554763e-03 -1.201689236369404877e-03 2.339702465495228662e-03 7.477121019153027889e-04 4.709385502618739449e-04 -9.485244336894067211e-04 -1.791652877630925313e-03 -2.890822195764787116e-04 9.602830799657152911e-04 1.666740449800771604e-03 7.142479001076808753e-04 1.257924743375773155e-03 -1.689479306099392819e-03 -1.102545064436714992e-03 3.528682097231846163e-04 -1.112990878542515980e-03 -8.121708788639160756e-04 -1.631034781959513969e-04 -1.763261002454017366e-03 2.810602352434397790e-03 2.601362175611223880e-04 9.761269056732672423e-05 9.509008507937447745e-04 -1.280096936971143349e-03 7.049954751925509256e-04 4.114654517260524702e-04 -2.496661330299465467e-04 -1.870957683790996830e-04 2.655301346348208462e-03 1.064894881358032820e-03 2.172130643075880722e-03 -1.211607796849408766e-04 7.294110640603755072e-04 8.884687454522761929e-04 -2.807233195696477376e-04 -1.370039432865573659e-03 -1.779984093046468830e-04 6.610107538802471438e-04 -1.328227388054927785e-03 -2.410127460541581623e-03 -1.165493320148881448e-03 6.415537185138709612e-05 -1.926840202013410208e-04 2.178445645204843319e-03 -1.574673704276161274e-04 1.583026810603866980e-03 2.211995625610519572e-03 -7.944318301343913057e-04 2.056370877371393546e-04 2.797589077945154303e-03 4.757788065759999433e-04
-3.233501589228025136e-02 -4.301841708144411164e-02 -7.511158756834264948e-03 -9.020158634851269770e-04 1.396090295310371127e-02 6.338820866412266802e-03 -7.919636325961059223e-03 -3.223219950393838105e-03 -3.623994184921771212e-04 -5.103411258313613093e-03 7.147716523136522955e-03 -9.490655599356946203e-04 1.147232275893247467e-03 -1.112178189742362789e-03 2.883678618125220042e-03 2.346824710727407658e-04 -1.213220288273833504e-03 1.813946308070614249e-03 -2.365009678180155211e-03 -1.191368148047710100e-03 -1.083649976285189090e-03 -1.368307533574144750e-03 -1.445463361590152481e-03 -5.608362476188208422e-04 1.073842652620662138e-03 3.364394812432548363e-04 -4.833622220581637249e-04 -1.484629085023326817e-03 1.347592945101207251e-03 -5.523894632889906123e-05 7.418326956241534350e-04 -2.390052101291451504e-03 -1.849113347862706407e-03 1.667740906953310651e-03 -2.313283697295934714e-03 -3.095014241706495764e-05 6.590985386159273554e-04 -3.099022635898722889e-03 1.442962844756689620e-03 1.336461950885554700e-03 -1.409595279442901359e-03 7.794919755025699927e-04 1.395502380031769145e-03 -8.043990560194684905e-04 -4.129494026971985239e-04 -9.407439767799009563e-04 -1.667888072021865217e-03 -4.523970022854615866e-05 1.272769471849699054e-03 -1.493420723827516014e-03 -2.364028330246092035e-04 1.695824430009699145e-03 9.241787800819735183e-04 8.815301485743266136e-05 -1.600246163238784733e-03 -1.972986229348518399e-03 9.844627608795687365e-04 -1.139866549294150976e-03 8.704525717066727460e-04 2.900968563949742670e-03 5.230547072830523401e-04 1.840242909122272218e-03 -1.370016878353970662e-03 1.007879919055191262e-03 -2.652092403875587912e-04 -1.553280904802207098e-03 2.024400981961766224e-03 2.102814669221577185e-03 2.332168010234171064e-03 2.206324506662553885e-03 4.997469106966955952e-04 -7.472943996179448730e-04 8.594274533417058191e-04 1.189262982929857474e-03 -2.841812111222648696e-03 -8.151791958985601461e-04 1.103220099096783756e-03 -1.821631171815702279e-03 1.644358359709586831e-03 1.818070831297771532e-04 6.066929766638078092e-04 -1.291087112227799977e-03 7.416664579803734162e-05 3.712393693934159297e-03 1.178948725774597731e-03 3.202119959253393097e-03 -2.588763145047407246e-03 1.779702443360398772e-04 3.606506427588666505e-04 2.277531275226298089e-03 9.725854318753877599e-04 -3.431202792230463852e-05 1.840284308154841461e-03 2.759295410848718478e-03 -1.637256996211259230e-03 -1.584411287916205613e-03 -2.027492406608246735e-03 -1.535159822152732745e-03 -2.338732811926267155e-03 -3.786461021541772786e-03
1.830820152481190885e-02 -5.606652281090666184e-02 7.968055984032093586e-03 -1.685112872574050019e-03 1.842159570158953541e-02 1.326068889747762485e-02 -1.250183990862322510e-03 -2.692155065107072840e-03 5.036237837233672630e-04 -1.010036000828844205e-02 5.485243935650017423e-03 1.104323055906911415e-03 -7.732054846253640437e-04 -1.212750251209194358e-03 7.471817648009223276e-04 1.343658352687713197e-03 -2.645413327567528328e-03 1.616229908558274465e-04 -1.832201016245987889e-04 -2.167895278685543804e-03 1.149634445313470118e-04 -7.767337795875450368e-05 -1.480890414378577139e-03 3.258519539857279625e-03 7.446645742978242732e-04 1.496367960133458165e-03 -1.728886490290545584e-03 3.149713429794761903e-04 -9.441275936933951271e-04 1.322545680326303380e-03 1.330157642515007125e-03 -2.373254227812973769e-03 -1.972025004271472145e-03 9.526991262600419119e-04 1.063636451319651972e-03 2.800634236580508527e-04 -8.774184569684163751e-04 -5.062959093122343726e-04 1.472097647660965125e-03 1.363700677199571618e-04 -4.335232628093088370e-05 1.050944527752011850e-03 -5.776162853081499154e-04 -2.313643119383055301e-03 -6.428504392062047573e-04 -4.004078070945348445e-04 -4.484783068416215400e-03 -2.171887196790831843e-03 -4.336787838356065058e-04 -2.640031907027042164e-03 -1.144875338221981514e-03 1.252570648012579953e-03 -1.735371934796406824e-03 -1.078082091653806245e-03 -8.931873301492692903e-04 2.949747205432840200e-05 9.617882981633352635e-04 3.226357149639829617e-03 8.824440584803634790e-04 -7.896928257813460141e-04 -6.847412537931312545e-04 7.944957132991648397e-04 -2.055884149804697737e-03 1.331094843033353743e-03 4.197822154414325977e-04 2.208947920489365724e-04 3.171922267282654972e-04 -1.666412646268796869e-03 9.682015681956784641e-04 -5.933989864875979618e-04 1.257837419128271246e-04 1.437562005446524393e-03 1.655508219844829170e-03 8.521597300110183887e-05 -3.714463309293051987e-03 -1.268886861135908126e-03 2.524309641790689358e-03 -1.383372146713418007e-03 -1.461691555394256886e-04 -1.479894576118579320e-03 -8.150704004392254941e-04 -4.909474300345928292e-04 -1.216439741092850864e-03 -3.371054561931186868e-04 4.950671621652666431e-04 3.347323977118711060e-04 6.796350287224306235e-04 9.676883843295718251e-04 1.594386398213798678e-03 9.400195797658346787e-04 -1.932683688272531777e-03 7.081112512194435602e-04 -2.224045089209850893e-03 -2.365796403866099370e-05 -4.805920154797244993e-04 -1.289077870586646519e-04 9.592394873813944343e-04 1.514645342041742216e-04 -1.197553098512799634e-04 -2.459751741583520216e-04
-6.888916623776815407e-02 -4.018649748143879319e-02 -8.254084863283741441e-03 -6.097655051150353486e-03 -6.837634066908259735e-03 -1.065243964782441530e-02 -2.112733546244933720e-03 -3.921669208497167471e-03 3.821404090611062957e-03 2.161597499998508219e-03 3.962343919892073437e-04 1.364510439757385223e-03 -2.068097378809574931e-03 -2.694631284252650780e-03 -1.209899841855887042e-03 1.807518176076912311e-04 -2.206663216659774090e-03 -1.489997864899131113e-03 -4.022961467390112969e-03 -1.120252702616093528e-03 -2.086197186134667713e-03 -1.996697046507333109e-03 1.043801910336317196e-03 -1.998899451024469236e-03 -5.939913432047120309e-04 5.857574893423183032e-04 -1.964508762771021485e-03 -2.415350866531859424e-03 1.072339742460493890e-04 7.690508155647484030e-04 1.752045747326422351e-03 -1.902292457743408804e-03 2.646913361474271175e-04 -1.508351797764722561e-03 2.321703859196803759e-04 8.470122897456580906e-04 -1.289626015757467910e-03 -8.159238491298974457e-04 -1.066700905469649633e-03 3.071403966091765074e-04 -2.443538239931789154e-04 -3.818925087335939565e-05 -2.870147799706738306e-03 3.139032231639424914e-04 -3.472687827502578630e-04 -9.510670838451941271e-05 -1.879380686345364813e-03 -8.762600797693185541e-04 1.815404775529925931e-04 -1.001988268243677151e-03 -6.650679275027426667e-04 -7.683604612787978691e-04 7.501106820838421112e-04 1.647542256541190630e-04 4.882153037147540439e-04 -1.217115517007758821e-03 -8.685502371879291793e-04 -1.693831816186462300e-04 6.349102417864556890e-04 8.546949252799189000e-04 -1.509602610673658855e-03 1.424715501606272803e-03 -2.026641345138051852e-03 -2.182150348515094710e-03 8.068938831831194529e-04 -6.361225093779091346e-04 -1.283564319580007970e-04 -6.699513214109803602e-05 8.883040939498315549e-04 -8.979523590819362479e-06 -1.752950639725456934e-03 9.669890877252854447e-05 -7.655227284910971243e-04 -1.787940063596778900e-04 -5.465244251856003516e-05 1.734164647737172554e-03 -2.771874146546596490e-04 -1.450766535357236658e-03 -1.069160876204937587e-03 4.373938450735903745e-04 9.771632836319806090e-04 1.815866408200504396e-03 4.677094238256783464e-04 1.395901029500327484e-03 5.710021879387314507e-04 -1.746419070941401114e-03 -3.569243267826163204e-04 -1.188956677401101485e-03 -1.268064787740148238e-03 -7.836015051253723915e-04 1.831214195836910986e-03 6.840883749240165429e-04 -1.791096909223057572e-03 -5.897814446958146196e-04 2.828915965930343186e-04 -7.725053313051202103e-04 2.013641806872972125e-03 2.050551178244409967e-03 4.087339431491129448e-04 -2.167630603155479033e-05
9.703306411959056188e-02 -3.721121395224120249e-02 -4.047806396388203658e-03 1.087977391303357466e-02 5.218546085295625719e-03 4.809478429357241444e-03 8.766367431023063331e-03 -4.267204887942342185e-03 2.044273751205741372e-03 -4.209573679882389085e-04 -2.098771335644216991e-03 3.343632835579056495e-03 2.519622821496219148e-03 -1.377486246244680494e-03 1.721150450136227188e-03 -3.487079468025049839e-03 -4.061554973505600123e-03 2.484735110440593805e-03 -2.161891742261316200e-03 6.186909680164853027e-04 -3.162942457167979872e-04 6.993764590485519175e-04 8.878904459247915701e-04 -7.893739340931108905e-06 1.501681083013125390e-03 3.647687638303085452e-03 -1.629851437903863430e-03 -3.246181780579186034e-04 -2.738266962269799917e-03 1.297377432458149589e-04 3.518595910177179948e-03 -9.236306798684232149e-04 -1.596797627549462813e-04 5.331916308746885203e-05 -1.951242591742887442e-04 1.253169588929530735e-03 2.407006637582326453e-04 -7.843973417950863116e-04 -1.901190311015342038e-04 -9.605493913027566850e-04 -8.481061180140952961e-04 3.786624271817465336e-05 2.697403310572007258e-04 -1.995144838249855723e-03 -7.865729670206800337e-04 5.309530337619589643e-04 6.782095483928955856e-04 5.623298225679310624e-04 -1.417207108990053716e-03 1.776901253880504294e-03 -2.171624292353156911e-03 2.826496313385177574e-04 -2.261945754522718191e-03 -1.244554924581082632e-03 -3.946982621399724566e-04 -9.205788899691508048e-04 1.588849037973210547e-03 7.584041765487206924e-06 6.421717987462982440e-04 -1.610069768536804343e-04 -2.396806215553323478e-03 -1.274806375495088004e-03 1.890375969034035000e-03 1.045887344843059608e-03 1.378259439180654685e-03 -3.465575725864996834e-03 -8.914312987637752587e-04 1.960543110605188558e-03 -2.430431236779954842e-03 1.767496671976040261e-03 3.752255736863749076e-04 1.827489519723410425e-03 -8.691272714917064237e-04 -1.632664347785268283e-03 2.527247955294699075e-03 8.198153513688979498e-04 -1.681292708469075969e-03 4.423332034413170102e-04 -5.928915837964948829e-04 -1.399601273335385893e-03 3.759345031381365371e-04 -3.438948417309299795e-03 -7.824420929860014407e-04 -3.631016407479697918e-03 -1.234302767601388974e-03 -7.285271702687687832e-04 2.300391081487906855e-03 -1.096073705978463332e-03 -1.757065471176384405e-04 -1.312182500856858653e-03 4.500566519792533024e-04 -1.115574434476375269e-03 2.459878627422155874e-03 5.834549807519567128e-04 -1.869063515012832528e-03 2.554025450878545244e-04 -2.458691819410885110e-04 -5.228958389162508122e-04 -2.039809836301208310e-04 8.045593373264229176e-04
-2.241231614787629611e-02 -3.002388885978040864e-02 -2.200539230127705054e-02 7.114870270438740547e-03 -1.475012218969087331e-02 -1.335611218186211029e-02 8.020379869095747849e-03 1.700676446982678442e-03 8.573474054250402113e-03 3.204460024649235573e-04 1.622123993616157072e-03 1.884220424770882349e-03 -1.334181606476994315e-03 -9.542359120097845338e-04 -3.577338880619161036e-04 -1.681151732173403806e-03 1.000903869356994903e-04 -2.140504131768513306e-03 -4.048924317705222126e-03 -6.110015556425630072e-04 -2.629821658555268112e-03 -1.449438545572887590e-03 -8.076768909820816354e-04 -1.308245184786904292e-03 -1.634282736387181190e-03 1.408586811673806808e-03 -8.546400281304654487e-04 -2.269582197001582171e-03 2.794672139021113955e-04 -1.578410292609939460e-03 -1.496587935751282844e-03 -3.077648963812779689e-03 9.324176151434902370e-04 -3.176944125063719052e-03 1.138194756313481168e-03 1.033846176650735646e-03 -2.390835079876848200e-03 8.079200542096862765e-04 -9.819534113331542056e-04 -6.158982116592448498e-04 1.395155877444271674e-03 -1.245917680254853780e-03 -8.313407848369287019e-04 -3.094733295344392291e-04 5.676932242323832860e-04 1.798134371785681728e-03 -1.390056262337955153e-03 -2.618956802791061900e-03 1.426990326775923537e-03 6.950342729508800785e-04 1.617661107511424515e-04 -7.954520701234021884e-04 6.751303157583372514e-04 -8.468149669069276663e-04 3.751990938958437664e-03 -1.213846049817828227e-03 -4.570222272355163357e-04 9.986287191371381790e-04 -1.355123365412954197e-03 6.550427972680185253e-04 1.267278642070983612e-04 1.311072247251454485e-03 -4.489238777934063734e-04 -3.240087877723460321e-04 1.014374372727092858e-03 -1.653701390418053181e-03 1.663693702383623808e-04 -1.111866559843974764e-03 -2.552769770471650327e-03 1.917928324362117953e-04 -1.420167993532347062e-03 1.390454516640758176e-04 -8.294290107712589018e-04 1.335653775736297044e-03 1.715091842596801978e-03 1.254897917938441448e-03 -1.624131889813881010e-03 -9.487664157976363147e-04 -5.108041225161274622e-04 -3.912414171651989949e-04 7.812023976256436122e-04 7.768333411245659801e-04 1.742078804181534718e-03 3.004936725585974702e-03 6.115190285864302447e-04 -5.263500268944614575e-04 -2.140183489374670490e-03 -1.645398744670126517e-03 -5.251054699568023093e-04 -1.630690293675820385e-03 5.856540933075555979e-04 2.215743575278369265e-03 -1.256569157412614759e-03 2.509514016119102488e-04 -6.996562641901217083e-04 2.003248412605204351e-03 -1.171086151260046347e-04 1.555747439375234015e-03 2.164353120396617092e-03 -4.991584524979199734e-04
1.597137680513752989e-01 -6.537760735773148237e-04 -4.701458022386697036e-03 1.171216053076540309e-02 -1.590970699357430879e-02 1.792610214039492330e-03 3.593778527957420350e-04 5.555346288733024537e-03 6.576225266378778189e-03 4.527733475605025780e-03 2.000265157644611977e-03 -3.066394383189955958e-03 7.079071605621107502e-05 5.841770608954366568e-03 1.892648525221688437e-03 -1.385774250892519641e-03 -2.897888866207638109e-03 -2.203221738734643768e-03 2.685725948003538435e-03 -2.185571675984358635e-03 9.751938960882782989e-04 -8.407755833229415849e-04 -1.940421048009233424e-03 -1.800789025599403145e-03 5.619727808249140501e-04 2.059698456731259581e-03 5.237000270945678989e-04 2.274036383130347981e-04 2.118429020551029860e-03 3.446561232811666108e-03 1.022586632045603813e-03 -1.147893208825122866e-03 -1.832905183140810963e-04 1.662619019960552688e-03 2.823815119654907320e-04 -1.125029405588133654e-03 -3.872277431072082251e-04 -1.260116321001552523e-03 1.240447208378645709e-03 -1.600697903311253752e-04 3.087955384287680103e-03 1.065942768266305913e-04 4.878572611250143131e-04 1.156549922885374013e-03 1.062882180307517417e-03 -7.229127971564492825e-04 -6.174907032280986627e-05 -1.224494442543022426e-03 2.839305023275040291e-04 6.882252294563959323e-04 5.599757408643075019e-05 3.782255047287832821e-04 6.118088447225828515e-05 -1.143172002229737036e-03 1.768357198299789048e-03 -7.124089745136189845e-04 -1.254812232606864549e-04 -7.793130336674049209e-04 6.792490818405742901e-04 -2.057380480270286848e-04 1.072844469124737635e-03 1.407133040372579710e-03 -1.791041727088421532e-03 8.378109049932862869e-04 4.679223916849097227e-04 1.206580427016476498e-03 3.188495963798354451e-04 -8.279310709850354615e-05 1.522207086607886041e-03 -1.344312772379629723e-03 1.530196117029144999e-03 -8.381243642075728332e-05 1.876236034352428547e-03 -8.249236597587984591e-04 6.885676187443818576e-04 -8.703478843657047387e-04 -6.408518986473749459e-04 1.228509750449074001e-03 3.168025770188166593e-04 -1.996360143897366220e-03 -7.223225027550333110e-04 6.196811075920563225e-04 7.873125595052949321e-04 -2.546587008813053590e-04 -3.030866886122912576e-04 -4.197946863835360807e-04 -4.762694612716993070e-04 -2.790179704966971787e-03 2.118631008911674239e-04 1.165983008786478699e-03 -5.883067622860831342e-04 -3.244400337628829015e-04 3.818144824494209221e-04 7.027282756875368299e-04 -7.283026747254971612e-04 -5.956871267126617568e-04 -7.259238196098733061e-04 8.074228932443156675e-04 1.443413466049127186e-04 9.031978088139990717e-04
1.888340411176943900e-01 1.959231506632231820e-02 7.917854122308904535e-03 -6.099473308129621865e-03 -8.276776027244022588e-03 -8.310032698935720897e-04 -1.040565923543793417e-02 -3.391132741625407614e-03 -2.839974221038685327e-05 -4.313060078227872601e-03 9.294523762032778306e-04 1.549889567659095118e-03 9.650208801729859547e-04 1.348516710833033618e-03 -9.445575289574121083e-04 -8.486466779240997701e-04 -2.930789967749930156e-03 -2.092642157363911858e-03 -1.751239601212196051e-03 8.979925379470048846e-04 -6.709424245633237348e-05 -2.345703209866986400e-03 -1.796320965379221563e-03 2.702015491854298061e-03 -1.770846573269087114e-03 -1.797935602813203126e-04 2.332322308658606441e-03 -4.262678745604897047e-04 -2.949794557086832483e-05 -1.497579049493285902e-04 1.670707467110624494e-03 -3.110473394470574904e-04 -1.183803292632447770e-03 -4.374141690092743051e-04 -5.777306461233984230e-04 -7.413813418905541115e-04 -4.351483336920860634e-04 1.552783654015084782e-03 -7.988270589782409115e-04 4.761086391330692663e-04 5.130466977200701627e-04 2.942463449607692744e-04 -1.416806686098099247e-05 2.717767929350694872e-04 2.729601973249384415e-04 3.264530039166864194e-05 1.307243108418767704e-03 2.560892361176532418e-04 5.284964021456563374e-04 -9.415608213442085790e-05 -5.523154546757100053e-04 -1.251197182005559612e-03 -9.780909989839405277e-04 -1.123009573039923138e-03 -8.938943286857679242e-05 -1.653085707696706731e-04 -1.194597670370885906e-03 1.154482009113491252e-07 -4.587532750338170679e-04 -2.307130003940906693e-04 -1.259571405026573877e-04 6.470215970622697531e-04 1.680003632602667090e-03 -4.979961930953203395e-04 -4.084609248474126587e-04 -5.990204447037879212e-04 4.269500792829662565e-04 -1.216817145957954085e-03 9.843304270963169206e-04 6.446232113411508357e-04 -8.491667689598508936e-05 1.293121124960640952e-06 -1.281913291388515072e-03 -3.622821481718413450e-04 -1.957392001491547139e-04 -7.133363047590786116e-04 8.971801524397886014e-05 -8.104180864891664471e-04 7.541397767325360617e-04 -1.778204059947180438e-04 1.371516595303391359e-03 5.818169973401193188e-04 7.118311823472624883e-05 -7.497000869323351994e-05 1.320360538872924496e-04 -1.011383557360998585e-04 -2.670318089086296800e-04 4.580478186822641799e-04 -2.826465157326901192e-04 -3.342122279855345491e-04 4.984301175629902402e-06 -6.947648883106529588e-04 8.502489574029267489e-04 4.028827581835696609e-04 1.318109350488143750e-03 5.343815298068045529e-04 8.972846749878161119e-04 -4.356056104360805773e-04 1.224000836294583596e-04 -1.059907009736456312e-04
1.444108239449762299e-01 -1.734282769155366319e-02 -1.253140146939471684e-03 1.710209752567477814e-02 -7.626283780085766142e-03 1.291302071961344250e-03 6.516667532171719311e-03 -1.250904437012383260e-03 1.010392347607143521e-03 5.159352869256399361e-03 -4.765974524885090331e-03 3.143597833630338949e-03 2.496072646126469823e-03 -3.195609260328253825e-04 1.295983856139102872e-03 -8.633024669152536759e-03 -6.590752493273949533e-03 1.588339596134611645e-04 -1.505583428736163333e-03 -9.464332373728969426e-04 1.605081337766389032e-03 3.364099523113718744e-03 4.512307592760865689e-03 1.224440537439946963e-03 -3.522385447258263684e-03 -1.709226463256004625e-04 4.099478076463744449e-04 3.242921671713929442e-03 4.813105757157510114e-03 1.241716007165152716e-03 7.161966276823682382e-05 7.272872098311511163e-04 3.780463048142508717e-04 5.308076440728432379e-05 -1.231092551317420139e-03 8.480929334238279747e-04 1.042685426022589611e-03 -3.079892158267971572e-05 2.543278502505420168e-05 -2.984661651767926954e-03 -1.074049526990640243e-03 5.571090939786540368e-04 -6.675596582538801923e-04 -3.945477828299998545e-04 1.498440625883172518e-03 -3.518615624410338216e-03 -7.595290577008348312e-05 1.810894100697726375e-03 1.775213265393425213e-03 -2.045278137395425966e-03 -1.168743236513734027e-03 1.686948759480784215e-03 1.238950244534422064e-04 -2.183609337696902110e-03 -1.182749667824845637e-03 -5.000396566596610826e-04 1.472393021789884359e-03 -2.386193399917734340e-03 9.609308153813471073e-04 -2.040446663700202449e-03 8.547577424539114363e-04 -2.221301980712920316e-06 -8.205299347800123653e-04 -7.429149852652798536e-04 -2.765530850533950979e-03 -8.693424886619389828e-04 1.209436025378420867e-03 -5.433569135869517966e-04 -8.201684637093621666e-04 -4.021468139363014774e-04 -5.606699854680800588e-05 1.515468167049617858e-04 4.789709157402841696e-04 7.214439390933496303e-04 -4.927990310983783578e-04 -1.552444535570758144e-04 -2.606491736971677103e-04 -1.417346400339247259e-04 1.605082067912700771e-04 -9.246851162282653620e-04 -2.851246311767747892e-04 -1.166206725524494793e-03 -4.744330467276069345e-04 -6.295166506731974255e-06 -1.509040806426709168e-03 -1.483529870842961685e-04 -7.945618985603353484e-04 -2.658274157940512090e-04 -2.205500765200548536e-04 8.142169681636248846e-04 -1.617857944227784662e-04 3.455760265236650997e-04 -1.429062730555685974e-04 1.464805147982673871e-03 1.493037406820076876e-04 1.552993981103217727e-04 3.195696579303941554e-04 7.874449481581367394e-04 2.551468630438266032e-04 -2.445140921219114824e-04
1.316529380450143227e-01 4.553052960539713420e-05 -4.301230813280383647e-03 1.175684963385792946e-02 -3.527153965284894870e-03 -3.768739131773960350e-03 3.266014424016566351e-04 6.158708355398555354e-04 3.481529339595158118e-03 1.648551062720890817e-03 -4.612619880076876053e-03 2.360726578768991557e-03 5.825490741204841436e-03 -2.939504464631071692e-04 -1.157720714826759208e-05 -3.516330256488440532e-03 -4.405588482816981920e-03 -1.667521836359353886e-03 4.165125160435678188e-03 4.251018619724802579e-04 1.668825896646507342e-03 7.064034033270235593e-04 2.965591227988664466e-03 -2.984289888076978813e-04 -3.189104795550462643e-03 -1.161799686390583078e-03 8.932075757076327451e-04 1.588438200166816458e-03 4.010053487443151349e-03 2.014663264970881044e-03 -3.175333447885258630e-03 -8.223910635525740181e-04 -4.631818356221529057e-03 7.624245658216721126e-04 1.090486090168914105e-03 -2.221427989934837872e-03 -6.212296040912926656e-04 -1.723372626818147442e-03 -3.303565958231039282e-04 -9.529188082359241240e-04 -1.544401921984178716e-04 -1.569723227218797462e-03 -1.448572849704342662e-04 4.027789779068353818e-04 1.595323024495515479e-03 2.478011668002060543e-05 -1.226528537529776282e-03 -1.445092638184273474e-03 3.243907182910172552e-03 1.153389870985645042e-03 -9.148840283581038740e-04 7.542579033051314717e-04 2.629188441450682509e-04 3.142573126397844949e-03 -1.026152103929716839e-03 -1.722262192747530405e-03 1.813393254645491925e-03 3.135446002984401855e-03 -5.138331476853784212e-03 2.953194984744620614e-03 -1.728480779081244516e-03 9.337288512327680725e-04 7.558153466878012559e-04 1.235457407927573583e-03 3.351926128746281729e-03 -2.386317112061452452e-04 -3.701118358055394131e-03 -7.598437286405637474e-04 4.238828251759878068e-04 1.618628731161026900e-03 4.413657604598939085e-05 1.125213826825708936e-03 9.873752276213290918e-04 -2.203078194754557449e-04 6.979229548727668110e-04 -4.850432844657483721e-04 2.000637473746308230e-03 9.750213406841845998e-04 -4.768793535527994900e-04 5.734273382508720245e-04 -5.846504894114987758e-04 -6.447076177853468650e-04 1.569075522815883010e-05 3.221910839928007167e-04 -7.094849156189280337e-04 8.246674209125450091e-04 3.845069443063047626e-04 -1.227950487045886916e-03 6.187209857398112577e-06 4.462023549560257618e-04 -4.263886980817864795e-04 -2.994683718621613840e-05 9.499946905282486342e-04 -3.763933781072042778e-04 -4.253702837508410218e-04 -5.802952294839012690e-04 -1.146882451229632382e-04 -4.062322600754959931e-04 -3.266930038780414131e-04 7.964288657480581891e-05
4.060532870499187000e-03 -3.142123908650940739e-02 -1.685340728428205009e-02 8.569733878268880750e-03 1.106096485434442458e-02 -9.663845512704079613e-03 -1.430518927081319246e-03 -1.342210985268234812e-02 4.716012130290332671e-03 2.214958969036197583e-03 -2.074418881302713714e-03 1.335517805959111990e-03 2.398131360447988691e-03 -6.982442427669016682e-03 1.228625276719534556e-03 -2.446327785351142935e-03 -6.487736129698990720e-04 -3.499125485561751896e-03 -1.837259412693782734e-03 8.394785728022954516e-04 -5.225875318355558763e-04 -2.095045054839919305e-03 2.139825731498118302e-03 2.055305374842442243e-04 -3.127166775764545284e-03 7.761660022486961382e-04 1.116902110533177358e-03 -1.884419631676748476e-03 -3.341290893323711569e-04 2.174400517670732613e-03 1.058269078209044141e-04 1.536099380579665627e-03 1.922590582272019292e-03 -8.822794648952414715e-04 3.190304683422831274e-04 3.805109402673543476e-03 -1.470583413052243583e-03 5.384225757141060430e-04 5.413629224052860347e-04 1.588778797592229404e-04 1.184039426778794608e-03 -1.318563382313090067e-03 -1.637321507498428006e-03 3.089904531344235625e-03 -3.381394541014735963e-04 4.271534808758902630e-04 1.268010957849460526e-03 -1.841820022915230783e-03 -3.694139546904617009e-03 -1.180430489901488625e-03 -1.678193746465650492e-03 -2.117713499925605487e-03 3.131887589045664541e-03 1.443317052059011783e-03 3.017071196088733868e-03 4.527082015909745724e-03 -2.950132843636126944e-03 1.730359048182817869e-03 9.462255073050542756e-04 -1.734182944681663101e-03 -2.574349267471743186e-03 -3.297138494620740871e-03 8.590028243177163939e-04 9.591781734678686067e-05 3.301827236329270190e-03 5.764871204923698207e-03 -6.561629347195719903e-04 3.739359431831396421e-03 4.578134519563807294e-05 -7.310617986046976432e-04 1.457008678738930816e-03 -3.254849615569259391e-03 6.165974829736890154e-04 1.184211860571649866e-03 2.127921121939647085e-04 7.931576357790177121e-04 -9.949760118918900970e-04 -9.674117929594769957e-04 1.952979440664406093e-03 1.718251387222566795e-03 1.121582590123427619e-04 3.441899747971693697e-03 1.504337712301713178e-03 2.654906361250305123e-03 3.092033558110652419e-03 5.993243518658991935e-04 -3.188637451872547435e-03 1.487309703850133369e-03 1.206248669991479873e-03 4.474790717464199245e-04 1.333754304376116363e-04 -6.920397320741808770e-04 -4.816666239011244003e-04 -1.888498210139365283e-03 8.319831841259174273e-04 1.496090431978370008e-04 -2.439161124725528916e-05 -8.458337789710537215e-04 -3.259940630433739300e-04 -1.609171137729740325e-03
6.870300321914499242e-02 -7.149153597633167885e-03 -1.374100690765666863e-02 4.534338564315783943e-03 2.395365787764180965e-02 -8.461180201484997093e-04 -9.015025772623478512e-03 -1.135851764509396115e-02 6.165196683932363392e-03 1.659206596224682782e-03 2.005726881315184236e-03 1.241890087058956449e-03 5.322308978721707398e-03 -7.292174286713483042e-03 2.631983781447380828e-03 3.060183485661689424e-03 4.286572676610860867e-03 -3.248035091451276918e-03 3.083201558957992996e-03 -1.485494975689196501e-03 8.376440224458562818e-05 -4.484003778002625291e-03 3.179527163509296948e-03 -7.223582256219005958e-04 2.465007753173580323e-03 8.820061544328952488e-04 3.108153729219566026e-03 -1.246804255869603077e-03 1.388620065877737208e-03 2.570892746338216892e-03 -3.478048766579792343e-03 1.120940909520290853e-03 5.699986110718143623e-03 -1.363049266135609719e-03 3.489947373669513922e-03 3.578324558529676850e-03 2.973478973378821657e-04 3.031870243271934592e-03 2.980123704444003017e-03 4.526283109681478178e-03 4.915892982975745337e-04 2.759759086165280290e-03 1.901816422877715667e-03 3.314786658093745418e-03 -1.506687518106508477e-03 2.342004943239574515e-03 2.716480251872271153e-03 4.643725991043335527e-03 2.496964711333586173e-03 -1.106541783584009909e-03 6.512953309132567346e-04 3.123136040285040809e-03 2.228916023262558115e-04 1.045658680578980633e-03 1.522691456662138938e-03 1.204135963778803784e-03 -2.161873827152562075e-03 -5.825893663171247339e-05 7.548662153657015967e-04 4.878322563447955976e-04 5.999993586096836551e-04 4.766754465271945320e-04 4.865992097767326001e-04 4.127445704977428416e-04 2.187508571177418631e-03 -2.512674155516590605e-04 -6.271834207808184075e-04 -1.246753818741478228e-03 8.584533065015822681e-04 -1.559101908456921037e-03 -1.358575523388379615e-03 -3.950648571687211856e-04 9.690908786491266892e-05 -1.283320356795724163e-03 1.069637793599995497e-04 -1.050226213564123224e-03 4.692126324729463502e-04 3.636613460451713860e-05 -2.024170051352419761e-03 3.660005669639852739e-05 -2.128728584824494529e-04 -8.647169725378643342e-04 -1.355863339027273606e-03 -9.278931335058791504e-04 5.618140016733551376e-04 -2.561328880410748731e-04 6.168521109598573866e-04 8.897707436496264568e-05 -3.098735584603032355e-04 8.628911576777186085e-04 3.037105489242751251e-04 3.399019476240952250e-04 -5.052756421877355143e-04 -7.585647016457352024e-04 -2.709659849101065071e-04 2.380498742443942957e-04 -5.312943823772924533e-04 -2.009411690480718726e-04 -1.837014052364140679e-04 8.346412661620015170e-04
1.197456733931253070e-01 3.337159171156583721e-04 -2.420554868239620065e-03 6.555087613793514519e-03 1.159796611617247217e-02 6.871262006976680894e-03 -9.800525853617092845e-03 -4.800870298105685587e-03 5.908814114512206221e-03 1.153471371749319413e-04 -5.184869149962977736e-03 1.094054999860649691e-02 5.093469438218099603e-03 -3.660155665659613373e-03 1.146457952876019223e-03 1.195612673891405979e-03 1.835314313928312164e-03 -3.183110985076154607e-03 2.032032495427285590e-03 -3.667761037210248514e-04 9.491488315390228872e-04 -2.090438492110112227e-03 3.863844702174574087e-03 -5.537226535535591694e-03 -6.825504138482093664e-04 5.886513885125011815e-04 3.090488061299968316e-03 2.244278818471003587e-04 9.338643255976398485e-05 1.941166299439915817e-03 -2.005216443967616346e-03 -1.703236146551651790e-03 -3.897209248514862338e-03 -1.790028351273046173e-03 5.049909556360867094e-03 -3.398620923703550047e-03 -3.412210226453138949e-03 9.354582987065682836e-04 -6.001077676228082055e-04 2.804071151918173890e-04 -1.210901936681248094e-03 3.548623249387781466e-04 3.436404776135543529e-03 -6.469428830934511460e-03 -3.424965719999505630e-03 -1.077456652471223825e-03 -8.178572493660398205e-04 2.530346187036100741e-03 -1.052689876354203713e-03 8.115704322232248323e-04 1.089095480761231383e-03 -2.615047676634387093e-03 8.305633363255013942e-04 4.564789757625659235e-04 2.208628884571925931e-03 9.883603486838990048e-04 3.992912981575235418e-04 -2.686666696315485187e-03 2.549742211162938504e-03 -1.299352752511742952e-03 -1.390836660751623341e-04 -1.329505094161040216e-03 -5.254739407791876680e-04 4.832443979292721853e-04 -3.373618358870194081e-03 -6.861501554335595323e-04 -6.165886940770297364e-04 5.338181179929659065e-04 -7.895471944030444788e-04 -4.793878159573256958e-04 9.453108763619578157e-04 9.165804685444467947e-04 -4.310972903852077105e-04 -1.435388673933546671e-03 -1.122325486888403482e-03 3.234998745825049828e-04 -1.373206807061365733e-03 -7.277578962206419618e-04 6.849865549119045710e-04 -6.588736707732731129e-04 1.182889551022894533e-03 4.879986535398822718e-04 1.173439603407110165e-03 -1.189687015497264966e-03 -4.251903764805712053e-04 1.677256354373021937e-04 -1.197634223267737353e-03 2.994833855854800138e-04 -1.823149383730833888e-05 -5.757850809080528173e-04 4.671903580545766336e-04 4.921807406928387085e-04 5.264133890763275826e-05 4.390869393961592667e-04 -2.242054035090394672e-04 -4.687074505056691975e-05 5.390609693908772005e-04 8.305079027934231034e-04 -2.666737614090665875e-04 4.589343510601021385e-04
1.042363534853239793e-01 5.394280372063006701e-03 -2.847441483806913143e-02 1.731804908416528094e-02 4.925500707870464909e-04 -7.750213756107285877e-03 -1.578551808450620554e-03 2.188478785375645806e-03 9.429223195340279140e-03 3.909782164187942423e-03 -2.325126568076472423e-03 -4.297847336707921566e-03 9.385779838643847203e-04 -2.156517619686368781e-03 1.180353583587210329e-03 7.888980216145397018e-06 1.278951506715894030e-03 -1.375647542983241727e-04 5.601825417992941855e-03 2.284540164806129678e-04 1.066655872938776831e-04 2.616999015905582468e-03 8.039557729075409980e-04 2.465060355271290506e-04 -1.977988349119219180e-03 -2.234534208841430086e-03 -2.576607659833196617e-03 2.720327489419444998e-04 -2.724192418183585263e-03 8.123428693533419958e-04 -2.647563748769367602e-03 6.931515785916440289e-04 -3.102811329904372182e-04 -1.450089297140029487e-03 -1.141232059737913238e-03 -2.270731218465209093e-04 -5.921764720009900810e-04 -3.176676774894429678e-03 2.485186091222128823e-04 -4.697357498104793184e-04 6.537592665602137481e-04 -1.089541228702703337e-03 -4.444878492447611532e-03 1.093089808578684690e-03 -3.378558014368758717e-04 2.872428333031208409e-04 -7.563257524981221568e-04 2.511184600733346386e-03 -7.283543952832248394e-04 -2.388145448187676146e-03 -2.632081321894978645e-04 -1.640068356350830739e-03 -1.735501915393279377e-03 -6.530310213690273050e-04 2.100854285879640362e-03 -1.222116590239986315e-03 -9.170232075537740183e-05 -3.417986571234499834e-03 -1.500519060498580504e-06 -1.154913000156987493e-04 -1.326463722100024688e-03 -1.107596353773072657e-03 -5.303825752824984285e-04 2.734761440640777388e-03 3.033380363624261795e-03 -2.456492245049786242e-03 -2.482133847341597903e-04 -1.305970535902008581e-03 -1.708751730180593830e-03 2.677378761932696413e-03 7.922222361975678846e-04 -1.369138928901787299e-03 -8.732103953868590191e-04 -3.902411981668916889e-04 -5.819159559411764921e-04 -2.487378828822467414e-03 5.360276877267436185e-04 -2.618358608909378857e-04 -2.761316301373006182e-03 -2.092283503713149653e-04 2.487599646515383173e-04 1.207416006054546406e-03 1.861886466730359752e-03 4.307169799295528000e-04 -1.982147217310298087e-04 6.894706504865998845e-04 1.618680569108368666e-03 -6.550977197865625939e-04 4.690700931789234054e-05 -4.791627594521280205e-04 -1.051667720355251414e-03 -1.769176242559061164e-05 5.957106236649358438e-05 -1.329649016023759381e-04 1.902969199479946898e-03 5.903299705706708221e-04 -1.189277129899591684e-04 -8.844551145893135439e-04 4.378889669417547394e-04 -2.639504053685174452e-04
-5.434989641777299846e-02 -5.323717155852092375e-02 3.337582060412597196e-02 -6.037561371952031991e-03 1.102632849871391582e-02 2.475942054147711995e-03 -1.269828992971654136e-02 -2.362397069470907780e-03 3.198130973160937234e-04 -6.606446417309881289e-03 -5.145312958324099739e-03 -4.910590570637380498e-03 -6.941585132079547936e-03 -2.036851296771992077e-03 -4.101720392418995408e-03 4.767149910415849953e-04 -1.344696673461131522e-03 -2.185920048816707238e-03 8.276135521940980021e-04 2.014143103874430681e-03 -8.208222809678189123e-04 2.867547758089995964e-03 -1.684968265001289371e-03 -9.839714061345818455e-04 2.841705043479508547e-03 -3.528015866434548471e-03 2.246795982052529790e-03 -5.220318580742899566e-04 -1.470825694133023453e-03 3.974858854071515284e-03 -1.761341315129975318e-03 2.327119801428289073e-03 -1.877756684357390808e-03 -4.627036121535986089e-04 4.290223090050945018e-04 -1.279360881165903917e-03 3.244700411515703126e-03 -3.953158841240873964e-04 3.108920343811339901e-03 -2.545840838122921494e-03 -1.400417118029083190e-05 1.627536571479827176e-03 -6.443115802010714911e-04 8.197372864770404019e-04 1.588944833207280201e-03 1.076714190096551014e-03 1.097863678271318371e-03 -8.641227784128359705e-04 -1.737924131882263965e-04 1.578056327660319006e-03 -1.584120565327304343e-03 -8.329448476950300148e-04 1.514097703504581902e-03 2.453953678840695499e-03 1.805302309031668693e-03 -8.671262678173674229e-04 -8.011256019052710384e-04 -5.643872014380366771e-04 8.720721200966876892e-04 6.207486951172453262e-05 1.203533737491421568e-03 -3.096754852408888439e-04 4.311313248593617447e-05 3.346570865687528490e-04 -6.575747132218409511e-05 2.647857164002376013e-04 1.737630507405343644e-03 -4.282181965786370070e-04 8.560664285289170490e-04 -3.686693557554592340e-04 -5.865479281446960621e-04 -1.667477593779419188e-03 -8.323680725889712889e-04 4.437266782934779440e-04 -6.040452861575977203e-04 1.620118807092193677e-03 -6.295514781040111377e-04 6.868596870722902883e-04 6.822918605838518107e-04 4.788487770193064616e-04 8.528873434970801531e-04 1.229727808216360060e-03 -1.342973528927508256e-03 -6.001665206760649395e-04 5.902575952178227940e-04 -1.036473147090774885e-03 1.062758855463401741e-03 -1.367791129383844279e-03 4.303451227429766989e-04 4.454070684694107912e-04 8.652613514179123295e-04 -1.061303795861068006e-03 1.185858617114269979e-03 2.825819814341458229e-04 6.276058377827386289e-04 4.614554741019687221e-04 -1.354353032186094048e-03 -3.709149849572183455e-05 4.406147870412845005e-04 -1.977464594779259656e-03
-8.493556573047046643e-02 -3.679624714457604973e-02 1.327566657374352511e-02 -1.578612492666705072e-02 -1.192982014916672698e-03 -1.195421011788817757e-04 -9.810622104640474850e-03 9.906432024772773848e-04 5.815550284609128859e-03 2.635604437172485437e-03 5.535869262858544512e-04 -1.626580999340490000e-03 -1.627093106087975456e-03 1.065085746922159442e-03 -2.552350755767129539e-03 8.271120341605502210e-04 -1.883469873385962051e-04 -1.896989290557445041e-03 -3.460232191037627275e-03 1.139595909515014058e-03 1.680629205670531603e-04 -4.772973088415062505e-04 3.795927309902380389e-03 -1.562786841873225899e-03 -2.929702301926153307e-04 -1.369212069646571356e-03 -1.090566873098520843e-03 -3.095247472065070491e-04 1.185961917264765362e-03 -2.996117949147555221e-04 1.576095522143132130e-03 4.577735571811059100e-04 -7.725445867664908726e-04 1.038350936733044164e-03 -3.214895573156083741e-04 -1.326639273624260140e-04 -6.736193957630597778e-04 -1.349684413495961296e-03 -3.474960828039074293e-04 3.856295895706368486e-04 -9.885457101069768712e-04 -3.141788192186956738e-04 6.236687375725513943e-04 4.214024894194873336e-05 -3.152170523613257933e-04 2.162013898248013035e-04 -4.081771208534270569e-04 -2.777102316025615875e-04 -9.111929188727721550e-04 -1.343287480138865382e-03 -1.125424200061364452e-04 1.563489161610376495e-03 2.829505845854325989e-04 4.740247820210246243e-04 5.443559423161618697e-05 1.340534395351256720e-03 4.986871602593567743e-05 9.874571735913621664e-04 -7.663762200515002784e-05 -2.982063571235873457e-04 -3.819219846764766594e-04 1.235198136531188984e-03 1.140181551434611527e-04 -8.897401620669896866e-04 -6.981866989013444042e-04 -3.351045371137297089e-04 -1.312889156064358078e-03 -2.665506703943799094e-05 1.436520624953393610e-04 -1.204929270532412427e-03 -1.110198370429319121e-03 -2.938462918066978968e-04 5.626340535045421670e-04 -1.424471978040750889e-03 5.335831272738114075e-04 -4.749201203698978462e-04 -1.237665711422108713e-03 -5.566055260429419007e-04 -9.237786352516184430e-04 -1.060357468950615589e-03 -3.663090013158852728e-04 -9.203384102544473130e-04 5.157576092145325962e-04 5.504868432572266744e-05 2.462715159553638969e-05 2.457766338030376377e-03 -2.960945765398509096e-04 -1.987050144266460240e-04 -6.677679180628701833e-04 1.519485826778173212e-04 -1.486028416308646759e-03 -2.220057535590102757e-04 -1.052068485902770355e-04 -6.442915022655547374e-04 4.478553526145284376e-04 1.151284590722118605e-03 -9.632547162098150642e-04 -7.352958011750565948e-04 -6.280183169991064790e-04 1.557225612878195865e-03
1.240811684946540178e-01 -3.538891325820010814e-02 2.034772540429161808e-02 -6.487264662418846736e-03 6.563529186193369121e-03 1.285276808620082999e-02 7.864853404281236735e-03 -1.252973022895620782e-04 -5.489921487600340350e-03 2.992617899081986854e-04 2.526803977316432852e-03 6.143468985140455342e-03 -2.118960175855130398e-03 5.494657395157719927e-03 -1.742391500298982182e-03 2.042922868538838040e-03 4.904236955206604971e-03 1.202634445973245833e-04 -6.325327506992160006e-04 1.548327170082442925e-04 2.348641973687305533e-03 -2.380884621432292122e-03 1.156061607354125220e-03 2.254456637809383168e-03 -8.610016000438526235e-04 9.063201103584980116e-05 1.463976038996323611e-03 4.648323080084590538e-04 -1.261803254108336567e-04 -1.770287419441605526e-03 1.408894478872869905e-03 1.097464655796747453e-03 -1.062921899044312829e-04 -3.421299840365740579e-04 -1.421884414668822061e-03 3.818143787595058695e-04 -1.796872641019501074e-03 7.509022344195534450e-04 6.648920675420092472e-04 6.382991862824570657e-04 8.243550527864944993e-04 -4.375875168852763576e-04 1.090358785980158384e-03 -1.326358142328999852e-03 -1.513120801396645619e-03 -2.158454860782468496e-03 1.141239970444522675e-04 1.548655659947478574e-04 -2.234252883226494051e-03 -4.379278879954051802e-03 -6.116368112293642115e-04 4.047503954968050856e-03 9.658006412087030595e-06 8.891834015859181525e-04 1.956431438665623152e-03 -2.788163139323747604e-03 1.616789078908252098e-03 -1.265983738373701413e-03 -3.649351540640000547e-03 1.822207325808534398e-03 -5.794714835665856138e-05 1.805930005984425436e-04 7.497847762333124120e-04 -3.428336007636696974e-03 1.296173702987509424e-03 1.719210642826557922e-03 1.098946705980031276e-04 1.064137719742170966e-03 -2.171179962579408620e-03 -1.580450060892130051e-03 -5.240433361592247751e-04 -2.037070091406225237e-03 8.166697656336314830e-05 1.168863968376780910e-03 1.220869172135368320e-03 -2.261315983818686960e-03 -2.329430360776186225e-03 -1.880753601292599678e-03 9.190464279191199208e-04 -1.124978108444267674e-03 -7.685285037882865714e-04 -4.319005576130995018e-04 -1.500672960135644208e-04 -1.708604479507238672e-03 5.014247710392424244e-04 -5.949103888681261032e-04 1.660491455925265040e-03 3.716013007759478171e-04 -1.015022198229087198e-03 1.945852957631992182e-04 3.232854605782911422e-05 -4.956557784324257883e-05 -8.081817131760563435e-04 3.550943288856646049e-04 1.723021705759400556e-04 -2.145864763914933845e-03 -3.104862046433062156e-04 3.277932605351766547e-04 3.056938724524111399e-05 6.492054780955870208e-04
1.728264208330885510e-01 -2.176209497752669073e-02 1.577699088115958048e-02 -7.117260270874432512e-03 -6.411602438718218624e-03 8.126402552778891689e-03 6.227463231727271842e-03 -6.182077403627419046e-03 -4.772604238001854071e-03 5.143201845981198311e-03 6.128651885471955892e-03 2.778835675262736685e-03 -3.150678673278254401e-03 9.963945310616824022e-03 -4.628552562103168777e-04 3.155953266441547072e-04 6.723355284708474114e-03 -1.492361354615112873e-03 -2.865975927259378862e-03 -4.243230694490452738e-03 1.323601104953505943e-03 -3.221045833803588745e-03 1.444242330248019564e-03 3.792622029249722920e-04 4.130995824346576423e-05 -1.294155255451555483e-03 1.049262050703091056e-03 -1.882402194389411502e-03 1.321053502369827362e-03 1.445249021120151214e-04 2.060178728094047475e-03 -3.013212407307023100e-03 1.823356494411900027e-03 6.218877551648599022e-04 -2.081635070693502350e-03 3.627283266749875470e-03 2.493100135289596630e-03 2.388395342903836156e-03 3.155834482710450435e-04 4.036760727488859649e-04 -5.607342398785894466e-03 -1.376405006307037174e-03 -1.313221662909215852e-04 3.804158608855736528e-04 -7.867630594572472876e-04 -3.278163850540103796e-03 -4.238359326713054751e-03 6.465077000508069778e-03 5.535635941197176958e-04 1.996495878996323251e-03 8.673852507655316346e-04 -5.078119748993701991e-03 -2.094767175003737559e-04 1.560886451396666617e-03 3.179694694344567356e-03 1.505693593435456163e-03 -6.624511756855575636e-04 3.817724517629513242e-03 -4.463292403638498924e-04 -1.256723121050010682e-03 9.042661523873929928e-04 -2.136579565665652335e-03 -2.470734668669659611e-03 -4.817818969271325281e-04 1.934090230155207030e-03 -1.192157730928697455e-03 5.141090908042288349e-04 -4.713940332494077640e-04 8.231098151680472496e-04 7.967926035367103518e-04 -2.968057613197509228e-04 6.471204478350692105e-04 -1.261229808545999572e-04 1.579505434934679400e-04 -4.488345384806048248e-05 -1.115314445100744302e-03 3.214329054974480408e-04 3.661909201510455975e-04 1.837828901515219148e-03 -1.122854779509145119e-03 -2.449384250721543536e-05 -1.139390758617744035e-04 -3.186248985432926588e-04 3.941481925786200239e-04 -1.388710745131593611e-04 9.771400720977461345e-05 1.750638434082255437e-04 -5.536299796492975909e-04 1.934784681982490981e-04 3.990302784852309487e-04 -6.534170187024564624e-04 4.131537750128334570e-05 1.538027145651107790e-04 -1.799259442552628705e-04 3.472208700388605901e-04 -4.773725206657184622e-05 2.365837394949068054e-04 -2.010709156358572529e-04 2.971822847637669847e-04 -2.062495783435880099e-04
-9.112788066041047075e-02 5.458884675808755964e-03 -3.587403490750008805e-02 -8.654861338232042872e-03 -8.931845864293503842e-03 2.438003111626562813e-03 1.915357194388172136e-03 -3.383117288648357108e-03 -5.349963326545558936e-03 -5.761598761009625261e-04 -9.976567598086385092e-04 8.529927069009622534e-04 -1.169560943449625163e-04 1.307789562682465411e-04 -1.929074045898218842e-03 -7.089638241050510818e-04 -6.530935614203331181e-05 1.920751850134959230e-03 2.745244224078433309e-03 -2.835923357949156820e-04 3.952142495348160561e-04 3.057592351319355804e-04 -1.170837337965156605e-03 7.419902612733226275e-04 7.594636282666037156e-04 4.306261617644065371e-04 6.144954727788907480e-04 8.047030811174160983e-04 -2.408335176380905975e-04 7.630409933943704381e-04 -4.019964520011922306e-04 -5.310877634250284543e-04 -4.219904043052928209e-04 -3.883766697936205333e-04 -6.304346544585107701e-05 5.116214436267962950e-04 -5.024215718465098077e-05 3.036784140297197376e-05 4.852128129620187236e-04 -9.165903511320809896e-04 2.762767028972381834e-06 -1.544419874744530649e-05 4.870363041027925255e-04 2.709786559103250837e-04 -1.296767881501952697e-03 5.862328944992643799e-04 -2.906324613495940849e-04 3.135672311824769178e-04 -7.166232186025805898e-04 -5.053323972615815333e-04 -2.774420627613858551e-04 -7.947151694988152486e-04 1.830192748336235823e-04 -3.855016399909441996e-04 2.416030449309270996e-04 -1.737082691290197539e-04 -4.854898752894805197e-06 -1.018189687947012337e-04 1.545088897854140825e-04 1.674710946901231568e-04 1.128379303167759850e-04 -4.543863010921722818e-04 1.143916432707869999e-03 -3.422889832315481541e-04 -4.234810838831061562e-04 2.202401034828680728e-04 6.237594858119498208e-05 -4.663129822273303715e-04 5.897970749748880241e-05 -2.848221005252178206e-04 3.416604029101267355e-04 1.326491121748997557e-03 -4.867132105412844801e-05 4.736622092545187345e-04 -3.013985954836453885e-04 2.537937411824529987e-05 -9.706054327181206753e-05 -4.337502749917305578e-04 -1.876770697056577759e-04 5.614261084800688690e-05 7.522568363901516110e-05 4.938947667363371118e-04 1.211053453054378648e-03 6.164597519662170242e-04 5.726949340599150288e-04 -1.022001820475997719e-03 6.620900034564501310e-04 -9.887167727506344754e-04 -2.407893860358379951e-04 7.833070333030333048e-04 -2.728313714613407083e-04 -5.717143313274755147e-04 -4.499332317453505199e-04 -1.131112921747666131e-03 -1.226777824346174514e-03 6.153485844967851101e-04 -1.143876207018338070e-03 8.963419370102207592e-04 -1.024163149970983141e-03 -4.478532784723540726e-04
-8.087674061551738958e-02 8.064188273407718252e-03 -4.152930541870498982e-02 -9.710369356101049634e-03 -4.629349115237486705e-03 -4.809260151931831607e-05 1.627538987113634310e-03 -6.620872273339487198e-03 -6.547571112911585757e-03 -1.073251083055309051e-03 -4.330717944304510007e-03 -7.040577412386257478e-05 3.567045502093581688e-04 1.443078111289257956e-03 -1.583619995077308615e-03 -1.393233904683819626e-03 -2.350064760260937933e-04 7.872127144821024127e-04 3.687718560017896191e-03 4.705042216828133348e-04 2.248470950972889545e-04 8.473980458769329697e-04 -1.424730514700455570e-03 -7.422773568197811415e-04 8.548133241110994528e-04 1.062600702750302311e-03 2.521231601170322478e-04 9.899815018813392428e-04 2.489043765664821056e-05 -1.368312976415542984e-04 1.672082445097523590e-03 -2.024789524560406543e-04 -1.352229527626244059e-03 -2.989008901756423468e-04 1.608019703446972467e-04 1.043605822965192704e-03 -5.607623474095549089e-05 3.556591858810875719e-04 7.811969122214396143e-04 4.268208316029441772e-04 -3.785018587239706751e-04 -1.503163781871074897e-03 -6.521433907158958286e-04 3.326732353733501146e-04 -3.965502008500922169e-04 1.023919183927245267e-03 -4.165541935890611463e-04 -4.959316678489150785e-04 8.074179942166123019e-04 -4.016974466366161054e-04 -2.996804976805396057e-04 -2.412779282128543442e-04 6.417205436881424961e-04 -3.767195768681147147e-04 7.756040558340930417e-04 1.754251028754931602e-05 3.812148919651773909e-04 -2.410511630786021833e-04 -3.181445856002226732e-05 -1.911465983621685454e-04 3.910003135056953796e-04 7.986238064788031056e-05 2.642464421619959182e-04 1.355163632693934023e-04 6.699176594879365811e-05 3.160832756403678329e-04 1.278988650116926601e-04 -1.316413659671529426e-03 2.672443613921835718e-04 1.382932803656313988e-04 3.096692093254996888e-04 7.144937137939091432e-04 4.860238316772174153e-04 2.582624771182103797e-04 7.192967399557259438e-04 -6.652505745706660447e-04 -4.486975748516616779e-04 -2.685091164499769402e-04 -4.664997019672318399e-04 3.607362645615436896e-04 6.834048892628733851e-04 2.104655358767827114e-04 4.187928838218015772e-04 6.050657465032649191e-04 -2.564853094069605372e-04 -1.062346842126230331e-03 4.387903570202345482e-04 -6.093297286991651704e-04 2.047933394773702488e-04 4.557472438840983944e-05 -5.758744753952973290e-04 1.852737915795198069e-05 -2.134401741577946746e-04 -6.288360042393021819e-04 -8.812861688678292303e-04 8.969415274198350770e-04 -1.000700095880273973e-03 7.749312090022258698e-04 -1.109087078083469081e-03 -1.015129556350300279e-03
-6.431806486401973888e-02 1.526988021471863306e-02 -3.828340136925355297e-02 -1.143384400935769721e-02 -2.244758031954918655e-03 5.705011604957233896e-03 3.726489082244335404e-03 -2.652028488931667139e-03 -2.247415371234416474e-03 -3.036631610302616309e-03 -3.497558415829376145e-03 2.919655117564748034e-04 -6.414734884279183250e-05 7.549402246359233123e-04 -6.802811488509375717e-04 -1.960322722634738959e-03 2.447238120326018264e-04 9.502487593142053702e-04 3.696207230256025149e-03 7.066984992763471153e-04 -8.529353966235867618e-05 1.712067268854872669e-03 -1.498222968620170625e-03 -1.036568111792011710e-03 1.333838543852019793e-03 1.511794438906889735e-04 8.603239259659216376e-04 1.446200188396886983e-03 -6.094670859632912111e-04 -1.387226225090336862e-03 2.868145003672994964e-03 -5.361844179590560247e-04 -1.484275424221229069e-03 -1.550704639303750968e-03 1.706242746595357110e-03 1.562726429536450421e-03 -5.576611729874358002e-07 4.439240071175640256e-04 8.944047659237596478e-04 1.089564129533984347e-03 -2.319090525283178008e-04 -3.381761208510773373e-03 -9.317746227180457620e-04 9.670124167374674010e-04 2.040818744188170305e-04 1.275881762175633130e-03 3.279656075555894374e-04 -3.285579769765438734e-04 2.237597116440147044e-03 2.448209687206986322e-04 -6.198639088932528804e-04 -3.217177550977527809e-04 1.487568061656591167e-03 1.794526037160912540e-04 -8.255103717923307030e-05 -2.977199097102827441e-04 1.702195099504412131e-04 -9.378192248834671006e-04 -3.327814573025979542e-04 1.314364489509707394e-05 2.450269550303751172e-04 2.740795294682960731e-04 -7.117932723456315679e-04 2.956766381519922203e-04 7.692416900713608830e-04 -8.597691011040738444e-05 7.203839151270241851e-04 -8.240293302299884224e-04 3.521501716032707317e-04 4.531150923265805995e-04 7.308472786231256201e-04 1.027369580794785511e-03 1.597377801120753588e-03 -2.736570349376535045e-05 4.614699986767194966e-04 -1.812424779096424507e-03 -7.281292007587336602e-05 -1.099854800633337341e-03 3.424006018389091547e-05 1.053053174933193774e-03 2.214154262781261890e-03 -2.245529233914571971e-04 -2.160528292394529534e-04 -1.452369015705789925e-04 -3.920220877085135291e-04 -1.405071870913614370e-03 7.394569670513993428e-04 -6.812386751820856141e-04 7.313280609581859835e-05 -1.887541718002107381e-04 -2.407243015823779669e-03 1.204536385038628560e-03 -3.514390711992351952e-04 -3.691926083422581990e-04 -2.466652833443742465e-04 3.133493656563475678e-03 -1.292617636289560999e-03 4.824288043662147175e-04 -3.029254219337342013e-03 -1.092309015949121005e-03
-4.887680885454954993e-02 1.445154134587024741e-02 -4.271958520102876744e-02 -7.524797336601400134e-03 2.183612872920191565e-03 1.812099336447492220e-03 5.900647308801104662e-03 -4.470736793489124561e-03 -3.230675807733355588e-03 -4.689859294457042298e-03 -4.276688328333953619e-03 -9.319344806248160270e-04 7.922780197071616765e-04 2.344161855223079408e-03 -1.673392176748835728e-03 -1.562988009627528773e-03 1.422065849107627552e-04 -6.621102131285487059e-04 1.905244856965011054e-03 -8.316268966640563958e-04 -6.156207359025761723e-04 7.567313081194391045e-04 -9.540976353037024368e-04 -1.582312999266898825e-03 9.937003462814309688e-04 -4.878458023457512963e-04 2.083453083066085670e-04 1.251672784618734031e-03 -1.582340453421292380e-04 -2.688225055618529129e-03 2.782732744553218559e-03 -2.024003684539874785e-03 -1.948245392038663827e-03 -1.586097242318199431e-03 1.573866780771943563e-03 1.860852528534659043e-03 1.147736892234978937e-03 -4.963979024592568307e-04 4.692271878481155334e-05 1.074312011955426893e-03 -1.451872220425054613e-03 -2.684304947890258242e-03 -3.710376984380990822e-04 9.159607357981683308e-04 4.299115560892326562e-04 1.012421368643312601e-03 6.783474221222986385e-04 -5.662558827793245670e-04 1.262709830715259048e-03 -5.503065183294770764e-04 6.670798853269277635e-04 1.259354730202862658e-03 2.692660099224758984e-03 4.357020658715269663e-05 2.114589367635237463e-04 -4.949901243284991585e-04 -9.710510160915334981e-04 -8.643903483945523936e-04 -7.816336415270169497e-04 -5.944180486087878796e-04 -4.546799866260025648e-04 8.723923374665107280e-04 1.542261503796368946e-04 2.182552904115606530e-03 7.954990614505509953e-04 -3.679192088528695950e-04 6.262510731457686082e-04 1.138747325643578494e-04 1.172718286123614279e-03 -5.820376292673966378e-04 -7.101505574944054261e-05 2.236659653774013983e-04 1.799629288201661610e-03 2.943012518846619590e-04 -2.032562518031187681e-04 -1.443422936252163015e-03 -1.151594698933222638e-03 -3.658868586254543191e-04 2.576216612145179586e-04 8.888311896718295406e-04 7.652964718799751438e-04 -2.802588568718346215e-05 -1.753156118602575315e-03 -7.384785359863792621e-05 -2.803314036202742845e-04 -2.117894130517007406e-04 -4.052726375889624533e-04 -3.682461877586390105e-04 8.063211310219318365e-04 4.798469887204260338e-04 7.647176427151120785e-04 7.799166248569490249e-05 1.945521835398231138e-04 5.975810088216144966e-05 2.496653261132447416e-04 -4.535322646104995620e-04 2.765228495774285557e-04 -3.869236498098715558e-04 3.443173463729802281e-04 2.041499337728659713e-03
-5.812062237094260675e-02 1.331112922701213272e-02 -3.372699590244113838e-02 -4.116156108134955138e-03 9.913708614404284636e-03 -6.567402447595494484e-03 2.530635721913003598e-03 -5.868739492328323495e-03 -5.628221767818381883e-03 -3.216965428699247449e-04 -5.621494990788438589e-03 -4.227924372310426504e-03 -7.960765386619022459e-04 3.160659458285477834e-03 -1.167446344984398839e-03 1.252541814098848691e-03 -1.414826280026126306e-03 -4.110594126489672435e-03 -1.804838964375541028e-03 -3.734433183067272823e-03 -1.160130178904188441e-03 -1.344814916151918383e-03 2.306240743385490084e-03 -1.153340699502226636e-03 -5.524866797790982820e-04 3.913083835603397274e-04 -1.757710314150374336e-03 -3.835720104805499602e-04 -3.017399846651747878e-04 -3.042256021398926594e-03 -7.093909093383807003e-04 1.086548969791744420e-03 4.877018503373881748e-04 2.438886225408666423e-04 -5.294489994148862070e-04 -2.435591430366380525e-03 1.419665663615829465e-03 3.068782988037327452e-04 -2.809411386922081987e-03 1.400793705980320865e-03 -1.304978360815903075e-04 3.278022454510516690e-03 3.934856407838725821e-04 -3.061264998825058425e-03 1.844613802449169551e-03 -1.325298531590881485e-03 2.661389993865918391e-04 3.526146745920614333e-05 3.554050968087790817e-04 1.749260281986965556e-03 -6.099818347842234090e-04 3.699523466993425835e-03 -2.436851651915987634e-03 1.199482966892499421e-03 1.288201433867731992e-03 2.051294366372176901e-03 -1.705035365736420026e-03 -1.621643255105056306e-03 -1.521325292884673133e-03 -3.555363837568794455e-03 -2.821760973223691286e-03 9.113225384891977853e-04 -2.153729701502788210e-03 -1.561895639392623476e-03 2.753244478476564103e-03 4.276380278660464260e-04 2.693908425492939993e-03 1.873831012535901201e-03 5.248338798396335747e-06 4.933996885495568318e-04 7.738922225228533165e-04 -2.311539548393973286e-04 -1.511870158831895130e-03 2.103899815765371273e-03 -1.309454173086163067e-03 3.915324258367399064e-03 1.587455505174340713e-03 6.506011605152621068e-04 1.790254077771252349e-03 -2.311269565391550762e-03 -1.569767244113634596e-03 9.119444679217225637e-04 3.835258767857830080e-03 -6.759752455767953274e-04 -4.278920800345175626e-04 -1.225966365541329416e-05 2.714138375472563468e-04 6.923018621085077215e-04 -1.116482293555626036e-04 3.487583517033435968e-04 1.449065946071606972e-05 5.030690140444302010e-07 -9.192343957069954927e-04 -1.114262090217209766e-03 1.970275175705351863e-04 4.451150617907497051e-04 -6.905334046811546994e-04 -4.537427994635938300e-04 8.863176186357818887e-04 5.160984790296284142e-05
-7.332331971427463735e-02 1.401544451437129746e-02 -3.034585827945566680e-02 -1.808263092084509130e-03 -3.852290311941760585e-03 2.662119395725979012e-03 4.848161595749508890e-03 -3.732346658811306391e-03 -3.354930242890396055e-03 -3.382897567251727522e-03 -4.582993967946503815e-03 -1.476396096277603556e-03 1.005523048646517290e-03 2.045420790988756315e-03 -1.074496469851307905e-03 -2.273686330077968236e-04 -9.207224829280420773e-04 4.436831680428096484e-04 5.509725703930401421e-04 -3.232099884565627339e-03 -1.184612009518195051e-04 1.891937352147843941e-05 5.787698536163794327e-04 -7.781772361065954430e-04 2.011289847843767287e-03 1.930829870984281885e-04 6.636868997722607418e-04 7.874511174908731433e-04 -1.591593146066523981e-03 -1.678386229577551224e-03 -1.619567193295265786e-03 -5.573152940858495984e-04 -1.809783865915801223e-03 -2.584298393133361866e-03 -1.351141408732505671e-03 3.150449579132209247e-03 -1.170816529680260678e-03 -2.926679044305144578e-04 -1.038220099736195719e-03 -1.780208944609367426e-03 1.835564764393826914e-03 -1.268920644077690799e-04 6.017876942269509942e-04 8.779883158355120511e-04 1.155549609996519081e-03 -1.343592070811309080e-04 1.405208655845210626e-03 3.682641233779687944e-04 1.020010333448115921e-03 7.466274826886448376e-04 -4.401748518279580960e-04 -1.283058858339552544e-03 2.318764935337390507e-04 6.845426327065916609e-04 -6.112139262239513681e-04 -1.850197439086565974e-03 1.880528960199207922e-03 3.617355879177939484e-04 -6.662111743451492338e-05 1.273256943560679413e-03 1.331520709923478664e-04 -1.637607788134346756e-03 2.606819291492672576e-04 4.424372502449727533e-04 2.880532075116477592e-04 -1.115211076128269771e-03 4.241083490284032107e-04 1.882615344732911731e-03 4.620279663132047596e-05 -5.911421585283038868e-04 -1.909121326347631596e-03 3.106369552258476247e-04 1.025533048004559659e-03 8.545805662121842014e-04 -4.128846478083990183e-04 1.893210541949166196e-04 1.180152831433786036e-03 -6.724141967804119283e-04 1.392258840564400803e-03 -1.135952114023382501e-03 1.102556322752354335e-03 4.186900822540509328e-05 7.855754303803169419e-04 -2.745863073814172953e-03 4.338075336884242988e-03 2.624784048335129533e-03 -2.679628917045579969e-03 1.817378044727432180e-03 -1.521669767795482808e-03 -8.872487748025988021e-06 -2.447154279247522671e-03 -3.609221429175664647e-04 -3.670114463765331188e-03 1.912877681376626022e-03 7.137102182555835235e-04 2.276831257271964577e-03 -3.907115796130359187e-04 -1.134941308736876981e-03 2.322581475316796117e-03 2.164600386983230648e-03
-9.287612979621152898e-02 4.944058428169654552e-03 -3.363028273001704427e-02 -1.161696385496199975e-02 -5.665834983355605078e-03 -1.235973287257000107e-03 -8.198440303715928473e-04 -5.459339468037821726e-03 -6.834368028626757602e-03 1.361466799228639194e-03 -3.448310151111386862e-03 8.860906069991466606e-04 5.941697224554200012e-04 1.169029252896950700e-04 -1.742131768654726735e-04 1.159942461758827099e-03 -7.707146285909218615e-04 1.125826498338490175e-03 4.132013985526138480e-03 -5.902541505071549335e-04 7.595359940064434377e-04 7.359721065435194430e-04 -1.556955887951526818e-03 1.934618238459528256e-04 1.334022405333482736e-03 1.978109882298977398e-03 6.606671871962695348e-04 1.643487697637523116e-04 -4.990950279399310402e-04 1.896316016348066722e-04 1.041338627590293262e-03 6.002233836200093374e-04 -6.062572625805635407e-04 -3.449060690025000783e-04 -8.494503276485261968e-06 1.494598592540594042e-03 1.264933607256109316e-04 7.663181288487307206e-04 2.359996687235928865e-04 -9.770831199854778347e-04 7.617762842817385769e-06 -4.909790355796207414e-04 -4.682152352658788428e-04 6.521863380142495312e-04 6.459112523047360666e-05 3.373024288770005812e-04 -4.084145468986825466e-04 4.085666703820499119e-04 1.739525041391149635e-03 2.202699158337924172e-04 -8.369731841776431591e-04 -1.504187572475709452e-04 -1.450090955342211118e-04 1.955080635665157383e-04 1.004449166519695959e-03 -4.945679866061338231e-04 6.471197236687637979e-06 -1.078016797676326684e-03 -9.718964023868749256e-06 3.747995728556776491e-04 1.400067744766026693e-04 -9.736299918470553861e-04 2.167637985180217701e-05 -8.775701585835105154e-04 -1.483246906501426246e-04 4.695829999966730510e-04 -4.456250292698530919e-04 1.677089990788951089e-04 3.295817379933132845e-04 4.527597882512433098e-04 9.889207488111687906e-04 1.159122854658263275e-03 1.538599702763089995e-03 1.361818694573800701e-03 5.662170296206251157e-04 3.396020046498242459e-04 1.317128733518006843e-03 -5.510360076323366852e-04 3.354493347708208529e-04 -9.907254445628809456e-05 1.186810376982667904e-03 1.350240744176565803e-04 1.607624449002513815e-04 -2.814773891882359756e-04 6.998124352519504354e-04 -1.262855873394234767e-03 1.019981731164077083e-03 7.850855451529888682e-04 -1.195425399530313090e-03 -2.646484332893107665e-04 -7.223973881918103503e-04 7.238757147401205677e-05 -2.244990151506555984e-04 -4.285741594591857984e-04 2.950596470358919556e-04 1.798961397301971450e-03 -1.674841029745029403e-03 8.882105866689190199e-04 -1.517322366269501909e-03 -1.642106557464478173e-03
-8.400374791972832489e-02 2.996853205473562379e-04 -3.638855688402459210e-02 -8.501142474547784475e-03 1.877487823499243138e-03 -5.675245602660852415e-03 -2.894669417226197489e-03 -6.886444138995587855e-03 -6.832457415934559478e-03 2.091354704446511670e-03 -4.351659095625112447e-04 -7.639415426149206295e-04 -6.604623995442626986e-04 7.929866393887529622e-04 -2.031797561308370885e-04 -3.554650781764680245e-04 -1.361970185531206933e-04 -6.474120178222747849e-04 3.042910449860857132e-03 3.331176404543589962e-04 1.070223321957392308e-03 6.442037409550008991e-04 -1.077493785854597439e-03 3.928489516517237362e-04 -1.049271576873408692e-03 1.470082046457047570e-03 3.768974620442468908e-04 -8.036987333404424505e-05 6.957287665008884264e-04 9.699773380308540811e-04 1.159958938122922440e-03 5.858358597584566391e-05 -1.125976144966941902e-04 1.527129194351826633e-03 -9.773876138546174451e-04 -3.084913466927056156e-04 -2.699576705508565169e-04 1.673126337126057200e-04 1.458754902082047664e-04 2.987607353139656603e-04 -7.286709711960974488e-04 4.220254876420793033e-04 -2.149668446688902804e-04 -3.279886686918213477e-04 -7.908343668921874459e-04 1.119673185044683635e-03 -1.483430067405327459e-04 -3.583003163852443193e-04 1.260416901004379167e-04 3.335950074440208841e-04 7.997484953765610072e-05 -3.654249459115441233e-04 7.413531497659001362e-04 -4.522779129677826520e-04 1.157945784627729827e-03 2.621013403172932159e-04 1.393917777003377597e-03 -4.873817724913223756e-04 -6.235043449890569469e-04 5.420222333193478598e-04 1.291148925148760760e-03 -2.967743122974181519e-04 4.816319831333002442e-04 5.762987151440674902e-04 3.450454221808108056e-04 -1.874848962209568252e-05 6.540007418684773075e-04 -3.194691678558315160e-04 9.248391320846101760e-04 4.347257932451682912e-04 1.084147279262920012e-03 5.166423009932473800e-05 1.627565893316405745e-04 -2.291756979064446856e-04 -1.893817391734273822e-03 4.784044043903569574e-04 -1.393375331904797565e-03 -8.329855801340352740e-04 -4.399966575266106941e-04 7.426129478768861642e-04 -5.044516976983772069e-04 -1.056491220832534448e-03 -2.328086611698277470e-04 1.646509468161042261e-03 -6.742800953705602738e-04 8.024991970368620074e-04 4.909150477082053045e-04 2.703939465479890890e-04 -1.725095834031973099e-03 3.047782274251700741e-04 1.121929458499651032e-03 -3.852980265042082238e-03 -1.313318508400503288e-03 6.189717715992967615e-06 -2.050196682123122099e-03 1.150733356809286682e-03 -2.683339573758126268e-04 -2.169987526411752796e-04 8.973283114037402218e-04 9.007248674696867853e-04
-6.862937391973991663e-02 1.784846233207095303e-02 -3.482741623425917449e-02 2.569388282871771286e-03 8.465905942328141864e-03 -3.269614342859614945e-03 8.897961985088598388e-04 -6.444833037230787535e-03 -8.491612482528922146e-03 -5.470285914143285019e-04 -4.648580360361863860e-03 -4.103705227658100731e-03 -1.048318283581928679e-03 4.304908103791063069e-03 -1.325455757099222196e-03 1.410561913790054321e-03 -2.861976045883098336e-04 -2.391375389691428703e-03 -3.654513829292438832e-03 -5.907744473335105849e-04 -6.869796601778370903e-04 2.164067084222715432e-04 1.969020342151217660e-03 4.180010114859241213e-04 2.911584326315503420e-04 1.159394411394303178e-03 -1.174338302939778979e-03 -6.687462305450771801e-04 1.099454505430237953e-03 4.371386336269631823e-04 -3.344716293104088274e-04 1.591788710428816917e-03 1.718345813596793914e-03 1.513129507609643114e-03 -1.505579331268284016e-03 -3.033886073543267791e-03 -9.133328073368546934e-04 8.543707393326915520e-04 -7.226371274396505614e-04 8.829033714791003967e-04 3.535671010155415784e-04 3.564843410670465781e-04 -7.165395803604347096e-04 -5.168449663809249629e-04 -3.230924411771260571e-04 7.544054898438210888e-04 -4.133990212654402589e-04 -8.548432797610875473e-04 -4.067132171249444959e-04 4.206197713908476883e-04 4.512509250830681906e-04 5.240296617715700178e-04 -1.015361868916482167e-03 1.756850822712268875e-03 9.272473816114793627e-04 9.484615981520798942e-04 7.080238372032480326e-04 -2.139478309497250198e-04 4.429996418333074815e-05 -7.140443346980545865e-04 6.166265886589141767e-05 -5.112591943025919386e-04 2.445109205108858064e-04 3.261539326412178684e-05 2.961841041339172099e-04 -1.063787319311819673e-03 -9.262932338926365035e-04 -5.049346758165501430e-04 4.631794012744944048e-04 -4.247914709615671820e-05 -7.877295447907222250e-04 -2.593528725277613792e-04 8.199579775697780123e-04 -1.757594452679265076e-03 1.053995628422951759e-03 -1.222503556805015290e-03 -1.006354021129277901e-03 -1.402285795407541720e-04 8.381069925755950140e-05 2.038803587746615973e-04 1.279464766140264199e-03 -4.663186146011025581e-04 -1.650752374414992405e-03 1.087768731624528401e-05 4.812877087696441599e-04 -6.186221728791215955e-04 -1.452154419863185548e-04 3.017195694024159941e-04 1.057593127013730597e-03 3.341519122653689657e-04 -2.774168300786153830e-04 1.037289686327581839e-03 7.542515050948503299e-04 3.832545921064580211e-04 3.917236449379663302e-04 -8.579287859451917297e-04 3.055903666793666185e-04 3.947106603855225185e-04 -6.095586108354278192e-05 -1.540762163839069201e-04
-9.896983641598591785e-02 -7.039784457908614991e-03 -2.967660704432491248e-02 2.507017237112673953e-03 -1.190482197767716958e-02 -1.298031602781896977e-02 -5.563474303794531742e-03 -6.895545534543972774e-03 -8.229092775220504460e-03 2.247340091081817884e-03 1.287518565365040456e-03 2.253785971333059895e-03 -2.457716771842294052e-03 6.639306359558224757e-04 -3.315115266594165569e-03 -5.681084624757936664e-04 2.649094450211416166e-03 2.200191771946192077e-03 1.595688722620875301e-03 2.347187709589033944e-03 -6.758524063949231456e-04 -5.999865767016106721e-04 -1.072792290153419667e-03 -1.101927343355880832e-04 -1.697487743496697279e-03 8.594565710990912820e-04 9.852328355863799840e-04 1.101170431857820611e-04 5.940861843889773300e-05 1.962091535925072558e-03 -1.347057704745783027e-03 -6.663575119730154317e-04 8.850603007111870844e-04 -8.751892312786861564e-04 5.316532839583937861e-04 -4.658272770531065687e-04 4.018323393350025589e-04 1.271498197610407721e-04 -4.198391809551018988e-04 -5.076539239872201233e-04 7.373627078815800460e-04 2.290390564083003185e-03 2.625042885843898301e-04 -7.545119630559414179e-05 3.162732410607730130e-04 -1.545127876911658177e-03 1.378466052666265729e-03 -5.286293113018796430e-04 -1.961718602205252560e-03 -4.395916141509436151e-04 -1.232740239905550522e-04 -7.147744526567656378e-04 -4.509509414957748263e-04 1.024281874235903438e-03 -7.352356605583984430e-04 8.462903349551561172e-05 -6.128539386313730476e-04 1.306376183405044559e-03 2.285181242939451549e-04 -3.863566572171741546e-04 -5.191252082859121189e-04 8.541414248738818653e-05 -2.227023787184768499e-04 6.731586083753897604e-04 6.674333926162278772e-04 -2.352145579143193185e-04 2.545419394749852209e-04 3.610164496691952449e-04 -8.925866047301730640e-04 1.364847500676292396e-04 -8.082564138825497953e-04 5.215608988109500521e-04 -3.023072087847653868e-04 4.305679056328585541e-04 1.183046984048864349e-05 -8.261061191772131910e-04 -5.469699400168058371e-04 -3.072740133466601072e-04 3.252742787730473063e-04 4.860342759159192241e-04 5.114991713436877223e-04 2.355298865286658541e-04 -3.850103921241228603e-04 -8.138112870342867518e-04 -1.026665234166721343e-03 -1.115082209236968125e-03 -3.002512995992556374e-04 -5.150246917056566136e-04 4.983456559948576912e-04 1.413386111830691825e-04 -7.046775183557703239e-04 9.864241960993419111e-04 -3.320316745456568458e-04 -3.022082415985860170e-04 -1.583477491708284350e-04 3.792448351710929174e-04 1.122399167969158383e-03 1.318235635724985524e-04 -3.494955004390139729e-04 1.274463418676203934e-03
-8.535332050252092406e-02 -4.376299906908607401e-03 -3.832757975111568405e-02 3.187271944069228809e-03 -7.639805988318606154e-03 -1.110137133045500761e-02 -3.787135579217463122e-03 -8.407327585837648387e-03 -8.013681891253145867e-03 1.107146587482691225e-03 8.366017569318545113e-04 1.410132628732212916e-04 -2.197896238991557411e-03 5.771065588313698241e-04 -2.238654168108995552e-03 -2.531365228738086462e-04 3.067400851198580445e-03 1.128752546408657914e-03 1.797704087803838864e-03 1.916452256910329294e-03 -9.704313148948990079e-04 5.910378895222014513e-06 -1.091586114077527665e-03 6.648324320556254011e-04 -1.876031028515809515e-03 1.964696522749445390e-04 9.954018526640729531e-04 -2.137023649118684849e-04 7.940245377344659497e-04 2.366887427780330067e-03 -1.161143734307878506e-03 -3.500170291320959799e-04 4.987446671139872823e-04 -5.340993163133519729e-05 -2.425456952677123158e-04 -3.659967081950358690e-04 -3.075995036321063241e-06 4.570594582562332014e-04 2.769141866601525161e-04 -4.016629162059225490e-04 3.642606049517170693e-04 2.305437592710173501e-03 -3.586973276848655614e-06 -2.173038310087089110e-04 -5.154640311794761931e-04 -7.144385508972440207e-04 1.248150034501734540e-03 -5.825244602938231932e-04 -2.031074805408879681e-03 -2.767852694459889992e-04 -3.397569372160987055e-04 -4.089048003448337285e-04 -5.246598178729417004e-05 9.140146869249611344e-04 -3.485348432535204577e-04 5.567196194485661250e-04 2.380015515270440059e-04 1.168757200005344837e-03 -3.299879895799515215e-04 -4.445423209377944882e-04 6.250385759248583287e-04 2.924758944163946203e-04 2.981304172391950375e-04 7.239427808334356583e-04 6.678993870710157659e-04 -7.795087577002942356e-05 4.802560903550409177e-04 2.156100342235993275e-04 -6.661096474818816024e-04 7.322359182420401557e-04 -3.809723021836987291e-04 1.879045335974485840e-04 -5.329375176541471240e-04 -6.875285560689039979e-05 -9.415718197804579144e-04 -8.663992240042608971e-04 -1.035708841945530640e-03 -6.349625908737274792e-05 4.057424708349298610e-04 9.111480076953084456e-04 2.005561639370861374e-04 -2.201162682472107579e-04 -7.388677206354026276e-04 4.115021398033001264e-04 -9.824250797043653817e-04 -1.195057006526971475e-03 -3.545224189015741458e-04 -9.188504193592636233e-05 -3.856759512543771174e-04 6.121430636341822305e-04 -3.674680321149222930e-04 -9.483326787603307915e-04 -9.007256297608899273e-04 -4.169951742932606793e-04 -1.237916310429998910e-03 6.061008806022765783e-04 6.209189154177091174e-04 -3.676229032128197063e-04 1.668791860450078899e-04 2.289488514370363690e-03
3.169236213872689712e-03 1.669166376203540941e-02 -2.960253200936873927e-02 7.144400064838914155e-03 2.084279638648237412e-02 -6.154479463098944635e-03 -2.341626867211303933e-03 1.369840695620647445e-03 -4.921450951552345339e-04 1.265943305471494080e-03 1.800563504572931430e-03 -1.082401433218041064e-03 -3.040146658652667210e-03 -2.400284054230363180e-03 2.774723181320899691e-04 -1.569801388270074738e-03 3.251121269087591231e-03 -4.611482846383387069e-03 -5.900494907698614240e-04 -2.534426485667008993e-03 1.939882522337405078e-03 1.698447045648872116e-03 1.273673479387378278e-04 6.686686861029226062e-05 -5.600937757524343877e-03 -3.613765239284009393e-03 -7.995971194275832555e-04 5.297154096379743044e-04 3.919455210783763998e-04 3.396237255735384234e-04 3.636627241166613071e-03 -1.137091189732815843e-03 7.879350142241250488e-04 2.341896945923096791e-03 -1.205355377801245551e-03 -2.811180031291730854e-03 1.480907074357318970e-03 -2.372291739520819912e-03 -1.915830102125542275e-03 -3.767867711377660494e-04 -9.199255031714643593e-05 -2.065817578962231629e-03 2.292261276987862199e-03 6.394956592811397878e-04 1.662421060318715164e-03 1.338506486266816033e-03 3.635663457369622993e-03 -1.789491066001804324e-03 3.288455189918734409e-03 -3.399687664846761607e-03 1.272369090533948368e-03 -1.012157579446203333e-03 1.437499040548746287e-03 4.185460535172396855e-04 2.496992222401234109e-03 -2.757669660478561519e-03 2.509047530523740750e-03 2.724558863626067983e-03 6.116384701445999258e-03 1.582243597614963696e-03 -6.101907255199956817e-04 -8.150745234246972986e-04 4.263351632560520858e-04 3.148485904247834942e-03 8.984261820347043881e-04 8.835007283629799091e-04 1.921695795266074305e-03 8.439058728480250231e-04 -2.657765006938418457e-03 -2.360453427730768976e-03 -8.846257394999982324e-04 1.325180850918136971e-03 -1.803281916931106892e-03 1.629307210981141606e-03 1.254761474644472234e-03 8.167558532015708724e-04 8.892129121476833502e-04 2.055612602514473111e-04 1.328459506614413331e-03 -6.638797915766436741e-04 -4.322929773284513231e-04 3.664767131380519401e-04 1.245194463454402708e-03 2.356900009557372677e-04 -1.102981906643654957e-03 4.318364515721479782e-05 6.918940036452492226e-04 -6.011193841659764848e-04 -8.315674224203493936e-05 -7.977211449372476840e-04 -3.119861526306732819e-04 7.000633147515010219e-04 -5.232827942959015485e-05 -2.204474557389428119e-04 6.383116160268669089e-04 -7.009337116043762739e-04 2.651481148742145614e-05 6.106560275083453221e-04 -5.626744070001470451e-05 -1.002171989349595626e-04
2.061347954752466155e-02 -3.428080012607447047e-02 -3.163082284514444342e-02 2.013309611512124897e-02 3.144640729420136792e-04 -1.427813478598413503e-02 3.423617775191157685e-03 -3.916358376482250749e-03 4.810749927652782296e-03 -2.823676151954052863e-03 1.512866906861016917e-03 -1.730984595905666040e-03 -1.832597206557673572e-03 -1.305749758594453675e-03 4.939409574767252963e-04 -2.057333195116233231e-03 2.097544302293790058e-03 -2.677638224527272622e-03 -6.539248819777871997e-04 3.646348707123854473e-03 -4.006823572575518751e-03 2.476794306664217935e-03 9.022833919940258154e-04 3.720201575211749020e-04 -4.602880725627361315e-03 5.586445363309265697e-04 -1.163706835017873668e-03 -1.264393022805547755e-03 -9.117525600988548229e-04 -3.496167594533112957e-03 -3.027491424180312612e-03 -1.227460579444212543e-04 2.236185303549388117e-04 -3.587991798132926513e-03 -3.840788350322146437e-04 -7.283488135917687983e-04 8.722947055361453695e-04 1.165637224322227427e-03 -3.979580016831945591e-04 2.052192427219628589e-03 2.312355131406130214e-03 -1.750141506378481227e-03 -1.497936734768872541e-03 -9.182433301014415261e-04 9.615324926772731871e-04 2.568016161328243088e-03 -3.656201836361075539e-04 2.019206695121854127e-03 -1.800740743053835531e-04 -2.120564741739891425e-03 4.384772335289764808e-04 -2.558574737109642512e-03 1.082563618318985134e-03 3.487538924851079063e-03 1.359682732937441448e-04 3.352283973258543374e-03 1.486741071657425844e-03 -1.249428952858929040e-03 -3.693698670951566692e-04 4.501178320148007382e-04 3.329728423151637109e-03 7.320932504083586118e-04 1.609278345782058379e-03 4.496671617438934552e-04 1.613046896486203773e-03 2.511689370745930159e-03 -1.425772527516775930e-04 -8.659083602150412576e-04 -1.027146966081592810e-03 5.662938205593786309e-04 1.052225207895759150e-03 -3.563423687256314599e-04 3.036101431798313936e-03 -2.845003438084375879e-04 1.513967225709398397e-03 2.161597700819818755e-03 2.634633877039989185e-04 3.884790794326450046e-03 1.042148549164384876e-03 -2.114752750845259356e-03 1.550815226518511506e-03 5.795620774779158390e-04 1.867989013279351381e-03 -2.734920602446693719e-03 3.115585367595033982e-03 1.673347322628005200e-03 1.160646358441879029e-03 2.135320416287027432e-03 -1.688606203117003299e-03 -2.632859735169842084e-03 2.026983852899113744e-03 2.380803232014760235e-04 1.123094947913598788e-03 -4.491501392310094740e-04 -4.818425060233187999e-04 -8.854553829548800995e-04 9.699832756547199699e-04 1.355219959098150247e-03 -2.090674861171962565e-03 4.799107138089317263e-04
3.226404773243216756e-02 2.843202768063632629e-03 -3.516423447208118225e-02 1.048837912535377503e-02 3.879982616041258939e-03 -1.614759894728358749e-02 1.569497510352240496e-03 -4.998401977133107472e-03 3.903449491515373349e-03 2.379381843255716413e-03 -2.291093570368807862e-03 -3.866761542581037634e-03 -1.851862788219026850e-03 -5.865891764268007201e-03 2.202715595314694731e-03 -3.551822434606531371e-03 6.851506248841658479e-03 -2.171932099637549629e-03 4.753232299889942336e-03 -2.484592453538497867e-03 8.503973908964289103e-05 6.372854513986738433e-03 5.602858060493729657e-04 5.083734508386604858e-03 -5.323019489190584756e-03 -9.323995542648025325e-03 -3.261356622638195753e-03 -3.395186955858774201e-03 -3.671758545820563019e-03 -9.138913722058272576e-04 -2.420800741336707324e-04 -5.441933511671745265e-03 -2.421105717079133270e-03 3.852398059523685393e-03 -3.111475692490235558e-03 3.942036278553303144e-03 -5.164226581581658759e-03 -8.527662733324387415e-04 1.861800453501857638e-03 1.362105715742093750e-04 3.861844888999044646e-03 5.571284776488670152e-04 3.996917411131084693e-04 2.127032425673564160e-03 -7.488776268169463355e-04 -3.906763500133376282e-03 2.229995883161104385e-03 -5.559707599110841770e-04 1.137949159054927510e-03 3.291424715608039665e-03 -5.327352112937729957e-03 -2.617770505412307224e-03 8.581819983725832426e-04 -6.435336029123906463e-04 -2.916889145853049673e-04 8.512213154435267011e-05 2.627047941717211674e-04 -2.118228083065234156e-03 -1.456407575066778976e-03 -1.189621752782311827e-03 3.310951254265730452e-04 3.930241092001409645e-04 -1.424730385676643970e-03 -2.277385279523819282e-03 3.167813238329169451e-04 5.045308868154084296e-04 4.912632770718895498e-04 -1.757521571489637467e-03 -1.072040813643685699e-04 1.591167503916971187e-03 -6.481112357336570300e-04 -8.316260659636220661e-04 3.955630860790938655e-04 -3.287426159799542499e-04 1.032287830698807056e-03 1.004441206130298825e-03 -8.626534732944229769e-04 4.462302911506047664e-05 -3.957838173031234287e-04 8.666085689462627636e-04 5.050170926780538907e-04 1.104809177617282210e-03 5.309351156118973999e-04 5.574059998798725499e-04 6.006460157973835109e-04 -5.635074825975040433e-04 1.645487614968987519e-04 5.344743485900495727e-04 7.090447063055245209e-04 6.994029049893429146e-04 -4.060633926419324950e-04 5.453509081118545956e-04 -7.638511485589712926e-04 2.366979235454240156e-04 -4.669863021207491176e-04 -2.161604571264180892e-04 -8.674563571659239629e-04 -2.350865200109106528e-04 -5.123502742476499384e-04 3.744353919813651205e-04
-9.715321601306281529e-02 4.573873528102630204e-03 -3.349291698260302430e-02 -6.811082283014993806e-03 -6.161389795594203120e-03 -6.014676762003648598e-03 -3.449960586041808577e-03 -1.035523085526876379e-02 -9.831709591345549892e-03 2.894599519591259645e-03 -3.256186835990717513e-03 1.388219941338396336e-03 -1.310259895539876013e-03 5.684052515915086028e-04 -1.988615161077486853e-03 -2.274736103138338440e-03 3.044377077191884415e-04 2.197091189459615072e-03 5.159441553112390812e-03 1.062663625104452291e-03 4.368440799370166216e-04 -1.843145499840778765e-04 -1.185408416089044721e-03 -2.331592050447337504e-04 2.528610629887275188e-04 1.919507095340508692e-03 7.892272541023981781e-04 1.358317714370428858e-03 -5.651232097988879690e-05 1.824225944513001296e-03 7.030692042588400532e-04 -1.239736791025202551e-03 -5.925559075191866787e-04 1.010360052329098814e-03 -6.283834096197021617e-05 9.458926348726000646e-04 1.100452635375558672e-04 1.280126647978169956e-03 1.436006360361896010e-03 1.308349928732368617e-04 -1.116608193945393002e-03 8.182308352633321097e-04 -4.294642819090130673e-04 -3.868069056927357435e-05 -5.090160494974968605e-04 -7.178730041562208890e-05 -8.178083422717340135e-04 -8.703270588180006583e-04 -1.129779844337098311e-03 -6.772908276451202868e-04 1.137664492534113086e-04 -8.463034370382644831e-04 -2.743731312290066757e-04 3.464900448993663137e-04 8.068901013166927686e-04 1.346602797684851949e-04 -2.890476667405818116e-04 8.626947995661955651e-05 -2.330432583728542917e-05 -1.241975287787393939e-03 -7.347936961737161921e-04 1.950388635429082130e-03 1.376330561975482253e-03 -1.176108131366658148e-03 -4.811909708981701754e-04 -5.674789828558759542e-04 -1.414076182787085386e-03 1.919645544493331867e-04 -1.193902869571364508e-03 -8.808409356072876379e-04 6.079511398607482207e-04 7.061685152856123212e-04 -5.547330679381562565e-04 1.207040587019465308e-03 8.077015310001680682e-04 5.229046948613962119e-04 8.283782826410727128e-04 -7.227020693064181147e-04 5.841681760771192560e-05 3.626770076898003606e-06 -4.683815298865484037e-04 5.012953258271672392e-04 3.349372939297189382e-04 -1.933317469340933620e-04 -1.068161689638679043e-03 6.557755118989720385e-04 1.207119252360304407e-04 -1.624236230944990587e-05 1.498451162640653098e-04 -1.298868200270592759e-03 -1.714766640220451470e-03 -7.883572870384232502e-04 8.947587700979010036e-05 -7.307342937512913042e-05 1.104953300042588096e-03 -2.524186906852907207e-04 -2.601381076855196952e-03 7.503731137576557814e-04 -6.054525879212803744e-04 -2.887044932239092847e-03
-1.022607008016741814e-01 8.183770191212752163e-04 -2.788045109899523963e-02 -6.451374227089215659e-03 -9.595758763421183279e-03 -6.679847987696550457e-03 -4.324623419012908233e-03 -7.424857004404637230e-03 -8.899139197351947639e-03 3.012036891231247709e-03 1.008934818729274223e-03 2.731494245556252524e-03 -2.177067750487563999e-03 6.455237906173539805e-04 -2.389895333809809608e-03 -1.339199387594689535e-03 9.920953180791866003e-04 2.738489513049042687e-03 4.372787628918579049e-03 1.657325658368495646e-03 -3.804942435774444755e-05 6.810801598139324103e-04 -1.090405595028575260e-03 7.232028696974924543e-04 -1.218874716509193773e-03 1.229415285726840170e-03 9.887353715560933190e-04 7.022872458766516194e-04 7.939357631287089411e-04 1.952931269751900486e-03 1.346389280696824210e-03 -1.628390762165695099e-03 8.555454279234715959e-04 7.748484741909030882e-04 7.047401466165551919e-04 5.561293573536622197e-04 1.243863835382866398e-03 -3.148740448572213659e-05 1.340627951721418956e-03 7.541629163296764780e-04 -8.163133156718778947e-04 1.215005748413520948e-03 7.395009795523365195e-04 -5.434830394559229992e-04 -1.350917389452379724e-03 -3.013993966707921796e-04 -7.299979194231613817e-05 -6.137012852624681861e-04 -2.792395607979051685e-03 -1.034733285067017004e-03 5.536208613606621604e-04 3.850286022750502401e-04 -1.078994630625077667e-05 1.799104496632362288e-04 -1.600571908430316879e-04 4.689485656026809121e-04 -3.708051585394812237e-04 7.463351758855089457e-04 -1.485640185107043482e-05 8.811234905946798844e-05 -1.719362341981476390e-04 2.226175059964602670e-03 3.606161969195524598e-04 5.390834712239485219e-04 -6.303406534021954808e-04 -1.204787286143469078e-03 -5.526042002669481496e-04 1.170674935751766675e-03 -9.455975423387649953e-04 5.274619528409557514e-05 1.150767019591038666e-03 -1.725045482008839230e-03 -1.878804930435882398e-03 7.318207350919842414e-04 2.778041029159355243e-03 1.047866061659297838e-03 2.016284907426929302e-03 5.969259296938969487e-04 5.594178259525617574e-04 4.928377437449870361e-05 -1.173357978485678205e-03 1.910802352493012500e-03 6.647509321429055911e-04 -2.173171860475786829e-05 6.205402833846580162e-04 -1.564499114435403168e-04 -1.535989364049716128e-03 -4.180564920573201114e-04 1.418364372531293440e-03 7.819922700916544624e-04 7.271260043825816767e-04 2.803233924008929727e-03 5.281389021319042717e-04 8.428093366944049147e-04 2.134376637791666163e-03 1.938847960764601393e-03 1.974791526470465360e-03 6.626911341108476187e-04 -2.195014136364498158e-03 3.201930599228422058e-03
-8.850989735064312969e-02 4.316467020039977537e-03 -3.100177956053795300e-02 -9.081541956758075809e-03 1.050297865116449347e-03 1.206436639930681329e-03 -4.714280032015456638e-03 -1.039956530059367099e-02 -8.306279741486278373e-03 -4.833750390673470943e-04 -2.443523757952545741e-03 -1.882742984493074973e-04 -1.331134449110843443e-03 1.107261742122247344e-03 -9.387327301512103910e-04 -3.542322011188273490e-03 -2.773733415174325814e-04 2.594220860600305809e-03 5.425050356906722764e-03 7.177286419387991518e-04 1.038926932688991490e-03 1.592572457743015582e-03 -7.963015705351178660e-04 -1.477846196958887675e-03 4.047563163477621529e-04 6.693306436896088746e-04 1.139922453993418190e-03 2.246321000650176869e-03 2.409353528730501259e-04 1.336525498327516704e-03 2.660995559910239901e-03 -1.391899870621412247e-03 -3.105113850514710366e-04 5.340365952658760818e-04 4.327374954909864982e-04 1.936288792658035114e-03 -3.365451857857680606e-04 6.153836015736214833e-04 1.820224495523920351e-03 2.740516869663057846e-03 -1.799193743628459954e-03 -1.717764256770698333e-03 -1.708867054101301762e-03 5.124973503879137748e-04 -5.986555591026863693e-04 5.763128485423292232e-04 -7.302075254664031068e-04 -1.838711388945039188e-03 -1.315708744358204537e-04 -2.646325264672954008e-05 2.677840960880719301e-04 -1.089549953633832261e-03 -5.311069946584872411e-04 -4.222880948394168573e-04 6.288200148808469753e-04 5.658294392343866074e-04 1.073820151775472034e-03 7.298204825574141144e-04 1.852455035551043043e-04 -6.912545474449477510e-04 -6.319201851057489874e-04 1.886054502083569454e-03 5.847421797505861939e-05 -1.028490702923885074e-03 -1.412441573566279281e-03 -1.691650469272190118e-04 -9.157063721806962733e-04 -2.936029932545777734e-04 4.141822143313555332e-04 -1.220968951601073124e-03 -5.708131318742294029e-04 -1.679804597578298062e-03 -8.811192542764758294e-04 -2.135457363158649584e-04 7.910512838945724275e-04 1.394213374697049696e-03 -2.765064720651943197e-04 1.180676678238213066e-03 -1.910092021773773926e-03 -8.717251906790878142e-04 -4.629225318440564766e-04 -1.478233959041585818e-05 -1.225594462255218413e-04 -1.665588620858675199e-03 3.278852634095808048e-04 3.393013224071079244e-03 -1.514876730886095151e-04 2.499051224769594420e-05 -2.920936778238949908e-04 -8.695489217844780015e-04 -1.925275749006777717e-04 1.384810498269138613e-03 9.926007976205726210e-04 7.492028417579671765e-04 1.943201290580996851e-03 -4.253920607964243629e-03 -1.085240654918296445e-04 -1.430378122623481409e-03 1.660508690576218381e-03 -3.223595696462213962e-03
-1.024347074002328328e-01 -2.308381827933870742e-02 -9.340478728044304679e-03 -1.564439959795175042e-02 -5.597009394305537018e-03 -2.796879591982899278e-03 -1.334221058893669300e-02 -3.751453175742645776e-03 1.367805477195997656e-04 5.423222338604711222e-03 7.008345483898044924e-04 -2.580995798252879586e-04 -3.229853861954760583e-03 -1.891335029167953274e-03 1.431220431051975772e-03 -9.261438183674399079e-05 4.345976847174010167e-06 7.118865397755083689e-04 1.673696128472259865e-03 1.451026048543600138e-03 2.601077168111962535e-03 -9.252399305069927563e-04 1.680372577268585653e-03 -2.568636085340651222e-03 -1.061192226679780713e-03 7.144805639384953786e-04 -2.798335959484242377e-03 -1.218052763353587873e-03 1.397596737327990574e-04 1.590744061112200534e-05 2.355911144819059552e-03 2.366051989262511843e-03 -1.065284074281218194e-04 1.700588491421836006e-03 8.481237073446027557e-05 1.360887607099049820e-04 4.993047558565280857e-04 1.807597210341452786e-03 -4.750386903072873531e-05 2.172529336830341263e-03 8.268807035939181515e-04 -2.657176005150562511e-04 -8.389098934141328090e-04 -1.029321672147633538e-04 2.345507746501236841e-03 -4.392023017262387482e-04 -4.609954718212781332e-04 -7.785910623523061794e-04 2.392256839301767565e-03 7.763820591388232275e-04 -4.777791911348968170e-04 -8.305535353789608244e-04 -2.024315665263232904e-04 -1.664216319159198898e-03 -1.542692579255934256e-03 8.252959262647281994e-04 3.927244420794034148e-04 -1.668846182647348722e-03 -6.803725708888413515e-04 1.303868915329370369e-03 2.934289810089887613e-04 -1.667538227902882857e-03 -1.317261774624929214e-03 -1.106535993541817031e-03 4.929467801935775691e-04 4.834061006722152197e-04 4.976316767322524906e-04 -7.299859131297110025e-04 -2.551796229113999746e-03 6.688901649205917241e-04 2.604347013159142850e-04 -7.970909422798231518e-04 1.492318413016304336e-04 -9.686922898632317801e-04 -1.333414514783352661e-03 3.581488555561179493e-04 1.145066133354113265e-03 1.121800517791394749e-04 1.187015166279183596e-03 4.624486594635218370e-04 -2.361747101240122167e-03 -1.664781093672532239e-04 -5.746039108073164228e-04 1.377707789353988248e-04 -8.469575367693167004e-05 -1.176660716660308923e-05 -8.616578585122334653e-04 6.822301881696033311e-05 1.119014760939228284e-03 -1.147256815309396095e-03 3.624744263052717360e-04 -7.800394106563128321e-04 7.120987205788603452e-04 9.791711038562823325e-04 9.093536731128641724e-04 1.692987500092873055e-04 9.450908634652047113e-04 -6.007386079717056066e-04 8.625910873351420568e-04 8.779731910576599456e-05
-9.069758608105529807e-02 -4.259381812363953468e-02 2.160582530141716417e-02 -1.214063043217501053e-02 3.210687912491038288e-03 -7.069013628247254643e-04 -1.716795132934045148e-02 -3.110586135780448770e-03 2.759926725371901653e-03 4.946922950461370714e-04 -3.438393758902355546e-03 -4.704263540313295168e-03 -5.395969335282175747e-03 -1.274942255246749997e-03 -1.487353288241683195e-03 -6.339347128813627792e-05 -1.332961095045238952e-03 -1.146785392796642643e-03 -1.373713412363506987e-03 1.252692876189754560e-03 9.073307760619220026e-04 7.646568732577321359e-04 1.753024225283506205e-03 -4.051682346930513857e-03 7.308424823023649229e-04 -1.608450828609418477e-03 -3.023868268127416731e-04 -1.096767374413915464e-03 1.324787514793927186e-05 2.300032915100409109e-03 1.628543468263944638e-03 2.376958533313104811e-03 -1.044687160894061401e-03 9.523944729529559491e-04 -8.258456423337365120e-04 9.527311294557568337e-04 1.590661516557004143e-03 1.093803053697399138e-03 1.177782795146214111e-03 7.779441177747417049e-04 -2.731478407515078072e-04 2.881991105200246606e-04 -1.455195686437870577e-03 -4.470035582132461508e-04 1.648513329319973306e-03 7.826779220486887716e-04 1.094758512827085847e-03 -1.285384359757126742e-03 3.313453227070062247e-04 3.299280953847265416e-04 -1.303412336089979518e-03 7.049181622588653496e-05 9.337036887794147172e-04 6.522869592989003753e-04 3.965835772093377208e-04 -1.485498071750159714e-04 3.828167866625605204e-04 1.623644701557885392e-06 7.057028373064917466e-05 7.398164635023478505e-04 1.166662609417657998e-03 -1.067153724044456924e-03 -9.349497112173942460e-04 -1.220348556636171190e-03 -5.297311885551451039e-04 4.796284097931048413e-04 2.607314140668156601e-04 -4.712252558312371377e-04 -8.714241268925002884e-04 8.975829877026626725e-04 -9.517430583765126200e-04 -1.222670236790239680e-03 6.982883947980289378e-04 -7.269534690351600126e-04 -5.300379338967065165e-04 2.819278719599955401e-04 2.147510283115851499e-04 -1.916190239485974687e-04 5.774199249167675602e-05 -3.165582162195072378e-04 -3.036713457083973339e-04 -6.739051918586265672e-04 1.467885890218195537e-03 -1.008824618992349093e-03 -1.420253577260186494e-03 3.244230301985219674e-04 -2.200746802949656586e-04 -3.130890295625733742e-04 1.317674340042604333e-03 -7.996383028108689124e-04 2.042277717919046317e-04 -3.711815597590951369e-04 6.735745481788334610e-05 6.371518615875257970e-04 1.190756348184392405e-03 6.548147922199439247e-04 7.555069538969635338e-05 -3.121724143988967000e-04 2.120871331634485474e-04 1.099321597911895017e-03
1.027582543055329672e-01 7.770113001661356315e-03 -4.651587935018275909e-03 -6.962013070500000338e-03 1.764455421905242530e-02 7.097747243920210156e-04 2.097483111323062994e-03 2.106171157870852673e-03 4.692805645071252904e-03 2.211246574672929080e-03 5.166538152546016650e-03 1.400752961430294435e-03 -2.448109252631367611e-03 -3.088639498581908192e-03 -4.223317377132459680e-03 -3.547534342416985582e-03 -8.972560116560869331e-04 7.311274258299846340e-03 5.123659346734955877e-04 -6.323972507159037609e-03 -2.030571392222472061e-04 -3.052285006043304379e-03 1.657843513554945088e-03 -3.544482130479197166e-03 -3.115092895338822908e-03 -1.057343156945396705e-04 2.127511190305960559e-03 2.092582151929380917e-03 -7.191788742913751524e-03 1.131665662985326592e-03 -2.879914268175668215e-03 -2.930976165231984846e-03 -5.255392617484278342e-04 2.819204187180095710e-03 -1.840662087570123315e-03 -2.753652724796709292e-03 2.559465752401455076e-04 2.074456249076392454e-03 -2.522827521514222487e-04 -4.843685986979824609e-03 7.002627938111263134e-04 -2.114670686952947135e-03 1.186929255552097258e-03 4.626968887327828801e-03 -1.209260140286018675e-03 1.195418004657923961e-03 2.303201114625472688e-03 1.573257876586271449e-03 4.325887424936009714e-04 -2.321644048499833801e-03 -2.855643824692994607e-03 -9.649512186424603357e-05 5.709337066749574060e-04 -5.551678848498951433e-04 -6.314991599188808646e-04 3.795628164226640209e-03 2.017302416212361348e-03 -8.768314420800935689e-04 -1.307332258271904973e-03 -2.026345264344034868e-04 -7.116277036624835822e-04 4.318168528372110220e-04 -1.176993082213879894e-03 -1.379589449922102688e-03 -1.404099949316430819e-03 -1.302251456208038723e-03 1.655741302083578925e-03 -3.669336632303842055e-05 3.556056130322045295e-04 -8.854273178422238317e-04 1.699726759062088069e-03 -1.223511319665026697e-03 -2.078504930523741943e-03 -5.198172930058356320e-04 -8.234313542135857740e-04 1.690984772331021162e-04 -6.334433706033510943e-04 4.306351915383672653e-04 -2.339127166828906031e-03 2.890155303680060271e-05 1.380415118451932524e-04 -1.622086421202188837e-05 -3.632421745965880040e-04 -2.918727320035162192e-04 -6.097213357588680003e-04 -5.449767664550133565e-04 -4.225106304632290054e-04 3.182476104373311806e-04 4.148097612557743113e-05 -7.551325310853622581e-04 -9.422310908959667230e-04 3.137479191735334191e-04 -1.846141278747557787e-04 5.155787738506727126e-04 5.652717776559971086e-04 -9.689187658344827802e-04 5.811217010961010777e-04 4.314530817045347843e-05 -6.784082599655692812e-04 -1.687374637820954041e-04
2.698079716159878030e-02 2.685877528924753704e-02 1.123647873264095598e-02 -1.290856967651702290e-02 1.951390208548535107e-02 -8.902523675004683085e-03 1.173725736180507989e-02 5.590230889548995948e-03 5.698915155484728101e-03 -2.225268780786528178e-03 5.977127111643215120e-03 1.849811485161438618e-03 2.173407482599261798e-03 3.348490249433409664e-03 -3.071957409621275861e-03 -1.475934538309592791e-03 -6.100484123234289511e-04 1.300902323551334427e-03 6.927178421139951019e-04 1.994581462864908339e-03 5.779845718882405678e-04 -1.018234777167105866e-03 1.250912159571875102e-03 3.873441643164932157e-04 2.234725583321695540e-03 -2.212294912266318542e-03 -3.586866612741647538e-03 1.556898928713995166e-03 -1.098156305395426755e-04 4.521143276215241688e-03 5.605766913142566209e-04 1.119363157037212833e-03 -2.929086581935778661e-03 2.953851785874848229e-03 -8.332085258672971857e-04 2.144789147150826490e-03 1.796296577653955229e-03 2.689707024339418016e-03 -2.173317774471072907e-03 5.605652192423482994e-04 2.288021779387701404e-03 5.985730970384948915e-04 -3.762184383909960802e-04 -2.321599812959681489e-03 -4.861652640473549357e-04 2.590533736533617523e-04 -9.235491477082559625e-04 1.142912030981652624e-03 -2.357290369630935347e-04 1.576913415022968782e-03 2.510587488879453301e-03 1.786675659227062417e-03 3.148001032293993098e-03 -1.075406496826678644e-03 -5.479607393407214628e-04 -8.310291904733987196e-04 -3.118439205180345347e-04 -2.006881030416921442e-03 7.820297326057933616e-04 -6.152804418320446424e-04 -7.755512265784195755e-05 -8.549796658381823204e-05 2.273564292425061650e-03 -1.873147761735105847e-04 1.347251817486677140e-03 1.649969707613152092e-04 2.144696866349524915e-04 -3.030712772675629935e-04 -5.701407860781097358e-04 -8.222911963091505266e-04 -1.671946762332509294e-03 6.217662288732952579e-04 1.772063117453300061e-03 2.868789596985256863e-04 -3.779914358900510435e-04 5.529704127513680907e-04 4.622052984679443535e-04 5.445554564223096215e-04 1.425699246788667733e-03 -7.140335138070272921e-04 -2.027851293751878944e-04 -5.522058340938036311e-04 -6.260650260362134178e-04 1.874965972699023462e-03 1.948882381908032414e-03 1.291599282552430500e-03 7.571250971833540146e-04 -2.085825765378383420e-03 -1.328942063598061553e-03 -7.212837176981430750e-04 -1.276807357832925212e-03 -5.634814294450424688e-04 1.596344349695881385e-03 -1.865547385456766988e-04 -5.471335477758551601e-04 5.935256531989773496e-04 2.070918060259132904e-03 -1.194580894448247881e-03 -8.694940669799319701e-04 -4.620025671077975567e-04
9.047381337345730690e-02 2.145425341109690950e-02 -8.210515191978061747e-03 -5.525207286944128909e-03 2.299376084844031998e-02 -3.804914018530414568e-03 2.669128651105397241e-03 1.974703271658430521e-03 5.808504988252602072e-03 1.509246846630350790e-03 3.458615341147404116e-03 1.611929284656578049e-03 -1.318612977725442748e-03 -7.501939158585645704e-04 -3.520469056077239235e-03 -4.439776351815306042e-04 -7.707433029056214328e-04 4.613543250708087434e-03 -2.287023323263060208e-04 -4.909779723254182856e-04 -1.263650696606008180e-03 -8.288503573457181280e-05 1.839484884821074220e-03 -2.002523509413228590e-03 2.614263076753649902e-04 -3.251869550696101898e-04 -3.534477019216215811e-04 1.731467728873046759e-03 -2.367511583461842737e-03 -6.698050996330826492e-06 3.691905887088525891e-04 -1.811927132069763018e-04 -1.576551202188524424e-03 1.178395851587480270e-03 -7.539959844428848834e-04 -1.069522890218847257e-03 -9.956937832406682551e-04 -7.760258402722737016e-04 1.359118579665153205e-03 -1.490991026562184197e-03 -5.773133659819156514e-04 5.185477436969864341e-04 -7.393460825784747576e-04 -8.177713749707993252e-04 -4.417519156015632556e-04 4.088252987452085062e-04 -1.486124603322659915e-04 5.630982786511902786e-04 8.117363176415850947e-04 1.654092123262040784e-03 4.854061322115355232e-04 1.684891268518095338e-03 -1.727267394348229630e-03 5.680989503862216060e-04 -9.483636211113342668e-04 2.216034907772833546e-04 -2.189582361646120415e-03 -2.878275977465446925e-04 8.113564101870139687e-04 -4.066193086976713656e-04 2.301905976578105632e-03 4.919618755427446026e-04 8.464332575800301729e-04 2.389044825177799678e-03 9.102833954982941745e-04 2.707609141434252908e-03 -3.218329261576060966e-03 1.922128087034951022e-04 -1.263285713842849474e-03 -3.030430362498577352e-04 -3.940709221912761309e-03 3.380727617012335793e-04 -6.958983927608050674e-06 5.995786771046454893e-04 8.481603277343313565e-04 -1.275904945307881249e-03 1.109156964625887011e-03 1.518940847862142022e-04 2.678604225872305896e-03 -1.331883845571329821e-03 2.792934938918317941e-04 -8.288178752580829464e-04 -1.711369606687564409e-04 1.720358262687279437e-03 -7.436923294741194356e-04 5.339911681524402588e-04 9.864245615058809223e-04 -2.218090229087687170e-04 -2.175507034008863135e-04 1.163666376800178348e-03 1.245644691527500805e-03 -1.317757064498982728e-04 -3.894738939182902366e-04 8.464186169040669328e-04 -9.807145609435189185e-05 1.720751113262014532e-04 -9.396465958695047072e-04 2.341345425120873488e-05 1.726155466235320800e-03 -2.749984249533923928e-04
-5.481694235919820635e-02 3.481982647919769358e-02 1.321715009638489528e-02 -1.409348221277376622e-04 6.290174862242464866e-03 -1.073708073165802364e-02 1.179517713010755538e-02 -8.429193532520230358e-04 2.409585858640637436e-03 -7.855104620207478379e-04 3.983385946433297929e-03 6.034408494131230727e-04 6.449709993378520585e-03 3.019961590415956836e-03 -5.471749550115443360e-03 -3.479113958436759631e-05 -9.950199678738040881e-04 -4.900152358722943344e-03 -1.688978990896043654e-03 3.316692236423824085e-03 3.797668231764555601e-03 6.342767846787322793e-04 -7.921530615002450853e-04 -8.264749885786133949e-04 1.853657604799935268e-03 -1.108039620747634834e-03 -1.743150790053264515e-03 1.981830294068373782e-03 -2.045778142221635343e-03 2.052163658170137392e-03 -7.794659314570667697e-04 7.502698724753788045e-05 -9.440760869868343669e-04 1.734754972333220639e-04 2.124266071091349530e-04 4.752938029312768638e-04 2.284725097840042962e-03 1.096030235606667430e-03 1.088663982599938828e-03 4.497248106594461253e-04 1.854640995110604280e-04 1.690770693860979492e-04 -5.934839905861779815e-04 -3.876005311987046407e-04 -3.016110063049642236e-04 -1.189559250519763977e-03 9.943537942002822656e-04 -4.459111712454617740e-04 8.574329166047190863e-04 1.708250433395459465e-04 2.262888946785523037e-03 -1.390990182006049489e-03 7.269261980306850838e-04 -7.122473135682483520e-04 2.130193249120877958e-04 1.155487684844173088e-03 5.883813713120882982e-04 2.469566897677866147e-04 -6.870298353582179673e-06 1.499122842190023317e-03 -8.653827644478654041e-04 1.289010217440561589e-03 -1.149063808025437412e-04 1.203303618276859176e-04 -7.599442449032035385e-04 1.368483774472331951e-03 1.172477773826766448e-03 7.949058074552227404e-04 9.714763111374943296e-04 -5.827480235727021786e-04 1.161565480295503492e-03 -2.388299176173520194e-03 -1.337068375622723748e-03 -7.907447249045169643e-04 7.820686891919518473e-05 -3.374877731521106822e-05 1.090121631258228084e-03 -1.477670857068135910e-04 -1.057637978959472458e-03 -7.704288197346686844e-04 7.609552476805862267e-04 -1.492032863026199674e-03 -3.177595237637173792e-04 1.665368086213775889e-03 8.820432868153231173e-04 -1.525201389440376549e-03 1.442865781837264624e-03 -1.273305198175063999e-03 -8.866312758198090791e-04 -1.344517301311178199e-03 -1.159053078244841545e-03 3.673755470786269463e-04 1.850894679764736154e-04 4.187335513820430685e-04 -4.178164572355761689e-04 4.697854525305801901e-04 1.674455775181968461e-04 1.359945068118550288e-05 3.270535006402050201e-04 7.490022755444131555e-04
2.087083920491281108e-02 1.220108088991527819e-02 -2.335270551231958397e-02 -1.465332291271484325e-03 2.574166296537246448e-02 -3.124283866031916370e-04 -2.489755898203081103e-03 5.060927282479412044e-03 2.827514268183920214e-04 2.588948891546741585e-03 6.085356259820605233e-03 -1.469699791367589606e-03 -3.521316182315950127e-03 -4.138911388429157220e-03 -1.858097706633022672e-03 -3.941248527791652891e-03 1.859309480811481587e-05 1.368690006710057520e-03 -3.904905577794355945e-03 -3.483540893790635067e-03 1.867970075811981956e-03 -1.769518040576460683e-03 -1.213343233989151162e-03 -2.329317467326752402e-03 -3.999462386597516655e-04 1.487179421333439206e-03 2.846313676375956600e-03 3.756033626408933606e-03 -5.236967408012540345e-04 -3.284331659494888530e-03 -1.135125539905011824e-03 -2.388089490857457794e-04 -3.678112084239330663e-04 2.802225015379130029e-03 1.456640031064044931e-03 -6.060412912214698791e-04 7.476685889715324043e-04 -4.313603328726523488e-03 1.018331918647603440e-03 2.497688463872825212e-03 3.010929580106809673e-04 6.807371242150958351e-04 -1.066119483726346660e-03 1.033968118022712606e-03 2.879285656681136642e-03 -1.091105197005174093e-03 -1.404544867544912836e-03 -1.991267706033885722e-04 3.094775068649876902e-05 2.215536021535216039e-03 1.392094517350203012e-03 8.455239564051895713e-04 -9.700068564206202216e-04 -1.304421216140297770e-03 1.289354901230799775e-03 -3.253403609955233654e-03 -1.631770987015746964e-03 9.448888289575485024e-04 1.862953924547598077e-03 -5.164170099856428726e-04 1.683964119003989205e-03 1.161382048621734976e-03 2.275279055152961902e-03 -1.539557546061861952e-03 -7.439942861774407864e-04 3.046656631015930931e-03 3.013728664958200830e-04 9.769009761562161363e-04 -1.287258818522455002e-03 1.369334605842275699e-03 2.979955830872985708e-03 7.596920727421961270e-04 -6.133130505725821338e-04 -9.636504180676338203e-04 -1.491754378658299461e-03 -2.069103808929741530e-04 6.007591099311783900e-04 2.085560693825714250e-05 -2.510599230587564311e-03 1.839958276925399540e-03 8.644444228605462945e-04 -1.433918325122132079e-03 2.129198530624132693e-04 -2.169464425217656079e-03 1.090692837105496343e-03 3.145557321826375442e-04 -1.421635713678816434e-03 -6.232465729461539967e-04 -2.314588746468161065e-04 -2.757115548473207476e-04 8.735378139334432903e-04 6.115248709175203745e-05 -4.689880513847296314e-04 1.477455285444511041e-03 1.450311490020847466e-05 5.661780094554394417e-04 -5.256518070188711351e-04 1.612212167822974559e-04 -1.128101280236517645e-03 4.231832010712526285e-04
1.370132336714190331e-02 1.067248199286773176e-02 -3.134150031855677948e-02 1.191563956171066627e-02 1.233484733306499694e-02 5.690280196801315513e-03 -2.446295287417683210e-03 1.056886132069702160e-02 -6.569189469913407466e-04 -2.202333765361740026e-03 -9.009465592446393297e-04 -2.620689106706433451e-03 -5.013180572307716736e-03 -1.223526887564735420e-03 -1.134734861232055162e-03 1.663455232442413994e-04 2.408948085999327183e-03 8.583107448048240846e-04 -4.940585491932458252e-03 -2.016553987082315031e-05 2.130651382489286670e-03 1.158368547022205859e-03 3.544770424384286866e-03 4.399337693107261381e-03 -7.884150883492563973e-04 1.901145674681362129e-03 -1.379885539686803242e-03 -2.711404936205866895e-03 1.027222633235349951e-03 5.041284410161113883e-04 -6.524119445893838010e-05 -1.597845681301489048e-03 2.119323034369130151e-03 2.139348286513842283e-03 5.863645121069433787e-03 -2.093009667814126756e-03 3.776354618455507071e-04 3.659438352329617838e-03 4.194563102394598987e-03 2.239771549634343023e-03 2.510792848135473283e-03 -4.946462651477029002e-03 9.301535409766496223e-04 3.220941179212090215e-03 -7.077418787383964053e-04 1.995425580330626326e-03 -1.644073643056288142e-03 9.835464949160290220e-04 -3.742804256440445884e-03 1.431166800734493894e-03 2.180577534024161213e-03 -2.372576521958614289e-03 1.317853557798839793e-03 -5.588331467595279321e-04 -2.915285765476960129e-03 -3.386840664615989750e-03 -1.385466243029006552e-03 -1.552465727134010390e-03 -1.020910778832804112e-03 1.768998983229844255e-03 -2.997346697106152008e-03 9.942524705222025201e-04 -1.957829556586670864e-04 1.284601159464576975e-03 -1.715845992989058081e-03 -2.007879521970180794e-03 8.590413095997900903e-04 6.277559846227420866e-04 -1.260396626844876135e-03 -8.946102503654806005e-05 1.468172100891008448e-03 2.306794236675801385e-03 2.124497486665110051e-03 3.685705872349936702e-03 -2.229101255090895715e-03 -1.069926248265667046e-03 1.122401375690743140e-03 -4.638486668552218618e-04 4.116940426976414217e-04 -1.217039882298617684e-03 5.449475611253504475e-04 -2.165833048879408046e-04 1.607279018614376565e-04 -1.115221973025752426e-03 2.995122961047452033e-04 1.958774437460870845e-03 1.577547289525352097e-04 -1.895821730522918641e-03 -1.497842725279872932e-03 2.564902449185200409e-04 2.344629904346566855e-04 -1.068006371647623734e-03 -9.146806317043558888e-04 1.498686283878161154e-04 -1.732007993338365427e-04 9.950206221046790749e-04 4.056144965272668354e-04 -1.866456927398482939e-03 2.840988012181405969e-04 8.016372491893451659e-04
-7.540204412466523787e-02 2.019374383147178736e-02 -2.773984332163324101e-02 -3.963865337307556462e-03 4.892157991586798191e-03 6.531301108153349114e-04 5.835286593632399606e-03 -6.310401863819948068e-03 -6.601977479117508880e-03 -2.922046569859204287e-03 -6.705272338245893068e-03 -3.971301090512308583e-03 2.283321876478805381e-03 3.685260767136194510e-03 -8.602315184978910362e-04 2.288723241921584214e-03 -2.250345408451845212e-03 -2.131432394150242337e-03 -2.821013208664800102e-03 -2.125183167188700924e-03 -1.255595881806263400e-03 -6.366176994483664338e-04 2.112673688411649976e-03 -1.078635801602333789e-04 2.230300432045592175e-03 3.688523137836713264e-04 4.448881559028575183e-04 -9.393210907956518274e-04 -2.046109619918119553e-04 -2.537616478016820054e-04 -1.274995302381097062e-03 1.213570770352357178e-03 -8.579549128106555862e-04 -1.065356518835057541e-03 -2.260992204719456961e-03 5.505749601758009194e-04 -1.992806869255630761e-03 -1.049243211170752999e-04 -8.673098303725632714e-04 -4.821786527064590212e-04 1.091462698909400047e-03 1.271284672980537963e-03 1.569779576246423016e-04 5.222437727595344564e-05 7.153266516730067510e-04 -1.493474859780887388e-03 -3.889517427746150453e-04 4.631253807924699253e-04 -2.656358310754384621e-04 -8.882232272244079598e-04 -7.553523678203724005e-04 -1.539179217598064895e-03 -9.927668662065042716e-04 6.633293917093889558e-05 -1.121808107736501107e-03 3.826306969909321607e-04 3.075978616155607484e-04 1.384782011473588989e-03 6.550853794781718881e-04 4.019405820059763893e-04 2.834645431934266352e-04 -4.124778725390633688e-04 -3.420661445161276356e-05 -3.868604586482637833e-04 -1.110383326063179438e-03 9.122738839039583932e-05 -1.302179545126223338e-03 -6.113731692637757549e-04 -7.652628757578326321e-04 3.793580940672503497e-04 -1.353603487094303954e-04 -4.497673522373582642e-04 4.062274320853282090e-05 -3.275283132870236550e-04 8.567197594575439801e-04 -2.709994180908756800e-04 3.507185255379118255e-04 1.518264988801451543e-04 -4.257390132315363204e-04 -2.162143418711231265e-04 7.415196133889657862e-05 5.485917317877427816e-04 -4.131756256667356523e-04 5.872669139968237262e-05 2.776412319479937101e-04 -7.853127092808135853e-04 7.173050671968573492e-04 -3.922938656098670348e-04 4.343500557429917793e-04 5.135270233484194211e-05 6.255351389956113331e-04 8.875027528401097793e-04 5.658470791855214942e-04 -4.877941145002356264e-04 7.376951896945035036e-04 -4.459110942868147452e-04 3.455016920907594421e-04 2.423967374091177648e-04 -4.089249024335344924e-04 5.057303050545766763e-04
4.388870401516303116e-02 1.452213250496729204e-02 -2.528984975551209352e-02 1.570470707483363412e-02 6.419134694980589521e-03 1.160180129473528318e-02 -3.597622303272764730e-04 1.506390198743902745e-02 9.111746510298428291e-04 -5.902422556414486585e-03 -3.619872392992834996e-03 -4.586135932092331676e-04 -2.448262213203222099e-03 -1.043874562659935544e-03 -3.652930014759987807e-04 1.252725092060424494e-03 1.959332471760837253e-03 2.919680469806317999e-03 -2.467802608621551871e-03 1.578768864813178460e-03 7.704033861987476944e-04 -1.744930527087649899e-04 1.883730590305067541e-03 -3.653955158753732562e-04 -2.865879038336299544e-05 7.365620707628098502e-04 1.400176898121362375e-03 -3.463259694871905891e-03 -8.348110974097830124e-04 5.235957342353575895e-04 1.838906219738800250e-03 -8.361547127319422356e-04 1.628358699070846238e-03 3.270145079445561367e-04 2.554467553568437552e-03 2.807666324843034310e-03 2.260314842711948213e-03 9.455273457170677550e-04 -1.626779947619817106e-03 -5.157710216197145285e-04 6.923701572553278864e-04 1.282568417341734077e-03 1.297272626913602116e-03 1.434208673681834460e-03 2.388369207789487489e-04 -2.846843041970571926e-03 -1.374121259618131096e-03 -1.541294351495407777e-03 -5.143675343553408491e-04 -1.502072582336018728e-03 -4.424237299801833992e-04 -8.666648538498411818e-05 -1.025855738963480680e-03 -3.886889316556958306e-04 -7.541538518179609222e-04 -5.242178066603567829e-04 2.762197481686236994e-04 -5.998332299821063042e-04 1.507518196997980390e-05 1.220118729716221546e-03 -3.772654250289501866e-04 -5.337485009330143748e-04 2.098079957161821246e-03 9.179708439852003526e-04 1.073837604380906228e-03 4.199046895144146639e-04 -1.231664583452328271e-03 -7.032182785010463637e-04 -1.501486470345056749e-03 1.156990305097612423e-03 -2.491349807843622199e-03 -1.746540284282593327e-03 1.352129229333742626e-03 -3.790332514465057892e-04 -1.580978042505522133e-03 1.057014282342317278e-03 -5.225230718348266050e-04 3.511360899539601272e-04 -1.301503629585028503e-03 1.074251415352455959e-04 -5.326335938473948910e-04 4.779813463620564572e-05 -9.228874368729922384e-05 2.132346156724858159e-03 -9.239309988288165300e-04 1.051032855438056006e-04 9.594058019103469167e-04 4.131581162967456859e-03 -6.977101003887404380e-04 1.322992906752227605e-03 -2.778964448326399963e-03 -7.569885190597660856e-04 2.962744027698072796e-03 -1.060934861977372919e-04 5.529901954077845200e-04 -6.927177479538218453e-04 -6.598848127165061941e-04 5.124054433650337276e-03 1.486739854409315159e-03 5.430864497886127382e-04
2.388609653935341859e-02 3.243949913883265729e-02 1.433171803848521005e-02 -8.500136866499552815e-03 2.491135795907910289e-02 -9.387713910853565102e-03 6.509923218378418572e-03 5.904800857568173571e-03 3.597300824546878582e-03 -3.615459709715040547e-04 6.354744040172220429e-03 3.812937286888551727e-03 1.396326933266150375e-03 5.505471151299506406e-03 -2.748174119961201058e-03 -3.496139021864268313e-03 -2.768046969110476898e-03 6.885193335603328503e-04 5.797772851905472462e-04 1.191569727016533308e-03 -1.461658896362814930e-03 2.466018473875420725e-04 1.504445557120999812e-03 -1.261548168081139207e-03 1.695688755884850255e-03 -1.922355197741267094e-03 -3.184769107397709704e-03 -9.511095668321052372e-04 -3.828918645868983352e-04 3.025810123423704721e-03 1.895413801978691390e-04 2.147475272497911206e-03 -4.376776202761109417e-04 1.439104733035739391e-03 3.265141373944855708e-04 4.202017680049385459e-04 2.075098209768311708e-03 8.187885301982891165e-04 -1.820333717332511033e-03 -6.393725181834929985e-04 2.212739949764126312e-03 -9.709717051251730920e-05 -1.484509915437390727e-04 -1.461466201299039961e-03 -7.499413921385505348e-04 -6.120037854242217157e-04 -8.360736864456406753e-04 9.741555322622830627e-04 -2.725218683964341295e-05 3.640968230428209677e-04 1.812547956232636983e-03 5.522815574270559637e-04 2.578409122164512270e-03 -7.779942813607843401e-04 9.959298543976700165e-04 -2.505162915567463546e-05 1.263468963397648996e-03 1.079841585873491869e-03 1.790875925769554265e-03 1.216906972995385238e-03 -1.901503245649611680e-03 2.136360606666674270e-03 1.355264575450162469e-03 -3.807038229897022428e-04 1.410809497824509545e-03 -2.451464241668178945e-03 -2.722095290821777364e-04 -1.800281389917903884e-03 -7.830122677155796620e-04 -4.323880127890592211e-04 5.744678319602956320e-04 1.765988942476503978e-03 1.948145104082979299e-03 -3.373061153257191341e-04 -8.634822057960681724e-04 -4.988707747899037833e-04 -1.225281281787761033e-03 6.511660397026729045e-04 -6.815209453550663847e-04 1.305586297575407097e-03 8.236743720842388964e-04 2.070559595589743351e-03 1.487583708993227847e-03 -3.780054730021463992e-03 -1.473940740338302137e-03 -4.347106954046302458e-04 -1.908959803914386669e-03 2.553313864122862438e-03 2.101605289291710258e-03 1.185760982708592348e-03 3.298139482041940931e-03 -7.518480220102112012e-04 -2.909666240546953764e-04 4.967184823517986365e-04 8.664731615415591920e-04 -1.315255048440421796e-03 -2.822839541331425162e-03 1.022989999701756463e-03 2.898281260341472611e-04 -4.505854777852986125e-04
-4.152895171165291860e-02 2.008585500006156849e-02 2.293307981405556112e-02 -1.290743649450072465e-02 2.395966303072533457e-02 -7.910728216710580588e-03 -1.167394430579863171e-04 2.877974302526677911e-03 9.462455640660328866e-04 5.269286404739610512e-03 6.428073427433299118e-03 1.608732425653169699e-03 -3.962093593442398169e-04 5.915446131915585645e-03 1.715227872325956419e-03 -2.926740947763709251e-03 -4.179535199527266084e-03 -2.596870176436557025e-03 1.656902342959067206e-03 3.162014438615170109e-03 -3.604027945779202016e-03 2.472748508919951193e-03 1.529538992550071638e-03 -5.051166309168169527e-04 2.751062473381095472e-03 -8.637753778517795987e-04 2.667758690216239740e-03 -2.716678339561140205e-03 1.395416047595832458e-03 -9.918137295138289289e-04 1.437836981395040816e-03 1.839907880498051641e-03 2.442861987188939699e-03 -1.252353074912089005e-03 2.768556309051113835e-03 -1.313038119192818688e-03 -1.047412452216638871e-03 -1.892000650655627919e-03 1.316232128833478253e-03 -1.359839237516919817e-03 -3.756992493706339063e-04 1.008077322557607595e-03 -2.259113414563178638e-04 -1.102716362573163446e-03 -2.863923993193996220e-03 -2.290352596580832317e-03 1.402565905004970418e-03 -3.621135295903338334e-04 6.426965729075238311e-04 1.675470124830400604e-04 -5.347085118926943065e-04 -9.287393512289784502e-04 -2.077862321645539394e-03 -4.690543953740515309e-04 5.149295712379132160e-04 7.773807369091583017e-04 6.697828655561760547e-04 2.137467733085003391e-03 -1.467275070616230563e-04 -5.409781846375292342e-04 -1.286864208217776331e-04 1.573806750530622916e-04 -1.009840052088856579e-04 -4.537190008654465464e-04 -1.006374011940088875e-04 9.367461610870199363e-04 3.477183547363858892e-04 7.510083889755308790e-04 -7.268219041002362988e-04 -2.316755239942680132e-04 5.706796431173453369e-04 -1.992282340498688440e-03 -1.320289455164855123e-03 -8.410549126570176018e-04 -1.472423075008183957e-03 4.798965081591445385e-04 8.820422441312720380e-04 1.147513198849542453e-05 -2.024144536793646715e-03 4.785457680022445703e-04 6.780074993594508185e-04 -1.222727901003170135e-03 8.867909578186966828e-04 2.022235865645627493e-03 2.558684875755096785e-03 -1.419187979101150339e-03 9.250528363088376038e-04 -8.917996081159435646e-05 -1.364432049804139169e-03 -2.244284821010740548e-04 -2.154654286079989763e-03 2.750723192839029849e-04 1.331423538708278488e-03 1.245755628771790359e-04 -4.140744262590801230e-04 -1.235291146839393632e-04 1.605073702510598352e-03 -1.456071048324678215e-03 -9.700980981464846133e-04 2.725900802438044031e-05
9.715872817397724903e-02 1.754894047928319545e-02 -1.682092794574214373e-02 1.425794086467882180e-02 6.378691220546519984e-03 8.945079582591036055e-03 -4.594523787928589224e-03 2.050508950144520198e-02 6.714181625282877180e-04 -3.997873029292609882e-03 -2.204552150645147212e-03 -8.152640194842743345e-04 -3.942902130009498692e-03 -1.682336562210388475e-03 -4.843842217459565225e-03 2.323208166403376539e-03 4.381301982185925896e-04 3.921834186767620377e-03 -2.449296208020506206e-04 9.811677101249386898e-04 -4.498913825587465010e-05 1.735897751619138590e-03 2.187238382720009099e-03 1.665209007871692624e-03 -3.892713906500702530e-03 4.166056238618716379e-03 -1.507978514908002617e-03 -4.183823296702316070e-03 -6.736236962701426002e-04 1.697856119460923116e-03 3.148005986247836164e-03 -8.149077803931770777e-04 5.750665162346743110e-04 -4.694876929549375577e-03 -1.127173377220642503e-03 2.812647316185225722e-03 1.003281293130563840e-03 -4.418986783111615016e-04 2.030612323529790413e-03 6.828228246294447282e-04 -3.732517563849495823e-04 2.488282810477852013e-03 2.651512461133132947e-03 -1.343947539572755195e-04 9.111656837723524542e-04 -1.574783988662242741e-03 1.135072773972528202e-03 -4.552190500753380614e-04 -6.581379577221721207e-04 5.818157067451352462e-04 2.111847831601048036e-03 -1.036763551467442248e-03 1.303063677348084660e-03 3.196880868000812211e-04 -4.606260577649651244e-04 -1.364955061042979860e-03 1.543868697214111638e-03 -6.714527211223358981e-04 -2.034951563497937506e-04 -8.805948003645727457e-04 6.611544387655600777e-04 -1.278810783611418174e-03 -3.967388752517781131e-04 -1.478021147391687983e-03 2.237764018355085406e-03 -1.388999542480845971e-03 -1.644703322567161964e-03 -1.358123292331798017e-03 5.890024442956944559e-04 -1.484578168451390493e-03 1.528795158675633073e-03 -2.289436216822865813e-03 -2.239390315958263362e-04 -6.730653239274960809e-04 -3.899242528316159838e-04 7.453658448185040020e-04 1.143350973759965031e-03 4.256943091185289040e-04 -1.353457710761303513e-03 8.201487080832472370e-04 5.184051822829750583e-04 -1.928794340597585460e-03 6.135537597313986402e-04 1.153727103990534507e-03 -1.754551685202263445e-03 2.080361359003152916e-04 -4.107319130324200225e-04 6.674842510367104702e-05 -2.780418442838450150e-04 1.651518837189907716e-03 -6.942004790180587945e-04 -2.225412559604805830e-05 -4.169510820060562287e-04 -1.172024527536036365e-03 -3.338387405996644784e-04 1.076303420580385648e-03 1.094263086562983827e-03 1.152819114220376886e-03 -2.159923026824507873e-05 -3.485224632155487444e-04
8.705711511058715490e-02 4.566027885618929166e-03 -1.761137548653986251e-02 2.826116535454743436e-02 -3.752023351960950132e-03 1.586027898300124139e-02 -4.202000765231079897e-03 2.495273321550708565e-02 -3.100267232029789237e-04 -6.536017098812427727e-03 -2.628730459646234398e-03 -9.228881521904949790e-04 -1.531458926837980144e-03 -8.553248816758620646e-04 -2.478856908169263084e-03 3.152530198542102206e-03 2.928114820752780300e-03 3.008385715655295146e-03 9.307165671232141106e-04 3.293115484476245251e-03 5.178946884050217607e-04 1.691717810401307826e-03 1.193998956323025912e-03 -6.972070689875154966e-04 3.478286518930029077e-04 1.530116434584039313e-03 1.513177201739898973e-03 -2.883657162081919040e-03 -1.707284350285461112e-03 5.204200379567536878e-04 2.318978144455767412e-03 1.068732689708541770e-03 3.857478547682256196e-05 6.891837342004836177e-05 3.120221367108814980e-03 1.891180264241575353e-03 3.800453301420645465e-03 1.704483174266699722e-03 -3.354735540207565495e-03 2.518795644269105835e-04 -7.448386058254704916e-05 3.085631163090264955e-03 9.687960175131192498e-05 1.176008838181012098e-03 -9.658498947577729343e-04 -2.745617402686316693e-03 -2.755985555232108412e-03 -8.396754915585143923e-04 2.401905212856162136e-03 -2.334963447864155713e-03 -3.321250959184170876e-03 2.288945879821873200e-04 -1.091611139451824581e-03 -2.006888998547230979e-04 -3.785447904748801321e-04 1.448284751018602545e-03 -6.024501703799327442e-04 2.339254164180874871e-03 2.040769436676820141e-03 -2.802884685587296956e-04 4.407651913009323153e-04 5.036440406264463578e-04 8.158633348742116986e-04 -2.065227725604803881e-03 -1.057683095574677313e-03 3.376821372729702907e-04 7.904852184655538662e-04 -2.681733822931947359e-04 3.269611560740476905e-04 4.741181825933412069e-04 -3.899538299971812933e-04 2.031885382508113330e-04 -5.794761551256273971e-04 9.109272256524002633e-04 3.569065759164965872e-03 -2.659133447163798984e-04 -1.041770271294468683e-03 3.655063443088573923e-04 2.092014090527183519e-03 7.443228839216298534e-04 4.518950255507122715e-04 -4.727026322279938362e-04 5.753488939185025285e-04 5.735617946092594604e-04 1.531963849536628446e-03 -1.669133022336352981e-03 -3.609647721891171414e-04 3.939372265863886149e-04 1.197979149487997776e-03 -2.622113467555378663e-03 1.097217500868923968e-03 -1.289684467234383054e-03 -1.346424957141123665e-03 -1.718264415860377330e-04 -2.005211225019947353e-03 4.583432183073981453e-04 -3.581888429693227158e-04 -3.478235627440632530e-03 6.304804006263946834e-04 -2.828065100677900094e-04
1.337360074273611366e-01 -3.861453171253595874e-03 -1.092422684346495629e-02 2.702083223590963021e-02 -3.139286608104874428e-03 1.521093562930001149e-02 -6.619672562403076423e-03 2.016443450299730197e-02 -2.666861981287738537e-03 3.837942696095063971e-04 -7.089791786302874176e-04 -9.770737959241611748e-04 2.291515144398788111e-03 -2.546631202918945257e-04 -2.643595495859758088e-03 2.811629694900437491e-03 4.797428695816383201e-04 9.630024422061783792e-04 2.523771561554869185e-03 3.712955464918864246e-03 -1.141925507214332398e-03 1.305720856007474119e-03 -4.658785462913686147e-04 -1.067435415404265281e-03 5.783612973451303981e-04 1.645729435569467285e-03 -7.901574166919295410e-04 -9.315277911307160872e-04 -1.089800975405578066e-03 5.269863523228857224e-04 9.846534506356956901e-04 1.267459183865998675e-03 -6.839627623390859366e-04 -2.458525312098053272e-04 1.520896733919739749e-03 3.880771400512533819e-04 2.607521026909481385e-03 7.474304736243339705e-04 -2.375772253970650019e-03 9.997109105790611631e-04 -3.434389364775390028e-05 1.857730746270301993e-03 -9.010282265024629512e-04 4.621880195171125224e-04 -8.335369504004942623e-04 1.793590221362236826e-04 -6.291070841279341715e-04 -8.628374380416670457e-04 1.700066668076758271e-03 -6.644116129509754090e-04 -1.381300175257857941e-03 5.096404386471758800e-04 -3.493688978092445580e-04 -1.915444420836580461e-04 -4.315164098266970538e-04 -1.069785001784074859e-04 -7.369192613123082139e-04 1.765732641033470121e-03 1.908939187945897249e-03 -1.009190511547357729e-03 1.750620555686678353e-03 1.294191948567296416e-03 -1.892688595258284459e-04 -2.642791180795117396e-03 -1.316663940832999433e-03 -7.841333516244106410e-05 8.975355328466411370e-04 -6.549283666101802983e-05 1.768988609142270463e-03 -1.861797535989102382e-04 6.635118305407371880e-04 4.794818882616678590e-04 -9.835797093172523372e-04 1.193768378519389443e-03 2.557832149346244473e-03 -4.449858492368084892e-04 -1.306376630797542390e-03 3.247365547713287589e-04 2.397343606991752130e-03 5.601513717620243199e-04 1.734054981863382763e-04 -1.425420687648123281e-03 -5.410964891526902744e-04 3.207131690419745139e-04 1.194745263050089618e-03 -9.777868475912881909e-04 -8.634237670429249344e-04 -6.463240562977834794e-04 1.736662230100469856e-03 -2.092468199221538677e-03 1.713962941556788563e-03 -1.474866785731149006e-03 -1.208256026550009587e-03 -6.052746397904117359e-05 -1.204580938151019777e-03 5.827546779071198684e-04 6.937664847173438025e-04 -2.345669815004646549e-03 8.620491244991554912e-04 -5.060645498147118507e-04
9.047397097238274455e-02 2.870532632106480297e-02 -1.975557416084619544e-02 1.590357192281431284e-02 1.688827154817949469e-02 1.862679570035248068e-03 -8.128206068313234209e-03 1.120972934806057676e-02 6.117167331398396316e-04 2.721604116885268689e-03 -4.509403914242758610e-05 -1.338452456999296002e-03 -5.581185051053733082e-03 -3.229993085479423466e-03 -6.369624545326635356e-03 -1.092857295694230632e-03 -2.165219798196477629e-04 1.564067710051157125e-03 -2.518810233749997022e-03 9.376329724173477998e-04 3.407468125318882960e-04 5.975369758212077664e-04 1.207553084760963104e-03 9.952245824004569193e-04 1.453062343828663647e-03 3.196128350135245787e-03 -2.319512698893342641e-03 9.279574130157907091e-04 -4.781952143221042243e-04 3.985345194256717077e-06 -1.064720354826233185e-03 3.345657848096654898e-04 -8.295570575854383432e-04 -1.355955485980263895e-03 2.600289324089361440e-05 -6.940349492493137588e-04 -1.441829925460711261e-03 9.222909790001104248e-05 2.395212004959517901e-03 1.042658410290110606e-03 -1.509139663267204017e-03 -1.736429140289683570e-03 -1.997436391661927286e-03 -2.114825555161777958e-03 3.293189125290777938e-04 -1.718642984241579774e-03 5.296746466456610063e-04 4.299180401428254888e-03 1.292488982761287662e-04 2.072936164727068840e-03 1.762090571981916702e-03 2.290738216506223168e-03 -6.413501440960489531e-04 -1.145580746323747803e-03 -5.193894918757374982e-04 -5.371592168813683855e-04 1.019412770134097042e-03 2.807214529607020715e-03 1.597317129091587471e-03 2.861292896028608604e-03 2.996776883196268114e-04 1.154938354789443152e-03 9.130841910238037776e-05 4.004370939490927914e-03 -4.543454050137862225e-04 1.869877170834195572e-03 1.378252030990663110e-03 3.031327169104798850e-04 4.080540521052730381e-04 -3.690335272720707879e-04 -1.834869948300319820e-03 -5.102100122194161078e-04 4.570897571121475939e-04 6.823525600756228174e-04 2.161367125606955368e-03 3.451965352688354197e-03 -2.093821233210240232e-03 -3.005028060526996909e-03 -4.742548396584590981e-04 1.100515346405636532e-04 -2.259419854081414023e-03 7.816888334322785953e-04 8.588774138158242416e-04 -2.000684602603065507e-03 -3.567137671788380739e-05 -1.858849703836046828e-03 -2.103757833411119132e-03 9.334738561362305792e-04 -4.147946497834616424e-04 -6.023103745406132301e-05 4.787346397157630834e-05 -1.777599339798123978e-04 7.892715387496935381e-04 -7.554244577793849114e-04 5.004698712205762543e-05 -3.521841258633448806e-04 -8.011244947318197024e-04 4.515397416309877292e-04 -3.292996073654109280e-05 1.917976165773539591e-04
1.936785825673459083e-01 1.609930727388243776e-02 2.503067268700021747e-03 2.311889770065620776e-03 -6.650254167635441527e-03 4.144234254841263655e-03 -1.160235722659533168e-02 2.922446392443693412e-03 -5.256311974415336236e-03 4.056011344610269999e-03 1.217294011857529990e-03 -2.101164635301607311e-03 -7.025946778032649736e-04 -7.320115550144945093e-04 -4.914931178237309448e-03 4.643560400052396510e-04 -3.543591080885701364e-03 -1.521548407452955011e-03 -2.416806526567013592e-03 -7.014383187035527810e-04 -3.712404960237420705e-03 6.198836979105606156e-04 -3.502279973530947332e-03 7.849119644254375213e-04 -8.666211043522011786e-04 3.050177310977052268e-05 -2.114973041185715455e-03 -6.155654317881939508e-04 -6.631335086783686006e-05 -4.538905571488393453e-05 1.087395244980462897e-04 -1.094982041692547838e-03 4.672616667247039401e-04 -1.985480198327683240e-03 -1.137241070342361699e-03 1.576550719293303652e-03 -6.138583958312289089e-04 2.143721985915794225e-03 1.285523358963549644e-03 1.970163791168519189e-03 7.125554266838433383e-04 -1.220827973327883364e-04 1.012820395190499895e-03 -9.000938895441949533e-04 7.366513321698612291e-04 7.267503724737951537e-04 8.793025325255784215e-04 2.966678209298269082e-04 1.413776036610667674e-03 -3.718399662658651204e-04 1.507823932194578298e-04 6.343023037532557291e-04 -5.959353897238817664e-04 -1.037159630488910817e-03 1.124479732392379009e-04 2.076195752825177494e-03 -1.770605112150560071e-04 3.140467543312787640e-04 1.082691033008645722e-03 -9.008511120156353046e-04 -1.133792100863926372e-03 -1.169736167383607622e-03 1.960412868511492244e-03 -1.186391896647862260e-03 -1.402362154290538992e-03 1.272051499566133424e-04 4.499657764030829169e-04 9.523923139045647069e-04 2.289376182111245385e-04 7.586602712317229305e-04 -2.737096595172678021e-04 9.449239174247889891e-04 -1.042093018245164289e-03 1.123846176396378583e-03 -1.346071303519273199e-03 -1.608876971735829142e-03 -2.089087968196407918e-03 -1.328921573466545190e-04 9.107417597319903855e-04 -1.009692764591452836e-03 -5.050547037419700867e-04 2.377416549690589305e-03 -1.091297567361989174e-03 -8.677566181916940334e-04 5.789330276822080967e-04 -4.567471653380789174e-04 1.364579580278217717e-03 4.862983914344842979e-04 -5.514924444981385981e-04 -1.184953020392315315e-03 -5.203881032826751155e-05 -4.503472400610771128e-04 6.449883330316208202e-04 1.130553947642078593e-03 1.163609677199368080e-04 -6.557970864844652695e-04 -1.509753501705701090e-04 9.891407279626158663e-04 7.555927251460024070e-05 5.759063480158639007e-04
5.313132739374026164e-02 -3.420272827746292932e-02 1.360332644838819528e-02 -1.659744526100025575e-04 2.466546264468127969e-02 1.932801927302850442e-02 -5.986060140435672285e-03 2.472965685272813900e-03 -4.268369500391419429e-03 -2.337402612745355032e-03 2.318333499926635358e-03 2.973853184719230623e-03 2.189080439706914908e-03 -1.941052775372211501e-03 5.212555814776231953e-04 3.803039497095732878e-03 -2.581769484112724118e-04 2.071650530338015224e-03 -1.277789039814351347e-03 3.053298047675193951e-03 -1.036372245176326321e-04 -2.071077552960743761e-03 -3.497655992161365773e-03 7.514168107310731804e-04 7.673091558206036888e-04 1.686745009123994006e-03 1.457254612976021345e-03 -1.500358311546817237e-03 5.130518584759383854e-04 -1.261305777408010145e-04 1.357227005702406342e-03 3.279642867050369150e-03 -1.991806969539308692e-03 3.068389815783565625e-03 3.815229592217517490e-04 1.488493736101036266e-04 -2.120033329916865862e-03 -8.000702827950968580e-04 6.171431182623165080e-04 -2.062069646856917998e-04 9.840813809441808623e-04 -1.381555194508664840e-03 -3.172807681554988156e-04 1.780660764251002642e-03 1.525405162151222214e-03 -1.724506684682969825e-03 9.564575776767677163e-04 -1.005137513501508807e-03 3.747563253084083184e-04 -1.498699450000478108e-03 4.060932385532444247e-03 1.901368177148587317e-03 1.429002675575319174e-03 -4.692218062493845555e-04 5.226425531861735464e-04 1.389055848293960184e-03 -1.316312767410788599e-03 2.882159913161748497e-04 -1.109475839955069432e-03 -3.073270084137966901e-03 1.652894656954486058e-03 1.920456973130426790e-03 -1.593155827086767742e-03 7.429968486468918544e-05 -6.557802163978002996e-04 -1.909737542126395101e-03 1.118040346351061812e-03 4.073831469655288706e-04 1.644549333150073858e-03 1.925992485792960181e-03 -1.426943426481351281e-03 2.789677215498408570e-03 7.119704174693090696e-05 4.614036040686286550e-04 9.384259417156629165e-04 9.209527298129878761e-04 2.372346290512322535e-03 -4.952742181204841058e-04 -9.768600671375511288e-04 9.783910844721683056e-04 -3.262685877216685336e-04 -7.245605945299963754e-04 1.835749259383954871e-03 -4.450816672133382388e-04 -5.909951371637464819e-04 3.784969874124341819e-04 2.016641210467671076e-03 9.078842451517741760e-05 -2.746542907142981646e-04 6.820311855450732728e-04 -1.546832906044122912e-03 2.478509107453030465e-04 -5.199101509143040038e-04 2.133460379252730132e-03 -4.836869545741508884e-04 -1.388365868702407229e-03 9.242072252538143223e-04 7.586389331671025194e-05 -1.324150008265675574e-06 -6.728089276546504966e-05
1.398412100310677253e-01 1.091914860542030248e-03 -7.495833190742300783e-03 1.072448324670788496e-02 1.014123394031920568e-02 9.099978300266497316e-03 -8.100716766594745141e-03 5.731991726735793588e-04 -2.826754257148252677e-03 1.106929043299308656e-02 3.765384460876519440e-04 1.086027052099013080e-03 1.372687380795835225e-03 -5.143113794494930287e-03 -5.311554190332983330e-03 3.962446923349828782e-04 -3.128328576534766207e-03 2.444896791221307011e-03 -2.956452485818138794e-03 -1.810845916954227338e-03 -4.552058016329016583e-03 1.467270421073265134e-03 -5.175018518702275555e-03 -1.851477265593259869e-03 2.983353995197065168e-03 -2.371608914108582974e-03 -2.001462072316622168e-03 3.068328095129585140e-03 9.624047093496668247e-04 -3.744818444661368508e-03 -1.735865785569157423e-04 -1.130207728660623934e-04 1.603804790541862348e-03 7.533624847824514203e-04 -1.309081538826121387e-04 -1.063810757452020994e-04 -2.245274913935330855e-03 3.720541136197056623e-03 6.374420870051603462e-04 2.233750913260145490e-05 -1.077903099807591509e-03 7.856282658947208669e-04 3.425405254214011676e-03 -8.415646587815890081e-04 8.183672656105932730e-04 -2.151776709656047677e-03 -1.277534163475239730e-03 8.879434083670069639e-04 -1.335141632749726288e-03 -3.010464909092248984e-03 -4.562652874999080727e-04 -1.748795116049120708e-05 -1.525049135974018883e-04 2.498003618947495467e-05 2.088042786755546585e-03 -2.478728745758013749e-04 6.970125641049473245e-04 -2.860462014086226682e-04 -2.436145904667809219e-03 2.049143535967158473e-03 -3.081611894138049351e-03 -1.016208452833446520e-03 -8.074213397243891705e-05 6.668771854448519304e-04 -4.307891191204410485e-04 2.957113119238247568e-04 1.585902184169634549e-03 7.015434570070054826e-04 -2.506616780548506611e-04 -1.854830451568430672e-03 -1.627322743143689004e-03 1.826971117186400382e-05 2.227570109055976386e-03 -3.211621028192721602e-03 9.616464667590066909e-04 1.128804882455309742e-03 2.295181537501040508e-03 3.045685823878867271e-03 3.569633628668652083e-04 2.102850749535590136e-03 1.737699418227119704e-03 2.212554523036752620e-04 -5.934793039161153109e-05 5.305715902194279915e-04 -1.544581900643454946e-03 4.995145916289898871e-04 -8.050819426842637373e-05 -3.293947140944611726e-05 -2.691460675890530079e-04 7.087318680894203219e-04 4.966663888942837377e-04 -1.398471458464882792e-04 -8.467835244414057081e-04 1.501737553005843379e-04 -4.958934694816776725e-04 3.757302940321462421e-04 -6.384210973260607495e-04 -2.783910869942870028e-04 3.897321953994409868e-04 -5.854432848948718524e-04
2.539574529533429603e-02 2.821633125804946362e-03 -1.089659331782084385e-02 -2.908690342428537148e-03 2.601272121189516714e-02 8.703668791606564495e-03 -5.505556740446198270e-03 7.628731376870834593e-03 -8.886104482472366017e-04 2.019111917893788403e-03 6.115473616581129646e-03 1.445008723947791918e-03 -3.782535283272168807e-03 -4.219741396807707295e-03 9.100598476482630586e-04 -3.241305669172506350e-03 -2.448092382923262780e-03 2.048986452258084751e-03 -2.909032017273902992e-03 -2.509150487607481658e-03 1.591739485158926272e-03 -2.753132922865748813e-03 -1.796269100573588814e-03 -2.707184728718084205e-03 -5.411843743360737497e-04 1.270814319708868856e-03 5.190536029749676615e-03 3.203715143348901534e-03 1.698211771506985719e-03 -4.731425019551779507e-03 -2.609479600238218122e-04 8.816835590686482229e-04 3.923298528452127628e-04 2.935518627770013298e-03 1.406972818509556180e-03 1.920946856340068282e-03 3.026229238425469001e-04 -5.476452938861724185e-03 2.240014076382356844e-03 2.351286331138779766e-03 2.062217310170483351e-03 4.707990509084042721e-03 -2.185439462315948937e-03 6.850046353814205624e-04 2.585124683992757241e-03 1.438751039016032207e-03 -3.658680377732900606e-03 -1.738608062138841592e-03 -2.364075012213641327e-03 1.442102142015297970e-03 2.570782038749170727e-03 -7.636022627700258429e-04 1.700288219828351155e-04 -9.109252800694504163e-04 4.149646918082291179e-04 1.335444421774546796e-03 1.688083551503759489e-03 -5.137371243639735508e-04 -1.783992587859033457e-03 1.888906912564178612e-03 5.675887597430210864e-05 -1.470252305828773564e-03 -8.185472231366773023e-04 9.611289538279238747e-04 -2.607173207825165019e-03 -2.931390223737889624e-03 3.663646968512835364e-04 1.604877866095179729e-03 1.211535511971760688e-03 -1.070219062898327246e-03 -8.814779950433779656e-04 1.478127672706914348e-03 -1.172993227377345246e-03 1.323852549555926735e-03 1.798276228286427433e-03 4.347054683225351230e-04 -1.377323150739265430e-03 -1.477294374603849983e-03 9.281079989124684307e-04 -1.526462320699703903e-03 -4.022977652763514854e-04 1.026422598339122964e-03 1.044289653239844002e-04 -3.412730251067673699e-04 6.858999971906567226e-05 -1.323332386203993245e-03 9.066642128099653471e-04 2.848583773483043800e-04 3.054515310972407706e-04 -4.767564155447739926e-04 -4.928727366908345221e-04 -9.889580879583225308e-06 -6.866963591462754495e-05 -7.635853870650265163e-04 7.291510084382848327e-04 -1.158073507771960244e-03 -6.286210049102908129e-04 2.262415506780166322e-04 -7.294226954015887673e-05 -3.837443958207944800e-04
-7.930495759571411230e-02 -4.999742555266628412e-03 1.176049940646974046e-02 -4.123964198357758966e-03 1.270733124007611924e-02 6.334296181570409426e-03 -9.487226675695041231e-03 2.632740865091965244e-03 -2.795488944281943489e-03 1.964777294945855516e-03 3.334086886916333772e-03 -1.455417601761723433e-03 -1.174473478152892811e-03 2.730645186607739158e-05 6.024457797142454898e-03 1.493739182583330837e-03 -2.713523850081727470e-03 1.008573943461268984e-03 -1.800741716418155936e-03 3.101439979744816198e-03 2.284640130269240815e-03 3.399705993838624072e-04 -1.236736780476601098e-03 -1.517046275800646186e-03 -5.507747225061175112e-04 6.060949600305393873e-04 3.837951533474680699e-03 1.081939526099448589e-03 1.917550179255502005e-03 -1.481319624766230542e-04 -8.448607309823264388e-04 -4.220285179332545177e-04 8.907186898794961730e-04 1.206721184683783466e-03 -2.121097092378075848e-03 9.626202340702605387e-04 -8.494682844450853572e-04 -3.330050618005497994e-04 -2.555111262568051278e-04 -7.385855798046316511e-04 -3.676767262306230503e-05 -9.585574179814529069e-04 -8.583252157873938731e-04 -1.609171624738589372e-03 -7.707484837100990211e-04 -5.098532438807185704e-04 -2.224468801678439623e-03 -2.369350658565680769e-04 1.373675274393712595e-03 9.338523035332663277e-04 -1.902967221553773900e-04 8.351821154911965358e-04 3.943543113777265262e-03 1.614354787963383697e-03 -9.730901944867547402e-04 2.550507842510868072e-04 -2.099351014173229165e-03 3.436328730618862606e-04 -1.130779841866878669e-03 1.063188596306358525e-03 -1.676441322914804790e-03 1.264886276290380336e-03 1.278372847572726472e-03 1.717730765948813267e-03 -1.850038004719766925e-03 -1.766006388465550666e-04 1.576877040158473084e-03 1.695547690380235992e-03 1.556271056655364774e-03 -1.404425289109525110e-03 -8.225841360382282256e-06 -1.157318448142298072e-03 -6.281833917370345608e-04 -3.592737986105618638e-04 -1.487209002168290474e-03 -7.807268595736750749e-04 -1.568090018434133842e-03 1.118807295593733013e-04 -6.567742936082851968e-04 -2.494048006268289285e-03 -3.799828899295142038e-04 -2.819059826389843336e-03 1.100409914762008222e-03 1.928133526890518512e-05 -1.462268946941161626e-03 2.378985229387241968e-03 4.852292721568009465e-04 -5.325865315068694815e-04 1.532130230737211492e-03 -1.229199839586531855e-03 1.193208330092467321e-03 -7.207495179376324735e-04 7.677696800809944366e-05 1.215316574584225174e-03 6.623521276863505915e-04 1.873004552732104606e-03 -2.476134965843013376e-04 4.489441639831706870e-04 -2.384201779004381256e-04 -1.734215195568198406e-04
-9.931964694789258141e-02 -2.118462237514506796e-02 4.909548588716521403e-03 -7.217975219989740572e-03 3.308908529152720067e-03 -8.456703656919794913e-04 -1.555381454330864721e-02 -8.453777326257169494e-04 -3.160427616743839967e-03 4.463916348956128814e-03 -1.319608067397147217e-03 -1.843969020492904239e-03 -1.066697500353798022e-03 -2.951963898770187554e-04 3.662839863475039932e-03 1.958235909909932567e-03 -1.444389617207869582e-03 1.444375573245897278e-03 -2.162989234150646065e-03 2.667081997330921807e-03 1.935931261895937122e-03 -1.433108171152688588e-03 -2.407319585918758764e-04 -2.563313944264052589e-03 -2.143653807829412551e-04 6.896514689944649012e-04 3.553858573909595537e-04 -1.003009782328272278e-03 5.254894096343758680e-04 4.469485521980498359e-04 1.257737314006938598e-03 1.700682776927168018e-03 -5.463418601228589561e-05 2.037907724349669481e-03 -1.661962111536304182e-03 5.285686804577557733e-04 2.146641600076563928e-04 2.897136331134273889e-04 3.380297676973774011e-04 -5.712740483335552902e-05 -2.673732001684899677e-04 -2.491110175688453525e-04 -1.442123661604329280e-03 -6.410937904437447694e-04 2.265307451090596991e-04 -1.042679527072519225e-03 -4.859332230106818589e-05 -3.580161064422714558e-04 1.769567160156097687e-03 -4.291633070941084814e-04 -1.447768451324232646e-03 4.807134089506188149e-05 2.338932571497166595e-03 5.461861728642298120e-04 -1.002328114488150760e-03 -3.364683003870998831e-04 -1.069627011179182874e-03 -9.385702947833088816e-05 -4.683005684400448165e-04 4.583877157601193471e-04 2.311383656983912556e-04 -2.115440746105368846e-04 -1.673783627847101867e-05 -6.120759241185322504e-04 -2.639928606954897086e-04 1.710660443582145485e-04 6.292294298207003287e-04 8.063883336260897587e-04 1.380764422151247860e-04 -5.695167773505890093e-04 3.194018512427519328e-04 8.313585511494807139e-05 2.841836931771992607e-04 -2.429218856558651072e-04 -9.186181750163052197e-04 3.690450444356992892e-04 -1.879516110904472028e-05 9.743741408649620210e-04 -3.519326270395897570e-05 -1.963507278008719097e-03 -3.294997833824293712e-04 -1.196315985093439642e-03 -6.441572672358735320e-05 -5.607075335874808645e-04 -1.428161805189331066e-03 -6.605723730121955710e-04 -8.424564988708135545e-05 6.122661351831322485e-04 1.155363272323767232e-03 -1.300471813764028802e-04 1.219051181835942429e-03 2.001352641205103415e-04 4.273939887006580527e-04 4.404270243020486173e-04 1.709182791535599714e-03 6.683883382909524727e-05 1.970065082896797727e-04 -5.455920439136602686e-04 1.165884400049693113e-04 2.301841227478796677e-06
-1.016502223678183991e-01 1.196400927412597480e-02 3.495482852921396461e-02 8.721050302376686780e-04 6.407896952421961341e-03 5.897845798192041626e-03 -7.255357978729765241e-03 -4.195151612123029176e-04 -7.844394408781617256e-04 2.827087527481190066e-03 8.521981522458680139e-04 -3.285797275677354232e-03 -2.370638853325412066e-03 1.666503443778694299e-03 6.254407214070463635e-03 -7.267510575826795184e-05 -1.372393038503945655e-03 1.840828398258339150e-03 -7.015429808487275284e-04 3.208495560170251341e-03 1.074456048933278545e-03 1.189872758616025488e-03 -5.358165004973542214e-04 -1.242157508403334866e-03 -1.765751273086191330e-03 1.564412351324193529e-03 2.750712810258424800e-03 1.307422726066920487e-03 1.279849885599333237e-03 1.436016627908978313e-04 -1.340975666488090738e-03 -8.267805351255348625e-04 4.535784958933023869e-04 -4.348795396458981122e-04 -1.343067357957142965e-03 1.108728547408241363e-03 -8.267979735796947196e-04 1.393031390602369763e-03 -1.092025785835621125e-03 -6.340049254041860843e-04 -8.721748372994207711e-05 -1.428661300614077157e-03 1.977025849408659117e-04 -1.679890094201005359e-03 4.978887776839599819e-05 3.486342278823957434e-04 -1.205342898276916047e-03 -3.128636090583726678e-04 3.383470559483469395e-04 9.107054708562795737e-04 -4.149505250618852766e-04 9.831877521449359104e-04 1.364844061218255114e-03 5.877700173368231038e-04 -3.970374076737262525e-04 -8.532155415834256169e-04 -2.036286595611028379e-03 -2.734684990690011502e-04 1.194281680034310926e-03 1.593252423717063198e-04 -1.308957257251959884e-03 3.821549423384883832e-04 -4.502333196929961126e-04 8.263803255621922621e-04 -3.319000190703926619e-04 -1.401166071027367061e-04 8.267650350933152198e-04 -3.728898708661048701e-04 2.419563585181604910e-05 -4.855303209138088407e-04 -4.734150975098224209e-05 -9.758537326424359185e-04 -1.436739430835671204e-03 -3.129054510863221446e-04 -8.702115059736420196e-05 -5.523208266395898116e-04 3.226741870339908417e-04 2.656861746724628040e-04 -3.461572314123199023e-04 -5.937712738152719875e-04 3.948411478496854801e-05 -8.474664200218067845e-04 -1.411287368691955114e-04 -5.375372985559666653e-04 -4.311413867875492253e-05 1.231795845099760184e-04 4.045794368343115792e-04 1.474424900155322355e-04 3.579573955364606284e-04 8.273536017276930817e-06 5.702590348225887581e-04 -5.159639568743667223e-05 -2.709979278307734552e-04 3.634753560657299186e-05 -1.754852066383683540e-04 -8.542780784625703258e-05 2.153777856158509054e-04 4.218977638976689867e-04 1.062013800681638529e-04 4.157456409410315024e-04
-1.692701421111789811e-02 -1.135291204347134344e-03 -1.205977020880045873e-02 1.905505521536234384e-02 -3.585963725820249127e-03 7.406895337264888905e-03 -1.207354352088380045e-03 1.922024982654607292e-02 -4.056649126967041760e-03 -6.000151252784067558e-03 -2.633306200470477646e-03 2.751669050294986915e-03 5.844364757836847208e-04 -4.443546637261730297e-04 3.317412975573679618e-03 2.645024362522342166e-03 8.550320738835949432e-05 2.906670279816305630e-03 -3.801562792064642690e-03 -2.299428230660095415e-04 1.841832644332695550e-03 -1.343107118827368369e-03 -1.941933260003077515e-03 6.514627869005904827e-04 4.324472110337268180e-04 -4.038866259491839805e-03 2.005200799892563595e-03 -3.728921895709042694e-04 -1.039122036799497873e-03 4.454033370866485020e-04 4.329160695919967569e-04 1.256952280424966433e-03 3.092132411083932018e-04 3.511199355151501961e-03 5.649754852707791850e-04 1.758701030752305317e-03 1.317875673325566346e-03 8.175904934188568630e-04 -3.692836753375618956e-04 -1.928896041065738523e-03 -9.126550926166269420e-05 -1.480504784279472420e-03 -1.941178446569619175e-03 -3.361670177906698684e-03 6.850179325934973315e-04 1.729657169634673608e-03 3.096188103138798543e-04 9.122068683515622460e-05 3.441722233534123820e-04 -1.698776446591880379e-04 -2.247432111430847351e-03 2.405448170116228585e-04 6.223304329030950304e-04 -2.460270491314460575e-05 1.333281893571321283e-03 3.326895072404426924e-03 5.519008687167145828e-04 -9.615546876560440758e-05 -6.653561975877456212e-04 1.091975891245467204e-03 1.634199938981755005e-03 -1.343674844705843681e-03 5.048933069302342317e-04 5.894140443013704250e-04 1.517282109748061556e-03 1.650678547825684163e-03 -1.075882172874644128e-05 2.196248794937910673e-03 -5.798156821030417239e-05 -1.037606827050542363e-03 -2.467768247802916599e-03 1.771765162006062660e-03 -2.295043172214717830e-03 -9.189483557120446157e-04 -2.929015245468573076e-03 -2.448732331214463530e-04 -2.953803191869765806e-04 -1.586092349519564623e-05 -2.041226966457556063e-03 -1.017686481879783106e-03 -6.756083816652991238e-05 2.134871257525411577e-03 -2.795897129228260350e-04 -3.091712189015472911e-03 -6.735990600151410361e-05 7.668317081419222074e-04 -1.440761035209074626e-03 -3.618394249372942472e-03 -3.152365862481765982e-03 1.278123452045857276e-03 1.719022937548493222e-03 4.222009682492551715e-03 -1.224960182469357964e-03 1.261222144823061306e-03 1.662282480796088658e-03 -1.850418082311467696e-03 -1.562137065361224146e-03 -7.687479872191821254e-04 -3.579905357057995129e-03 3.757314301770855471e-04
-7.048778308127773284e-02 4.733090143597316023e-03 -1.157529113528367936e-03 -3.583778063248975205e-03 2.692444310536498426e-03 1.007144262958641588e-03 -3.268152781854901431e-03 7.252739354438633192e-03 -4.329615978375363564e-03 3.296165821039560764e-03 -5.844283742424986536e-04 2.473238945420628502e-03 3.122798461742385193e-03 2.136349509907783592e-03 6.193493652344747233e-03 1.810530616707372534e-03 -2.906698356745983976e-03 3.414630916218696168e-04 -2.600120904103524720e-03 7.568960073780989575e-04 1.581044611936780094e-03 -2.939762456779938370e-03 -2.956026997604009436e-03 -3.129618415646926626e-04 2.552352620131796311e-04 -1.238746715114121119e-03 -1.510007041393858019e-03 3.095878435950483003e-03 -1.060364549831867048e-04 -8.579394108948733017e-04 -2.258783330122500198e-05 -1.489680186620206221e-03 -3.602362108133495768e-04 2.262747999945712452e-03 -4.092251089287761955e-04 -2.205622458694456514e-03 4.614056906971353414e-05 -2.161077744744161269e-03 2.484573443568003411e-03 -1.138143733105292498e-03 -2.661754546692164745e-03 1.691436700793217719e-04 -9.895706968491790011e-04 -1.470613515930622615e-03 -1.626889731475801495e-04 -2.299084387866154897e-04 -3.463553746462039932e-04 1.210358505533758004e-03 8.714650759339011808e-04 -1.401511671557390025e-03 -2.253278984555918615e-03 3.431792800843011179e-04 3.007935485176135154e-03 -1.659870796149034912e-04 -1.232033441578984749e-03 -4.223114471147372317e-05 -3.951114651746619384e-04 -2.779229916887205080e-04 -1.814152302837596445e-03 -1.006261250746896818e-03 2.073296140493519242e-03 2.346094443395249347e-04 2.459271213591535804e-03 -2.018108561905241464e-05 3.056781784810450845e-04 -1.761167446925517759e-03 1.432653674969253761e-03 -5.169803358685089628e-05 -9.757601807759806603e-04 -2.038147667253584986e-03 1.939762191137406073e-03 2.530280096164639822e-03 3.988881707325000981e-04 3.799394292495797106e-04 -9.179321963371925904e-04 3.828605190002323886e-04 5.234207734626871540e-04 -6.234480089747195658e-05 -1.476342410982689783e-03 -2.003943178230899874e-03 -2.778496597634377190e-04 4.270828394751695692e-04 -7.761456402648523158e-04 2.786881218846160463e-05 1.027721564022747447e-03 5.114428148316436462e-04 -1.523600340679674529e-03 -1.235141256205717812e-03 1.523494989106503536e-03 7.237722821618211653e-04 -1.057306958435507869e-03 -4.159379071349179354e-05 1.243844296360758226e-03 -7.211619923736579691e-04 3.005686818771986118e-04 -1.238639751631545920e-05 -5.962076270393566009e-04 4.425798885402224838e-04 2.389463731470196570e-03 -1.030399983306589133e-03
-7.868562678326526671e-02 2.223581350832016038e-02 1.421114792759695447e-02 -2.976579898145810792e-03 2.958157912801740331e-04 -3.379493228447264484e-03 3.002723417461851440e-04 7.407027599565360956e-03 -2.275930155625596838e-03 3.948673196444651111e-03 -2.316539266231382264e-03 1.961957912179984609e-03 3.133790925932293959e-03 5.087542072506256660e-03 6.292661006182499565e-03 4.968266324736522440e-04 -1.096112513688033948e-03 4.918042678637397436e-04 -1.446504313606147493e-03 1.335280636768631200e-03 9.143332878498846910e-05 -2.472705759518104614e-03 -2.186889819149674327e-03 1.741898172862492737e-03 2.743071852672133016e-04 4.927763157381708512e-04 -3.397909211563020313e-03 2.392508436542030176e-03 -1.049615415137125684e-03 3.031407140719281348e-04 -5.009057085322573362e-04 -3.413986479821859692e-03 -1.010203921918855809e-04 -8.706899630898183020e-04 2.132047158758405055e-03 -1.245593695314561704e-03 1.700709275656767496e-04 -2.232949844379749412e-03 1.223077794005402808e-03 -1.031040994608048910e-03 -3.027948889685114567e-03 4.645734942191813931e-04 9.650188797658130384e-04 1.590899991749853901e-03 2.894853743975341152e-03 3.735720194603576625e-04 1.404877830329242117e-03 8.061506069275762828e-04 7.674028984298690570e-04 -8.421896650491666938e-04 -8.748134669570538629e-04 -7.594298211532231595e-04 5.634063216909137271e-04 -1.225899614658776914e-03 -8.173510928427009901e-04 2.679070634420055636e-04 1.293661188139896443e-03 3.123428162191823156e-04 -1.192396539421150840e-03 -1.210870728462035660e-03 2.343467921606808241e-04 8.496529236873206440e-04 1.046324069252731756e-03 -4.473826233465146170e-04 -7.708723464818938772e-04 -9.361976460423427184e-04 7.036070765704225565e-05 -1.761312593288462533e-03 -8.390939834082397804e-04 7.634114779970586819e-04 1.668113417404878224e-04 -9.303567529667629635e-04 8.479133764959478599e-04 9.864930027904826506e-04 -4.651309767962499104e-04 -4.604686138629532095e-04 -5.335772328761772355e-05 1.106514130413122857e-03 8.928362341918059638e-04 9.610547257110068362e-04 -6.856539457025267494e-04 8.950911272414300787e-05 1.799165231538566237e-03 -7.460611635117016943e-04 1.206953133225400088e-03 -3.939882835129026852e-05 5.550303848105351927e-04 1.574172075924705038e-04 1.700425020671188269e-03 2.637056591181951735e-04 4.433686188174734471e-05 8.801864346537900978e-04 2.609338864760112260e-04 -4.942441716683053507e-04 -3.507140531251493705e-04 8.762217950031629633e-04 -4.042987861045511748e-04 -3.231118537185742449e-04 -5.392110932324947612e-05 -3.571213434660191739e-05
-9.182153207438024933e-02 5.361227750460921364e-03 2.850346283048695029e-02 -9.886015040201668116e-03 -4.713861465060851662e-04 -1.422143495260320446e-02 2.194907868260430849e-03 9.373521763762254939e-04 8.560228606529296860e-04 4.758857786258291131e-03 -6.235207211404219206e-03 -1.335542062318457578e-03 7.022837569161197863e-03 1.940511653331954307e-03 -1.837665072837932996e-03 -8.169359486880374945e-04 2.830189380730197685e-04 -1.511933068765062465e-03 5.869268517691480364e-04 2.429522509086595185e-04 2.547818512534371911e-04 4.746656235268372956e-04 -1.078213267591822356e-03 1.056511360422069355e-03 3.418800648002843058e-04 1.216309918747571564e-03 -8.932338935018453241e-04 4.752260656589269512e-04 -2.476767730867759486e-03 -1.214452468714490160e-03 -2.599266839436604326e-05 -3.313176254834251933e-03 -2.284086261083884619e-05 -1.194296703223918189e-03 9.762999263309097902e-04 2.560686376027020562e-04 6.673088513134279838e-04 1.365148203412842290e-04 -3.755958073025549905e-04 -6.998419787506431240e-04 -2.666119263352821210e-04 4.652166046140740973e-04 -7.480189245884927155e-04 1.518440854330856951e-03 -5.920026478713193109e-04 -2.156967327166587744e-03 9.984684007705859569e-04 5.798880593512775565e-04 -2.933329753239980408e-04 1.487332055160246624e-06 5.941514322255908327e-04 -1.201220002263276611e-03 -9.510439337200802526e-04 1.915622461414048967e-03 -6.457787503353120675e-04 -1.718204770433648442e-04 1.694331005871972055e-03 -4.701688153104849528e-04 -1.067604899698123367e-04 -3.453078063766951188e-04 -5.669834976149432451e-04 4.100973138127979594e-04 1.044352293903357942e-03 6.101733154992011873e-04 -1.427727600016778775e-04 1.680667121805157812e-03 1.096359953763677720e-03 -7.896607216274157803e-04 4.090460410124825675e-04 -1.419047167901040668e-04 1.566314407496923865e-03 4.196218189417497677e-04 -6.633052065453470076e-04 -8.590560481957337227e-04 1.528995406178591419e-04 -5.520495796967727346e-05 3.232853575616639582e-04 -4.276671514280789080e-04 7.401982749584277337e-04 -7.141860468768561115e-05 -1.495284100329340258e-03 9.498254693005525823e-04 -8.842109068914800368e-05 2.889224142125446852e-04 3.069801882482645159e-04 1.086423612775881242e-03 2.046116066534159859e-03 1.984580229916131059e-04 1.534874806287954462e-04 4.032557013759557277e-04 6.214397750975265240e-04 1.603167948594257358e-03 -6.061297798678516764e-04 4.752973708043582604e-04 -6.458070986632502911e-04 5.364686944933240833e-04 -6.001494966317800285e-05 -3.844484937834435120e-04 1.765357278704927631e-04 -1.429417669833146949e-03
-1.014339623926995143e-01 2.092159941347936439e-02 4.159132831021668253e-02 7.486889920975915366e-04 2.919936792952688032e-03 -2.434300314743382317e-03 -2.941156468382963383e-03 1.432119330457543417e-03 -1.032752164958485085e-03 4.287323834349935497e-03 -2.882568274156665101e-03 -1.920639236071284292e-03 3.700362900381324194e-03 5.118041791313100372e-03 3.740659844446374283e-03 -1.689699115509274039e-03 9.454450970606449473e-04 1.411973880998804469e-03 1.352022868478172928e-04 6.732558737820377092e-04 -9.088469934805788828e-04 4.104163826182469091e-04 -1.522651902288378644e-03 1.405732039836671970e-03 -4.657218613355240048e-04 2.008737551133679081e-03 -7.046615390210117253e-05 4.719766529669428131e-04 -6.920393062156497124e-04 -3.935404955681631148e-04 -7.257777051165194672e-04 -1.901283967556293905e-03 2.833331138253465881e-04 -7.774800887174027715e-04 1.170945693282360398e-03 -2.531694170626795051e-04 -7.899107431466732181e-04 -3.907417974477671676e-04 -3.937576171515904159e-04 -7.595777887120092184e-04 -1.592632129969036910e-03 4.929066813274066974e-04 7.946070807943258910e-04 7.377137421951679300e-04 2.254416859044983991e-03 9.649515279603227292e-04 3.416304402091113442e-04 9.440259137851366713e-04 3.650101746603456247e-04 -1.467181297226208020e-04 -3.762401865527416952e-04 -9.739196764771495358e-04 -4.441509150674372778e-04 -8.785493506201937680e-06 -4.343725331431081468e-04 -2.415459120993781341e-05 1.024729698388520240e-03 -1.434609327256395749e-04 6.886315443582251500e-04 -5.500784944549159906e-04 -1.944182173268811219e-03 9.956955344346176545e-04 -7.966304291595900752e-05 5.904171813177330535e-05 -3.623293827068965484e-04 6.288480939801379017e-04 2.282757597223372648e-04 -1.661279757314693042e-03 -4.858814831125957373e-04 3.923549073363426470e-04 -3.368578538661776102e-04 -1.876168488158001975e-03 -1.844103879921815464e-04 6.568434627147249879e-04 2.868156418537235429e-04 -5.197449701097800944e-04 -4.196968370694713021e-04 2.592830960370434614e-04 2.985477991986540598e-04 4.145303315109824874e-04 -3.586363008956488510e-04 -2.790055203109482736e-04 -1.095344623019254860e-05 -1.042975527157279574e-04 1.795439998627614323e-04 9.258303130311654324e-05 5.535761463227601830e-04 5.785548478643875352e-04 -5.355756349985527033e-04 7.290152102518213367e-04 6.392547932208732242e-04 3.842737642814266917e-04 -8.333931510106384367e-04 -6.726573701018458791e-04 -5.381357354000690981e-04 2.239392890238452334e-04 3.488446151380947139e-04 6.999581797653697812e-05 -3.780469980631195556e-04 -3.206148679645297209e-04
1.713860050152210069e-03 -6.759325058759080296e-02 2.469677647612682214e-02 -5.049888138404899293e-03 1.509757407861660010e-02 5.299374613836338455e-03 -4.800779789344479347e-03 -3.560322754700590096e-03 -2.980270575293479662e-03 -9.128589290067103471e-03 -5.307436159445159778e-03 3.587152029665622416e-04 -6.739045983373978532e-03 -3.973430783701684295e-03 -2.946667292822360146e-03 2.412521030674798846e-04 -2.093558951247403901e-03 -2.931671886254618147e-03 1.126555981382795129e-03 1.465526380884572561e-03 -1.201280720024522743e-03 1.262278524647214269e-03 -3.123568869908816600e-03 1.983640334765621963e-03 2.653142501956729047e-03 -1.952488862252369168e-03 8.692136219066040961e-04 -3.429742719079560166e-04 -4.484167303784205964e-03 4.411391427789235209e-03 -7.332307033547985284e-04 1.887552600716391150e-03 -6.499452380946615796e-04 -9.339861714330706865e-04 8.587574182537434115e-04 -1.716973321328486065e-03 2.340559900211315516e-03 -6.403352767268406754e-04 2.840842352787122972e-03 -9.399445951789809272e-04 6.957182668531425654e-04 2.169364170321987865e-03 -7.559540027333417440e-04 -4.328665298628020302e-04 2.717927138168074394e-03 3.699318716325922674e-04 -1.973964451392672733e-03 4.979262574451385473e-04 2.276501183372619391e-03 1.326297155718333129e-03 -1.074933790262677918e-03 -9.730379842177272302e-04 8.925071369114288746e-04 1.492233563762751904e-03 -8.979814969343898577e-04 -3.697272386750468818e-04 -1.112158360419665168e-04 -1.650626698476442031e-04 9.771038193435858162e-04 -1.729514933839441677e-03 -1.060210907060079189e-03 -3.839728590769529151e-04 -3.664593041264201968e-04 9.429544873981171712e-04 -5.879613765445380804e-04 4.856051544712087836e-04 4.549366125250764187e-04 -2.057600106251989173e-04 7.847842005198887383e-04 -6.344009103060932247e-04 1.071907480363117971e-03 -7.569613728023875986e-04 -4.119678639942351054e-04 -3.664018443435542523e-04 1.592578917942455430e-03 -1.577594990764044462e-03 -2.958368082111392946e-04 1.650544096063071605e-04 8.721031642093374746e-04 1.459554986408523932e-03 -2.442763616475664926e-03 6.466315067296437560e-04 -8.367474640583280704e-06 8.705257534001143533e-04 1.356162820619639519e-04 2.483635191274765220e-03 -7.544477329083895992e-05 2.030051696765183909e-03 -1.156262083153776097e-03 7.690379947595894555e-04 -2.232633775986293053e-04 3.691997153359718943e-04 -1.426220307984735116e-03 -2.474929676113335003e-05 1.174409212209360555e-04 -6.686979225390063397e-04 -8.630457151377001715e-05 4.656092531796365646e-04 -1.658910128107723416e-03 1.477248381328709077e-03
2.423930024311870754e-02 -5.078302464685800766e-02 3.528729745657102623e-02 -1.193148316089119067e-02 2.020675939744554644e-02 7.431209020836454342e-03 -2.448745679093418653e-03 -8.002848170687857417e-04 -3.088758134243600219e-03 -7.628200559474351307e-03 -3.410905368566236225e-03 3.900818675208920041e-04 -4.343939366290678131e-03 -1.569566761592425513e-03 -2.163821376029388850e-03 1.310352769890383304e-03 1.487353061521223731e-03 -6.834481251690999312e-04 2.923123839760378116e-03 4.632393721183774432e-03 1.911405143260043015e-04 4.443737788202989109e-04 -4.387265007798342269e-03 2.944585641204722128e-03 1.447686439314983158e-03 -1.084635407583068884e-03 2.360961295400530822e-03 -2.090124976907581800e-03 -1.499250413447571467e-03 2.293655792679572935e-03 -1.476659600618169090e-03 2.342713314224366752e-03 -1.003573307782917867e-03 -2.279783717702672997e-05 1.167588726329679347e-03 -1.179413794219675085e-03 -2.864899406556052890e-04 -1.977226451473808051e-04 1.636851153910081876e-03 -2.027617271702363954e-03 1.984219436604121520e-03 -1.404976305526019686e-03 3.923055893233917549e-04 2.577786119244859526e-03 3.860487625948505822e-03 -2.068255876450637507e-03 -7.808636367841355341e-04 -9.859465276703689024e-04 2.965207739310852207e-03 2.527865442632062421e-04 2.094884667603477690e-03 2.377987614484079748e-03 -2.225906480563078198e-03 -1.391090731904557351e-03 3.247459760918273552e-04 -2.115953493746031372e-04 7.556723361934305008e-04 -5.090511705339710070e-04 1.610105562931772290e-03 -8.028781513503677105e-04 -9.031084628776330468e-04 4.478398043075649464e-04 -3.784487023780075681e-04 1.608389303134191359e-03 -1.000037175081659952e-03 -1.992473360223607267e-03 -1.216382580053460786e-03 2.931780985628868602e-04 1.282984887734514839e-03 6.168965312817501715e-04 4.508760797398740031e-04 6.567909484484514820e-04 -1.211378535087435232e-03 -1.106919572169081907e-03 -1.780389782476842712e-03 2.585767217230128408e-04 -6.101732011186661959e-04 3.198434258132282475e-03 6.333737882782595162e-04 4.076209137001550638e-04 -5.893307144589414416e-04 -4.362576528447101028e-04 -1.567459663381379122e-03 2.946424955832681672e-03 2.618581002284375413e-03 6.753929446692911705e-04 -2.436827346525778475e-03 5.896404208105432030e-04 1.805572110188965887e-03 -6.777249080800693557e-04 1.039279463170593833e-03 5.910369956945040306e-04 -2.212583785597644292e-04 -2.148278685826007523e-03 -3.205742406816726822e-04 2.755851774694930301e-03 -1.203871368100155629e-03 1.062091967147434004e-03 -3.998742954745204345e-04 -2.679460425532901278e-04
-1.003522627523105309e-01 9.000793187277528543e-03 4.905890229297996119e-02 2.191912505815956681e-03 -1.210625352651798094e-04 2.111925682709019265e-03 -5.193612223882568962e-03 3.141661802022245077e-04 9.151632180153430624e-04 5.306366153380353201e-04 -4.094527762182450549e-03 -4.593825568526841222e-03 2.685530031205841939e-03 4.111678420722265741e-03 1.147905120463467822e-03 -2.882579053562042519e-03 3.913044500327427996e-03 3.669121904548348998e-03 1.783513562778341803e-04 1.283492552135047544e-03 -1.277062787334308676e-03 1.222885288267301250e-03 -2.469866060867041257e-03 1.269852278465371338e-03 -1.514430355412496945e-03 1.884945471231178711e-03 1.743184556538505438e-03 3.721121409541298963e-04 1.286262575344799403e-03 4.779585808925693641e-05 -5.883513188755498582e-04 -3.303009569855527112e-04 4.785382091970926234e-04 -3.402548648475964364e-04 1.092097052790987500e-03 1.135093069523242628e-03 -2.391484457938364023e-03 -2.431866505396335678e-05 -1.080584599590357284e-03 -1.685829695668815756e-03 2.774218599241036980e-05 -4.436495325166708490e-04 1.742451273096917589e-03 -5.076497108035341868e-04 2.175648589672527465e-03 2.340665912242215815e-03 -1.260252320980810407e-03 1.892871118203033045e-03 1.477875094124878595e-04 5.700338446132145005e-04 -7.582693628875379448e-04 -4.508431671004644670e-04 -8.401738264728989556e-04 -2.003627387183533240e-04 -8.637337793296585246e-04 -4.667911004557685241e-04 1.073196492268893402e-03 -9.166742300171003364e-04 2.057490941519060559e-03 4.580223156341602336e-04 -1.930231612314486141e-03 5.791075725180746528e-04 -1.131355236624292764e-03 -1.346192457149710192e-03 8.098333933544619957e-04 6.779971280296343732e-04 4.657020925584646745e-06 -1.226547542841102288e-03 -4.893772538879611516e-04 9.020249565851127388e-04 -1.953633845227130341e-04 -1.146464266804537915e-03 -5.416147101277108073e-04 6.602810582790617821e-04 1.587767194745073060e-03 -8.416454712283967131e-04 2.477981794082132610e-06 -1.635659803151008076e-04 -1.242932970943569121e-04 1.034281266864321615e-03 3.245864958510400497e-04 4.124975156591093300e-04 -1.748005714694763181e-03 2.205168722856008204e-04 -5.634656323924947885e-04 3.116209423687084324e-04 -1.925709801865288745e-04 4.118902595775194068e-04 -9.378543144310136793e-04 -6.717587028354415673e-05 -2.635588517236216437e-04 -1.437327004010527333e-04 -2.511723226386640764e-04 -7.954012593076850756e-04 -3.773769256187433415e-04 5.652928086107176717e-04 1.424428358427306976e-04 4.531787655609490970e-04 -2.645153542041566033e-05 3.698679892224707708e-04
-1.038121415921457458e-01 -1.218088539598291900e-02 -2.557818766915164257e-02 -1.168243991443052542e-02 -7.051239192930663577e-03 -6.106384788585174882e-03 -9.570922713502027362e-03 -5.649289267579721448e-03 -6.947280041321809811e-03 4.456287148473514481e-03 6.360442928445533730e-05 1.948398197811714331e-03 -1.926317487490416831e-03 -8.869344969105584118e-04 5.036518907523524863e-05 6.486857909087490569e-04 -7.265265870304276480e-04 2.143179007104385487e-03 3.560541901518401130e-03 1.825017820725215395e-03 2.016472392631653374e-03 -2.515156589393440141e-04 -8.118928932560841565e-04 -1.476185689994026192e-03 -6.649342554371310285e-04 1.698468295546429196e-03 -6.972580535563241682e-04 -5.310008433740076800e-04 2.428581113685577793e-04 1.251939541481025472e-03 2.088759213056304732e-03 1.276124710266403426e-03 -4.364334091659412686e-04 1.775020359920100000e-03 5.506267527661307028e-04 -3.434766940309772767e-04 1.298684581540172987e-04 9.659480215017555646e-04 5.097063270851658794e-04 6.421160682330080867e-04 1.846034810024048587e-05 2.959439655737139841e-04 -1.280605234618585392e-03 2.910274285354871697e-04 7.633407148300248640e-04 -4.328996795368261047e-04 -3.455701501750361570e-04 2.994062030679919459e-04 1.520295790487136535e-03 4.020818800034055285e-04 -5.454829106319467134e-04 -8.727513405699131518e-04 -5.245675481608422187e-04 -5.881127440694327050e-04 -8.467780713743319710e-04 2.141254488928080843e-04 9.661727136642355416e-05 -1.278917600677918287e-03 -9.338197358897490786e-05 1.182972159853354745e-03 -1.094830262944044744e-04 -1.456637605133608146e-03 -3.098073834982216198e-04 -1.027236805083371228e-03 6.472481907089336784e-04 6.497805227503237980e-04 7.276536231453888397e-05 -3.406863861802043349e-04 -1.449358262843774506e-03 3.044945615483685575e-04 8.338103741939924566e-04 2.499517670703346522e-04 -3.950890018429374623e-05 6.052988176779433571e-04 -7.915166357127152730e-05 3.184008984352219851e-04 1.466337607928259882e-03 4.600667382241040485e-05 5.356033755979687982e-04 -2.614439326893482638e-04 -1.144003576524529496e-03 4.671636450461304820e-04 -5.581533557333176205e-04 2.486229762200711357e-04 9.609316104047017383e-05 -1.282692621421392199e-03 4.276220171517711665e-04 7.798360633583977441e-05 1.500334812419391124e-04 -3.344471298220532047e-04 6.514958988870030079e-04 -2.654246245936037782e-04 8.136297370474018017e-04 1.088853148931250421e-04 5.825704898292107491e-04 8.805955743384727983e-04 1.385804203878304133e-04 9.837201080514701901e-05 -2.071591301015944281e-04 -4.960050858586976391e-04
-8.969916840656630419e-02 -3.379901077098330237e-02 -1.768990983998380492e-02 -3.205218724518536875e-03 -6.718379704187101877e-03 -1.015480919523627061e-02 -1.210147209238260184e-02 -3.744094729673374568e-03 -3.864763262973620536e-03 3.016846823004577360e-03 3.318951483018208354e-05 1.173274662847406929e-03 -2.167534465081067882e-03 -2.782729434401327254e-03 -2.234937956247109536e-04 1.932350690004573874e-03 -1.022830786814128354e-03 1.233175048355733029e-03 -9.374867766361287416e-04 7.150793205715257886e-04 3.180608165066033783e-04 -2.099630968108616609e-03 2.180760018922985911e-04 -2.685658890273188125e-03 -7.253818457927755379e-04 2.641035922083327355e-04 -5.812203088351881311e-04 -2.238973369616145421e-03 2.360338550944684533e-04 8.169364182761757257e-04 1.441806409568732782e-03 1.132912639515377528e-03 1.698508221784502759e-04 6.560253196658394478e-04 -2.495954618325105191e-04 -1.174365347112511256e-04 -1.827708660272537482e-04 -7.670466929367073233e-04 -6.936416129365019501e-04 3.936829176474716438e-04 6.234033917941154013e-04 9.901334981484923199e-04 -2.256911942750810911e-03 5.655005042473254572e-04 1.329541973510958968e-03 -7.738231136604027931e-04 4.618633615667253100e-04 7.045918157336875922e-04 1.748536642594013127e-03 3.637489792587468736e-05 -8.380454150741463220e-04 -1.403098404725106486e-03 9.383492648322322048e-04 7.700045910356191235e-04 -1.584134752469431012e-03 -1.035986967973731359e-03 -8.119618568620420819e-04 -1.221096328869290598e-03 -2.874297072351845417e-05 9.867366282047323675e-04 -1.321812973960486380e-03 -1.051246926155907429e-03 -1.663530960972588700e-03 -1.294073547591281315e-03 6.322590222485660865e-04 1.105758758211781208e-03 2.233717025789774314e-04 5.621045703847886736e-04 -3.200226761556885613e-04 8.462068203488856731e-04 -5.325986700587384331e-04 -3.438182675713157070e-07 7.662865079519506038e-04 3.878487224934291694e-04 -1.322910392286492844e-03 5.251613903549831553e-04 3.604896281055442169e-04 2.535573904673827771e-04 7.392174322586120630e-04 -3.350897059571929346e-05 -2.517174442512508468e-04 4.801466770194595711e-04 -2.378098402287538010e-04 1.701390376199029121e-04 -4.279846976749341692e-04 -1.940576840651635823e-03 -1.089286877318894337e-04 7.526601050056971106e-04 -4.130262445869939273e-04 -1.110486404105704133e-03 1.355029762542215134e-03 -2.017533534549085887e-04 3.224810098711197140e-04 -4.599969338212019565e-04 1.225151468803869917e-03 -1.299944958467047842e-03 6.647433197429362039e-04 -6.745099896474677104e-04 1.122823515695174694e-04 4.531689127203737764e-04
1.552632863381272765e-01 -3.721181303107094773e-02 1.198099261774162802e-02 7.335654231406778768e-03 -5.553494889454505456e-04 1.043874854910332300e-02 4.209176220053354248e-03 6.071701782870159853e-04 -1.013730989923966597e-02 3.320002212395945732e-03 -2.133663215302166773e-03 2.721390655687157527e-03 8.866288056827477133e-04 -4.870356889188007243e-04 9.836257938007973809e-05 4.532620667370472695e-04 1.129090127117423297e-04 -2.842112929222206387e-04 8.039716613825743626e-04 -1.199189491410724857e-03 9.483880727381756044e-04 2.017448257618500995e-03 6.106790351207606144e-04 5.425846143506484051e-04 -2.988123115573607731e-04 3.084409381179772295e-04 -7.656776643487659762e-04 4.324360128071299408e-04 -3.249707808407028935e-03 -6.269873379284586186e-04 2.707625697561831177e-04 8.620209956102289342e-04 1.334574786261962702e-03 -6.271645060438500946e-04 7.810852209966177547e-04 2.245223629625372260e-04 3.645051773242487031e-04 5.133397902168201736e-04 -2.351831827132833553e-03 1.522580706397227762e-03 6.251460857438609396e-04 2.201264141303338473e-03 -5.288383799077033941e-04 -1.788060873087575714e-03 -1.148191949616657673e-03 1.989609925429400034e-03 2.072001865606285832e-03 1.608117068792692516e-03 1.792630384727732663e-03 1.399676458298826712e-03 7.892896282242310843e-04 4.230783801419625762e-04 -1.309569824333880572e-04 -5.826201878680292408e-04 -4.587990864245489533e-03 -2.198038917480871907e-03 3.898182521582918602e-04 9.912403008069329679e-04 -6.107521915582501883e-05 -7.868413804475168439e-04 -5.794279239043508185e-05 -3.397044484299553582e-04 6.541153407606997488e-04 -1.765866794570840543e-04 -6.097209108347849925e-04 8.224800708404378987e-04 1.390451060001447997e-04 3.595308049023673001e-04 -8.882995837985300808e-04 1.024404222845412289e-03 7.768359220523635231e-04 -8.605124169886677879e-04 1.146415877897053793e-04 -1.064356096455821438e-03 1.622363717681923802e-03 -9.394846566755844395e-04 -9.571020179185424489e-04 2.457577042810891077e-04 -3.616848051628581274e-04 -4.033308955263337279e-04 2.179431828735424806e-03 2.483812274498962795e-03 1.594580134332181836e-03 7.999700297646752077e-04 -1.217154580308208627e-03 3.836610110869930162e-04 2.922108482205771666e-05 -7.226294649636476851e-04 -5.526191632657947257e-04 1.188580993605398351e-04 -3.415165899278265740e-04 -1.287274862447023663e-03 3.627858883849236393e-05 1.302899112770255314e-04 1.170465729811655210e-03 -1.298157992249709784e-03 1.077299571215801236e-04 -3.873563310615549021e-04 -5.527590930348456671e-04 5.431138088103790390e-04
1.844942628917282113e-01 4.305004450810011145e-03 1.231282557385287441e-02 -3.796713315232899417e-03 -9.481925228400434405e-03 2.378161870374153122e-03 -3.025587072260039687e-03 5.443207045020145851e-03 -1.099144923059081416e-02 3.062182172406505186e-04 7.678332223662634156e-04 -2.641730244806492919e-05 2.372296344252524791e-03 1.514759210769693707e-04 6.580923556593617574e-05 -8.151546005806547699e-04 -1.012556220186973648e-03 -1.439822565591348602e-03 -6.449907911431077478e-04 -9.578325800955259095e-04 -9.266292969081385859e-04 -5.526707393779232589e-04 -4.503783925104853534e-04 -9.012070233960705690e-04 -1.206774143665305214e-03 -4.479092533286234022e-04 -1.428554252842379260e-03 -6.424286318824378762e-04 -8.809996739896206646e-04 7.874004130034533257e-04 -8.066053506148673866e-04 -5.148584951935889159e-04 -7.490167588801995924e-04 -2.014197074416395478e-04 2.242531377469322103e-04 7.063294262353000995e-04 -5.438284781031439870e-04 -2.121993491656008301e-04 2.730026748660016774e-04 9.147658497650786166e-04 -6.613037213131080054e-04 4.782884992064971411e-07 -3.227762621875233614e-04 -1.101911599033997280e-04 3.389433854165313422e-04 2.111580946616157910e-03 9.394702010387132127e-04 -1.414400279721491531e-03 9.081499660434435043e-04 7.430121135544080985e-04 -4.709105207152341718e-04 1.498963159147156899e-03 -6.298868640590787014e-04 1.605727261225156852e-05 -1.936461551481112294e-03 1.165948891142491327e-05 -8.749365107749019609e-04 3.020282759490225052e-04 6.906431213095389193e-04 -2.898688656051927586e-04 1.046661198578391740e-03 2.877411343892527051e-04 1.342673165164742950e-03 7.761982701908903836e-05 -1.320011541710427441e-03 -1.042195541310808100e-04 8.294623855362636073e-04 1.273497823310947800e-03 -1.175021893642705676e-03 5.701571655961809289e-04 8.635835807485029054e-04 -6.502551450924553308e-05 5.999509863644180135e-04 -1.031505970594118367e-03 -9.811646621019717732e-05 -8.054289675781038617e-04 -3.244923240741114687e-04 -2.928737776872648659e-05 -4.285370656725285117e-05 -7.193419166339306203e-04 1.496540638879881487e-03 2.109518714264294742e-03 3.656774786801639905e-04 1.220938086516826281e-04 -5.503736303354113055e-04 3.745918288631790117e-04 8.681836250746470095e-04 3.685677352348264548e-04 -1.197141583255194016e-03 4.609364474779548701e-04 -5.319448769692731484e-04 -8.131232818002478643e-04 -4.584017436787818497e-04 5.095313836390255471e-05 5.302734504991441162e-04 -2.892530123790780722e-04 1.281523331856399689e-03 7.325383283760354008e-05 6.477635992849881553e-04 -4.692790819687944000e-04
1.667074723248881951e-01 -1.096187435820867619e-02 2.067950273267038161e-02 -1.466766703931296836e-02 3.757675520579588369e-03 1.369178813178351019e-03 3.255224922839731853e-03 -1.204317134143392245e-03 -1.015107281848495226e-02 8.363808308223330757e-06 1.053756882263423003e-03 2.737386167334432841e-03 1.915827211753768321e-03 -3.298959033179059614e-04 2.632964991967817791e-04 3.820678298504697943e-04 3.245830787482054287e-03 2.194002388179475127e-03 -2.298330710001605373e-04 3.540526146559163788e-04 6.099929255347524186e-04 -6.307571007879662081e-04 1.554073329996003179e-03 1.193839139337481581e-04 -2.023385313612521580e-04 -9.406372120723537371e-04 -4.214671547742506754e-04 -2.077224733369123152e-03 -7.625370261366417950e-05 -7.030390145145938748e-04 -6.836092075622618187e-04 -6.552573028740654997e-05 -8.996689550103364975e-04 -8.536378436255787636e-04 8.756848645139744597e-05 -4.516314114877221239e-04 -2.898575845218869743e-04 1.014472119095849055e-03 -2.046509339575192197e-04 -1.747907064974888467e-04 -7.792828181773284700e-04 1.160705505832987849e-03 -8.354306761732220848e-04 1.243280492900772100e-03 3.937819125929718431e-04 2.073434821621277391e-03 1.206240158028044993e-03 -1.624040778950063945e-03 7.270992719407105495e-04 2.257401565248623703e-04 -1.032792364624857476e-03 7.430075633568165557e-04 -1.532682937927759819e-03 -1.252663823902080672e-03 -1.347115973981184624e-03 -7.659202939627229910e-04 -1.224557953229479107e-03 -1.531907704069555269e-06 1.680191622250818296e-04 7.026262307476491015e-04 -4.268543815851163180e-04 -4.620216532137962859e-05 1.939508668278090795e-03 1.701042656931713070e-03 -1.073335643113990144e-03 1.449275089863699955e-04 5.958413273602738199e-04 1.022137373406499815e-04 -4.768606795539996179e-04 1.234317756448796417e-04 1.261548888154381343e-03 -6.493787138035877864e-04 9.773109526645200849e-04 -2.083436186446816028e-03 8.670052606077797248e-04 4.459852184088668046e-05 2.231319021382935678e-04 -6.742817015856943704e-04 -5.639675777522118656e-05 -9.580937440675981473e-04 1.482425161388863100e-03 1.848227747791754546e-03 1.969465830445527553e-03 -4.407443955715280011e-05 -1.571048009504423743e-03 6.283889413302085666e-04 2.465911754255369417e-04 -6.572479394248190946e-04 -8.452668351222298411e-04 4.984570983985291267e-04 -1.011174047159546984e-03 -7.587119061303837465e-04 -8.113211051552634504e-04 3.691025784429552686e-04 1.191703120868517761e-04 -8.943253578893806338e-04 8.770616370646727679e-04 2.091764989649409296e-05 5.597111314902908320e-04 -2.038218810642101615e-05
-1.091933245308349676e-01 1.772331672246064277e-02 4.255751126842154813e-02 7.852445228760062540e-03 -7.772142227439665305e-03 -1.570080458318786308e-03 4.996801784152368623e-04 -3.363974783053870921e-03 1.406053384234151431e-03 9.873304291742968173e-04 -4.009760491491652298e-03 -3.089654866738358006e-03 5.754669549017450009e-03 1.300647886164657758e-03 -3.095393796410481502e-03 -2.474113307918013142e-03 4.516921083941946406e-03 2.286954845587582490e-03 -3.747800413120319879e-04 -2.180879139557602171e-03 -8.160440024013782857e-04 9.339062005571920283e-04 -1.176076110402051724e-03 2.329878990113547210e-03 -1.370586011666194729e-03 1.956031856544435642e-03 1.025287198734726969e-03 9.544745785834816585e-04 -2.374711105177303334e-03 -1.815856284810726351e-04 -8.231652799367789953e-04 -7.422985740985586637e-05 4.190332016896309501e-04 -1.187333207251616961e-03 5.633538647413653721e-04 -2.173954703352827934e-04 -3.522247613250992031e-04 -1.963246160229174906e-04 8.160938671749430129e-04 3.658403036571724666e-04 8.609344169513147771e-04 -2.118769363182821329e-04 6.570685107547128475e-04 3.995434058718110200e-04 -1.057836511765484740e-03 -4.411053008529995894e-04 -8.338372021195671014e-04 -8.192893589722038050e-04 1.209899273503618799e-03 1.587796910734064865e-04 1.856080307609261370e-05 -1.480468724689797512e-03 -6.182898288521723100e-05 5.695963516399376670e-04 -2.174539594330285146e-04 -4.233638043681478861e-04 3.454256294442172416e-04 -5.481241469587433369e-04 4.974335769995034398e-04 -3.259056760607118930e-04 -6.363430555174784614e-04 -2.906198573503353084e-05 -5.344811203748328849e-04 -7.308007686310674135e-04 6.759413741488390793e-04 5.177014074116757618e-04 8.368970611805564641e-04 -4.522889921113055611e-04 -1.098615068127018618e-03 1.095096982808735700e-03 -3.814507296672403408e-04 1.159568615685667523e-03 1.423075404964145108e-03 -1.016358058554047870e-03 -3.589646764131216547e-05 6.341816388446257918e-04 3.409938537090112997e-04 -2.130147281748234322e-03 5.446721666838086340e-04 6.232363431138814307e-05 -1.470222677211556993e-03 1.202080966726561985e-03 -4.983836917874420302e-04 4.575969563079413787e-05 -3.050705956306073410e-04 8.782440622622624329e-04 -3.622121915726587722e-04 -1.018253521970319909e-04 -5.128042235292122348e-04 2.492804356479863797e-04 9.988940237182790307e-04 6.177506121997519651e-04 5.566058325220540632e-04 -4.278950650685237251e-04 3.220236833605746190e-04 3.563731548306317391e-05 1.469791864126683046e-04 -5.659159475886379326e-04 3.724926214218425699e-04 7.438283207809786917e-04
-9.552171320557317769e-02 3.725940156401071068e-02 2.704976786305792955e-02 1.398566071493079904e-02 -3.018887731712670535e-03 -2.458417223379225774e-03 5.758083510823740724e-03 -1.987166264686286623e-03 -1.864587733403548411e-03 8.896983294918887073e-04 3.206365576550138877e-03 -8.078190388369747114e-06 2.521553818717970318e-03 1.198186052538853649e-03 -3.145955981695870620e-03 4.532970780513302309e-04 2.937007904232558021e-04 -2.258642855325211207e-03 -1.530023318465322619e-03 3.459800351112349553e-04 1.841157210215155562e-03 2.983106279098308392e-03 1.058646753664488132e-03 2.127558492556092581e-03 1.901808558642654762e-03 2.597257514634575791e-04 7.554671239953113151e-04 -2.626217494963433438e-04 -3.561869003233760541e-03 2.192030067367516273e-03 -1.014819886669015908e-03 -1.054351813854557778e-03 6.410374131935048072e-06 -1.390405056431998337e-03 -3.159672434076971070e-04 -1.454699837765293172e-03 1.801487600063190651e-04 4.967662131406389752e-04 3.702533119363995832e-04 2.262453219442723314e-03 -6.420432314435293997e-04 5.862160290081894860e-04 -6.263269399140061842e-04 9.917833878874632390e-04 1.164884264113819718e-03 -1.006171257740761391e-03 1.049243786929378915e-03 -8.201875027824327659e-04 3.481324607896466397e-04 -1.435620275013439620e-03 8.784848713779288111e-04 -6.351530378531621826e-04 5.723530089280996335e-04 -3.715736835848710423e-04 6.632206715804536386e-04 1.174090876913968119e-03 -3.920206890145021413e-05 -4.435406263083329671e-04 4.503137759981980280e-05 6.809321961501057932e-04 3.287859157371010609e-04 -1.329862514860110018e-04 -7.154629305720576048e-04 -4.620290312021383978e-04 -8.447548330117422366e-04 5.145535889931988904e-04 -2.462976425971814430e-04 3.385640228933463097e-04 1.964754897084830120e-04 2.851254139186281105e-04 1.688669651257926991e-04 5.445718196942915290e-05 1.458277160714527146e-04 -8.798243013398035581e-04 2.875513694493378068e-04 2.373681841558724986e-04 -4.357696887074581638e-04 1.784411571372762758e-04 1.971104563728098922e-04 -5.742364070628182358e-04 -2.841227926130458228e-04 -3.344152640953045063e-04 1.350529716271051895e-05 5.318741122535182182e-04 -6.698052397582936104e-04 -8.576043984361699998e-04 -5.041089877155059207e-04 -1.676549161321611991e-04 -1.027475303283047057e-04 -1.643839703669682981e-04 7.640981696473880987e-04 4.069568234423154036e-04 3.882651967119304872e-04 2.778274484254407905e-04 4.872535882311311681e-04 1.479284174368508328e-03 2.827874205943902160e-05 2.472328908814019953e-05 6.747185963243811915e-04 8.337114794745032332e-05
-9.768842705497880752e-02 3.819957886707745637e-02 3.307763362928937967e-02 1.369811198951245181e-02 -1.814997450993694698e-03 1.943267887172963606e-03 6.390524529991291162e-03 -3.914335533093893371e-03 -2.135628423894802598e-03 -2.493450365921060733e-04 4.041727176457568342e-03 -8.933788090101645344e-04 -1.038576537267999226e-03 5.440423739586169004e-04 -5.127410619217318910e-04 1.582446629042911883e-03 -2.009365497226605311e-03 -1.156680663191693827e-03 -5.084905594959774396e-04 9.785718175380851008e-04 -4.201645798566450651e-04 4.378072654518950536e-03 1.152765923345928185e-03 8.893867000364122323e-04 1.710835537668125477e-03 5.947904075427299124e-04 3.225025675227266315e-03 -1.395625763639768337e-03 -1.358087331103256367e-03 2.003146336064234086e-03 -6.761446741895062477e-05 -1.694420726232089090e-03 -1.526611242022506512e-04 -3.373957009237899744e-04 -1.639654625428434837e-04 -1.749136337956947894e-03 -2.177568003049663338e-03 -1.635451906200371096e-04 -1.724514873416390119e-03 2.057979126576331159e-03 -2.686752426478450362e-03 4.327418080296441131e-04 -3.055355593668033728e-04 2.986795707464812090e-04 3.148135895397743619e-03 8.933658806816203719e-05 3.296291308994057467e-04 4.308498871030233849e-04 -1.107327932392417795e-03 -5.958500425066457547e-04 -2.741290396868177603e-04 4.063693482372671595e-04 -1.999263765354202308e-04 -4.242121041301812946e-04 -2.607127172529515326e-06 -2.026881433590750669e-04 -5.612193572392396631e-04 -1.515272637636078069e-03 -7.046951508418260917e-04 6.117657552935929768e-04 9.848149095632613859e-04 -1.288011811237362372e-03 -6.892529460241132201e-04 -5.463438273871787593e-04 2.402308456935353513e-04 8.427339137673981156e-05 -1.419856148580365832e-03 4.024087037243036973e-04 -7.133118115301276046e-04 3.674604302853553693e-04 -2.965791290476997664e-04 7.806895225607758931e-04 -1.369954936590249796e-04 8.853378187260966137e-04 5.087421450216549111e-04 1.610019421152539189e-04 5.505088903775177088e-04 -4.587909285304946159e-04 1.402099263788703142e-04 2.557402669583467192e-04 1.555187773093163843e-04 6.597450428662221750e-04 -3.977511510246547035e-04 -3.565620419106483246e-05 -7.373330096462449128e-04 3.857722162528768174e-04 -4.373203996572836609e-04 1.443719059762182445e-04 2.945631070772070374e-04 3.117288015557285238e-04 -6.132875959458189636e-04 -3.289780328628877652e-04 -9.475834062400728826e-05 -6.826481507271523310e-04 -1.123374061091454902e-04 8.222938795673678220e-06 -1.582920580437834383e-04 6.018267958365618875e-05 3.170486340450874335e-04 -2.348133167235202164e-04
5.037960430879069584e-02 2.042520921136616735e-02 1.475205608110441609e-02 -1.554834375764017722e-02 3.150430757498431933e-02 -1.017880347282380284e-02 4.385213403692258226e-03 3.128815994477993512e-03 3.734722708284399662e-03 2.713840118896517113e-03 8.096107133591098209e-03 3.956179943347736504e-03 -1.185907018682893707e-03 6.173148596481593114e-03 -1.061036267453870476e-03 -3.385487317376407665e-03 -3.439368514773297712e-03 9.539352065974219435e-04 2.018159236963959578e-03 2.805240053779317014e-03 -5.521665704527552870e-03 8.058161381382311032e-04 3.070480777328227391e-03 -1.328380768252855311e-03 2.948546204531446273e-03 -1.555315091394579661e-03 6.996976934700013081e-06 -2.919458516423388203e-03 1.421697021679844096e-03 -1.208010627860639377e-03 1.885790034192252147e-03 3.674064476227802307e-03 1.127482202326421639e-03 4.081097632469007724e-04 1.358639610473806733e-03 -4.020754172966869533e-04 3.838256465843647633e-05 -1.083467603741514748e-03 2.214168381555010976e-03 -1.546311457883219921e-03 1.312040397521028459e-03 2.139841727513789194e-04 4.074529185879023456e-04 -1.152669932557097996e-03 -4.712854936762124296e-03 -9.395493134525249217e-04 8.170799853974547835e-04 -3.191103916513045400e-04 1.492496543916189489e-03 -1.627747892767512125e-04 -4.739434418154110781e-04 -3.991844557703732975e-05 -2.725000425082831773e-03 -1.149220508197217440e-04 -2.407515992636592977e-04 6.352026060250367612e-04 -8.993232072226255017e-04 3.856938384176115909e-04 2.643362224402113291e-05 -1.758518032088020972e-03 2.614152712188295979e-03 -3.507055615340456457e-04 -3.053623442060963999e-04 8.120218680034457142e-04 2.228279615610214391e-03 1.331448843093469220e-03 -1.782844424372289922e-03 8.287243045970437436e-04 -4.822090673859008320e-04 7.869005483882968947e-04 -1.814273234830748090e-03 2.317903754849561827e-03 6.123694092316924560e-04 -1.598851868225188992e-04 5.749327392878720265e-04 -5.685127085165251476e-04 9.799133230632296049e-04 -1.151373045454965336e-04 2.023195645786549438e-03 2.314260749146490180e-04 -4.748453960673076381e-04 -3.214138314858182885e-04 -6.839613658837463347e-04 1.033970447387335019e-03 -1.540907702970566520e-03 1.516935548319047790e-03 -1.003950245535894983e-03 -4.816695781464261860e-04 -1.226268893723034519e-04 2.724529646321675598e-05 9.266890834457355277e-04 -2.984150682579632006e-04 -2.678375054550616936e-04 -1.233303874331569540e-04 6.946443105206741818e-04 4.021783110499501713e-04 -3.657892677607896053e-04 1.322137969280229785e-03 3.184780710821642660e-04 1.602362161150478023e-04
-9.519240947150203747e-02 4.820474878242541478e-02 4.773933425029339844e-02 2.029141993700962071e-02 -5.938514160486375697e-03 5.986752906443832886e-03 4.843667720170231894e-03 -4.552480947042910481e-03 -1.251952588332320331e-03 -6.300256354754993566e-04 -1.855959379814533464e-05 2.060546461944646936e-03 -6.808186174143109580e-03 -1.007938348611276454e-03 3.165558770201137850e-03 -3.644071185429548264e-04 8.885989190161627501e-04 1.487034993861264046e-03 2.362089726549337562e-03 -2.633107234323078284e-03 -4.647890970665598254e-03 -2.443436373795801388e-03 9.894667527159113456e-04 1.405780495828296960e-03 -6.885010566118933417e-04 -8.977163991557268177e-04 -3.085859354991406754e-03 -6.708833715521418575e-04 1.490412359876994077e-03 9.737212462378549592e-04 7.329907638997306763e-04 1.339861164777813489e-03 -1.391346505975094841e-03 -2.641239161470662557e-04 1.780443213080872000e-03 1.064766890104941553e-03 4.711076410946738358e-04 -1.139283910105403209e-06 -2.143911276210943954e-03 5.750398206852286049e-04 1.484548489362301363e-03 -3.655362817386350444e-04 -2.958224166751213281e-04 3.004628733191407291e-04 2.709082236115517356e-04 3.444349482264043132e-05 1.021506816737542981e-03 -7.380609041162274596e-05 -2.303275240307778695e-04 -6.870781270286704435e-05 7.941269794422661484e-04 -3.653375864081052904e-05 1.888405350286053645e-04 6.426463263264082506e-04 3.845042356920226243e-04 9.850509776944348615e-04 1.325409925485671655e-03 4.154223149844623762e-04 2.958970269595426471e-05 1.108808567104197559e-03 -4.099210330835743941e-04 -6.312699520217646479e-04 -8.963910558672226762e-05 2.033352902327948460e-04 -1.100552530359659269e-03 1.668143242345429284e-03 1.277824782425586881e-03 -9.298069686743259542e-05 8.223542917057241044e-04 6.713203459131445805e-04 7.071965061799052790e-04 -5.572678294889883092e-05 -9.839696851785264490e-04 -2.267018774549807414e-04 5.040833794621371730e-04 -9.209663050488663258e-04 1.078490763614938517e-03 -6.040390802459642871e-04 -3.541735627114767516e-04 -1.031934855521291156e-03 1.011191758899997357e-03 -1.163605785309046372e-03 -9.982685475706069844e-04 7.410338084228926389e-04 -1.375298010457071736e-04 2.873520454782451891e-04 3.384254360708826908e-04 -6.776445090181559730e-05 -7.754100611554788245e-05 -6.107511768682120055e-04 -4.205498736724106639e-04 6.593313946798093220e-04 -6.450415091495023505e-04 2.227100836931038665e-04 4.156197691867448353e-04 4.543031688754637200e-05 -7.411113512375317076e-04 5.148035663214081551e-04 -1.073974302909349649e-04 6.037400847711470956e-04
-1.137623642310644084e-01 2.087747778796218354e-02 2.696653020888667776e-02 6.039083051551308789e-04 -9.083392153663814991e-04 3.514444050186373535e-03 -6.587554801261926406e-03 -1.803605554054802697e-03 -2.207221878613260801e-03 5.785986374131390705e-03 -1.044730386089724435e-03 -1.110811239610864530e-03 -2.334193160682313840e-03 2.251114394845657278e-03 8.275352745196582968e-03 3.144527732193750334e-04 -7.735548843016020783e-04 1.904237994552381887e-03 1.362638420315769711e-04 2.240699396888674345e-03 3.636571874860518349e-04 -1.675337639938393125e-04 1.620180829696052458e-04 6.824759860467273292e-04 -1.171539801739664762e-03 1.622862321482649835e-03 2.416760209663216911e-04 2.989385553890671395e-03 -1.073451244472294194e-03 2.359966413232469581e-04 -1.776319403628177267e-03 -1.370637624370307480e-03 -5.163096930239034071e-04 -9.746185319335856244e-04 -1.203337843794070492e-03 4.329032501005898679e-04 1.699500295541373765e-03 2.048062218580992948e-03 -1.383858606282657396e-04 1.446499066030124906e-03 -1.937960419849692520e-04 -9.498155736698752879e-04 8.524366750455690664e-04 -9.686320340625610183e-04 -8.523232050852522657e-04 -8.790398316990816457e-04 -6.594427584678136129e-04 -1.553039348031575763e-03 1.189285062179228991e-03 -3.336095622687339701e-04 8.477468406570891585e-05 6.216716530409458277e-04 4.797307476679224633e-04 -5.568991701004861279e-04 1.365164964043622149e-04 -1.249051299727958753e-03 -2.418797476261190516e-03 -2.008600015700763152e-04 6.643777090887408076e-04 -7.833054904492904558e-05 1.361298296293014527e-04 -5.443431450192591633e-04 -1.276859371977750665e-03 3.628886428550841736e-04 2.413195824168223554e-04 -4.478411471926876009e-04 -6.670492096254590974e-04 2.803152246077214214e-04 2.070957309410777875e-04 -3.606746806606297572e-04 4.884582426000864952e-04 4.089359483383213649e-04 -6.140915117300369116e-04 -8.851603308473019903e-04 7.775614846890763817e-04 4.755439355687605756e-04 1.147335649673795425e-03 4.742341697702307781e-04 6.709340684364731603e-04 9.467225444103823009e-05 4.323362807871346616e-05 8.299150380441721675e-04 -1.247240565037651804e-03 -1.003833403072884514e-03 2.443914294629848127e-04 -1.292013637157105564e-03 -1.839589880397321867e-04 7.216455854022410391e-04 -5.196977375795385238e-04 9.086307195033492675e-04 5.261017738994821602e-05 5.101105072793160264e-04 6.483669536790483221e-04 4.408578964481999981e-05 -8.922534050199123264e-04 -3.351325507457231451e-04 2.867268371824579663e-04 -3.292069559988376070e-06 4.145803233299625266e-04 -2.607442749747323650e-04
-1.036027385907116044e-01 4.346447336570961190e-02 5.147610055250791822e-02 2.331070376967378857e-02 -8.587897944572759137e-03 3.588136601858340526e-03 4.033723642758848225e-03 -5.693507363848934917e-03 -1.849051917518100335e-03 -4.400958539211996946e-04 -8.589355259504697694e-05 1.229160621220484967e-03 -4.212242065891973024e-03 -1.261840180660244760e-03 5.909760232110070110e-04 -4.863790288484302090e-04 1.737966394741657624e-03 1.031812912628379993e-03 2.146886439376266466e-03 -3.129550407286890452e-03 -3.676685245188774081e-03 -2.491575287447913775e-03 2.453641271411695314e-04 8.129864594975394357e-04 -4.267974891635018865e-04 3.575189964256954414e-05 -1.567053506109436153e-03 -1.220108708298464064e-03 1.658354066999838091e-03 -4.054715972888625966e-04 1.225099391331540633e-03 2.292902928289280388e-03 -8.413569624330385650e-04 8.514970548778730752e-04 1.236879578272946862e-03 -3.349767749038710907e-05 -2.722217663734123301e-04 -6.796076923207786547e-04 -2.681865926973931824e-04 2.807045118019517319e-04 -9.738726939577495572e-05 -4.245121241644869914e-05 -6.897785159697856095e-04 -4.462312041614184609e-04 5.245639309377048793e-04 6.079990257520867872e-04 -1.960141281965080396e-04 -6.241032297820320362e-05 2.262319235265057538e-04 -5.032541059766020225e-04 -2.045870712053761203e-04 4.502892488906544356e-04 4.910527237228971094e-04 -1.511365769249519147e-04 3.176995313051011603e-04 4.453328854625325582e-04 -7.046104329663945530e-04 4.282720997781658680e-04 1.660888020908888782e-04 5.638390327394650087e-04 1.765014388916957692e-04 2.070166223361786281e-04 2.959557648657264541e-04 2.631796073087948286e-04 -4.905409568404706013e-04 2.697891369669614152e-05 -3.771455656687873730e-04 -1.111968670069169682e-04 3.705438074884086371e-04 -3.620130982953109690e-04 -3.557766138952945471e-04 -1.224351334879933721e-03 -7.153702487057029538e-04 8.964718724793248198e-04 -3.407141747040819753e-04 -4.080400452228973430e-04 -4.520227364595161496e-04 1.030979869652638541e-03 -3.792114076306848068e-04 -7.426046894518675660e-04 1.186537717805807076e-03 -1.135979725485602434e-03 3.406925246447775699e-04 -1.050226365867649487e-04 -4.000287783039582008e-04 3.216862851930404036e-05 -4.273965688722974084e-06 2.327054814964419900e-04 -4.065492189723783021e-05 1.123834654613740046e-04 7.596600688162513638e-05 -5.679401385686630140e-04 -3.072595037498458128e-04 -1.521907772787876303e-04 -5.194818770834791538e-06 1.986967465603331625e-04 -1.168295142444026512e-04 6.197623486748576969e-04 -1.697508284193407818e-04 -5.026906613880493353e-04
-9.650722564366509548e-02 4.127569865115528897e-02 4.240738252780085205e-02 1.688581724540832649e-02 -5.176399128263717286e-03 2.322195938667104536e-03 3.775766619190642614e-03 -1.456474402187337824e-03 -1.834776055197282494e-03 7.021152987438263439e-04 -1.653526076855868889e-03 1.329364596879611688e-03 -2.431929479223571191e-03 1.268627755693875567e-03 4.212701198850719864e-03 1.775270928604174718e-05 7.741704723373338736e-04 1.413418923332977837e-03 9.059737983997471610e-04 -1.184152900447676656e-03 -3.294571910800182715e-03 -1.757040924569054858e-03 -3.823742029395404388e-04 2.300762848219351127e-03 -4.158235045673349414e-05 -3.835134739609069652e-04 -2.343063654507688762e-03 8.158716960028086860e-04 -5.021663080561455505e-04 9.686893512419519816e-04 2.751157214699183039e-05 -9.118097778626929563e-04 -1.144703081619717015e-03 -1.179335223334873920e-03 2.012129315954976246e-03 -1.480467272128487618e-04 6.327788969697937605e-04 -8.374380215393513851e-04 -4.481277356761193486e-04 4.723526912715453156e-04 -5.723053448311773419e-04 8.290858442805904482e-04 -8.625863073266662971e-05 7.890774226022852049e-04 1.453545792708730135e-03 7.930199318248706873e-04 7.040190986447178922e-04 1.964215694845902174e-04 3.972341821738811763e-04 -9.669337711086455848e-04 9.890453147471600041e-04 -3.176304478186115724e-04 -6.694336769596612733e-04 -7.691762190999649465e-04 9.040844049323394898e-04 1.017498420031036788e-03 1.175339593534033625e-03 -4.342369964313075256e-06 4.469652752009828389e-04 6.503689719025847974e-04 -2.487884602819172395e-04 -2.176245571768716796e-05 -4.387069387273700039e-04 -5.912450719375223537e-04 -1.118440443862378769e-03 1.263562595575404290e-03 -5.065624143661398224e-04 -3.935801534411623734e-04 2.633094432909051591e-04 1.395748299092532466e-03 -1.582867623308802747e-03 -1.422766676473846128e-03 3.717294385102119249e-04 8.402409656597097662e-04 -7.766763004595728190e-04 -4.643728732967025361e-04 -1.161137688088158303e-03 2.013526583836983824e-04 6.108655558630267639e-04 -8.292939480768219817e-05 6.088764486327803965e-04 -7.273916212512746829e-04 4.716563178580485691e-04 3.048009833490238811e-04 -1.312552632881466667e-03 7.701897464391818486e-04 1.755868300574553827e-05 -2.023033622498307223e-04 6.134459770130793594e-05 -3.555698839602513205e-04 8.801560773266276253e-04 -5.337729544530797881e-04 -8.741654979382311105e-04 -6.613450265805725188e-04 4.726913745877754213e-04 7.713758678149969803e-04 -3.438202126829480740e-05 5.442166148458977957e-05 -1.012534287479359592e-03 3.865830906606508837e-04
-8.647331693778168016e-02 4.052530332018082493e-02 3.634500133918305842e-02 1.100656846114754853e-02 2.205290771673201408e-03 -3.858731665479026712e-03 4.731912813633248026e-03 -1.832031837694464383e-03 -1.900348442102640142e-03 1.773991811832615825e-03 4.235755062151536424e-03 -2.810321773423925230e-04 3.444155451247362461e-04 3.634324262555731037e-03 -1.440229037050533767e-03 3.070407318397171516e-04 -8.014188421762662553e-04 -2.268875238518437264e-03 -2.969362856549675393e-04 4.469363533722928443e-04 -1.615566081908453248e-03 6.655703824140568950e-03 1.913793582453358986e-03 3.373959963160684181e-03 3.578245115934180522e-03 7.395084686096652267e-04 2.347310461608219986e-03 -1.732330433816335093e-03 -2.692469280557364952e-03 3.339613969048487244e-03 1.832381178697098790e-04 -1.611939309029611746e-03 -2.353424180050463319e-04 -1.000750294816476907e-03 1.963758085292754973e-03 -3.016303696821260108e-03 -1.976422433079163057e-03 -6.021477931307179284e-04 -2.276637755975268688e-03 3.724511185707464825e-03 -3.627407692142517806e-03 6.110372836834130619e-04 -9.791483699472859105e-04 3.632584602394815462e-04 4.560452775457547563e-03 -7.792624597069139954e-04 1.874090793575471960e-03 6.944158992128278808e-04 -1.056248125129628313e-03 -1.103696119652894728e-03 4.204914261481964796e-04 2.317920328043860312e-04 8.632140846395756819e-04 -2.913732660765435464e-04 6.775441474651451058e-04 5.767202665307919786e-04 -1.260518136560051430e-03 -1.348310725094293986e-03 -1.333199579008151727e-03 1.935366670839851547e-03 1.250618680795967342e-03 -1.434676562697620450e-03 -1.454966713832838137e-03 8.140428588033725427e-06 -7.665734276514220812e-04 1.493906699870763480e-03 -9.954074573301902300e-04 1.518676159687417206e-03 -4.171001709220825324e-04 5.616696873916876163e-04 9.618057633473694025e-04 9.688289387240164082e-04 -1.104395291549417841e-03 1.195087640050901010e-03 1.626046626024226296e-03 1.637882274618152501e-04 1.482406821546140710e-03 -4.672504900809866437e-04 -6.587238709781827531e-04 -1.673661333729584448e-03 1.999262485369991942e-03 -1.265636525786905872e-03 -2.084384295158934509e-03 -1.426249462048841609e-04 -1.180724480190894609e-03 3.151751804679595362e-04 -1.338588442719981482e-03 1.061491686365877889e-03 5.174498369507706365e-04 -2.012520827048586310e-04 -1.513129349001579582e-03 9.915356557949228818e-05 -4.015980554752294714e-04 -1.539930166587982025e-04 5.229030113321792451e-04 1.182019530155151794e-04 -6.843964546969110753e-04 1.159351943864494084e-04 1.393176021408889945e-03 1.444778610050234690e-04
2.012776724315937515e-01 5.824954860733127376e-03 1.766622613482565426e-02 -1.105639355674155680e-02 -1.781734767742905109e-02 -6.906430810223799371e-03 -9.003811587559150008e-04 1.709166614923582350e-03 -1.404356262334355981e-02 -4.636183439808648152e-03 1.948551628533299598e-04 -3.564369295315781769e-03 6.091078034725215962e-05 -4.218381174292342925e-03 4.064167642418316066e-03 -3.841083647581605438e-03 -4.251763159446133905e-04 -3.168640748438435271e-03 -1.163483366474455912e-03 -3.454432550495461184e-04 -7.006875075587193054e-04 1.015050276220834814e-03 7.053437471342587431e-04 -1.541996239624685884e-03 -4.576620693085051259e-04 4.477094039190920405e-04 -1.453877593013019887e-03 1.058137781327892586e-03 -3.288847504452241388e-03 3.832555959722006695e-04 -1.490358154171831338e-03 2.029038600875792200e-03 7.589997911234233922e-04 1.019960566318871666e-03 1.693796102640033642e-03 1.276988238936593335e-03 -1.543463743627904389e-03 -6.528398323610226650e-04 -8.417340944864721555e-04 -1.065431563437076331e-04 -1.191286337570511859e-03 -5.872669017909701566e-04 3.435332391836858025e-04 -9.471938633450259590e-05 -9.163489722166121097e-04 -6.955705425804823436e-04 -4.624062748453399048e-04 3.721743821130369767e-04 -5.168145798783179866e-04 2.579314879154022888e-04 5.285519519163938426e-04 4.206880136337831297e-04 1.162752755025239781e-03 9.825949523384240950e-04 -2.054961134372591239e-04 -7.400784595746703366e-04 9.799309747958047899e-04 -8.324814351626434283e-05 -3.365705761246491520e-06 -6.029528805982761796e-04 9.381830985030792684e-04 6.601388832412562841e-04 -1.192142222815972688e-03 -6.788353833456875789e-04 -4.949419370460607977e-04 3.931730718680827449e-04 4.012542223848176775e-04 1.282333506218518793e-03 -9.502720775839465896e-04 4.474192867302338554e-04 -8.378615674247003996e-04 1.215231138356840247e-04 -1.318015055617890377e-05 6.836051078154029795e-04 -4.950047726629400782e-05 -8.589982551670856262e-04 -5.486927920886717092e-04 1.233766713497936587e-03 -3.049904125102115282e-04 2.877554085803915238e-04 -4.563901189107380128e-04 5.176218145912904814e-04 -3.801023073314317886e-04 5.212603980207961788e-04 5.541978324556436769e-04 -1.387373501659740671e-04 5.757772685793938324e-04 6.200088290239042302e-04 -3.948657478346415920e-05 3.410284780813227956e-04 1.157791873090050617e-04 -2.632279141644018844e-04 -2.610045995124542846e-04 -1.271751066621893225e-04 6.189826335478835519e-04 3.386739805223878399e-04 -6.741456928283017457e-05 -2.566470875925825040e-05 -8.663282674475748595e-05 -1.125596146279244470e-04
1.898527552621126213e-01 -2.448485634188890016e-03 1.715126665752407173e-02 -1.586612239110654285e-02 -8.190821181464401704e-03 -8.466668621353630117e-03 5.734261971409118121e-03 -7.366064680083017971e-03 -1.000814039001504500e-02 -1.486712908115636134e-03 -5.123957936830351089e-04 -2.178293348354222621e-03 -9.691481053482349761e-06 -4.795935925710427018e-03 3.224241808285147667e-03 -3.766828280150419307e-04 1.677739538250750100e-03 1.797852093436084348e-03 -2.037699304292474051e-03 -4.497582845195010844e-04 9.726412141157422808e-04 1.859276040077377165e-03 1.882175898993771824e-03 -3.401947631626317113e-04 3.525005449965896900e-04 -1.848567662272137700e-03 -1.165357984481611524e-04 -6.418568716890701029e-04 -7.765818246872323869e-04 -2.219007548406800711e-03 -5.036510630275851377e-04 -1.297297289702657741e-04 1.155152572555285059e-04 -1.416572762719740721e-03 1.660619147662902419e-03 -5.426276705279666542e-04 6.665377674238996339e-04 7.852978400222348631e-05 -3.730987574562415394e-04 -9.688317566722142197e-04 -2.231359849652203174e-04 9.476069504578175191e-04 -1.131450564756132692e-03 -1.132022660939788466e-03 -6.668269536292763776e-04 -1.552098693626656890e-04 6.202079415309129200e-04 6.675175618773894362e-05 2.717140503147163089e-04 4.716748421177169737e-04 2.350307747625970321e-05 8.631698880191773727e-05 3.505176963084426591e-04 -3.888294341230095542e-04 -5.812644572281723803e-04 1.172978766130952383e-03 6.653532580353163509e-04 5.522339702462932031e-04 9.334109358468867159e-04 7.271169097243715537e-04 -1.212749229943102048e-03 -4.018939396802676347e-04 3.819932388177030942e-04 3.645626735964200399e-04 7.022227222953958707e-04 2.781635513719116692e-04 -1.401065721322754948e-03 -1.770950285939093018e-03 -1.595285160665603432e-04 3.633706443359282666e-04 1.285748815328504983e-03 -9.485264662269224031e-04 9.627383992008858729e-04 2.976413556306080566e-05 7.932828732088304099e-04 9.831520452110605306e-04 3.349824404017805808e-04 -6.427982818914940687e-04 1.096028912440013712e-03 -2.895183570164544334e-04 1.461444111710645240e-04 -2.253917456618744202e-04 -7.083818782078491404e-05 -1.154530056599346459e-04 -7.465727420087330283e-04 4.343313568406134131e-04 -6.007033590891784885e-04 -1.373649504195021461e-03 7.324978664301982348e-04 1.063652281599225709e-04 -7.677644318081164885e-04 -4.583564112370737864e-04 -3.617216024658081596e-04 4.458319589213825059e-04 -4.358353396437322238e-04 -1.276119989660790422e-03 -2.451966839767471358e-04 -1.442385561048924517e-04 -1.703084390608136222e-04 3.555700664749828930e-04
-9.606860618315142542e-02 3.444912257046554849e-02 3.021905413550758993e-02 1.017413803850897649e-02 2.727685925839520593e-03 1.617200241737628240e-03 4.233546141083705840e-03 -1.413812836337481008e-03 -2.128850142760175049e-03 1.301904880714932402e-03 4.557752035510165972e-03 -5.300160349560250695e-05 -7.829085981351601277e-04 4.040707050410953017e-04 1.575628378554068225e-03 1.438144521890020490e-03 -3.647361162876560769e-03 -1.852886453878080288e-03 -5.430483380825709130e-04 1.904278112083799624e-03 1.849550166580089935e-03 2.385143479636103996e-03 4.264091165297651019e-04 -1.175334820714215222e-03 7.892537317144032206e-04 7.806661268844088597e-04 3.071644470594663608e-03 -8.397770618037800772e-04 -4.588888843579571057e-04 2.581570208538869920e-04 -1.026968528109260597e-03 -1.819234903053216059e-03 9.260882307870939040e-04 -5.252761759048464379e-04 -1.054617314072344835e-03 -7.341929391773456418e-04 -1.356026340951906007e-03 6.961420032717633029e-05 -1.311156366708279581e-03 -1.666419702475484071e-04 -1.487698560387940884e-03 1.132061178519157534e-04 -3.639444867577897608e-06 4.713072769405428374e-04 1.770131606079488121e-03 8.516216942701913557e-04 -2.828094260682263500e-04 4.300848622468624624e-04 -9.949215973540299126e-04 -1.765756878465725224e-05 -5.426931701975381541e-04 2.383730329462111375e-04 -4.339284014850818168e-04 2.509540019825369744e-04 -1.293085354537185983e-04 -2.547291815235331637e-04 -1.213576998485738518e-04 -4.000232186305801674e-04 1.752877343146740801e-04 -6.598014120929148124e-04 -8.798788233366931560e-04 -3.857988888816304458e-05 4.091449250554688149e-04 -2.119945094978634311e-04 3.504302028398594015e-05 -1.452568347605964684e-04 -6.638679359850414852e-04 -8.751217101886315077e-04 -2.688226676860760197e-04 -6.288522615035412088e-04 -5.477948610212007288e-04 -5.691818008253093702e-04 2.213588264314198298e-04 2.490517634970476732e-04 -5.249327883193983472e-04 2.100551599507994660e-04 -3.484399890644685935e-04 1.273962027390374702e-04 5.409669052342708272e-04 9.587196291473376554e-04 -1.008335117573007714e-03 7.437929805694081789e-04 8.915519698175852640e-04 2.797245482142693570e-04 3.374845165169450831e-04 -7.123380583880509816e-04 6.653368058810184803e-04 -4.088854392848655355e-04 -2.916831287409683447e-04 2.737807163523138369e-04 3.283185484644155091e-04 -5.289116022543345158e-05 4.843395944057657637e-05 -3.744432571232278397e-04 -5.609585210263387913e-04 1.977116404117200106e-04 4.099363805781149343e-04 -2.302076705565745817e-04 -5.869405591545238856e-04 -3.772240655896647271e-04
9.698672225725583906e-02 2.526214903889625191e-02 -5.748329333311443488e-03 -2.799406766051962259e-03 1.020740317155028470e-02 -4.851133795766642345e-03 -7.175577635856036918e-03 -5.728229397060738935e-03 9.933859288427474357e-03 -5.969732185421157758e-03 -6.292217275222917496e-03 1.503829230354014265e-02 -3.151213841895468960e-05 2.127574338980941105e-03 6.740335546365721188e-04 6.099958485978806619e-03 7.413499743697119122e-03 -4.475692421281621432e-03 -4.810606594067749027e-04 1.756739467414010925e-04 -4.015677178868019837e-03 9.776357784116009378e-03 3.257888505083743509e-03 -6.110970791931434783e-03 3.263558778200582704e-03 6.200415535356199395e-03 -1.590076841230231254e-03 1.846914724752166982e-03 2.034505739924322154e-03 2.702625643948919961e-04 -8.131876642176804693e-04 -5.361566816358418266e-04 2.645153985539372248e-03 3.813006315980733626e-03 -1.965295884882150342e-03 2.189178857076123138e-03 2.759124031490489421e-03 -8.991609059035973392e-04 4.325999878465494435e-04 -4.599366742733700304e-04 2.120076607000769778e-03 -2.079523892475058054e-03 -1.074330121293769159e-03 -6.564973960170522940e-04 1.146417389637522603e-03 3.929165763881252069e-04 -1.163063934515264422e-03 1.802418948567469277e-04 4.589462101691016926e-04 -1.009775080929634387e-03 6.929656574568643715e-04 8.336301111639364807e-04 4.591173710176540881e-04 5.825181563652321454e-04 -3.016743803169364031e-04 1.391881152931195029e-04 -7.268534656935179972e-04 4.676164710600093214e-04 -9.580193709497896609e-05 3.463350514735498930e-04 1.187303727147576133e-04 -1.965211008939913608e-04 5.331341112748698473e-04 7.204133050712242933e-04 1.023103623690358940e-03 2.887215627211909088e-04 1.863784803941227937e-04 -7.094196988584376782e-05 -6.573609065310604587e-04 -3.013478175438596908e-04 -1.529946484185923849e-04 1.114223111344569972e-03 -8.038123552222178458e-04 -2.340461934627076002e-05 -2.555256953740892467e-04 6.901628680131702623e-04 -2.081589244457039689e-04 -4.930705720536431372e-04 2.042689228774874192e-04 9.678221131820406080e-05 7.128731196237317541e-04 -5.430367208843456624e-05 9.765879321350417333e-06 -2.451434515174081592e-05 -3.526267338339888227e-05 -1.858898529301843074e-04 5.980176414004168862e-04 4.389718690847415326e-04 -3.783322258653773408e-04 -3.339573966162132481e-04 2.327491751363084475e-06 -3.931006671004574622e-04 4.760341203187555179e-04 -1.448322055943360657e-05 -7.161187170849949263e-07 -3.827979287655543066e-04 3.289236961191050216e-04 -7.413506808831843832e-05 -1.156358540053987739e-04 -2.986061400864408472e-05
1.518477945111331440e-01 1.820719830543142403e-02 -4.476318149721237325e-04 -6.839359559079521110e-03 4.723028372692694189e-03 -1.343345640443229395e-03 -8.286433802353193601e-03 -8.967900919064667256e-03 9.498679372929414236e-03 -5.037810050630446221e-03 -6.638236313819782927e-04 8.700955183125400061e-03 5.443499584600135742e-04 3.353894349096418499e-03 -7.923863612291084327e-04 2.810232877401602075e-03 1.807765129178368546e-03 -6.872119363967668388e-04 -6.227532556753239898e-04 8.306490875898251043e-05 1.256648099281789353e-03 -2.445982967065921890e-04 1.236324419500018290e-03 1.664492168303389292e-03 -1.191218639761208574e-04 2.591663909765613664e-04 2.608093793953773516e-03 4.843230018335729708e-05 -2.152443144650626470e-04 -2.565275359076830009e-03 9.772584149304033505e-04 -1.667661818057811728e-04 -5.131312750019410363e-04 -7.502565293640193426e-04 -5.319045971811796510e-04 -8.260723787548343144e-04 -6.769179976038007529e-04 2.303162298387821921e-03 -1.701081011622046111e-03 4.537617342392744231e-04 -5.879804310073846133e-04 2.053648965911926329e-03 -1.686686458617548626e-03 8.303317852946155925e-04 -2.430764292726652568e-03 9.659821045529732621e-04 7.231236835764771019e-04 -3.667711282513401601e-04 -1.407582778136201411e-03 1.052375482506000357e-03 -3.524478108807222506e-04 -1.054162200159177842e-03 -2.095110665700237248e-05 -7.860944946756801780e-04 1.287220736319189809e-04 -4.733135980119539208e-04 -6.352859955068142174e-04 -2.960443765326038431e-04 2.733169240403953825e-03 5.265069839434732921e-04 1.632141434043337877e-03 1.685643155773738921e-04 -4.169308438396178451e-04 -9.931427775952731372e-04 1.217338176131953741e-03 -1.277291135168283527e-03 2.303426785357270013e-03 2.682937453359453533e-03 8.870523759599394402e-04 -1.448712384690615032e-04 -5.626632697548776454e-04 -2.592781483444281301e-03 3.435014487882368742e-03 1.263184650669679256e-03 3.899222873348749804e-04 -1.733615539443269984e-03 2.035324266387153469e-03 2.789115165640729428e-03 -3.169740403071524392e-03 -5.628658498400821624e-04 -3.861547500978010708e-03 -2.340082547827344742e-04 -8.021696960129153084e-04 5.490565386838901609e-05 -5.478387378023758707e-04 -6.728499200046083521e-05 -9.183888785309647358e-05 -9.879279306848579457e-04 2.352986483200123630e-04 -1.976867829409491721e-05 2.575358548234751545e-05 7.015817711209458010e-04 -1.464630543740106728e-03 -1.008276793707940308e-03 -1.514879921973243636e-03 -5.188595390385619286e-04 -1.621673832580972389e-03 8.950882011613275511e-04 1.150542108492286474e-04 -1.784069751516113010e-04
-4.010892547759891541e-03 7.472139408152868312e-03 -3.029352383093657838e-03 3.631179037202428208e-03 1.339881225154391890e-02 -9.788859393322357771e-03 -6.660116360288710971e-03 -5.436528411943543880e-03 2.613700938684774492e-03 4.285853748907724955e-03 -4.599275583455006422e-03 5.568034271294419572e-03 4.226462316896190119e-03 -8.541911991770737705e-03 5.613868242966640019e-03 -9.425381359566319464e-04 7.041477111780478082e-03 -7.461589462616584172e-03 3.451666431421280580e-03 -5.737818414698832130e-03 -6.577188789769852252e-04 1.871120712398749572e-03 -6.386093883827342714e-03 -6.325852727251897456e-03 -4.821487494544212174e-03 -4.927301663543126077e-03 4.666071353329677191e-04 -1.496940625849435200e-03 -2.260114744673124079e-03 8.747766149283651982e-03 6.269105212362205588e-03 5.651517487503852390e-03 3.971821307252567518e-03 -1.258025491495987254e-02 -1.322185683005323983e-03 -1.661608891483211219e-03 7.713921852969567909e-04 1.343153597952009880e-03 -3.205546601315755525e-03 -2.576889511567175516e-03 -8.135318929202998072e-04 -3.029422124890667617e-03 -7.543154607441839932e-04 8.875022017198190994e-04 -2.167700249374068973e-03 -4.870371712819221910e-04 -1.063238377749799960e-03 6.569909182573619496e-04 -2.103334393557083730e-03 -4.416505420322965167e-04 7.715502684951547905e-04 -5.355674233571960105e-04 -3.088858503738572871e-03 -1.013589999374812575e-03 -3.627397901737905786e-03 1.805265608614969311e-03 -8.491098286217956816e-05 1.314874673520651524e-03 -4.286414518922075992e-03 2.159064804312007656e-03 -9.961049282399000808e-05 1.263630912946890139e-03 -2.664453004219313921e-04 -2.052132644077032399e-04 -2.843359479963443286e-03 6.784680742721507091e-04 -1.178049130746704502e-03 -1.416427354468486732e-03 7.918508753176257573e-04 1.868057366933616095e-03 1.575442702288548744e-03 -5.903523808895069346e-04 1.723065715190969351e-03 7.656503651717647780e-04 -4.803539194773667905e-04 -6.536008981217214736e-04 1.566258922315962488e-04 5.472618312837222547e-05 -6.635592370455010471e-04 2.553198067268836998e-04 -4.718150822583856447e-05 -1.504301951833757634e-04 -9.776945434205777229e-04 -3.173434398026879618e-04 1.049759216765333049e-03 2.196673069441121046e-04 -2.661730348195644690e-04 -4.658507388329362581e-04 -2.441034097024500095e-05 4.944697564456159832e-04 9.626430967601527387e-04 -1.097011486249070038e-03 -9.614459529040167689e-04 -8.306543580514713990e-04 -9.729386669458916495e-04 4.923923276757662115e-04 -2.986864454737140620e-04 -5.518865880776636272e-04 6.202974861707873447e-04 -2.465271623059945108e-04
-8.517053227333730436e-02 6.935596514727666341e-03 -3.318265969405417154e-02 -7.818663651407485246e-03 3.320346584991438164e-03 -8.015447750552722600e-03 -5.979874363277661465e-04 -6.771884710179467901e-03 -8.140029452504107116e-03 2.998070266544770879e-03 -2.916350041523929106e-03 -2.178637314737776401e-03 -1.321701044514223412e-04 2.460469591893994605e-03 -2.666388414771602810e-04 1.761374595316214740e-03 -1.693117668539313378e-03 -1.755938507620498227e-03 1.096986826769334950e-03 -9.535059284848513943e-04 4.682958262465917358e-04 -5.017928065135600748e-04 1.578459808701014404e-04 5.925386799574793029e-04 -1.132685850728427836e-03 2.463386104811672063e-03 -4.501330101640509920e-04 -4.327394199809485829e-04 2.670049066992378193e-04 3.452695562039730603e-04 2.632367927940415411e-04 6.553812255278725464e-04 1.770106888113449179e-04 1.618008140131824103e-03 -7.024284787271862064e-04 -1.513195813205907292e-03 -3.132330064129700367e-04 8.990760294613298152e-04 -8.875452015363223535e-04 -2.584609292424118747e-04 -8.170840599031730376e-05 1.375600993319704528e-03 -5.347647422657869935e-04 -4.119575532737597737e-04 -8.296576272181024631e-04 7.627245417190011431e-04 -5.497565855180988354e-04 4.472423810990134425e-04 4.088872765733109422e-04 8.058497429947120627e-04 -3.000162076276715207e-04 9.628728123486702444e-04 2.792458487280478712e-04 -3.149985926540529307e-04 1.764026601178141692e-03 4.734782649126723065e-04 1.110502691909335355e-03 -3.690001318979415409e-04 -9.288577954320666229e-04 -9.459732665529423340e-05 7.378651493522526625e-04 -9.812888893777709474e-04 8.117972028623974060e-05 -2.175042314282499192e-05 5.392370327318422212e-04 5.639648096928095007e-05 5.201803213349200138e-04 -5.484000578878455530e-04 1.331955220227207248e-03 6.323050197784729114e-04 1.515711951367443473e-03 1.497297185061936451e-04 3.017341291184999171e-04 -1.424971420814900749e-04 -1.073905647835955018e-03 8.526999358091347757e-04 -2.495388733920821762e-04 -1.107828902845672700e-04 -2.285173690783922457e-04 3.899160007435491281e-04 -5.850650236675341426e-04 -4.485066753076576043e-04 3.507134226175606857e-04 9.264652302780554275e-04 1.625279879460116042e-04 -5.216573470622085414e-06 2.758646142359840836e-04 7.644057458988070316e-04 -1.560190634535332192e-03 -2.931740972816508292e-04 7.654614505745763967e-04 -1.888026288388135318e-03 -1.337265649232550774e-03 9.399244223637145544e-05 -9.199193483671242637e-04 1.196337334984854100e-03 -1.726146090742232918e-04 8.378016614731271920e-05 5.595305815628555217e-04 2.717346629413493154e-04
-5.478519860020918814e-02 5.649960174452274553e-03 -3.510519319784820985e-02 -9.538590379758640769e-03 2.596305202427374482e-03 3.036268209999252315e-03 3.151666139459527709e-03 -3.282741260917354173e-03 -2.935847559768817346e-03 -4.000075001235340461e-03 -1.566987551719012427e-03 -1.621972580423137458e-03 -5.215274253336630748e-04 1.349490783309155667e-03 -1.591490697393850660e-03 -3.051126306950920335e-03 -3.552478405440171968e-04 5.063189483453048052e-04 2.025363187058809057e-03 -1.748754471718957937e-04 1.030924420922578813e-03 3.259551630201503901e-04 -2.655038060295581651e-03 -2.146556854200060063e-03 6.211808061033583656e-04 -4.736350854302113817e-04 7.887202981496154808e-04 2.140532288628889130e-03 1.037830773525937316e-03 -2.946773274913386947e-03 2.170283854492386852e-03 -2.179730123344909756e-03 -1.986081007129898018e-03 -4.523112907487370979e-04 2.637604613718585924e-03 1.841784310244547456e-03 9.581748603019411272e-04 -9.596094756806207004e-04 7.185717228708032433e-04 1.771921241075429670e-03 -2.086166217988944579e-03 -2.633285802080294509e-03 -2.775441325528575360e-04 3.943773859014746298e-04 9.207039620265408241e-04 1.707471593534046466e-03 -2.014368298581108727e-04 -2.715246059811376423e-05 7.994834936560512879e-04 -8.921377034284415667e-04 1.285533597255907219e-03 1.656679937064662938e-03 2.227151498296157071e-03 -9.187205075975472595e-04 4.031067213873758596e-04 1.206701351935611071e-04 -2.650373448176880512e-04 -1.265190392317185704e-03 -1.661073964778772170e-03 -5.559715336583410895e-04 -4.882209812931594529e-04 8.253110902096854381e-04 -4.434872089775639635e-05 1.750642115325361844e-03 1.785438537655199798e-04 -1.171173785034992785e-04 8.587635496958459340e-04 -8.559884367300404689e-05 1.828589689191030022e-03 -1.143512347606678208e-03 -2.940956088821205269e-04 -8.292062401051032011e-04 -5.733211004285838604e-04 -7.350100335262703269e-04 -2.374780517678484228e-03 -6.777029604032038749e-04 -1.641510579748800070e-03 1.200647577168224237e-03 -1.655731172832295914e-03 6.559988268677230307e-04 -2.073023150853401449e-04 -2.053139082586689489e-04 -1.542229440509472862e-03 1.293229116212729667e-03 -4.534968728929197933e-04 1.153255387047809766e-03 -1.449578639495976984e-03 -9.970916914464505228e-04 1.035513649906669772e-03 1.205274304017067265e-03 2.528854235969461069e-03 -1.490179059176214172e-03 1.607785895305439191e-03 -2.466144862155079942e-04 -1.192661851910666168e-03 -3.223546334113902220e-03 2.309294711943471988e-03 -1.327662494769255583e-03 3.288481251709644230e-03 1.458599804991888346e-03
-6.407714801968913965e-02 -1.960726679745711590e-02 -3.089444311419668049e-02 1.705194541036131328e-02 -8.326386510346797665e-03 -1.098099682438561341e-02 -4.878831764332041375e-03 -1.834171864181048444e-03 -3.248770934489440907e-03 -2.261919358537099571e-03 4.684797988837053132e-03 1.390115299486141109e-03 -2.382839003610263875e-03 8.096834443397586244e-04 -1.218870499453793147e-03 -1.390462467927097972e-03 3.441125255526859827e-03 8.137620723271753826e-04 -1.926574954954961370e-03 3.248313303780159516e-03 -1.313393129193080001e-03 -8.081162001243471062e-04 -4.310944209239354397e-04 -1.089346714060321656e-03 -2.703231058899102559e-03 -1.108013084936566818e-03 2.648206745389421472e-04 -3.763091610357167352e-04 5.396802076293175576e-04 -7.955642446660396135e-04 -3.667547128937958568e-03 -2.432962302363999012e-04 1.275953224585298735e-03 -2.931511219667178470e-03 -1.270151015283534220e-04 -1.832987140778827078e-03 6.476344107051887301e-04 3.012638843228038058e-04 -1.287620351872256763e-03 -2.074843522835266715e-04 2.002534123460451322e-03 9.799027603254115149e-04 -2.742821708808953517e-05 -9.960032670079058820e-05 1.616575129963945508e-03 -3.398902794282680404e-04 1.258532792125068370e-03 -2.512415270092873678e-04 -8.483371315655679080e-04 1.793423472518372076e-04 -8.569148475361867013e-04 -1.212903314749974766e-03 1.261290636089827059e-03 1.318607277520844482e-03 2.484334136593003878e-04 3.173215144544828318e-04 6.528414707176828560e-04 1.128899204722505706e-03 4.122660412640197073e-04 -1.515837768145407438e-03 7.826728314946778157e-05 1.119544136637097348e-03 -8.753782664550599545e-04 2.391169481092622617e-03 1.194720952520363392e-03 5.810613799584405910e-04 1.019120641383549014e-03 5.175513096899478317e-04 -2.941385771190424916e-04 -1.023872513133905265e-03 -9.918013866894853908e-04 1.289032833595790987e-03 9.784768737877637575e-04 -4.941557307546585271e-04 -2.344957673679101597e-03 -1.046534102768316649e-03 -2.338671568144806007e-03 4.759333653852593736e-04 1.258484273374118083e-03 -1.685930544711540448e-04 1.748535536408852946e-03 -6.442438849658159786e-04 -1.408561448176663981e-03 -1.772822706708232585e-03 -1.647372450636033075e-03 -1.604378683702906627e-03 -1.057673617287176963e-03 5.823147255255187681e-05 -5.055429680785307424e-04 -1.232272678428284222e-03 -1.402776266663716175e-03 9.294989898427593635e-04 -4.311355886259390317e-04 6.185162355003658770e-07 -5.772665651253350901e-04 -5.091627348431397495e-04 4.157538048181902706e-04 -1.559854496458447056e-04 1.074154690550615512e-03 -2.250557226389952867e-05
1.333432751792266169e-01 -9.986449179268407084e-03 -4.790097066150428989e-03 2.186064957702934901e-03 -2.927450458158822790e-03 -6.675721713801013868e-03 1.062123288337173642e-02 -5.785487971180117844e-03 6.914787612521213801e-03 3.680782683194427744e-03 -3.491434599117330256e-03 2.301466452668928225e-03 -4.880355574762575924e-04 1.118230067497907442e-03 1.732438134269378375e-03 -3.650252346916080595e-03 -4.716082559846485923e-03 3.539550719263091609e-03 -1.889593429699330763e-03 -1.504617516246628539e-03 3.989721432643014189e-03 1.207337033445184506e-03 2.041857444819288395e-03 -1.908409722858642318e-03 -2.533045445612915753e-03 1.090318752555095990e-03 -4.867358052735661664e-04 5.103514568510794614e-04 2.520920136829748331e-03 -7.065054322381455164e-04 -3.268193115719316148e-05 -1.037558957965749535e-03 2.198067306583997935e-03 2.221716369009992366e-04 5.618627506847210856e-04 4.636089663137047366e-04 5.789080932853580023e-04 -2.711567994120916026e-03 8.480042467306853559e-05 -1.086098163707458148e-03 5.145821222351245564e-04 -2.467225703786436221e-04 1.673119707440181561e-03 -2.759822342688859377e-03 9.693121428070856612e-04 -1.940440199428180874e-03 1.632543321627586514e-03 -8.918625360956419388e-04 -6.898346109709071225e-05 1.082511812653287738e-03 -3.891184664615541210e-03 1.231178689963483572e-03 1.407603691165018340e-03 -7.905755444588686816e-04 3.474411414836995216e-03 -3.624359052283492922e-04 -1.992229129845005662e-04 -2.705474531995936266e-03 -7.520579108092319493e-04 3.448539599914313136e-03 1.397363398437608635e-03 3.242384873221476529e-03 -4.218409804083460193e-04 2.693690234050929999e-03 -1.954134580093781770e-03 -1.684997449007982848e-03 -8.503853256865150263e-04 -1.247946065479956087e-03 4.989631157989354361e-05 -1.143477610720995425e-04 -9.821444065459480639e-04 2.650186737165308084e-03 -1.556253104237177384e-04 -5.161354541700819722e-05 -1.283588384117607516e-03 -4.152873761261743381e-04 1.408112878367678714e-03 4.069570911813104948e-04 -7.345547310834981032e-04 5.895579769183564248e-04 -2.659143053619282722e-03 -7.073847339128864391e-04 -1.422485128906021299e-03 -7.427669963376646711e-05 -7.830115711503966326e-04 1.705192832332487994e-03 1.087461484386541798e-03 2.517460926825827033e-03 1.484357336975055449e-03 -2.156201192546823922e-03 -9.428379018289596803e-04 -4.725093843516033586e-04 -9.531599822652543500e-04 -1.628062867715526383e-03 3.714105848144217390e-04 1.221914301702604791e-04 1.311018099643086916e-03 -1.951259312252875142e-03 -1.093339828122250057e-03 -1.165001109479282121e-03
6.885077106902175170e-02 -3.061854951511135126e-02 -8.840473321567723572e-03 1.509456906104694046e-02 2.001733202774589118e-02 1.279234666685229865e-02 -5.119293494052708920e-03 -2.773027279337707870e-03 -2.775086698496213086e-03 -3.119424969749449560e-03 4.224093024785105337e-03 9.402712903892904237e-04 5.651785763854888511e-03 -1.635190512857127333e-03 2.490995266405194968e-03 -3.069022657918185886e-03 -2.690151666336515913e-04 3.217549159663289204e-03 -1.624069128099210179e-03 2.678558702893504406e-03 -2.966390228344178374e-03 -1.770140279460269070e-03 1.693269845101025089e-04 1.593714927952134819e-03 3.208780051546492821e-03 1.218891876171020227e-03 -1.844788930008591497e-04 -3.288136744218795628e-03 -6.752057283959373270e-04 -9.771872041618391482e-04 1.244682617583507114e-03 3.100620952694942796e-04 -3.127911001272701708e-03 2.319385482299793615e-03 -3.969997220143762877e-03 -1.656102726454459963e-03 3.657121462698105681e-03 -3.164791102737797568e-03 2.270773972232628625e-04 8.274030300359339106e-04 -4.062476888312473687e-03 -1.425582550882207688e-04 5.280689736894817604e-03 1.445793951603663178e-03 -1.857084837367771208e-03 -1.754109117929524768e-04 2.343358355516307178e-04 1.260362077128570355e-03 -8.117328545724671659e-04 1.226445948666972504e-03 5.301173995434532715e-03 8.793719484941309953e-04 -3.898075180250116459e-03 -1.866360163855135040e-03 -1.748352969843128876e-03 9.238745543749105451e-04 -1.741180536978636411e-03 -9.252783901753333130e-04 -1.226794224901706651e-03 3.460160355251614469e-03 -4.439161399937002089e-04 2.913855492250241733e-05 1.029355457758315438e-03 -8.770537621648649999e-04 -9.799678979852809602e-04 6.181756202629261950e-04 1.494932297328972672e-03 -3.088460682520670960e-03 -4.928037874960792966e-04 -1.554984403231793799e-03 6.325899972414348541e-04 -3.376904510303708486e-04 -1.926960553700024330e-06 1.214372791469111191e-03 -3.891002310684029894e-05 -1.397321547785779607e-03 -3.182732665740151882e-04 7.828679554309680901e-04 -1.318140350092078354e-03 8.199789012270012993e-04 -1.634120136142180402e-03 1.008267918429898080e-03 6.993354198825681525e-05 -2.183086633136950788e-04 -7.261045606387905860e-04 8.371432416508646198e-05 3.310934564293311483e-04 -6.621924018636059011e-04 -2.608451744600389722e-04 -9.024312408087221179e-04 -1.678106294486653985e-03 2.423862033188772574e-04 -2.083495892326767043e-03 -8.801768187052507126e-04 8.189480031612794047e-04 1.334764359285561320e-04 8.638359857872102967e-04 5.388171553276852857e-05 8.709086189197060577e-04 5.526653465593603463e-04
5.608186284874593780e-02 1.236298618272918190e-02 -2.233115016482976889e-02 2.075184556477224773e-02 1.134722901405845440e-02 5.056238478176211526e-03 -8.702058384599337115e-03 1.055614471543225158e-02 2.192815135821553959e-03 3.608857412289731906e-03 2.682806025571103214e-03 4.668186972231575470e-04 -8.339801135266292076e-03 -5.878612832964807446e-03 -1.989601643643942527e-03 -8.637911828026903840e-03 5.742966345130106308e-03 -5.497802853115517667e-04 -4.118174350300317019e-03 -2.586207854549985117e-03 6.882340497677009658e-03 -2.589776450772459954e-03 -2.370321105829464002e-03 3.743701701374882104e-03 1.142528610938255487e-02 4.171561471872495784e-03 -2.416151128551518288e-04 1.448681566607501426e-03 3.684232013993496858e-03 -1.699445010396726180e-03 -4.105706137056061578e-03 -1.021357811451892306e-03 -6.412570858651784689e-04 -1.349050966327841388e-03 -1.790504571057947728e-03 2.532503495364638816e-03 -1.402481606911573425e-03 -1.857186095720211308e-03 -4.341780144383888471e-03 -3.712498136063442037e-03 2.460175687947915261e-05 -1.673814241170786931e-03 1.543772513792068032e-03 -3.380833723079909505e-03 -3.624714254513541662e-04 9.559118179267234649e-04 1.385458989462910696e-03 -1.863861402311718738e-03 7.238731229590136167e-04 -2.028503746671693735e-03 -1.332049573447314020e-03 -2.322075681140607130e-04 -1.255377952967162442e-03 2.995870965217371177e-03 -1.546153774246422381e-03 1.232036187933995561e-03 -9.707302510658492607e-05 -1.164651634163067599e-03 -9.929151966561354167e-04 -2.547466971028004823e-04 -8.682090865783420380e-04 -4.563501320226517693e-04 -8.872061430222299939e-04 -1.917968199442471149e-03 5.392595501742668707e-04 -1.018079141552774352e-03 -7.404774831776140404e-04 5.897007387879375871e-04 1.100380202968375158e-03 3.303427758664711838e-04 1.819708980284780989e-04 -3.753115010750787532e-04 -1.240769915249995793e-05 -2.931358989273464915e-04 -1.518312152778683030e-05 3.725479379934698251e-04 2.737135608578705900e-04 3.392978887703403785e-04 1.014775396039859206e-03 4.619341267088856654e-05 -4.585458082387010997e-04 4.755752376857245089e-04 9.282147280829069938e-06 7.431935621913806451e-04 -3.602967929238680791e-04 9.226634183517533035e-04 5.656951636033045799e-04 1.033089888809247394e-03 7.618317545450755410e-04 -5.550623211405675272e-04 3.907541671228973823e-04 -5.457998229466845628e-04 2.263962317585800925e-04 2.634337820789780594e-04 1.033766694919041970e-04 -1.087917606537669142e-03 6.203329200278286841e-04 -8.479000723753069837e-04 5.851379944853729630e-04 -1.768995497398716276e-04
-6.022108502882234093e-02 1.970205405550810168e-02 -3.450627883342537172e-02 5.391550498973623215e-04 9.228411790691400107e-03 -2.088934427435473491e-03 3.119088009332754950e-03 -7.264015195345088598e-03 -7.418639236187185571e-03 -1.917777246322614065e-03 -6.336726512178174862e-03 -4.577288925963306568e-03 2.673684950352269818e-04 4.923969235335079811e-03 -7.324023368887466615e-04 1.216173654054153582e-03 -1.188983910647933373e-03 -2.479724615307587424e-03 -3.143689717121585930e-03 -2.747570571644048030e-03 -1.607530345449896146e-03 -9.027276741903497931e-04 2.331166283655790230e-03 -6.402520929491955495e-04 6.071815091852521620e-04 -5.366570187031368669e-04 -1.472308087442893067e-03 -3.190144947245729862e-05 3.006887416678467851e-04 -1.042040858891393274e-03 -7.371581154361781050e-04 1.805400391803134398e-03 2.830531550267810330e-04 -2.724424439794211170e-04 -1.558685533056577586e-03 -2.516844395096954137e-03 -1.178288730707720234e-03 5.179838296576744477e-04 -6.555363845999215375e-04 9.417125206111293329e-04 5.878179581690458691e-04 1.272223564235887023e-03 -3.962120877567179155e-04 -1.006290202192574928e-03 8.408669720908259213e-04 -1.848827715233570385e-04 -2.424540495156306838e-04 -3.393975773282263122e-04 3.654996906058214360e-05 7.468675585375591022e-04 1.604138468472705414e-04 7.807129588150616643e-04 -1.473581989086570525e-03 1.153875961299136600e-03 -1.587554994553240842e-04 8.288893119752667720e-04 1.043032905661228058e-04 -2.848376353627830805e-04 -1.832962945717229726e-04 -1.725338905402702986e-03 -1.507789593516552359e-03 -3.310906184984933908e-04 -1.165319694186702426e-03 -9.409065665491525695e-04 5.564998873873127326e-04 -2.144394694502067537e-05 -1.518021026019537863e-05 -2.564326526981521048e-04 -6.284539830344086035e-04 -1.296425091283212518e-04 -1.057998200659492809e-03 -1.236160970576743578e-03 1.525907703020771980e-04 -7.707538034070408710e-04 1.396204205555577832e-03 -3.378662646008799781e-04 5.330720827893862352e-04 -1.246097533370494790e-04 3.207760361707640766e-04 -2.923974335439258158e-04 -3.647613815014007959e-04 6.571030084732179229e-04 -1.851656541627439323e-04 -7.279546071847075184e-04 2.451207936507476446e-04 -7.095197079779773852e-04 -4.711531032317349348e-04 -4.711111554910515898e-04 1.242378318030250284e-03 1.096230415438777250e-03 -8.681273326848232708e-04 1.188478602640080390e-03 5.301740746350920618e-04 -6.541131548096481229e-05 5.895875875078654144e-04 -7.573597262122346181e-05 2.586554154370213684e-04 -1.661611389364987096e-04 -8.103960667575809199e-04 -1.914736546616320565e-03
-6.685023838319122114e-02 1.860204159371658256e-02 -2.465647574626860655e-02 -4.113388181437430124e-03 3.625334783807214033e-03 1.920813354021590636e-03 8.743339920383031219e-03 -6.446612006562706977e-03 -3.398110067452250142e-03 -4.127996633954700463e-03 -5.772983809553754522e-03 -3.775895277733084827e-03 1.312537962109413311e-03 3.123624297277255522e-03 -9.183943478980494558e-04 8.090852453641408665e-04 -2.270081707517147048e-03 -1.513653317052852509e-03 -3.070316482972850099e-03 -2.662289410746439440e-03 -1.969305056189842029e-03 -1.083166857968560553e-03 1.493187122588530676e-03 -1.205134805701274427e-03 2.936205602856626056e-03 -4.979841518550290206e-04 9.939079804328430218e-04 -5.513453018923641490e-04 -4.651052695635836398e-04 -1.050302120869353291e-03 -1.991642255087720109e-03 8.952609190291458254e-05 -2.125060064361713238e-03 -1.970482632261333529e-03 -2.118408651632465011e-03 3.742641824715893344e-03 -2.479987676136894206e-03 -4.559896655462169482e-04 -8.501558557410780499e-04 -1.626625310002843740e-03 2.028246058486657399e-03 1.631919978418508443e-03 9.335483165762184466e-04 3.222675204639697155e-05 1.458021506042218862e-03 -2.392038883472919798e-03 5.064639125193750235e-04 1.398124830149675285e-03 -8.560256317655037936e-04 -2.634095324820068338e-03 -2.796191540482234985e-04 -2.785127917255503412e-03 -1.621557251543356625e-05 -9.654285870332549599e-04 -2.659712822324803577e-03 -1.215576351767480465e-04 -7.798308241371841891e-04 2.561168486759792581e-03 5.009036160279683536e-04 1.387321909765839439e-03 6.443213807294340904e-04 5.289031895273971819e-05 -6.178171915427727425e-04 3.459040010698429587e-04 -8.985224500281106027e-04 -1.454689102158881727e-04 -1.324090588673941613e-03 4.585396829095362073e-04 -1.781604027785842854e-03 -1.155328882731472724e-03 5.478876625307180529e-04 -4.186731467668794600e-04 -2.052272983424124637e-03 -4.868062992304621867e-04 5.775818462248503635e-04 -2.996360602436281629e-04 3.794228533680984354e-04 6.715974009419287028e-06 -5.755002169182392869e-04 9.132701225538306794e-04 -1.918886863251511362e-03 1.888914491556142633e-04 -6.600145939754781775e-04 -2.777138796315391190e-04 -1.710828235632280789e-03 1.622326606569658540e-03 4.234376650064950527e-04 -4.550337783925308024e-04 -8.874742862790866663e-04 -1.110126389368790807e-03 1.898098031536522281e-03 -6.820682057329600489e-04 3.269069359982625296e-04 1.487610248747725918e-04 1.540174278695489269e-04 -1.159544929596572011e-03 1.000421351615275126e-03 -2.958236718496773626e-04 5.998073797476145917e-04 -3.981924476665362313e-04
-7.099710778823516144e-02 1.613335324089556350e-02 -2.899255821743834671e-02 -5.144434300983612846e-04 2.503013658148241748e-03 6.652415073465924381e-03 4.569853564825215701e-03 -3.347352474258497869e-04 -4.483548440127336880e-03 -4.963750615785500996e-03 -3.022472257986029247e-03 -2.580613579634312166e-03 1.594184013693061234e-03 3.108166315230140048e-03 -2.964434428016888374e-04 2.549320477210413431e-03 -1.684620758458050659e-03 -6.216706229340948804e-04 -3.632385597397137528e-03 -6.708522240235865672e-04 -1.784239348659293620e-04 -2.417578354496510793e-04 1.140652952257836415e-03 1.506313929347652079e-06 1.140242061279418684e-03 2.407372716783047809e-04 5.956247689202160203e-04 -9.841737309869516039e-04 2.463859232891223009e-04 -7.356500732395859646e-05 -1.011375682205431590e-03 1.406426447023776619e-03 6.258907775374643583e-04 -8.418699184757866098e-04 -1.326676192890336890e-03 -3.028726044168033194e-04 -8.110485913071872194e-04 -1.687456411257963712e-04 -8.507183886502481425e-04 -4.805250360752265576e-04 6.589414955025767054e-04 2.639630792268916827e-04 5.015402043330044036e-06 -8.712764018107990813e-05 -3.549615459050338429e-04 -7.398614639890458301e-04 -5.854578879533559738e-04 -1.719484765421906513e-05 -1.739513820950410611e-04 -5.979006412955185923e-04 -8.164181154196104625e-04 -1.097183888325826582e-03 -5.482495545755891207e-04 3.500630570975226861e-04 -4.890771393172766617e-04 2.885249888508467100e-04 2.402577032961372976e-04 7.052900351264045162e-04 1.084593266422691432e-03 4.043833194009081953e-04 5.473738751443887928e-04 -1.066638214308914109e-03 5.933613350754772791e-04 -8.888435833120789781e-05 -9.450393419284405881e-04 3.141367308101812128e-04 -1.128710721998562715e-03 -6.490244053478645388e-04 -1.069287441240124797e-04 7.594213854776408340e-04 -7.601554061257326418e-04 1.121926050330395645e-04 1.184368510345964152e-03 -3.799362911250472896e-04 7.248763183554651486e-05 -7.816147722825743990e-04 -3.938624515682716850e-04 2.635231279937755625e-04 -5.197792589172326502e-04 -4.118595215464642073e-04 1.333395889982164810e-03 1.072704156592999290e-04 -3.115503056207953917e-04 5.646866766231080272e-04 7.681853364061084870e-04 -1.658498926769174210e-03 5.625038886700485779e-04 -4.824619926968766329e-04 7.723177974264157104e-04 9.777701690036064500e-04 4.717008882562432714e-04 1.542853733907371787e-03 8.852234129220698869e-04 -7.191724428723450437e-04 1.058439266549379785e-03 -2.594996807016127015e-04 3.191095489881246375e-04 9.630425602352647545e-04 -6.598201500385124114e-04 1.580167000479666597e-03
1.522682293372444873e-01 1.845492573348612650e-02 -4.061814623952103055e-03 9.468078260250947092e-03 -2.859961935569392631e-03 7.053125710501871246e-03 -9.277385809740112607e-03 1.619044804859889192e-02 -1.368261274415597190e-03 -1.288367462041512153e-03 -7.342204377899998365e-04 -7.668412004186869486e-04 -2.400495712242913839e-03 -1.430101087401835580e-03 -5.824983150766755574e-03 1.815442177637697097e-03 -1.819373911225975748e-03 1.609183501170311338e-03 5.596703240693164799e-04 1.240845408675069232e-03 -1.675170408750793110e-03 8.170590754582952907e-04 3.868683369703145090e-04 1.048266578282909360e-03 -4.543949509469308139e-03 4.153037175041912436e-03 -2.528712977988083980e-03 -3.024647508818155243e-03 -7.421015500322602999e-04 2.150997782063358062e-03 2.273984951972726504e-03 -4.325720475137185368e-04 -9.135282020911196217e-05 -5.815615181796034497e-03 -3.474158213460536333e-03 2.454669649901924846e-03 -3.766233632039317492e-04 -5.873102625259805139e-04 2.566831400657597698e-03 1.782856057313814266e-03 2.687654815259840364e-04 2.284952444162523851e-03 2.380794630115140934e-03 -1.649394454238096129e-03 9.072234446433314562e-04 -2.012282724444371058e-05 2.646007260532386596e-03 -6.535917521348599520e-04 1.960403416179012578e-03 1.243443720707354365e-03 1.783374173008282727e-03 -2.396410797085234373e-04 1.021952110222459865e-03 -4.439918157553741375e-04 1.245970019911374956e-03 1.331018625200945053e-03 6.565381137308965755e-04 5.321002970603825634e-04 6.230269349774419799e-04 -1.928170165455744042e-03 2.564092072319833953e-04 -1.862452867607675708e-03 -1.240129840790079837e-04 -3.755104598575112647e-03 1.188179889992250967e-04 -1.054859701489278779e-03 -1.223065394705532974e-03 -6.439066193200788067e-04 6.323008255926058094e-04 -1.404862609869780756e-03 2.483928565869328222e-03 -2.516152326736283661e-04 -1.694104296077165919e-03 8.316081829232466020e-04 -2.007810328383230827e-03 -1.820892036017779424e-03 1.459057263711412611e-04 7.526390516900704521e-04 4.985430475954721061e-04 -4.455229311651639178e-04 1.063506982336094283e-03 8.783418107249649567e-04 -1.734290275179615082e-03 6.870392374099050688e-04 6.386946366935598342e-04 3.079822690060922158e-05 1.118520516254059701e-03 -1.183625222097724108e-03 7.846717670879453784e-04 -1.370433147008435050e-03 8.350040195726493586e-04 9.049560705088189987e-04 -3.402853442605702585e-04 8.900679601219970176e-04 -8.505193094003832364e-04 -3.848466020826105284e-05 -5.240209545625797377e-04 -3.086995162232784862e-04 -5.660871130356617256e-04 2.019583598280818814e-05
1.909092351705329871e-01 -4.949142313183480142e-03 5.190861116727455565e-03 1.065210724189045825e-02 -4.702110668522457675e-03 1.148872763870082900e-02 -8.582885011667885575e-03 1.589846232681280938e-03 -9.555548443021826335e-03 8.564829559283971064e-03 1.282766822951708044e-04 8.484810041386846172e-04 3.052342161539077243e-03 -1.538068124567658779e-03 -4.267701891836768111e-03 1.083779078077878573e-03 -2.035489210544233658e-03 -1.114166400906578536e-03 -2.091575215254729871e-03 -5.699562942872645225e-04 -4.304822081409426758e-03 2.713097023314423126e-03 -3.892893405759392800e-03 -1.274289538553584388e-03 2.311881343791016331e-04 -3.035452290609943777e-03 -2.985279243017904382e-03 5.632276002321298615e-04 -4.964800950147243768e-04 -1.510088145735812232e-03 -1.088952668070211800e-03 5.715418720583805403e-04 1.490872839912171137e-03 -6.061434190975113203e-04 1.647433791906889253e-03 1.331773877840622530e-03 3.800432007793445323e-04 4.002331161673288069e-03 -2.830835476032319328e-03 1.569447746647033553e-03 -1.895071164139858189e-04 5.974393039801144736e-04 2.035470505830738134e-03 2.703036416771471850e-04 -4.796099353553246424e-04 1.070636473875977764e-03 4.238766744467281264e-05 -1.852111328294711113e-03 9.678839848087870392e-04 5.442208001301492606e-05 -1.511967448278798542e-04 -1.544160336318280884e-03 8.736373362138376113e-04 4.000867029641377100e-04 -2.511875362389198296e-03 -4.024773663554941073e-04 4.457458827768946566e-04 -6.457402380669061484e-04 2.014342491385010502e-03 -2.003438189706615614e-03 3.452238641199683895e-03 1.044287792015501494e-04 -4.041242423958332319e-04 -6.887639790732145431e-04 8.572489509193487048e-04 8.177589342666529999e-04 -2.057476678868553743e-03 -5.007077524001983266e-04 2.226637181691547285e-03 1.837839692204628434e-03 2.410407547236991226e-03 -5.506416355231012012e-04 -2.775869253093934952e-03 3.291088789651709211e-03 -1.133135498480283051e-03 -1.585773320787826597e-03 -3.053082563566580487e-03 -2.144230746613170167e-03 -7.299422349193825836e-04 -1.829562394721999516e-03 -2.402702062229750048e-03 -5.544618072205816268e-04 6.804193819593628255e-04 -1.141561687032150059e-03 1.879263722305440226e-03 -6.290530166894903619e-04 -1.142833991808321235e-03 -4.191288931072656085e-04 -1.053598323283113541e-04 -2.929827024670188609e-04 -6.776991227466405742e-04 -4.083937904166244366e-05 1.309485549743773063e-03 -5.305552746159850541e-04 7.284039236799610484e-04 4.709030124741584529e-05 4.132551921153055567e-04 4.957001006031520711e-04 -2.276489949926349958e-04 5.137024925474460756e-04
-6.589954990086444031e-02 1.164299196519976744e-02 -3.596873705600130144e-02 1.350215881280567281e-03 9.749378142874579739e-03 -9.061525738207497696e-03 8.364760803960231235e-04 -5.680667115116676963e-03 -8.719687262944163242e-03 1.857119345704239715e-03 -3.519562343439741007e-03 -4.180623092658885404e-03 -1.782910788709200778e-03 2.302162110599993532e-03 -1.070331697629868474e-03 2.275058978344882046e-03 -1.421673710155493689e-03 -2.802604228045285552e-03 -2.866808229697451801e-03 -1.169408135793671916e-03 -5.356987600801531475e-04 3.869174625116652199e-04 1.214199804933865012e-03 1.110726158456220615e-03 -1.611502687769373037e-03 1.745423596876139729e-03 -1.377126707213588040e-03 -1.650097894751347775e-03 7.624733046728258707e-04 1.814612969721811700e-04 -3.262092785490538517e-05 1.067949923877088659e-03 1.938043207043373519e-03 2.433971231689551276e-03 -6.855939492726190274e-04 -4.171680512615088925e-03 -5.284838562108032682e-04 9.011714012385481191e-04 -1.310204628044604530e-03 1.107935479969485810e-03 3.446759953430389629e-04 1.032417019283852610e-03 -1.565170222700266924e-03 -5.520683924482251356e-04 -1.048429540921927069e-03 8.608320593985082075e-04 -4.270432340408938671e-04 3.001215775376254525e-04 -6.452628306921175940e-04 1.558470012521111486e-03 6.066942371496570783e-04 1.554439207559405334e-03 -2.824155910566480141e-04 1.692481608703889613e-03 2.390221594133427017e-03 7.369913340229924167e-04 8.945361910441048271e-04 -8.632398106743529708e-04 1.688477109805427685e-04 -3.309518482092135968e-04 3.349085340220704058e-04 -1.648413061555984967e-03 -1.537758845710235638e-04 -7.366820045874166063e-05 6.188096674583719965e-04 -1.494377953619470520e-04 3.290277668925786487e-04 -5.510656595302364106e-04 1.123546036286209287e-03 5.051741567653309124e-04 5.706015241411005245e-05 -4.529828131425365882e-04 4.969283647476697811e-04 -1.678262645237221752e-03 9.044797460418397671e-04 -3.143302975430843898e-04 -8.305016525937786945e-04 -4.660307947886361993e-04 3.320778882658745497e-04 6.779515674496759941e-04 4.467540178145400437e-04 -2.233696457004026061e-04 -6.281441889514457122e-04 5.384158644551350389e-05 6.602976074259315044e-04 1.114323199619954698e-04 -4.797349866713962224e-04 1.064425043403975863e-03 -5.632791673262731429e-04 -3.301317808286149285e-04 3.528253065437507484e-04 8.094708704719632414e-04 1.424916045388528272e-05 1.659552244799746674e-04 8.270808975631537138e-05 -9.615666223029801585e-05 3.522438403116486829e-04 -2.243799722485079130e-04 1.171415237872083852e-04 1.156910339354659019e-05
5.651832420085830568e-03 -1.338884979364273961e-02 -2.587791170311153077e-02 7.294270834234002458e-03 -9.302050107573275883e-03 -1.595367970915526762e-02 1.360697429069997362e-02 -4.965508255272001875e-03 1.243438884258932925e-02 -1.075785942413256700e-03 2.410122128161568383e-03 -1.671741118746315541e-03 -2.607889991908870532e-03 1.677947898276657863e-03 9.091093987088277395e-04 -1.228740812626328942e-03 2.059358646423160941e-03 -2.423578718543427032e-03 -1.894796365551841642e-03 2.434717887069668026e-03 -2.221681212652548004e-03 -8.427494573539340804e-04 -3.301320400153725425e-04 -1.724653410682479380e-03 -2.025347859738044470e-03 9.265953030497764637e-05 -3.972654179786518514e-04 -1.073360141057627367e-03 -1.750298120854969260e-05 -1.310328841019385354e-03 -2.601166474978872014e-03 -1.191095068294473463e-03 6.359514184004122408e-04 -3.028370455612232684e-03 2.524312438185117007e-03 2.406930645552775999e-03 -2.106699693060226902e-03 2.478687878419085985e-03 -7.498009619031025365e-04 -1.213268768124693611e-03 -2.466182933288182553e-04 -1.842618191134786677e-03 1.035238979820823175e-03 -2.057145390960947451e-03 1.045632876325185926e-03 1.303588628608714182e-03 -1.191983537261283614e-03 -2.917135781304746114e-03 2.045237964513487404e-03 -9.942116324330534625e-04 2.268767914686614304e-03 -1.678474060009060387e-04 -1.419006960329513177e-03 -1.871902872833059242e-03 1.798108561888130943e-03 -2.509731741253015569e-05 -1.144058828936121664e-03 1.238420965299862455e-03 -7.277657660062595169e-04 1.360744792319168060e-03 3.080085068720259719e-03 -1.351988776806577761e-03 2.479445930323446144e-03 -1.222306445471290758e-03 4.356240276053748701e-04 -1.608666004775060904e-03 1.034613499667815569e-03 -2.893523684411644496e-04 1.168316281444776745e-03 -1.379670806499736944e-04 5.964057944900186346e-04 -1.557481011334381721e-04 -2.035242226279717335e-04 1.446600860789237124e-03 1.038299402570289943e-03 2.337918887564779025e-04 -4.086078333127062326e-04 -3.319942584800474853e-04 -6.709146592402654525e-04 1.986177957597968363e-03 -7.414555552796215677e-04 -6.849762070925622922e-04 -1.254381487631309189e-03 3.141365294444410389e-03 -1.379019204188142731e-03 -6.027627444250048885e-04 1.817477707068745202e-03 1.211653487733324683e-03 7.772178330441413411e-04 3.886194659062275607e-03 -4.615961413017803249e-04 6.816664875637167649e-04 2.945801369375826537e-04 1.413191814964684010e-04 2.099745536623088930e-03 1.158807456290509913e-03 -2.508174411864105054e-03 -3.196575909872567591e-03 -1.043516228230203652e-05 1.232368982821325371e-03
9.306438027940458491e-02 1.202762303388855460e-02 -2.317522398454406954e-02 5.716666752251761338e-03 -4.777683270854126904e-03 -1.875905621729154205e-02 1.043908921556530034e-02 -8.006598609707848632e-03 1.436791480027781003e-02 1.064798292260686402e-03 -3.207873668493773332e-03 -4.034362186711766378e-03 -1.622083339354172225e-03 8.663634964003329338e-04 1.322139645918365405e-03 6.424971754624608702e-04 1.643590385555622967e-04 2.290210132722730798e-03 1.707248454499464725e-03 -6.510325743651622669e-05 1.486709166316280747e-03 2.360221882344504772e-03 -8.441556029255602514e-04 -2.203856120848282901e-03 9.480525950028971137e-04 -1.670929651648162765e-03 -4.973405841471724518e-04 -1.135264649692592888e-03 -2.051041911098457939e-03 1.411631005492859148e-04 -2.524597019263577231e-03 1.847708214019000428e-03 1.597796313747037967e-03 1.137456900629180622e-03 1.533597931918747508e-03 7.716930572227790859e-04 -9.200231478480452862e-04 -1.302448075729740291e-03 1.542958326058877254e-03 -7.001976743529957580e-05 -3.414498527949486398e-03 -1.758861259009155938e-03 2.150286897882825767e-03 -2.965273421681568610e-04 2.374457985238128885e-03 -1.869709342961834765e-04 -1.004410624465233281e-03 -1.142141002560328198e-03 7.491505298707777562e-04 -2.589754161829687772e-04 1.677896727995457221e-03 8.679215580921230931e-04 -1.445773124739870149e-04 1.716116487277482422e-03 -4.768951958843361161e-04 -1.043899102194550390e-03 -3.380178805918769504e-04 1.428498574882684476e-03 -1.148964612431452054e-03 -1.217380469778390128e-03 -3.922929299646767760e-05 -1.985112764591312820e-03 3.382644857051190623e-03 -1.012123330292360925e-03 -6.485939026536902260e-04 -1.979340222124770839e-03 2.740451932422849628e-04 1.777022667018667143e-03 2.503485446240138329e-03 1.349702998682293263e-03 -1.479962040419007148e-03 -2.095720888797225623e-03 -1.412429815206901642e-04 -5.617831575951400067e-04 -2.289811431797571489e-04 -1.279393937113649030e-03 2.520228673819777110e-03 -2.107594857683171841e-03 -1.166275851818204877e-04 -5.275578178709269123e-04 -6.403313890171788815e-04 2.017224320962584388e-03 -1.925601789450562956e-04 -1.723545122601116697e-03 -1.305690502255852335e-03 -1.566677504643627277e-03 -3.397905347722883799e-04 1.565845085406787933e-03 -9.537035615758378878e-04 -3.189544571863785812e-03 9.831730269115788144e-04 9.548034174498009361e-05 3.375603819913233251e-04 -1.602207744038591179e-03 -8.737209881664457275e-04 1.024318455605165249e-04 5.968585477556082562e-04 4.470518658717420493e-05 -1.117114153878596278e-03 -2.344760443743935734e-04
