-1.171889695333970249e-01 8.971103923849911566e-02 -3.620572600057631041e-02 5.949797212241466314e-03 8.359919472676701326e-04 1.351025220205951186e-02 -1.701030144021068932e-02 1.204418594615041214e-02 -3.096736069159411377e-03 2.073052203728698115e-03 -3.098330538216287778e-03 -5.540878883952053864e-03 4.590478763663119119e-03 1.520665996058951719e-04 -3.286823493905605999e-03 -1.748274813882230239e-03 1.716918070905488342e-02 -3.152352800441167099e-03 -8.646293870965684331e-03 1.630541397221957909e-03 -1.136497458015400048e-06 7.674853452093633073e-03 -1.587864999031354200e-03 3.716438654055214796e-03 -3.699894215336877682e-03 -5.907352942820085287e-03 1.882043191719343653e-03 -2.566008388361983895e-03 -2.137317649985958842e-03 1.495185095237615757e-03 -3.322590821454338410e-03 -4.137609862918208885e-04 3.137583586044210768e-03 -6.957142858435949150e-05 -2.306622666959544377e-03 -2.984802482131438013e-03 2.369812902788179070e-03 5.305451061315431122e-03 4.994833846757354943e-04 4.213812553864352758e-04 3.142416801652532423e-03 -5.754826110676680272e-04 3.749401513484028705e-04 -2.888697186858513654e-04 1.109377289033673772e-04 -2.253599611529939544e-04 3.735606003969395164e-04 -1.728305146973320525e-03 1.133200251504973754e-03 2.423292130343022901e-03 -3.245199872895321931e-04 -6.495801349580634671e-04 1.917993848101743346e-03 -3.247298889275851332e-03 2.094084024905744530e-03 2.233582432650599824e-03 -1.950716948486666381e-05 -7.007017975015493623e-04 1.021834563172755068e-03 2.037225822750824214e-03 5.322125357381678103e-04 -1.057107864210429619e-03 2.513280430136477549e-04 -4.422575323767863499e-05 -1.194257877802161038e-03 -1.516532999904884492e-03 -3.909266793468960566e-04 1.389711258650514706e-03 -2.836485385170116856e-03 2.146431267626002382e-03 -1.520716255817056639e-03 4.044268837786437940e-04 -2.278002322840466057e-03 6.636789546089380239e-04 1.391674456947167467e-03 3.050954911802095885e-04 -1.841319099448221041e-04 1.712225332522433795e-03 -2.877163415931243188e-04 2.006875009407390427e-04 -2.476825245657922705e-04 -2.192758962651146189e-04 9.817439168392334218e-04 9.720835570001298267e-04 -1.071036419565490894e-03 1.287579074211663357e-03 5.680571306739402686e-05 7.945760953044104851e-04 4.742065122019950302e-04 3.371684191779482061e-04 1.308045289089614311e-04 6.767624789575783740e-04 -2.787948520568086629e-03 1.675669932129071702e-03 1.023025997478096131e-04 1.601217418878997292e-03 -1.079512261734893173e-04 1.365810273397799262e-03 1.792209207288464725e-04 2.590268359137837696e-03
-1.368980542631335062e-01 9.060163266449061670e-02 -1.321519059209303772e-02 7.360470544093688540e-03 -1.454125974865737997e-02 -1.141956690119349214e-02 5.061266964093770124e-03 -8.268513610712138751e-03 -6.725435141825877525e-03 -1.377730963278224995e-02 -5.833140526617096831e-03 1.247182048816206437e-02 7.578952254958942758e-03 -3.362365954115626322e-03 -1.750600317011914708e-03 -3.482452193361793187e-03 -1.059563439764151134e-02 -5.688079634264497876e-04 -3.873438485573482346e-03 -3.925087292777086276e-03 -3.695584538372134655e-03 -7.494912590246800930e-04 5.879499292095259275e-03 -3.328334950551117052e-03 -3.914138674332681873e-03 -7.100698452805423271e-03 -1.558351033811921499e-03 -6.385964721205976934e-03 3.911631139749658401e-04 -6.389900841593487398e-04 2.820855615976859947e-03 2.517062619251650749e-04 4.103754026077289889e-03 -2.761526874313004198e-03 -2.576934601163202027e-03 7.123222708481859351e-04 2.594159319789554174e-03 2.083431540571638405e-03 -4.115191124547945556e-03 -7.246743371325736587e-03 2.387446415428486415e-03 1.031427503477997049e-03 -8.175338554666811705e-04 -1.494385749882295783e-03 -1.083705090913412994e-03 -5.836162285422541495e-04 1.826684305689025385e-03 9.713993029649160274e-04 1.500679216688539713e-03 -1.788428957831407831e-03 -6.428205470631151875e-04 -7.590383830927223321e-04 -1.098617887979033486e-03 3.565007125489515292e-03 -3.651847343473691495e-03 -2.722325532352704285e-03 3.057600095438163176e-03 5.375689171415934517e-04 -1.939609714707662318e-03 2.633202990967099030e-03 1.949855144432045004e-03 -3.274600472770127207e-03 1.976166331539893316e-03 2.063163397486977163e-03 -7.032049580331054819e-05 2.021445324135618705e-03 1.116646394483670774e-03 9.625999977153162251e-05 1.185751122892742936e-03 5.372630087170049374e-04 -2.433661047598987843e-03 -1.366698231232593578e-03 1.511342418889153986e-03 1.602934472095419592e-04 7.457069123213349660e-04 1.564331203536594881e-03 2.045983843140750710e-03 1.044201313235440000e-03 -6.459900428587965222e-04 9.738431788148654280e-04 5.207304148548009669e-04 -2.363525323608541332e-04 8.788318736801146395e-04 4.525808057843215982e-04 -7.186850017135717160e-04 -5.724804906046293985e-04 -5.299066430377750644e-04 3.157348781407833113e-04 5.905381841451529459e-04 -1.797380465050163641e-03 -2.858728969606500175e-04 -3.079619264278660499e-04 1.153726165046012819e-04 1.176676324666536474e-03 -1.532505987460506625e-04 8.257260807756901071e-04 -6.880769077575824575e-04 -1.729715753250328589e-03 2.262376370806285387e-03 1.160995034596663377e-03
-1.271249549631728593e-01 1.087079880246536456e-01 -2.122813930592807458e-02 6.814437838365805175e-03 -1.435417354062627077e-02 5.451649301359167907e-03 -9.948105402843502101e-03 5.629986467662341162e-03 4.174972180002521453e-03 4.873164219757025219e-03 3.001737293806048049e-03 -1.574905871982130307e-02 -4.728376658780035469e-04 3.662408723283175783e-03 4.275032286035498029e-04 -3.721416624958992937e-03 2.840474534073838490e-03 -5.011487665423527927e-04 -4.055850862911080865e-03 -7.111655572707349139e-03 -6.543819891162272646e-03 4.058928205736255998e-03 -9.074416717750646540e-04 6.267195085873163325e-04 -2.412388689707469207e-03 -2.995648632945070115e-03 2.501506999992708993e-03 6.292263365202737171e-03 -4.727287871833993067e-04 -2.334607207640799348e-03 1.026549847962723990e-03 -3.703526467863802124e-04 -2.036971961748131488e-03 -2.020448958230793100e-03 -2.520730029874800222e-03 1.757594695491066124e-03 2.972107632415188667e-03 -4.160312282625882978e-03 -1.285522408311496907e-03 -4.934850894272814828e-03 -3.207367206415798980e-04 8.316889767055631304e-04 -1.595050060778242232e-03 -4.400089073957866889e-04 -3.473104059184993139e-03 -1.537341941164567733e-03 7.271716631263185938e-04 -5.950880020762274467e-04 1.667347954462654758e-03 -1.773266267440253875e-04 -1.036960627039556426e-05 -5.345253253135615664e-04 -1.522923138472933235e-03 4.817059988661079599e-04 -2.018005372496852173e-03 -7.374371201086995370e-04 -2.464029379076051541e-04 -1.353848347856609292e-05 -3.112841043449343821e-04 2.910426133521150518e-05 -3.367811799395568797e-04 2.200306019786993621e-03 -4.485630626077918024e-04 2.542653691246574816e-04 4.582220975390661165e-04 -1.527772081065352939e-03 1.321449838072993746e-03 -3.847190284740120486e-04 -9.232845523640878646e-04 -6.196881449752096463e-04 9.470236484697145199e-04 -3.729259432203797017e-04 2.212097693930826104e-03 -9.174800925146494018e-04 -1.736559541170190244e-04 8.759624053234113224e-04 5.401358535173724114e-04 -1.096181437680853040e-03 -1.555819455016319442e-04 1.656272888614404581e-03 -8.710873215424202835e-04 3.118764192175641392e-04 2.305865372741036428e-04 -3.783956940271722782e-04 -1.341313348758608158e-03 -5.305433613532101233e-04 -1.289711461948123659e-03 1.100506414763612571e-03 -9.807354765725992494e-04 -9.287595620280190978e-04 -1.379959440665586208e-04 -1.336127058577025496e-03 -9.023873618921199411e-04 -2.049052786534913146e-03 4.227018219799701364e-04 -1.398379052672499767e-03 1.955410924822999306e-03 2.210867572500652828e-03 -6.908719100192574521e-04 -1.738215678426427218e-03
-1.225813043570366939e-01 1.068079299849467173e-01 -3.902094610212159670e-02 8.967909036311089155e-03 3.221137281043247812e-04 7.062765073742327711e-03 -1.725617598835231872e-02 1.049036886608050063e-02 -4.220507218563383615e-03 3.558078818266076154e-05 -3.127142018043402132e-03 -3.651713052538400721e-03 4.905978490435394627e-03 -2.113301684961575461e-03 -3.446430304934122984e-03 -1.550787766411760530e-03 1.554058087667069439e-02 -1.876263636669813417e-03 -6.896447242313272739e-03 2.172403243227895558e-03 -5.234891038248097811e-04 5.164786181806990673e-03 -1.898154666405736353e-03 2.675802182308274942e-03 -2.535469498728907395e-03 -5.336546073552221776e-03 1.761100401497230246e-03 -1.979176525758152751e-03 -2.691731588610959611e-03 1.119433655732771874e-03 -2.672774210471607747e-03 -1.050745122734564980e-03 2.570101479041994857e-03 -8.053697758507428160e-04 -2.855571387748991226e-03 -3.051598129206721695e-03 4.504391746138750236e-04 3.747362983229101611e-03 -2.419449952306875070e-04 -2.447216442564394741e-04 3.426373449576339617e-03 -1.529278340101648467e-03 3.795112832843309625e-04 3.983817432266663068e-04 7.363793431816837050e-04 3.094210807991485041e-04 -2.033510319237401525e-04 -1.737905280596133009e-03 1.217734263941676966e-04 1.915444811209076996e-03 -9.648233591825024951e-04 -6.159888636411096213e-04 1.535272780052050583e-03 -2.763759539548161104e-03 1.456458040315046975e-03 1.814343976437982498e-03 4.282245047435322469e-05 -3.882956440074439254e-04 1.923328029271525498e-03 8.001229631329395122e-04 7.257634561144401999e-04 -6.497804034238779383e-04 1.021671872514800410e-04 -2.758825481816517362e-04 -4.657406480494238801e-04 -1.669316800629147297e-03 -7.392508412161118495e-04 1.856681981531047194e-03 -2.233885789997280390e-03 1.889727481258629853e-03 -3.917369250698590983e-04 5.244119437696629152e-04 -2.174306779969736349e-03 6.864230439416995873e-04 4.486983101329808528e-04 1.162942598083726052e-04 -1.511846584462623385e-04 1.309364872445039534e-03 -6.335922483041882877e-04 -2.636272714095286426e-04 4.811082617461974725e-04 -6.860899408346754361e-04 6.458570161288656108e-04 7.186484266391254035e-04 -1.078898452983771163e-03 1.252926563732891657e-03 -4.031706457910772478e-04 2.033352359659979522e-04 8.349381334071565453e-04 1.679545857960155618e-05 4.191538655137359479e-04 6.375926521150250418e-04 -1.924625470066589940e-03 2.343791830625445612e-03 -5.771943974930428788e-04 1.085455314308803954e-03 -2.772836207008797134e-04 9.860507356339071224e-04 6.372056561575129355e-04 2.186090263210670182e-03
-1.378777237801707412e-01 1.203943017597590703e-01 -3.296013364641058041e-02 1.954449689527117118e-02 -1.059465899659246639e-02 3.021617321814714405e-04 -1.400802217850549009e-02 4.824458477132819150e-04 -4.472660580783494044e-03 2.227491907004313081e-03 -2.056097725068202313e-03 -4.111672722754030479e-03 1.159799230047445706e-03 -6.600637649787484580e-03 -1.001520841940511117e-03 -3.407407295086164589e-03 9.715486531114685825e-03 -2.642254401168932839e-03 -3.353539181328207656e-03 2.627827526035794465e-03 1.569016423097177907e-04 2.265729257350227246e-03 -5.108960503854382759e-03 2.836849323583789766e-03 3.698168853703584329e-04 -3.498279320706155506e-04 -8.313749335708269395e-04 -4.052819269687529618e-04 -1.544943018723098820e-03 7.936553287081057006e-05 -3.089844748719929816e-03 -1.447129310532406987e-03 -3.133317298820137274e-05 -3.022258732069378531e-03 -4.589350990708175072e-03 -1.257548710136547048e-03 6.867512414828494350e-04 -8.867348572455642454e-05 9.697096085274606488e-04 -2.657110033367215095e-03 2.528018912414531881e-03 -3.321469524460592105e-04 -6.350144439729168500e-05 1.686618372270375522e-03 -2.389285891439540672e-04 -1.335058584042340176e-03 -6.523788275576182516e-04 -1.162711871609420139e-03 3.390192794521491122e-04 2.001993914481636772e-03 -1.275242297214863397e-03 7.463572630676492715e-04 -8.366975687442154220e-04 -1.024346809585929526e-03 -1.933658594498780491e-03 2.918065197707090893e-04 1.031366579402335061e-03 6.003069015972836969e-04 1.521332661130675402e-03 7.184412998323197810e-04 -1.123744109861990470e-03 8.050308643964468715e-04 -3.650402847014160490e-04 -5.423761339619996547e-05 9.677986219632080068e-04 2.957605224085708842e-04 2.011679427416795691e-05 1.039134196587838607e-03 -1.145943928676019944e-03 1.408483305990447694e-03 1.040379935526878751e-03 -5.442141046098220025e-04 8.868465734617114390e-04 -6.541525564515133064e-04 -1.057537152229055203e-03 -2.413561833797878337e-04 4.249822077124379796e-04 7.819578829643693794e-04 8.236809353808734798e-04 -7.894716648893625654e-04 1.183318618190304762e-03 -1.439324782758333483e-03 2.709907634443954627e-04 -2.680336142362251830e-04 3.772778257249648302e-04 6.369927230318445360e-04 -1.486280531530413630e-03 8.039010223255626088e-04 -1.974904156349002575e-04 1.419161130016047856e-05 -1.726206973656231581e-04 1.160376735581858734e-03 -7.240995801178459800e-05 3.695424355334723989e-04 -5.728723376940220375e-04 -4.826069493742146123e-04 1.140460767453185340e-05 -1.249097521697752934e-03 2.905743207971603608e-04 7.335049123166068660e-04
-1.306052732231450242e-01 1.353119078885541282e-01 -3.228033556528616538e-02 2.547424626260119673e-02 -7.124821869955111353e-03 -2.033966974510405430e-03 -1.211227781260298085e-02 -3.636102799593013760e-03 -3.472742203535153591e-03 2.708934664962356093e-03 -2.248455930757057263e-03 9.847278690168937299e-04 1.411132557736643816e-03 -1.178567148836653054e-02 -1.161672862528635632e-04 -1.783022125063132585e-03 5.150457131160800749e-03 -2.372843919485599553e-03 1.562913970272309739e-03 5.326957431418564287e-03 2.961585846132673994e-03 -1.831679127686476746e-03 -5.459517041933504948e-03 2.938519679206293752e-03 3.024041629389928945e-03 2.263461923179345501e-03 -1.138342614819261777e-03 -2.890609541689284287e-03 -3.928228887122714994e-04 5.431234727193803066e-05 -4.227083997718907894e-03 -1.518823175520453081e-04 -1.413253746141123228e-03 -1.583634904989799459e-03 -2.601414001792047657e-03 -5.109905444822300394e-04 -4.504813136298295440e-04 -7.376426265240708467e-04 2.030029542291867696e-03 -7.223454424384950442e-05 3.532793239680035910e-04 -9.335932217791253422e-05 7.601221783584877125e-04 1.756555650023314177e-04 8.650578751473885798e-05 -1.485566010128288250e-04 -1.402752526138878290e-03 -1.147497153443485058e-03 1.845461783662600533e-04 4.484553784971706731e-04 -8.238116057502364604e-04 4.401566579420790521e-04 -8.084313557237394988e-04 -7.548690467313467914e-04 -1.403662458176633968e-03 -1.760644859175553590e-05 -1.137065468720005636e-04 2.595260227597279623e-04 1.081498429817696156e-03 -2.842007909426293947e-04 -1.040633020951465182e-03 8.758025394533587886e-04 -9.177217176619230843e-04 5.520436627336678575e-04 1.096079206526380436e-03 3.664589768695259786e-04 -1.432092466625540606e-04 -3.724984526797488530e-04 4.622364396458172398e-04 -3.000898331055193240e-04 1.068654744168788919e-03 -6.158749948590291207e-04 1.135970099644445508e-03 -5.468305651805790892e-04 -9.935107107310080839e-04 -3.016016695296027403e-04 -1.023302699994990813e-04 5.478767268977065069e-04 6.239468851011558933e-04 -8.626149117451586924e-04 1.362212724547079900e-03 -8.361842802000127306e-04 2.784932238585517431e-05 -4.932298511893318856e-04 1.832669701052150617e-04 -2.396041994772583384e-04 -1.698457977201589021e-04 1.687979642573039308e-04 -6.344635387672541583e-04 -1.796617456969945364e-04 -3.477710179327051540e-04 6.755645036504110074e-04 9.727715423047606554e-04 1.693274847108709009e-04 -6.855097613514209804e-04 -3.453643327185060893e-04 1.149540106172917113e-04 -2.331395759729974239e-03 3.345314994968785912e-04 -1.086797879702771426e-04
-1.304134122171020926e-01 1.280899001225186684e-01 -2.449902976996251938e-02 1.896817265484544365e-02 -7.239422427630148871e-03 -5.292810049460128924e-03 -1.099202831830493887e-02 -4.102696165217942269e-04 -6.378031272727668725e-03 3.303142546131937647e-04 -1.072845917296480749e-03 2.965701732148590293e-03 6.796955943110625110e-04 -9.837381824506255881e-03 -8.789678014383003023e-04 -1.508090674270734640e-03 5.756286934093315065e-03 -4.347756653207443360e-04 6.944162888978570262e-04 4.227418872916251583e-03 2.426203852314871064e-03 -1.506372155480787062e-03 -2.223001693679462886e-03 2.073903737145434308e-03 4.330577254764652467e-03 1.630818908867052172e-03 -8.642970564086606021e-04 -3.583853377615576086e-03 -2.591532160236234995e-03 2.135467697995386529e-05 -2.916094320688972490e-03 -2.173498398887543925e-03 5.878249476533707347e-04 7.637038104936376068e-04 -2.565928076825720570e-03 4.583980516908072855e-04 -2.887699776136924343e-03 -1.247030365743169358e-03 1.486177220756640491e-04 4.822019774397776353e-04 3.696236026419038711e-03 -1.118961029028755008e-03 9.648056090620105727e-04 1.054347345834754897e-03 2.290996565717164091e-03 -1.530734416279749127e-03 -1.569050668739050466e-03 -8.214608794370070353e-04 -2.218701697398363024e-03 2.078446717369416760e-04 -8.784366790523991803e-04 2.331234823257835338e-03 -6.642459532206564272e-04 -3.064938105037602438e-03 -1.664243769268123089e-03 -5.950324558259168384e-04 3.019505811106006597e-04 1.323877053381993700e-03 8.868548280598104617e-04 -7.823899370749244717e-04 1.397383798699766027e-04 6.385565382372671234e-04 -1.270025671737439040e-03 -1.154889071231503512e-05 1.163190059318172697e-03 1.356480247015555982e-03 3.929134503916966456e-04 -7.020851404303203374e-04 2.057335727438398668e-04 -3.184532516109419859e-03 1.133733509007368856e-03 -1.432282309953668200e-03 1.767269330651482888e-03 1.832384390611273197e-03 -3.602390996396072115e-04 8.942559862328554147e-04 -1.072662213020665178e-03 4.052487889873898326e-04 1.970988824683903105e-03 -1.328909491071893299e-03 5.965798952680345874e-04 -4.335016438561544632e-04 -1.453477366080678903e-03 6.600891582829514041e-04 6.843681091304937899e-04 -3.174003716844398079e-04 4.696685729645845944e-04 -1.159779498230084247e-03 -6.582943848210149479e-05 -4.793149289069005353e-05 -2.618884922713806654e-04 -6.070497483066407407e-04 1.826712711890727441e-03 -1.418498829634073271e-03 3.667338863180677130e-04 -1.273136715229352105e-03 1.948593452914186390e-05 -1.777247356685481309e-03 -4.442829426635791393e-04 -1.418297439519425633e-03
-1.348212132576685485e-01 -4.894319776722239751e-02 -3.649578192229269158e-02 -2.192214175589288390e-03 -1.266634092228929344e-02 -3.543069279069679944e-02 -8.164334536773225348e-03 2.601603619775477369e-02 -1.449036503655796310e-02 4.372799983247728159e-03 1.532190575970426155e-02 5.666494427992487806e-04 -3.432015302269486416e-03 8.064141080005455533e-04 4.765150170228518028e-03 -2.115931486711550985e-03 2.734972872741934721e-03 3.197353355145368409e-03 -1.905346569680742286e-03 -9.796756960998508849e-04 2.073016246262901572e-03 -2.313070980469132936e-03 3.394835442090353601e-03 2.126855978327965059e-03 -1.085975162419800574e-03 1.663825963096406298e-04 1.680270246671531275e-03 1.153592047138904267e-03 -1.271058535812899948e-03 4.373136624563712938e-03 1.115602826132963948e-03 6.525882186479946279e-03 9.363580025179217255e-04 -1.123340380827053935e-03 1.704540588579783484e-03 9.664971218310785097e-04 -2.388686412656271241e-03 -1.382543860852785507e-03 2.545306327526905988e-03 -2.473821652950521088e-03 -7.134665027036007001e-04 1.933985011018020525e-03 1.357748981640240216e-03 -1.710720047128142960e-03 2.181072033855136622e-03 -2.860197350461801159e-03 -2.095439323670975052e-04 1.383218058093092914e-03 -4.672829580217775932e-04 -3.612402477715522214e-04 1.493722021085020293e-03 9.606498233489381249e-04 -1.885768948716760223e-03 -6.547271158209596155e-04 5.851708044057528195e-04 -8.144143994498110229e-05 -3.169561863633683224e-03 6.605218462070361514e-04 -1.337894457333471719e-03 -7.770265768202577880e-04 1.526392118453090549e-03 8.063495097283681712e-04 1.770468006435136797e-03 -2.584740556853452973e-04 7.742301860440231696e-04 -5.197174203230805383e-04 4.924284595540956736e-04 3.732691699793257200e-04 4.752024582977189835e-04 1.564272091554842986e-04 -2.032759725316400125e-04 6.883367461518417061e-04 -2.450551569539937379e-04 -9.969490832660984556e-04 1.045979846569983869e-03 -2.924409103849648817e-04 -5.344744012135549524e-04 -9.235467535732564456e-04 6.551233896283538546e-04 7.565534023078152948e-04 3.760065232035045735e-04 -1.134818675578345547e-03 -9.180669167796212280e-04 5.525965612558408815e-04 -3.802504837906193818e-04 5.101920847731804699e-04 -8.557593263990308403e-04 5.969182897867581676e-04 4.391241929467302541e-04 -6.008788296561791550e-04 -4.606224318818115046e-04 9.402627407654757380e-04 -5.110750946989657323e-04 2.472513456170674444e-04 -1.041154773058963198e-04 6.389661573042538590e-04 3.694336214829415104e-04 1.202296538799461911e-03 5.619115535517430794e-04 -7.250311406430347391e-05
-1.368416372060566877e-01 -5.266162881764621662e-02 -3.561308815507407965e-02 -2.927444627648951875e-03 -1.244523095792664583e-02 -3.551806841974666090e-02 -6.590834464303300944e-03 2.372848699567420630e-02 -1.535741579352387781e-02 2.467609490655600733e-03 1.477908978712610434e-02 2.770483710867166147e-03 -3.311206945149809677e-03 -1.884060323621380680e-03 3.308429782552671419e-03 -6.457892524645562253e-04 2.691088741917235880e-03 2.964889435498243870e-03 -2.778956794089964752e-03 5.232899450127747633e-04 3.196769951394404577e-03 -1.992594534347071240e-03 4.141226332093790423e-03 1.885001699860557609e-03 -1.729196046391681197e-03 -9.848450857758214846e-05 1.216711362547267909e-03 6.241468871767779075e-04 -2.766839971038299569e-04 6.231533326003534101e-03 2.003994385447697459e-03 8.381444675482121673e-03 1.806158056405181072e-03 -4.409187273688651670e-04 1.395945080107911405e-03 9.516799280219434510e-04 -2.926151633208431534e-03 -6.705931777694159766e-04 3.847381117149236904e-03 -3.312050013296097706e-03 -2.024450458861877435e-03 2.257359010083003457e-03 1.813984244516449445e-03 -2.151856274274891161e-03 3.080185484056344528e-03 -2.808227402833732463e-03 -1.475374700069690152e-03 8.646248824290211649e-04 -9.208209534613523341e-04 2.512180221275907678e-04 1.136587293527522701e-03 1.768871049590933341e-03 -1.935053994041676826e-03 4.447408099747583807e-04 5.144332343976149372e-05 8.748586851535978702e-04 -2.679889436775986442e-03 3.725252282307635137e-04 -2.630945576200948051e-04 -1.310862972231872144e-03 8.848981269121340785e-04 2.593786817008053385e-04 1.466101592151128298e-03 -3.854378003834193480e-04 4.399200383555296385e-04 -1.162167035152964281e-03 -2.057373097704788252e-04 8.305661610686959542e-04 1.716278191615629514e-04 -3.413751934182118297e-04 -2.369257366450013718e-04 1.145665266268894008e-03 7.868581606366916456e-04 -3.227957243560416892e-04 9.450089448003008230e-04 -4.629461395386253873e-04 1.106553945041034199e-04 -1.263901398366087730e-03 1.257822342196381711e-03 2.710662062246046501e-04 8.464062060623227636e-04 -9.071474580319217104e-04 -5.713932925965539830e-04 4.745060106953128266e-04 -8.071995947316779757e-05 7.895287085853695862e-04 -5.842486687146269606e-04 1.638603039211099786e-04 3.167561779075959505e-04 -6.020929681878143527e-04 -3.965591254476139894e-04 8.419306307133179014e-04 -1.064867088046279409e-03 -3.151477816709306705e-04 4.510588454427354090e-04 4.682851877638848775e-04 3.965800942164487714e-04 2.357166306853423479e-04 2.063463389008765656e-04 -3.397942199052997867e-04
-8.625455158525527355e-02 -3.226106851524501024e-02 5.654544971681498000e-02 8.565309779794532882e-03 -2.391741970175764731e-02 4.205672231240539446e-03 7.208142589339723572e-03 2.225091165505812055e-02 -1.014596100291305543e-02 1.516357164405158185e-02 -3.456925102458336535e-03 -1.048636425843729909e-02 7.318952881906247779e-04 6.410754946576703583e-03 -4.881371272665970332e-03 -1.242268857526799587e-02 -4.664126481990388783e-03 6.390964112143382968e-03 3.604582246215549523e-03 -7.596710496546848351e-03 2.875877814007409428e-03 2.394405237559640853e-03 1.626945454347304221e-03 -3.001141384860136520e-03 8.245553673857141178e-03 -2.799371148078107652e-03 -2.493611427719988945e-03 -3.669963276598199250e-03 -3.775177091799170048e-03 -7.253351085098444680e-03 -1.860184185430529841e-03 -2.534716253922515618e-03 -9.767496429832238022e-03 5.173515956197623336e-05 3.052089807270625364e-03 -1.613355669789743978e-03 1.965954568811111719e-03 -9.786851773179660544e-04 -1.671798725784894154e-03 -2.904433980377058608e-04 2.366629565070219217e-03 2.381269280610650262e-03 -1.702985630328242034e-03 -2.880274895641643691e-03 -8.180557021266423494e-04 9.665844180187684043e-04 -2.236948097356371984e-03 8.926736872479611997e-04 2.510414265576004205e-03 -3.957629011185081341e-03 3.262463570393804406e-03 7.766112351847542349e-04 -3.917828834099182887e-03 -4.278618737933495217e-03 -2.382660157022822248e-03 5.991054567633444586e-03 -2.616071234830889738e-03 4.707100337253311193e-04 9.852995191539780807e-04 -1.084665047021508713e-03 5.459158131477204537e-03 3.591967418628719960e-03 -2.217217391782349515e-04 1.917067041961486532e-03 -1.600454797307026243e-03 -1.372706787925155039e-03 2.095512886445790798e-03 -1.969862232179336466e-05 2.737366723199109730e-03 -2.554355934138313484e-04 -4.732376927187445688e-03 -3.722453566042866358e-03 -2.246999853766371361e-03 2.733428448473680054e-03 -7.359932983607661051e-04 3.068882135636443690e-04 -8.984076329935897741e-04 1.828052431528709616e-03 -1.971965946354839114e-03 -8.999630538581031335e-04 1.187609730421701265e-03 -6.008510227468792609e-04 -2.474245071943049416e-04 -6.115170138381172907e-04 2.536218239775869972e-03 1.681043402906335802e-03 -6.608985976691124841e-04 -1.219655943075804723e-04 5.476242952260753846e-04 -1.457451642977174774e-03 -8.517421249846415104e-04 1.368645880992641183e-03 1.251701434296719493e-03 -1.042360036707223837e-03 -4.649495813490665255e-04 2.834433900717784130e-03 1.798470102375287756e-04 4.749258739217919858e-04 6.511622229571364202e-04 1.770917805720066077e-03
-6.980329650171621103e-02 -2.367908491989474326e-02 8.565247086469544857e-02 8.004226940373601606e-03 5.697627139314189772e-03 -5.264159722866929535e-03 -3.280513620038566155e-03 4.241886488329034595e-03 -1.524312744521401364e-02 2.790433850605982674e-02 -7.887600207235513292e-03 2.566575434499202436e-03 -2.442211182991523531e-04 4.528812997886139395e-04 -3.550047855930303382e-03 -3.296573927155850483e-03 4.427839565929420768e-03 7.712890907894911184e-03 3.189744039961105605e-03 -4.222351619758869280e-03 -2.388149620163235003e-03 4.321866087040544639e-03 5.839562477566674105e-03 -5.112310164947791655e-03 -1.269426933295709310e-03 -4.748730436293444566e-03 2.938165534024154285e-03 -4.485741723806517881e-03 -1.907692454215153231e-03 -3.514262645940413338e-03 -2.356093279503282140e-03 -5.845260543548771873e-04 7.978095931818041499e-04 5.554311649182319156e-03 -6.174826227963851367e-03 8.038439702444206622e-04 -2.541895222091973463e-03 -3.209131468064033328e-04 6.040779242880563345e-03 6.658566707264052323e-03 -5.238851641050295627e-04 -6.509573998849721085e-03 1.470017470622498549e-03 8.085113459707657466e-04 2.483722137844960980e-03 2.217714400520561131e-03 2.684037354971397665e-04 -6.038336327223943305e-03 4.019099692454961362e-03 -1.886594498253588246e-03 -2.417752633655437158e-03 1.847502314496467495e-03 -5.378791943359063563e-03 5.836338939092782646e-03 -3.613025119540895589e-03 -1.792060989108324159e-03 8.315794421981141053e-04 -4.623457957773351168e-03 -4.915920360122642482e-04 4.073494388003306445e-04 -1.578018139424516462e-03 -2.939451184840995417e-03 2.804995864347290153e-03 1.998407204210185441e-03 -1.952138864075964389e-03 -8.152938937626727327e-04 -1.541638313503184039e-03 -1.531623341509171605e-03 -3.530799992877736888e-04 2.154762104001293425e-03 1.906455427647911049e-03 2.178015036620145877e-03 -1.875510438120972815e-04 -1.317723819506621879e-03 -9.930933499202861201e-04 1.190971676102181706e-03 3.717606010178861695e-03 -1.677362433163562261e-03 1.998126575210566486e-03 3.826039597007988881e-04 1.562555258755980161e-03 1.473797693104232425e-03 3.039865711188204783e-03 -1.332834355121158797e-03 8.830249215338144752e-04 -5.337327542889647083e-04 1.529544172379870013e-03 2.753783652039500400e-04 -1.800528919415306337e-04 3.868062278661792770e-04 -1.758504187926676751e-03 2.834959909904432359e-03 5.638961499181083465e-04 -1.251023670253902326e-04 2.325819213255843343e-03 -1.448145611571257469e-03 -2.280772603161698893e-03 3.538962918573063088e-04 6.397963171511987339e-04 -1.236483199465362006e-03
-1.679488588261456375e-02 -3.512240480313112700e-02 6.365516233700321824e-02 3.997789349880771781e-02 -9.680691940841919946e-03 -7.157162473705218179e-03 -1.022166346540369017e-02 2.926277190225970437e-02 -1.365376732914519789e-02 1.817960486229078937e-02 -9.494224179535233578e-04 -1.848521883012017994e-03 1.964551283245180927e-03 4.922861732357642142e-03 8.724160176179251210e-04 -7.310214603992039317e-03 -4.180508680654641471e-03 8.319431626318206027e-03 4.433936289254342134e-03 -5.201859420341979623e-03 3.811778877407004731e-03 4.725281894723161458e-03 5.266773296193381221e-03 -2.318447342064545915e-03 4.899173011049869075e-03 -3.863634020684568980e-03 -5.639836462016259086e-03 -4.147203075084694018e-03 -5.920748495657448228e-03 -6.863988238839014225e-03 -1.632214708366673799e-03 -6.855404865169672721e-03 1.413187135208740031e-03 1.800109687345382908e-03 6.248931747213446602e-04 -2.481915745680243150e-03 1.445544355312062754e-03 -1.063397633053997024e-03 -3.320858538145363657e-03 1.216524780662052224e-03 -7.317975192539533593e-06 2.041985135132738671e-04 2.829114671629681318e-03 -1.410695150007149285e-03 1.465131945084025954e-03 -3.609535821293559290e-03 -2.148264569925029035e-03 1.871195905035897113e-03 -9.969912666085479786e-04 -4.963547313525628647e-03 2.959109889157002281e-04 1.812513616117242482e-03 4.531307266866932242e-03 9.832222645177932617e-04 1.374568910885249880e-03 3.736596319479169263e-03 -2.247540434465291129e-03 6.410168073539854704e-03 -1.857909615002615927e-03 -1.421608253192725236e-03 -5.960979635553434464e-03 7.272999211225843934e-04 2.744817798313948566e-04 -2.325492799214962190e-03 -1.937474663124071073e-03 1.496726578430625102e-03 6.576869013501193163e-04 -6.890812838323463773e-05 -7.337541024854320150e-04 2.680565332899862395e-03 -2.470797712832899858e-04 3.370914587328925540e-03 4.119180183079228057e-03 2.631333843054680342e-03 1.494640955400397021e-03 -1.006162389082242451e-03 3.903007866814379827e-03 5.913866226816937022e-04 1.769582780673970577e-03 -2.106050013091966683e-03 -9.963646235221597022e-04 6.005623244961668218e-04 -1.439439887438766393e-03 2.213115208699107430e-05 -2.570948291913099145e-03 1.036344820822312487e-03 -8.017959922741581345e-04 -1.368494404281774338e-03 -7.020661084382083875e-04 2.820927113295677944e-03 2.979064000796464474e-03 -9.543106050929320208e-04 -2.304565877061632803e-04 3.040928065431209096e-03 1.288776330136892374e-03 -2.660251510123824888e-03 2.026165836636893789e-03 -1.740635118457128309e-04 -2.434530418769653573e-04 -7.350824752764400236e-04
-1.360689207041737847e-01 1.285544019588644171e-01 -2.518888723680128006e-02 1.748432986113362606e-02 -1.569733694241166877e-02 1.712307691101583665e-03 -1.123050095896289437e-02 -2.692715950881753150e-03 -3.154325040153258680e-03 4.033444378275920748e-03 -2.200125334704320073e-03 -8.940859268883447411e-03 -2.310480614506842285e-03 -2.973029953650571568e-03 1.293201651643926652e-03 -1.707410910196335320e-03 2.978380788003470725e-03 -9.392395724922468839e-04 -1.791305662375750583e-03 -2.896564034541903535e-03 -4.087596761224935281e-03 2.768579071339438875e-03 -4.269704616200614873e-03 1.532887625915036519e-03 -1.771872856842945845e-03 -1.039734051078087780e-03 -2.173351526548838834e-05 4.115689441787606130e-03 2.404417151166917107e-05 -4.399373896610909366e-04 -6.196572798334664236e-04 -8.945032590081155709e-04 -6.833148428449185028e-04 -3.133290303033048688e-03 -3.161302703867671128e-03 -5.204389071500959470e-04 1.513935901147377095e-03 -2.457827106389788574e-03 1.919165642087824336e-03 -3.242462707815150450e-03 -5.596270597515128065e-05 -6.581164115832886493e-04 -2.109792739322372511e-03 2.392619910015767511e-03 -1.139271091962415624e-03 -1.493198048397737475e-03 4.200562270194100841e-04 4.903483527832761587e-04 6.966063987305451139e-04 1.928927613547145800e-03 -1.629208469229463706e-03 7.245731767967781211e-04 -1.576603841776572914e-03 -5.511109896985684064e-05 -2.278009542240804017e-03 -9.586659382175886186e-04 1.858632463660478537e-03 9.584195141844835788e-04 9.663719585269064417e-04 2.165032081789110534e-03 -1.939077225313291450e-03 2.234998896396971600e-03 3.323505598826349654e-04 1.661902377301607858e-04 1.029405085133590228e-03 -6.857165617312295167e-04 -5.482438425512802796e-04 2.101176376669255366e-04 9.967311783098590063e-05 1.314384864488952901e-03 1.932404310538098904e-03 1.033247558110456446e-03 4.689025807288461326e-04 -4.140441844583211441e-04 -1.174938716152464091e-03 -1.080308482542368135e-03 5.496920526743266601e-04 1.048040278011767986e-03 2.738083046807473792e-04 -4.687129299848811310e-04 2.210456872350893473e-04 -9.242468241864454240e-04 2.587461367238105695e-04 -7.210266159940122458e-04 1.316319603367516362e-04 7.258971136703119657e-04 -1.490863028986953069e-03 -2.589061739064051093e-04 3.787203752063946871e-04 8.292024038059497176e-05 3.727003840559512185e-04 3.322349043130502148e-04 2.245284147629034274e-04 4.468446946340634378e-04 3.771921374838234690e-04 -4.632113211617628137e-04 7.437588221507694100e-04 6.252019567965198680e-04 3.623698082940498286e-04 5.485652069263860639e-04
1.274447571024243941e-01 3.053088652583103857e-02 -2.237271057232835189e-02 -6.421740971534553588e-02 8.890743468000677704e-03 1.507626444864607930e-02 -1.480126890679035571e-02 2.162990371468906381e-02 9.371388700513457598e-03 6.044900044593459754e-03 -5.697293284186138573e-04 4.170142550579082272e-03 6.548493286044495230e-03 -3.899213581218496840e-03 8.627374381202724055e-03 3.268139178411098595e-03 3.427106145293756269e-03 -2.034082063982617372e-03 -4.079615637912338924e-04 -6.341992476560824078e-03 9.034095895013160172e-04 3.885087836571451177e-03 -5.243231081538485489e-04 -4.765138519501100917e-04 -5.744589781519173627e-03 3.307208717654901500e-03 2.256279259780996117e-03 -8.012035420185113083e-03 1.219703879945409006e-03 -2.575764468078496020e-03 -2.278036522748994313e-04 -8.424530553850888281e-04 -5.380246214371181383e-04 2.966280010485781147e-04 1.169959942951254986e-03 3.176448647314049703e-03 -2.131601438555582153e-04 -2.776234726370637070e-03 8.892012846713043782e-04 -1.325463121129483212e-03 -9.068515249306052448e-04 4.844856477255448518e-03 -2.484128972734532623e-03 7.234832962447855639e-04 2.270396859245474460e-04 6.208989806416357563e-04 -1.165386304590854301e-03 -7.619070291555600548e-04 -3.346668477549803213e-03 -5.231890136287699333e-03 1.098459443530500719e-03 2.526844403125055784e-03 7.402768152427777974e-04 8.174981769741125007e-04 -7.252447388686571455e-05 -6.461981076699598167e-04 2.251868377450601776e-03 -1.392681363262371569e-03 5.197583820264662404e-05 -2.488075376473539591e-03 -4.609171487786549150e-05 -1.025323134094878724e-03 -5.424017868787490352e-05 6.603787200900512657e-04 4.953234650099613834e-03 -1.135711102934120831e-03 1.713664311803369741e-03 -1.510023615530330793e-03 -5.969723381473227269e-04 8.780295653192180926e-05 3.845382214059721825e-03 -2.698226042060668066e-03 -1.177997804888403205e-05 -2.503433918458576775e-03 -3.687255483703258505e-04 1.613543078986379555e-04 -8.614082438809046510e-04 1.697903036958280359e-03 -1.291703686574791760e-04 3.918374630385979386e-04 9.454395700877857474e-04 1.797476162546034250e-03 5.895257833233647545e-04 2.430392366168514316e-03 5.517116909800642670e-04 1.206820630753303045e-03 -4.275675521456197064e-05 2.061682077511104751e-03 -2.378729595531214186e-03 2.908375381091480791e-03 2.918095019360913479e-04 -1.926801453615058614e-03 -1.702684208691839516e-03 1.238282060882231819e-03 1.094699302221347967e-03 4.442502234767883276e-04 -1.042689887976402116e-03 1.227134126016458503e-03 4.428433299075191652e-04 -7.247919933469209068e-04
8.801770300039124528e-02 3.639713409264025423e-02 2.479331595254112910e-02 -6.237601752614968520e-02 3.005612597405770640e-03 1.578051744518892824e-02 -1.379209620885965722e-02 1.839681612639633423e-02 3.308449622759961767e-02 -3.030459942263421906e-03 8.433942654632506017e-03 -4.082375106362902926e-03 7.407451781296149097e-03 -5.649488547149127474e-03 1.234263910627505720e-02 -1.683979149993401541e-03 3.206621111929418202e-03 -1.726003257209003270e-03 2.649146718315285951e-03 -4.091897927890343276e-03 -8.444435609143000933e-04 2.882642055292859360e-05 4.379588151875440406e-03 -7.028244697545948201e-04 -3.221445572921650957e-03 -6.452771179638424519e-04 8.469085396522312438e-05 -5.658661079629435584e-03 -4.936066102545848787e-03 3.857859549691241034e-04 7.372610702869736299e-04 1.849657167010149194e-03 -2.534514877770344989e-03 4.648492264708262850e-03 9.902353999847171226e-04 3.664065243312781585e-03 8.973613133844823755e-04 -4.943293782802850832e-03 1.691731550848414763e-03 -1.901707832950425524e-03 -1.970638829840035914e-03 2.961502310684281224e-03 -1.140187950392448305e-03 1.714091064512200159e-04 -3.976191952536799884e-03 2.054018939371014471e-04 -1.616025912094236827e-03 -2.880319657450826527e-03 7.650165462482115758e-04 -4.870061283004458591e-03 -3.027842862200001272e-03 -1.682183685290137914e-04 2.548429567638076359e-03 1.456117911221143073e-03 -2.303585376378567123e-03 4.447425001736638578e-04 2.999684295914012552e-04 7.706520591844080595e-04 1.114130031776160872e-04 -2.818722230802084110e-03 3.960885767024122312e-04 -1.975760308316675754e-04 -1.429007291945231595e-03 4.941273431614056711e-04 -2.287775279067504487e-03 2.323489549515456339e-03 1.208726698360359153e-03 4.791757866247155256e-05 -1.986646773198963087e-03 -1.992455337652956990e-03 3.563767961859666371e-03 -2.365250867519000377e-03 9.935541071912092591e-04 2.844458563924882281e-03 -6.947901821854815790e-04 -2.708458177657473978e-04 -2.216659047964017037e-03 -6.287092520683570463e-04 1.169168389199459930e-03 2.138606185618614427e-04 -5.279014794763450206e-04 -2.184362687684758119e-03 1.980707963041959500e-03 7.908809307181863214e-04 2.175639972953024182e-03 -3.832110123784953650e-04 3.141880671742633847e-03 1.083974461444908027e-04 -1.198164718713744812e-03 -7.602255832111869246e-04 3.986469864132990287e-04 3.905054202308686547e-03 2.434714417772322961e-04 -7.063466815117913937e-04 -2.381454315578029283e-03 9.876325698506408565e-04 5.011292360150022308e-03 3.924847724889548965e-03 1.929254675277380275e-03 1.621427045262063783e-03
-1.323394355531427591e-01 1.301117197323246044e-01 -5.318532738177629213e-03 1.042269935230608589e-02 -1.610323198297746589e-02 -3.540938402784661512e-03 -1.464917024782611986e-03 -5.433638676893056546e-03 -3.861469538034443193e-05 6.371739617689141551e-03 3.512162906838473334e-03 -6.931134981437334433e-03 -6.086432235500764849e-03 3.297835637377016880e-03 4.219763047861617086e-03 -8.125033924613815454e-04 -5.887476479468685235e-03 8.747879005575624669e-04 -2.495680985634361466e-04 -7.975559293634372146e-03 -4.869005408688451171e-03 2.649004497088964117e-03 -1.419030533342495763e-03 -6.673906805354894167e-04 -4.693963843212046842e-03 4.387427928496958848e-05 -1.943976306192421173e-04 5.583006789191162673e-03 7.832511436041328162e-04 9.424422664109468380e-04 -6.352748944574359777e-04 1.009873607845356567e-04 5.278915911346289359e-04 -2.695092530886736542e-03 -1.045049721964145303e-03 8.130918028395233213e-04 -7.963979509500692441e-04 -4.278036758305828538e-03 3.264299975703964258e-03 -1.395549425538557785e-03 -1.118435309488670891e-03 -6.157311003927199659e-04 -2.944530602858915023e-03 4.230616651035961663e-03 -9.674714381626431793e-05 -2.200875123993792804e-03 -3.876113546534175813e-04 1.319012860765189643e-03 -4.936365391488417706e-05 1.585743221841027237e-03 -2.584318917165442497e-03 1.224719574966519689e-03 -1.120886578121327260e-03 -4.069165443627241192e-04 -1.828233016786469855e-03 -2.583143068955690968e-03 2.401432329464271622e-03 2.021394668423547557e-03 -1.143589097015221137e-03 2.551603221225386478e-03 -1.718907805426863212e-03 2.959228027657837337e-03 -3.757550375215026249e-05 -1.719933909135551388e-04 3.435460541985448698e-04 -7.898304987648061947e-04 -5.213839339152138725e-04 -6.721626701619309602e-04 8.998251747064830433e-04 9.369485784099174574e-04 -5.585420634213017184e-04 1.418347878206374516e-03 -6.629353240119992188e-04 2.083609681671087354e-03 -1.016894289974060129e-03 -1.212733569416862313e-03 1.362560040362088528e-03 1.819363723662280113e-03 -2.407464534254134965e-04 -4.185714381822867479e-04 -1.414007800879239123e-03 7.584317349528566605e-04 -1.733076145058568300e-04 3.849370655248431647e-04 1.145222907786875612e-03 -3.255260747489154721e-04 1.765138266268451162e-03 -1.173305030665463145e-03 1.329269704437637239e-03 7.502090307553216288e-04 1.299141088525918334e-03 -2.187748457908012499e-03 6.865954378622458323e-04 1.541590285251102379e-04 2.921481334943252899e-04 7.544885944724725405e-04 2.250310703444388183e-04 1.187362442495764388e-04 -9.820264317487266068e-04 -8.670445359096466036e-04
-1.127585664476887795e-01 1.084498074712322707e-01 4.740715537939471647e-02 -9.074361801913380723e-03 -4.986918639567753699e-03 -2.075525045984544725e-04 1.202006175823511040e-02 -1.430056193840460385e-02 1.516273879238056593e-02 6.475464636049908275e-03 9.006227578834593434e-03 -1.578740327161227931e-03 -5.725432933013930789e-03 7.608850822749232794e-03 6.835560873475149055e-03 2.249129525308673182e-03 -7.781117209705245945e-03 5.042158007555823081e-04 -1.424935136965671013e-03 -8.000123766267139627e-03 1.614739296480347452e-03 4.360295649114173146e-03 2.053754093487870740e-03 3.245115657699200028e-03 -1.713073432062340402e-03 -2.551574044647947695e-03 -6.031957954009488278e-04 1.815032483589958069e-03 1.031766929580701627e-03 3.939343067126854087e-03 -3.627417099600595534e-03 3.555569419599474701e-03 2.909709109024187588e-03 2.175235024001632034e-03 1.796340735751354376e-03 9.603094094195997960e-04 -5.820128919538142178e-04 1.389477283931901284e-03 7.308768905026905623e-04 1.373132919070833976e-03 9.460898726907926784e-04 1.470591463754348984e-03 -1.000522051014425540e-03 2.361103956531740346e-03 3.552377681195885081e-03 2.379527150462203827e-04 -2.599061128989000637e-03 -5.224198404129184835e-05 -1.063129819324007625e-03 -4.158062721846951483e-04 -2.633894495185109402e-03 -3.550084340075867323e-04 -4.544465471711546913e-04 -1.351170455030400574e-03 3.476226160834358647e-03 1.912578980824323734e-03 2.239227576162590612e-03 -1.823832783459645090e-03 4.497973772265613552e-06 -2.899390684192181163e-03 4.672902164021466159e-04 -1.070857166689898141e-03 -7.452417529165450850e-04 -3.424409118031482378e-04 2.962688061175192838e-04 2.316331170339488640e-03 5.756269949407058668e-04 1.338620473632899828e-03 -1.330336906166515844e-03 1.247461595377200722e-03 -4.865704173684003153e-03 -3.346575570852456413e-04 8.528253015000192673e-04 6.961946290819585317e-04 -8.949466158825993478e-04 1.272774445128592143e-03 1.460813353977784280e-05 1.126268595227226162e-03 -5.626111949962552921e-05 4.915951506806238470e-04 -7.241968340431214355e-04 -1.449769460616727435e-04 2.214450375441213027e-03 5.390220111689979134e-04 5.456357759163919449e-04 -8.278142580222443711e-04 1.087698534279610144e-03 2.402285362896059220e-03 -1.202077007758807882e-03 -2.281891026392860854e-03 7.778931264160979546e-04 5.168005352257242809e-05 -1.633450583963085186e-03 -1.251401792042126839e-03 1.382564194336160851e-03 -1.674143421980078166e-03 1.561541924898206908e-03 -3.004890488577344025e-03 -1.675492282059202597e-03 8.412039843731814945e-04
-1.326119865636835871e-01 1.150615073265844474e-01 -2.080866674244517128e-02 1.343612284480180837e-02 3.948342422342026453e-03 -7.794515556260997458e-03 -4.032234091699951443e-03 1.875627945927389956e-03 -8.493128665477205422e-03 -7.402108942933513513e-03 -2.061484815384217757e-03 9.900794165115149939e-03 1.258509564884843215e-03 -6.438349868669543744e-03 -2.030306944301905284e-03 -8.690615703878178892e-04 4.636129194737884790e-03 3.318838415931994203e-04 5.113223767507181147e-04 2.022879948723999531e-03 4.483596703844094401e-03 -1.363420415334725549e-03 4.082384672486782072e-03 2.616117556773121799e-03 4.288233798225091729e-03 1.519321828273325270e-03 1.425982542088810806e-03 -2.608290220314678047e-03 -4.023992852609544271e-03 1.118219261940166329e-03 -8.100256784710116020e-04 -3.864155360701492740e-03 -6.960013050273327339e-06 3.963207430367566945e-03 -1.128421542793912359e-03 2.286687346126280770e-03 -2.444916385390181243e-03 -1.263855634647261245e-05 -2.396527544414076179e-03 1.182672782309594122e-03 4.764468590212250602e-03 -5.155092811192735170e-04 -1.661432127821377627e-03 1.738671482951420618e-03 1.919581729495303205e-03 -7.255890526292662962e-04 -6.277504409069510844e-04 -3.787788095011503271e-04 -2.536135969306640720e-03 -5.828274847509093979e-04 -8.364774509267920754e-04 4.685789551127965630e-04 2.651421363823801649e-04 -5.632420442476959331e-04 -2.445475194063065003e-04 -2.978753664648354366e-03 9.400723503450598420e-04 1.810427171769515365e-03 6.999566253465391505e-04 8.155152806635737085e-04 1.280651058990047060e-03 -2.402101736400407198e-04 -1.735822086788007266e-03 4.187493799189542592e-04 1.228870973708031267e-03 5.457104096316246593e-04 6.397880482789807151e-04 -2.081472256767308380e-03 1.385673865235683908e-03 -3.120235279746450680e-03 4.519848866357885527e-04 -7.146762252400691356e-04 -2.892485490471039845e-04 2.750635953520795714e-03 2.899312960273616943e-04 1.147603042717109875e-03 -3.637924113519703791e-04 -6.684793647280718896e-04 1.056411816855571837e-03 -3.704598848688875931e-04 -1.719877747928279070e-03 3.937720691525622811e-04 -2.585628391645432202e-03 2.894678130425180885e-05 6.343518585170655017e-04 -7.015664065856306534e-04 6.229170504110534369e-04 -1.605217248287613488e-03 -6.279445993347052002e-04 2.877263180637325540e-04 -1.801782058534615234e-04 2.533898477900750905e-04 8.745748717139898700e-04 -1.092961920911158895e-03 6.607116829916731158e-04 -8.663315867541563535e-04 -4.973516115366430910e-04 2.131035089766473642e-03 -2.779290489937033017e-04 -6.115851843429342483e-04
-1.216857904817528341e-01 1.452397533311283462e-01 -5.447298516854887605e-03 1.499685588108744770e-02 -8.289265277404356952e-03 3.485228157253978439e-03 -2.151318054845978607e-03 -1.360703658166676454e-02 3.691563836007492536e-03 5.638693982942861831e-03 -6.072833714500981304e-04 -3.546458252549626339e-03 -5.003812791525476082e-03 2.078533543677279821e-04 3.939377773410205653e-03 1.632054233104515695e-03 -6.272205333255387143e-03 -1.902814844479491395e-04 4.003405753098997905e-03 -4.323727663385080675e-03 -2.933404004683026235e-03 1.311832146693915667e-03 -3.240200913862054978e-03 6.377177655956320227e-04 -1.711040366159471927e-03 2.491908061063653843e-03 -7.971032516418336336e-04 2.902100190289171478e-03 2.176467600749101144e-03 -1.187029509188766572e-04 -1.285458991428190152e-03 -1.623867256728695732e-04 -8.095894082124723598e-05 -5.806766017354456728e-04 2.286228386268887927e-03 5.873270014633740280e-04 1.499010862387228958e-03 -2.040113734036874335e-03 5.088459695201013981e-03 1.872986256920071901e-03 -3.317354479708717416e-03 -2.114502291763738044e-04 -1.500170908714613645e-03 1.721406705852370237e-03 2.497560969737136309e-04 -8.175175751785070631e-04 -5.271240015445952115e-05 8.993392895844693358e-04 6.955192715972726867e-04 1.108492295628333646e-03 -1.630340972910002866e-03 2.423335034919336939e-03 9.314759998032152294e-04 -2.767618516242739864e-03 -1.281230106718459763e-03 4.910420267858952442e-04 -5.126273824004928727e-04 7.180488995073050062e-04 -1.605279413743642032e-03 1.969194248530994895e-03 -3.122957508196729046e-04 4.651322489702094248e-03 4.677882545555722736e-04 1.376944534863000415e-03 -2.086639711726514905e-03 -1.519038881699859289e-03 1.745095637346749272e-03 -8.068432342288017322e-04 1.961325951817541270e-04 1.516941000381965459e-03 1.799867473105622737e-03 8.065073541876115670e-04 -1.905593563653615015e-03 -8.025400642658869071e-04 1.022737275383244328e-03 -5.580024317492858607e-05 -1.826656317498240442e-03 8.285262181149419085e-04 1.368934092735938973e-03 1.171875575084714398e-03 1.523049102746720264e-03 1.525605690499264944e-03 -7.721287019936827652e-04 1.682238137097931277e-04 -6.766833082926665410e-04 3.302133442172825763e-03 -3.129372041199259338e-03 -1.034828835304533665e-03 1.540867977355246448e-03 2.867803383944239615e-03 -4.604142632077883285e-04 -4.420668069812609680e-04 1.186957890743617740e-04 5.727218401350232845e-04 -2.079911013572646739e-03 -6.774681210562304417e-04 -1.950186325408242690e-03 2.332639480374658656e-05 2.219197475409198563e-03 9.380508934695040626e-04
-1.220784026097083141e-01 1.447074774131634767e-01 -2.147450952510026462e-02 2.300490667766469030e-02 -6.924471174209639521e-03 -1.908890541463466621e-03 -8.261245515487776123e-03 -8.624677281513552785e-03 -2.189100783086148690e-03 3.675802359364850093e-03 -2.022308904740468313e-03 2.139199147149417699e-03 -1.185354025425392702e-03 -9.898041441812719873e-03 2.685468029964865541e-03 1.840026651679054284e-03 -3.360893377427640136e-03 -1.409793887818300111e-03 6.679076211191270138e-03 3.630555254446471425e-03 1.045744729654728492e-03 -5.244821343512381939e-03 -4.523895694848599665e-03 2.379877595932458623e-03 1.225134256566676443e-03 4.349150754484719904e-03 -1.920760061267979060e-03 -3.169074695144695735e-03 2.450479916587058622e-03 -1.485526653084925258e-04 -2.734674215616740046e-03 9.589968849016342186e-04 -9.228028815702775172e-04 -7.378459821486702203e-04 1.321777599330360622e-03 3.416778886057414270e-04 3.543814254823942928e-03 -1.268669329509758935e-03 2.173100757245529594e-03 2.626998120912189729e-03 -3.825276383017410606e-03 2.621278242019223887e-04 2.451216570774590337e-03 -2.258112697856014782e-03 -1.617015660229137713e-03 1.657788669064092424e-03 1.041646584316993467e-03 -1.058107710597706733e-03 2.041425144352358115e-03 -1.852987954487968431e-03 1.619509733714730778e-03 -1.577913123611332773e-03 1.476805170524163238e-03 1.516267200377045647e-03 3.384664692287623396e-03 1.566043676867782996e-03 -2.517071060768124539e-03 8.855266470010157568e-05 -1.352505415643539058e-03 -6.166221790631028253e-04 -9.639038209552044283e-04 6.578323119724166631e-04 8.417891340878200712e-04 1.174739358894497917e-04 -6.085876672683300601e-04 8.046912085086816314e-04 -9.844470134058309722e-04 -4.368243499014916553e-05 7.395003915567920126e-04 3.064371924843255234e-04 6.485113467666158002e-04 -3.184424815730201746e-04 -4.042258334051016845e-04 -1.278813852258593080e-03 3.883890044229791247e-04 -8.731274008824816335e-04 8.616359263163933004e-04 -1.175198708811381679e-03 -3.631961882312207410e-04 -4.529038919922208600e-04 7.014888323541977220e-04 3.984777403357069644e-04 -8.165382010088476360e-06 -1.363466922425999759e-03 4.507930238029140722e-04 -8.388798115683509908e-04 3.650822674166828447e-04 -6.128637259938756431e-04 1.094677694764967456e-05 1.069311117487075496e-03 -1.011544074096103890e-03 8.091081399557088121e-04 1.008025290064297138e-04 3.569439666786852067e-04 -1.919544796421601761e-04 1.215799352363392634e-03 4.712888031228005137e-04 1.209135919415136977e-03 2.280200018607283162e-04 4.538799811365429641e-04
-1.216300590513768737e-01 1.355130672878629705e-01 -2.958506902395998880e-02 2.446330787888614106e-02 -1.860930262222357983e-03 1.532473190383502708e-03 -1.266054124258113485e-02 -8.207235007323416404e-03 -3.704224692873988103e-03 5.300574261436246520e-03 -5.620263780342913025e-03 2.361207439586337532e-03 -1.478398449863974973e-03 -1.039552641800392703e-02 2.535702903693625061e-03 1.323143692196660382e-03 3.236731756678335606e-06 -1.391358624324223704e-03 6.709751671589258941e-03 6.741110052068892411e-03 3.440881135077678444e-03 -4.670255215807563552e-03 -3.371256304383591675e-03 7.214896331392525773e-04 2.443671755107481441e-03 4.205665096476351138e-03 -1.817615635211287071e-03 -3.759619536574377013e-03 -3.928851357602292744e-04 -2.645537032940319523e-04 -6.982708810525956478e-04 1.805914182603706288e-03 -4.544514351837934912e-04 8.512602034165704309e-04 3.008857627229659252e-04 7.783201132212635162e-04 2.661880912927213141e-03 1.367727521900690638e-03 1.424856197361786371e-03 1.875896139929394838e-03 -3.265709413405285151e-04 1.370794823858200026e-03 2.313945940107337441e-03 -2.871418455536172733e-03 -1.691192325729901601e-03 9.421773528987897146e-04 -1.542066737206146772e-05 1.973477211626838840e-04 3.347300706558577373e-03 -1.068606536375270311e-03 8.501936666365962495e-04 -1.033597940804116067e-03 6.726494055438855726e-04 1.732190731654349941e-03 2.025545797281999225e-03 2.085409142573731774e-03 -1.803775506702705485e-03 -6.682780520600031327e-04 -5.370941195439426748e-04 -2.808218181612883498e-03 -5.036982552621268802e-04 -2.498805197283419412e-03 -8.267596703440451824e-04 1.536345837167032687e-03 -8.274702365402255210e-04 -8.819336127938373756e-04 -1.018427602607840064e-03 -1.664373053826097466e-03 7.312598154341708970e-05 -8.924150240163357135e-04 -1.426813696985547268e-03 6.257359847443866047e-04 1.191837543586258966e-03 -3.032235174778205242e-03 1.988330460544119509e-04 -1.671139817158685424e-03 8.261855418084673459e-04 -7.597288976137306186e-04 -2.313605740830491399e-03 1.905860240905724945e-03 -1.000180931270492398e-03 2.330811346637512872e-03 1.840709164719541661e-03 -1.798080893119731460e-03 -1.839974546468126771e-05 -2.235035035677544052e-03 1.104170623895078850e-03 2.291330192485112761e-03 -1.879303374373426493e-03 -1.729705266133865814e-03 6.477633099060096933e-04 -7.827604607273259399e-04 -2.056152371946692902e-04 -2.412225708641746187e-04 -3.561162957958132619e-04 7.098363265391485972e-05 1.058332087433369291e-03 2.451371952655493228e-05 -9.641447230904830017e-04 -1.665602886299204785e-03
-1.324387452630702844e-01 1.154245154369630127e-01 -2.938695973858115526e-02 2.058975264610654263e-02 -8.849993640736837294e-03 -5.688170350070987161e-03 -9.628087323966520727e-03 -2.091696651949157947e-03 -6.245393596867385502e-03 -7.969450190885592590e-04 -3.747248627582071712e-03 3.682440280251838595e-03 3.307709470006162285e-03 -1.283637310261078607e-02 3.446049731593361378e-04 -2.041019679360804844e-03 3.541371338517492438e-03 -1.251663625457818214e-03 1.878226324244982410e-03 5.190318944032987387e-03 3.951331681731347356e-03 -2.726852963436047182e-03 -3.612385339198025645e-03 2.594838018414457378e-03 4.305184170859628623e-03 5.247109740113195249e-05 -1.466024019798038225e-03 -3.987749663640525848e-03 -8.096614146859920733e-04 2.093866740185587301e-04 -4.415718456139271220e-03 1.917665206594194047e-03 -1.057167664632146543e-03 -3.007645656988119811e-04 -1.601677974745418630e-03 2.034943401426442212e-04 -1.968912892617048164e-03 -1.698984428323151641e-03 8.347269566166507654e-05 -1.310758319684654592e-03 9.475115253453213378e-04 5.850230483651663090e-04 1.438856754980775239e-03 2.350752064263844578e-04 1.206384526801576335e-03 -2.743407694467670633e-05 -1.585594756434925614e-03 -7.043182311746122505e-05 1.035127088455688139e-03 -1.878030950579508813e-04 -1.038058253054818759e-03 7.551742498747572281e-04 -1.884258009642059053e-03 -2.285351282748150983e-03 -6.786488644134878491e-04 8.557890569467414051e-04 3.127162461877698829e-05 -8.664502488225811917e-04 8.310129719041357355e-04 -3.308551055696066535e-03 7.343001756427360461e-04 -1.676356758568694561e-03 -1.969076981064974644e-03 2.011320034013395434e-03 1.684852834706251847e-04 1.630414498548230211e-03 5.501227981937750755e-04 -1.510304698901659059e-03 -7.366749966203608785e-04 -3.323621350311631827e-03 -2.210274960640277314e-03 -8.077243497449632494e-04 3.384303860587794133e-03 -1.736973777899569792e-04 -1.013381221457555981e-04 1.889214731058246337e-04 1.171954215512436897e-03 1.259134959472936292e-03 5.246624503839664080e-04 6.110152497921853259e-04 -3.903235320890132950e-04 1.475372372359978973e-03 7.054859804835984446e-04 -7.225837574584267680e-04 1.606691413111112311e-03 -3.142610236043280082e-03 8.404114242760372640e-04 1.819812705916633386e-03 -1.716894475119743520e-03 -1.427065392632181256e-03 -4.334537548429413930e-04 -1.321864118994687870e-03 1.746903467603699205e-03 -6.697692838503068293e-04 -2.248229775761802912e-03 -2.926715164672873300e-04 1.459919733302325389e-03 -3.560046583106554231e-03 -1.368020320739577649e-03 -2.640744490345862429e-03
-1.314812713228352969e-01 1.186408282452117990e-01 -2.176478219037861900e-02 1.570263259349091375e-02 -1.071118520027334459e-02 -6.862970159066304754e-03 -3.100416041539944163e-03 -3.281999626103105413e-03 -5.583610269788139881e-03 -7.444839776381656851e-03 -2.320559574414875290e-03 5.735335346667125821e-03 3.965060433198073185e-03 -5.972440987683901546e-03 -2.837322825802745391e-03 -1.035977714491239819e-03 -9.129129027091467674e-03 8.896351859137617644e-04 -5.954927771444630232e-04 -3.607746074379324097e-03 -5.321069755018383203e-03 -4.363857470592336432e-03 6.210660181787025329e-03 -2.132142087836457790e-03 -8.836747878368425135e-04 -5.316629273810360469e-03 -1.812070884109022039e-04 -4.026648236070497211e-03 -9.016349269646518547e-04 1.024543109511501354e-05 2.801003306819036150e-03 1.869527757876963178e-03 2.045427463847922581e-03 -1.862561567719006996e-03 -1.072562720093804139e-05 1.128713387214490662e-03 3.869857589671355565e-03 -4.976073801557445112e-04 -3.438311682806689546e-03 -1.861676993733214465e-03 9.316958672912467035e-04 -5.566622852567427917e-04 -9.225534467470708705e-05 -1.696210256325370513e-03 -4.293004846001839008e-04 -9.328734034247671957e-04 1.859961625143048691e-03 -7.498201255625896230e-04 -1.123114377979832689e-03 -2.417194493884267364e-03 1.392035398423066474e-03 -2.923535312741908435e-03 -1.950449950636207056e-03 2.725527618895882617e-03 3.896359208334561905e-04 -3.705021420986699243e-03 2.540659687478872674e-03 5.802044522672368618e-04 -9.201079029867863419e-04 2.571837023780930345e-03 1.032122519198992077e-03 -1.737221742962413978e-03 1.528142655977554089e-03 -1.214514680628687397e-03 3.297971218015057632e-03 2.549125777405517306e-03 -6.241577837257194887e-04 1.276407569675659963e-03 3.399384727145883089e-03 2.439812893512275857e-03 -2.069022338063542660e-03 -1.576275620982278648e-03 3.409996000168768744e-04 1.948459927378514301e-03 -6.688168248893591045e-04 1.448272973303978660e-03 -7.379227689281990131e-04 -1.182746178781367432e-04 4.287789200845017992e-04 -1.111980869568889377e-03 -7.710011610702281184e-04 -2.014563555602252171e-03 -5.674971765792303276e-04 1.329449324849816877e-03 -5.784382609848238744e-05 4.088763265506183803e-04 8.085212231510898167e-04 1.067167654080309822e-04 -7.206050581319634659e-04 -2.060889105732225269e-03 -2.435255616347401224e-04 1.559324592516605828e-03 -1.185506802395904077e-03 4.451431451064855738e-05 3.014406355523434767e-03 -4.968592406806950947e-04 -1.360186340882829333e-03 -2.937054045711430536e-05 1.710287055782631340e-03 2.920073666497419781e-03
-1.202162489904525927e-01 -7.089231919174991681e-02 -6.294078479169716578e-02 5.303219098168361970e-03 1.247818525617637800e-02 -8.998201844479766440e-03 -1.727883647236546846e-02 -6.695879573629937020e-03 1.699852202329374742e-02 9.918826165081134905e-03 1.535470255256930934e-02 2.065996274749255530e-03 -1.556745970987161339e-03 8.474334035290957690e-03 -9.469703239948284654e-03 -6.542092115260002283e-03 1.832553637328136016e-03 -1.432830396644953815e-03 2.878759659320937088e-03 -1.311916297361945174e-03 1.408357633275980321e-04 -5.031052817375969259e-03 1.508178675331974363e-03 2.070602176032143235e-03 -2.451839369333106994e-03 8.675425963929232287e-04 1.369547916134111970e-03 -2.778664002211531873e-03 4.362534293542343587e-03 -7.537825035454374847e-04 3.599322239463358499e-04 -5.809958738131335183e-03 -1.516569422976678586e-03 -1.516211776074727433e-03 -9.551041771830543836e-04 1.506410875475051956e-03 2.442657202352195751e-03 1.422252267639395173e-03 -1.121940304401158883e-03 -1.195061033663131529e-04 -1.904480749129804475e-03 -1.664950940848719302e-04 -2.452336444977552907e-03 -1.885252693638771442e-03 -2.179667019955644058e-03 -4.283311828460965019e-04 -3.622080694715808713e-04 -8.430394711395455256e-04 1.266041023275609606e-03 3.784859916227890551e-04 -2.067051317953479388e-03 1.245436976075636705e-03 1.725974295313370674e-03 -4.838571681962117589e-04 -8.538208061766476087e-04 -1.859286194679764638e-03 -9.527880427578075883e-04 -2.143441647670331265e-03 -1.079305289260814541e-03 -1.684707806228456090e-03 -7.080997494899304162e-04 -1.135374167248249025e-04 1.697425737622256696e-03 -5.157285000755852363e-04 -8.518524869874898866e-04 1.223464138839316191e-03 -2.225668306869305068e-04 7.560298822414709269e-04 -1.543466151046411555e-03 -2.128081448204873481e-04 -7.573085963022275872e-04 -7.083465179319834587e-05 -2.213457157395926642e-04 8.608830838785449559e-04 -1.339148515474349694e-03 4.205349238675369660e-04 4.811643405446505467e-04 9.130879073935230662e-05 1.162456729218119779e-03 9.629473470349360744e-04 1.462757586478757128e-03 -1.194784545285172217e-03 -1.091989635474342225e-03 2.604095520544827142e-03 -1.174967366154066988e-03 4.834106884389958417e-04 1.965753074069550611e-03 1.589540565248516901e-04 1.211774824788472860e-03 -1.257394861336068445e-03 1.611290724093884493e-03 -1.778865052349937453e-03 -4.413485463086218655e-04 -5.503322632207792138e-04 -4.791490082590416197e-04 4.866114180273232266e-04 -9.026665713133644490e-04 -2.567305203684356902e-03 -7.441776456345171493e-04 -9.853575381949201267e-04
6.003324600255127708e-02 -3.822304233118443972e-02 -4.553364804171735128e-03 4.759567257982164762e-02 -2.424164806645606046e-02 1.340959077996286761e-02 1.221197077814652719e-02 2.584623535277119979e-02 1.812352029803267206e-02 4.628269782329487095e-05 -1.004026718281302586e-03 1.308335639933211857e-02 1.084104630192632424e-02 -2.074703368894282912e-04 7.870157953012872631e-03 -3.674246039327805271e-03 1.825679638426029898e-03 4.787316426434047589e-03 1.203347040714440423e-02 -6.060984506881830075e-03 4.481511132997474667e-03 -1.003374373008665858e-03 -1.154307507943049677e-02 -4.938483533726240960e-04 7.628068524597907867e-04 -3.065311659965438886e-03 4.502929515128720195e-03 1.192315449362546693e-02 -1.272007090779895449e-03 -2.889582605616878175e-03 5.406366110821161398e-03 4.267395365826175124e-03 5.634746778811790605e-03 -7.297656385135252053e-04 -3.686120085666394312e-03 2.950487867308658387e-03 2.722502464609977569e-03 9.101039660658309313e-03 5.428764591196325821e-04 -8.195805631999631032e-04 6.065549573508977228e-03 -3.734352220040640033e-03 -1.694434155731381437e-03 3.836053046583862928e-03 -3.251926669867027768e-03 2.799989068415270968e-03 1.338034272597723355e-03 3.192089276906336353e-03 1.196105059107528592e-03 -1.821005280461527156e-03 2.531286434629606823e-03 1.041353024389629492e-03 -3.490466873515664977e-04 5.142580658027241314e-04 4.728796036941038290e-03 -4.021995064216190088e-03 -8.837562105159724657e-04 8.480937467957477046e-04 -2.391698431165341972e-03 -4.768109863050998265e-03 -1.173208377341251581e-03 2.592030278675979370e-04 1.180571738076602924e-03 7.856501681053737387e-04 1.165737674527485756e-03 -3.982183024256055965e-04 1.422250705045546588e-03 -1.321785250255692705e-03 9.395867151175228823e-04 1.073981656503468669e-03 2.249507015841317823e-03 -2.190197663484440629e-03 9.336395374198604548e-04 6.930017013377555045e-04 2.277568897154524062e-03 -1.450442674360333120e-03 1.249321009700880142e-03 3.473788898615924083e-03 1.872720648098279280e-03 -7.515053171652772996e-04 1.414834624223672548e-03 2.925730907830590409e-04 8.771304002568591773e-04 7.730413554405662219e-04 -2.048323479646257071e-03 1.944711653660301676e-03 2.636544684071274775e-04 -2.388611532211844593e-03 -2.264575654719383751e-03 1.065875839650398237e-03 -1.972216205712407338e-03 2.337274014384626165e-03 1.263460920998007130e-04 -4.225136594740568421e-03 3.720823848177951757e-04 2.623792560437189936e-03 2.501212554882751345e-04 -3.144052307843354585e-03 8.145161390170635321e-04 -8.226192478469172712e-04
1.245251663379020046e-01 -2.512055949933334267e-02 1.753789755130155323e-02 6.161298407260280829e-02 -3.096942241120794956e-02 7.944499649833087346e-03 -9.893254576789384681e-04 2.298274808045638884e-02 3.164432396620489064e-03 -2.239791383429430224e-04 -5.118273243994281817e-03 4.380094897061863335e-03 -5.483547981587323650e-03 1.250646598668933747e-02 -2.046174611635274108e-03 -2.065252795321124123e-03 -6.478381299767603171e-03 7.525844056581512112e-04 4.664430465676307203e-03 6.509390104564707902e-03 2.910880737362954787e-03 5.563795388673940107e-03 -3.086709603920790093e-03 5.442440033544571412e-03 -9.025533412681109417e-05 -1.377928146844959150e-04 2.030468558490233777e-03 -2.989025831393279063e-03 -4.329755253674563362e-03 1.360712174105055926e-04 1.586195059164670438e-03 4.720098671650963624e-04 3.989196834608638685e-03 1.438765608844671997e-03 -1.527464960318069935e-03 -1.841120314489335524e-03 2.482398789507377686e-03 1.508819277049919466e-03 -1.586467121977639403e-03 -1.486361114830880110e-04 -1.819628738184213192e-03 4.935408692617110869e-03 -4.761009788466797135e-03 -6.163803996684870303e-04 -1.472046564015307406e-03 -5.002513077811339935e-03 1.805737054017599172e-03 -4.231703715106415777e-03 -3.419893935224253747e-03 -1.337610022409664275e-04 9.354096454738424545e-04 -2.210926000943410057e-03 -1.016269628473805316e-03 -1.539230655056042117e-03 1.929193115860846144e-03 -1.994668736809051927e-03 -1.713090942858951516e-03 1.431981659937128738e-03 -1.304779539209302910e-03 3.821928602444658873e-04 3.451368740121325135e-03 9.236234057862032941e-04 -6.325874973890128908e-04 -1.582269652147376329e-03 -2.341510861787235963e-03 3.273864264336079745e-04 -1.670622856787198993e-03 5.273258420863595128e-03 9.987035888513013607e-04 -1.576191413503249227e-03 6.718114431838293280e-03 -4.564367497816005270e-04 -1.718895210835378901e-03 -3.167640501226151508e-03 -3.255620582473138600e-03 -2.929636549880308607e-03 2.355640433634691080e-03 1.338212720092619350e-04 3.534733211172030789e-03 -1.225427116365007977e-03 -2.946842084694035069e-03 5.486870997613766364e-03 -5.418479083947498609e-04 2.843042328171155558e-04 1.722768367217917922e-03 -2.835825513402224531e-03 1.636834406000984557e-03 2.193388022414684800e-03 2.173329801318315841e-03 -1.623397530981603035e-03 -1.465014825310258879e-03 -3.389947464620583577e-04 4.330552012549177400e-04 4.557970782869709761e-03 5.930056370459402693e-04 -1.892043007444978164e-03 -6.565481512447669983e-04 -2.840187283635571287e-03 -2.183129215691194738e-03 2.926652322179472843e-03
6.712640751520483617e-02 9.308301230987381727e-03 1.711271625467148533e-02 -5.717990270645206125e-02 -1.035034289280982976e-02 7.435037168087067945e-03 -3.974700196176988998e-03 2.889404121439962184e-02 2.552874862164436487e-02 -1.322598330722316376e-02 4.167628833681607733e-03 -5.532594501755781075e-03 1.102731492288612156e-02 -1.026691898095119515e-02 2.261683654154749475e-03 -4.255014156306859488e-03 -4.262359770943011973e-03 -1.895185330858661400e-03 5.128798224228282160e-03 6.180376629899298748e-04 -9.013544682029790353e-03 -6.250007255931868712e-03 -2.558492699579466290e-03 -2.201955018627664313e-03 7.359612268176336141e-04 3.053292104465521288e-03 1.501191067883048168e-03 -1.695200622406370372e-03 -7.779466842605093843e-03 -7.051615790290307164e-04 -1.863781542639833359e-03 -5.207587208149761789e-05 5.146470254551293450e-04 1.278042769460478040e-03 1.002025130177817665e-03 2.285530938186552345e-03 -5.160885931531448804e-03 2.813912130444676338e-03 2.547324749108310655e-03 5.382530540963872609e-03 -1.082839654989548403e-04 -4.386544308866279374e-04 -4.615219786690728126e-04 -7.174923304111296843e-04 -3.167388936725223578e-03 -5.045110027103384860e-04 -2.539032342335475600e-03 4.354162745416839328e-03 2.034139845697861587e-04 4.261140230416617276e-03 -1.822468716746348085e-03 1.287841240826490821e-04 -3.426052883705573088e-04 -1.192521684356060552e-04 -3.910462885114487745e-03 2.147974067194175114e-03 8.421670420169294347e-04 3.201830164900221209e-03 3.533566807276175298e-03 -1.320408731484449096e-03 -4.744908395510870087e-04 8.042627488274361807e-04 3.780972840829175882e-03 -1.890324845691930848e-03 -1.727195514570531963e-03 2.325292011498605958e-03 -2.448526836156112579e-03 3.865781941864666546e-04 -3.952163524772967992e-03 2.145431922959155878e-03 4.585100692695442829e-04 4.295551545023553082e-03 1.826119818082229743e-03 -3.488488831818873856e-03 9.494626791242074832e-04 2.991629482630240016e-03 2.787635436251519831e-03 -8.950324760019054589e-04 -1.196770026247441499e-03 -1.537028635008846466e-03 -2.213585009655359096e-03 -2.111730366447897665e-03 -1.701998416653763713e-03 -2.777762290236161845e-04 -9.259475683694156495e-04 -7.395423845937579245e-04 -2.849052341918172516e-03 2.969559354715046052e-03 -5.002145688977801267e-05 -5.629514467563324605e-04 -2.511885681799639475e-03 -4.036892803401067285e-03 6.135400802615170344e-04 5.588653648801230472e-04 4.213897539601280627e-03 2.746927624669865450e-03 -1.352301169228572108e-03 -6.215501138972548108e-04 -4.615736475096593417e-04 1.912778075323293137e-03
1.340161941460288886e-01 -1.050001797997375877e-02 -9.535477188799556386e-03 4.642343513676182309e-02 -1.001843013269724386e-02 6.361579653626140806e-05 2.255264952930521871e-02 2.200649412011133205e-02 2.257188669843380666e-02 -2.859084694558507514e-03 -3.374022101032547738e-03 7.654807425523532660e-03 1.162891838304864860e-02 -1.886061751901271354e-03 3.405823334920325077e-03 3.308782076012769342e-04 1.658541271539719234e-03 3.485568683080666769e-03 9.632067640154427096e-03 -3.492221874961746065e-03 2.013223975664162058e-03 2.790432581690247861e-03 -7.550345692214043003e-03 -5.796050852457951957e-04 -1.777905659242181441e-03 -7.126485173323136336e-03 -4.220940302028036543e-03 7.201751929627057784e-03 -1.185581277215347687e-03 -4.332190103627456962e-03 2.793275205250018815e-03 4.683994074668384675e-04 2.777279979045500172e-03 -2.359331199770703553e-03 2.247884636502393667e-03 -2.091695380628143773e-03 -1.525618393483871640e-03 2.998191514587864384e-03 5.413146761565939408e-03 4.368502788052204024e-03 2.270440563703406307e-03 9.015050560349152425e-04 3.099424813340106565e-03 -2.332106084409132484e-03 -4.432674088012027516e-03 -3.030030883145312052e-03 -4.889516422788223703e-03 -2.374536516117654698e-03 -1.528344733221924205e-03 1.875451718625077832e-03 1.291269427578789052e-03 5.127425696683720821e-03 2.685304269799909747e-03 1.580377100294758606e-03 -2.476108568059881554e-03 -4.853109958725332178e-03 -3.833127970520520695e-03 -1.714177000987790033e-03 4.728026470922796175e-03 3.205219595695322100e-03 -1.307374972944530967e-03 8.990826779315088313e-04 2.108222455173887171e-03 -1.069615751268049395e-03 7.227585388818869158e-04 1.754363905931587229e-03 -1.532610991561751982e-03 1.245487610607962830e-03 6.188737215522028157e-05 -1.849632643655195474e-03 -5.909704333419613966e-03 -1.326667271135439311e-03 1.440842302353457279e-03 1.089432827467456087e-03 -2.558331837150370786e-03 2.057605731811770582e-03 -3.664530447710230478e-03 -1.641800177931708113e-03 -4.644792125746688145e-04 2.267377650609177751e-03 -5.020618394559310266e-04 5.117288167880087871e-04 -1.947022498174680620e-03 -2.891951531556232434e-03 1.170129771731818428e-03 -3.082028884287956339e-04 2.151603523383528119e-03 1.248320112137664417e-03 3.593107380580152577e-04 -1.512825599146449661e-03 2.148183869632720559e-03 5.275498515877985288e-04 -7.840770023152971455e-04 3.654054477565379065e-03 -2.593744969632705549e-03 -2.645168066498278388e-04 -5.218496904310937099e-04 1.972234557084203647e-03 1.896694659252733985e-03 -2.495563654392255349e-03
3.410565141951255735e-02 1.340275878014627817e-02 7.696959669303495011e-02 -5.301429007850419484e-02 1.140731646850182872e-03 7.612066691477025610e-03 -8.717694490173925545e-03 1.069767542504767265e-02 3.203489041497805528e-02 -5.149383703874962220e-03 1.258369001316128263e-02 -6.544616643079754006e-03 -5.108391669129181854e-04 -1.225901494593088260e-02 6.662652891955919525e-03 -2.946045726018944075e-04 -6.968293878542702316e-04 -5.399188304854726610e-03 5.003830038570939755e-03 5.561421044655682350e-03 -1.552897025364821486e-03 -3.640419595699615277e-03 -7.641614829993572159e-05 1.814986295177631456e-03 -3.608727838447303173e-04 -2.911487947241093218e-03 -1.297896664888456564e-03 -4.098285220846576392e-03 -7.767035950893609771e-03 2.069337211876800479e-03 7.466648516459853879e-05 5.261505926900880573e-04 -2.828994831149632232e-03 1.887541071226470318e-04 2.498466662020882526e-03 -9.601305528112294213e-04 -4.620661397355702027e-03 1.309627684208646827e-03 -6.455161680358753118e-04 -2.796716027039344594e-03 -1.371071333529193595e-03 -2.543692794061593564e-03 -2.318274899278008339e-03 8.930380350748321145e-04 -3.366894604885855864e-03 -3.172841630292945470e-03 1.801923997690888651e-03 3.879450408883944931e-03 3.418494380968027744e-03 4.218991045721589769e-03 -5.895018067733499498e-03 -2.574920288177660627e-03 2.595499484887760396e-03 6.427250758538617355e-04 -7.556582852523055895e-04 1.581870563545585825e-03 -9.763858673477107675e-04 1.629229389654619602e-03 -1.407014890116583573e-03 1.440784044804517159e-03 2.513395907214601484e-03 -4.487747701355979633e-03 -3.178637832776191104e-03 9.348394122242547569e-04 -3.016583580607723122e-03 2.977576113624381179e-03 4.844724084684957411e-04 2.538342661518655681e-03 2.955043710948292504e-03 5.183377402557249984e-03 1.838104762056290810e-03 6.820839084166177482e-04 -2.512716400716427396e-03 1.835743179386045872e-03 1.572965393082510072e-03 -2.231844246466786405e-03 -8.187346338426350605e-04 -1.255712289383557239e-03 1.946029038960192005e-03 -2.724122523968289158e-03 6.556604866023309870e-04 6.715020487603309872e-04 4.411471857571306211e-04 1.112152588947689594e-03 1.369567368314791780e-03 1.433880862486762789e-03 2.433792558499055323e-03 -1.756328627450132792e-03 2.070231048236146482e-03 -3.463014330142058484e-04 1.548780659442830021e-03 2.752105661965576020e-03 -7.979180937440756528e-04 -1.916415969428479638e-03 -9.355567189472647170e-04 -2.123474767732797235e-03 -1.104676076651182979e-03 -1.239505749238561721e-03 2.554629529333251052e-04 -3.094207888466647335e-03
2.362542485024933248e-01 1.875414728030021239e-02 -1.840457332331601331e-02 -4.359764054767657077e-02 -1.126864583444662365e-02 -1.139985067726139237e-02 -5.971562211770049984e-03 -1.930783711874183885e-03 1.125975250086841926e-02 5.831318233517047978e-03 -1.004222877705274707e-02 7.188376029424802882e-04 2.662342912029185948e-03 -8.139924883824643451e-03 1.798635846496355033e-03 -5.073426212469959833e-03 -7.500984901259819416e-04 5.736305351873589864e-03 -1.786270447374122732e-03 -3.449791260557429594e-03 3.800031338236404752e-03 9.344333243860811504e-05 1.786956316361811015e-03 -1.204917098567739701e-03 -2.354033172968393790e-04 5.225503630510521663e-03 9.545695017991990368e-04 1.074130721560427474e-03 1.211371179201798298e-03 2.355613119972684456e-03 4.093076434177441575e-03 -1.108590207002807916e-03 8.099754055852316286e-04 -1.713814705032009906e-03 7.524027452772081084e-04 -3.046498478665393694e-03 2.489585507666312522e-03 1.096509885376764594e-03 -1.080398231909906852e-03 -2.803159342142547855e-04 -1.262852426837731302e-04 -8.030236153690914437e-04 -8.414300427801537675e-04 5.980557070643793285e-05 2.132908342950571353e-03 1.207404058094851902e-04 1.515537478662510955e-04 -2.574932676347913268e-03 5.233830212837405982e-04 2.860599008179115933e-03 -6.706991182159145661e-04 -1.046141955679546131e-03 -1.023738074447597558e-03 -1.436779489134042088e-03 -2.039343815457916355e-03 2.670543641842093412e-04 -2.067625102959371082e-03 -5.351739070723808642e-04 -1.815910707519154598e-03 1.971665526583105566e-04 4.973447299415500620e-04 9.098651920972101450e-04 -4.072315789986127041e-04 -1.729854729535921978e-03 -1.603704978681475243e-05 2.182939804597267344e-03 -6.690580994260424217e-04 -1.037890311988366272e-06 7.144981341146835942e-04 -7.947894046251509402e-04 1.002020820469352728e-04 2.213305094904724588e-04 4.584383894479661489e-04 3.895071744526901777e-04 1.195308192000657426e-05 -7.244829573687996678e-05 1.129742885782989044e-03 -1.032244553967904838e-03 -4.530317441288499083e-04 8.598374162513151148e-05 -9.078854695287236123e-04 4.767202754303024020e-04 8.870035460959256731e-04 -4.790788835160493531e-04 7.169981543986516011e-06 -8.662524619552442124e-04 -1.966899201842548027e-04 5.168360062073932247e-04 1.346182071908056136e-04 -2.547898470967202729e-05 1.068058161092206399e-03 7.616364666568610454e-04 4.879373785808185232e-04 -1.357812599141512840e-04 -6.044704731864451773e-04 -1.245030263307518419e-03 -2.567359372799428007e-04 -4.680994960135169132e-04 -1.000311655071515517e-03 7.689961789509735949e-04
1.427841991954326706e-01 3.231203777976843217e-02 -2.263435482491781697e-02 -6.380294521723786638e-02 1.343599468122131692e-02 8.664410651775405342e-03 -1.380114893445462572e-02 1.999793636683796366e-02 1.478030734279428896e-03 6.019436835750194281e-03 -5.495246058475648440e-03 -1.272272729573638772e-03 1.119915472622899470e-02 4.870551517416847956e-03 4.135378373200698961e-03 -1.381708024222374912e-03 -4.414530492760889227e-03 -2.899437920878841432e-03 -5.345696662518413869e-03 -8.232836453612249212e-04 6.482336115557253437e-04 -1.253003466375364472e-04 -1.231995068525685829e-03 7.153086827598116896e-04 -3.273865712660444915e-03 1.990174905533889562e-03 2.771073395136818430e-03 -4.925114074548752989e-03 2.045449500082936398e-03 -1.727665891321306883e-03 -1.559379917184982103e-03 2.324946292727240928e-03 1.443845528779714267e-03 3.197154876206163409e-03 4.680134866687857352e-05 1.465564808459944969e-03 1.038267514944986661e-03 -2.374098881371494284e-03 1.965921364505662013e-03 1.537203452010552692e-03 -1.207177034464674637e-03 1.592224959274231928e-04 -2.885412761396458428e-03 -1.294329982505333860e-04 -2.784459565489148976e-03 9.411452756379294756e-04 -2.461582798310712594e-03 -5.264562901364450501e-04 1.726071863436447152e-03 -1.363292184247590598e-03 4.655804243991259854e-03 2.104016236529986789e-03 1.407804918742076904e-03 -9.556838815847769992e-04 -2.111194379136001667e-04 1.817997677751231238e-03 2.429481815885366908e-03 9.608246267439611609e-05 -7.690576092713812505e-04 -4.605674602819134376e-04 8.525587377760894666e-04 -1.527994622531949134e-03 2.110842765977821028e-03 -2.697126154672129482e-03 4.368569454768414864e-03 -7.145278307963271987e-05 -1.449142242538607739e-03 -2.746110323931855906e-04 -2.377619031573285631e-04 -2.625843620223898816e-03 2.326900999872530493e-03 7.173624363232032424e-05 3.957150677996737302e-03 -1.448968587192494195e-03 -1.750737359030669817e-03 2.382843687242295130e-03 -3.624438835653901771e-04 2.924971787663886106e-03 -3.092669462608878001e-03 2.462904381488358399e-03 -1.205255075165155912e-03 2.530444196662357155e-03 -2.678779097138420627e-03 2.327815072304285828e-03 6.098374449425273845e-04 2.922198786968420101e-03 -1.026283333245982688e-03 -1.603465271008794064e-03 -2.607793236886957926e-04 7.745858581049142174e-04 1.439427542887295949e-03 1.250783081789597659e-04 9.440633894722134630e-04 1.031392332250405039e-03 7.015417222235059052e-04 -1.451528967322966842e-03 -2.097674031395361464e-03 -1.714786221914698467e-03 -1.682607142142508700e-05 -3.197016332819748547e-04
1.828161593880792690e-01 6.941711415536376724e-03 -1.289078068035571546e-02 -4.557774075991354729e-02 -1.159258512306643452e-02 1.729378677422443999e-02 -1.751180794998759629e-02 8.817659241014129054e-03 6.433774945581584997e-03 -1.097564812216776349e-03 3.432913660887434298e-03 1.120612603124590892e-02 -3.107094648524791076e-03 -1.248788619846674317e-02 6.282564919848049323e-03 4.102395680117589850e-03 1.894474795245747667e-03 8.981620086859967841e-04 3.491513438132439525e-03 -6.165446097510407508e-03 -3.434965910989211044e-04 5.291931753585418612e-03 -2.012791879357895847e-03 -3.090066968831365647e-03 -5.151934746647456043e-03 2.305192436796322381e-03 -9.878006952575210924e-04 -3.215517650735261451e-03 1.856605029058588973e-03 -3.737403149129513245e-03 2.699257249013071059e-03 -2.342592984693979679e-03 -2.202410056522950948e-03 -1.630734873229135922e-03 -1.277895258318596794e-03 1.527034286560315438e-03 -2.519615666714142884e-03 5.718567391602546318e-04 -1.066674706801775839e-03 -3.676000056414156021e-04 7.870177619349245403e-04 1.737105775889994687e-03 1.032472506742394456e-04 1.984536957091296693e-03 2.856295345115186009e-03 -1.453726671559661633e-03 1.749795328514274547e-03 -6.101828473618723129e-04 -4.049825790090541555e-03 -3.472396303296465189e-03 3.452296760114513963e-03 1.028246737083314110e-03 -1.515264188393158386e-03 5.644149760243676170e-04 1.286659538088369756e-06 8.389432070619060131e-04 -1.434366722951038947e-03 -4.501349234816716394e-03 2.184010291181409831e-03 2.738635050933401708e-03 -2.072804035400088816e-03 2.687742697677331614e-04 -9.149209914833847076e-04 4.817229722129891603e-03 4.391682331025472275e-04 -1.742631959338905969e-03 -1.409891070408829080e-03 7.234010555708785548e-04 -1.749318587725472380e-03 1.906482413629478467e-03 -1.624518551277030895e-03 -1.946385635136500813e-03 -3.784969801363051879e-03 8.070318079062913921e-04 1.093464372101837263e-04 -2.047687487673460933e-03 -1.770104085849474439e-03 -1.100136742261778556e-03 1.246761678091527032e-03 -3.089763147842638884e-03 2.547889128221914653e-03 2.347067145963285719e-03 4.206609959345482654e-04 -5.836009552147600286e-04 -1.943969196376620729e-03 -3.082283989607302469e-04 -1.293090952847282408e-03 8.233073248269884509e-04 -3.758501013771439313e-04 -1.358165790712448579e-03 -4.341942707248979002e-04 -3.483859376921731848e-03 -1.236786218561243674e-03 1.453781800672585434e-03 1.622813103383014899e-03 2.561649028519163637e-03 6.545765042107781935e-04 1.254723905883703243e-03 4.551206396563137494e-04 -7.176193075479141798e-04
2.284465594021219681e-01 2.232296715154051536e-02 -2.490131586885475576e-02 -4.863283200932781714e-02 -2.239313658910959532e-04 -8.981296143960398881e-03 -6.350251523487327604e-03 -4.016513084416697792e-03 -1.435021756243676921e-03 1.005770508509423213e-02 -1.131242797197007030e-02 -1.561964852750112381e-03 4.852220948826375078e-03 -1.896193971105271294e-03 -1.084785135669621373e-03 -4.386844632866019993e-03 -2.590155430771894952e-03 2.323884950139604600e-03 -6.006678985170550711e-03 -3.477362251329434596e-03 3.748510652471739001e-03 -9.805736799052756263e-05 9.980184389114121367e-05 7.640806930330416424e-04 1.679761486383952529e-03 5.153133304198424108e-03 8.587793499720032531e-04 -7.744620298562477495e-04 3.607577381569258227e-03 3.281201243377692973e-04 1.614266927717910357e-03 7.389590030227685289e-04 2.106703691877480356e-03 -4.829277392425213836e-04 4.567830797601436874e-04 -3.507193399121355786e-03 2.054873437090636717e-03 -1.861038436702231640e-04 -1.380404560456017756e-03 -1.436789613058160019e-05 2.883128073062727085e-04 -1.489007445258495746e-03 -2.182307174360981900e-03 3.951635299102394111e-04 1.220921335382489387e-03 -4.483618192717252616e-04 -8.230691514231507143e-05 -4.596920100373444798e-04 1.152077726310480558e-03 1.683748265449950751e-03 8.625036464073544337e-04 6.437868642629330628e-04 -4.000963100889925821e-04 -1.418483157843990108e-04 8.880354258173280306e-04 8.358505118611322168e-04 -4.507735148051550097e-04 -1.091052005773153781e-03 -1.405598937612460853e-03 -7.583646384725590888e-04 4.555183123655732113e-04 8.383131841195890768e-04 3.416875206022527913e-04 -5.736095394691282127e-04 7.740261761072669312e-04 -8.281192735038121451e-04 -1.440817597253653054e-03 -8.551677117734840039e-04 -2.229688342885583738e-05 -1.977801697718214861e-04 5.534100198874952850e-05 -2.501287256652443263e-04 1.308363386968989074e-03 -8.181325342510857059e-04 3.437565058369571394e-04 -3.693197816643947295e-04 1.693985464166006261e-04 1.511532054096251243e-03 3.701718315030106277e-04 -3.413220010498899614e-04 -1.872672755875205665e-03 -6.066598864144822408e-04 -4.102535248509397992e-04 7.800031969784600519e-04 -2.456681721914916357e-04 -1.717599617759084059e-04 7.420031263212690685e-04 -1.016234552138147893e-03 -1.210198499005689501e-04 1.965995751069129853e-04 1.801096820021980951e-03 1.998254103637760789e-03 1.033501560843658662e-03 1.431840848722437144e-03 -7.769557525844087093e-04 4.007171987270145049e-05 -1.302650352577238053e-03 -2.100036047044353442e-04 2.736063293582033850e-04 -1.485916461747419266e-03
2.248608725741942094e-01 1.970148532933676047e-02 -1.519957785192463037e-02 -4.668013868026858054e-02 -5.621795033325171359e-03 -8.939332962840692079e-03 -1.330149406316459906e-02 -2.899591035491038468e-03 7.320008830159970524e-03 3.985305316330465045e-03 -6.181289694156341316e-03 2.344473603194711052e-04 2.618664785206969905e-03 -9.327190274465423439e-03 2.627062132536008964e-03 -3.583246395150321319e-03 7.753350209730163357e-04 3.272829573802386351e-03 -4.053519445634862564e-03 -6.175321723535714957e-03 4.991287927887617069e-03 3.197497784064680468e-03 8.747205519916158821e-04 -1.714558716447031183e-03 -8.581371316773711826e-04 5.429166350065914651e-03 7.903963179978920834e-04 -2.631308933949487363e-03 2.565485972958956185e-03 5.699031209088304415e-04 3.735680304163414844e-03 -1.737323984432493891e-03 -7.283688735518280581e-04 -1.059346200250884090e-03 9.114162743405988115e-04 -2.867633414675705740e-03 1.519277612397157808e-03 -2.390796276870094171e-04 -1.730115588500129222e-03 -6.402699539756900610e-04 1.253723205473129820e-03 -5.212295519843732549e-04 -1.364402327214090044e-03 1.958647394544587965e-03 3.083192831608171005e-03 -6.388540064677752147e-04 1.727757581206042182e-03 -1.658885148813162881e-03 -2.945946602837818794e-04 3.956029833420501461e-04 1.174604742092875747e-03 7.773758035929631853e-04 -1.433173778928999685e-03 3.923140037923776515e-04 1.630550761563342261e-03 1.017846723827156618e-03 -1.810368203861861770e-03 -3.456607179421292923e-03 -5.343576084584198858e-04 9.581932109493108410e-04 -5.704017856576193684e-04 9.941027106178279994e-04 -8.307455827349251223e-04 1.354587708583605615e-03 4.130420654406188733e-04 -1.201349522008912435e-03 -1.447656633640127853e-03 -9.391490584598704248e-05 1.832967590288238715e-04 6.496752870703998437e-04 -4.000030555962661555e-04 -7.680976882802503141e-04 -1.026964732364319825e-04 -4.674285304843481649e-04 1.402936068386726430e-03 -1.908252120453397946e-03 2.299845955117521058e-04 6.714347888000640535e-04 1.328078145298117402e-04 -5.558493778836993450e-04 -1.497729675658861052e-03 -3.178011587600148885e-04 -2.430146700520257198e-04 2.230771419625429501e-04 -4.770186623983126389e-04 -2.152925112435398914e-04 6.873298931734138969e-04 1.613937769443918703e-04 8.007451031724945869e-04 -2.354204695840990012e-04 4.641500348029753138e-04 6.644262209853915233e-04 1.628640979401673199e-04 1.197107443947072669e-03 8.401113999088683567e-05 -1.754152359621280650e-04 -6.473017563140580138e-04 -5.435562381406866929e-04 8.289046027169065392e-04 -1.245510158512852820e-03
2.388057499779979165e-01 1.628837575981520805e-02 -2.606075377024909268e-02 -3.431851097034042258e-02 -1.821547762744169310e-02 -8.561857256444389136e-03 1.650244692063984608e-03 -3.498577491274078820e-03 7.912594243432883451e-03 7.534744878437147145e-03 -9.128309540966071667e-03 3.703702552469740651e-03 1.769870665866480654e-03 -6.509723261936274132e-03 -1.395315859054471492e-03 -2.679505900610847178e-03 2.843539070056014771e-03 6.151984474593447105e-03 -1.471558281580372931e-03 -4.848499560477256658e-03 1.352536873271995834e-03 1.408399502340986799e-03 1.056656073770211295e-03 -1.553359657318423249e-03 6.795119825613576275e-04 6.260540997632518465e-03 1.562186140710694312e-03 1.350743595947380372e-03 -5.111475068425578227e-04 1.673479599261196073e-03 3.066083744924403241e-03 -8.942680276368602859e-04 2.000491614222194015e-03 -3.258769893130174320e-03 9.991426812879207822e-04 -2.599493329190301349e-03 1.463205123001522136e-03 2.643525886807690083e-03 -1.584580255138773319e-03 7.258690401057906220e-04 -1.030140393274188307e-03 -4.716431284744274912e-04 -8.179767361903436207e-05 3.028690780344047199e-04 2.080416824050660470e-03 8.234058882946417631e-04 6.992834862142908135e-04 -1.886430844813022627e-03 -4.249816793811291558e-04 7.822800232437269281e-04 -2.837122344517318292e-04 -9.502778399420466022e-04 -1.057824048975025385e-03 -1.654938205702111706e-03 -9.716808334045588455e-04 -8.802517655754606369e-04 -2.544943004079570914e-03 9.594361518696941553e-04 -2.364443589497111208e-03 -5.278197268789144901e-04 1.780630790008317071e-03 9.391010588936089766e-04 -4.650049372721557026e-04 -2.750937069877991588e-03 -1.025585300870787350e-03 5.666832079860879964e-04 -2.695521061253432107e-04 -4.427706294408761479e-04 4.294032790434561156e-04 -8.373854854828664254e-04 1.079309174310355297e-03 1.255654333526873582e-03 4.884137040257584142e-04 1.633695482909173265e-03 -1.302119590193652433e-03 1.100659406335981498e-03 1.352303010922584680e-03 1.205938365360191685e-04 -1.353986792266395232e-03 -8.815681525307043215e-04 -3.366626293899986654e-04 5.607313699179585376e-04 1.544096682394573367e-03 -2.090803741594925245e-03 1.073410405893036098e-03 -1.034715034768350379e-03 -1.154203484901051300e-03 1.124487129325175971e-03 -1.136238838853761992e-05 -1.558071376926889505e-03 4.109417459307203573e-04 2.069889963999682484e-04 -1.261568425296795632e-03 -3.362955391855749500e-04 -1.126216420877770548e-03 6.510580194144295228e-04 -2.041202360983918854e-04 1.108888035789642475e-04 -4.186999124521167633e-04 4.920764111199921447e-04
-1.353911923637854675e-01 -7.220460908849458091e-03 -1.053925934487119111e-02 -8.437606333778317758e-03 -1.967046498281238912e-02 -2.494248260840211881e-02 1.351372109406773344e-03 2.486648841019666045e-02 -1.443499806398388340e-02 -8.148633004702122984e-03 1.142933090087597595e-02 1.378004808974511350e-04 3.110314765176852309e-03 -1.977825191546936194e-03 -2.201906057557957534e-03 -7.526384800623867229e-03 2.481919170234080920e-04 4.847525617175465346e-03 -3.746987917641762290e-03 -4.222271450436887973e-03 -1.594066882393973747e-03 -3.543486933637098827e-03 1.788901061924587279e-03 8.921578305595052622e-04 5.980936090518008952e-03 1.427924778892732116e-03 -2.433652869829916118e-03 3.278229328703307754e-03 -5.712924918682868143e-04 1.156355872550373504e-03 -2.998247021906589281e-03 -2.245210373060542181e-03 -4.182771509208493247e-04 -5.350919159767633139e-03 -8.603806601144665597e-04 3.454012451988827670e-03 -2.882236777827046955e-03 -4.604625350268267726e-03 -2.688514438858736599e-03 5.196577661051378534e-04 3.059001215841136625e-03 -2.472275438971806294e-03 9.623080270109968899e-04 4.509982881775704590e-03 -1.428232299971916430e-03 2.103972151857958460e-03 2.286826345868318844e-03 1.125162662433399447e-03 -2.443064242052597583e-03 -1.215966350099587524e-04 2.463730568633173122e-04 -8.201726150667183485e-04 -1.606679096685822289e-03 -1.028003100437397972e-03 2.537860804329708161e-03 -2.573582434565996075e-03 1.778310354889854009e-03 -1.088085183926694541e-03 -2.896384499781288081e-03 -4.678849571549418586e-03 -8.248269512283539721e-04 -1.834879630422102739e-03 -4.338460931392534642e-04 -3.634814612337011600e-04 -1.271174308941200879e-03 6.224373486428349915e-03 -2.877117981464114623e-03 2.316654998928759177e-03 1.687103677772450270e-03 -8.672055339941746321e-04 -2.859871146619043995e-04 -8.598188123827193226e-05 -2.565802803628818712e-03 -3.389844159568071794e-03 6.222612601747713051e-04 1.050131792261772400e-03 -1.327056499149501098e-03 -2.818636076632795935e-04 2.078333892616388056e-04 2.317869958087006557e-04 -3.433172054969733261e-04 1.159778780592195680e-03 -1.115470233406395256e-03 -6.838166785243732573e-04 -1.567848761997602111e-03 1.404146405995938254e-03 4.691003538290631808e-04 2.265857415447896706e-04 1.616868749954042048e-03 5.265805612837228585e-04 5.095747244658688571e-04 -1.292843295329208905e-03 9.697520299992186529e-04 2.675000290576666755e-03 -1.657223831730214852e-03 1.017910281262359015e-03 -5.526209261735092826e-04 3.430251596054220784e-03 -2.323710632287230050e-03 -1.698935064180269981e-03
-1.345739277244115961e-01 -5.245995763662782835e-02 4.387014949338826145e-03 -2.834262936440920880e-02 -2.066494911233074383e-02 2.561599187065132822e-03 1.180597740129721990e-02 6.672525780002007759e-03 1.714625138728488336e-03 -2.044958397926539481e-02 7.264142506661989398e-04 -8.058325606540715086e-03 1.152649265597123019e-03 -2.803418840586496472e-03 -7.532695824793941321e-03 3.998563762468900634e-03 7.548631733713466159e-04 -7.227001255890225283e-04 -5.323965400879654940e-03 1.785293449662377562e-04 -5.624419798688762122e-03 -4.138376291856259788e-04 -4.273958689071039388e-03 5.048424347665054330e-05 7.779237800753121407e-03 4.304108733161098738e-03 -2.754019672177967712e-03 2.962066749839482784e-03 2.096833983574030585e-03 -8.294482738287500302e-04 -2.045689051632597994e-04 -2.707252025915028205e-03 4.475229171160259741e-04 1.194291881917479469e-03 -1.944072115573964926e-03 2.348370216134641232e-03 -1.361291110685042593e-08 -1.641848599018538499e-04 -7.185299320621247243e-04 -1.002176395988672972e-04 4.212829750665677262e-04 -6.438917544922486856e-04 4.822225253789074037e-04 5.278213092907289199e-04 -4.419901925124884419e-04 6.117326340110625397e-04 9.444524298994060344e-04 -1.108604296269377534e-03 2.417981091922830278e-04 4.187705615942793034e-05 1.562009540104202952e-03 1.730268031430470940e-03 6.479418975629768190e-04 2.218315405740817897e-03 1.520951422542540224e-03 1.106800144093279857e-03 -3.359777311537090277e-04 -1.348412002110381536e-03 -7.553703833845486085e-04 -1.157644529294525083e-03 -1.546444506686659110e-03 9.205080491930437391e-04 3.313934115381842686e-03 -4.257736266367144733e-04 -1.248911348577332481e-03 -2.476339839534445145e-03 1.174331995735842116e-03 1.616436901618899290e-04 9.853937266299836028e-04 -1.256708109819972604e-03 1.282121089931305023e-03 -2.268666560912651578e-04 1.365650551438951513e-03 -4.105258615169691096e-04 -2.880485843534691653e-03 -7.315814164882947267e-04 2.754820667572378725e-03 1.000226072633623184e-03 -2.967035042739930547e-04 2.345495023078999174e-03 -5.211189621797140438e-04 6.401613657638629759e-04 2.052676576517547483e-03 1.536266742511109345e-03 -2.162707991337401532e-04 -1.981241940851006546e-04 -2.786648242303825952e-03 -1.159430126238685226e-03 -1.029010000753029274e-03 -3.632994865624636382e-04 -2.349758405194592148e-04 -7.546948417798320183e-04 -1.011804861552496708e-03 4.904963363089530045e-04 -3.972194437294111584e-04 -2.324786510515531018e-03 5.137647223306025107e-03 -4.995607990271087271e-05 -5.507140228035195973e-04 5.523621484190807717e-04
-6.876943054220240048e-02 -2.583903340604730425e-02 1.334523085806088756e-02 -4.680766824218624694e-02 -5.993311567245217242e-03 1.324461651127644725e-02 1.068152353662482927e-03 2.378765610437944336e-02 9.319986608800826314e-03 -1.673418102117708167e-02 9.950715761350056518e-03 -7.390097625308833344e-03 -2.835841482178307667e-03 -1.281387160787476193e-02 -5.853570403260665092e-03 7.852510832562473869e-03 9.650236502793024850e-04 2.819235014120505018e-04 -2.127012608777173377e-03 -5.264431196930640820e-04 -2.753731122172679239e-03 -1.230380099042059812e-03 -2.285459252156020124e-03 2.245336984742016782e-03 5.171056331688394896e-03 3.990757964413630711e-03 2.691072589593852121e-03 -6.947162695491684208e-04 -2.743523373517868860e-03 1.133479647957845752e-03 -1.386208875841911251e-03 -3.992426288634742283e-03 1.300140323281668772e-03 7.358117435589018804e-03 -5.790300332044031120e-04 6.990983824834049679e-04 -4.026393227772293720e-03 -2.625269913206816543e-03 -2.703138473416688992e-03 4.610240425693440391e-03 5.356997743049798835e-04 -2.445351536765215730e-03 -4.432199979670622459e-04 -5.081849590022493148e-04 2.210989611014599224e-04 2.123421670574252333e-04 3.275858938016657385e-03 4.556628748616097944e-05 2.682867257852257687e-04 -5.842831675488879828e-03 1.389660401370595804e-04 -1.755484468587429790e-03 -8.912817402994215434e-04 -1.088837776103266693e-04 6.016052171802306787e-03 -3.813058695021507172e-03 -1.010512366462334088e-03 9.322938881426636338e-04 1.032271390997028995e-03 6.670351586115368624e-03 7.015430123780762675e-05 2.083862704571385303e-03 4.825147964231303425e-03 1.331782714128787026e-03 -5.644860323918599217e-04 -3.234556989966010619e-03 4.613614116375518853e-03 -4.537685216496216206e-04 1.544259743749804882e-03 5.261007649337032330e-04 -5.452622845560166007e-03 2.299291004058506317e-03 4.193443327315801890e-03 -1.180173209334517024e-03 -5.662028471027548285e-04 -3.152680295173487801e-03 5.738473353135764348e-04 3.135087516890593205e-03 9.274365225712519114e-04 1.779714677935270370e-03 -1.341195037709711759e-03 5.489567620461720081e-04 2.946320051376226726e-03 -1.561033049279162213e-03 3.312901482165002843e-03 2.560577962280911283e-03 5.425976138336896027e-05 -2.502559280992498487e-03 3.018329025765506199e-03 -3.172503643149822590e-03 8.023564999063486302e-05 8.479024756566437256e-04 -2.312285287688262397e-04 -2.217784328775100990e-04 -2.200216002651548750e-03 4.835271483919230243e-04 -1.698926244429938654e-03 -6.540981857359697742e-04 -2.283780795725507198e-03 6.233878022143906055e-04
-1.427044066243556564e-01 -4.902757426800693347e-02 -1.267379268271452177e-02 -1.474624752600670052e-02 -2.134028494464086656e-02 -2.684954101809598759e-02 5.321745416071090029e-03 1.414031728435563226e-02 -1.346894018994587369e-02 -1.045171885907521941e-02 7.254338122490515926e-03 6.353577201891868467e-04 1.828638486379352210e-03 -2.627858555356019153e-04 -1.377201543034643229e-04 -4.042281143121494690e-03 5.192230336037779352e-04 2.746922389048932558e-03 -4.165596991372292127e-03 -9.696006784797083292e-04 -1.610574625097853938e-03 -3.366199821128579468e-03 1.188678482055029227e-03 4.343704965514207528e-04 4.172237778597252290e-03 2.953845128387667766e-03 -1.982052902661509981e-03 2.746882917975292104e-03 1.983199719994450938e-03 9.052635731763324697e-04 8.972657410109900452e-04 -1.301930084670269465e-03 -1.474040980410983980e-03 -4.687064539804845255e-03 2.736394533318104588e-04 1.945976291198889306e-03 2.403088420994704648e-03 -5.900112730458906794e-03 8.911126761936020903e-04 1.851789827302820386e-03 9.830085482669230230e-04 -1.320961609320463279e-03 -8.918474210250904163e-04 2.463583224162399238e-03 -2.906759142895420835e-03 3.416679617362001521e-03 4.515906735611374852e-03 9.571978814545492337e-04 -2.476899810588959524e-03 -1.205974880777263905e-03 -8.452536689861752056e-05 -1.692746162294912066e-03 -1.077428242279133237e-03 5.507592782415789232e-04 -1.383652277348413522e-03 -3.679873039690925848e-04 2.144815677319579766e-03 -1.109209901319018875e-03 8.979137583500023355e-04 -2.694747547433827377e-03 -6.650792450042062199e-04 -5.502713206430876738e-04 -2.144833754222366922e-03 -1.944314581283235893e-04 -1.378702162333609975e-03 4.728548517812575756e-03 -2.398323833767546272e-03 1.421969342825732353e-03 -4.882961916114356366e-04 1.144948003390335554e-03 -1.729281311496259172e-03 -2.065961735975385075e-03 -2.112102795323921121e-03 -2.322493047483031089e-03 1.813500729553398929e-04 2.619213941325415629e-03 -2.352842490983472583e-03 2.889595299667215098e-03 6.936386318718882563e-04 1.218045095861904634e-03 1.064110811306085520e-03 2.757226345088252453e-03 3.287827771174528643e-04 -2.700419125198629151e-03 5.166497606142950649e-04 2.666928414855964519e-03 2.444025403163520207e-03 1.838338919051762553e-03 1.172515932798102491e-03 2.405353580826504779e-03 2.187208845881527530e-03 -1.580978920452565106e-03 -9.272203257572263994e-04 -1.971894705695302131e-04 3.671024829452878831e-04 -7.065675261695644749e-04 -1.940902722033657031e-03 -8.216346816519328302e-04 -3.677563179037208791e-04 -1.524417843789303915e-04
-1.444578216457696740e-01 -8.243955743287802174e-02 -3.019382339622078693e-02 -1.431834094923080392e-02 -1.222431982319140652e-02 -1.299456859935787557e-02 -2.946178685589502522e-03 6.813927137185542444e-03 -2.903779109633635499e-03 -8.224129523234549599e-03 3.885081735248292669e-03 -2.706397201642084683e-03 -1.806117641724786903e-03 -8.675073189815079829e-04 -8.744575326732733625e-04 5.651283201200192792e-03 5.767758788878323776e-04 4.783151074518111651e-04 -9.946695397313031622e-04 -2.335312103686690288e-03 -1.858998213500465515e-03 8.571190066331013397e-04 -8.743928023261126654e-06 7.712233441747780045e-04 5.599331224600045086e-03 1.689765336110574025e-03 -3.874258653817968297e-03 2.210722051144264639e-03 1.219970033922547405e-03 3.806902307697506284e-04 -3.641428140655131578e-04 1.170476170021485544e-03 7.426106579339379014e-04 1.480427430461598746e-03 1.127767304164405040e-03 1.268409272966453116e-03 5.342138328464302380e-04 3.861104849089123416e-04 -2.116921291739402942e-03 2.013823139395980958e-03 -9.112251828540736702e-04 2.718617560354703606e-03 -1.652563214604725172e-03 1.761308715309741835e-03 -4.208509718412274041e-04 -1.236470671131725861e-03 -3.586136094059472852e-04 -4.028798738492469535e-03 3.896742574747502543e-03 4.796811334519702087e-04 1.682530668990029612e-03 2.211746660095078101e-03 1.600244741892948783e-03 -1.917717407502844121e-04 -6.560840579140697279e-04 9.598441843340917807e-04 9.567316786418185752e-04 -1.961910948015999339e-03 -3.340434332104850221e-04 1.346488953227174780e-03 -1.818516797603157405e-03 -1.165543763206184887e-03 4.829330409561715114e-04 1.784170823529361799e-04 -1.347619344050394281e-03 7.816187159276904051e-05 5.648621328338169307e-04 -1.272141463909356313e-03 -9.028909494251653820e-04 3.619426373925898515e-04 2.112175746802089343e-03 -1.138006884016472790e-04 -7.474697465153902574e-04 1.537211077281522894e-03 -1.833667015885786210e-04 2.335185741091737061e-03 1.469601366196584625e-03 -2.731929143036816027e-04 -1.516190092855610621e-04 2.164910353067221651e-03 7.959892188231381966e-05 -5.326020894872191425e-04 -7.996893304750738677e-04 7.569597470947898692e-04 -6.054462748335075585e-04 -1.196666433678501189e-03 1.192597710606024212e-03 -7.798296227892628730e-04 -2.899759357829838450e-05 -2.445547502124261071e-04 -3.820816590794124008e-04 -1.318613901728751944e-03 -1.342077387337369540e-03 7.128501198584337320e-04 -7.762342353031136859e-04 8.675061226782803878e-04 4.012567282542613741e-04 -6.332278638219356265e-04 -1.125454725255696552e-03 1.655388785649169678e-03
-1.304708999535141578e-01 -8.516042882333481334e-02 -2.919433444434221120e-02 -1.441955995553204431e-02 -5.813536741174241129e-03 -1.063394162590359029e-02 -1.723637063457180785e-03 4.678929211494918874e-03 -3.671985004570882307e-03 -9.393436636662772649e-03 -1.318737769101664681e-03 -3.491794994304029624e-03 -4.449362377607448890e-03 -3.283028739192379516e-03 3.068934285158702799e-04 1.337452310912261820e-02 -2.269254870702215252e-03 2.533367443910077010e-03 2.534534030849599964e-03 -3.604575717301685550e-03 -2.203409425984118129e-03 4.875764360916854875e-03 -5.698316277820204053e-04 -1.197934211113737494e-03 9.242844264267515916e-03 1.082893612961558817e-03 -5.363841974773200794e-03 8.126528801878737289e-04 5.081278764423122077e-04 -3.991811909876440741e-04 -7.620034248754987451e-04 3.047213582726317291e-03 1.710349211310222039e-03 2.374177556608029083e-03 7.836099720638479245e-04 -2.058932982209561811e-03 1.824872484203160592e-03 2.339132680108100865e-04 -3.424497333059310904e-03 2.458568530278343323e-03 6.745143929611313810e-04 2.070981902354769415e-03 7.123221003180573428e-05 2.089597059859448457e-03 -2.019325342189211194e-03 -1.511860923625043054e-03 -1.858179685999177119e-03 -5.504981698039570527e-03 1.853132594495282386e-03 1.566212596808738700e-03 3.168979803624933679e-03 5.440036830335019799e-04 1.198155427112631080e-03 -5.439442882705550859e-04 -3.033686313804042495e-03 -8.881143001441423566e-04 7.295940342267679801e-04 -2.523135639209015714e-03 -1.630816566139777954e-04 1.648419756320741421e-03 8.818516555218112139e-04 1.431272460245125141e-03 -2.237025753508780235e-03 -2.271352272170805995e-04 7.013141076201368700e-05 6.214780791044870276e-04 3.713976686683702864e-03 -1.512418287339600429e-03 -2.990870659907038376e-03 1.798524840787300806e-03 2.357782913742021390e-03 3.731765171727695818e-04 -6.080372664530860147e-04 -2.717507390956392559e-04 8.427659559864314953e-04 3.771384764325217721e-03 1.773900511069449694e-03 1.306622058269611263e-03 2.497035457652813963e-03 2.148638892935115195e-03 1.292654049388116061e-03 -8.888242928352372055e-05 -2.565656315910076779e-04 1.572880058122569716e-03 -3.503431236523932594e-04 3.539422047760735330e-04 4.357024065986036220e-03 1.751668146392615973e-03 1.901998688699703399e-03 -9.712287682173452929e-04 2.021881064256362645e-05 -9.433945096402824096e-04 -1.930414256945622853e-03 -1.333430105217788941e-03 -2.145291870011360388e-03 5.465896220399331200e-04 -1.875254249712325714e-03 -5.024352028416693202e-04 3.242352015418324598e-04 -1.129724064187733593e-05
-1.359690141474609038e-01 -2.607001390012248648e-02 2.893817960206329296e-02 -3.087772327241216849e-02 -2.166799896176766285e-02 -1.594325944808505993e-02 2.606501041937497182e-02 2.169661753202164513e-03 -4.675780798803183362e-03 -1.620339127148036351e-02 3.019631508238379818e-03 3.053397609236510428e-03 3.768433782895613750e-04 2.440409907342417934e-03 1.889794574670520947e-04 6.928831684104894790e-04 2.982538783854433257e-04 -2.837017161930343537e-03 -7.657681805245987461e-03 5.506982280657866415e-03 7.751175778240398896e-04 2.179705105216979757e-03 -5.473552594608057688e-03 -1.919565101018359289e-03 1.065773568141204332e-03 5.757544058469479982e-03 -4.199040380581988037e-03 -1.845382628007086992e-04 2.425172985738294120e-03 -1.510817712360235272e-03 2.013198657122575869e-03 -5.043620848219957341e-03 -7.788311951026153897e-04 -1.317671731161234932e-03 -3.918323108589243965e-03 -3.010970132552571749e-03 2.138534204842376663e-03 1.391425238891361290e-03 1.870858565259843689e-03 -2.186195519744667324e-04 -3.203498480553145390e-03 -2.866359435160715694e-04 -1.413466461600983506e-03 -3.243443654728691552e-04 -2.754007126590291357e-03 3.513156381133096789e-03 -7.205480659607320208e-05 -1.550192369395690401e-03 1.177604866865269870e-04 -1.714089465760238788e-05 -2.981614690078217712e-03 -4.310305090700402978e-04 -9.039590067661383999e-04 1.501962859017847438e-03 7.144116380770825728e-04 1.778871364403177349e-03 -4.419572171380741605e-05 8.489297855905851000e-04 1.819343257290052937e-03 -3.841618947782769137e-03 -2.532446456306660688e-03 -8.019685096913623749e-04 1.889054265361940575e-03 -1.269564221824780051e-03 2.217963672396446994e-03 -2.581002631574861195e-03 -2.232273335502043578e-03 1.761336236169863678e-03 1.167929036092448533e-03 4.443781290287158190e-04 -6.182785253901576950e-04 -1.368716572155866812e-03 9.514135930614182456e-04 3.868711846744560257e-03 -6.826804035318728096e-04 5.402264075077585362e-04 -1.883010236311986809e-04 -6.822679913006544829e-04 2.562043248004424248e-03 -5.077998261951196645e-04 2.354886905026472212e-03 1.856677965539371388e-05 1.098410351896679732e-03 1.127331004013928809e-03 2.246991431714737521e-04 -2.923897637354982873e-04 7.430776542790625428e-04 5.920436320988210896e-04 4.030605368411438656e-04 -1.683341601054543467e-03 1.990081793505827279e-04 4.595454849019633688e-04 -1.643093239264530319e-04 1.254111995796318262e-03 1.317717269422863510e-03 -6.471823667420945362e-04 1.566563932603431963e-03 -8.450775832687700473e-04 1.273741179180376808e-03 -8.053255379382268054e-04
-1.137614754129486344e-01 -8.120519508747428561e-02 2.126993928182984231e-02 -3.603992257975967284e-04 -3.362980623609896497e-02 8.551270605681912315e-03 1.705146441918342463e-03 1.140810177051521795e-02 -1.569182639113193140e-02 8.624915631010763098e-03 -1.055236241246678731e-02 -1.226501706162376817e-02 -2.239166627768208843e-03 2.265333594721174668e-03 1.576874025881196519e-03 -4.924878886583127814e-03 -1.169748891911140181e-03 -1.782155176354402763e-04 1.756557719629704521e-03 -2.772851868758957790e-04 1.804699627024277438e-03 7.010561243184075964e-04 2.394071168890358949e-03 3.461628081115527829e-04 -5.779958528604287483e-04 2.377802779076108788e-03 -1.773017756754280113e-03 -2.088069180446855931e-03 -8.539454899690947535e-04 1.206521674243843704e-04 8.222976122543151087e-04 -2.611945786430239246e-04 -3.022750878546402991e-03 -1.000883714857618567e-03 2.600204196340246635e-03 2.493842621449158213e-03 5.304756641716430743e-03 4.557434124869565173e-03 1.821344991088896630e-03 -2.491908729633652252e-03 1.913819241961099357e-03 1.548013783848372921e-03 -4.900761123580579586e-04 2.894681941867309591e-04 -3.077318610183718117e-03 2.507264557953975924e-03 -1.766491696476442733e-03 -2.068747995526389744e-03 -1.300627559012310129e-03 5.366177649335685017e-04 -8.614475899710017336e-04 -9.760870653131813440e-04 3.717955339034319934e-03 2.661655109139245134e-03 6.730218343375216983e-05 1.543456111387724147e-04 8.152973554881535459e-04 1.579800613445742248e-04 7.835774409154218313e-04 2.879710462445299996e-04 -6.913904960500113486e-04 5.022676636121191753e-04 -3.143360352053320081e-03 -9.790880124333227377e-04 -7.084396066347742587e-04 -2.494253766891434240e-04 5.971526353880996559e-04 2.140232424183594225e-03 -1.735805514632560295e-04 -2.286736218324177897e-03 7.060313375273194383e-04 -2.758142782164873553e-03 2.281294765113755076e-04 -2.318327824685030569e-03 -1.538955439904441487e-03 -8.684423550971015482e-04 1.893084608538656921e-03 -2.227200325041358338e-03 -1.985790370722037134e-03 -1.747441611411912170e-03 -7.069762819582123140e-04 -4.350929926662264191e-03 -8.460971051983717968e-04 4.489443515655321148e-04 -9.476732415188824808e-04 3.102074609084319676e-03 -1.341537919515726433e-03 -1.908740175515704967e-03 -3.047952962737038784e-04 -1.057918811786914522e-03 7.191750518687928554e-04 -1.362094928214561528e-03 -6.404591206791369461e-04 -1.943059751239448272e-03 -1.870531914899427849e-03 3.476137206703295451e-04 -1.586939552449916644e-03 -2.200789914006811513e-03 1.193064505987394860e-04 -4.122231621022990049e-04
-7.316892861421769867e-02 -5.695707056334572971e-02 7.294540603263197087e-02 -1.561441133871863118e-02 -2.458999528770958176e-02 1.776010435888445219e-02 8.019145179025445602e-03 1.168981512823125471e-02 -1.004410140833785457e-02 5.838606906865560602e-03 -4.041788437146314091e-03 -9.146495376741834923e-03 -6.952060546694319512e-03 -7.027567186024129449e-03 -1.168614516917480459e-02 -6.400865135972420329e-03 -6.313233248875022713e-03 -1.687715505018652987e-03 9.794572437909421919e-03 5.313247169627481441e-03 -1.977099593293192743e-03 -8.762226426927763670e-03 -2.239824253027122326e-03 4.883548949717361320e-04 -3.877020395692589057e-03 -2.779111512103114596e-03 4.477747633722726876e-03 -3.876191716001638806e-03 -1.712309648850722033e-03 -3.093609117636544371e-04 7.607179184590512734e-04 1.034019533846775333e-03 -2.211947978424038969e-03 -3.328105967136017144e-03 4.428618513611647404e-04 -6.156378825640578152e-03 2.861098091821267023e-03 9.535971462390550836e-04 -1.172444269720346018e-03 7.692223827959408485e-04 -1.660390381325505330e-03 8.722811187887244411e-04 -3.699436033790507242e-03 3.449501894124116000e-04 6.547721709730989527e-03 -6.098349209226559126e-04 -5.495761948855448255e-03 -1.391393734211529240e-04 -6.736683286263880042e-03 -1.502817494914613023e-03 -2.044952915388648183e-03 1.535463343068918692e-03 -7.720390190424705886e-04 -3.768488143095604769e-03 1.019326669652258427e-03 -3.945190053898783335e-03 3.014169505749496238e-03 2.572453743905478603e-03 -9.338661946853320846e-05 3.350979554461557420e-03 -4.299117244940518258e-04 -7.154301825960298483e-04 -9.088707115138418670e-04 6.382385991228989265e-04 1.271209289585584603e-03 -1.718113116610672786e-03 3.633805574467012956e-03 1.236947929228336815e-03 -2.083187638119057827e-03 -2.443623512684903014e-03 6.009238016827329540e-04 3.314370895866777214e-04 -1.873796970827991187e-03 -2.500706868536737432e-03 3.714047025406205620e-03 2.528868550459016998e-03 1.311953526335672129e-03 -1.197700507523329896e-03 -9.932726483066003659e-04 3.423115344490278763e-03 -1.656284179334969455e-03 4.406072950939518833e-05 2.560070774489562554e-03 -2.898197893605882793e-03 -2.042755830047707482e-03 6.190168410325517720e-04 2.638067139243784921e-03 1.405973144437588007e-03 1.172721346867534528e-03 1.723639359750868318e-03 1.663689238823728251e-03 -1.663450065627000978e-04 1.208389223279185973e-03 -2.206715377583619037e-03 1.008767175981348458e-03 3.326745363133811959e-03 1.569284468090680366e-03 -8.196953922548417312e-04 1.079952581346836898e-03 -2.097329654497289905e-03
-1.093860696573895203e-01 -1.663440177262940495e-02 6.464589365827558276e-02 -4.173568764512708418e-02 -2.396435891326205783e-02 5.207906842519783100e-03 2.760910907207108841e-02 4.576629576472463108e-03 1.050094785893556509e-02 -9.707280939338364459e-03 6.462421854580075418e-03 -8.444593964734955355e-03 -3.676075845544951332e-04 3.132107854348553568e-04 -5.411486115512946504e-03 -5.937551423730581118e-03 -1.677458121789762681e-03 -3.923854170581640884e-03 -7.678818444036348938e-04 4.364416068051048606e-03 -4.223392449227921647e-03 -4.850115900625551028e-03 -4.325387572805415928e-03 -1.035770567013669183e-03 1.333830239381517254e-03 2.737084696239917153e-03 2.814913802645026991e-04 -5.288099837569694255e-04 -2.323219222886065138e-03 -2.572189617785802015e-03 7.855943789913140537e-04 -2.009259601043505874e-04 -3.659958505151027393e-03 9.655703210512592131e-05 -1.823395674685679944e-03 -1.689460099361803991e-03 3.378842318835095435e-03 1.575427975865466247e-03 -2.466035720361242018e-05 -1.349946616136284876e-03 5.582372625436953363e-05 -1.371130503893735033e-03 2.832209517382419488e-03 -1.285422803342508224e-03 3.637744391872132122e-04 -2.490481560816256400e-03 -8.121816840812494734e-04 7.130789538798991325e-04 8.398420182646901483e-04 2.713340037551630925e-03 -1.700907509240422871e-04 -1.477654007294869256e-03 -2.721084350790687646e-03 -1.158469689508544740e-03 4.628887163560405711e-04 -2.293034225759802401e-04 -1.434694214827213774e-03 -2.382091470412492622e-03 7.526960724322343281e-04 -3.108150858861343218e-03 -9.943044566100012194e-04 -4.863469553883525455e-04 -2.638534685778638408e-03 2.788343675264218658e-03 -1.265434776448582255e-03 -2.356747691214435263e-03 -2.556061629088674046e-03 -4.269152330140538187e-03 3.711388286683564835e-03 -1.952527253035074139e-03 -8.235807146708348531e-04 -1.615591373161952065e-03 1.815490379306058466e-03 1.695521803589910941e-03 5.299755829642720370e-04 1.018803930216920185e-03 -5.136048406828280094e-04 -1.707674873834677748e-03 2.991368253296424417e-04 1.899866182195822069e-03 5.512198676665795716e-04 3.825405424753923478e-03 -6.357958903154005935e-04 2.601777038252210857e-03 -4.194374330755645808e-03 -1.347207624930502317e-03 -4.210800223170194784e-03 3.886207386944411763e-04 3.154073979559939532e-03 6.359461352324972646e-04 -1.408901927706957425e-03 2.408138596142051294e-03 -2.300765718420665160e-03 8.684658217233304526e-04 3.320505034980137781e-03 -1.786455589371744928e-03 -3.945151445568245859e-04 3.846336331428124315e-04 8.983384723530106995e-04 9.654400193937817459e-04
-8.913831713105284382e-02 1.963162242060499316e-02 8.316840327014107803e-02 -4.140243085234437265e-02 -5.237826367131085195e-03 1.660410130053218553e-02 2.490237506499019468e-02 -2.873671552824809752e-03 2.339886711287257962e-02 -3.142055601193662930e-03 9.390357853186523385e-03 -5.952060878163119816e-03 -1.441256070272711612e-03 4.864472590668487105e-03 -2.093156836893834711e-03 -3.015571475273769869e-03 3.601011130783361019e-03 -4.447620095910599126e-03 -3.222505222871710311e-04 3.134723094252267299e-03 1.055213031620973792e-03 -1.158535752822417502e-03 -1.590912252781158951e-03 3.312437275375720164e-03 5.334566459063161403e-04 9.708153106702312749e-04 2.594191929322693484e-03 -6.350524664125700150e-04 -2.636045994991441724e-03 1.773089093034354354e-03 1.172671857243624306e-04 3.786854604394981200e-03 -2.350239054927113699e-03 -5.642392715287770455e-05 -9.588120258254691176e-04 -4.331024697561193862e-03 2.003914492571251451e-03 -4.959950968632703501e-07 7.868624245720929667e-05 -2.979997221056837186e-03 1.920719026117734913e-03 1.684354008421110049e-03 3.993686977510670262e-03 -2.536860873892850601e-03 3.414216461152241693e-03 -3.450921255418975056e-03 -2.518656341778112515e-03 -2.954109292674068042e-03 2.023208565184119964e-04 -1.264722660923088635e-03 8.851218378594804701e-04 -9.031754634053508609e-04 1.100137456420986889e-03 1.722214193219444474e-03 -1.221311018037308290e-03 -2.823986742498326395e-03 -1.093279925471787916e-03 -6.798629813446301681e-04 -8.077474337447277330e-05 -3.291497616570600131e-03 -1.275492414226725110e-04 -1.567586857179828898e-04 -4.201682701513569443e-03 1.886594654082304713e-03 -5.059910862052447800e-04 -1.107022562552435014e-03 1.270954602639561546e-04 -3.745774359778107371e-03 2.984887156552581099e-03 1.952961581729837281e-03 -1.046187933765869386e-03 -2.609041799656054358e-03 -1.664656916706251308e-03 3.981995293292731899e-04 -1.560932544565838721e-03 -2.013052965915920582e-03 1.359860830631549932e-03 1.124817512550784979e-03 -7.733447082912431759e-04 2.322967665774843243e-03 -8.142033837114300314e-04 3.847456237057144388e-04 -3.094888036660170191e-03 -1.798962791037314081e-03 -2.797095842524102011e-03 6.533726002337239894e-04 -2.490297279127757623e-03 8.624039321873857439e-04 1.458419872129844170e-04 1.904551297701814793e-03 1.562346675215042129e-03 -1.616817704494697165e-03 -2.042647587030390743e-03 2.058909123933116416e-04 -5.300040981188507616e-04 -1.607619464627606373e-03 -3.217361139424783963e-03 7.573293842359082265e-04 -5.335262294477021447e-04 7.948969775848086091e-05
-1.361743801106491958e-01 2.637951602078445271e-02 4.329508039898270766e-02 -1.784652961106802938e-02 -1.742667364000436564e-02 -1.596510467767340777e-02 2.426969928017420550e-02 2.696265022404612660e-03 -7.376771608190980066e-03 3.502323752372118928e-03 6.107301248596381203e-03 3.161653623405626980e-03 -4.609881467327190535e-03 7.664187319131621559e-03 1.591790890638911842e-03 -2.635296904635936553e-03 7.365238197003933862e-04 2.766375572368242382e-03 -6.334209584521217386e-03 -8.184311616611536456e-04 5.783260020023749289e-03 6.588980919536362342e-03 -3.356461528950776228e-03 -4.276067153064639671e-03 -4.533127274510592719e-03 5.085317421265478019e-03 -1.301203789893924483e-03 -2.543568477697025448e-04 8.922009102720795037e-04 -2.507390570240033978e-03 -1.586830933512429803e-04 -6.502008780645416458e-03 4.064697190664308705e-04 4.727084520969408314e-05 -2.678507448170755825e-03 1.284690961505072834e-03 -5.911942718479288976e-03 -5.424673362623323730e-05 -1.220163952689032284e-03 -1.270867466384293558e-03 1.504539296779886523e-03 -1.956759208444388241e-03 1.164152884483418042e-03 -9.044614660674934765e-04 -2.253244475522459250e-03 1.936959497971138099e-03 4.927174464817878942e-04 7.457119654686871239e-04 1.015685225826987430e-03 3.365389293151880038e-04 -2.422677647977963637e-03 2.944889940000068465e-04 3.097426626839996379e-04 1.707646582353968597e-03 -3.228744446041386198e-04 2.205887947604274254e-03 -5.061950610141049836e-04 2.896411690478145791e-03 5.417280924857433488e-04 4.554323969837471407e-06 -2.690523889766560997e-04 -2.264674730973554630e-03 2.342837829863869854e-03 -2.165099094270124449e-03 1.534447095375907457e-03 -1.964443427914497418e-03 -1.245367595283444111e-03 6.056833378170836408e-04 1.912120103429363390e-03 -1.651395284818385619e-03 1.437923284134347149e-03 -2.447099311374817312e-03 1.078881764138700083e-03 -6.987498163141329629e-05 6.298501935607668566e-04 -1.880244168594440591e-03 1.715546550088921981e-03 -4.639217231298641865e-03 -1.530443627375980631e-03 -6.841355777854821055e-04 7.972954046091822611e-04 5.745205453813373355e-04 -1.497071048360821592e-05 3.189158686137106538e-04 -1.120687154847066578e-03 -2.895562980478466608e-03 3.968732518618145813e-03 -2.253239102949587528e-04 3.616809635925494031e-03 1.900289398541922872e-03 -1.548768999108649826e-04 -7.973331479284963882e-04 -4.342111758350763648e-04 -1.743011574319128535e-04 -2.998078982279802577e-03 4.719223672452719197e-03 -1.525570374141078760e-03 2.104069692195930426e-03 -7.478520554645958288e-04 -3.111790386509473871e-06
-1.123881898345777675e-01 8.029335217942877578e-02 6.249406337741855028e-02 -1.399001169803660086e-02 -7.355795603011648469e-03 2.199523315226894603e-03 1.775591416548250034e-02 -1.442287186261354340e-02 1.277783891640383619e-02 1.195422259740009166e-02 9.256466577448640640e-03 -3.436003850153396440e-03 -8.980441916842085356e-03 6.053823226055214321e-03 5.355746058698529315e-03 1.791338683777470150e-03 2.024312763011753072e-03 -1.149262285857927460e-03 -1.801698689836109691e-03 1.441492885393604300e-03 6.445378908666147405e-03 5.333534856739124974e-03 -7.054670705410664641e-03 2.399211200473707131e-03 2.218942029628088401e-03 6.284771067224122730e-03 -2.970274980235485841e-03 2.388426112703431140e-03 3.366207957754149827e-03 4.099120534712428023e-04 -3.469821049183665490e-03 -1.277821359278161640e-03 2.595960420023287873e-03 1.170030966312623957e-03 -5.722968411507830568e-04 7.382117662213305348e-04 -5.989767226535557681e-03 2.453938936962211503e-03 -1.308860801242469740e-03 -1.043595604903344454e-03 2.123641278691751864e-03 2.339231079422547308e-03 3.330086003490026307e-03 -1.556754534713458878e-03 1.512584545251493238e-03 1.046631014499915715e-03 7.913899714684917864e-04 2.317581436246688061e-03 -2.848165557368331443e-04 -1.230712316017261313e-03 3.667615639137156332e-03 4.035573189297692737e-03 4.703728199243979507e-04 1.256160594456565659e-03 -2.015690717761360433e-03 2.661339962698788288e-03 -9.151623894206636477e-04 -8.707698793135978162e-04 -2.380515297055013982e-03 2.674277598178449560e-03 2.851979753256650776e-03 -3.259868623540598028e-04 9.900270920999933080e-04 -9.017993899230736504e-04 -3.606500715352831121e-03 4.921207185197136631e-03 2.246751728057904719e-03 -6.167070775462367687e-04 -4.705556978556172027e-04 -2.654078575672647392e-03 9.880729455552881429e-04 2.109605121858794830e-04 -1.620320086119310214e-03 -3.532266500579009719e-03 2.426520290718459441e-04 4.579067026819286517e-04 -2.140329030478079105e-03 4.603429308655580614e-04 -1.886483214228481956e-03 -5.075045925669745316e-04 -1.299751413240932715e-04 -1.692078412214992464e-03 -1.418538001427959317e-04 -4.233604577806512147e-06 8.969896478697776286e-04 1.260111877835711630e-03 1.957920910562438530e-03 5.080760673093654572e-05 -1.459750211189446466e-03 -1.728247104282621847e-03 8.424979895639839178e-04 1.178735145669322642e-04 -2.379103472579680988e-04 -2.027901440219556043e-03 4.014007048818079779e-03 -1.474214514677232857e-03 -6.158262738572603100e-04 -4.691450174114082070e-05 -1.176743070526957381e-03 1.187635583116178426e-03
-1.264037752992233088e-01 5.902849997842510993e-02 5.057617673212302933e-02 -1.979226685572450101e-02 -2.146907194543280772e-02 -1.526975859415682360e-03 2.555873174795741942e-02 -5.931381994756880494e-03 5.555416336744140905e-03 2.969155701956028692e-03 9.865060616370682073e-03 -7.359763379828984306e-03 -8.665216594129533656e-03 9.687117729169657243e-03 1.229795932312271111e-03 -2.354029303890950702e-03 -5.426756354158472108e-03 -1.592082052122303741e-03 -4.874919089339183748e-03 -1.810191214446782437e-03 1.618218996389549254e-03 4.431697140643247983e-03 -8.145454319387899697e-03 -1.121983212405601796e-04 -3.064526693662532938e-03 6.442807941475211207e-03 -2.579431981069686512e-03 3.252284600594145415e-03 4.863637598746022028e-03 -4.165296146845399853e-04 -2.919686390455441746e-03 -4.994502817328678318e-03 4.503216959212188726e-04 -3.094265051297001492e-03 -3.589053049710755078e-03 -1.962758537988879351e-03 -2.562838525090696193e-03 2.521749076771959228e-03 -1.523163901663333961e-03 -5.636990850017964795e-04 -1.315076069876703474e-03 1.472747519656470577e-03 1.122832766275226038e-03 -2.229680685879858928e-03 5.000695265229708518e-04 2.363053522048050130e-03 4.338620636161017266e-04 8.163055765434652300e-04 -3.825985397823145583e-03 -8.775879080533558006e-04 2.693936809123798418e-03 1.415555540513797764e-03 4.642725445084952074e-04 2.608118135046928916e-03 -8.771714244659927851e-04 -6.171888138178599037e-05 -5.838611264591034690e-04 1.384417094552530339e-04 5.621983376978621598e-04 3.160104789286695415e-03 2.450610737248926497e-04 -3.241407425622724967e-03 2.228595362462584730e-04 -9.530659588709378677e-06 8.906128060320386841e-04 3.156733207725520487e-03 1.944151193791991000e-03 1.097544912765868958e-03 -7.223630448456219624e-04 -1.964356175827863013e-04 2.384831343044868570e-03 -2.843184742518475752e-04 1.924753992593583683e-03 -4.021936600487024081e-03 1.494109341195785847e-04 1.534315055010500783e-04 -9.498745895947810578e-05 -1.178429331998817262e-03 -9.661192172178950221e-04 -1.247690458170646255e-03 -2.143899154851973583e-04 -3.280440554573820812e-03 6.421058549190742466e-04 -2.416119008956142244e-03 -1.071697015507770776e-03 1.126757859831796379e-04 1.128978362300471624e-04 4.628565998099400938e-04 2.548304888419998635e-04 -3.964978350535294121e-04 -8.356215264237356450e-05 5.871658215724891161e-03 -4.165746094292802201e-04 6.318477240564196896e-04 1.773652600289658387e-03 6.500826586930996990e-04 8.096786255302920428e-04 -6.797180348416855802e-04 1.197420391440801469e-03 6.337314954437498361e-04
-7.754322659861112577e-02 3.375142025940965768e-02 9.887481485465901554e-02 -3.106107273347344377e-02 9.255525778599102416e-03 1.950733974887973801e-03 1.921514489735573136e-02 -1.165303457546251927e-02 2.017057141198937142e-02 8.816027894615982574e-03 1.120632980119806374e-02 1.562746939771673949e-03 -3.502332393736633936e-03 5.756421139258169513e-03 3.576695306463936654e-03 2.454698184127946346e-03 4.946342289600248569e-03 -2.220800564554745171e-03 -1.961494661672176564e-04 2.414568203297464116e-03 5.133780709490350265e-03 6.983157325402687037e-04 -5.077104434489217643e-04 4.935003082439485232e-03 1.682576693146592721e-03 -1.526868095235404217e-03 8.871464112295637545e-04 -8.169899209027928861e-04 7.052486962337492634e-04 3.338832813042968365e-03 -1.541766430769993647e-03 5.423714306843714118e-03 1.309353749628089933e-03 8.675688024989590885e-04 -1.521160368354078710e-03 -2.259569902472500710e-03 1.042868583408801484e-03 2.869413115620121204e-05 -1.427550883220618906e-03 -9.899055611206750063e-04 4.407172925132800661e-04 1.461701423461776641e-03 1.932603283523114893e-03 -7.930576028252522879e-04 2.264214956393455821e-03 4.669708931731707149e-04 1.074055544002854023e-03 -4.503720453567749450e-03 9.404577837590074674e-04 -9.081524569994180868e-04 1.141641503763402184e-03 -1.508372035846282117e-03 -8.687049206737480235e-05 2.914774024290527673e-03 4.494984761656791502e-04 -5.434839436835103149e-03 2.575814222372961679e-03 -2.305049503635569867e-03 -7.156634764471037297e-04 -2.264632994999891871e-03 -3.136998562064427336e-03 -2.371637594124318110e-03 -1.934539652004266860e-03 -2.907273275547587500e-03 1.989235583131890219e-03 2.019259261089180577e-04 -6.964391629592952323e-04 5.925982842353245744e-04 -8.411941801710791974e-05 3.686222956492594179e-03 -1.738326726908726244e-03 -4.513218608708653002e-05 -1.667127589964814867e-03 1.202158270416790568e-03 -1.209296932882670530e-03 -1.120747748031303628e-03 4.179252067517974338e-03 2.346282372862089176e-03 1.079850534912448574e-03 -4.030708638323831760e-04 -3.447167342803633683e-03 -1.990118384640873327e-03 -1.376641210828749486e-03 -2.760202206719335888e-03 1.103667674238592057e-03 1.770776901626977670e-03 -1.377164311748468569e-03 -1.308110681146815082e-03 2.670141450154031029e-04 9.889407300023591273e-04 2.862650063391769268e-03 -2.139099968702735423e-03 1.509445648522378045e-03 9.638344615869867335e-04 -3.564044535361152915e-04 3.514372234375116085e-03 1.371705156513878436e-03 5.668298849776735307e-04 -1.003561811604469214e-03 6.334044981823118729e-04
-1.381679073535409530e-01 -5.357206144355802085e-02 -2.827639637300327982e-02 -5.500380146341720018e-03 -1.053594577775439529e-02 -3.734833815408546837e-02 1.205139972858249562e-04 1.555092269067050170e-02 -1.571997967854214806e-02 -1.962088639024700196e-03 9.691761973769195612e-03 1.001043801924743348e-02 -1.266560757697471513e-03 -1.244413429402969331e-03 5.546717758684518475e-03 1.097454438294647036e-04 -3.071546084389269204e-04 1.944542471768254946e-03 -3.173066482542960445e-03 2.861576601209158202e-03 4.218889411602313837e-03 -6.679683369623031245e-04 3.485327701506394076e-03 -1.001241816707334293e-03 -3.158273705311785608e-03 2.143977997023360500e-04 -4.700618405104489716e-04 -1.728731799358441913e-03 -1.261305967680524795e-03 4.656966025520155664e-03 2.636439119012494274e-03 5.464319747740225240e-03 1.539345496142047491e-03 -1.477700353285743735e-03 1.393359225030468482e-03 -1.649143492315157224e-03 -3.238710547722579210e-03 -8.736123315152203423e-05 1.322512321385803467e-03 -2.032967026323143859e-03 -2.482336260160790831e-03 1.338222600278515936e-03 1.319480959767611351e-03 -1.611922809265257462e-03 -3.448159355439391906e-04 -1.027662914762614114e-03 4.404261505412555150e-04 1.094691311539128112e-03 2.202342918536784037e-05 1.188128474538645675e-03 3.052034435212004908e-04 5.208028198735461210e-04 -1.392928020486280732e-03 -1.663502671851474273e-03 7.228942472075441158e-04 6.502394521625806450e-04 -1.686210739148724051e-03 1.183285353065539978e-03 1.497126553342596452e-03 -1.148241254664892323e-04 -4.187880098610037398e-04 -1.658285954668202358e-03 1.299922245531178518e-03 -8.028800378397304375e-04 9.436051492278411598e-04 -5.931288035789614600e-04 1.040599270140194627e-03 9.552883294116311028e-04 -1.234326209915341185e-03 1.456370441520885841e-03 -1.319542599932598545e-03 3.969568884691183300e-04 5.224925300852980821e-04 7.805170457435402166e-05 1.022315883178481072e-03 -1.206601053239546740e-03 -8.982789174186684529e-04 1.524981276619578495e-03 3.071259202594691035e-04 -2.584795106690723396e-04 4.058017475837283339e-04 1.688683136192701986e-04 1.203624785304306969e-03 -1.054443135860890206e-03 7.987915065511180844e-04 1.287934983791541197e-03 -1.215700260009317142e-03 8.215060835313562617e-04 5.881640960624077725e-04 9.007107458889941111e-04 1.007062351944411739e-03 6.660329811193970925e-04 1.560234240120530200e-03 4.988506045098053954e-04 -4.092042740895376137e-04 -1.549620693029808271e-03 -7.301993139390514651e-04 -8.678756803850286392e-04 5.964607786795642335e-04 -8.823277501755818347e-04
-1.425435394296830915e-01 -5.644144097970019147e-02 1.121952284880719033e-02 -2.360861751896863037e-02 -2.140325570280365505e-02 -2.634701203144722628e-02 1.612725341222156702e-02 6.782679723033954548e-03 -1.533483222367137792e-02 -7.441658423838605138e-03 -2.811863805522699816e-04 5.351077285648293304e-03 -9.022443154154598808e-04 1.597523839689768020e-03 6.058927908484158971e-03 1.859272813658812123e-03 9.131828613096942609e-04 -3.027797319407638942e-04 -4.594222030490805429e-03 4.769318385538813369e-03 2.092587350893092280e-03 2.382183939648784519e-03 -3.095221432286851277e-03 -4.529852674006529419e-03 -3.907397929893498094e-03 2.659182121773301464e-03 -3.197898083927265978e-03 -1.977557221393005937e-03 1.377986232800927505e-04 -1.573630527007665279e-03 2.718938605675223254e-03 -2.481990730797069885e-03 -1.221354817234527354e-04 -4.012658472489754463e-04 1.962280009261141715e-04 -3.284117828812389405e-03 -8.167214441832821312e-04 4.466534452990385631e-04 6.685405275139621106e-04 -6.312616203959177299e-04 -2.548233841224131161e-03 -8.801116808917311711e-04 -1.613341342973666952e-05 -2.439782025189381437e-04 -5.192799591318404510e-03 3.537071980302699398e-03 9.491128352916507367e-04 1.480152419149565303e-04 1.485931247443065509e-04 1.452641028589635825e-03 -1.914393331906541875e-03 -4.552928187483926419e-04 1.367471566009505202e-03 -2.467076287639943452e-03 1.315374185199133386e-03 1.726192346841785852e-03 4.360297320522947009e-04 -6.248354897847700502e-04 2.531625028881116703e-03 2.377685917330964866e-04 -8.307319272322081409e-05 -5.890560450923195464e-04 7.823656195411618974e-04 -5.733520065955307980e-05 -7.134060430422623335e-04 -6.137654104786632696e-04 -4.850606242288012931e-04 -6.807705931709777522e-04 -5.578849297516966666e-04 9.765814261810707060e-04 2.591094326316104837e-04 -3.360000237918067765e-04 -1.224216638564373447e-03 3.079795015803474603e-03 -1.520316203966800986e-03 -1.634976552133551777e-03 -9.058662118648704454e-04 2.136051162706379975e-03 -6.936504008955024243e-04 3.444824882380183328e-05 1.738251034066926157e-04 -7.328937448246179752e-04 -1.546498308175746253e-04 -1.784648448138425911e-05 1.818668550344208204e-03 -1.872558335121524413e-04 -2.174182196429155474e-04 -3.437872770896043743e-04 -2.323893980810266390e-03 -1.254196417331608897e-03 4.068143360234754546e-04 -1.346629829829700843e-03 1.915435940473083796e-03 -6.919679206345355493e-04 -1.036129284906573485e-04 -1.666599411294723485e-03 2.260379219102311092e-05 4.622493720647120191e-04 7.800870153156954897e-04 4.039505508620186316e-04
-1.356105994843263274e-01 -5.684548235872749489e-02 -3.318908833468241226e-02 -3.568668131450211060e-03 -1.519491045832103808e-02 -3.034463895780123432e-02 -5.923037109234304681e-03 2.282918044163817842e-02 -1.433463056114193772e-02 1.094678007432338786e-03 1.241510523911929127e-02 1.089669294081630716e-03 -3.431658287788480737e-03 -1.404182242316838166e-03 3.837607510628437794e-03 3.405837293250345982e-04 3.109555745183732386e-03 1.309303143832192626e-03 -2.955601958257901389e-03 7.515333064970761753e-04 3.186876276576968304e-03 -1.595133237015240648e-03 4.042005691771152071e-03 2.261016367245164208e-03 -1.098642630943922043e-03 -3.350610851243281823e-05 2.078514520591954583e-03 1.523858907275364325e-03 4.926790904304071848e-04 5.804852323008158517e-03 1.745335853735444955e-03 7.649486595294767953e-03 1.820412735533058924e-03 7.253386964585852069e-04 1.197835498515321647e-03 1.198208624691189921e-03 -2.503943261182694190e-03 4.291148092829661330e-04 3.493651750842552157e-03 -4.281952145959855641e-03 -2.475707776685554581e-03 2.350645963132993663e-03 1.151953633772893155e-03 -2.092220287728250618e-03 3.451069395108870286e-03 -2.697354201573353392e-03 -1.819470393805988585e-03 1.381146323243218847e-03 1.376044957724566632e-04 -1.792605571787712080e-04 1.068703394126703119e-03 1.749009833309157292e-03 -1.788160767874435921e-03 1.744434121818225431e-03 -1.109655620297965092e-03 8.286396018759066909e-04 -2.976341904632057601e-03 -3.193628773397567890e-04 -1.647258175496015909e-03 -8.164585004547151529e-04 6.515796100544564992e-04 1.924835443673185605e-03 1.158431134723970609e-03 8.298473611795978248e-04 -5.209217597066331416e-04 -2.112472709361336819e-03 6.956757604382192938e-05 -5.337213128047564028e-04 8.950826583963774903e-05 -7.110648755499549868e-04 -3.773378362502083583e-05 1.378288735879858867e-03 8.979104118193093672e-04 -2.999925073402858410e-04 6.908465057545631807e-04 -6.108057584945631282e-04 1.839328966475341047e-03 -8.352170993692759060e-04 1.072293483160516358e-03 1.029669938309939496e-03 1.090570997734352293e-03 -6.063300811340324118e-04 -5.146953199427104723e-04 8.879154609508696765e-04 -1.364339336271454153e-04 -4.091353390176670940e-05 -1.074984463971643162e-04 -4.757658115051835901e-04 -2.626468827548257318e-04 -5.541202086184772706e-04 -1.405346323616761669e-03 8.437463654957506713e-04 -1.619669224121996799e-03 -1.986531289260210333e-04 4.965163247145891077e-04 1.368625073271128581e-03 1.068997553125995877e-03 -7.518591911065867312e-04 3.587442635251886290e-04 7.768010687242754347e-04
-1.335759507363840914e-01 -6.580441881269136206e-02 6.538710397357344606e-03 -1.548073796360504781e-02 -2.415423035295776247e-02 -2.304193209429417771e-02 8.451401260432216470e-03 1.629374549489019317e-02 -1.960324429238631191e-02 -5.804905980800065474e-04 6.443007368058507010e-04 -1.017056721366156385e-03 -5.364637225571470582e-03 -5.051684366501785380e-04 5.416673120866495085e-03 2.743999960307065642e-03 -2.796626459703985029e-04 2.521907340188228597e-03 -7.287066061935993039e-04 1.858391159820509293e-03 3.840682795905071660e-03 2.752692494081898818e-03 -1.106395782137413247e-03 -1.405188897349920855e-03 4.572896189308668364e-04 1.510229065912918004e-03 -1.277927353317128041e-03 -1.826255318032753280e-03 6.180510693261879063e-04 -4.936319509546856742e-04 2.808845037618522365e-03 -1.496236945661416108e-03 -2.484029929568036922e-04 -1.212783085861444168e-04 3.115720482943604153e-03 1.387261066586285190e-03 2.539664816559599522e-03 3.565850257104834133e-03 3.510977603266650479e-04 1.321365802673247873e-03 -7.252778133946545568e-04 -7.579871355444247564e-04 -3.268735825411017790e-03 -1.084397970936497833e-03 -3.820460255431846162e-03 9.270860834152959721e-04 3.432462482175509103e-04 -4.328250560395077956e-04 5.252109185871072254e-04 9.308768387444838832e-04 -1.737324578813221471e-03 -2.715708412013743273e-03 2.981476310557443308e-03 -2.627326870384933972e-03 2.969328681043107354e-04 -3.998856628989115418e-03 1.963793160116525209e-03 3.896441887507784332e-04 -2.874820376242857769e-04 1.847910276488334532e-03 -6.369331882696640818e-04 -1.785921606060559153e-03 -2.491457072609309063e-03 1.438248208228907251e-03 9.279148919221209650e-04 -2.831822903224705864e-03 7.882763054106640705e-04 -1.222944014365987897e-03 -4.608040040916531110e-04 1.627760392790351040e-03 2.004078911499237482e-03 1.577618987290370367e-03 -1.392018117220506813e-03 1.864267634452222927e-03 8.546609336760410290e-04 -1.923790562609054055e-03 -1.688513600754745639e-03 -2.501458212006963224e-04 -1.006585361789709247e-03 1.196839438849479865e-03 -2.809565038120173230e-03 -4.717798182551988652e-04 -2.104969719915196838e-03 -1.315960155995601118e-03 3.394526883045249910e-04 -8.042502487018214586e-04 -1.570086356621076687e-03 -9.373808601974925820e-04 -4.128175525602196735e-03 -3.245748752695116861e-03 -9.877749351557395946e-04 2.110192414657704758e-03 3.411068851434602249e-03 1.422499595884372256e-03 1.451700600427508706e-03 -1.289937157690129082e-03 1.213131240593247660e-04 9.957491984323096294e-04 -1.869403491953410142e-04 7.667167076693134171e-04
-1.381521411446126613e-01 -8.805450786175601785e-02 -1.117727029514135190e-02 -1.879943008171742688e-02 -2.374766795483460383e-02 -2.203577776626472473e-02 3.977928935235493582e-03 5.288088349557659544e-03 -1.166823995929615852e-02 -4.836362223559935621e-03 -2.289972996925286174e-03 -4.802294040013085213e-03 -2.126908715436652900e-03 1.004507355531657903e-03 8.444386011777367182e-03 3.791732770912333884e-03 -2.343297677693466602e-04 -1.620133313765787604e-03 7.541315734797315916e-04 2.569337164010932536e-03 -9.056401282271568480e-04 -1.974194655678551246e-03 -2.545543854752493548e-03 6.043845391157561800e-04 2.490544738741073440e-03 2.013734652998937572e-03 -4.282162430365277868e-04 6.604450313812108451e-04 7.048013110161617349e-04 -1.498725761703171037e-03 2.444891139874158514e-03 -1.140983807582673839e-03 -1.625611561382228577e-03 -1.690596407114051828e-03 1.385323484982803853e-03 -4.785009654741719941e-04 3.679596481833236760e-03 4.994641103390431601e-04 9.188562712687560604e-04 3.427301483177227180e-03 -1.424552757956295971e-04 -1.574910199656193274e-04 -1.679846485602239439e-03 -7.135503493901183695e-04 -1.103359829091420102e-04 1.424766272928269881e-03 1.820765975581001847e-03 -8.701155465235438412e-04 -3.422793116276642757e-03 -2.765535065226236693e-04 -9.769527564914260950e-05 2.328924480947214205e-06 2.463128660302980888e-03 -2.562831709041044851e-03 -1.394418336018909445e-03 -1.834512820747185441e-03 1.398096764731993156e-03 1.591678822220393553e-05 7.057552726880574317e-04 1.431127802372248858e-03 1.277243607101734724e-03 -1.401424396875697743e-03 -3.105351080415144280e-03 1.712961062659285570e-03 5.866976951593211222e-04 -5.059886708398238572e-06 2.486329359469252338e-03 -1.309638875406600846e-03 -2.826905416977541687e-03 3.138711976671198101e-03 -5.961812437029989599e-04 1.843252546365583937e-03 -1.095408670689215509e-03 3.224278902778829575e-04 4.741528510007998677e-04 1.215248802824653047e-03 -1.306628859261453439e-03 1.117355652609041024e-03 -1.267606020723519586e-03 1.743616344595753974e-03 -2.753394913139256637e-03 -1.413881503602235730e-03 -5.644486450551498662e-04 -4.943219531657806645e-05 -7.905476115754886618e-04 -1.646025807013573117e-03 -4.290694359756130004e-04 4.968993761121974582e-04 -3.791220639177445874e-03 7.490537078373158460e-04 -1.670919883327617525e-03 1.755035543101372527e-03 1.905291646496255547e-03 9.284319026282049966e-04 1.270348827193059792e-04 -1.076318990744766762e-03 1.681204016696749072e-04 -1.567672639731216395e-04 1.483117593684625166e-04 8.734906968996459424e-04
-1.292059205441049019e-01 -6.924159138543165004e-02 1.123095360169753740e-02 -9.742394494668567967e-03 -1.495986590265744286e-02 -1.749867615266168311e-02 -2.427262482302935183e-04 9.403047106346037326e-03 -1.739870377479782113e-02 1.176505262609674890e-02 -2.720455583673219661e-03 -2.887068386889632757e-03 -3.540289681480035013e-03 -3.943013402457679799e-04 5.386987800901308146e-03 6.950913261580077230e-04 3.043444640379614537e-03 6.441330815134972861e-03 2.027694297283026779e-03 -2.095767758107906862e-03 1.226672774799316551e-03 2.867716084219746817e-03 3.544191089765467550e-03 -4.762164146228048921e-03 -4.448925405192994016e-03 -1.829525193359505088e-03 1.422465592242990904e-03 -1.059850350567438345e-03 -1.994080216829253842e-03 -2.499253720487559262e-03 -1.426037667818511219e-03 2.178561562439277038e-04 2.972194962472877490e-03 3.607527642584488353e-03 5.066437082628529910e-03 3.349326700396366898e-03 -2.514951960365882384e-03 -3.140168229744610528e-03 1.655687715576175658e-03 2.744934963122465117e-03 3.036209372814215046e-03 -6.481954983898341981e-03 5.333990059314092091e-03 9.457540791872814457e-04 -1.738272302707281457e-03 1.452887789718925056e-04 4.547782889227900728e-04 1.317012353535023034e-04 2.090180089256093044e-03 1.946216052048172374e-03 -2.564330124331470982e-03 -9.713563872240591748e-04 4.002320948607082825e-03 -3.106713470004754830e-03 2.011544047350316035e-03 -2.957489298943512517e-03 2.222894861905152283e-03 -3.360445159804081525e-03 -2.311199842562991057e-03 2.370425774872744751e-03 -1.147225799160569082e-03 8.489586699008929219e-04 -2.841155162103036012e-03 -6.939723404871179406e-04 -2.166804065872446425e-03 6.428263254850298666e-04 -1.042668288392817940e-03 -5.196045332506190814e-03 1.477077495756309736e-03 -5.569469409736771274e-04 1.671215726291852164e-03 -1.170503890755276652e-03 -2.441582122628660565e-03 -1.856597597648229712e-03 -1.710815802563746876e-03 -1.271343369590363388e-03 -4.530528545791163595e-04 -3.788912834922406568e-04 -2.396059847249481373e-03 -1.396994947406065201e-03 7.404363294500603552e-04 1.157314116620242108e-03 3.811122517568041172e-04 4.104297735949596535e-05 -1.136234672554585473e-04 -2.530333487172567106e-03 -6.940025071666318119e-04 1.002198901645269449e-03 -1.817962944097011079e-03 -6.793859698889856814e-05 -5.996991965394117855e-04 -1.500730036546016029e-04 -1.253499364617436003e-03 -1.793132328832074867e-03 1.679563120149023562e-03 1.047583821492431523e-03 -1.466953679469296589e-03 -1.119673503796088246e-03 1.405848053352072666e-03 1.471370296693377388e-03
-8.164690558559595246e-02 -7.362585907358590309e-02 -1.214944758570582310e-02 -2.928718858982444495e-02 1.138958852235177899e-02 1.051053199459203724e-02 -3.228195800047298594e-04 1.481124171733825580e-02 -8.201502444393377403e-03 -7.960630119625666801e-03 -3.164124188861886563e-03 -2.883527628229028573e-03 -1.319481960945257173e-02 -1.081304139982523088e-02 -4.341549302803005862e-03 2.361894619504875323e-02 -4.568278876327650471e-03 5.870461644308678020e-03 7.800388352882260852e-03 -9.270007437014695512e-03 -1.892728912361968949e-03 3.348845774015198756e-03 -5.986455676363482484e-03 -4.087808043010921714e-04 2.396801802180025583e-03 -6.956207965422027319e-04 4.176321653358428107e-04 -1.781073410229808661e-03 4.046208466345013743e-03 5.396439929662682610e-04 -3.264404047299059031e-03 2.129476093944992782e-03 2.494099093326157621e-03 1.410083548586276141e-03 -1.916884268801871813e-03 -9.332812875715650828e-04 -4.605430445531943570e-04 1.201350320089905437e-03 -2.806637077853983524e-03 -2.254650966454436415e-03 2.243257446494751131e-03 -1.072229287240616556e-04 2.220141492309223464e-03 -4.429311566105445519e-04 -1.106277877096803572e-04 -1.193301352267246750e-03 1.706474374182590870e-03 4.167823747999286829e-03 4.019801171632534503e-03 2.770879463630489432e-03 -8.870963561839663057e-04 -3.603995731888383694e-03 -1.926126132901520799e-04 -8.139492254629087688e-04 -7.869569719084825734e-05 -8.644992169209433572e-05 -1.086679859757001387e-03 -4.313777804834931966e-04 -2.056501190423630011e-04 -1.249379253851342405e-03 1.761946567723856986e-03 1.461503781246790848e-03 -1.134963836363985537e-04 5.574973181182450764e-04 1.167745544444843140e-03 -4.495785079518491590e-04 9.244960311628761191e-04 3.659193512333079319e-04 -8.259914621230848213e-05 -9.860913519508470761e-04 -5.822412113616275793e-04 -4.525940501130017580e-04 8.738535473660428553e-05 9.838413587438194288e-04 -3.313050725062433814e-03 1.772159310115676342e-03 1.657524614571833808e-03 -1.090007807311931974e-03 1.450631302084832161e-03 -2.858747043473324357e-03 -1.526323974018611320e-04 -8.675258588669800170e-05 2.315194441806509799e-03 2.999761992736976485e-03 -2.636577024399071930e-03 -1.583069407247486267e-03 -1.086037620523233041e-03 4.496786076501062442e-03 1.292446671567259802e-04 2.518673048327594449e-03 5.848332494915622730e-03 -4.998125580133385339e-06 5.966259992161806504e-03 2.217902836622489930e-04 1.183648573057502745e-03 3.354468392270792011e-04 -2.994050885866910398e-05 1.282601884258876591e-03 3.188879834305484006e-03 -2.903844788197877777e-04
-3.233308121096089421e-02 -4.270631001808276178e-02 3.078435593074096283e-02 -1.848330510472926194e-02 3.833839083456914293e-02 7.363325959992268396e-03 -8.145782207111077269e-03 1.461375948575734801e-02 -1.710567308033580231e-02 1.720557158699440254e-03 -8.758999069979928054e-03 5.586215099973212278e-03 -1.362837792179617813e-02 -1.100282572238816051e-02 -6.865529078156786154e-03 2.218908036118009616e-02 -2.110186076226509919e-03 8.565018392081024529e-03 1.188999316092851678e-02 -1.073144149836039937e-02 -1.532227440016931683e-03 2.459586266564768673e-03 -4.880878609306148024e-03 -2.746135423663402427e-05 -7.563472546611131261e-03 -7.177203623073674307e-03 6.320051529324837575e-03 -2.618330508801693796e-03 4.058026816988392904e-03 3.146156841958991021e-03 -5.898491067475496175e-03 -1.656596628105609604e-03 2.593525245913234824e-03 -3.018577323944149869e-03 -6.145924050309442034e-03 -6.599952897585974372e-03 -3.238633439035216912e-03 -3.749211611657556108e-04 -5.044122381352619464e-03 -8.253854214483189377e-04 -2.384342447579663668e-03 -3.606177380909570719e-03 -1.935240172599346237e-03 -4.096160618119318482e-03 -1.182518847411305430e-03 -2.752641122962316660e-04 -8.908084559695896541e-04 1.922090643731657819e-03 -7.286384620800506404e-04 2.983129719821135152e-04 -2.215262513964873659e-03 -7.651796904571529865e-04 5.528513536047220374e-04 1.075135342681424969e-03 -3.746711919692876768e-03 3.104519008422935988e-03 2.925303023758548705e-04 4.616659141384112271e-04 1.233270985504651479e-03 -6.503273746691897068e-03 -5.452556957465553352e-04 2.152493199057976380e-03 -1.816839766270481092e-03 -3.139649015737388821e-03 -3.518645869189371072e-05 1.397616231149409471e-03 -8.544513773141573440e-04 4.563515499362344853e-04 2.142874778418011380e-03 -1.004634853856905445e-03 -1.992671915818452653e-05 -1.979314222263951848e-03 -1.204759892667412987e-03 -2.044143568081619074e-03 8.209543355307770320e-04 -1.797873577529089184e-03 -2.741091324021394538e-03 -2.688379566553758082e-04 -4.495901685322123116e-04 4.091424794982199617e-03 -9.895498887542550272e-04 -5.466361197067346259e-04 -3.345881790588000650e-03 -2.326447593147480501e-03 -3.024215814912260846e-04 1.973496074250776899e-03 1.576493368134693890e-04 -3.752551424240622470e-03 -1.114549384472728229e-03 -3.116099737850600709e-03 -2.356089479346303982e-03 8.407767886574162844e-04 -2.716826485099355093e-03 8.297644680881883063e-04 2.665956407664833619e-05 -1.584918372985175778e-03 1.371063027187711773e-03 -7.413240423076972142e-05 -1.679032642604890097e-03 7.730619860377140615e-04
-1.093637866357337063e-01 -9.077209092583274352e-02 -8.366867303170006515e-03 -7.886767008830886799e-03 -1.262056292525244594e-02 3.111190784511467383e-02 -6.284154619116767530e-03 -4.445630471168464382e-03 -3.946454343216414772e-03 -5.522155928601658187e-03 -1.166254584133352180e-02 -7.152177235662623977e-03 -2.001086147526439426e-03 -5.743260190423979568e-03 -5.957219718101289078e-03 8.233858731803465197e-03 1.748029102084524330e-03 -2.712017942846342827e-03 -1.232185620551929945e-03 -2.337357240551649756e-03 -1.342731517906123589e-03 3.922770596662559540e-03 1.239901765206192531e-03 5.963261840129696796e-03 2.440835795958777761e-03 -4.131838368080442518e-03 -2.540981617094551556e-03 -1.224405011293944103e-03 4.287622166620605815e-03 5.204606053378059427e-03 1.786542291438792058e-03 6.418504365919375319e-04 -2.013765961630579679e-03 5.204257508590965026e-04 1.625333375019343560e-04 1.077434596285865463e-03 3.629341802880396619e-03 5.785468739938493497e-03 3.891930128429784211e-03 -5.117864533248972286e-04 -4.498599304271769933e-03 -8.494979002624704215e-04 -2.881322761992515490e-03 -1.240142296701477040e-03 3.197904743829498974e-03 1.497741657440851025e-03 -2.489763169151391984e-03 -4.900724885802994749e-05 -3.999617286885115072e-03 8.326271384459394548e-04 -7.953111185635783776e-04 2.240559555496633975e-03 7.145671942980492660e-04 2.391887387884582619e-03 -5.890383290039055610e-04 -4.227976924283032099e-04 3.522938858633551068e-04 -2.652978354321069618e-04 1.111921116334202778e-03 -3.746693895033142052e-04 2.011586149377699549e-03 -3.896560137011807583e-04 2.873111803645018395e-03 1.863641509781977998e-03 -8.605170266832243026e-04 1.733292882407132382e-03 -5.663395726334943467e-03 -1.777008672471427561e-03 1.983064001604120143e-03 -1.259448304929779595e-03 2.400958214403886213e-04 3.497413893648752218e-03 7.855693781893158690e-04 1.928780324232944043e-03 5.146193285688120374e-04 -2.859315058455726664e-03 -6.938857893683033490e-04 2.137785046709184816e-03 8.577439547981678333e-04 -2.678200376328594961e-03 2.130880813701550077e-03 -6.989494370893124765e-04 2.041736051570044346e-04 -1.020127545926560725e-04 1.053284170607498432e-03 1.327891589167246120e-03 8.570763261914530985e-04 1.039008900128286181e-04 6.623111191721232959e-04 -3.514934760779731904e-04 3.742158324935075144e-04 -6.583821244619113711e-04 1.426763134085630132e-03 -1.139622916290264874e-03 1.308229066298593080e-03 7.826231422914524426e-05 -1.047028101768912286e-03 1.914520270488570194e-03 -2.217025848777171015e-03 -1.940812551792640752e-03
-1.211482862813799827e-01 -9.486378597336642127e-02 1.520347625339227684e-03 -8.753108770007315617e-03 -2.445527406799172590e-02 1.753421970982972644e-02 -3.163566824786850397e-03 4.857863617752570910e-04 -9.157114227976525730e-03 -1.484545631714144357e-04 -1.440209959760802363e-02 -1.335910744630250564e-02 -2.236235110144637814e-03 -2.479977110115910710e-03 -3.370018064506571974e-04 3.313796139988165086e-03 -1.948990841548146869e-04 -1.349942523580981548e-03 5.192026880945989527e-04 -2.121584503506447183e-03 -9.018717569358191170e-05 3.958030778732235348e-03 4.173591579133499770e-03 3.344918292741103170e-03 3.195018800062448140e-03 -1.700364000358229070e-03 -3.685416768484181191e-03 -1.918004750570049969e-03 -2.039652004151186807e-04 2.313335635295679475e-03 -2.348416717200357243e-04 9.268434047364343658e-04 -1.776354887061217186e-03 5.432620791822160991e-04 2.642870955894672299e-03 2.568332197217051711e-03 4.779558758300551415e-03 4.207050392366606592e-03 2.236758481790444494e-03 -1.720925805410376298e-03 -3.679570416505371596e-04 -2.274580189316687494e-04 -1.144120821923401508e-03 -8.376104247330897618e-04 5.732292636356342347e-04 1.317666991251924182e-03 -1.733658742727138590e-03 -8.513440142522442139e-04 -3.529181002128715765e-03 6.763268028838744991e-04 7.963166459614522260e-04 -3.597153172892826102e-04 2.199868790904658828e-03 4.184743718260886848e-03 -8.416994615538319442e-04 1.381978726353478952e-03 -1.334491895403514070e-04 -1.072873004303883217e-03 2.695424654038660987e-03 2.400183359634067495e-03 -6.421913840640786813e-04 1.178188496614836645e-03 7.733690391416816372e-04 1.083887243156100464e-03 -2.793392313615007238e-03 2.910437783890104831e-03 -4.089982249035273125e-03 -3.125559702714982967e-04 1.358336455958541024e-03 -3.378722295877826815e-03 -8.075423430146872253e-05 2.496056964867140256e-04 1.660328852597949467e-03 -7.623293456018425665e-04 -3.168795008841479599e-04 -1.210921351383680835e-03 -3.519161970061644978e-04 2.274403225978439882e-03 6.053965976465362255e-04 -2.378538543150279447e-03 2.127211278070291131e-03 -1.202525473117921437e-03 -5.395648904920479112e-04 -2.715257406478628101e-04 -2.452477986945957901e-04 9.590681898431022709e-04 7.036795179535782711e-04 -1.073347123156543877e-03 5.594510491454366156e-04 -8.252290326003204699e-04 7.057711709006952907e-04 -1.224877105260050109e-03 -8.674110895378308239e-04 -1.448183213815399653e-03 -2.529822357210803076e-04 5.500997856491548566e-04 -1.793567296658217557e-03 -8.670979384939775684e-04 3.215973462418440245e-05 -8.352137613215303551e-04
2.103274643916748232e-01 1.532184967246707184e-02 -3.781650658920415048e-02 -3.629021692416755512e-02 -7.912391515910933287e-03 1.030608571812711982e-02 7.981182879645973977e-03 -1.031358978304901773e-02 -1.666404504444084222e-02 1.548475163932569280e-02 8.007290890778930026e-03 6.386118452088115731e-03 1.000587934646850717e-02 3.952059680909356630e-03 -1.797837745319209824e-03 2.070120781705724403e-03 -2.741204553358972808e-04 -6.459238647196470853e-03 -3.411708430901119532e-04 -2.763926868760452783e-04 -1.880279814778675410e-03 1.093715994910101665e-03 -1.662056657515990736e-03 -2.285031365195163908e-03 5.910611201766501586e-03 -5.432508830800359670e-04 -1.016007528671007991e-03 1.941784172023101711e-03 -7.044886641183917850e-05 -9.371276663887595504e-04 -2.705677620148243170e-03 2.214481083315122077e-03 1.110916754160592063e-04 -1.554542661592946996e-03 2.580562873832623234e-03 -3.012026333387094086e-03 1.319368352036409534e-04 5.609438158541649871e-04 1.180507586252142445e-03 -2.341593900269390281e-04 1.737324811283296345e-03 -2.500042257495632952e-03 8.684990057129845630e-04 -1.022773797169320396e-03 -2.814250746673146401e-03 -5.629278036105469889e-03 -1.741903150523793674e-03 1.014554559149393647e-03 -3.669510949314809881e-03 2.667097720363098925e-04 -3.029318123264651118e-03 -2.378439737710363270e-03 1.347187882641806989e-03 3.769276269428653223e-03 7.337775233520467226e-04 -5.743010478216015397e-04 6.694864452661797825e-04 -8.430915824363444024e-04 1.128129243520342197e-03 -1.256952270567206209e-03 -1.636204161259707454e-03 -4.392667063616827465e-04 3.198259805369355144e-03 2.915368287758226748e-03 -3.167510508925294927e-04 -2.527507336380552445e-04 2.510441067693454115e-03 9.283986481947209719e-04 -1.289326050816514281e-04 -1.502597316131680126e-03 -3.506874753922940103e-05 -1.041810746547259126e-03 -2.388506925954797955e-03 -5.089701870541583776e-04 9.344667828495805241e-04 -7.784931237232840069e-04 -7.836140391424357889e-04 -5.686442373047269610e-04 2.144878597026096331e-03 -4.648284168308900919e-04 -3.784235763570763960e-04 6.280777865970816297e-04 9.075095675790487842e-04 -2.802816110304727016e-04 1.038308619126921328e-03 -9.110968188905684386e-04 2.719542060379483454e-04 -2.570735209623419403e-05 5.163598593165044355e-04 2.409915824609704842e-04 -9.149828257513189416e-04 -1.387329245930485257e-03 5.049525738167833953e-04 -9.504076658969210552e-04 1.171651460266950754e-03 -7.419442908018442171e-04 2.506639691943016732e-04 -9.524621027191641776e-05 -1.214352675843994407e-03 2.892648615188834170e-03
2.188638514335236596e-01 3.107322357099482398e-03 -1.715176096790186483e-02 -6.955026598059871161e-03 -2.878098646964939375e-02 1.758966990657565010e-02 -3.387292879420686527e-03 -5.765221235958259936e-03 -6.028633003685857430e-03 7.828736196035403607e-04 6.174499112843261604e-03 1.681953742425290957e-02 -8.305042550345129171e-03 5.002638180131965123e-03 -1.894000377619383529e-03 2.066188944402357584e-03 4.904981519962253907e-03 -3.228811183315249099e-03 1.176621614537124621e-03 -4.967061186889259539e-04 -3.989926096897273601e-03 3.808598174123106837e-03 6.871408862685900220e-04 2.758428980383182891e-03 2.180031302591596554e-03 -1.768660170606534132e-03 -1.595824229666632094e-03 1.203347872642814139e-03 8.124872017132876495e-04 -2.717906405788037688e-03 1.824633142605220802e-03 1.281374429670504526e-03 -1.966499888768898346e-03 6.530374142487494274e-04 5.963766047227452645e-05 9.726679544218010077e-04 -4.050296731748888259e-04 -2.611602415552296327e-03 -3.635385921462864871e-04 3.352142399118042014e-04 -6.637529831322036685e-04 -1.911324310274440308e-03 2.974308727367793760e-03 -7.617433839951823866e-04 -3.122528308539225051e-04 1.342917447218598421e-03 -1.165625306967655499e-03 -2.791673828553699746e-06 -1.346600648004934314e-03 -1.943635122401662788e-03 -1.477201800393292477e-03 6.151454029329885085e-04 -2.992095760580552486e-04 -2.521864546926996169e-04 1.565652466204896578e-03 -6.394030567021468606e-04 -1.384339381031956260e-03 1.326007318308457207e-03 6.227406057259286072e-04 7.973909636372083934e-05 3.540329654006354652e-04 -9.115388342471182582e-04 -1.257065108930901327e-03 2.065493204961740999e-03 -6.116200038815167465e-04 -1.327394731460827424e-03 -1.151022902010823915e-03 1.157913397309632457e-03 -3.322947330493521227e-05 8.527428617937010192e-05 5.269809526966927208e-04 2.239344211636605747e-04 5.546027465266614113e-04 -4.659375595125976382e-04 1.538737021856560706e-03 5.724983233076276923e-04 5.221049248805601731e-04 1.429380504881515778e-03 -4.084361886410192537e-03 1.679231385338871268e-03 1.957208184959872445e-04 -1.439679197009330206e-03 -2.175176621107335721e-03 6.780748844400468888e-04 2.061723840752796057e-03 -1.690990416790653711e-03 2.331386735855870774e-04 -3.406644527563522829e-04 2.244715584080376504e-03 -1.320374755733060793e-03 1.484645498929346987e-03 1.725991078042907819e-04 -1.904459035982056150e-03 -4.839288556213157746e-04 1.038447548997583573e-03 -1.165889786460497452e-03 1.570812302974601777e-03 -1.468821055019179462e-03 2.832231169711053962e-03 -3.459128019459049505e-04
1.795669463471571969e-01 -1.166203325605058572e-02 3.989862456320693307e-02 3.861697956521820130e-02 -1.289914378016784706e-02 3.433234913946101811e-03 -2.749545346271558069e-02 -2.205631850366742731e-03 -2.027270643312593587e-03 -1.274023648760676079e-02 1.705345139980082468e-03 4.921430130586346499e-03 -8.655606007853209119e-03 9.990323603075380171e-03 -1.391326340539364307e-03 4.208553398356649610e-04 -1.487698430982113467e-03 5.640640877091913355e-04 -1.115283934412277515e-04 4.267966870275177217e-03 7.521061646255253414e-04 1.979145354446893140e-03 -2.175276709931817185e-03 -3.454848943961549173e-04 -6.882091948977808130e-04 -1.112545325041117612e-05 -1.770159953350616648e-03 -2.996228954554538797e-03 -1.583407464130417042e-03 2.863674607410742010e-03 2.317144666748183722e-03 1.863546206169051662e-03 4.218932023323863673e-04 -3.501495909425829216e-03 -4.261213719489351584e-03 3.015141591308405714e-03 -2.076877436200258616e-03 -3.791545467226826571e-03 -1.104802948957395734e-03 2.867184740125624035e-03 3.837027132258605125e-04 -3.082574704306286720e-03 -3.931206950755729811e-03 -6.534184578576972963e-04 2.173845035122377433e-03 1.836576002544589026e-03 -2.927521998824850723e-03 1.105074735074144943e-03 7.666714998973904287e-04 2.855078731684206539e-04 9.339922366270908582e-05 -1.035262368999263338e-03 6.701229799124557224e-05 2.825754529010519184e-03 1.761499337587748909e-03 1.554976913776008000e-03 -2.465991990242827683e-03 -2.626314013862542009e-03 -1.349476984104491751e-03 -1.373752047417691521e-03 -3.651720402169842793e-03 1.508557971955081303e-03 -1.080463607734074259e-03 -9.101725418129882460e-04 -3.789545644641296573e-03 -1.222708057173159304e-03 3.436373255721323836e-03 3.380223329442543466e-03 4.654545295798611575e-04 4.354692551740948272e-05 3.632659739277439067e-03 -7.385948916744863868e-04 3.976820409846336065e-04 1.952066512933778048e-03 2.499005899771233104e-03 1.596064419129977372e-03 -2.054500806526460104e-03 5.635497448314319424e-03 -2.438667429312635620e-03 -3.086620105296157632e-03 -4.453243833269313751e-03 -1.939052649695649846e-03 7.559739834934753062e-04 5.008218552647643188e-04 2.788194084698804526e-04 -4.459447033884640817e-03 -3.061096164694327316e-03 1.491523692596473903e-03 1.681469972257033669e-03 -4.196258437160091566e-03 -1.011690056165468962e-03 -2.182291307560790036e-03 -2.568406679579343394e-03 -7.866909384161082123e-04 7.393897110076594510e-04 1.689947600892952604e-03 -2.556492701344856375e-03 1.819152528390255256e-03 2.552276316797968091e-03 -4.210931472057080280e-03
2.123887660140490186e-01 1.799273781232489308e-02 -3.282098357454560356e-02 -3.910922057932179202e-02 -1.183367178030115922e-02 1.418949747517387304e-02 2.823737326339220504e-04 -7.091789013460564513e-03 -1.394928552917017346e-02 1.126201157266749735e-02 3.854469213221511318e-03 9.686094922625764977e-03 3.398171841632611871e-03 3.495890799003936993e-03 -9.569830719011072559e-04 -1.450913909685675601e-03 1.982509073062611437e-03 -6.493616453103369726e-03 -2.600423610489832876e-03 -7.599164316210835126e-04 -1.721938331289411817e-03 -9.733001361318787412e-04 6.732613051333259180e-04 -4.578938144536279274e-04 4.193869799949688330e-03 -2.809947222825822820e-04 -2.728924147267493966e-03 4.079508143406269417e-03 2.869615354355443699e-03 -5.369302916766697555e-03 -4.200536774478642182e-03 2.919356178453455259e-03 6.366915832296252869e-04 1.012924921468537874e-03 3.592226755440480149e-03 -3.613022145578543166e-03 7.378192927632338128e-04 2.190759931249584630e-04 1.544735905878820512e-03 3.144476679075517821e-04 1.053085480740627907e-03 -2.650832192570588917e-03 1.034914702040934994e-03 -9.867405373992872361e-04 -4.115416132866714372e-03 -5.504760947014760916e-03 -3.282258866146246443e-03 1.328054511936837059e-03 -2.795785911975962913e-03 7.590531850848736273e-04 -1.773451398103840148e-03 -1.433289733913428862e-03 7.783104830211908009e-04 2.751131730956667999e-03 -7.936261256172844449e-04 -1.153897929206721632e-03 -5.534710432208223344e-05 7.579578644272544612e-04 1.252709501780022334e-03 -1.842449920951252885e-03 -1.743512124997496091e-03 -9.293032150838758700e-04 3.783288209782096744e-03 2.794115183824697011e-03 6.787326508434467697e-04 -3.816833537531696182e-04 1.906640266925548532e-03 1.419897770643179088e-03 -5.542692939838354598e-04 -1.758094040547367089e-03 -1.286639742141788140e-03 -1.149226021490171992e-03 -2.391421907477687091e-03 -1.009759365231313773e-03 1.511747392716603078e-03 -8.150919265356470263e-04 -4.557445976829853579e-04 -6.560649811488821230e-04 2.024322176184428432e-03 4.012653714054110793e-04 -1.472667416148097522e-03 -6.089161558011182453e-04 9.437615792740548229e-04 7.724095318332699659e-04 1.873448004924623206e-03 -2.821563703478542368e-03 4.284679035602823429e-04 -9.365257921058904372e-04 4.968189490817847328e-04 4.684584691609857158e-04 5.790314535262243130e-04 -9.866984662679179844e-04 1.462905141517073038e-04 1.167728786458342783e-05 3.840970763518792653e-04 -2.067074246158060857e-03 -4.819927101979585909e-04 4.712967898628311284e-04 -1.188874178883324062e-04 2.626592271437864883e-03
2.350612387528248359e-01 1.724025165642631419e-02 -3.408170582057995501e-02 -3.776295377053989766e-02 -7.893359628258322935e-03 -2.235779618082007255e-03 9.629153787235888995e-03 -1.317851248716190270e-02 -1.359008444274971764e-02 1.317528368367505698e-02 -2.908799775029412933e-04 -5.469821679039785917e-04 7.242278132317392716e-03 1.295374568835561081e-03 -4.231501307638769853e-03 -8.787506015258552501e-04 -9.362717525096594245e-04 -2.709499184825877455e-03 -1.497245745472487472e-03 -1.492343054447656161e-03 -1.012027405976093000e-03 -2.111887535404064192e-03 8.258318284493555185e-04 -1.048083248981586217e-03 4.808287646234730289e-03 1.608683033304760500e-03 -1.522750190355655299e-03 2.470233943067146574e-03 1.440391922926947390e-03 1.294802868185894983e-03 -1.983298870640189809e-03 1.789945126896883227e-03 9.500766835161915651e-04 1.634345009598854419e-03 9.712792393612185854e-04 -4.291359970112040845e-03 -1.383628155482642848e-04 -5.512611722501359140e-05 -2.236136516669749686e-04 -2.537972789734740649e-05 1.776449621042722497e-03 -2.295849360083953520e-03 -1.592154539071587854e-03 -3.497427011186594187e-03 -1.203600727783792849e-03 -3.368023243462851812e-03 -2.335484713430599539e-05 5.149280775669385496e-04 -1.777428032140240506e-03 1.389418867613741388e-03 -2.738587669846840114e-03 -1.143065631288256011e-03 3.245492156243535628e-05 1.977712515603147810e-03 7.711447928771050916e-04 3.273641076444668723e-04 2.160824077689625937e-04 1.370821429803015809e-03 -1.435286987237931839e-03 -1.885472568032128078e-03 -1.424229665547884329e-03 7.977821305923260423e-05 1.315409277156880151e-03 1.007868597425739176e-03 -8.296955079001094250e-04 3.547733108151973234e-04 1.715179506882076512e-03 -5.985369829051935325e-04 -6.870788212554990821e-04 -3.988210301760831988e-04 9.536862491682314338e-04 8.136396335860305445e-05 -5.803413758120721687e-04 -3.937453139584010440e-05 1.069495387236450891e-04 8.885117695116069190e-04 -1.226889093226930837e-03 1.775583548584636117e-03 3.831970702426511026e-04 -1.424495823389888025e-04 -3.835345840505927106e-04 -1.464149190991848731e-03 4.771299617612208667e-04 -7.321373621801297732e-05 3.369122046017450269e-05 -1.657701231684553843e-03 -4.097922011977233269e-04 -2.567959269156034458e-04 -9.279825547387435952e-04 1.145251733069179622e-04 1.156068040035624668e-03 2.904024525339635242e-04 -6.229920705545895427e-05 3.582854329894344706e-04 -1.150002749920667243e-03 1.772109694845695966e-03 -1.171394719309353698e-03 1.173466412704681806e-03 -2.081597672967846460e-04 -3.437625017461611184e-04
1.923315964853908600e-01 2.538326205044971490e-03 -8.682366365948364015e-03 1.110754660172567042e-02 7.652945275851212939e-03 -1.122320579317206968e-02 4.952755474997515804e-03 -1.696536918102673278e-02 -1.628763012513296388e-02 -2.917030060872069248e-03 1.038616546662503651e-02 -1.498740329534628546e-02 7.439149166317197796e-03 2.036070656985704188e-03 -4.654553497447969611e-03 7.200814098415582801e-03 -4.688555331413875142e-03 -1.744628767855565176e-03 -8.572347835824408943e-03 -3.117896409114818187e-03 5.161247881982447029e-03 -4.375947158320359250e-03 -2.283906563637943220e-03 4.924400679562223986e-03 -2.399892282980811784e-03 2.929343828393112838e-03 8.074153469757188589e-03 -5.910006661405398966e-03 -8.300260425453526852e-03 -6.380418496471595285e-03 1.812664974949158099e-04 4.409369555019105984e-03 2.794637176017821184e-04 -1.521639289220038521e-03 1.119047820613333329e-03 -2.442148973374747012e-03 -2.134521517501198641e-04 -6.248450184404167945e-04 6.424536181383485277e-04 2.652329515815175873e-04 2.131765188084858435e-04 -6.178891971055718198e-03 -2.075035410938352604e-03 4.642733026173254118e-03 -1.926472697493793445e-03 6.963952698999231576e-03 -2.831280519048994145e-03 3.020450285233207324e-03 5.821283911407187581e-03 -8.250197493645911821e-04 6.052833762672318180e-03 7.621088440639882042e-03 4.022381871129080549e-03 2.957839937359649837e-03 -1.203751223222944335e-03 -1.754096137269301955e-03 5.455737784936056690e-04 8.199815261347474316e-04 -1.775242787338297866e-03 -9.604695993825373458e-04 3.532290758536677042e-03 1.068010410935762294e-03 -2.171383794280792433e-03 -4.272797317295491584e-04 -1.625831830464194645e-04 -5.986828509062869577e-04 -9.653309733236059868e-04 1.479831023052984463e-03 1.731430267746211543e-04 3.209094634643686354e-04 -1.270964284655164318e-03 2.373048704370801266e-03 3.749489639497169250e-04 2.423586080276247598e-03 3.247525547212459177e-04 -1.832511600594873740e-03 -2.282197191360156585e-03 -6.496111843456882622e-04 4.850286385004169698e-03 1.783842292433121231e-04 -5.080267502133575461e-04 -2.175241603084616168e-03 -3.428375166421706926e-04 -5.205440533214268292e-03 -2.677788281370883580e-03 -3.411564653093076323e-03 7.107959791417355327e-04 1.243102806250300082e-03 8.798890773900672462e-04 -9.676671041499850402e-05 6.903865453630644682e-04 -1.180135275441632952e-03 -1.854540612777813091e-03 3.716676488775558034e-04 -7.985667048704578027e-04 -1.004058341060670538e-03 1.213189918723215060e-03 -7.957249312610815278e-04 6.095387558660250076e-04 1.500699438213300586e-03
2.270787636688200439e-01 8.879748988755386402e-03 9.182841515117497883e-03 -3.147368168056572778e-03 -1.220735204702152674e-02 -2.336986870576246780e-02 -1.914891821221687343e-02 -3.556259159055356542e-03 8.075785712306129266e-03 -8.997118143295774681e-03 -7.062070949764089577e-03 -3.914064114880896547e-03 -6.633940308018630196e-03 1.511513399686357281e-03 -3.810544014313424488e-03 -3.164606990722638406e-03 -3.047670341806738015e-03 4.799248622768142493e-03 4.821311062545127388e-04 4.533519633707764826e-03 4.784560282809250178e-03 4.161137950928850068e-03 8.673695239513002026e-04 8.256505081013889907e-05 4.595733901001846982e-04 -3.464823737938634799e-03 2.419097452306089111e-03 1.072601960950487002e-03 -2.616763656221362654e-03 7.430092858953459044e-04 -8.125668199003412227e-04 -1.264817790907112483e-03 1.144642625942941328e-03 -1.335423133014580765e-03 -4.330761491446466775e-04 8.427787243463787494e-04 3.998027476306395718e-04 -7.170170957934577163e-04 7.151795769863541260e-04 2.028149586803237869e-03 -1.193117566610583805e-03 2.151787888031153877e-03 2.746290984026921334e-03 -1.162428260834836875e-03 -7.787556801335147817e-05 5.266604521468146475e-04 -2.978380266180457431e-04 2.646448467853489920e-03 1.659710037914239244e-03 1.546864445089941691e-03 -5.671257903303821143e-04 -8.411350967566010115e-05 1.961302257843162890e-03 1.228284951959622302e-03 -4.436584408316746444e-04 5.278543897612826205e-04 1.423432535425876895e-03 -1.790507656870194515e-03 6.203779314813886309e-04 4.609972862669401431e-05 -2.408460991294642146e-03 7.987872078828906375e-06 2.302011928288141417e-04 3.779226978660076485e-04 2.332601665406327813e-03 1.641887715968186454e-04 2.274829556499411570e-03 3.736018701853903142e-04 1.675803282430856711e-03 -5.118176132173063832e-04 -1.303898163673122747e-03 -5.496121842467693126e-04 -5.712634606016804084e-04 5.694692790287361707e-04 6.773729814597210901e-04 -2.485835811089701086e-04 9.690562471438378791e-04 -1.828134086534422562e-03 3.096104105867420538e-04 -5.958401736026930264e-04 6.837736085390456933e-04 8.902644562662680259e-04 -1.075862040420887469e-03 1.863165329000541451e-04 -9.601851112110292193e-04 1.518109875449859432e-03 5.618753886507044841e-04 -3.657833078243360667e-04 6.793619159935598275e-04 8.313748720645479200e-04 -1.553426789812032078e-03 -2.124205924503403623e-03 7.340728913226878590e-04 -1.002126557638559129e-03 -1.463259577761557683e-04 -3.149755458699696024e-03 1.720024268651940656e-03 8.721734992728149985e-04 -2.795367548665071700e-03 2.657848390139291514e-03
1.850945260256202929e-01 4.989484415346901597e-03 -7.273214883213729651e-03 -4.396329950312826557e-02 -1.259729017172691451e-02 4.218679101208637310e-03 -2.191419977767639776e-02 7.596052511838183655e-03 -3.719506014166965371e-03 1.796202549926579966e-03 3.262026990773876037e-04 6.618746372939947158e-03 -4.646327393647371219e-03 -4.443312797763856320e-03 -4.658720716521981380e-03 5.378036566589711502e-05 -1.338173102112562469e-02 -6.160448658625730135e-03 2.202740217512727246e-04 9.103107588740173839e-03 6.685021544865104616e-04 4.622011564292858622e-03 -2.522289284894652832e-04 2.331488914999148981e-03 -2.656247742579111084e-03 9.655668459179571599e-04 5.409581021183144760e-03 2.432335899097432669e-03 -6.780864675612385860e-04 -4.012004521032275922e-03 -3.619772618881879605e-03 6.960037043490734749e-04 1.336614019325581791e-03 1.111532844923247181e-03 1.747232716850486128e-03 9.130637923151044581e-04 -3.512471121073061382e-03 -9.766606953905665987e-04 -3.653291770943865847e-04 -8.797165480533964527e-05 1.530790096842700172e-04 1.130700382011574825e-03 -2.126927899321782219e-03 1.800548467599887102e-03 -1.652023759409284665e-03 -2.179684447074285453e-03 3.812795520962216408e-03 -1.887753526284387858e-03 -2.699966358347424041e-03 -3.032274637199703325e-03 3.682916657622147330e-03 3.112982377972674242e-03 -1.206398767883176334e-03 -2.032949200446167951e-03 -1.763097092074233799e-03 6.601275232769980572e-04 2.047278559101044140e-03 -9.947232044165460647e-04 6.803181493629740974e-04 1.795182680152500928e-03 -1.036955086031511120e-03 -9.198403477931689411e-04 -7.418450553771860009e-04 3.032913728098570079e-04 -2.563141433772348887e-03 -1.162382254254529755e-03 -2.874237824990852515e-03 1.412871600812990727e-03 -6.961653147912263973e-04 1.722063062941035436e-03 -3.298460971346400036e-03 6.134328765946693747e-04 -4.533141600677187541e-04 8.816168383997826470e-04 9.425346995291332668e-04 1.489651248563414899e-03 5.059228573736359669e-04 -2.496697346867641793e-03 -2.866501707533138744e-05 -1.723482134205970044e-03 3.754270834731839295e-03 -2.416838924866252360e-04 -1.263273742245161688e-03 -2.402213452532768467e-03 -4.327312041997975235e-03 -2.008894669096530135e-03 -3.330794165038904620e-03 -1.087549312053228247e-03 -1.850696072318590985e-03 -1.443015654631751984e-03 1.300200755070605053e-03 -8.739555298722026912e-04 2.085212641707080618e-03 -2.874544662917448944e-03 -1.712890202105903309e-03 8.614377100808301262e-04 9.359766146561849295e-04 -7.673981180062694973e-05 -2.692872012039005010e-03 1.980649733608801002e-03
2.417660162809185109e-01 6.157806236469495070e-03 -2.570271818093788213e-02 1.880269782729499873e-03 -2.739378100310233682e-02 1.131150755275800272e-03 1.524216806114441804e-02 -6.723397698957048370e-03 -1.069344960062815122e-03 5.955357620223362784e-03 3.072734066294803150e-05 9.464987437164616366e-03 -4.868349549767546705e-03 3.786090349261519213e-03 -5.878220735443134316e-03 3.924237855578164430e-03 5.124811389162534613e-03 6.490193333530739055e-04 1.089980057063408845e-03 7.466887560844292409e-04 -6.472927188839194997e-03 -1.267050774451534186e-03 1.424951376938219392e-03 2.947467753762002523e-03 2.528056140109475550e-03 7.481726600840487998e-04 6.836077723513430673e-04 1.625486778806551139e-03 -3.950557410556237818e-03 -8.084347104956884520e-04 -2.113989782082350416e-03 1.333197222124903264e-03 8.045620340067338293e-04 -2.295974661561458064e-03 2.429893622501403533e-03 9.689241628932301767e-04 -8.693759306780219839e-04 3.387188320336609548e-05 -1.472170292403479760e-03 -5.070359331683690473e-04 -1.463155826900312817e-03 3.244098488503098163e-04 1.635447480540258569e-03 -7.585773646387072204e-04 -1.139731178233156913e-03 2.281717670684210372e-03 -1.097139457886669566e-03 7.223397083419392595e-04 1.257033885399638871e-04 -1.234722300826262501e-03 -3.223610471473765428e-03 -1.325339163677628665e-04 -1.359397916765816292e-03 1.408564181612749966e-04 1.584910024727282101e-04 -1.823494019386846384e-05 -7.593862739526698177e-04 2.009829465174251852e-03 -7.259851179129571581e-05 8.474616554825383473e-04 5.684900067354143639e-04 -8.125060391395692470e-04 -7.744370577333557467e-04 -3.732200499979599902e-04 -1.714599367660593892e-04 1.023899474967588524e-04 -4.837570275423854968e-04 -3.287593558034828420e-04 -1.020630173213191638e-03 1.028727729311395460e-03 2.832544194704066337e-04 4.099819713034260531e-04 1.639876989482562906e-03 4.109985513449799632e-04 -8.544645042279095173e-04 9.840733899045442205e-04 -1.083464777696311720e-04 6.373404579223387401e-04 -2.131693950211466845e-03 8.992834620969256815e-04 9.502116745480846663e-04 -4.490436878169612814e-05 -3.681565793798955311e-04 2.228399410026210244e-04 -2.346672760377854381e-04 -3.732598068359485014e-04 -2.587314598205223701e-04 -1.787258773115566043e-03 -1.106980433849328021e-03 1.097370903439281493e-04 1.284987212879330288e-03 -6.395078594051078298e-04 -1.197571940931071478e-03 -3.154473549063089893e-04 4.376946584841944453e-04 -1.327737669585523424e-04 2.108817354965476744e-04 -6.012594418013520511e-04 7.636964391006375924e-04 -3.842998734815059308e-05
2.284406474764524853e-01 3.323502637684029159e-03 -1.019845504322502115e-02 1.949590456689415802e-02 -1.952319676757016328e-02 -1.923385179597879649e-02 6.247314583908264093e-03 -5.893795905940339523e-03 2.269275662267850220e-03 -4.419775994691821884e-03 -5.698183277580157538e-03 -1.966100614767391647e-03 -7.748898502440076247e-03 5.968375714135542090e-03 -7.341779823710027804e-03 3.026885035576698264e-03 1.003701069979400819e-03 3.535046395957932262e-03 2.467658184695607076e-04 3.562841398664205565e-03 -2.874729754891483288e-05 4.168916904790049356e-04 -1.246567835803341325e-03 4.041405929438261248e-03 -9.245836995031728135e-04 -1.208172232961951141e-03 4.173957753289846140e-03 1.051078407240118575e-03 -4.056638245471572320e-03 1.468046417888971668e-03 -1.225479128109988785e-03 6.388531427241770852e-04 3.282804804994197013e-03 -2.080950331206104457e-03 9.710647469802958674e-04 1.989941519194385680e-03 -1.750652740899456264e-03 -2.071039201244785481e-04 -2.654740992262664447e-04 1.989233369794870046e-03 2.951930631427736340e-04 3.935968963065768385e-03 2.161062387271940670e-05 -6.816700394840854863e-04 -2.877735114677268738e-03 1.652343179637724094e-03 -2.141478900949404969e-04 -8.835629361261175497e-04 -1.785283185164273539e-04 -3.835643936307257546e-03 -1.510869568252560429e-03 1.000449619123453720e-03 -2.187535972641838165e-03 7.605817638393851630e-04 6.011043852587712654e-04 -1.082377248369072956e-03 2.413837713313398260e-04 -1.530685386936204810e-03 -4.168701466494763200e-04 8.731212045412758754e-04 5.739975187888389551e-04 -2.643054785230229079e-04 -1.380615543221798674e-03 1.236863402511627266e-03 -1.223042139022297720e-03 -8.164356177680102619e-04 -6.585448155109372651e-04 -5.413555332363371216e-04 -5.304530105618804293e-04 7.385924363810814899e-04 9.879394688549847457e-04 -1.415850501546746590e-03 1.306772953747134536e-03 1.685526155882620739e-03 -1.037157768438719263e-03 -1.058082853738613128e-03 -1.415266964153342110e-03 -5.972744785744172518e-04 -1.982936667278301925e-04 -9.486309669994939364e-04 1.713872594504200391e-03 1.222355207822971995e-03 1.660196721485694389e-03 4.071295032047404609e-04 1.005958228737200777e-03 1.375371024373681474e-03 -1.118822768893694159e-03 1.976460228590301398e-03 9.071515980714167475e-04 -1.705149346439245117e-04 -1.849835665075429602e-03 -9.264914228849650997e-04 -6.745643686495515334e-04 -1.202178582062039119e-03 -4.454487007837715966e-04 -1.252441619758434695e-05 -4.789439114997834325e-04 2.847795050816931579e-03 -1.329588277477723995e-03 1.074838292503113362e-03
2.185937573182180904e-01 4.484711611203774390e-04 -1.673772287668238642e-02 1.245559266065864382e-02 -2.835006818288061253e-02 3.636689198332566757e-03 8.056716757776298532e-03 -1.335266145374751183e-03 5.147035323870027910e-04 2.073145778585390366e-03 6.587597685254854103e-04 1.137450093819373197e-02 -7.128491515387782619e-03 6.627708053485237456e-03 -6.345433539528268566e-03 8.870035789031335133e-03 2.018564974207855481e-03 8.815576574546066420e-04 3.467013710137639790e-03 3.930924916422205186e-03 -6.904004413602832582e-03 1.883092994016939128e-03 1.734132494380039447e-04 3.812248838495229698e-03 1.068599172437108584e-03 1.363559702700586386e-03 3.686974722756886438e-03 4.263571873763344843e-04 -6.194117501038587208e-03 -1.696746883196142150e-03 -3.833622700597576118e-03 -1.427890851252420175e-05 2.416735509840642945e-03 -2.045323715819368990e-03 2.350764511248348756e-03 3.262710066596838116e-03 -7.808606355559758705e-06 -2.537745688617093140e-03 -1.043850471847708721e-03 -3.649779069582572474e-03 -5.548824303355675593e-04 4.093479029182034087e-03 -5.815554794555107595e-04 -2.247624795974901158e-03 -9.431552953311285830e-06 5.320260941568382557e-03 -4.926866100901822502e-04 1.358273742023464060e-03 9.000500226226892074e-04 -2.486784668656147508e-03 7.912129997596811424e-05 2.281602306929592181e-03 -2.901506312390782823e-03 -1.559866387359267522e-03 -2.613230714120912384e-04 7.670197092845503330e-04 6.463551616842661148e-05 -1.455908567203272313e-03 2.346224314297632677e-03 2.285869862027416297e-03 -1.910085100044464201e-03 -9.523108674908235816e-04 -8.970521580845802192e-04 1.837619553932458467e-03 3.973696517057508982e-04 3.961793280858097975e-04 -2.296926623518149354e-03 -1.013459666006846652e-03 -1.720544243519692758e-03 3.577454152659944892e-03 -3.320241546667570946e-04 -1.074446953741024910e-03 -7.100312054252827607e-04 5.559049543981678864e-04 8.121017271304007811e-04 -1.226430838768749693e-03 9.145462395099369706e-04 -7.319547943021106765e-04 -2.701392560828245657e-04 -2.612353872361078324e-03 -8.551026703195617387e-04 1.243966693146109732e-03 -5.272194391611943840e-04 1.967330635823216767e-03 -2.314095904531584570e-03 -3.769934063062782277e-04 2.044119479646951121e-03 -1.896585751963118186e-03 -1.108884308766696107e-03 4.648746769473396500e-05 2.102510183272780775e-03 1.292260106597710413e-03 -1.507705380299063751e-04 3.430575907803572709e-04 -2.133282276628414419e-03 -1.643024018877604865e-03 -4.364519254187587400e-04 -1.158788296112790977e-03 -6.711152393871549701e-04 -1.031632841723863128e-03
2.420706288955302155e-01 1.341343918125771639e-02 -2.581105785635916250e-02 -2.046900006283761814e-02 -1.616257409912580378e-02 -6.139514444420896347e-03 2.162963462174557691e-03 -1.456462484587213793e-02 -8.450235113768479397e-03 5.052109665058319120e-03 -5.281664512961675891e-04 3.065294088932987802e-03 -3.838610892248238947e-03 2.959544055023945620e-03 -5.383042944722275444e-03 -1.575757826030094047e-03 2.414507779425970578e-03 -1.016882915597724793e-03 -2.192156879561852831e-03 -1.108584824286593324e-03 2.321436964929964725e-04 5.701298796323634246e-04 1.943987964401633090e-03 1.037526309069693219e-03 2.316547301155093882e-03 -1.549136597582181495e-04 -8.229327808131331858e-04 6.819697279068422666e-04 1.046717322185685643e-03 -6.124323556593352284e-05 -3.208081039470718574e-03 2.135039429992623573e-03 -1.784799661215280119e-03 1.401436670468330205e-03 8.155452001131895676e-04 -2.210164676718591025e-03 -1.419901526488200310e-04 1.828306990075395774e-04 -1.112885021906145824e-03 -5.676574783243306136e-04 -5.435767311488727159e-04 -1.442975563805276758e-03 -3.261239514364679083e-04 -7.660519882310725098e-04 -1.148521697910262354e-03 -1.500803347570226496e-03 2.369477101645901590e-04 -4.250772869379216071e-05 3.358982335074150115e-05 -6.934686617448557796e-04 -1.377644693765870190e-03 -6.527315024834661134e-04 8.009120819050148665e-04 1.177519856134298572e-03 1.921723021560958061e-03 -6.305541034118946828e-04 -5.107378574532561158e-04 1.296586751703792274e-03 -7.859346571460546545e-04 5.144354871812491491e-06 1.028172787957109873e-03 1.660117958290064884e-04 -2.165497023824624733e-03 -1.739878035507465986e-04 -7.548385616329219986e-04 -9.020471973219255143e-04 7.531429753119102746e-04 1.544445959968616076e-03 1.516836668292663752e-03 8.346952759412362135e-04 7.261881407497196121e-04 -1.268170539969049721e-04 1.200458089414990119e-03 -3.489592184470509525e-04 -1.716292775259276602e-03 8.792616594480426101e-04 -1.190263023048249939e-03 9.586033708421109632e-04 -1.085253209326738369e-04 1.181763243321587225e-03 3.083021364479231544e-04 -6.066186964316197961e-04 2.846358164940753009e-04 -3.851603937505691425e-05 2.688900046792254135e-04 -5.811032972828821588e-05 3.578197809664606602e-04 -9.532478237475832230e-04 -7.969829960995299068e-04 -2.378686976485001338e-04 -5.182223770894922674e-04 -1.212970881503484718e-04 4.707980120319786994e-05 3.968055603696031704e-04 -6.374406971068369591e-04 7.538273952895766699e-04 5.670709080654155352e-04 1.157295575447106224e-03 1.733318230723844512e-03 -1.677945758969604960e-03
1.694277325384833943e-01 -3.321792530086229746e-03 5.478254000602349183e-02 2.743312128799185734e-02 9.347098887627568534e-03 -2.772544432747254400e-02 -3.261664738301559008e-02 6.884882696959251751e-03 4.336303188039949616e-03 -4.726773963676485918e-03 -6.216901622209477021e-03 -5.921319925107397346e-03 -1.186903758022553150e-03 6.100076982548008515e-03 -2.484218548313950510e-03 1.107208787779493265e-03 -6.366875403238846966e-03 1.161758950980695598e-03 -3.432694694779011690e-03 5.528208021719812314e-03 -4.679763416276337164e-03 4.469974977822066195e-03 -1.406296860613181435e-03 1.018968072766618122e-03 3.013850440729432326e-03 -1.191724536210903495e-03 -7.082974532541352723e-04 -2.596974242621047108e-03 -9.204391761771107700e-04 -9.300528660424916324e-04 1.408536070286522425e-03 -2.874336493812180288e-03 -3.106032398157237647e-04 -8.753590417362072966e-04 -1.233418972927554508e-03 3.094860205599738682e-03 -9.639555144437896060e-04 -2.312680730179952210e-03 2.404934561502963548e-03 7.639377942441178630e-04 -8.495971347068725053e-04 1.305412126431492814e-03 2.554738849869070925e-03 -4.580180778814474385e-03 3.902782460953020151e-03 9.361863596729036409e-04 -1.005576804420585911e-03 1.078671678656321475e-03 1.886589392627354821e-03 2.979266547406039280e-03 -1.358498434103104242e-03 -5.083676690345335231e-04 -1.299776611141610074e-03 3.196639212401750519e-03 3.009972665762236112e-04 -1.410043300542389300e-03 1.759721901234318408e-03 -5.273129358306006707e-04 1.836960893740674679e-03 -3.090849143259678973e-03 1.704632930850544627e-03 -5.394095400586031153e-04 2.351190199811539240e-03 2.728616984839635413e-04 6.548575400913014431e-04 5.392982546940501510e-04 3.820862116038968321e-03 -1.418323088396778809e-03 -2.016116353584545846e-03 -4.667969932469545808e-04 -5.917367136680677176e-04 -4.466608138322662627e-04 -3.721080976824267614e-03 -1.091281065225299055e-03 1.108404298398850451e-03 1.152277201050306990e-03 4.957519601046695996e-04 4.380395838151303171e-03 -1.599132836557773862e-03 -8.369323874511441688e-04 1.654730145333286728e-03 1.216247042960758593e-03 -1.778792711500882476e-03 -8.177980596431115275e-04 5.535174285581559829e-04 -9.580657537939847200e-04 -1.800170290441903192e-03 -2.102078325063905760e-03 -2.811882761708480068e-03 7.357530414222808761e-04 3.348743209385285097e-03 2.931042875121134435e-03 -1.120699641545509382e-03 1.650048111724685806e-03 -2.044768077362855464e-03 3.357765480111541204e-03 5.083736297693029023e-04 -1.023930738816080733e-03 5.647810953202847724e-05 6.828852947655024170e-04
4.026247622985849178e-02 -5.588478541341266453e-02 4.407733766045047324e-02 6.995978400974231515e-02 -1.689412956290669773e-02 3.017546133185128321e-02 -7.212989004003845378e-03 1.363608982765695393e-02 -3.777357843718754434e-03 -2.981420220637942520e-04 -4.511241528450325201e-03 4.794643068573641899e-03 5.706394267392482338e-03 5.892994202938347907e-03 1.256042477927704322e-04 -5.150451446016827972e-03 -5.312004055439761667e-03 -1.875898068126550166e-03 2.844857996998851539e-04 -3.950671486131232708e-03 1.483458066028690977e-03 -2.272432245340542164e-03 -3.339589602987037917e-03 9.859847302381636366e-04 7.428674634495198981e-06 6.329327441147550824e-03 1.372683734234746980e-03 -7.621266282926805920e-04 3.341521619533522214e-03 2.356164105440771567e-03 1.720091314467115306e-03 2.570030435743490826e-03 -6.991497356592444700e-05 3.558717362836909259e-03 1.842424606399153605e-03 -4.311712154609682358e-03 1.787070654825375542e-03 -1.842816110322916326e-03 -7.018668554093252659e-03 -2.469036273127748257e-03 2.781075324525655087e-03 3.633710149320941961e-03 6.679337576278270147e-04 1.911293378890067647e-03 4.636286895838808830e-04 1.472850393511173457e-03 4.628402424966939453e-03 -2.426076611038383186e-03 5.245698346207449238e-04 6.698408995717493634e-05 -5.939834240088612792e-03 1.134418492220397220e-04 8.427279202559558946e-04 -3.005247828136716707e-03 1.745205293595325675e-03 2.949350042472037060e-03 8.794421839642116217e-04 -1.395452962845196735e-03 3.676842024437544047e-03 -6.603887141749328763e-04 -3.644263615292831241e-04 -3.502280310753148017e-04 1.193613201598077260e-03 1.570028524561979145e-03 4.613190419895427975e-03 4.280292642710399435e-03 1.308519363762170084e-03 -2.628753231229736479e-03 -1.420527201209541637e-03 5.483534495971774262e-04 1.047670707935323322e-03 8.331491443126944757e-03 1.831465973096381254e-03 -1.533661363423734431e-03 2.314098843769147110e-04 -1.966286906519800013e-03 -2.186605536119937392e-03 3.638688680105806690e-04 3.023123125842663503e-03 1.042924655753502692e-03 4.823379929379998342e-03 8.898095265674917358e-04 -3.104194044667108777e-03 -1.475005462293610663e-03 2.472600430634529239e-05 -2.485951431513571969e-03 2.675849921447663723e-04 -1.031166653033551307e-03 2.281816676008125658e-03 -2.313216693012648182e-04 1.512220722662753307e-03 -4.689830370850779748e-04 -2.844035111264128952e-03 -2.705892723137325734e-03 2.298993042270451939e-03 -1.220289339008509983e-04 1.491970916062381998e-03 2.588534772560061471e-03 4.068553368189561231e-03 3.516543744537973062e-04
1.325862405493264118e-01 -2.834595846036867817e-02 2.327594983356756630e-02 8.385705385049610494e-02 -1.361777122009473311e-02 1.627811456786034186e-02 7.127541196200617643e-03 1.077683396539578023e-02 6.559476065291228002e-03 -4.927207971034187374e-03 -3.148914527919048807e-03 -2.559973741907222941e-04 4.026403040152079157e-03 1.225442575811643876e-02 3.403115372875713338e-03 2.634919770599096576e-03 3.452263914258994152e-04 5.580351171233008780e-04 -2.125686672216633381e-03 -3.010583542997324023e-03 8.509830952584571898e-04 -2.075564619122729874e-03 -5.242531461353510010e-03 1.276039916256706871e-03 3.409924735965362816e-06 7.502014753020948973e-03 -1.466308197428034874e-05 -7.057033473059603525e-03 -9.416554924773403844e-04 2.537699183116381898e-03 1.323661894030821086e-05 2.989872339222108058e-03 1.422758044626046010e-03 2.390348390462431524e-03 -1.323232081196525068e-04 -2.462671796723389130e-03 -5.789270422239969449e-05 -4.229452357811015056e-03 -2.485412498471148684e-03 5.802988596506195756e-05 7.752809554640316143e-04 -1.759398760450405245e-03 -2.958286249121041146e-03 1.209503536195172474e-03 -2.073757245818078424e-03 -4.851438736119683022e-03 2.961793906280336258e-03 -4.865904765748761218e-05 -9.172328824151942213e-04 2.171223274272630985e-03 -7.481330062844720758e-04 -3.104410614919405590e-04 1.905953167647747191e-03 -1.884185326445942787e-03 -1.684155318481946875e-03 9.050950449801645247e-04 1.883469669286285100e-05 -4.826144989551408790e-03 -6.654753751381536214e-04 4.972191740946363013e-04 2.411722424915297054e-04 -1.050360248190926543e-03 -2.777090634793298624e-07 2.485126946662856440e-04 1.175131274714154902e-03 -1.569081566819628508e-03 -1.905794618093900378e-04 3.154764658133861650e-03 4.534048300939248072e-03 -1.374182966656817360e-03 -2.582303960597646768e-03 1.003829506881803377e-03 -3.915806504995058657e-04 -1.129053505664672549e-03 3.596759281369971638e-04 1.565986574261937162e-03 2.362633588596015945e-03 -1.204115027944274892e-03 -2.351715793305429909e-03 -1.306466733116467540e-03 1.297307356868365735e-03 -8.735042054913891947e-04 8.891410056121039655e-04 -5.606084220661021033e-04 2.776407054748040136e-04 2.116377067461305654e-03 5.980905059721879904e-04 -8.031452283697339939e-05 -2.705718800462806467e-03 1.081758372607616574e-03 -9.953451786044384408e-04 4.621578424776674764e-04 -2.297412116178629304e-05 -9.985844242684641710e-04 -1.431534453309318833e-04 3.183899471739898247e-04 8.656493119639502428e-04 1.069896962213257073e-03 2.326462595297151099e-04 -1.187517530048576124e-03
1.646051146311857394e-01 -1.673006664518949041e-02 3.783277636199342594e-03 7.425899912325209518e-02 -1.552164155612799530e-02 1.267259536335274724e-02 1.648480350238865771e-02 5.378384923200397148e-03 6.193879375608905315e-03 -8.003499325574196799e-03 7.427298153858577067e-04 5.997565758689900892e-04 1.295150293352475461e-03 1.102805714647558423e-02 3.034896892058574613e-03 4.729901384798742246e-03 3.552028802651964901e-03 8.267063018181525788e-04 -2.613305754595113186e-03 -4.561768070288346332e-04 -1.057003161003095638e-04 -4.064943248378768623e-03 -2.698701212742392677e-03 1.747308129044903820e-03 -2.486465112816369730e-04 2.481678445848554439e-03 -6.214429193008938089e-04 -8.067488978525123172e-03 -1.044866194534007590e-03 2.417135452792424158e-03 -7.432820723536951411e-04 3.509127247414640764e-03 1.888509708491518078e-03 9.368633569818829833e-04 -1.363296506797156710e-03 -1.865739585664334026e-03 -1.073917675478786374e-03 -4.067840535450975743e-03 -1.025264547405052616e-03 1.403720424446021527e-03 -2.009780755241021271e-03 -3.756836304178007378e-03 -3.148364021566870102e-03 2.934373727707155922e-03 -2.058582889600861499e-03 -5.939089027096163681e-03 1.683341859571096683e-03 4.207295315116033963e-04 -2.246780009158073476e-03 2.454805945498981200e-03 -4.528902306362154301e-04 7.382055955856641448e-04 2.177235309177407221e-03 -6.485689918773448808e-04 -3.304647237686858877e-03 7.946397329251334322e-04 -4.379931690812729280e-04 -4.451407510239216436e-03 -1.558179989978790382e-03 1.045989572265764713e-03 -6.297317304709929573e-04 -2.479242916742099108e-04 7.373880972742297493e-04 1.128572699500888062e-04 6.407648619927334239e-04 -1.232424445735737142e-03 -2.690943393353098468e-04 2.977611244540279861e-04 3.416260436876194465e-03 -2.862284990910496981e-03 -2.912793383483639267e-03 2.938994460774737054e-04 -3.772201742986545535e-04 9.174645176731528219e-04 2.198746594838479375e-03 2.021819540316578592e-03 2.797391155459620204e-03 -2.055916436711371139e-03 -4.321177560773246246e-03 -1.623111252499265201e-03 1.680859140222153592e-03 -9.372666767210883132e-04 2.791021271672126502e-03 7.445326476673366213e-06 7.014462577671641596e-04 2.679329923868722669e-03 -6.526696047512556189e-04 1.494458079787593682e-04 -3.795666041245371759e-03 1.440366595941502091e-03 3.923608594704118503e-04 4.805804142198887865e-04 -9.265151875931221769e-05 5.597881446726688925e-04 -3.394397774783458914e-04 -1.772148854217666953e-04 -6.576778597897831677e-06 4.435933606223955452e-04 -1.177353459125821252e-03 5.442309556992821215e-04
2.082691830959798041e-01 -3.337534490952113238e-04 1.836476756764114301e-02 3.241953619419301463e-02 6.987848685014300988e-03 -1.821012099328041256e-02 -1.061329059755892514e-02 -1.813309392424778885e-02 -9.887195472748879638e-03 -1.614616017020365293e-02 6.759219809925617363e-03 -1.412239949259496037e-02 -2.578758526556011038e-03 8.304707003016087094e-03 -1.277931672261209970e-03 9.454734093548777460e-04 7.034074433995943535e-04 2.008421775991976223e-04 -3.316191508969590449e-03 6.201657469378771053e-04 2.274861744327477675e-03 -3.536116338796980660e-03 -1.542452115407448717e-03 -3.012668677263977569e-03 -6.284925838423156656e-04 8.273783037666396960e-04 9.700802956510059648e-04 -3.583212295685651427e-03 -2.800812910334626871e-04 -2.526758370483053566e-03 -2.614421051025900104e-03 3.821578753563205279e-03 -1.667040364190736871e-03 4.888335176962574314e-04 2.672047371830089165e-04 1.218896509305773682e-03 1.883879522340891439e-03 5.918178279890550474e-04 -2.570838883450888060e-04 -1.725092320233354059e-03 -1.718795802737707373e-04 -8.918511679222886328e-04 1.454255629345988952e-03 9.982135511467087486e-04 1.099192693467926666e-03 1.173872809423917715e-03 -1.010021635336771527e-03 -7.841383221640535516e-04 5.160554999349871441e-04 -2.246214260839595866e-03 -8.808271934282170621e-04 3.436379820157321762e-04 1.029224820080888204e-03 6.114445118165288788e-04 -8.988693298394666688e-04 -6.068105186923867297e-04 1.848733210122527858e-03 -1.341230949856983328e-03 3.617058168814798330e-03 -1.305485685645797842e-03 1.531954782464358365e-03 1.916119890824866112e-03 3.751518554227352073e-03 -2.860628020395193389e-04 1.078582691308194305e-03 1.153210594170320366e-03 7.702716561918315557e-04 -3.648521409905607776e-03 -8.537588032433675788e-04 -1.472647955079913048e-03 1.820572219671073334e-03 1.666425310035983673e-03 -1.150840254020885469e-03 2.602885444553020792e-03 8.322415506569915246e-04 -1.329887603916478107e-03 1.853525447318100439e-04 -1.041015555268321510e-03 -7.588271113825406731e-04 -1.249702607244238288e-03 -4.887029303589751628e-03 1.041992793452692920e-03 -2.479429081000525848e-04 -1.856985283663877342e-03 -8.404026043133537745e-04 2.268850048993344311e-03 1.516489686882183281e-03 3.610989500366755187e-03 1.129492394457018000e-03 -2.080804111147659011e-04 -2.455015622568442390e-04 1.442821776738699152e-05 1.670091903361170115e-04 2.206751575900744913e-03 -1.006766530741050802e-03 -7.763538708825680175e-04 -6.272285405547885044e-04 -1.039756919884046076e-03 2.366162349820340443e-03 8.948480820723724526e-05
-9.086783096770219281e-02 -6.960846989072402846e-02 7.501428948976028577e-02 1.744782166154389353e-03 -1.859317094862045336e-04 9.401652271196438496e-03 4.914250774724854796e-03 -8.254909725619985483e-03 -9.452411614120652741e-03 1.419571095228541052e-02 -1.339065633232542317e-02 7.468246308567106110e-04 3.202415559236674453e-03 -3.950422393135008363e-03 -6.275108794505620743e-03 -2.954950958283003321e-03 4.521742056956513760e-03 1.309785827496730152e-03 -9.472325593758254992e-05 -1.837338717792583393e-03 -1.450742144065953973e-04 -2.470696897346765560e-03 1.622183858074690860e-03 -2.683441392853906909e-03 -3.818091331385784284e-03 1.524035023467575512e-03 5.265966340724572217e-03 6.302585325088825522e-04 -5.847754063299376304e-04 -7.914637607106866707e-04 8.278243296489527824e-04 3.594337817435706330e-03 -5.098907896216948923e-04 3.768925060081142111e-03 3.969740923097256000e-03 9.193003161322817890e-03 3.793881941010954738e-03 -1.276379458743028602e-03 8.615388340053030955e-04 8.674736490998527592e-04 3.457099974785544753e-03 1.723309735231523792e-03 -3.404362766334597962e-04 2.654632546926717976e-03 -6.180366490103685659e-06 -2.134056275634408587e-03 1.270252437859512246e-03 -1.176708121992579500e-03 3.800299425299163113e-03 7.442078909579294887e-04 -3.904032199972401473e-03 -9.523603632854049823e-04 1.842380866237037194e-03 -1.307157630225322864e-03 3.291839588375428203e-03 1.072289302668730498e-03 1.322975260638713409e-03 -8.666611659052543938e-04 7.670358396605404284e-04 -8.367655407081031312e-04 5.607525658421837374e-04 -9.592711868652649453e-04 1.923945067999168835e-03 -5.063212996884436639e-04 3.488576770755646658e-04 2.256553736970311284e-03 3.097465064316962981e-03 2.061314594170860805e-03 1.997109325281322661e-03 2.433402033201582850e-03 -1.029477148533279205e-03 -1.163597760623191106e-03 7.930244387826201847e-04 -3.474673379123541760e-03 -2.055636973437672491e-03 4.922765266430062373e-05 -1.370056939965029995e-03 -1.183766419799456423e-03 -2.103528935074243638e-03 2.987805894491249903e-04 2.133885476737963204e-03 -4.263317205091462017e-03 9.896727141901612550e-04 6.635961502026502517e-04 -8.511669551671175891e-04 -9.524382431681523934e-04 -2.686392955709620504e-03 5.260489303208461731e-04 2.850930675263246578e-03 -1.426626469844827824e-03 -1.091746544201712332e-04 -4.005776927471766226e-04 7.906912725527406264e-04 3.788382239732161066e-03 -2.477783463837830453e-03 -2.312598718188918403e-03 1.380323543142374315e-03 -1.842301722265405652e-03 -1.526303572040767524e-03 -1.043815213077950053e-03
4.184457006489563508e-02 -2.762655302331260346e-02 7.374575317159116905e-02 4.809431063436982179e-02 2.535122006953400772e-02 -1.367926949346280965e-02 -2.372229385217806616e-02 1.571211744842513150e-02 -2.894688286170862476e-03 8.542564473145627599e-03 -3.266582270000953098e-03 3.121338779675734976e-03 8.901217313198910713e-03 -3.241322674865671199e-03 -8.974734137523480071e-04 5.699793514780710120e-03 -6.401832764437928418e-03 -4.315274406936540040e-03 -7.006162985820981945e-03 2.965047507553308578e-03 -1.192824694011712996e-02 2.458726023455978533e-03 3.242029035442257640e-03 -1.470884049709008604e-03 1.590534889577335407e-03 1.102767719914130723e-02 2.065010238128454879e-04 4.131952805274047465e-03 5.080241462370173279e-04 -2.906365519320211130e-03 -3.568285446870436955e-03 -3.629193719193320091e-03 1.306616856254061605e-03 5.198791735362936692e-03 -4.617331089600528078e-03 8.893810344294093709e-04 -1.853024146896219517e-04 8.075852724884704029e-03 1.888820834637822002e-03 -4.928185108616358820e-03 -5.632036328961687738e-03 4.338651110237662107e-04 4.739974608644109168e-03 4.266851682610623732e-03 3.306422202938866500e-03 -6.400185215627052747e-03 2.929449448600866292e-03 1.768233901712603154e-03 -5.568428266699648960e-04 -5.466478150956189698e-03 -2.573124943042138179e-04 -3.310467043640970709e-03 4.531002735741322695e-04 -2.399241597844798714e-03 9.177416815204608551e-04 -2.534136730260479458e-03 -1.777373818055574351e-04 -7.147215619356122760e-04 -1.299130838568487338e-03 -1.834970425841797592e-03 -1.700805746010470524e-03 1.540411638348798294e-03 -3.017414073519325991e-03 1.821159046820039257e-04 -1.687824026280839796e-03 7.954575873555459926e-04 -1.168606054684189887e-03 2.190063155147323713e-03 -1.763420812545782963e-03 -2.637133844643957587e-04 6.907327240332679103e-04 -1.054751343943801864e-03 2.329753920669275138e-03 5.396919032979864521e-03 1.193992274472736913e-03 -2.278955614797597423e-03 -3.050317731615622124e-03 -4.321047622012884077e-04 -3.644804339664191057e-03 3.673496180425151868e-03 1.510074107643972000e-03 -5.124697404120940811e-03 1.019271881422162667e-03 -2.011902934461634249e-03 -3.042192643081286017e-04 5.911614906872965543e-04 3.143628785959194736e-03 2.607798128015317678e-03 -1.252852205835752568e-03 1.708098405074695916e-03 -1.224206732540350246e-03 -2.232671500957239107e-03 -9.785237264832279819e-04 6.217557156950994160e-04 4.023117087318272111e-06 -5.900732008932501552e-04 -2.488048128934132117e-03 -8.847319697722282701e-04 -3.337331629536475488e-04 -3.011926760673785518e-04
-1.109831499067584840e-02 -2.272494287968949978e-02 1.068656792277569018e-01 1.648776916282314320e-02 3.342868549425342950e-02 -1.751291364236614093e-02 -1.275504532741350734e-02 -3.421758329275992327e-03 -1.135957944378175773e-02 1.163577757130792797e-02 -6.421904871578070113e-03 1.093526890345257116e-02 3.788066043765293128e-03 -1.498502458597140161e-03 -2.582099278799514751e-03 1.265554284924857043e-03 3.348912074688055549e-03 1.091328775346644226e-03 1.081246826392496651e-03 -4.234830312205640547e-04 -1.085817270491284958e-02 -1.812696409102133172e-03 2.262090959669364396e-03 -2.193785353302152470e-03 1.046274693594447967e-03 2.801385908527615539e-03 2.934618936823812484e-03 2.572843039648983754e-03 4.241979174285642881e-04 9.274970650846097939e-04 5.759533509574834859e-04 4.904496469725435790e-04 -3.792077110670646727e-03 1.292275288394227617e-03 -4.573789698549627844e-03 1.575084987994912695e-03 -2.300940125944226419e-03 2.276253267649247600e-03 4.798550332749283373e-03 3.618086480707426514e-03 -4.889453298247389661e-03 -8.797988743776555612e-04 -4.809575325207779070e-03 2.687242779712299343e-03 -4.937637042029644451e-03 3.334610155434286974e-04 5.495450122536269140e-03 -4.293633433024369658e-03 3.357504609599009488e-04 4.314665588153031132e-03 1.952989803794573029e-03 1.290678096044558555e-03 -5.703408006909322162e-03 2.485190727859905562e-03 -1.261545956969463075e-03 -8.538518905764542512e-04 -6.106806881041110940e-03 -1.211042055269498895e-03 2.445685054746406153e-03 2.233299995703214112e-03 3.816260680139176454e-03 -4.548650664821439656e-03 -2.234511891020780818e-03 3.116543808315404892e-03 -9.415301383800822339e-04 2.004335284207232285e-03 4.272244839950511616e-03 1.239720851162485473e-03 9.804172499377407802e-04 -3.118128386951456513e-03 1.092284261412184007e-04 -7.257078591133179438e-04 1.644556513217008747e-03 6.482839388705618480e-04 2.013972854447690711e-03 5.574828776514657034e-04 -1.391375556098213085e-03 1.991493288347254489e-03 1.107719352079890481e-03 -5.249327749820638551e-04 -3.362769254640943575e-03 3.493990740679770324e-04 -4.326659591401625649e-03 9.790982552288889909e-05 -1.031175447961611442e-03 1.719228739192707424e-03 -2.477600204658014001e-03 3.104976163434662465e-04 1.369139765249596016e-03 3.042706436696305909e-03 2.972391392716123518e-03 1.928319510786419462e-04 -2.619831537137902065e-04 -7.461743557231111795e-04 -2.192234523477897034e-04 -8.749645868611097505e-05 3.421868711676920739e-03 -5.489356734389353289e-04 -1.572094112744599418e-04 1.390746759555563624e-03
1.031487858486340864e-01 -1.934342160624248630e-02 6.360430208716839895e-02 5.478204050323912111e-02 1.616908943645338145e-02 -1.454885811884409040e-02 -2.434818596482826031e-02 1.360027718729376993e-02 3.173326658767572795e-03 4.285712227365626875e-03 -6.484702447172718300e-03 -6.443520022026069660e-04 1.107440882026251676e-02 6.729949599871836927e-03 6.865477515314836630e-04 2.217813984400232672e-03 -2.734157024182504604e-03 -5.492669701466782383e-04 -6.206311346962542844e-03 -6.525002767818378771e-04 -9.589376450651991568e-03 4.086968675076143274e-03 -2.521419784121838210e-03 -2.708688282220836439e-03 4.579553964420556532e-03 1.031319644345289437e-02 -1.853152727523240274e-03 -3.239746189459688334e-03 -3.143935056743245673e-04 -3.522174229805956911e-04 9.641734409280292495e-04 -4.320729504190013240e-03 1.900347717545822169e-03 1.589124586430787963e-03 1.533369719548983035e-03 -1.776800239575492511e-03 -6.926534985821648088e-04 1.541384458931764796e-03 3.410380138592396856e-03 -2.021950113373770664e-03 -1.156219060224487937e-03 3.683897631432047053e-03 5.024300999021183260e-03 -4.695974718585118821e-03 3.630455737956974488e-03 -1.657010213447808683e-03 -2.158123460030027165e-03 3.410863041267546761e-03 4.329106290098483530e-03 1.308322055677883745e-03 -1.705361173291274849e-03 4.288007458686702265e-04 2.119424606868285620e-03 4.401854666252021428e-05 7.705220946053541696e-05 -4.280183676327185133e-03 3.987042409285471503e-03 -1.586286487756793841e-03 7.676009456413225270e-04 5.339549802008835720e-04 3.533855673544771415e-03 3.217880357525445666e-03 -1.354056185182184494e-04 -1.270642626740860160e-03 3.668342644459296475e-03 -1.600524361509928905e-04 -5.703441244973258759e-03 6.152893821969160262e-04 3.423755446502257048e-04 1.220847347683684959e-03 -1.309951747893151009e-03 -2.029549555192246193e-03 -4.157799234922421143e-03 -3.755118297877959276e-03 4.425095840651853234e-04 2.048330248130098181e-03 -2.997859343249639937e-03 -3.408094390152426934e-04 4.749625713020034883e-03 5.959595302611366127e-05 -3.181950576940795715e-03 1.226052770884460694e-03 2.482513548007342190e-03 8.616872275079070229e-04 -1.121545268168802780e-04 -1.014690049966690674e-03 -1.767477460839167762e-03 -3.071127626583314632e-03 2.127594108610062797e-03 -2.017738203491473061e-03 -1.591740719655699741e-03 1.639737895558458607e-03 1.513479729583039031e-03 -2.848628858541478980e-03 -1.371153729826875972e-03 1.419037979539537319e-03 1.824231677293743168e-03 -1.078595404914748984e-04 1.833411029767307177e-04 -1.667905514440367167e-03
-2.292978590368269232e-02 -4.559118513682183793e-02 8.658759420262132633e-02 2.409098542563171269e-02 3.126066675770051984e-02 -4.261086105700948728e-03 -1.328711196199421248e-02 -7.475249331273648053e-03 -1.447116010818359950e-02 7.366063346232953283e-04 -5.849319577022084153e-03 9.682107017527518192e-03 4.285456636442825512e-03 -5.907546566184975270e-03 -4.869116530171549613e-03 -2.170675881694015923e-03 5.809323620767982074e-03 -4.935386102734891714e-03 -1.358064870721584433e-03 -5.377575685790720976e-03 -1.140032645215150776e-02 -5.127433854019888479e-03 -3.540050126258528253e-03 -1.584021736602913340e-03 -8.510990227228589639e-03 6.341475244943855193e-03 3.708882017597418031e-03 6.773760590430384469e-03 8.551584177092227479e-04 5.074195089548864078e-03 1.006395881026647459e-03 3.982879112799765989e-03 -2.274516639340640623e-03 -1.850051648351693423e-03 4.196860037605117978e-03 -3.907623591985875076e-03 -9.938123917226581675e-04 -4.133635524379913710e-03 -1.183276558949471376e-03 1.406122964894996902e-03 4.106892223341242210e-03 5.905239074110897601e-03 8.120390903359190520e-04 2.942840300061882845e-03 1.826383125457179258e-04 3.422677554275793937e-03 -1.708657062908115710e-03 -4.852411619308893281e-03 -1.064443804069237611e-03 2.272445521618273855e-03 2.679442680519879792e-03 -2.564126439708169086e-04 5.622536390563653494e-03 -2.475366160995278093e-04 -2.552591762064721111e-03 1.343973756353870853e-03 1.229422315224653652e-03 2.633222266251104664e-03 6.170585066632583047e-04 -2.416920827305334835e-03 -5.451717419432420891e-04 -1.274092207109788844e-03 2.445156168937570942e-03 1.489406309728569591e-03 -3.771463551092917466e-03 2.880547838805520388e-04 1.146101368917672517e-03 1.684796965919311022e-03 -1.716446911948013793e-03 6.639731801901596620e-04 -2.647364165471206322e-03 -2.434855855260657093e-03 5.934356714434268045e-04 1.144597985885068480e-03 -2.403162073327753945e-03 -5.328966466176300772e-03 4.081432927615326854e-03 -8.562095475077419172e-05 -2.136493462188353287e-03 -5.154865471510244705e-04 -2.880996673625260750e-04 1.579843398766684216e-03 -2.472571312866953495e-03 9.266731437320884423e-04 -1.258311964529117187e-03 -1.230005027539217812e-03 1.823614905942182261e-03 -1.433525836691239839e-04 7.884359165745237269e-04 -2.453902723609945827e-03 -3.700195125560047042e-03 1.534335717657773655e-03 4.104647003049260827e-03 -2.590623606537979036e-04 1.022859112242013521e-03 1.288298280193434430e-03 -8.494069020829949235e-04 1.733375203112600847e-03 6.402841107946361313e-04 -2.386177310399333908e-04
3.156447160230525795e-02 -1.985451951993379496e-02 1.059050588599462633e-01 2.117972039015795366e-02 2.878002853976937420e-02 -1.681926401874589763e-02 -3.068215971581905038e-02 -3.680660568325051286e-04 -7.922160819910470386e-03 4.501912061214359377e-03 3.083977478758147175e-03 2.181597958840825278e-03 2.816641560060017830e-03 -4.638766696739481110e-03 -1.671612114700779745e-03 1.181049598109719942e-03 -2.182521399586999811e-04 -2.013356137088330271e-03 -2.740154832964952834e-04 1.414724916975898875e-03 -7.546657463984774231e-03 -4.177379373407124827e-03 1.265601088997541203e-03 -3.881245224680610235e-03 -3.447184985432029652e-04 -1.774959393726347964e-03 -3.561456618985030936e-03 6.397969102774624627e-03 1.287346191762768184e-03 -1.142693420431221702e-03 -1.787161850444590402e-03 -1.347330010110184056e-03 2.542876693210313925e-04 -4.446900217435508992e-03 1.586631242834298048e-03 -5.062468431638450332e-03 -3.641856162826658579e-03 -1.150946030527425119e-03 -1.526668855064226794e-03 -2.707006672488995996e-03 6.677189671939126126e-04 4.095045716628345489e-03 -8.365860973848230275e-04 3.857753541546013118e-03 9.974495776393379164e-04 5.131559102641511556e-03 -7.941170416161304636e-04 -6.284240606732866387e-04 -1.482896910612405616e-03 1.632481080439781218e-03 3.499946791075287398e-04 2.993818547238273012e-03 8.959484082479646574e-03 6.208049795832955298e-04 7.115714406147194415e-04 8.871387870279822709e-04 -4.033299920780678005e-03 2.930025600047604217e-03 -2.593192913449486429e-03 1.000820562371813969e-03 4.660456266027893503e-04 -2.457307549285254588e-03 -3.564909123286785840e-04 1.818042062744634540e-03 3.151087772476534026e-03 -2.562291141213487045e-03 -1.102439281289357238e-03 -5.305897258587151215e-03 4.505060848225929566e-03 1.490177772945967837e-04 -1.226123118645185443e-03 1.050933052425927222e-04 1.512637237121047459e-03 -9.017203170177920694e-04 5.963428107998192422e-04 1.189547017133000964e-03 -9.795528608668670927e-05 1.493106484540920528e-03 1.289986042224837036e-03 -3.287993233221043077e-03 -1.862934752417954665e-03 1.520078470765172949e-03 4.257766925707622170e-03 3.199750761876601641e-03 2.730796590616150349e-03 1.965757536501242138e-03 -1.394686825548249027e-05 2.090123677692699855e-03 -2.366738434510609092e-03 -8.695853344887859290e-04 2.161456561543437151e-03 -6.097696329536950134e-04 -3.823367187887067708e-03 1.136223588251539717e-03 1.522642874162026018e-03 8.841048295697887622e-04 -1.179351540588778093e-03 -1.025944960041570752e-03 -2.804734350081705511e-03 1.945491796432119837e-03
-7.267923463530355510e-02 -5.733733300473244088e-02 7.111032592802697672e-02 -1.280120297160917270e-02 -1.980537930528724830e-02 2.703379417920370731e-02 -2.008273733185841556e-03 5.431769624084425985e-03 -8.737981370497322625e-03 6.855345436985787935e-04 2.470662923373644244e-03 -7.225654073364996127e-03 -2.335284008850961168e-03 -9.783664599239107196e-03 -8.181454240204917919e-03 -6.257489777835843238e-03 -8.612965208361718596e-07 -5.814167558659270180e-03 2.728215965097326254e-03 6.804025397214439295e-03 -5.498416005517665428e-04 -8.980101877790094833e-03 2.351693394344517730e-03 -2.335638688782291309e-03 -6.961883508724099612e-03 5.381133972948013355e-04 -3.347378687041011134e-03 2.348461892914658917e-03 4.120211250762608629e-04 2.426858448900821516e-03 -2.039399636022022708e-03 -2.131147095799488470e-03 6.773941413336450473e-03 -2.516049694689987196e-03 3.620481508010243727e-03 -3.366579382817307120e-03 -1.035154059626051644e-03 -9.755467731957848370e-04 -2.991038388919382059e-03 1.753055911674206559e-04 4.432334570811479992e-05 -1.572049741654707108e-03 1.980979528509006424e-03 4.359166037021232690e-03 2.941028889642274824e-03 3.980121568667220828e-04 -1.827303060512859220e-03 -6.524132984786385229e-04 2.656510141758586588e-03 -5.304141441407828539e-04 6.364031334330957207e-05 1.202781380149689277e-03 -4.836600106757155208e-05 4.908002942478073734e-03 1.293926595616941766e-03 -6.234395241266725562e-04 2.610220722678875411e-03 -2.111929135562842005e-03 -4.592160955405614510e-03 2.699631340805861476e-03 -4.194779738200799142e-03 6.528188087449520805e-04 1.315906830663410385e-03 -3.703427132729703117e-03 -1.256745396101936274e-03 -1.266346470086822124e-03 -2.215368725423892508e-03 2.774434707168170044e-03 -4.420963110828254536e-03 -3.231118138051761700e-03 1.744544250890936064e-03 -2.122635949993267965e-03 -1.351810004721131636e-03 2.929876811389323446e-03 3.070120800745110377e-03 2.580918280978475050e-03 -1.294783635118608184e-03 -2.558932271524944437e-04 -4.208907218811834550e-04 9.575949478402185104e-04 4.034680091568708903e-03 4.426478802172294051e-03 -1.800817259053854669e-03 3.768359888116151681e-04 3.371972808273761713e-03 1.930608911471235400e-03 -2.154136799373521007e-03 1.401113241493084482e-03 -1.074061628220182108e-03 -1.540914105352800051e-03 1.043041566616883598e-03 3.451249409559687363e-03 6.144222494909128401e-04 -1.127227701504497572e-04 -2.004392002235670656e-03 -1.683404270866727592e-03 2.306924225274740396e-03 -1.166941277716759752e-04 1.686151213325791376e-03 1.093120834887401722e-04
1.450903556273883399e-01 -7.991719973467941232e-03 4.203635230490782027e-02 2.358704963786089834e-02 -1.895899420708540206e-03 4.965888269003532890e-03 -3.848742595097869729e-02 3.571621095410182443e-03 -8.813598901657836030e-04 -2.037096529794872254e-02 9.739727814918920645e-03 3.539099602205906104e-04 -5.255347354649404952e-03 1.449483339907396392e-03 5.264458101523268596e-03 -2.770676855253213864e-03 6.717124624033332431e-05 -8.634737570292020173e-03 2.253983307982386757e-03 3.615646646271648314e-03 3.616881826718990750e-03 3.741802597061206267e-03 -1.216678702494484576e-04 -8.028412813487812230e-03 -6.774055329860961643e-03 -5.249875600628266074e-03 -7.419212128269682752e-03 3.073380092729003851e-03 6.379018685462094392e-03 1.866268905995686596e-03 -2.083269233536304884e-03 -2.074974077756760928e-03 -1.648136794480633974e-03 6.905196849745425880e-04 6.220496408671150577e-03 -1.186488138433633996e-03 -1.264854418374273311e-03 -3.436489490565291117e-03 -1.004418567926795521e-05 2.691954907918648124e-03 8.030687121461214245e-03 -2.587906097795504828e-04 -5.999841229500722361e-04 -3.941990398550032637e-03 8.755645918062055031e-04 3.872283384201823261e-04 -3.381661588386764439e-03 -2.469777450871636724e-03 3.355471684898741081e-03 -1.593423909253051168e-03 -3.203858743038207318e-03 3.781503312441450719e-04 -1.563677496107096455e-03 3.067392252650907956e-03 1.238144598726724933e-03 5.273887696857978979e-04 -4.478103183497480870e-03 -2.116465764807250616e-03 -2.377271179984397423e-03 2.065878884909802277e-03 3.277771826430705190e-03 1.385376621821790468e-03 -3.806641720592639309e-03 1.213479555263956506e-03 2.318706197010253836e-03 9.005370095645125672e-04 -3.269225279291668087e-03 5.628302329877205371e-03 1.577481383671836207e-03 -6.114564784118310063e-04 1.908808819737566140e-03 1.873647785352291215e-03 3.805502804900589859e-03 1.863592840097474512e-03 -3.281691365391448643e-03 5.184216221614180086e-04 -4.072547274715739344e-04 2.095519396989922387e-03 1.637702597591366360e-03 5.176252462489374165e-03 1.137408814550693202e-05 -2.074217159247819953e-03 1.485257033628357938e-03 -1.326737248266174904e-03 -3.355626256018734866e-03 -1.828630365329476340e-04 -1.538934748826819611e-03 -3.236880750934541143e-04 -9.298060682743042142e-04 3.622161515904284181e-03 -4.944608154787650872e-04 2.972469569107897354e-04 4.133834407835761983e-03 -1.406611028529639257e-03 1.663806128668491972e-03 8.246972277797820104e-04 -1.822406438889873602e-03 3.647449115363667901e-05 -2.976557617438885511e-03 1.606772691483826379e-03
-7.736204254720191985e-03 -5.274041433506556492e-02 3.107675367749316089e-02 6.945376920788115527e-03 -3.847824744009338549e-02 4.996508568176236814e-02 -8.077976690204387300e-03 1.354067065524221930e-02 -6.104365838079401502e-03 -5.860371642691816069e-03 5.453458540904494375e-03 1.044532962793048554e-03 -6.853095327472954156e-03 -3.632169563045773829e-03 -4.301517551245606814e-03 -4.804937484670435306e-03 -4.077955117694716247e-03 -1.093095937412236728e-02 3.198688742648734488e-03 3.448512477246503533e-03 1.637559029019574036e-04 -4.061145884313392858e-03 4.416066428547809827e-03 2.385497609233348543e-03 -1.571302668252778315e-03 4.746224117046151801e-04 -4.023686364317476420e-04 1.931591591547065535e-03 -4.743575860079729534e-04 3.666213228043728629e-03 2.470586277289206880e-04 -1.322795716307451162e-03 3.737068897610245320e-04 3.462431566001766044e-03 2.273672979417570936e-03 -2.517478606349356218e-03 -1.472894647186618515e-03 7.075171772203383593e-03 8.106420883761968586e-04 -2.482227026312770150e-03 2.915021476739911716e-03 1.559837593408927364e-03 -2.149026317802714761e-03 5.013583816712800095e-03 -6.685855656175850731e-04 2.726562716824186897e-03 2.447542519346347645e-03 2.860626291241860283e-03 7.616175235364410455e-03 1.962291004504328022e-03 4.544184580107810199e-05 9.200621751314374836e-04 -7.585839299429387138e-03 6.415593936513042496e-04 -7.872896930014034855e-04 2.203266833175162708e-03 -2.163724247383976321e-04 -1.728357731910360687e-03 -2.130347131622173113e-03 -1.117628927800160986e-03 6.243396141146736241e-04 4.027826015930561533e-03 3.218393727966761906e-03 -1.816723507651490412e-03 1.730983410880038284e-03 -2.227304674971003397e-03 8.914656050598421038e-04 -2.260267719604087087e-03 -1.371910097822320396e-03 -8.495736897930506468e-04 -1.675182255847542040e-03 -2.025894362960469711e-03 -2.730615821978369089e-03 -7.130760948423701647e-04 -2.745856454347054849e-03 -2.306270630013246834e-04 -1.107834709604058271e-03 -1.499486100403721756e-04 -1.623477168153229094e-03 -1.334809344875672026e-03 -3.242353802093126628e-03 -1.599047225710819317e-03 -3.217013521004882370e-03 -6.575389908252043730e-04 3.870620588887627427e-03 -2.368732673530024851e-03 4.402960453420270981e-03 -9.649599177101837125e-04 -2.853506042147803054e-03 4.356881755786688390e-03 -5.286686683517608041e-04 -6.958484185182929344e-04 -1.608857694409911296e-03 2.601974713271404567e-03 6.197914096211874085e-04 -8.085130681471910854e-04 -1.459776163167400467e-03 9.588206306447255535e-04 -5.462561693367219001e-04 9.087508283752216602e-04
2.315870273307395755e-01 3.030223453400580393e-03 -1.604324886709625891e-02 1.201921067896640459e-02 -2.868378514965041690e-02 2.632879414866280080e-03 9.303285144068954363e-03 -1.813054374180394709e-03 2.788192857543796057e-03 1.656532485351172070e-03 8.328443974572966859e-05 1.100938379189645225e-02 -6.416921857444459962e-03 6.046821450282333955e-03 -5.003124291056697259e-03 4.994035809862275299e-03 4.265109534611852618e-03 -6.355534716851169276e-04 3.297274985563965286e-03 4.410913498226286429e-03 -8.302172638784867040e-03 8.158770868423760722e-04 1.719413816111051499e-03 -6.552083205345346300e-05 1.586056443094798016e-03 9.206824572771966095e-04 2.211671336721438615e-04 1.752389256879590762e-03 -4.060296286105049071e-03 6.711363749501441951e-04 -4.470390633015966335e-03 -3.932264600920045263e-04 1.011726063264792395e-03 -1.879016424073605288e-03 3.294633368509656754e-03 2.629192382336349026e-03 -1.186655104516720578e-06 -2.172586981280654177e-03 -9.772032321929233645e-04 -2.224800148565272365e-03 -5.424587285146857544e-04 3.160213692987251608e-03 6.117078166826964754e-04 -2.738343630522661713e-03 2.904007849131605206e-04 3.801281977173802482e-03 -8.388785331164319277e-05 7.528922494626959575e-04 1.188628269099527334e-03 -2.767436820110460299e-04 -2.948988132288060324e-03 8.733003559857629257e-04 -2.459230393935106073e-03 -1.233455878995020055e-03 -4.498147679707159373e-05 3.832923021465660428e-04 -4.422739432689744028e-04 -9.083000490421193384e-05 1.226817741597877130e-03 1.404041359497761824e-03 2.499214546522118287e-04 -1.203801851686812441e-03 -3.064709902014494118e-05 -4.204099161951692712e-04 9.133257921232695257e-04 -5.918806122675539629e-04 -2.977758902085817123e-03 -1.304944889228498934e-03 -1.196316683754685252e-03 1.058872501165353990e-03 -6.463569349861782729e-04 -2.894939472713863190e-04 1.519845678020198499e-03 -8.110515271918948728e-04 -7.577840043680305216e-04 1.119660696188452993e-03 5.461112663554444852e-04 7.775792932889212831e-04 -1.496896159983842961e-03 2.555651040255979469e-04 -9.204268482336201837e-04 2.212806824166796790e-05 -1.309470690424122249e-03 6.389432506968681022e-04 -1.804784790623780019e-03 9.745655514860535919e-04 1.481130281506561975e-03 -2.359338598572236368e-03 -6.107956038576115064e-04 1.079797354622148665e-03 1.173957378344372347e-04 8.403931146432155365e-04 4.798687011414394976e-04 2.238477472105792991e-05 6.030345267689909625e-04 -1.361853577383543646e-03 -8.151365580478479997e-04 -1.435854806677524121e-03 9.543390103421619261e-04 -1.241424535607171982e-03
2.426061927270959651e-01 1.336695048345303873e-02 -3.063507222609554784e-02 -1.821534926086876630e-02 -1.046372626898507859e-02 -1.168842246996428837e-02 1.709001004756887515e-02 -1.269263222855258888e-02 -6.163527562912513719e-03 9.605517115676674017e-03 -2.601440538808897675e-03 -3.702175597254674794e-03 4.820058790320829074e-03 -8.761960930728226538e-04 -5.232591968872787533e-03 5.661377549697748247e-04 2.910120960457323030e-03 7.822326271665827743e-04 -7.026986711683555660e-04 -2.371244346147222647e-03 -1.968206713823291831e-03 -3.352744104047436849e-03 1.573084526352941468e-03 -1.495990844913782812e-03 2.765994925607622151e-03 1.001269488368902554e-03 -1.258630238218051787e-03 1.500212283148872087e-03 3.894419727912925883e-04 4.793225269930951639e-03 -3.000255652164217877e-03 -1.680078096597197414e-04 6.297791244443763691e-04 2.277649436895448718e-03 3.702415345610943318e-04 -3.348881822832055263e-03 -4.084799254474051275e-05 5.380737446578103727e-04 -1.225922373149987204e-03 8.439800817687480024e-05 1.964668621899617450e-04 -4.912117760085635840e-04 -7.084426889778880788e-04 -2.568383699682551518e-03 -4.680238946842403503e-04 -6.196192183434414899e-04 7.707809400865395276e-05 1.622642163107856960e-03 2.930839489824124807e-04 8.349068076459147244e-04 -1.985395118592330442e-03 -6.555678732125375628e-04 -2.222762635847475184e-04 1.534839401576169318e-03 1.019924506745808470e-03 -8.209282990192616470e-05 5.185154952016856385e-04 2.076243435484780367e-03 -1.001110129628585144e-03 -6.205210626703296095e-04 2.368025318502084192e-04 5.730329564924975224e-04 -5.466550087783088666e-04 -4.171376510642450385e-04 -5.947278593723133010e-04 3.870009115337234222e-04 1.420104500396208568e-03 -2.375995502168478453e-04 -2.908847626141526969e-04 8.712631756559663853e-04 9.645443727234525927e-04 1.240665761388647179e-03 5.635360271683511257e-04 4.713461629561977806e-04 -1.353712039973997607e-03 1.434088331466050383e-03 -1.522218223677105145e-03 1.372547502865814313e-03 -3.785438083562587316e-04 4.069571348252577292e-04 1.049222600121380803e-03 -7.609521551092376978e-04 4.698826788277774892e-04 -1.589122415435811832e-04 -3.080173486287650191e-04 -5.637250664221200294e-04 -1.212716869265562060e-03 -6.361430970580198626e-04 -1.722293808016574397e-03 1.054946042269069720e-03 2.536727570001762275e-04 7.943872833831344183e-05 -4.506913185103782540e-04 6.964716732207144661e-04 -4.893097371530540389e-04 2.870457720001642812e-03 -5.152818681075316352e-04 1.795504532114760741e-03 -1.670726259970645579e-04 -1.341551130290129885e-03
2.077616329234204806e-01 8.118935981934784218e-04 6.445921297409394277e-03 1.159119134298555384e-02 -2.263192382108117698e-02 5.014615935243514622e-03 -1.447784711147189624e-02 -8.024380819328179315e-03 1.016682400539822752e-03 -1.749421108201884567e-02 7.137530173766826885e-03 4.738716404740922657e-03 -1.042405211220161568e-02 3.626558156258131646e-03 3.957550844592403611e-03 -4.309721571718516143e-03 5.859948478950723939e-03 1.079820304159452181e-03 6.881203137392591894e-03 2.814700926268742104e-03 2.920065698904592520e-03 -5.895221869155262677e-05 2.909031474868668116e-03 -1.386822742051724636e-02 -1.984636313771321551e-03 -1.320308206076467594e-03 -3.480732125309718926e-04 4.951443127150208581e-03 2.155725580300795960e-03 -6.244195404604557667e-04 -7.642173907205121290e-03 3.406735302384489555e-03 -2.544244131822911720e-03 1.951277048071544101e-03 -2.401237178629463294e-03 4.599692952278366248e-03 4.603988043621048444e-03 2.078985482394421491e-03 -1.379722576653374033e-03 -9.171483732843446323e-04 -1.432269829015432160e-03 -1.074214524391708643e-03 1.130908327507613363e-04 3.996353894000438580e-04 7.388470325883231488e-04 5.428072981930639595e-04 2.541322033463163169e-03 -2.235519403202567736e-03 -1.862143657903125990e-03 -1.007712359272957268e-04 8.182746453295584735e-04 -3.197816270491430930e-03 3.409251969727053543e-06 -3.098259961384000963e-03 -3.750341695509795941e-03 1.068613449855441034e-03 -2.883663411496204249e-07 1.213346161022980669e-03 -1.561049105042194461e-05 -1.106461633484520039e-03 -1.263398345556320098e-04 -4.947361425851686759e-04 3.591311527438814221e-03 -1.280400696475466390e-03 1.767218165769167144e-03 1.624664629472210740e-03 2.168268786560732613e-04 -4.359201089774515994e-03 -1.407987003603679071e-03 -2.928647868579803935e-03 2.150877424904320753e-04 2.581198404018846849e-03 -1.829069407500313015e-03 1.347213184620264272e-03 -5.830403281063031417e-04 -1.437214842109997212e-03 6.071076645786918418e-04 -5.906684141446993594e-04 2.624799537772595261e-03 -6.532101859430559715e-04 -8.859188374213324436e-04 -3.617105003031597992e-04 2.364626349408428720e-03 -2.866847621273920822e-03 -1.366270286834963708e-03 1.419157319400055929e-04 -1.156772767495301609e-03 4.019421140221795239e-04 7.752701882902797393e-04 -2.120284683405176908e-04 2.711612276158210412e-03 2.528481398054261819e-03 -1.759513290114003443e-03 -2.430444500007748830e-04 -3.341489789207754708e-03 -3.860931848565591013e-04 -6.039067097979624590e-04 1.967353235810815563e-03 -1.460202511637688884e-03 8.893703878944007402e-04
2.076070350746759274e-01 7.321183332086483517e-03 -1.554529761186584404e-02 2.875509487257855643e-03 -2.217459848869063679e-02 8.810721262842718601e-03 2.169589308443948313e-03 -2.974371069565191674e-03 2.185799536431603553e-03 -1.256357106510511178e-03 5.764417366248987713e-03 8.279486705912627795e-03 1.057499404863997084e-03 4.389246022779905859e-03 3.722938683755635299e-03 2.251148885047607375e-03 1.051459447516451574e-02 3.373847788761670692e-03 2.932501731211858541e-03 -3.608029729361868655e-03 -2.592342474882383067e-03 -5.917733258911080183e-04 8.981357290254778905e-04 -9.632719394534181023e-03 7.320355220273373938e-04 4.412245252168070682e-03 -7.263620966904837809e-04 -2.698248640019408878e-03 -5.073507716451052668e-03 2.963932072008002277e-03 -5.982443016952420853e-03 1.576833676277444776e-03 -2.162550450766913442e-03 6.301898394557424064e-04 -3.934594280064920499e-03 1.414519522812820746e-03 6.434654567977010631e-03 1.032639859016020768e-03 -1.583508623162630457e-05 -4.536238333133032173e-03 -5.846731016682307422e-03 -4.006893908959380073e-03 -2.552478978611036776e-03 -1.019533559198498689e-03 3.292786541182422463e-03 3.266415749701964081e-03 -4.814722544770444479e-03 4.079043637071134640e-03 1.045405014691348734e-03 -3.934655960937594779e-05 5.144602936305926744e-03 3.993643601705191486e-04 2.549824838969682369e-03 -8.692292623018680600e-04 8.408827296008825752e-04 -1.377528017648129094e-03 4.477089248140920207e-03 -2.581679413601568819e-04 -6.314499546786315771e-04 8.250902712630219221e-04 -1.104393711402691051e-03 -2.424278335204911768e-03 2.182701443637720309e-04 -1.466824966188721296e-03 -1.054551291633974708e-03 -2.963167005148770357e-03 3.425754852125729392e-03 2.513268272855008912e-03 8.696028815422816903e-04 -8.067470897535287391e-04 -2.215162912505585103e-03 1.671260282195039621e-04 1.455074456907193064e-03 -2.759336550337171921e-03 -1.246201876195906794e-03 -1.279465345684975249e-03 -2.625007913627527313e-03 1.711535705289505757e-03 8.562618914119788250e-04 -5.903257409187966358e-04 3.700531629123557896e-03 4.752955368376593232e-04 -2.883009095111506957e-03 2.280749346356943010e-03 3.701330172468326259e-04 -8.106300135618334148e-04 1.693952567071825349e-03 2.507050678205672428e-03 3.319662669521019488e-03 2.489192658655279070e-03 -1.058647704525685638e-03 2.828400710247342721e-03 3.916004361832550740e-03 -7.695498484047536914e-04 1.787088902491682559e-03 -4.869399002704422681e-04 -8.431456867485789082e-04 1.127844899317797340e-03 -3.807472370803061546e-03 1.240454219667911024e-03
2.126001541310099455e-02 -3.464165565674600517e-02 3.381303878493414905e-02 1.270106192330614989e-02 9.776151448375411737e-03 4.265905101855089337e-02 -1.117064613300017793e-02 -1.842067675796350834e-02 -1.043150934469544433e-02 -1.366378406007411582e-02 1.980533622626170012e-02 -6.791074360431904183e-03 6.737168738034913541e-03 -7.440980648279645927e-03 2.425264620888328490e-03 4.237709371526793799e-03 1.625944483367593174e-03 4.368956350314474706e-03 -6.290443791320192261e-03 -1.909936510650560564e-03 1.723731961324058079e-02 -6.715870909630265728e-03 8.891095207885319970e-03 -2.578690729878676830e-03 -3.799676874448700611e-04 -1.183241972586873719e-04 -1.017332804379547260e-03 9.998305359065855907e-03 -5.753851591971762339e-03 -7.139361525883973839e-03 -8.138680240232685006e-03 -7.599785160072432266e-03 1.536586854445310020e-02 -2.291403550953893201e-03 3.607640403071375387e-03 -1.367823168722403018e-03 5.988433852897246355e-03 -2.352450433929678068e-03 2.104529054631075653e-03 1.506037219136315648e-03 -7.763104267619226097e-03 4.983606362492284253e-04 -6.381951261872896054e-04 1.708336219608955556e-03 6.661159365584214207e-04 -1.474748835475533058e-03 -3.742174711959445521e-04 -7.763707031867132530e-04 2.049151948116907174e-04 -6.946102628318799772e-04 1.451629433914368320e-04 -2.484583961764413613e-03 -1.324935950802071799e-03 -1.050182573492650269e-03 -3.275034964691027166e-03 -7.797140790212353382e-04 -2.420569625467697619e-03 -2.252699224520616009e-03 5.694878276087799764e-03 -1.808740415307977332e-03 5.725963118968574288e-03 -7.116137994216582569e-04 -2.290153029483704120e-04 9.092455252278617856e-04 1.186790840237652092e-03 1.132411625932776581e-03 9.200653554451124379e-04 7.248007040202169605e-04 6.614659473290678080e-04 1.353587841882929535e-03 8.574669999976640812e-04 -1.676775217285715385e-03 -5.664696541311991856e-04 -1.245292496167945979e-03 1.076285996901972172e-03 -2.275256058824521449e-03 2.336570061724494492e-03 3.762917413714763140e-04 -2.272561904587704854e-03 1.072962640868627539e-04 1.524894671796195170e-04 -6.346286498693811947e-06 -9.880356500395838287e-05 1.771042166817515980e-03 5.751311164671617406e-05 -1.103594027282778689e-04 -1.435747134253306844e-03 -1.866937016404910353e-03 1.872721559433557952e-04 -9.254474361512828734e-04 -3.342010248627177950e-04 -8.446569509481776771e-04 6.811457399531060291e-04 -6.374524480355493565e-04 2.582300641829359238e-03 2.183286378753641725e-03 3.416139624825995308e-04 -6.222410845146350306e-04 1.171998019732410851e-03 -2.170310534317134322e-03
1.146230862041203447e-01 -1.480720042217038672e-02 -5.940670242770578272e-03 9.581345188124347489e-03 3.235918854774345876e-02 9.816686091622225246e-03 9.492554742505312712e-03 -2.621720226001636456e-02 -2.769369261767304358e-02 -9.082434027086500050e-03 2.425324741599800202e-02 -1.443601940225050159e-02 1.238918772109263294e-02 -5.186979372451974192e-03 -9.767074302189215212e-04 5.177580771254587308e-03 -5.164765391718768514e-03 -7.873427212172826300e-04 8.294333834114818102e-03 -9.107949840667480673e-03 6.446851446134552882e-03 3.111192627316182544e-03 -2.575941616840112837e-03 6.416631393513293896e-03 -3.865373671236495279e-03 3.861192250897818850e-03 1.664545536178466557e-03 -2.551374446325635221e-03 -1.107376872349932241e-02 -1.384599097708379654e-02 7.257850612841994752e-03 2.497925102876225566e-03 -6.049262081675073083e-04 -2.897232987735836283e-03 -1.190558317025980101e-03 4.014095749959626161e-03 -4.734865277517544963e-03 2.120510778738750497e-03 -2.269892762184649892e-04 -1.697855181573877312e-03 -4.243040640250068897e-04 4.634386311465490439e-03 1.755828953422595507e-03 -3.609337189952872664e-03 4.309560701091923705e-03 1.578877573770639956e-03 4.031041519806779182e-03 -6.481751940384810826e-03 -1.685367802286536040e-04 4.736887300746730860e-03 -2.810367427945042497e-03 -5.251914651239759924e-03 -1.642115079377874914e-03 -1.181971783430107656e-03 -7.243262577937821609e-04 1.093465537376258571e-03 -1.150755099802928342e-03 2.663091417094685855e-03 -3.519330001248767350e-03 1.570050409359197499e-03 -6.201290786203538831e-03 -2.190895589905127346e-03 5.494939994300819530e-04 8.581403481729827070e-04 -3.167803862033615673e-04 -1.571464385928252961e-03 -1.755824999930287456e-03 1.998206228069073376e-03 -5.189647037276674075e-04 -4.739839988584560598e-03 -1.557344730954450182e-03 1.544970962432530917e-03 -1.645629217223195176e-03 -1.899070897200174930e-03 -2.839426560057454335e-03 1.659741115110714964e-03 -2.064365370681487972e-03 3.988212688805166210e-03 3.059256007340146392e-04 1.199777814838159148e-03 6.660268001354417450e-04 -1.520221857692537421e-03 3.164423503863103017e-04 1.899388209051363794e-03 -4.890083244961575964e-05 1.138424399408642738e-03 1.095857696609768344e-03 -1.075824628078370744e-03 -5.250836583548044566e-04 1.564900365711806903e-03 -1.205051683133872556e-03 7.873350994744476774e-04 -1.696253612588476687e-04 -5.741989174506503292e-04 -1.448776358129612969e-04 -5.121739792963482139e-04 -3.571951955382665525e-04 5.603324495855707861e-04 -8.710820074462673635e-04 1.091700243301995982e-04
1.796378399343700194e-01 4.590136804256263019e-03 -7.847486769116273145e-03 8.601728568495763810e-03 6.964631643376005023e-03 -7.506741714539233272e-03 1.041803159089100921e-02 -2.168085219880373435e-02 -2.089618193013241879e-02 -1.025031286273868185e-02 1.832106505769335106e-02 -1.666638101560425148e-02 1.397478792002104613e-02 4.290528235149333540e-04 2.480534357226984923e-03 -1.303101429649969117e-03 4.497845872877435577e-03 3.890473235224305290e-04 1.425779411105219420e-02 -1.544978333473490378e-03 7.652100389795448527e-04 3.187051228013034008e-03 1.242723410949702267e-03 -1.190238333321417055e-02 -8.995436361880947617e-04 -3.451934653639091456e-03 -1.653959496767249933e-03 -2.038657869815597729e-03 8.140546819360224440e-04 3.866437953266619633e-03 -2.230827305042983825e-03 -1.323771593910307064e-03 -2.889994295527270520e-03 6.318542222796100054e-03 -4.450128795596888093e-03 -3.663000828094025232e-03 -6.508885437937484949e-04 1.083086124554757165e-03 4.022787349580199748e-03 -2.738478486413440695e-03 1.748320105973560478e-03 6.111641774351296748e-03 -5.578320937904354335e-03 -4.237767594662222165e-03 3.615383849649825548e-03 1.869075107320868762e-03 7.607860692635296483e-03 1.555870934321508829e-03 -8.244321938361365374e-04 4.031492572187912737e-03 2.764051831571280159e-03 5.696757081213846621e-03 -6.141026514592326315e-06 -1.009020888370393970e-03 5.452264642703371494e-03 -5.496806673728382893e-03 1.764509355129334402e-03 6.519542129421715447e-04 3.666137058984279568e-03 -1.479361296072576179e-03 -1.021785853420852531e-03 3.936736377326255018e-03 -2.006335752994946493e-03 -5.262636997806209409e-04 -3.191476094995763374e-03 2.505382415651948198e-03 -1.036309625896557254e-03 7.352123630197729409e-04 1.048283934665391205e-03 3.585190470473857607e-03 1.134917675261754542e-03 -1.826849785389857064e-03 3.014835754908987316e-03 -5.632434015149320348e-04 2.223943780145835880e-03 1.187519866355756610e-03 1.536108570443648052e-03 -4.099982414805742985e-03 -3.116609682112932329e-03 1.181644404243316479e-03 1.335935044011079187e-03 1.748174056181577962e-03 4.319538213554058651e-05 1.220077336197407554e-03 3.597465534179923596e-03 -1.998461558193570780e-03 -5.350363133085684524e-04 -6.896470538752695265e-04 -1.200313238170467667e-03 -1.019604761903164600e-03 2.127234169980713081e-03 -1.177649305215209240e-03 -5.829074327377549393e-04 -1.281275747409442307e-05 -7.039866822400181468e-04 -1.045638953385430708e-03 -1.685296370451169333e-04 6.533004792856989072e-04 4.218418241061665567e-04 9.363683285970180077e-04
1.787119098247494375e-01 -1.012208379109413164e-02 -2.407735066016661318e-02 2.533943313612158424e-02 -1.190640922018151859e-02 2.461127084503997309e-02 2.492464295107570463e-02 -9.295455303088472065e-03 -8.149721732134625890e-03 2.817511151951085802e-03 1.297978779481240123e-02 8.154879892752283851e-03 -1.803250512387763460e-03 1.809990694260456886e-03 6.927860389097780132e-03 3.753316969884269716e-03 1.649389494436898996e-03 1.144107853030581698e-02 -3.546258950072941375e-03 4.142602838206697197e-03 -8.111476721685783459e-03 -6.484671173730877786e-03 -6.963303946029964333e-04 2.265078345018356563e-03 8.582309057909235771e-04 -2.144573254975186243e-04 -3.138731746874195809e-03 -1.221368683915204003e-03 -3.554755133853281044e-03 -3.087474815487116411e-03 5.265013525946017452e-03 3.152605391901331430e-03 -3.625414483716580660e-03 -3.559058977303060454e-03 -7.161784139386344512e-03 4.255368139185385264e-03 -2.099975399103980352e-03 8.345958830504642814e-04 -1.170369802368421150e-03 -4.105751182451142667e-04 1.761693675444162780e-03 -1.092429550308787701e-03 -5.325775768101031170e-03 2.780056465965504396e-03 3.779501707798409941e-03 -8.716344862790974301e-04 -4.296827358112299822e-03 -1.897587605228492598e-03 3.005986788928349178e-04 -1.104706690462516728e-04 -1.519633721478054218e-03 -4.440110782339730909e-03 4.087425447634096022e-03 1.874488472686552552e-03 1.340697932454776005e-03 4.848165535971712958e-03 -2.694046838430496759e-03 -3.718723913695491830e-03 -1.190503798282863080e-03 4.766054872951497150e-03 1.881565401431985717e-03 3.871599523434457544e-03 2.000645151804004160e-04 -3.680933080109041310e-03 -3.418141745643511102e-04 5.195150895031672850e-03 -1.903489161762139670e-03 -5.160374393144392599e-03 -4.417951726533601332e-03 1.027739674088835702e-03 -8.281299026680255439e-04 -4.458437725554504488e-03 1.434574588634028982e-03 -3.878354000398555736e-04 2.570917705459412929e-03 -3.313500325229409415e-03 -8.448769594479390048e-04 -3.682314540294810961e-03 2.142319705669031623e-03 4.859034971339121038e-03 -7.831332083979210832e-04 -4.014990428308701296e-04 1.382944790325285351e-03 1.003842538512496330e-03 1.279146845009454438e-03 2.192640430140387487e-04 -2.708614316341608971e-03 -1.761493081842653791e-03 8.152680333267114140e-05 5.969699815147046186e-04 1.747762657397468203e-03 -6.908960287072312334e-04 2.930806852733737998e-03 1.545018674840252038e-03 1.703383857946257377e-03 1.198293289791172410e-03 2.313731073262571705e-04 -8.047124387614439144e-04 -6.163396489377915601e-04 8.259453030037591488e-04
-3.295275652768839963e-02 1.253500514078614500e-02 1.207295002632872843e-01 -9.780603676792712711e-03 2.369863721501553125e-02 -1.125150526984228065e-02 6.591769877776866094e-04 -9.204334106880729741e-03 1.327400846735836415e-02 1.684872121359498598e-02 9.362316492038500956e-03 3.859197645149171473e-03 6.404257334676013470e-04 2.346128576919715835e-03 4.020727924955891375e-03 2.180497818950704117e-03 7.612413556555033128e-03 -1.839984944041974822e-04 -1.263387965413393689e-03 5.140884867837986448e-03 6.404956725182792783e-04 6.599083129032239049e-04 8.496810224242381648e-04 2.309390271930335161e-03 9.991542259593625200e-03 -4.003485330676711910e-03 -4.616161574006527775e-03 -1.325990541456986867e-03 -1.698424855140092228e-04 -1.342676078148238644e-03 1.864001935863803232e-03 4.552877643533606924e-03 1.803041753174958834e-03 -1.108590050502486751e-03 -1.242064143311588480e-03 -1.510766529630789938e-03 1.289641275622366301e-03 1.349367176360344485e-03 -3.380666892316004559e-03 -2.514568285120885247e-03 6.043280212223392121e-04 8.283031383314918379e-05 2.217423731362280249e-03 -1.392725788978221553e-03 -1.989310889881442616e-03 2.662832721069402497e-04 3.938452776657904060e-03 -1.123276177156167866e-03 -6.241693310150693520e-04 -3.540386457481043900e-04 5.072772384699605203e-03 2.045609357679038613e-03 -1.951466424612430511e-03 1.541243793932329793e-04 -2.859966995648851370e-03 -1.050234161926884378e-03 3.045973718242298098e-03 -7.570772103057066488e-04 -2.470915175696909456e-03 5.905047291064545152e-04 -9.724138182347683403e-04 2.644151627865492203e-03 1.148118772767748284e-03 -1.754693462250230375e-03 -2.194950323663008053e-03 -3.542009359412859977e-04 -5.415156170850475657e-04 6.038256834984759161e-04 -1.774007608068998119e-03 -1.590391375122468488e-03 -1.027229752203776859e-03 3.223224148602118252e-03 -1.124442166024600554e-03 7.600213045274677431e-04 -2.632283032936614826e-03 -1.271257111183137813e-03 -6.289270719231620241e-04 -3.091489772580062099e-05 -5.007051774157143332e-04 -1.833569602983652113e-03 9.288436012928172922e-05 1.270185677287726401e-03 -3.858966512917441074e-04 1.457699628721163473e-03 1.556809304098788396e-03 8.140981692957894884e-04 -1.890633199200971977e-03 -8.616621280639245005e-04 -1.125072153025571129e-04 -7.672075215772063399e-04 -6.257240988726526067e-04 -2.994960531624524420e-03 4.552447304689111879e-03 -1.461755803890052744e-03 1.852231574755077489e-03 -1.213969568365429880e-03 4.518697588259071459e-04 1.282116163598124008e-03 3.643604171388793288e-03 -2.032216691600188894e-03
-9.093526371486052029e-02 -2.131767794432200616e-02 9.881058532144976203e-02 -2.673214320492605170e-02 -5.940454851012192533e-03 -6.117477396637580923e-03 1.705820031700690936e-02 4.321423628836898803e-03 -6.434461574394869168e-03 1.116004072616622912e-02 4.817184777430453743e-03 -3.380613057325184724e-03 -9.374717361418097999e-03 -1.169040657770547978e-03 -6.201070769854159954e-03 2.058633935113881653e-04 9.770018197309570697e-04 1.488780003046532522e-03 4.049591919015741066e-03 2.371304652813716139e-03 1.312016553831912673e-03 -2.743229645349187090e-03 -3.659249884058632125e-03 -1.059503276100436835e-03 -8.744399912456944342e-04 -2.372497362864230304e-03 2.529705101508481890e-03 -3.079422688743168462e-03 1.735967099334438288e-04 -6.996556729153714099e-04 4.357977518844295429e-05 -8.481216131552926727e-04 -5.315760279782081286e-03 -4.702120758333806945e-03 -7.195961638164327222e-04 -4.440028954513765497e-04 1.574282681024688447e-03 4.013173511820225829e-04 5.636279188669274546e-04 4.042671931061993414e-03 1.333706765238623594e-03 -1.059580479939157931e-03 -1.867243514110138560e-03 2.407011037022622026e-04 1.535658474703255295e-03 -2.496947176226491528e-03 -2.331972130050252549e-03 1.251084160131226168e-03 -6.731032774544459026e-04 2.871014212051112204e-03 4.922037627252249040e-03 -3.717714435038473996e-03 -1.548496854041276835e-03 -1.330279134122512976e-03 1.665209400091911083e-07 -1.779129288649732975e-03 -6.800489765564945695e-04 5.715777787583473926e-04 1.170126259265302001e-03 -3.930903650352700020e-05 2.558918819422875343e-03 -2.500954606746587545e-03 2.638096599604254633e-03 2.647903187543332489e-04 6.164570136416291750e-03 8.126907820081212628e-04 -3.597921948944406579e-03 1.336437279947134482e-03 -1.289409177626152760e-03 2.235348204619457511e-03 2.699766314075982489e-04 1.466406800009035756e-03 2.377528882302665670e-03 1.506852466870343315e-03 6.350854444228716273e-04 -1.855741267766893238e-03 -2.236405248480083634e-03 9.736214546159699043e-04 -2.777703191525155834e-03 -1.054055606575565740e-03 3.063951283042616342e-04 2.861231675349357379e-04 3.942847678533177753e-03 3.378422284170139091e-03 3.436424050724814312e-04 -2.903600492999788233e-03 1.767716948845700266e-03 -4.957446048416238368e-04 -1.033291305787694412e-03 2.917915058300744532e-03 -2.553143032170986267e-03 -2.291861535071158893e-03 -1.856467385791611214e-03 -6.213046101420783944e-04 -3.229710131055779296e-03 -2.387911569844865787e-04 3.342927245027142009e-04 1.301238541795615017e-03 2.494423189509186833e-04 -1.520140892279976154e-03
1.727352377499307701e-01 5.425462323944145633e-03 3.898302130238928687e-02 -1.041671737386118922e-02 9.973672760629135464e-03 -2.668755165745432048e-02 -3.613314084773856794e-02 1.111034064618406222e-03 3.995516922722742136e-03 -6.450699287806696720e-03 -6.016452009524932316e-03 -7.367816802344555500e-03 -3.925233273871100471e-03 -5.843418408490271736e-04 -3.219112629730217726e-03 -3.003613891250195636e-03 -1.325750343240525604e-02 9.094785204158860532e-05 -2.984595096674705177e-03 1.021827688493461006e-02 5.279973410187700084e-03 4.360696953758123537e-03 -1.279663041149112007e-03 3.291912613173500826e-03 1.135356582826626713e-03 -5.565130881633473421e-03 4.336013993416930855e-03 2.853729394449886544e-03 4.158014453708060295e-04 5.083271426061235655e-04 2.898742433724730769e-03 -1.211573574979463316e-04 -2.914217608546995977e-03 -4.948646164868127084e-03 -4.825326848847772895e-03 3.142205917830081813e-03 -7.997619397909888064e-04 1.952610861795818541e-03 5.466946414700257079e-03 9.668247846535988482e-04 2.406948923899738840e-04 -1.972672966947713706e-03 -1.235278022898326925e-03 1.760908828845573169e-03 2.667366598094107776e-04 -3.888340408646329561e-03 -6.160620224033544652e-04 1.701363190983648825e-03 7.304891044613486071e-05 1.961692244239239200e-03 4.595163109116667290e-03 -3.876482756595801306e-03 3.763869199873252913e-03 1.279478610355771746e-04 2.366810750459380410e-03 6.700372867181263008e-04 1.745979397344102433e-03 5.692428906670920092e-05 -1.007629733084862899e-03 4.333957618510243039e-05 3.103941054580107179e-03 -1.340176798352002126e-03 -2.453190429715976619e-04 -8.603478685442846920e-04 1.247714813748704949e-03 1.929929409875660688e-03 4.358968460519582061e-03 -5.463459816084071351e-04 -2.727140946559740171e-03 -1.499512797837808343e-03 -1.735933929150805825e-03 -4.683988181771025355e-04 1.995538141101066041e-04 6.989893900334819509e-05 -4.404576984107766088e-03 -9.846443041217445118e-04 7.192636869668970383e-04 -1.164620868922355400e-03 -1.464552968366170712e-03 7.468157535430120170e-04 6.107927917121221822e-03 2.738791655171177696e-03 6.702458366422583795e-04 -6.151304095518174279e-05 1.026591640060657996e-03 -2.508603559062266408e-03 1.301496942176077467e-03 -4.262177941924689094e-03 -2.475244711431728124e-04 -2.932773237143991899e-04 2.738093764026579887e-03 -1.195115546659013180e-04 -6.051129783279864290e-04 1.302642641098474127e-03 2.532669403286703924e-03 -2.130601775709372258e-04 -1.480135789079438336e-04 1.803124668059550954e-03 1.354962314290076523e-03 -2.723543037514647783e-04
2.080700073577636255e-01 9.234090588885409540e-03 3.104593894275688333e-03 -1.436372866637306012e-02 -4.570895559946572782e-03 -1.712967160642804923e-02 -1.984463507217686454e-02 -6.260489692478785409e-03 -3.115950847448823498e-03 -6.016785610801093920e-03 -8.500419224601128004e-03 -2.961394083028456078e-03 -1.056989726378983023e-02 4.404443678101932318e-03 -7.478357782781274408e-03 -4.360488100442479024e-03 -1.157188742763688195e-02 4.568678275886347900e-04 -1.266133716417698618e-03 8.293656725351256434e-03 4.560013112498298785e-03 2.886401998720630312e-03 -2.851890142956020439e-03 5.578273115624839476e-03 4.904469236856118979e-04 -3.938744625586289468e-03 8.463604575477057940e-03 4.307394836970747896e-03 2.109461543127227195e-03 -2.614819992419655133e-03 -3.170205657180067901e-03 3.766082389467248839e-03 1.232178887046939380e-03 -2.442097960725021950e-04 -2.310056268614142649e-03 5.132329393075988868e-05 -2.064993955201543073e-03 4.116708388719634779e-04 -1.451148415522096960e-03 8.025623574644770095e-04 1.759553405021352900e-03 8.698283489726866928e-04 6.173571458657340066e-04 1.045422744293769473e-03 -5.401156717627480716e-03 -8.729752157339950224e-05 1.341840252906679500e-03 -5.372222331570518719e-03 -7.215496771042916209e-04 -3.409286125773410003e-03 -8.501445498463048233e-04 6.429301537703622192e-04 2.346804804577455085e-03 -1.981707695115604486e-03 -8.381448542882537212e-04 -2.514203992068971688e-03 1.140532766666551732e-03 2.409504787887468188e-03 2.039976042213279949e-03 -3.281327948618953036e-03 1.302036450521818541e-03 3.783343304436577611e-04 -3.645403774030245791e-04 -9.790834777389303967e-04 -4.809375604818415251e-03 -2.696995203413541427e-03 -4.720291858697453144e-03 -2.771646693895883033e-03 2.053130187032257969e-03 8.367392271858943098e-04 -8.901977982619989436e-04 1.970756998831904442e-04 1.603386362124162952e-03 -2.783990958365355033e-03 3.101932574733799568e-03 1.050748552131494174e-03 -3.651135732026298641e-04 -1.254130406213958306e-03 1.814819438888028201e-03 2.129008101326073776e-03 6.972989106949580886e-04 -4.943189102279048688e-03 9.133438390301542188e-04 5.264485821689660928e-03 6.032710858270221542e-03 1.453319022370151313e-03 -6.433670696132739618e-04 2.843662270577049754e-03 1.201478882737601296e-03 2.974300474030256922e-03 -2.337051825315710613e-04 2.225109550880051933e-03 1.554958699658741048e-03 -9.580076920303576380e-05 1.053223029826040342e-03 1.286167689786071096e-03 -5.968374963614722336e-04 1.445074648798965909e-03 1.699998747140112239e-03 -1.748764633078150540e-03
-1.412115677327929475e-01 -9.473925080003159360e-02 -4.582060953060663328e-02 -5.788993743517931341e-03 -7.602637169656002551e-03 -1.337801128657941860e-02 -1.136490376725700358e-02 -5.681890468510191784e-03 4.719387508355180234e-03 1.294235651235781527e-04 -1.887301499775543515e-03 -2.853755655296751244e-03 1.460623413174189826e-03 3.570656027619754317e-03 5.804757205137631507e-03 1.152229620546253979e-03 2.163645043681184602e-03 -2.492834094274993390e-03 1.810084899052124413e-03 -1.145382112036492407e-03 -1.561618029190965694e-03 -1.597511792776546910e-03 5.340169870086471267e-04 2.860282056179425710e-03 4.347119748569207472e-03 -5.815042426214302651e-04 9.988374115574385516e-04 1.218454855715415302e-03 -3.383639725794352813e-04 -9.673977780095704450e-04 -1.799777798419405260e-03 6.149747541366566705e-04 -5.789608824731207280e-04 8.840828782152948756e-04 -2.145189200848922166e-03 -6.916494681009372619e-04 -3.247285884901929221e-04 -2.043104187183744809e-04 -3.925157392558591835e-04 1.876658923559731745e-03 1.437328862173275134e-03 1.482702750219597621e-03 -1.392322984189040685e-03 1.484158667138260612e-03 2.864473279754201334e-03 -9.731089280793702530e-05 -1.957377527392537003e-05 -1.473447649592177482e-03 2.037165630938738391e-03 3.617243412234516698e-05 -1.231966595696526315e-03 1.548480029715128227e-03 -9.669246831993970944e-04 2.728405074430459128e-04 -7.047995769160139701e-04 9.397919390542060734e-04 7.952864702806781711e-05 -9.282465301959086368e-04 -4.847422282528173918e-04 -8.519117232250368339e-05 4.176287811617794337e-04 -1.371428456725587311e-03 -1.617934392070545155e-04 1.411561224475458654e-04 5.356583033814895809e-04 -1.523959807177510022e-03 1.354740812182495847e-03 -1.537626867584411809e-04 1.411754393842106154e-03 6.092515038353027481e-06 9.972554839617771803e-04 -3.816928174636037975e-04 -2.358840043178568428e-04 -3.741633069300139588e-04 -2.156811128854102045e-04 2.127419168244488838e-03 -8.597055035753692256e-04 -4.086276171437860233e-03 -1.500922067008102429e-03 4.025965697162438864e-05 -6.725126594741024982e-04 -1.052917032327065072e-03 1.258311637328646043e-03 3.725887669894219299e-04 -1.339306770665787657e-03 -8.731356919369220740e-04 1.181689350179945461e-03 -2.034412685046689279e-03 1.684426659868713209e-03 -2.014550709196285833e-03 -1.734018209794020574e-04 -8.664683108008979428e-04 -1.177884992936672906e-03 -6.650954283194233192e-04 1.209584910032657397e-03 8.388442147256275176e-04 -6.630995306543545527e-04 -1.899001657060403619e-05 1.305634744685346118e-03 2.513160723966545527e-03
-1.378866831163533258e-01 -1.044242467913337330e-01 -4.661645305331860861e-02 -3.324151483949929192e-03 -4.557344070400640677e-03 -1.543175845506242205e-02 -9.129514852422731391e-03 -1.244791175899753917e-02 6.516123872462525370e-03 2.446729940196303542e-03 -3.905437589782883440e-03 2.272946320482308470e-04 3.068545487763660404e-03 5.678861800187736709e-03 8.470615842270701884e-03 1.379015893387750208e-03 3.101160534161747327e-04 -3.836564277270314554e-03 2.489427792035219748e-03 2.130013763169281220e-05 -1.541451515286835442e-03 -5.242397302692566527e-04 3.194419869717278764e-04 1.650815534038561991e-03 -3.529934644295028984e-04 -1.645612018555360446e-03 8.764704809754227544e-04 8.616313699037308734e-04 -1.019680450082853171e-03 -7.567206030230806939e-04 -9.993001896001951941e-04 1.164689287257121304e-03 -1.100166607289900737e-03 -1.185688923046838896e-03 -4.422851341451576672e-05 -2.589350551621554235e-03 -3.610628286841483132e-04 1.370275263279446484e-04 -1.922671480740700866e-03 7.110385422059115621e-04 -6.959413777250305581e-04 1.064749614020238117e-03 -2.045503289113114744e-04 1.391988688969473956e-03 2.143965715503729462e-03 -1.043142171102240607e-03 -1.744274852542765960e-04 -1.197913698248948564e-03 3.574365808470272854e-03 -3.714549174578294461e-04 1.795672387062998408e-04 1.585376545743628831e-04 -1.014401289239305528e-03 2.962337442793615792e-04 7.052118187701431507e-05 1.951499937937141351e-03 8.731512119236507904e-04 1.053331745705169938e-03 1.475561175521552604e-03 4.596164375440667184e-04 -6.854243250233341090e-04 -1.113269814267129048e-03 3.659737651335701232e-04 -2.368731720651606970e-04 5.265716118479605180e-04 -6.742625953146552274e-04 4.707545033776186537e-04 -2.876451133575125870e-05 7.055455333115877303e-04 -1.116046616991889099e-03 1.275135865051613398e-03 -1.615358006298195370e-03 6.248324810270664562e-04 5.559918056629406958e-04 3.778666785451018106e-04 1.503630728999085647e-03 -2.047372117721045200e-04 -2.177981859611373243e-03 -7.029914517520866176e-04 -9.399483233990567951e-04 1.900990859877422872e-04 -1.445139498514595342e-04 7.903124617102036441e-04 -5.042943466609347333e-04 -1.619924546630098678e-04 -5.980848598064726846e-04 -2.094818050488416318e-04 -1.704509065937348782e-03 1.084851732352220708e-03 2.501577597701919479e-04 8.364664701488676833e-05 -2.384725759149381515e-04 -4.393040930450805453e-04 -1.528587243893132286e-04 1.152127309740244273e-03 -1.290998361187442770e-05 -3.534069425967953869e-04 1.193965983546539742e-03 -1.374136112887189157e-03 -7.550154153605122005e-04
-1.312209824563434213e-01 -9.610832663970680922e-02 -4.736993974672662477e-02 -2.177681226685456752e-03 -5.180027012062743408e-03 -2.396683896428828536e-02 -6.091219061618671250e-03 -8.969942005515240888e-03 3.929304683232712377e-03 8.524481639969945946e-04 -4.447262841027367760e-04 5.192159519734015384e-03 2.616073381985934213e-03 4.899462306260826856e-03 1.124740911436511968e-02 2.646986246221923536e-03 -1.036560610898877447e-03 -3.987049611111284295e-03 2.853337007637540401e-03 2.108969029705307693e-03 -2.124640801814428289e-04 -7.426256032284144978e-04 3.653664532204386616e-04 2.850591457339582630e-04 -1.929630762946859873e-03 -2.581972120690929559e-03 1.918627298532202870e-04 1.040258962217297661e-03 -7.319869247894559595e-04 -1.376006569582071326e-03 1.538508628240352815e-03 9.170658017107596307e-04 -4.788047458372380986e-04 -1.488988761910470813e-03 6.753702707608690275e-04 -4.996927666920412958e-03 1.756252022950522589e-03 2.538205316096979296e-03 -4.609725273479406285e-04 1.598283954958920790e-03 -1.274485246193591235e-03 1.175636883698183942e-03 -3.851869917508455449e-04 2.189885819324228610e-04 1.619074602739218856e-03 -1.372448330953833420e-03 -5.289161685104851228e-04 -1.325581984291694963e-03 3.273297880786333724e-03 -1.332863064408571462e-03 -9.831066313957838310e-04 1.072753964201015762e-03 -1.295188144947107337e-04 4.353194700694363760e-04 -1.683967755392675467e-03 7.955252257257661467e-04 6.166126110370670791e-04 9.351440271668083571e-04 2.857570435160185045e-03 1.967268967867597581e-03 -1.175498423500316060e-03 -1.805323228260089169e-03 -5.700969142162013023e-04 1.327797639167155807e-04 8.975744079304947718e-04 -5.782381181624863219e-04 3.002403184971519498e-04 -8.437428305745159839e-05 -6.461004412250828752e-04 3.141095115575170201e-04 -2.069434204758531786e-04 5.360209930281514693e-04 4.771574202043220476e-04 4.982485817055092459e-04 9.549836194696846017e-04 1.441751163222460084e-03 -1.651730857914729834e-03 -8.146270324491838074e-05 -1.100440322732121464e-03 -2.027811163944218467e-03 1.075869158633371977e-03 -1.076118750329008438e-04 2.683940299139696089e-04 -1.491392771165154542e-03 1.772572100183852787e-03 -3.532091023495164886e-05 -4.866720892971422227e-04 -2.105847629975626887e-03 1.359910108390845109e-03 5.307593113217019300e-04 3.430034367600847322e-04 1.047668800635182798e-03 9.614776735495958416e-04 1.227091206905478894e-03 1.018711915986425217e-03 -7.054947269765333116e-04 -4.433207701960262910e-04 1.085794115383927191e-03 -3.610348379434420284e-03 -2.644154676809265872e-03
-1.239740160881105668e-01 -9.737761504862162132e-02 -5.964025937928986443e-02 -5.059256091167184952e-04 5.185798004431936732e-03 -1.396272197199494372e-02 -1.429378022175624256e-02 -8.416531512021169920e-03 1.122039415726704820e-02 6.967545089732301786e-03 4.431273161119321340e-03 -2.863908679016892380e-04 -1.552846976720586062e-04 8.427050257458299637e-03 4.977233436808953769e-03 -1.265182237877655186e-03 -6.463922133373217402e-04 -2.593062607505578973e-03 4.717317738549445943e-03 -7.858174144114372017e-04 -2.594488199692743073e-03 -3.456022608794394671e-03 -5.206963145408577322e-04 1.958537477317725053e-03 -9.313317235502760949e-04 -2.738956895639797209e-04 7.600519687185028524e-04 7.386756504688284835e-05 -1.334156299415720053e-03 -3.043078495071203276e-04 -9.709779714485485946e-04 -2.983023691749129886e-04 -1.302899351946360668e-03 -1.408559670706634312e-03 -2.915717739090348563e-04 -3.986041216165195182e-03 1.381009817115422082e-03 -1.164381804158582366e-04 -6.858008994720702581e-04 7.429540011667104885e-04 1.302274360206252595e-03 1.174961690864299120e-03 1.328951052489978166e-03 3.374951560587457263e-03 1.612933658872745413e-03 7.822588182824824401e-04 -9.034562645107294728e-04 1.154772824211360059e-03 8.101492477776395772e-04 -4.042627704666337568e-04 2.630437224281147700e-03 -4.082507385408325890e-03 -1.342692842400293549e-03 1.808149220600035849e-03 6.438686861749811731e-06 -2.367923700212611819e-04 1.494138581240012607e-03 -2.942694415872602453e-04 3.148728258853423882e-03 5.266184636936086481e-04 1.174796069483068257e-03 8.688376229333167082e-04 8.572816417790667326e-04 1.855534458207903524e-03 -1.815129521146112987e-03 5.472048888624555640e-04 -1.396830627748512190e-03 -3.779916955551186489e-04 2.210835092938479365e-03 -1.963272098859953491e-03 3.045868642650653366e-03 -6.481128924076533671e-04 1.818460394689634533e-03 6.409867392651154511e-04 5.130828494066877726e-04 3.336829726958405722e-03 1.139292916697215181e-03 2.896777319036894678e-04 7.711581006640953100e-04 -6.287987376341983708e-04 6.043381751331497898e-04 -1.660525849875887699e-03 1.158043639338250403e-03 7.368720125245277084e-04 -8.166925493495889778e-04 5.076799057828827559e-04 9.583811459032479368e-04 -2.671361418785039334e-03 -9.402269284593651154e-04 -9.832703777647540042e-04 6.353931498776070087e-04 -1.277554774014752221e-03 -8.994664684295094255e-05 6.556553966144709712e-04 -6.587529657651391632e-04 -9.749206555476650849e-04 1.453277323722237382e-03 1.424911690695669989e-03 -1.150566739598031692e-03 -1.220051361803441500e-04
-9.817211521799944218e-02 -7.472158667525040376e-02 -5.081556189901856313e-02 1.919356549186640058e-03 2.644767305015009035e-02 5.537328284028756459e-03 -7.039869197086275933e-03 -8.573297990324257184e-03 1.687497382180480968e-02 4.386951178040367216e-03 7.335118713254027735e-03 2.453018881852473809e-03 -6.024752063349000930e-03 5.868681541496615067e-04 -1.667284160151180292e-02 -5.710615912433522449e-03 -2.792770874505961110e-03 6.359935465764301847e-03 1.418983746605945704e-04 9.136741056532592066e-04 -1.324031608471350598e-03 1.733997023813693347e-03 -5.993330326349000613e-03 -6.031434511607030625e-03 -1.523201106935779094e-03 1.780259280710282674e-03 -5.810473418176958366e-03 -4.987885424324799317e-03 -1.923634460130209780e-03 -1.393508598727608624e-03 2.445890031397604178e-03 1.040506856815575591e-03 6.274985833208403599e-03 6.950563318982078478e-03 1.054026272169483790e-03 -1.551853010432613280e-03 2.991534497586799575e-03 -1.670011484416422665e-03 1.046845177906460464e-02 -5.793173668717331061e-03 4.035976361248374243e-03 4.293380352246614867e-04 1.876008692989998040e-03 3.680521451227646360e-03 -3.926580888433126373e-03 3.710124979585290896e-03 -5.059742431697516595e-04 1.146797644049528462e-04 -7.529274587180751800e-03 1.293947845310493196e-03 1.125903625898523478e-03 -4.461965297781084541e-03 -2.298466000999525860e-03 3.029878535366529926e-03 -1.192206372766421154e-03 1.987386239528755177e-03 -8.038048236405307551e-04 -3.011771989723215155e-05 -1.293671324792740589e-03 5.877967861851451101e-04 1.684659327465453868e-03 1.780125819910653500e-03 -5.517094732027388523e-03 -3.024302103906495801e-03 2.724843377961654175e-04 -1.113405571658691124e-03 1.889232233511618265e-03 -1.294280388983276011e-03 -7.000172843123129941e-04 1.023192616693381499e-03 -2.436003525504411207e-03 4.060672313632181403e-03 -1.924797646605452351e-04 2.704884001296503767e-04 3.646207787206909301e-03 8.557778579345194907e-04 -2.917517708636672568e-04 3.011309184524335581e-04 2.014518738429736547e-04 5.528112033559560469e-04 -6.232217128277060163e-04 4.131377994268327272e-04 -4.574287603044391564e-04 2.847480238965775876e-03 -9.731026294816722943e-04 -8.861328116299464980e-04 1.638529197558349785e-03 -1.499930201261802159e-03 -1.007992889038666559e-03 -4.194285685206681070e-04 -2.175616582629627711e-03 1.318031677634477934e-03 4.968253560267002012e-04 1.405036115840870015e-03 -8.244069221320661207e-05 -2.038303889328155379e-04 9.463574532244084080e-04 1.730463365356568143e-03 -2.242299831571169678e-03 -4.232686861510345094e-04
-1.160766274168830436e-01 -7.594039999124452267e-02 -5.071048623060738642e-02 7.337301403384032840e-03 1.798427417058345119e-03 -1.071314621352618263e-02 -1.544874379197091335e-02 -2.493237007854802022e-03 1.310193387048913700e-02 9.262817842031693949e-03 1.171954172493524030e-02 1.468998042071684249e-03 -3.940186243643410387e-04 6.000015365309286329e-03 -1.766981892542968720e-03 -4.896984489714591854e-03 9.793741370254262484e-04 -2.375733144143205174e-04 4.877616846395843586e-03 -3.632437545349813564e-03 -5.001552861909876408e-04 -7.613189586469970918e-03 -2.049746264526744986e-03 2.753821233981239812e-03 -2.072068861482875748e-03 1.972368957506526275e-03 6.883408188675214923e-03 2.130024913104813008e-03 3.690982451225735799e-03 -1.224443491911147638e-03 8.141955608190081829e-04 -2.008304212614995740e-03 3.124489818236662712e-03 1.019552883737921362e-05 -3.456134396033204957e-03 2.153309866376918943e-03 4.161503028918159958e-03 1.054831055350455770e-03 2.954512475097482473e-03 1.442867339966230969e-03 5.029047109088279240e-03 -9.627297252359713793e-04 -1.742103055130332211e-03 -8.970621122973844019e-04 5.235823126983659391e-03 -6.115422052858778901e-04 5.801839231983445949e-03 6.912300562494349404e-03 -1.223506871413802951e-03 -3.995490320294860058e-03 -3.946373772764578437e-03 -1.086324195123247396e-05 7.261613421812557851e-04 5.236673147130345950e-03 -2.398339970216983776e-03 4.624858793313629986e-03 3.983298543856545111e-04 2.299927374416188813e-03 4.122607009625241063e-03 1.120639751504782979e-03 8.942011354200748519e-04 -3.448277442408117979e-03 -3.905292045648379919e-03 -1.951793357647618613e-03 -7.659908063782815612e-04 -2.945416417997654898e-03 -3.348637763467473064e-03 -1.272799323795268832e-04 5.856174156761072237e-04 -2.136697381084106881e-03 -4.083430381108153154e-04 1.307852159102852827e-03 1.251667990589293625e-04 -7.419007260536876393e-04 -1.142709189185539629e-03 -1.785564154279592692e-03 -1.498171180692232192e-03 2.545687022059880868e-03 -2.110891314214578558e-03 -3.764209806120308440e-04 -1.711811111104389292e-03 2.193610620588795981e-03 1.905683649811884886e-03 -1.980595034853357972e-03 2.662453610908037220e-03 8.920446379011756069e-04 -8.429715963690063464e-04 1.412844481922620856e-03 -4.065168379077878136e-05 -8.913369455376900881e-04 1.056932941621898303e-03 -1.937566957664697267e-03 3.365998916737306980e-03 2.504668016067243281e-04 -2.486365758329726634e-03 -5.799944844303650884e-04 4.462028765224142018e-04 6.024493663361377670e-04 3.589145632699342753e-03 4.463501240870761631e-03
-1.343948382141733622e-01 -9.958575942863485964e-02 -3.696528933140995343e-02 -9.911403267009543869e-03 -9.217254010908093251e-03 -1.452249236809475055e-02 -4.018358817790119129e-03 -1.040199516263995254e-02 6.547101203303234973e-03 -5.391187506402499337e-03 -4.727331557020986175e-03 1.426912745393916961e-03 3.734219600461064111e-03 4.063900587924986971e-03 5.812118499224248544e-03 4.751858968470285167e-03 9.357491934765510121e-04 -2.997571368436484970e-03 3.046210812928429584e-03 -6.188237836821615986e-04 -2.464712889372527860e-03 -4.402247111713303946e-04 -3.451456001080661050e-03 1.671965695701943023e-04 3.009261393140435191e-03 -2.345689610367282518e-03 -7.682758974466863140e-04 2.443187595337039959e-03 1.144981054319950007e-03 -3.877591077024196593e-03 2.136532946977890649e-03 1.249566206514771778e-03 2.016828351601872640e-03 -5.305412294847043934e-04 -8.437378859099831790e-04 -5.587975611891170778e-04 2.441144810705227902e-03 2.085393883064203414e-03 6.922282619244488457e-04 1.582411915906782422e-03 7.268915159973169402e-04 -3.779288837707243855e-04 -2.149227254530855242e-03 1.090592663746473403e-03 3.074729639389169218e-03 -1.937006886914279229e-03 1.629123288391130971e-03 -6.723739702391057270e-04 3.707186171109423840e-03 -1.939567540425835923e-03 -1.100462571688166826e-03 3.190516431745431085e-03 4.255688541344950404e-04 -4.619448766601201421e-04 1.204872857374175596e-04 3.224650477113265908e-03 1.257560484754662641e-03 9.553845539941596687e-04 -9.775547008724727420e-04 -1.427899196538919089e-03 -6.169230819004242836e-04 -3.109860862312896317e-03 -1.798792858639017105e-03 -8.196921708472059689e-04 -2.017656010127109704e-04 -3.318552699986130261e-04 -4.351281033674884633e-04 -4.724605363015211093e-04 3.685920994592141908e-04 1.181404794342182140e-04 4.060132135888831154e-04 7.447403345324417074e-04 -1.141149351977098448e-03 -6.042678234506444973e-04 9.953450453603410446e-04 1.576578711442311992e-04 -4.967860176916889716e-04 5.204084721329925141e-04 -8.339099305968897778e-04 -1.283069562105615923e-03 4.456917172500423035e-04 7.788352230403786667e-04 3.661825140570584478e-05 -4.219963508361940837e-04 4.392176976008550587e-04 -4.294050113929165032e-04 -1.850565688692600540e-03 -8.666734602122336522e-04 1.610461844774151554e-03 1.379365227228134330e-03 -1.823305316074554875e-03 1.536029325699309436e-04 3.011217774856667822e-04 1.602664619778372676e-03 -1.512832491907504400e-04 7.121869206163856025e-04 -1.095895829675367494e-04 4.774346097657830557e-04 -2.165305367374667327e-03 -2.089251934896792229e-03
-1.306397763952289737e-01 -1.008447864170025632e-01 -3.109350670271993078e-02 -6.829754321435248590e-03 2.525550525013343234e-03 -2.764502609387853825e-03 -5.058242369991693653e-03 -1.807439441081074363e-02 3.740244327717208613e-03 -3.903545134393228769e-03 -1.072784062741649787e-02 1.658938487728077102e-03 1.735306375829088381e-03 -2.374977385751797542e-04 5.738380140478701978e-03 3.889513317385314469e-03 2.521423847545081927e-03 8.069142156603752386e-04 -1.124440470866695883e-03 9.024029279552844016e-04 -2.339820355081368222e-03 4.388633644565585225e-03 -1.655282483366583629e-03 1.436240390839393921e-03 8.486513464365500912e-04 8.633578518657325030e-04 1.097731634690262380e-03 7.263870925457088313e-04 -2.257827512480959590e-03 8.905787959601194808e-04 -6.102151226200229657e-04 2.014867473166116578e-03 4.631900105037645133e-04 2.050769427406094053e-03 1.240125968489315346e-03 -8.582312309582455735e-04 2.156718016395339039e-04 -3.704837457502785109e-03 2.098525921020385349e-03 4.541073414292160111e-03 1.115658722360414164e-03 1.675652144789253851e-03 -1.384062828358097316e-03 -1.274742026557348267e-03 2.209070449364130585e-03 -2.226295601012996846e-03 2.046705791690774361e-03 7.569194334086183423e-04 1.996127144729596898e-04 -1.646857318105622407e-03 6.245514649536420930e-04 -1.014449043753952017e-03 4.555658399643715216e-06 1.154307741559101050e-03 -1.196338701011370829e-03 1.344806603194062446e-03 6.609246037134072988e-04 5.712830018014166886e-03 -4.488846445027651324e-06 2.581268048024865612e-03 -2.965622966417416043e-04 -1.296662283949537352e-04 2.084767659540781321e-03 -3.383307710702590856e-03 2.873087624961149751e-04 -6.598592879247921344e-04 7.109971041291897505e-04 1.519299883044931227e-03 2.526491925295259750e-03 -8.835583102415154200e-04 -4.885654740628412240e-04 -3.177364306907100224e-03 -9.063682941340971307e-04 1.814729998245914267e-03 -2.923045458896031184e-04 -1.739468129036039539e-03 -7.192489619099459242e-04 -1.981111194407276545e-03 4.704516255091560671e-04 8.544149204916966006e-04 -9.178767868446152667e-04 7.956018531181679619e-04 -1.302902262802276131e-03 1.301204950825447109e-04 -1.562905342573983787e-03 -1.028080258575217237e-03 1.469915281025062619e-03 2.312569436996656739e-03 -6.287718866483455382e-04 1.472548167188827842e-03 1.740007173395998743e-03 5.543343820169477744e-04 -1.030304393862652461e-03 -3.443394728634527509e-03 6.687261156734979279e-04 4.891507443311028745e-04 -2.085572705016911117e-03 -3.898446042844673411e-03 3.042822819165139081e-03 4.401630940358563387e-04
-1.077153725703426934e-01 -8.333152794887366266e-02 -5.593873622838681919e-02 1.061072860267786577e-02 2.437830449876264918e-02 5.791046865649711849e-03 -6.227084325806230003e-03 -1.303476003783343024e-02 1.615862935492404923e-02 6.900374103911087985e-03 3.292072165841891055e-03 1.479460730367432048e-03 -2.850058421909338561e-03 -2.214090450952289554e-03 -9.439637865563135777e-03 -1.741554334373668919e-03 -4.581569468496817475e-03 3.777648278554705547e-03 -1.883361713276410438e-03 8.330294396941609596e-04 2.909103821270921618e-03 5.022502849998274760e-03 -1.345582015731128917e-04 -5.443999933153709399e-03 6.031570509000620502e-04 -2.324966400844270895e-04 -5.959727698916373294e-03 -2.049058274806065359e-03 -1.002255491567717377e-03 1.084101150582081384e-03 -9.708207591022571326e-04 3.839563235789061283e-03 -2.092969739648658373e-03 -2.618862278000342811e-04 -3.153210541606588937e-04 -9.043293117432639559e-04 -3.488545598079725949e-03 -3.060475870849319307e-04 -1.104953617333749106e-03 -1.162547358619302326e-03 -4.298505964514362683e-03 1.320144351427871921e-03 -1.561760234674997895e-03 2.664657733434658022e-03 -3.670274067209129600e-03 -5.165869625867886830e-04 -5.044209315655495685e-03 -2.838632853508210726e-04 3.992591009579281140e-03 1.505892907053806625e-03 4.435403845133652928e-04 -2.296980271066424806e-05 -3.342170599933735713e-03 -3.222872265496332708e-03 3.554451924855755052e-03 -3.128734172393742713e-03 2.534116306432425869e-04 2.458071651839967894e-03 6.507966513757028684e-04 3.594936020810338552e-04 -2.481662635122640174e-03 -2.049834432409605896e-03 -2.781704100190165703e-05 2.197089133671923517e-03 1.118423595818412520e-03 2.244665706684149855e-03 -3.507385550549162265e-03 -7.125717199894678446e-04 8.477471100352183906e-04 -2.586898069803730306e-03 2.035697626062480010e-03 -1.835638353034347746e-03 7.366395050090384451e-05 -5.076002891747691508e-05 2.114284225373554583e-03 -9.453528915090598237e-04 9.997342906751488880e-05 1.467242421059770062e-03 -4.201760608222999114e-04 -1.031389537057476142e-03 9.801797221334968208e-05 1.031928501634489552e-04 9.480548760801273209e-04 -3.090233599174419237e-03 -8.847838173579448788e-04 1.455400966632740137e-03 1.399120688526134281e-04 -4.738242501574407373e-04 -1.140899009793230369e-03 1.059918579936013598e-04 -4.601921501260495054e-04 -1.513884587262651928e-04 1.140315919956059500e-03 5.368866679020086385e-04 8.245917411843954950e-04 -3.758075342103674318e-04 -9.217616632847561121e-04 4.078694178485551077e-05 2.138387396786576959e-03 3.359988830007933861e-03
-1.089234253679964154e-01 -8.897117852918413894e-02 -7.763197536647174074e-03 6.674628897748429573e-03 -1.565809471817367418e-02 3.339401951398546231e-02 -9.367680301500707837e-03 -1.796471101900437226e-02 6.954193474065990463e-03 5.607297771744440724e-03 -1.666062700480120881e-02 -1.274291226947348900e-02 2.727492607331089263e-03 1.652679992518133432e-03 3.141068813579245538e-03 -3.659551758631414669e-03 -1.082618463355021704e-03 -2.565401595330249213e-03 1.670134052329826221e-04 -4.578611148074904560e-03 4.740090945621212707e-04 -2.000147478174374904e-04 5.073848928521346342e-03 3.430696331744609220e-03 9.691628849998817300e-04 -4.508201811889786802e-05 1.728709368443296691e-04 -7.111761581419265753e-06 -5.031729680493995114e-04 3.339282864284008785e-03 -2.562742098447540282e-03 -1.658196780400133965e-04 -1.511946162122669362e-03 -6.034917307489810192e-04 8.223776512682833386e-04 7.593203112094121070e-03 -3.114537196978332204e-03 1.152882102455762879e-03 -1.315645139725034329e-03 -3.448046676450555043e-03 2.386914890419031873e-03 -1.785066785719740656e-03 7.939693916397782799e-04 -2.726108463259163759e-03 -1.755361544727704771e-03 -1.419457358832309081e-04 7.179349615362946380e-04 9.432927519418337573e-04 -3.111492046983713785e-03 2.675222517862818920e-04 8.591609131526823555e-04 2.162968871541998649e-03 4.105844280129248777e-04 -5.901753189352759417e-04 -1.353149842123170998e-04 -1.994840777202644150e-03 -2.415290408177379975e-03 -1.220665691590419599e-03 -1.207398983475757554e-04 7.737319018636853443e-04 -6.724495715750172277e-04 -1.948956953161369880e-03 5.342375933521880359e-04 -7.137628970787368706e-04 -3.066894705465184339e-04 -9.507776682716496952e-04 -1.831307256985974935e-03 -2.196775416899465674e-03 2.657818893011517324e-03 1.256805592463223391e-03 8.531817539737530627e-05 1.343010559750360596e-03 -1.880577975062356841e-03 8.638346296352814773e-04 1.176052798467570187e-03 -9.031322414327058170e-04 -3.480521762688787001e-03 9.211978604164658413e-04 -1.671749346745160026e-04 3.062827490134778854e-03 -6.034528738564516994e-04 1.605558423030938606e-03 -1.135937430041971709e-03 -7.156824323605250233e-04 3.148615837112410647e-04 -2.427785787468478458e-03 -4.306494416342297456e-05 1.214209851991956534e-03 5.997099608587219341e-04 6.334654132826729976e-05 -3.703364178387479489e-04 1.210818668705988159e-03 7.219877435761574589e-04 2.257154748447949381e-03 1.948676306675014690e-03 2.840957140480990413e-03 3.770464042876309554e-03 -8.569211491196823856e-04 -2.171475515651583466e-03 7.465296923816794501e-05
-1.010896458431781164e-01 -1.042129495033939507e-01 -2.042711356182936103e-02 9.500661998076078904e-03 -6.459472046094670572e-03 3.009303755703440775e-02 -1.190643675018267754e-02 -2.090593216193235154e-02 4.451263328803970604e-03 1.969803807974390523e-03 -1.206947647288332016e-02 -7.326768778257806286e-03 1.064240717313486104e-03 -1.708998624086087480e-03 5.821550820517361509e-03 3.961893998754464734e-03 -2.026167896956587722e-03 1.775547620661468984e-03 -2.314188150085895977e-03 -2.909274546704185716e-03 2.118846015163072371e-03 -9.913224076467858949e-04 4.699956583153362330e-03 2.083678739238825801e-03 1.212077977198585928e-03 1.128070159119668077e-03 1.067979801091535733e-04 -3.798398080514521729e-04 8.539333686108812368e-05 4.303133857163887396e-03 -4.162502602106184571e-03 -9.627202326696554860e-04 7.100717986659138385e-04 -7.885642189616797956e-04 9.737808085155595606e-04 5.528683109889128561e-03 -4.614554844696010065e-03 6.714284341749946318e-04 -1.401184370431860513e-03 -1.112716500681213642e-03 1.251290477435256865e-03 4.377329426880218572e-04 2.949927731271160137e-03 -3.015879390142597438e-03 -3.162593586934998868e-03 -9.621087290370290267e-04 4.615476704706912049e-04 4.383035030438844014e-04 -3.430895595762226222e-03 4.437368271095380214e-03 1.873933535634418482e-03 1.618559749279386249e-03 1.869889492314541577e-03 -8.112782463592113722e-04 -1.607411012004117640e-04 -2.606204479506929808e-03 -2.294993148836891976e-03 6.150695213330887754e-04 -1.600223782794886999e-05 1.007751600299899939e-03 -1.290139565092816984e-03 -2.554470870585250682e-03 1.795816281012847316e-03 -3.003537548554787232e-03 9.196238767613347043e-04 -1.459438126077356856e-03 -8.898930527522242459e-04 5.680287401555722928e-04 7.120396103797552341e-04 9.383442822955974068e-04 1.122577091762448371e-03 -3.595305830868545109e-04 -6.160346092762302751e-04 3.590062348219722789e-03 -8.098348781307141114e-05 -6.201926658129039297e-04 -7.627911887997096396e-05 1.046272500548219193e-03 -2.304135466279861200e-03 1.049205718000699363e-03 3.608844577367183843e-04 1.383664783745860907e-03 -4.916398562820764812e-04 6.066934143060984889e-04 -5.596222236128905363e-04 -1.979312983315559618e-03 -3.051465256042576089e-04 1.398243460617207322e-03 9.783930681308465951e-04 2.909037381186256772e-03 1.069675785005459474e-03 5.859721671432867665e-04 7.403555252133788885e-07 8.050164124836150592e-04 -7.926793188297688109e-04 8.145396033174282175e-04 3.910698287878297368e-03 -2.267120545330073705e-03 7.432674551660545161e-04 -4.600158024496891411e-04
-3.368106729201797434e-02 -3.972876305556977822e-02 -3.903897779383516675e-02 9.186904770841058596e-03 4.743902731860206307e-02 2.913971407838612457e-02 1.356290283993834625e-02 -6.340979375128595781e-03 -1.365372793577144216e-04 1.437476479470399125e-04 1.139577818626158305e-03 1.245089295566734070e-03 -6.548422691122581830e-03 -3.373755135949934019e-03 5.292104131766816807e-03 -1.020210299143634210e-02 -4.890780515430761394e-03 2.059275983424508835e-02 -1.183683193481875097e-02 1.247957472526609567e-02 -7.488366394980731922e-03 5.224228291725437241e-03 -9.187614386664287591e-03 1.233560234949362781e-03 -1.586317666464753025e-03 -3.390062173288868174e-03 -2.830416056059742013e-03 -3.054983597320523603e-03 -4.156827545453409094e-03 4.804672021586809880e-03 -3.033463086673708706e-03 1.837785638923085862e-03 -6.619539288724057054e-04 -1.772823643247559144e-03 1.179743169865879286e-02 -2.897110941670207138e-03 -1.940817111986390710e-04 3.488620707601642213e-03 1.496367716342392488e-03 -3.465827218775101976e-04 2.461314744817685645e-04 -6.692733389673020603e-03 -4.719420275701342177e-03 8.626476923252966158e-04 5.097627896988021594e-03 9.376442040234184497e-04 7.583276692573144573e-03 1.762798812614650365e-03 2.382799024217788914e-03 -5.786132668847434289e-03 8.668257931778601934e-04 1.429882164964831667e-03 1.573711136453990892e-03 7.388897444106273847e-04 -3.929488566663932869e-03 -3.221729057961429925e-03 -3.839909975626279708e-03 2.347859039396832902e-03 2.861704550310635673e-03 -2.045816711759451505e-03 -5.434922290631676728e-03 1.228345799267499235e-03 -8.224860623033758769e-04 3.217462509717100051e-03 2.716020158014924041e-03 2.255373619073597260e-03 9.525050565891785221e-04 5.990167541697165440e-04 -1.375555915102905872e-03 -1.737511642512387655e-03 6.245836494366926355e-04 -2.606904523679634477e-05 -1.500603812925478328e-03 -7.722693642560331207e-04 -4.270020087458708050e-03 1.512593026515116068e-03 4.515086853201340168e-04 -3.538793332869611037e-04 -1.620625915100234191e-03 1.579963606954419000e-03 -5.205166810170003353e-04 -5.463830892876597343e-04 1.035203177419096316e-04 4.112571697530200028e-03 -1.798014014024297363e-04 -7.166163711685099875e-04 -5.525453289604811995e-05 1.299760607673186303e-04 1.828555931032518813e-03 -5.763842181192280721e-04 -1.629809391448040128e-04 6.039906492799916376e-04 -9.528373464963851847e-04 -6.077563217256028508e-04 -3.142502431021750226e-04 6.129771358504170257e-05 1.175920670446679948e-03 4.110952232256420659e-04 -9.612126596478370302e-04 -9.605892482232567561e-05
4.605703671630811957e-02 -5.078601017471829487e-02 2.811722746569311066e-02 4.011092415536045286e-02 -1.091977282212843771e-02 5.933664805546490228e-02 -1.744123930327554431e-02 -1.511940646889410557e-03 -2.928450076126776734e-03 -4.338832377366651748e-03 6.138419161502016615e-03 6.584887272711121252e-03 -1.044076590324285883e-03 -1.461243432692176667e-03 6.238278280221901985e-03 -1.003637702246358001e-03 -3.902963174609186555e-04 5.434298082014558939e-03 -6.350732588489581276e-03 -5.780351800136187754e-03 6.898280350111509786e-03 -4.343778499849932674e-03 2.234955677297285805e-03 -3.836043875681289118e-03 5.494842610173499182e-04 2.173151706125449681e-03 -4.710368378259247209e-03 2.297227494905657464e-03 2.061907789453979161e-03 6.982166975903521776e-03 8.762978730437678485e-03 2.447660369718183959e-04 1.684477834309788770e-03 -2.873775896059117818e-03 -1.045734320330043640e-02 -4.309991489479732783e-03 -3.412198614787475236e-03 -1.936247324259546829e-03 2.555623157034881115e-03 6.817482719246912605e-03 -1.430404212896879300e-03 -1.409918370455737723e-03 1.326328159310089308e-03 -4.262577987575352258e-03 -2.636651867349973800e-03 -2.098549619714968912e-03 -2.703274631175773407e-03 -9.845024095812401270e-05 1.958755199488339434e-03 -3.333353925194805587e-03 2.021102100197950946e-03 -2.077535104305666680e-03 -4.187649454844195613e-04 -7.700940367221086741e-04 1.154992930020644131e-03 9.002008923156932119e-04 6.843163107725645442e-03 4.649579608554777789e-03 -1.977830003322187877e-03 2.018314319268162528e-04 6.795605039241137601e-04 -1.850204549369831189e-04 -4.166236448472550140e-03 6.627798224338819939e-03 -1.371362008689903499e-03 -1.710834706013870032e-03 -3.460644475525075613e-03 -2.824003534527825925e-03 -3.195027719092885521e-03 1.015102309389116038e-03 -1.490961760574397799e-03 2.061430999803995183e-03 6.084101285608542069e-05 -7.724594919992860097e-04 -2.985235641131117959e-03 2.029268036159989803e-03 -5.473967011819416261e-04 -1.957463243207173149e-03 -2.520461465547069527e-03 -1.783591103521753622e-03 -1.105149698494162832e-03 -2.108751127213918074e-03 -2.966571355359529875e-03 2.592570502686511978e-03 -8.408479306337594621e-05 -3.974254978492285551e-05 6.893550247760632564e-04 4.545149235314164269e-04 2.356051328706773671e-03 4.407400213028890980e-04 1.346529246345202655e-03 4.418819953159943705e-04 -1.264894894940793912e-03 -5.149750320715972040e-04 -2.726433431195764753e-03 8.120179720384686521e-05 1.958348275859619816e-03 -1.893086661412961063e-03 -1.555190451494450031e-03 1.842275970856618395e-03
2.454530212017161719e-02 -4.708734600236443718e-02 -2.208858286194559373e-02 9.720508154151222269e-03 1.009163743010354185e-02 4.540852889027336553e-02 -9.421670297772716252e-04 -1.262611614205589108e-02 -5.533795312293530652e-03 2.835873998599315908e-04 1.315162255186775805e-02 8.010954069741997585e-03 -5.101544452913367791e-03 -7.850758730635780391e-03 2.044001440771525679e-02 4.795287633566422056e-03 -6.859483720257557142e-03 2.331597753162990491e-02 -1.907084499873443542e-02 4.461587004441738141e-03 -3.619783435345851931e-03 -1.120474947053492001e-02 -6.622436557618665426e-03 -3.883134840619381287e-03 3.306846558617775305e-03 -8.470331042809916416e-03 1.343904475146238779e-02 9.261182257689281553e-04 1.241687346480728222e-03 -8.662839200943887267e-04 -3.872971878211786071e-03 -7.548432446370704173e-03 -9.533956409410987431e-03 2.742667868146499415e-03 1.414964386268383273e-03 -3.965007226414796844e-04 3.304103359680176776e-03 2.088746665016509574e-03 9.366275011033494509e-04 -1.079111675651290994e-03 2.713372469428511607e-03 7.383344684804355601e-03 5.090401456903310799e-03 -1.212056719930855583e-03 -2.608019727696422266e-03 -1.880079998458739727e-03 -1.835524315359231837e-03 -1.943880566085067537e-03 -1.906345405088480816e-03 4.287540448930013230e-03 -1.959059833782480532e-03 3.163209872582419240e-03 -2.429312571900890672e-03 1.289240650705894206e-03 2.411423658059731051e-03 7.927146766245137151e-04 2.510634773683399334e-03 -1.124110850012683066e-03 -3.518280618773617779e-03 2.161446584715125141e-04 5.502991422169654966e-04 -7.826204835877029068e-04 1.828304617322376049e-04 -1.866254072053042919e-03 -1.961190137391790028e-03 -2.595032461753812424e-03 -3.055945647387574418e-05 2.082273846560775844e-03 7.519367222662705873e-04 -1.665817531341849092e-04 9.868424466796987989e-04 6.106648012464083262e-04 1.132672971029633586e-03 6.728748411091771625e-05 1.652729903864583573e-03 1.248590350854667311e-03 6.401172132724218013e-04 2.146505024858488472e-03 1.055929903851564929e-03 -1.740775052798203704e-03 6.055055038325990110e-04 5.256658226411892480e-04 -4.812816898700312336e-04 -2.707130534570303688e-03 2.465660681492004591e-04 3.378389965926947890e-04 1.138621844962832592e-03 -3.360604715718586068e-05 -9.091200263413168467e-04 -3.597213578833546995e-04 -5.228062168125066503e-04 -3.493798677388088979e-04 -3.854747663420234928e-04 -3.143832508690642680e-09 -3.071118166397954403e-04 -6.672014282755132225e-04 -1.624224101062334349e-03 8.384321763549429764e-04 4.940631332839263111e-04 -3.139945261324237095e-04
-1.317828183403400022e-01 -9.369440339150737762e-02 -3.917955463646948661e-02 -4.881283036258694114e-03 -4.498962923864508780e-03 -5.992430221401480461e-03 -6.462710928024762054e-03 -2.220164700453858622e-02 1.054761237146433633e-02 -3.695666940812601664e-03 -1.149884409641531088e-02 3.774749212327651324e-04 6.866266985836235771e-03 6.554723525271086322e-03 7.732393743799506960e-03 -3.131660279442212945e-04 -6.390455823301323347e-04 -4.970839932568567841e-03 1.730289606280832485e-03 1.689555678419881607e-03 -2.082328033556013480e-03 -1.596514076699098944e-04 7.519652578879922663e-04 6.008300157951781051e-04 3.393123094433066894e-03 -2.279049746147885237e-03 -5.605590667029670135e-04 -1.280567224152357679e-04 -1.525175610840620631e-03 -3.589458407858782136e-03 -1.604181966003288742e-03 -3.849204892447000148e-03 -1.151632557364235150e-03 -1.119369557131518703e-03 -3.595299234704966117e-03 -2.615851006307290828e-03 -1.273048006142503321e-03 -6.312711101339620436e-04 -1.458872752863312220e-03 1.277662103992230997e-03 -7.968394459196998523e-04 4.855969848773160173e-04 -2.632112286283279021e-03 1.377304803867016557e-03 1.253061322982026733e-03 -1.163672248099286674e-04 -1.069132101911560119e-03 -1.917087200936668607e-03 7.227587664773992308e-05 -1.748248982102690611e-03 -1.585972941527482877e-03 2.444541605977380416e-03 -2.767492692399173022e-03 -5.219189993426838134e-04 -1.652314139492023126e-04 -6.469588350319869108e-04 -9.861356815171996252e-04 -7.949023462470888347e-04 -3.719229430663620762e-03 -3.208118693113987466e-03 -1.934245615225345079e-04 -1.742223761741941001e-03 5.711005730094012708e-04 -1.032839809637747710e-03 1.897564376078159087e-03 -2.632231163237301456e-04 1.722822548558771262e-03 1.509442395602823340e-04 -1.473087956427161468e-04 1.940854636786707669e-03 -7.589908645407943914e-04 3.115713940122773456e-03 -1.724421525939025474e-03 -3.076349650962674313e-04 1.100548684912473329e-03 -1.000386776891128713e-03 -1.133564663979864896e-03 -1.303515416769730371e-03 -6.587877911057365629e-04 2.922880636247115853e-03 -1.716654157182598555e-04 6.941198440468125718e-04 6.200749248644918214e-04 1.148454128703035350e-03 -3.118096433535852180e-04 3.004806857104415493e-04 1.410808460387091672e-03 -8.391290237077603459e-04 -3.915307687925247723e-04 -3.130003590441132310e-03 -1.141242544644448676e-03 -3.206707073223146560e-04 1.743461315812513479e-03 6.598231819915599799e-04 1.351938163984937403e-03 9.292823681126222233e-04 1.216761671178283755e-03 5.577876329716479871e-04 -9.725637158557939865e-04 1.955508485873735296e-04
-1.244709255235156159e-01 -8.537454534720591293e-02 -1.977431250843974739e-02 -6.477989958361422308e-03 -1.412035941612185645e-02 4.165330284003333945e-03 -4.063598457138224707e-03 -1.683109260779592706e-02 5.182705211767381966e-04 -3.074994250387790527e-03 -1.868651445064693772e-02 -6.779789324797474981e-03 5.473165510261215547e-03 1.462276931983058637e-03 1.231738368880205305e-02 3.250611188594542799e-03 -1.407104154956618234e-03 -5.360596204525268707e-03 1.931932445186117491e-03 1.278213115137750294e-03 -2.003080317084854865e-03 9.430410572027942990e-04 4.059775520912741603e-03 2.038433224887923906e-03 2.238225910333934907e-03 -1.361534097868259468e-03 2.364531058361820433e-04 4.423572841664577190e-04 -1.744611944776492361e-03 -9.586856725483800250e-05 -5.406009555105881215e-03 -2.288604858896387678e-03 -1.095057538355835797e-03 -2.592409921139295428e-03 -1.105068064267488749e-03 3.616391824052443953e-03 -4.576224499059759060e-03 -1.213549597592306577e-04 -3.635761054379345585e-03 -2.623705043760582445e-03 6.323662010367408397e-04 -2.034458023446519739e-03 1.351469166888024124e-03 6.016494085343071854e-04 -5.002421838337358035e-05 2.636222671015064391e-03 -1.393180489327381939e-03 -2.808586539625275089e-04 -3.508689014554030889e-03 4.740117241637321118e-04 2.665587296592478086e-03 -3.737226121366648245e-03 -4.063828418125077220e-04 2.974166833492551329e-03 -1.415805515698277933e-03 -3.235059154191474891e-03 -3.717111662246337569e-03 -1.105986384359700092e-03 -3.668590527753534669e-03 -3.823720771812914865e-03 2.744423346967483023e-04 4.418962009314481715e-03 -3.336753205685905836e-03 3.243642901215405393e-03 3.383648765895707049e-03 7.079187197572026037e-04 -1.139963199658760169e-04 3.581436117127830346e-03 -4.720158594856892383e-03 3.900781653282068282e-04 -3.192228623596022555e-03 3.526105433361792930e-03 4.537754557551787471e-03 -2.361235652319798595e-03 1.575597250100885293e-03 -6.287797642478772141e-04 8.274575941901190666e-04 -2.662262925938845004e-03 -1.689301573047215623e-03 -3.467362685449414984e-03 -1.700532470691332306e-03 2.031317366743315336e-03 2.824460257631864510e-04 7.564022548637948764e-04 6.792546328620612710e-04 7.975816828762514283e-04 -4.757652391227993162e-04 -1.453506887815924102e-03 7.931736491774585241e-04 6.534885589082296223e-04 -2.579255194764541216e-03 2.418480880837034584e-03 -4.561548130506574094e-04 2.469878702977978025e-04 -2.698174175438047134e-03 -1.291075621684119800e-03 -2.643116162681700184e-03 9.059877841995600230e-04 3.496423239852570336e-03 3.065927109230479237e-03
-1.254367543655484363e-01 -8.930947566095108481e-02 -3.387457968755758914e-02 -2.065499728247699712e-03 5.627280853267645037e-04 -1.331731241808746351e-02 -5.744445115493286742e-03 -2.419880492781719891e-02 7.230968787291651954e-03 2.291406526827975947e-03 -1.019434966766425733e-02 8.133372446416160806e-03 5.398766109782298858e-03 7.649711723241015698e-03 1.340869628483520523e-02 -1.879525053199061421e-03 -6.790252551117554897e-04 -5.781492429508393316e-03 3.116915616007335469e-03 3.838902216160191248e-03 -4.822003583476247514e-04 -5.898006272728702811e-04 1.442987916144665731e-03 -1.834777062536715987e-04 -5.130611139780504211e-03 -2.532971936692965127e-03 2.955366234722462456e-03 -1.574319850126493529e-03 -4.787876340118875709e-03 -2.959217351433460121e-03 -1.198045410366645408e-03 -5.632654623038013501e-03 -8.194863789557800798e-04 -9.554818452628683744e-04 -5.344584939598385522e-04 -6.809552222964068181e-03 -3.662974896808153611e-03 -1.396011996224681695e-03 -2.850319083855076558e-03 1.682849313798335557e-03 -2.792293284595504985e-04 -1.755376997980142000e-03 1.023329753823436303e-03 -3.596786418447390273e-04 -8.044533840045250950e-05 -7.983447710413464236e-04 1.082954802435668598e-03 2.961549209009137207e-03 7.403052172404215280e-04 -8.384296595866559286e-04 1.218356520762563363e-03 -2.141001353341569994e-03 -2.694992531370254442e-03 -3.824483619886554029e-03 1.693326114019190129e-03 -1.571810947639997163e-03 -1.777753758851124272e-03 4.408600453522596037e-04 -1.760827862170249872e-03 -6.056029799883112645e-05 1.232280745699402766e-04 3.047536862663379961e-03 2.458931721544253303e-03 -8.043516758077632906e-04 -2.519608924700313286e-04 5.887130229704010120e-04 7.126054918939213724e-04 -2.120884143768683120e-03 -3.275339897932832197e-04 9.943295964254262860e-05 -1.360063895649842166e-03 -8.864053526630947394e-04 -4.300959871244086565e-04 -2.111952612959838976e-03 -6.017647975253460771e-04 -2.842650091231233023e-03 -9.304077639209387251e-04 1.498937741035369451e-03 -6.492319092868849685e-05 6.132299709876565643e-04 6.391379090636686508e-04 -1.311967949052686520e-03 -4.772538624073568644e-04 5.729019983757113223e-04 -6.881634518787841650e-04 1.749113757291576076e-03 -1.431997686327862989e-03 4.011159712571464760e-03 4.798555853011329786e-04 1.844757495728485317e-04 1.465514825161428562e-03 1.718260501096922519e-03 5.399002132360462836e-04 2.867523844169862887e-04 -3.341699764282824586e-05 -5.274895307619773552e-04 -1.195823227747515690e-04 1.013197938327662717e-03 -5.347034054853811455e-04 -9.418814285949634376e-04
-1.242008806114995451e-01 -6.225378284232697956e-02 4.481195569794783895e-02 -2.392435655937636893e-02 -1.684073280039483783e-02 -6.226565512699466093e-03 2.208365887864707430e-02 -1.773112919941628382e-02 -7.300721664000883390e-03 -9.357949382874166137e-04 -1.495467967687269008e-02 5.190605906393122929e-03 2.773494722344141579e-03 -1.798116961613197701e-04 2.844599584814757557e-03 -1.672366332986882642e-03 2.143883170921516163e-03 -2.163356116368258305e-03 -1.845666715286224278e-03 9.158546363675064070e-03 6.153839439964979953e-04 -7.623003925332678694e-04 -2.044780924217285117e-03 -5.135731999340604342e-03 -1.123478458993850022e-02 6.344885510893747641e-04 3.859045917365873987e-03 -3.096170901697383945e-03 1.113548765030510958e-03 -2.938227089762540135e-03 4.251525062744976671e-03 -1.201665520615230161e-03 2.489287228494301354e-03 2.577694452110384452e-03 -2.714111131773918554e-03 1.527807587201074173e-03 -1.027865798824408082e-03 -3.149696103719500442e-03 4.065307293584205332e-03 -2.085187593851517938e-03 -3.763162951984932308e-03 -2.577770438755698501e-03 1.288578500932884225e-03 -3.270212113561114277e-03 -2.185896326867471998e-03 9.915589792473644259e-04 8.067720457580502148e-04 1.327077701565095805e-03 -3.731870390696122135e-03 -1.090577882615339014e-03 -3.560653713606136417e-03 1.338314083281669925e-03 -3.733103964010187417e-04 -1.235958721580786334e-03 2.497556241834746841e-03 -2.483881525835729951e-04 -1.596756990624318209e-03 -8.429555314816481295e-04 6.084079642429484442e-04 1.254535768100850483e-03 1.134360697950941022e-03 2.937738300445808057e-03 -6.406042875595582180e-04 2.101536721864561872e-04 7.917165738878033073e-04 -9.182557968800928740e-05 8.576932963653430492e-04 -2.175041444773804275e-04 -1.544882366191845970e-03 -2.020505077471465138e-03 -1.417024926998132137e-03 2.781434633966606805e-04 4.704045416756750218e-04 4.288968947372790125e-04 -2.269403458014648475e-03 1.853985013227461712e-03 2.538728958754792216e-03 2.972751968158655824e-04 3.882873119181752368e-03 -7.704109184757257237e-04 -1.055875280823262820e-03 -6.356436020883629709e-04 -1.104574778817720912e-03 -1.518393101373840301e-04 9.796143763222925176e-04 3.407659178716713902e-04 9.848143299777374973e-04 2.916745478497907197e-04 -8.741273547115188799e-04 5.523440284646273252e-04 1.309038217665271439e-03 -2.062344682080774483e-03 -2.260674499345254225e-03 -2.277223614926460974e-03 1.816475309813600893e-03 6.371724934576231559e-04 4.843525771942596867e-04 -3.632371105715909783e-04 -8.695993937367183391e-04 3.494803830645457088e-05
-9.141884152759691129e-02 -1.367771609590452339e-02 1.071931310794428521e-01 -2.159563834586703326e-02 4.540593729157104373e-03 -5.792688557280114246e-03 1.978032343498845394e-02 -1.017826991354247798e-02 -3.710333091222154517e-04 1.532141046292864739e-02 2.180010174839899090e-03 4.653271017859530317e-03 -4.309018305602665098e-03 6.344665437092138075e-04 -2.465738179770133546e-03 9.027351240576270142e-04 7.080013275345598336e-03 1.066500145013879550e-03 6.014565798407497379e-04 4.275247949481792049e-03 4.105095339032468343e-03 -5.418101811883466526e-04 -2.991902816838744057e-03 -1.995332721929582356e-03 -2.682355708718395151e-03 -2.533872783670686017e-03 1.468795912765167222e-03 -2.498227230748734790e-03 1.499687285591279123e-03 -1.887666111069642499e-03 8.561041087015802903e-04 9.722671799610600176e-04 1.533477182065939685e-03 -2.582379574881121537e-04 5.359949420648613735e-04 1.807801047965745030e-03 1.860680311931191787e-03 -1.439394341986442076e-03 -3.808916718600935999e-03 1.903847632296643390e-03 1.793417129387131709e-03 1.002822331437183689e-03 2.523739306807423429e-04 -2.377403607245928609e-03 -7.658944399160140266e-04 -3.062298673927930145e-03 6.650419477733137200e-04 4.200604589493518704e-04 2.024760090874893996e-03 1.230716800930107364e-03 3.211707664150369960e-03 -7.046212541368683437e-04 -1.151079782958362805e-03 -6.033057928500914862e-05 -1.512794513825317828e-03 -3.444919532878160822e-04 1.573515653173658817e-04 -6.421080985114690142e-04 9.121238825683086185e-04 1.297318647106822116e-03 7.566623244960505408e-04 1.148718529621641887e-04 1.767228061277819218e-03 -2.735782770900279347e-03 3.836252833046902792e-03 2.204590278126372389e-03 -7.061281775964056663e-04 1.619503497916615302e-05 4.782154851324244411e-05 2.124137159011045117e-03 1.963519032534743504e-03 2.664992174636828578e-03 2.122089276074537977e-03 3.699536233051179822e-04 2.341910592282874220e-03 -3.691341700691342514e-04 -3.595631112095453320e-03 3.112787014963387298e-04 8.854732381332596500e-04 1.141415133032991315e-03 7.014064652220415672e-04 -7.969965627801785897e-04 -7.355502514031784025e-04 2.796778887383387022e-03 1.391184846597908050e-03 3.679585648813418872e-04 -1.732224937166283198e-04 1.258475195730761353e-04 -3.541031939069972105e-04 -8.942359125152687840e-05 -2.662474441173169788e-03 -3.880494684545062953e-03 -6.158796276534054355e-04 -1.800215625240610779e-03 -4.192351833168677690e-03 4.817761384896306824e-04 2.889464211182143504e-04 -1.294877140649747975e-03 -1.094277660541789939e-03 2.278753798390651016e-03
1.310683901127782380e-01 1.002857904527894653e-02 -2.679808461078608470e-02 -3.122432573903817857e-02 3.067648206660626709e-02 1.123046963923919356e-03 8.222756699011745524e-03 1.033151422102974656e-02 -1.739494161635752462e-02 3.427907293231219257e-03 -7.259482502451270088e-03 -1.465756643440095826e-03 -7.963190613511535176e-03 1.678463027694819358e-03 9.839522345758126842e-03 -1.507024837532296505e-02 -7.073903754097524317e-03 -1.119277266088240319e-03 -4.445151516190535244e-03 3.302570905137053748e-03 -4.202783129649271220e-03 -1.023647805594669544e-02 -3.856629143980208271e-03 1.006388255448701328e-02 3.007379956087624022e-04 -5.111100330352828791e-03 -8.866806756068960557e-03 5.214951535725276428e-03 4.187879967806364817e-03 -4.083135805809661942e-03 1.364859835653068612e-03 3.068471204120144097e-03 5.923401149638118750e-03 1.874188378091620061e-02 -8.517841385363119841e-03 2.368777597444802260e-03 1.023459632729433518e-03 -3.371310042901906178e-03 -4.983597957697106715e-03 2.749113502099483053e-04 -2.409908862177379939e-03 -7.068873818573225736e-04 -3.096328629589906005e-03 -4.186755529628446472e-03 3.667830943635376397e-03 4.481014395550191737e-03 -3.952319823370574123e-03 3.763004726409599379e-04 1.270782076282616973e-03 4.129591330428275184e-03 -8.818928941392545047e-04 -9.103753884875539180e-04 1.459814766788355067e-03 -2.623488684739383459e-03 -3.532367078469426502e-03 -3.566551341693849266e-03 -4.420604556134998149e-03 1.896253687715378222e-03 9.977944147112197733e-04 9.505045043976074678e-04 5.978265673613622965e-04 -1.274311320096902411e-04 -6.606363155397547340e-04 -7.911626372666775639e-04 2.166412092948338526e-04 -1.451011670189390626e-04 -1.611788751516994968e-03 8.481934703862048291e-04 -6.026120032748034797e-04 2.084658756144939281e-03 -9.663231119663127922e-04 -3.070248954397845290e-03 -1.295480515687166042e-03 -2.352651648729275847e-04 -9.966759079475986504e-04 -6.919928308493247760e-04 -6.010310048169548039e-04 1.701187974420071379e-03 -1.353641069761817679e-03 -2.555036415410010323e-03 2.584998852136762438e-03 1.188592351310091945e-03 3.531725065827752527e-04 -1.489766754170917347e-03 -2.360950568209852982e-03 1.269724071957889586e-03 1.795426991643137103e-03 1.317317827944848021e-03 8.816872955968966543e-05 -2.402398629113163236e-04 -1.407172225048827600e-03 -1.039583984531588373e-03 -3.987288653367249049e-04 -2.478497054545325366e-04 -4.486757690769177607e-04 -8.733771220914619913e-04 1.064580058906790770e-03 1.994138886363260466e-03 -1.218749649189674466e-04 2.166784136754199431e-04
2.662308294411605894e-02 4.493067673491040609e-02 -3.780894621996357119e-02 -4.366544782186366352e-02 3.425132727429538310e-02 1.590025633789463738e-02 -1.853394858118428924e-03 3.405016940608213138e-02 -6.312203272118843689e-03 1.808619729088634760e-03 -8.835059639640065882e-03 -5.067135852655518411e-04 8.765042960620821402e-03 1.203029539292740924e-02 1.653927619014490622e-03 2.944074892538048327e-03 4.180614967992716396e-03 1.809693233985972167e-04 -3.680263042014431021e-03 2.155022676727067540e-03 3.092088376010201705e-04 -4.688683806249800343e-03 -1.944212738736113798e-03 -4.815703166666209650e-03 -6.136196328980728087e-03 -3.260607016303550309e-04 -2.214609437283410361e-04 -4.734095958909290310e-03 4.414493964289082847e-03 -2.970012526250071904e-03 -5.309948475279786112e-03 3.511675042172404584e-03 5.116835751692013455e-03 -2.661332271936392435e-03 -1.404018058235623071e-03 1.568165634007586285e-03 -2.572741403775380669e-03 3.125712437445157896e-03 -2.576133565453323036e-03 4.947502982033678658e-03 -3.671833413458511458e-04 8.367406506493067081e-03 -1.606660167192775889e-03 1.220251285379500084e-03 -1.143789920662029560e-03 4.414249787855595297e-03 -2.146474912179043178e-04 1.379680300260911286e-03 -5.255607021785910563e-03 2.392203587946936118e-04 8.907764143727159604e-04 -1.371726926604518570e-03 -2.222016042092862017e-03 1.832863502686463099e-03 7.810579956456374824e-04 -1.002727372532865555e-04 1.784136879294460887e-05 1.319414399844717973e-03 -2.511466124262365981e-03 1.530877117792448037e-04 -4.591130694994880672e-04 3.453489797737092221e-03 -1.114092678903338398e-03 -4.537235076433288549e-04 -2.679286056285353997e-04 2.028036337059230341e-03 1.076971801651241184e-03 -3.073146863599903952e-03 2.945988850832611909e-03 9.913850906275577409e-05 -7.723201787087852427e-04 1.505292950554201628e-03 -3.928027295250548570e-03 5.126869165318724032e-03 -2.323410776483777161e-03 1.834164584864568775e-03 -1.588989070853765741e-05 -3.356939417441129488e-04 -2.390812907325424400e-03 4.835956098117549329e-04 9.903601979684875482e-04 -1.676905735266635573e-03 1.946370060027245111e-03 -2.286694124889827786e-03 2.134216296552065868e-03 -2.303282117881504283e-03 -2.691531276666444573e-03 -2.319551416585868223e-03 6.160345328179072689e-03 2.284490153212838815e-03 -1.710131364971548577e-03 5.380951419088233871e-04 2.916742820476916388e-04 -6.323848046089310723e-04 5.062504554938069244e-04 -2.563784119008285373e-03 1.177965038953516006e-04 -2.557681430934621337e-03 1.593737288270984724e-05 -2.031718084026040098e-03
1.084753842001118518e-01 3.317386817924038687e-03 -4.648972492114384486e-02 -3.262452484933652669e-02 4.650715006790712147e-02 1.182017962513621546e-02 1.161273464021388320e-02 1.236763323293492249e-02 -1.437649544356580690e-02 7.213926928759240367e-03 -6.828263704446994008e-03 1.946693757435806341e-03 -5.541697963711116059e-03 3.715673073879344982e-03 6.166293306034475313e-03 -1.576945898476599063e-03 -3.140558052044345721e-03 -4.578212086717310106e-04 2.390549739862313401e-04 -2.729919133910537962e-03 6.767564451439825031e-05 -4.445351864623482349e-03 -6.177740617056511063e-03 2.042635116003709353e-03 -3.812241068848067939e-03 -8.056103711340558944e-04 -1.150869679045431367e-02 -1.767525597082954085e-03 3.325667827912910570e-03 -2.939753020317725611e-03 -6.554776354263211653e-04 -2.233294937156246086e-03 -6.721685156959906907e-04 -4.504340284754821191e-03 -1.596932858094504432e-03 4.099342770703841635e-03 9.990834242325434111e-04 -2.648328359025512151e-03 -3.273195013163911378e-03 -4.823659288884529252e-03 2.394743650502356800e-03 2.780420166810705900e-03 5.380905879919033966e-04 5.636121913038153776e-03 2.353999291720375135e-03 -1.423288207700809877e-03 -2.213270496417662440e-03 -6.155327379685882712e-04 3.771612424671885906e-03 -1.054709987640498709e-03 6.440855674062846876e-04 -1.813192320932761198e-03 -1.722371528140574995e-03 1.972017882583602076e-03 4.528211020224405352e-03 -3.970807281868442458e-03 -2.873562195340216628e-04 4.054250791811755749e-05 6.971271953499498346e-03 -2.002161360349806549e-03 1.983652749396319550e-03 -2.692105684823281608e-03 8.273954674538132629e-04 -1.263006528812067597e-04 -5.892576697689018601e-03 -2.545453121999344693e-03 1.854373018807479101e-03 1.611727877137046887e-03 -2.408526576729764666e-04 -1.295050061503852639e-03 -7.216841119446026735e-04 5.715977733505231938e-03 -1.899472821209648816e-03 6.708770595439938209e-04 -1.187791103403703892e-03 -3.515460664591838033e-04 -1.399488480479666418e-03 -5.186634802003080996e-03 1.964532644209456350e-03 -2.175648883498590338e-03 -1.614253083433868710e-03 3.780677792974086650e-04 -7.336649043061569493e-04 1.692309933865814128e-04 1.287030102251038571e-03 3.318937732618909624e-05 -2.291448514983166537e-03 1.006918661421109164e-04 -3.651039910852562666e-03 1.635393197454203555e-03 1.303884791749699114e-04 1.428035891235218896e-03 -1.727067395462548441e-03 -1.559339588589890016e-03 -1.518526122611791023e-03 1.334672797135448216e-03 -1.281640101059476665e-03 -3.140148327355860892e-03 -2.023098541220426632e-03 -2.499909600074486007e-04
-9.295117064798621986e-02 6.008714985629921845e-02 -4.483305354433701068e-02 -7.265588805627035476e-03 1.846018329501908362e-02 2.180362196185599982e-02 -1.786436014193943864e-02 1.964916874185084969e-02 -1.808486067671996090e-04 6.288598655413221369e-03 -5.830361474972993278e-03 -1.427370955323901090e-02 1.440888044040921061e-03 9.004384460543819052e-03 -2.718293469626071202e-03 3.245802073710628635e-03 1.721485829817121643e-02 6.297842317975865366e-04 -6.372672748177346698e-03 3.782574587070405663e-03 5.283633199753898354e-04 4.722312434111721607e-03 -1.256120545927998447e-03 -9.517993370331406799e-04 -4.284098192435205864e-03 -3.503708309918581593e-03 4.438072098886843529e-03 3.641909288857695607e-03 4.832163317182073896e-04 -1.092608158367255628e-03 2.363618569244641931e-03 8.294891992710315192e-04 3.883272794417325953e-05 1.310607884508271188e-03 5.657034723179913327e-04 -1.162775437315701887e-03 2.406977550462614107e-03 -1.915651982003184213e-04 -1.355977087454650039e-03 -7.842187947987331676e-04 -2.364050170585834006e-03 1.378447761605047350e-03 2.990255002307996715e-04 -1.521743494140616109e-03 -2.577214467674713606e-03 1.935293010283268200e-03 1.878186338281354322e-03 1.356828202472363772e-03 3.946522100386846456e-03 -2.181321224292041925e-03 1.410041345576280164e-03 -4.531418639942190116e-03 1.312953718931902675e-03 -8.517801468591935411e-04 4.786595046014984617e-03 -4.897341920769707809e-04 -2.944742606849043431e-03 7.092150745013143165e-04 -2.668490519349290494e-03 2.948632499762780389e-04 1.213952575459361282e-03 -2.292583359752426147e-03 2.114301622833749273e-03 5.584443147869573056e-04 -3.181278085853045216e-03 2.095698909998948162e-03 -1.944444099743875519e-03 9.867506989628973234e-04 -4.752264341107247775e-04 -3.376008708732641805e-03 -2.523956395987098523e-03 1.022445699343055119e-03 -8.490134507598041816e-04 6.568780142630004841e-05 4.989047225791830471e-03 3.202685458225491659e-03 1.147399373066576637e-04 -1.680062325852521360e-03 -1.382672543886919814e-03 1.738677881578516238e-03 -2.864617795126687873e-03 3.195504728028392399e-03 4.352930068867873182e-04 3.380143876865089603e-04 -2.810672174423171389e-03 -3.155981867705942665e-04 2.976374134264094147e-03 -1.691922522276346087e-03 5.418714096668127101e-04 7.470460102318228111e-05 2.117741789902112277e-03 -1.964187385334309217e-03 1.953264811372893480e-03 -2.466305163713411550e-03 1.162510749259107945e-03 1.756202585889877631e-04 3.087134948119870759e-04 8.719041044018507229e-04 8.530363387313213627e-04 2.351780650025034108e-04
-1.238734468265527411e-02 -2.271161589866493163e-02 -3.079249901624642183e-02 3.656448999033258540e-03 7.044692790968989926e-02 9.752726494163329804e-03 1.934096062683470993e-02 5.877278749860247349e-03 -8.789624350632057465e-03 -9.206940216749953318e-03 -3.432673087995641824e-03 5.320548179186242697e-03 -1.939783052746875402e-02 -7.237015788493360302e-03 2.247533484068634478e-03 -1.239453030465969587e-02 7.177153760146160995e-04 -4.660728090551445081e-03 5.251864042942223747e-03 -5.094362830132842523e-03 -1.868319948433027223e-03 7.673065074514272971e-03 -3.744176488985480247e-03 5.261250711479151937e-03 -1.019387844785159649e-03 1.043023927945398166e-03 -5.792646103517951625e-04 4.500140877598946335e-03 -9.481819084692038810e-03 1.787748674671661231e-03 3.182156727505941560e-03 -1.425828347090943955e-03 1.049280399825727305e-03 1.533762252819708023e-03 1.076727315177742391e-03 -1.117651804185054590e-03 5.675577876473706339e-03 -2.773626733407053360e-03 1.817202001366349491e-03 -1.301336569512924609e-03 3.841538753773697458e-04 -1.545650239431965983e-03 3.417977875309507162e-03 -4.204143144982370323e-03 1.160987577024017803e-03 2.390391019368106034e-03 2.488906714023206811e-03 1.162252205959020358e-03 -3.003280212789650148e-03 2.230307255550819550e-04 1.630017781345228199e-04 -5.168520256304584092e-06 2.863397518926395508e-03 -3.670097107694208789e-03 -3.379487400953202093e-03 9.645862765784573179e-04 3.584220090188691525e-03 -5.880136523435669157e-03 -6.424910797013749092e-03 -3.120863453595929243e-03 2.566479400692390275e-03 -2.104575795873478688e-03 5.536070455251661596e-03 3.558381895587986368e-03 -8.800117484159846099e-05 -1.592474434412252888e-03 2.777198499645002600e-04 1.228384511426323282e-03 -2.524153660519920777e-04 1.535112693512585835e-03 2.756801578574303614e-03 -5.649726014302489845e-04 4.862758879624040284e-03 2.716078362171511339e-03 1.249294588332365650e-03 2.353174066318782474e-03 -3.798739020047875448e-03 -3.482831752846428895e-03 -3.397933225807119972e-04 -7.841595234098973312e-04 -2.071009153664732372e-03 -9.482611553984459491e-05 2.210532219630861482e-04 -3.435263948339666376e-03 3.682841183200229792e-03 -2.910892314094594294e-04 -1.783403297476240500e-03 -2.441564920115436767e-03 1.693662073121521717e-03 1.370991237583401526e-03 2.343727831409687500e-03 -1.288342045114338743e-03 1.820065851686302589e-04 1.183461549610831474e-03 1.259630912566729512e-03 1.034755008016008480e-03 -8.617579968889911655e-04 -2.251397125241910192e-03 -5.608905834136104773e-04 3.924906123833443966e-04
-1.464743956516010616e-02 -4.935099569813480164e-02 -3.596535198043016718e-02 3.975267732509892016e-02 3.521790627778073612e-02 -3.786765397434091376e-03 2.364420217043202224e-02 6.353383409486252839e-03 9.692206283264434563e-03 8.640902523880191616e-03 5.005590229298378761e-03 -5.386324143313686065e-03 -5.397319238802187474e-03 -1.618316278725762114e-02 7.899418074710820277e-04 7.029623804568347310e-03 -9.308837358907787532e-03 -1.049131253342136701e-02 -1.020490376453618911e-02 5.118079256428087302e-03 3.226984632257053585e-03 8.957581164249829933e-03 1.302172179259436340e-02 -7.232556841595258121e-03 -2.701548594010503776e-03 7.035247348457507321e-03 3.267649007312600253e-03 3.067933957145674035e-03 -3.153286163130669933e-03 -1.998256031514532207e-03 -1.423374093950200737e-03 8.645300181567503947e-03 -5.173809410295648718e-03 -8.296087007641179739e-04 -9.292257977453480949e-03 -1.639249009110134046e-03 1.111528554919725617e-02 -1.418644635650568144e-03 -5.554814489705921579e-03 7.870373745485654063e-03 6.182383135441158785e-03 2.207743711770049008e-03 2.448898409817116574e-03 -2.042802664012353432e-04 -2.217295641639839988e-03 1.828921054205666927e-03 -9.759244418273982109e-04 9.323845681263121313e-03 -1.709819607713137851e-03 5.377202365363660096e-04 -3.685869535180949074e-03 4.715081547979110312e-03 -7.053254216396062865e-04 1.987516812054141273e-05 -1.256341661082967893e-03 -1.817618364114873897e-03 -4.576275876155148740e-03 -7.112825261595682102e-04 1.025537127307866401e-04 1.944270191641527630e-03 -1.764792044743375725e-03 -5.032542412785164431e-04 -1.148879606961434024e-03 5.909173500651894494e-04 -6.703231192027604137e-04 1.190527384088259279e-03 -1.158107803770594857e-04 1.444358374793305736e-03 -1.905090760172503412e-03 -1.407499383549658169e-03 5.639649682071991169e-04 -1.752740595921912917e-04 -1.930320493681312102e-03 -6.346300359576845978e-04 -1.396362441964178313e-03 -3.927239511086858285e-04 1.763830738262992925e-03 -4.181495724000935618e-04 7.315353135185793249e-04 3.047316368821083917e-04 -1.198289202684499913e-04 1.296346325192876403e-03 5.208797164173429282e-05 2.823181976984760148e-03 1.753426398291573320e-03 8.833280456403734895e-04 -4.547699087491973617e-04 -1.143465040878860386e-03 -8.982730106731686174e-04 -2.353498233577530700e-05 -1.194875151272952038e-03 9.113926398692458230e-04 -1.232632666401852536e-03 4.891729996531615299e-04 -2.771052752368975474e-04 8.806675220277139331e-04 3.778199648217614882e-04 8.289857192481827329e-05 -1.123412709501009441e-03 -1.172954744819941974e-03
-1.274081015986464893e-01 -6.517287058109909326e-02 -6.247530409922224387e-02 3.226404152964987455e-03 1.325526019393856100e-02 -1.100349261672835255e-02 -1.484131355198033131e-02 -1.109619182081840547e-03 1.716913730182999254e-02 4.927492540482446455e-03 1.501345765756338484e-02 1.094937550988272622e-03 -1.365412773180618581e-03 4.603040413968242581e-03 -1.209873041657629281e-02 -9.393159290306089815e-04 2.167215729275817366e-03 1.485059662416107155e-03 2.043842874902032473e-03 -2.247252581386481422e-03 4.325269035020867033e-04 -4.382549986859220550e-03 -4.004502177313100895e-04 -2.683167161727886591e-04 1.842315302308246980e-03 7.193825988644268711e-04 2.979251190196513088e-03 -7.615092993038549782e-04 5.525476030803475741e-03 -1.884695162295722251e-03 -3.206471043762795326e-05 -3.837376966504333579e-03 -5.494621248994488888e-05 8.440101334359140835e-04 1.197109483131047992e-03 3.918013023765838827e-03 -1.103733000987225030e-03 7.933785060955508492e-04 -3.491988455187568750e-03 9.492355961582167470e-04 -1.508325019455649795e-03 -1.240902220613331313e-03 -1.477130673575039821e-03 -3.103047107699178839e-03 -1.193367497956317755e-03 -1.211800521111108982e-03 8.003460717917386890e-06 -1.542666052069599980e-03 1.445238723628779892e-03 1.077953504453817678e-03 4.430792280212762763e-05 1.280305519243328484e-03 3.494578616564997329e-03 -1.836190006123046862e-03 -7.951426147727007416e-06 -1.124088901219980671e-03 4.631133053861137181e-04 -3.931094764100678558e-04 -1.842774552401654081e-03 4.142124774189828306e-04 -3.307009275509249172e-04 7.143827353271363714e-04 -1.537649884464119873e-03 1.555887103748556342e-03 2.212440701292744775e-03 -7.822752898927746350e-04 1.053858724935608686e-03 5.798388463768648074e-04 -2.928594111690187123e-03 -3.564746798829692212e-04 -7.944355123366552167e-04 -1.707716800122910166e-03 8.481035084733495877e-04 5.126945971984312855e-04 -4.043981945112670512e-04 -1.217185542842336805e-03 1.420220233030929655e-03 -5.661612735318921532e-04 4.703606403585762941e-04 -5.088238777847819711e-04 -1.807821076288929204e-03 1.150327945580384859e-03 -3.071362418350032574e-04 -1.555799336882197122e-03 2.008986079602731456e-03 -8.989373691448999124e-04 -8.015844987675897716e-04 4.248620395240293663e-04 -4.347682846280266416e-04 2.096333225108670123e-03 -1.138706620458236618e-03 7.217072786417544523e-04 -9.076770662093175054e-04 -1.773859461921593449e-03 8.997297358332709879e-04 -1.246173066589195905e-03 -3.725223532553171104e-04 4.747581196411569909e-04 1.346883541414505621e-04 -9.587939920564783006e-04
2.305958257328474467e-02 -3.277651886507625123e-02 -4.025007260874588488e-02 5.468680589379193435e-02 1.800121465278159416e-02 -1.154708227003064906e-02 2.051040588449259960e-02 1.710546154559014140e-02 1.544949516401987639e-02 1.050023236031642770e-02 1.006066449685076060e-02 1.249681693010608850e-03 5.228818999192141014e-03 -8.149335482700607522e-03 -1.661532434025514383e-03 5.287442191464541974e-03 -4.410298780596136337e-03 -5.357594731790634411e-03 -6.648979211648483635e-03 6.540663769824889978e-03 6.100500993006936247e-03 -3.954501951118697387e-04 2.479364764399504158e-03 1.320634386935370464e-03 -8.248578615006964959e-03 1.529244011058228684e-03 6.599990480545708284e-04 3.076230127518449903e-03 5.335306533158629388e-04 -1.905993861484279127e-04 -1.809066068226904394e-03 1.890429855025050872e-03 -4.702866012521404043e-03 2.162057992899361794e-04 -1.897760737660284707e-03 2.702891707395845694e-03 -8.972441438811792729e-04 5.674348454369794459e-03 -4.183036108470691850e-03 -2.884886204035541635e-03 -3.668965117935329198e-03 -7.700714221832363239e-03 2.617449741583340733e-03 4.769857203554239938e-04 1.788451906941579059e-03 2.936308950988032566e-03 -3.249978890561389545e-03 -8.132359266457403479e-03 -1.156801590479038331e-03 -6.288726816720590154e-04 -1.514997092598609901e-03 -3.899828668564633274e-04 -3.898886612117057949e-04 2.115695530817553443e-03 1.464049581706433276e-03 3.646093580101868875e-03 2.730255546248312650e-03 2.027432262221156700e-03 3.441252144990090793e-03 7.253367629738565478e-04 -1.066513553897159935e-04 6.249760390798151689e-03 1.619839381543660686e-03 1.156176672298878756e-03 -4.758555138864996141e-04 1.139165027213897077e-03 3.207734722300783266e-03 1.701755373250878230e-03 6.621199083734694880e-03 5.384345974904078055e-03 8.970870990797754968e-04 1.259036140907334247e-03 1.023260632081136575e-03 -1.224972870222764895e-03 -7.459388747295715716e-04 4.215482446910796994e-03 -3.088682720531762873e-03 -2.721442225703414315e-04 -2.954175418183328967e-03 -3.484246088291170144e-04 -1.350015309741898996e-03 4.978464268444431767e-03 -1.482116572961362502e-03 1.655170517888694031e-03 -6.817761423198020337e-04 -5.490038270634592247e-04 5.585178646097849371e-04 7.792635957618472813e-04 -1.812699150567770355e-03 2.926545763142104862e-04 1.430721638854632423e-03 -8.417279618967856520e-04 2.500508821439248897e-03 -2.745239152737364002e-04 -3.605210942264435825e-04 1.204948948567984967e-03 1.693360197886941137e-04 3.091858717685914124e-04 1.590541601078360049e-04 7.732864194426557203e-04
1.021588971054117854e-02 5.210772177975148828e-02 -4.020159665852695435e-02 -3.009573725469124467e-02 5.004340973390485059e-02 2.334149743675049959e-02 7.869719699050923764e-03 2.297946845435979227e-02 -5.839042366420398381e-03 -1.336839505340194859e-03 -1.175400579701748986e-02 -3.567848151132272261e-03 2.869197542308988495e-03 2.126183012904384051e-02 -1.351455314106815749e-03 -2.446205176636548611e-03 1.185014672119768337e-03 -1.654972066839793896e-03 -1.093701138201017562e-03 6.491986806191517127e-03 -1.133998076673586311e-03 -4.983105624420220217e-03 6.273196210002689914e-04 -5.477689213259184613e-03 2.022084447831940315e-03 -7.338529493309265935e-04 -3.907309071850652467e-03 1.503417053203343805e-03 -2.931861856771230041e-04 -3.017686488060862017e-03 -2.400883520835059466e-03 4.766069306808451422e-03 2.290192603918482853e-03 -5.423783790255551698e-03 4.103784937620214186e-03 4.079288143320796561e-03 -2.746664980791787853e-03 5.595761818414360031e-03 -5.595621136018873306e-04 7.408010310874728332e-03 -2.152499530467814632e-03 7.322701662383825777e-04 1.831380299418533661e-03 -1.889471158328880811e-03 2.817331283251905179e-03 1.638610076009853773e-03 2.267785164260486316e-03 2.535443160944293121e-03 -7.936303750532904292e-04 5.317540837979625734e-03 1.228856107240192488e-04 -5.891872164309815574e-04 -3.772714301134818832e-03 -8.584886869987967423e-04 -2.291170176769478754e-03 3.587335970949860967e-03 4.791536002775835870e-03 -1.319211970432237211e-03 -2.926591513231035450e-03 9.508403857435702208e-04 -2.527274947788697712e-03 1.575017134235786286e-03 -4.705158807106525794e-03 5.052611179524041721e-03 9.734655936494381653e-04 -9.898563865145739316e-04 9.399115558882818917e-04 1.316138637371477328e-03 3.607626242259952178e-03 1.590095109449141510e-03 1.353041651376260361e-03 -1.340301518239726646e-03 3.949743876449359620e-03 -9.151243454042382128e-04 1.273145962672865301e-03 -4.721908761652419441e-03 1.884481957391398281e-03 -4.275426132029451747e-04 4.158014566913525480e-03 1.576641317728744293e-03 1.392582832258588716e-03 -5.287244557267714801e-04 1.218238435927395161e-04 -5.129814343538938084e-04 1.106926605967961837e-03 9.023385998633193152e-04 3.218321058596681442e-03 1.647139327169664562e-03 -2.038229623680671686e-03 -2.676361068961736426e-03 2.777376796203124935e-03 -3.037400417337772301e-04 5.400080789170180187e-04 1.885787134568917304e-03 -1.183601477413895363e-03 2.837172686739813671e-03 1.492606044100740258e-03 5.040753092897963441e-04 1.054272624887740923e-03 4.302797125314913743e-04
-5.520554790736491996e-02 5.528735910341512488e-02 3.737814963981331718e-03 -3.148213693753214304e-02 4.867751415195083892e-02 1.819204569850278383e-02 1.344663988549761949e-02 1.781447715922635650e-02 -1.415368229471024612e-03 -1.561026751653332538e-02 -1.097130984196723058e-02 6.154648089978676830e-03 -4.210572556393482602e-03 2.049101407387203186e-02 -1.937813431349207907e-03 1.241115293407353548e-02 8.687212031402899957e-04 1.691373967270663661e-03 7.163916172216931028e-03 1.392014759031832624e-03 9.241053256799525162e-03 -4.302971122897716362e-03 7.462024945583676724e-03 7.525629834025048502e-04 3.971563836103339344e-03 3.688067739553911335e-03 3.589565032547413406e-03 1.012486656199308374e-03 2.505719340667199096e-04 3.570302286305166231e-03 1.703639552684682156e-03 -3.720138911289941081e-03 -5.750185893140067651e-03 -1.172673401383946858e-03 -1.262558255358965089e-03 -4.692083431051295890e-03 1.999465693469296493e-03 -1.174633379287351974e-03 5.556569110411778596e-03 -6.081690143776067280e-03 2.457919365157878143e-03 -2.561326380049493666e-03 2.351300206751277735e-03 2.247523344791689959e-03 2.003596970936791916e-04 1.986688790630422152e-03 8.687080674841609913e-04 -3.370791247253649998e-03 1.835271264929439362e-03 -2.002080112766300470e-03 -2.862277167681922477e-03 1.399536522120072924e-03 1.847039586154064711e-03 -4.068964427249123559e-05 -1.111002223976788545e-03 -8.665297664578736200e-04 -5.575406058071878668e-03 3.016584449404126431e-03 -1.726377265964484454e-03 2.049811711439309715e-03 -7.465681184552141417e-04 1.472594024983927500e-03 7.706071610248220330e-04 1.014244497672933546e-03 7.983385662601433751e-04 2.521866313892537174e-03 3.013501903711496505e-04 5.904976488477069489e-04 -2.404350058716224134e-03 2.643056283790479796e-03 -5.354544190377593391e-04 -2.556694621850219735e-03 -1.824052247802710261e-03 -1.768589228101307255e-03 2.486366242098816525e-03 3.295335106779185685e-03 8.467717662532287968e-04 1.993687328348097473e-03 2.247375442231910010e-05 -3.087500710149043703e-03 3.322471491341290589e-03 -9.657208219706074539e-04 1.663843431392476998e-03 -1.250857234742229094e-03 1.852458457977382332e-03 -2.345553808913923913e-03 -3.808020355160392375e-04 1.675897325341919398e-03 5.716381560960746150e-04 1.567050126915514076e-03 -2.665791225558486206e-03 -1.808032427045342446e-03 2.267149181147483719e-03 9.758584315986125555e-04 3.083372838524455080e-04 4.707187469692563210e-04 3.183369673099937461e-03 -1.753885893600028341e-03 -5.314927827301946239e-04 1.544162712501220098e-03
1.347077675126983065e-01 -1.490414852528985055e-02 -2.955110679958125597e-02 4.132671190678059020e-02 9.599831525134000162e-03 -1.715917321256380662e-02 3.830344916615849998e-02 1.149953670343719855e-02 1.343652767798653863e-02 1.170795868277579692e-02 -1.218215305483955112e-03 -5.943849682165908144e-03 2.499214290628385543e-03 -1.209340843143106616e-02 -1.846526830916971323e-03 1.147153219819599043e-02 -4.866188744980639268e-03 -3.656229778060505337e-03 -4.172687443971271649e-03 5.079376833145653192e-03 -2.764142927806514591e-03 -3.939012369694815108e-03 7.097438970620245820e-03 2.304354666822323264e-03 -7.234767806780998366e-03 -3.112200836839039333e-03 -6.858143320650753050e-03 6.858226475166285044e-03 1.072762587487474358e-03 2.193891114752358716e-04 2.895596953662578441e-04 -4.895593614561710716e-03 -3.206219322979973231e-03 -5.173310539469752752e-05 -5.587961336226571771e-04 1.878523622597547951e-03 -3.002665604760573499e-03 6.600706713555374748e-04 5.985466565229176014e-03 -8.073919260488493337e-04 4.899149824431612600e-03 1.452730327987534651e-03 -3.038996419053031396e-03 -4.535191261306788756e-03 2.057011225775581310e-04 2.315609413275041231e-05 -7.491762474015442900e-04 -2.378149072697453500e-03 4.268203936151604406e-04 -5.884510894917956494e-03 3.196026672592553516e-03 -3.644170885968191567e-03 4.145257833719522196e-04 -5.822511662920477893e-03 -2.672883807196244337e-03 3.002880976539053486e-03 2.011690284070114226e-03 -4.205225313338748112e-03 3.417310158036386287e-04 -2.087229178356261958e-03 -2.900804934401250267e-03 -9.333359506570836333e-04 7.135689224667460381e-04 -1.181800521821898837e-03 2.052231824277672874e-03 -2.192169608100050942e-04 -8.545607608547546108e-05 -7.376956972352157610e-04 2.359321575263525778e-03 -1.877887039881814607e-03 1.198422028544391445e-03 2.153612262452543700e-03 -2.132524756675993356e-03 -4.610398385559506991e-04 3.228321466731559359e-03 -3.303920297301564781e-04 3.432611958488277371e-03 1.444703100601694816e-03 5.778503335184201079e-04 -1.595215428677315304e-03 -2.354340503666155129e-03 -1.149001781197260931e-03 8.884922609669572354e-06 -8.657780613471075058e-04 8.186441036585744447e-04 -1.109380491111925087e-03 -8.761220456036482296e-05 9.630243501105076841e-04 2.538863292485047177e-03 -4.324098130473165110e-04 7.436866738790126174e-04 1.483788297648565725e-03 5.541385298150864691e-04 -1.154968794289405222e-03 -1.672953205017069537e-03 -1.583759707517712074e-03 2.787117908197915507e-04 5.431114068848346202e-04 8.323242354456043737e-04 2.969105154014984116e-05
1.235265758618567661e-01 -1.596154680765674017e-02 -6.817207842331430775e-03 7.053525897728782357e-02 -6.026839600540991916e-03 -1.281994343618154779e-02 2.978519784809879889e-02 2.448251293463825709e-02 1.542577903743037535e-02 4.434521561212293080e-03 -2.411932665338325545e-03 -3.475412490451367659e-03 4.071368474060021829e-03 -2.416765474228387001e-03 1.487434264848197345e-03 8.510529815851097801e-03 -2.193207386122513272e-03 -4.583595775659430119e-03 -1.260798028920046519e-03 5.246918735562411049e-03 2.158727406360080175e-03 1.677092896159329072e-03 2.018977966705062712e-03 3.164808572130982205e-03 -3.948281572100458686e-03 -2.416107608457226247e-03 1.985906219732446604e-03 -1.422171828499824804e-03 3.772162573898300321e-03 -1.209927670270348303e-03 -1.674168742473361622e-03 -5.303526909000870482e-03 7.553808456483188886e-04 4.711210249276658740e-03 4.416896020696598965e-03 1.431470918721509684e-03 4.011676873173854879e-03 -5.060194234988115401e-03 -1.548068637008208218e-03 -1.721960681745118718e-03 -1.264048697400541217e-03 -3.351218058276926245e-03 8.353639960403784221e-05 1.892395984754127259e-03 1.342358805858032741e-03 -2.209774406103016519e-03 2.654242339294622579e-03 -2.862334678404215415e-03 -3.294571825339414478e-03 7.246038054210256728e-03 4.349670759744985599e-03 9.814508064636296315e-04 -3.680516939070511018e-03 3.267825275244153234e-03 6.720014707215180580e-04 2.575949388982058490e-03 6.499653020670086287e-04 7.688199034762541531e-03 -3.048413391358154468e-03 -2.908390910941721641e-03 4.849596410609276253e-04 -1.665332570112520397e-03 5.819870961576928750e-04 3.793191095740547879e-03 -9.401484799088018511e-04 -6.555462112447774364e-04 -1.372775109161877144e-03 -3.913166268793990578e-03 -4.039447221293967355e-03 1.393486911826691396e-03 5.423236212137880295e-04 -2.861197884261062595e-03 -1.478828804554778876e-03 -2.531534314407662446e-04 -1.380017720608704094e-03 -6.136514942532186444e-04 -1.869225004451267663e-03 -4.340736029091687867e-05 8.868241718534445933e-04 1.633824120064916860e-03 -1.253531193068926734e-03 -1.184649569081956764e-03 2.110185790175285979e-03 1.357694435741937542e-04 -2.202004263165315684e-04 -6.419140716736599478e-05 -6.499076428877098880e-04 -9.756368750291285769e-04 6.498174239375583599e-04 -1.685289600983732369e-03 7.446087155374170883e-04 -2.738863105975557449e-04 8.957446687950544606e-04 -1.721074844481281733e-03 -1.416053121688432893e-04 3.403050322952630370e-04 -5.252889436243142690e-04 5.942198998087232968e-05 -8.040260710473868351e-04 4.873676939120328124e-04
1.895196156667755261e-01 -5.986232268251389169e-03 -3.190846804188546704e-03 6.088846762994309242e-02 -7.239937919496759224e-03 -1.357028445957144357e-02 2.565438445417510260e-02 9.246766961891771108e-03 1.279635737646588056e-02 -5.890639671429160132e-03 -3.410097360468018670e-03 -7.951221919600558533e-03 -9.438485598751724347e-04 1.582348436498411332e-03 1.759419928411372434e-03 6.646037831136218481e-03 5.103041592972168763e-03 -1.051222260016702707e-03 1.008124860326531586e-03 1.545654048113817642e-05 9.760776168352025984e-04 -2.112497269077473917e-03 5.919689960557438608e-04 5.313987951662780748e-04 -3.739904594529890654e-03 -2.338663652831432949e-03 -7.863907215777443714e-04 -5.890712737611181540e-03 3.360732749039837056e-03 1.580109233876381700e-03 -2.621183300032589179e-04 -4.403631601775112245e-03 8.845813981399839330e-04 2.995549014494610501e-03 3.334115972776734507e-03 1.120013806764577234e-03 2.193398181770501044e-03 -5.206683437453236973e-03 -5.952159032631305506e-06 1.471397302875170250e-04 6.131370024586544091e-04 -1.401535114807137949e-03 -1.944890990267329680e-04 3.040916287635284359e-03 1.069178075151060777e-03 -4.733697789153123634e-04 2.438363488749422151e-04 6.879370157823451676e-04 -8.516117668589318805e-04 3.921007784255202237e-03 3.213614792284949940e-03 2.332796557261901382e-03 -2.858540731378492617e-03 2.175185743566759866e-03 3.502162602500377025e-04 4.977293799414897598e-04 -2.355761232946756122e-04 3.807991745838245051e-03 -1.221253758319469336e-03 -9.700685430155624569e-04 -8.154777168633725896e-04 -2.592693056244138334e-03 7.909045403940393468e-04 2.969677681543026436e-03 -1.318101503513088770e-03 -2.842743908703798954e-04 -1.413273912166964404e-03 -9.913228236426590602e-04 -2.640402557901746963e-03 -1.941827794750390851e-04 -3.128737654289212252e-04 -6.002081388215406042e-04 1.870549181053093629e-04 3.933284813870088130e-05 -6.782824488338676369e-05 -9.416647101620278593e-04 -1.040175538559004204e-03 -3.700967764781525429e-04 -2.091485724967343017e-04 1.809720561780195618e-03 1.066866344353526027e-03 -2.759661697484335971e-03 8.560547201599158322e-04 -1.886441122399642491e-04 4.821620015761089359e-04 4.775646556051067531e-04 -7.778870630862422860e-04 -2.531434893549413872e-04 1.064646602229499164e-03 -1.179214440207206668e-03 7.665703083110741002e-04 7.611739263633872832e-05 1.151176282727579586e-04 3.212755118983760534e-04 9.820124540996760364e-04 3.948301011456990610e-04 -1.481914824688714862e-03 -7.296926398168710262e-04 -3.297114498293411222e-05 -2.767870827555873403e-04
1.143973754199718723e-01 -2.414541904441241602e-03 -4.669262676945534762e-02 2.329544016921032690e-02 4.194619090130249223e-02 4.896039589159557545e-03 4.122494107735671237e-02 6.300945236440814480e-03 5.400849355706909341e-03 5.101988678564167538e-03 -8.792322780274368756e-04 -1.109678946815132947e-02 -8.736800673516851093e-03 -8.072576511309249858e-03 2.713416772851760198e-03 -3.976293265018443490e-03 3.130538683676357264e-03 -7.448274999025471244e-03 -1.954271718469909481e-03 1.959384287189707124e-03 -1.563689966824457133e-03 2.450474070003564805e-03 3.015814698573049141e-03 -8.097261311329789768e-03 1.621878120822890096e-03 -1.345611947665745168e-03 -6.375784235066289142e-03 -5.148320361713049770e-03 1.792078416933290527e-03 -4.780171370417979002e-04 1.022570145506588321e-03 8.706267443675058887e-04 1.378238061762022309e-03 -1.124137066591747447e-02 1.592718107158750101e-03 2.764840854985020462e-03 -3.210215890249393939e-03 2.013067310575757769e-04 -1.175431172709203928e-03 4.674863453027027806e-03 -6.649417106329200784e-04 1.090249565047044043e-03 -2.625341142369857009e-03 9.472961874539680702e-04 2.510275158556778564e-03 -5.168988173867102368e-03 6.219182947650011596e-03 -2.394300299549683483e-03 -5.721430395611844071e-04 -1.357245994461452184e-03 -5.006898674319597634e-03 1.475071761512775905e-03 2.824999019227661910e-03 1.798703435543385449e-03 1.588710270642346113e-03 -3.004403998625326203e-03 -8.026713612165407548e-04 -7.169502697459655257e-04 9.570234254277181613e-05 -3.342655323992513739e-03 6.920285260519166114e-03 1.528812795092068192e-03 1.327030393642670636e-03 -4.615962843436443447e-03 -2.566257822376447929e-03 -5.808015215192939562e-03 -5.407633863562433165e-04 -3.625459378106809030e-03 -2.356407459222149489e-03 1.292107908288835007e-03 -1.672719980315330243e-03 -2.264244558378029036e-03 3.707434808858535609e-03 -2.091525181506730113e-03 1.194753218314605764e-03 7.864297135176862887e-04 2.453343355198743614e-05 4.161981568237394999e-03 -3.215092166892188967e-05 -3.313099198654684621e-03 1.727967022936960882e-03 -5.748209776379401958e-04 -2.872300394486747895e-03 -2.002136990154143852e-03 -3.897904666797067427e-03 -6.644543809177013306e-04 3.956860460140218007e-03 -6.995023871330020458e-04 1.148884604286958119e-03 7.764663622814132722e-04 -1.712781673873119657e-03 9.117373098346897534e-05 7.345184362638221363e-04 -1.024313777770095510e-03 9.676597524285363060e-04 -2.331830945103587852e-03 1.446297878036131466e-03 1.009332305328658344e-03 3.639452575543155612e-04 9.053576447060953389e-04
2.368173357667926471e-01 9.664597294440444714e-03 -2.711173254777118208e-02 -8.661886974015176608e-04 -6.692035646219096287e-03 -1.574208589750170778e-02 2.248932743790268279e-02 -1.032466298834028469e-02 -1.282929494072196277e-03 3.510995766611171940e-03 -7.370680767803311495e-03 -4.641015575932137989e-03 -8.570041557336477780e-03 -2.258830377487056670e-03 -4.217021551343619681e-03 -1.753693062685665648e-03 4.973197503857096184e-03 1.458124633665073199e-03 -1.100437566941786819e-03 -3.016466759386849175e-03 -1.814274782060877047e-03 -4.573576293678991052e-03 3.350074754583973191e-03 4.982896393757030133e-03 -3.091180214470814873e-05 -2.348212958209483243e-03 -2.134419500558616505e-03 6.904588759694711350e-04 -5.879059541735918125e-04 1.781669178646838473e-03 1.238727768175161956e-05 -1.939933673992853087e-03 -4.282910082916023455e-04 5.651192648316134479e-04 -4.175094862203767763e-04 -7.447836757554933927e-04 -1.768772886287182152e-03 1.701073663850577802e-03 -5.776330855976261319e-04 1.150898008796001279e-03 -1.815347373413838620e-03 2.049985453141316832e-03 3.310341938221886098e-03 1.939342546113709308e-03 -2.176543489088085103e-03 -6.160869464919426115e-04 1.112090359671162685e-03 6.114968312056687488e-04 1.570259574048135914e-03 -2.253167835913744838e-03 -1.042219360288571157e-03 -1.042285752035579426e-03 5.848973610724986357e-04 1.223767806030403725e-04 7.037761924683135092e-05 1.080341958116364095e-03 7.674486135969933124e-04 1.328437430663860714e-03 -9.201950273123940538e-04 1.158567682025924339e-03 2.604016117872261660e-03 -5.858867439774860433e-04 -2.207890153182380088e-03 4.579394374877077573e-05 1.615675696308526256e-03 -5.208552535930409616e-04 7.885246996152560015e-04 1.799610018889322496e-03 -1.362124044948909542e-04 2.667928566280809320e-04 6.106069340674165954e-04 1.117945082396428402e-03 2.521153651781976525e-04 -2.624385789579578932e-04 -2.519530355048655267e-03 -1.099553923359998698e-04 -4.611168858941800297e-04 4.944922537376257674e-04 6.055432714324473185e-04 1.157395368347146269e-03 1.924163928731141039e-03 1.517867947696663984e-03 9.799965052352221760e-06 2.862046886239644097e-04 -4.924256814179848660e-04 1.489895589149458363e-03 -5.093142552542237597e-04 -1.466976635697573401e-03 -2.339723995468970426e-03 5.867248834540614820e-04 -6.582357412421366424e-04 -1.086180316712418185e-03 -9.345890023479517953e-04 7.455377938896175661e-04 1.180043535633538802e-03 2.072321730443231740e-03 1.150904939614532350e-03 1.573788481688421094e-04 7.902370450061202802e-05 -5.276748537529196009e-04
7.160879593859478809e-02 -1.085142194314353114e-03 7.308978017743898714e-02 2.622639434490793217e-02 4.402149320149462836e-02 -2.667625461126463954e-02 -1.310904623989414888e-02 -9.148263263956266794e-03 -1.062559081249664014e-02 -1.090492035148471830e-02 -3.291389406882781732e-04 -1.114406655067617848e-03 1.191017374839926403e-03 -3.646090495073070589e-04 8.899313051908627628e-04 6.917096809705317951e-04 4.694065011662124261e-03 -2.470408235330859726e-03 -2.319849980126117983e-03 -7.969815245563264053e-03 2.253781586182201577e-03 1.284920128201489514e-03 -1.444515410955335031e-03 8.202199284125348544e-03 -1.140852567213186501e-03 -2.615117494359172658e-03 -2.422540960336102243e-03 1.769091292932827322e-06 4.501074259981299925e-05 -1.247884413392146789e-03 -1.533866894726672358e-03 -3.069242036373548508e-03 -7.281281189249014804e-04 5.857301314177025845e-04 3.642725877831562084e-03 7.479952949489398345e-04 2.569972869858027417e-03 4.221575339601448505e-03 -2.972256606947025351e-04 -4.687072035006719446e-04 -2.414102307110687577e-03 6.577427189642155335e-06 -2.729893859407629859e-03 5.377348738128583973e-03 1.081095911432343297e-04 -3.111971515658111531e-03 -5.590141127489857073e-03 7.017213663282406873e-03 -5.137719463442005051e-03 -1.013888965165385229e-03 6.769303955784431153e-04 -2.148157885458860678e-03 -3.274311644979312815e-03 -9.440644769224320948e-04 4.671390415689660736e-03 2.507331414736419482e-03 -4.131207193502910331e-03 -3.428946553152010732e-03 -1.174755013320945675e-03 2.205662910368520746e-03 -4.102015339224408634e-03 -4.810118495180827278e-03 -1.004332997989985064e-03 -2.110525961790534616e-03 3.551215147488379726e-04 -1.631380684038065540e-03 -7.523161659424394210e-04 -4.040685188783113731e-03 7.668268598909445477e-04 4.540158025048893382e-03 9.047662262878895670e-04 -2.254513126796658766e-03 2.133712616910362486e-03 -2.944762642648893376e-03 -4.313308293825704291e-03 5.541785342331516026e-03 2.395285111879551666e-03 -1.450612028648902473e-03 2.108627609792767567e-03 1.528470438532693321e-04 -7.818241527026188612e-04 -5.462954351267277535e-04 -4.220799347136238062e-03 -1.504703239954482095e-03 2.499258712354110023e-03 -1.648259323863876047e-03 3.311767235578075026e-04 1.335195545038208318e-03 1.573719814997793327e-03 -1.007747708091683621e-03 -7.536614584782798431e-04 3.846161260545316184e-04 1.408549509392829609e-03 -3.244508148674986065e-03 -2.553084513541235747e-03 -6.249262015518362422e-04 7.701883916209728391e-04 2.526661423822831789e-03 1.995297424154811577e-03 1.371549797580170213e-03
1.941704745250006359e-01 4.700867508128961716e-03 -1.062097291263531910e-02 1.604416431471234958e-02 1.156315153931438203e-02 -1.631172816045181606e-02 1.765001726486265313e-02 -1.687076875330957224e-02 -8.841238871004851105e-03 -1.382166864892909845e-02 -1.673018093968437002e-04 -1.367592667738559004e-02 -1.370140944499896249e-02 -2.661696624767760384e-03 2.425634610717996003e-03 -1.149836887075019430e-02 8.434904443236922872e-03 -2.638229551830446103e-03 2.856306997070402667e-03 -8.455321531193531887e-03 -1.459948221031820426e-03 -5.764019473693573516e-03 1.913735291436819731e-03 1.365075073905642339e-03 4.483392326253790475e-04 -4.964860490775979511e-03 8.441045058591207942e-04 -4.691115494956457806e-03 4.504491127947694330e-03 -2.419321121486878601e-03 3.305291029724131708e-03 3.463194812343116553e-03 -3.054656797694842683e-03 5.798393696436399646e-03 -2.508911532283420853e-03 -1.628033781164551315e-03 -4.468027749858394411e-03 6.486072221494887380e-03 6.428566753828097091e-04 2.663258474014917974e-03 -3.953308530417389693e-03 2.821627608740967953e-03 7.184969141303370298e-03 8.033276946779140115e-03 -5.523703392574993813e-03 -2.401529576169216841e-03 2.312111227257673991e-03 1.444374773084112357e-03 -1.851726760167927239e-03 -4.869094485229479019e-03 -1.500359694496067417e-04 1.431318542438185298e-03 1.442910962176566008e-03 -4.457436870251075986e-05 -2.673592913778959426e-03 1.999566811369983717e-03 8.260201032788464220e-04 1.263963674701593532e-03 -2.782780243504382454e-04 -2.162949748003592878e-04 -6.173331908949651657e-04 2.736703578062023214e-03 1.305339689235151569e-03 3.435321440988480511e-04 4.651532587420053461e-03 1.192111904643900194e-03 -1.795518671193948798e-03 3.218565041102441383e-03 -1.379391263366657469e-04 6.334573999616015206e-04 1.267927206526825445e-03 -1.786080240160938014e-03 -1.727526763613678861e-03 -1.169415822025880996e-03 2.409607721654102603e-03 -4.492358576711625293e-04 1.048045295291235744e-03 3.470565600481539167e-03 -1.493670622995896301e-03 -2.940748535863612245e-04 -6.062854179639571997e-04 1.764457091475681938e-03 -1.218236425075947817e-07 1.660602679413898143e-03 -2.065900685225351575e-03 -4.121659439486322941e-03 -2.354866513068975056e-03 -1.355246566167712810e-03 1.456529324717805839e-04 -2.317982064679896970e-03 2.552864097565492318e-03 2.590588740482358595e-03 9.783900842430597825e-04 -2.587032494526686922e-03 -1.006055701060955222e-03 -9.037580252939249027e-06 -2.168321951688639317e-03 -1.290111417146687237e-03 -2.949526179085562409e-03 1.738836471824068699e-04
1.175889506958140021e-03 -9.604374689813798688e-03 -1.248403934269406816e-02 8.516181960554945968e-04 6.403077108830394770e-02 -3.225502324993330307e-03 2.045361617849999689e-02 6.613166865793974024e-03 -1.401267286291690319e-02 -1.105429977257045386e-02 -7.676467234540901644e-03 1.058610752236889378e-02 -1.033062673315966393e-02 -4.335886763141280804e-03 6.777521870374831128e-03 -1.710814804310328494e-02 1.197718752442435359e-03 -6.660275048139550728e-03 6.055236447441115707e-03 -7.627413293972113567e-03 -1.670680181804977231e-03 2.368165620308628448e-03 -5.090201607128700973e-04 5.025686862360129181e-03 -2.200706253306389509e-03 4.879359734937642641e-03 1.654410845994836940e-03 6.906481267348496544e-03 -1.064853850600606944e-02 5.864491433809806975e-03 -2.734208360071231636e-03 -4.793868287871679360e-03 -2.251096679377503646e-03 -2.556068072811021742e-04 7.081604141604337004e-04 1.670380553868905339e-03 5.493838540396797643e-04 5.452896478279058113e-04 -4.251028358079457156e-03 -6.361504149358608844e-04 -4.876665641860640672e-03 -2.238772549894809793e-03 -1.383568583186087263e-03 -5.545075955411147769e-03 -4.292654643158632169e-03 -4.152015799520433585e-03 -4.935358019574313674e-04 -2.281244778497663449e-03 1.020352843933998617e-03 1.170174442280855339e-03 2.962579368618348426e-03 5.901942268475159070e-03 -1.279734098054839024e-03 5.932641732307045515e-03 6.864277509420883307e-03 3.649091428217255198e-03 3.592146541614011073e-03 -8.547907505699470351e-04 2.652306426958494709e-03 1.643046515033586528e-03 1.317192852308399437e-03 1.335698578609475400e-03 -5.047811792038218136e-03 -2.305844226175850220e-03 2.590830532955564359e-03 2.268802350426387011e-03 -2.372109821345087983e-04 -2.540970090586507080e-03 -6.078894187584801692e-04 -3.037085972915028621e-03 -2.069692702283095105e-03 2.518577026756267483e-03 -4.784880194138262793e-03 1.219718704727718516e-03 1.736245423613956389e-03 -5.602389349583390601e-04 3.535579467254110469e-03 1.684703153256654398e-03 2.464025219339508691e-04 1.473372653339234195e-03 6.081440271924695457e-04 -1.465303952310390533e-03 4.005274389298549634e-03 2.264758632836802454e-03 -4.185512757950467645e-04 -4.425033460665876196e-04 3.025181683936745938e-04 1.350748318341692990e-03 2.930329780024099013e-05 2.907873973211388594e-04 -1.410636178075705058e-03 -4.960312334407735151e-04 7.828187547947714018e-04 9.342946468723107179e-04 -3.328675660250025132e-04 -8.793549690659500408e-04 -1.343726587402563604e-03 2.156792916671683967e-04 1.762241645592443982e-03 -1.890336957210619418e-04
-1.022549391235067912e-01 1.325173709816176645e-02 5.238209014983052914e-02 -1.019556622786582482e-02 2.598072677697914334e-02 -9.046758111021870746e-03 2.059169878063209225e-02 -1.031571824080297628e-02 -3.614405435246781546e-03 -1.155581035378832992e-02 -2.227924399114303289e-03 2.163008596081587506e-02 4.505715914394667169e-03 9.278708843113996248e-04 -5.594595726766276450e-03 -3.363741623384073915e-03 6.724426129785813534e-03 -1.511728153472364534e-03 -3.336652253192206197e-03 -1.608683555014570402e-03 5.597964151710349556e-03 4.270976310588969586e-03 4.159695183946914704e-03 4.550964148976568285e-03 2.261726212138431315e-03 3.437717785159534033e-03 4.569097694599059956e-03 8.355589829721776383e-04 -1.689929457262124386e-03 3.097984911357381296e-03 -1.348163808316635943e-03 -4.533656521966059408e-03 -3.585661362736444584e-03 1.391292331628208321e-03 6.785253663220363165e-04 5.627570252128540410e-03 1.879401530576280989e-03 -3.997237127113661016e-04 1.370302833583365203e-03 3.680144378930501770e-03 3.214621114164471685e-03 5.239796607707007670e-03 -6.771795772269622107e-03 7.184248932736783926e-04 -1.363496835124448610e-03 -1.276671869611981872e-03 -2.147373219868433086e-03 1.462694493506314650e-03 3.955990507913221405e-03 6.258888714811830165e-04 7.863716680818641459e-04 -6.731255313404293193e-03 1.410342684458881909e-03 4.505558038465150988e-03 -3.280842311417642067e-03 -3.473352626198915501e-03 -1.009578901125943303e-03 3.780483232617933877e-03 -1.095395975360622005e-03 -3.710349551485910371e-04 -1.921646882401709371e-03 7.318667459048914387e-03 5.765299186804971219e-04 4.193857209686686471e-04 2.374236701514389168e-03 -5.071108501143919284e-03 -1.627824941918657375e-03 -6.861511586493042217e-05 7.201931316039790650e-04 -2.600355078291956192e-04 1.798773768729590439e-03 2.377579920570349441e-03 -1.342677489902219072e-03 -2.144653291368384986e-03 2.483775771101551667e-03 4.044765379415249515e-04 -1.345089505781963887e-03 -2.539439684442651099e-03 -4.878368641995133384e-04 -6.671795100296355535e-04 2.692557328984433816e-03 -6.416953384191354762e-05 -1.361981655860431241e-03 -2.185755218858112785e-03 -1.156220022948504763e-03 2.175580268674171328e-03 2.256512448968199438e-04 1.848476314918100867e-03 -1.529669719273916246e-03 -2.727341331651286175e-03 3.968329001458968837e-03 6.978321792103895933e-04 -6.795308981542311309e-04 -7.321501170619339194e-04 2.053784737604232805e-03 -1.112640939515206599e-04 1.103540001533715072e-03 -1.547693595052996023e-04 -9.761613668880783157e-04 -1.506507180059326635e-03
-1.071391325310392523e-01 -1.672988487921401451e-02 7.049486592143139330e-02 -1.835989752464958769e-02 6.607071762365102421e-03 2.841894197580178104e-03 2.611069154077317114e-02 -2.064614430914396212e-02 4.968508030803186343e-03 -7.524875617341974729e-03 -5.950381200925164774e-03 1.152593618560047127e-02 7.121572612097930126e-03 -1.099292403183489177e-03 -9.253306195303489731e-03 -1.255766735077124127e-03 2.266932629653274547e-03 1.400152479954977882e-04 -5.112176794382357163e-03 -1.158325606962560270e-03 4.132006560563040998e-03 1.070300036069949702e-03 -1.947429844888770144e-03 6.076119404559640613e-04 -2.102210946999073966e-03 -3.597746241270837701e-03 1.663703909037701116e-03 -2.416973315252970425e-04 3.965561446462682188e-03 -3.586045379773977076e-04 1.073205735560051624e-04 2.176265073937853380e-03 -6.402913881606653659e-04 1.670303803648627669e-04 1.840830900300638841e-03 3.157120826795871589e-03 1.415759887005700818e-03 -5.510174595581465717e-03 -1.979961228374923707e-03 2.217137835987084726e-05 -2.172525339119165278e-03 2.566270579090638992e-03 7.720622740074170251e-04 5.107876913691547028e-04 5.834720728749838523e-04 -5.730146843591967312e-03 1.279875335985168052e-03 3.986561086261782016e-03 2.994212684008925023e-03 6.092754035066838460e-04 3.440503159570056525e-03 -1.382038504325855529e-03 7.645826401424908603e-04 -4.077630439173844483e-03 -1.706241487632693607e-03 1.686935020561130356e-03 -7.948358324998765732e-04 -5.152953008649645934e-04 3.949760455870606965e-03 -1.578255498258522745e-04 -4.662990247330800475e-03 3.058431058035511203e-03 -3.342088613735491685e-03 -3.053013235821001978e-04 -3.940486050619701995e-03 1.731601274933386534e-03 -7.947720105214892920e-04 -1.495142839480389802e-03 -8.569047291000647399e-04 -1.188896883043762294e-03 3.631259405469329299e-04 1.217577589473916580e-03 2.692664324955654394e-03 2.284839527279055368e-03 1.679868491659068435e-03 3.355088015996154482e-03 -1.942116540083407058e-03 3.509828771604343346e-03 1.471274285666378419e-03 -1.235065577342141794e-03 1.165032872400317062e-04 2.430963875818282008e-03 1.295247367020963773e-03 -1.272723442228665272e-03 1.251326694547448071e-03 -1.524261498646684986e-03 2.564900150065383463e-03 -2.041061099740392858e-03 1.413357717373146523e-05 2.119285454687793921e-04 -1.800125024754426449e-03 3.631191391887506580e-03 7.029940950824399397e-04 2.342736292530685650e-03 2.149684716094640412e-03 3.840801142155173074e-03 -2.099523967052042452e-03 -2.063297637587079014e-03 -6.229544984681121634e-04 2.598916520496582627e-03
-1.204657089845279916e-01 1.093826288807599745e-01 3.215383029024921485e-02 2.451907280013613990e-03 6.115254729391062828e-03 -7.363372175164814050e-03 1.353872482076357887e-02 -1.476819736159741721e-02 -4.436963289240966646e-06 -1.341363732475134296e-03 -1.562787395512495094e-03 1.640631667750635375e-02 -7.104238061128536176e-04 2.645858850782328766e-03 2.216026075171524667e-03 3.260089737303418708e-03 -4.458616044902072827e-03 4.322595945190134425e-04 1.560548403581460712e-03 -8.402460910197106538e-04 8.181990000557632162e-03 1.851218941964349798e-03 3.891422903330368690e-03 1.632250781108066269e-03 -1.043155148428499346e-03 1.577655576097363463e-03 -9.147200674472365678e-05 -3.194772571304410266e-03 4.641453233349793510e-04 3.264947511730678480e-03 -8.770311929061688078e-04 -1.652858045125490255e-03 1.818809830757724556e-03 4.781667965282915961e-03 4.199833697916872770e-03 1.637076175605661418e-03 -1.942923157552378741e-03 6.971389671823302429e-03 2.901018717588685629e-04 2.384679153522427202e-03 2.196574252545784815e-03 1.576450199562146178e-03 -2.415317100262741844e-03 2.565148028730253153e-03 1.244310781696574431e-03 1.586088321543254517e-03 -1.805419066975342320e-03 2.829633650189786361e-03 -8.827771000058826523e-04 1.037044595250952682e-03 -1.172462366466378711e-03 -5.453294441142097050e-04 3.349903679559718822e-03 -1.487857815678850833e-03 2.879799591128822701e-04 -4.623906941607996653e-04 1.088770893657331051e-03 -5.861030503167631621e-04 -3.987741485970850092e-04 -2.488964557945628559e-05 1.600392065793177073e-03 -8.475191013520432144e-04 3.297514395433380680e-04 2.472972782657465677e-03 -3.927419239609130849e-03 5.039803236130766667e-04 -1.413441397616590947e-04 -4.374588189812380224e-04 -1.119021538003474011e-03 -3.086825080613322188e-04 -7.244482064371874806e-04 1.421130353074843066e-03 -6.739852565661258671e-04 -1.491260289849437315e-03 5.189313890872751306e-04 8.382550412112680033e-04 2.123561771351401852e-04 9.605413462307470663e-04 -6.769335169309044454e-04 2.180080962742012452e-03 -1.263135230233958716e-03 1.359657166357268031e-03 -5.396016101560396520e-05 -2.334010412250366734e-04 -1.777518093626834867e-03 1.513704421275581524e-03 -1.191456608212304764e-03 -2.191417154483676585e-04 5.436380886091161805e-04 1.395471703962353162e-03 5.436726467979016231e-04 5.442350155518565786e-04 -1.196419751146677842e-03 9.289949958292252228e-04 -1.167120875081975422e-03 -1.060812101489997565e-03 -8.162500059764942828e-04 3.052724705747273705e-03 -3.890337671765123676e-04 -1.148912319445423652e-03
-2.649616169593339496e-02 -1.870692728812145197e-02 -3.971755920977925423e-03 5.371339103002970017e-02 -1.070278372660731945e-04 8.216742416372554460e-04 1.979589744025882919e-02 2.333022232319064901e-02 1.155937353696302738e-02 -3.055600514337861260e-04 -8.344946017538447045e-03 7.272977148859703991e-03 2.006403157214360633e-02 -9.643442314733265824e-03 -2.707020801237285806e-03 -6.798692006641481045e-03 -3.374341423652696143e-03 1.249890828113999278e-04 2.784448449439443692e-03 -4.723485835223214732e-03 1.256955985206656759e-02 3.917259132291247593e-03 -5.903830114960252791e-03 3.465633887477184271e-03 4.980572938554872660e-03 -6.208283168463427440e-03 2.045261680610524577e-03 4.753009744904245805e-03 7.468133127983522281e-03 -4.869883590434533061e-03 -8.296214923527417406e-03 5.786135745825871958e-03 -1.030227884949582590e-02 1.575145315198242307e-03 3.048124664919456446e-03 -4.335686161626384205e-03 -4.634312991671445288e-03 -3.918405652289225910e-03 7.475489070294530705e-04 -1.556410199293815000e-03 -6.649497336725047024e-03 -1.777149115100496628e-04 9.855491167139395717e-04 -5.874088689929383555e-04 2.882577974157428651e-03 6.355039498379346299e-03 3.595421121644187465e-03 3.511934563516993027e-03 2.607266142071366184e-04 -2.253580345392449378e-04 -3.940569954317632399e-03 -4.715592778429389745e-03 -2.076414369862249285e-04 2.911194731265730022e-03 -6.150544115404522463e-06 -1.738904770713116475e-03 2.918419107078688585e-03 -3.390215722294598073e-03 -2.027930181708593321e-03 4.534543093483252643e-03 3.136024451754073229e-03 -2.124144003835055222e-03 -1.416502466290442061e-03 -3.603319749731563517e-03 1.506688263374259906e-04 -2.207819365005329101e-03 -5.601791088813618848e-05 -6.476549100746836936e-04 -3.776276884524407997e-03 -1.975497218037250251e-03 1.048224308988902334e-03 -4.468636652998670441e-04 2.233754788407456683e-04 2.419417900495230127e-03 1.345057931634987668e-03 -8.042025890639790823e-04 9.302636155098614702e-04 -7.538605523589364445e-04 -4.499960797136676118e-04 -8.506978852286577143e-04 -4.632434504202736256e-04 -2.040851657992905164e-03 -2.108602560692752863e-03 3.758439039380548005e-03 -1.190299200209738893e-03 -5.891765552044843412e-04 -1.796227686571294242e-03 2.159724849298671773e-03 1.152513054462972735e-03 -1.985429939636967987e-03 -1.410658152862159038e-04 -1.377397223800469516e-03 -9.573886819405377736e-04 2.027804963824769366e-03 -4.266809045256536516e-05 5.841739672933411070e-05 -9.261681581394307495e-05 -3.940821160622700638e-04 -2.177984137610300321e-03 -1.855118968300922789e-04
-1.141878781194505532e-01 -1.044057885631225098e-02 8.900444424382586558e-04 -6.925616230500109341e-03 2.226732980905566772e-03 -9.765921617452971021e-03 1.798212361711407081e-02 8.114440858190436357e-04 3.739356347391515831e-04 -2.730991471425923273e-02 -6.416192154820628789e-03 1.610981890765287097e-02 1.639040744858148713e-02 -3.962780293047384050e-03 -1.183135601661763729e-02 -5.787869382199124953e-03 1.469634579045624645e-03 1.534869322992582887e-04 -5.768767853359830014e-03 -3.131680627521640087e-03 5.188193066358554950e-04 2.554057545721490335e-03 -1.017894073334107757e-03 -2.644417441419093045e-04 2.674416400400041020e-03 -7.653145024113312128e-03 -4.917696187307075387e-05 1.234556739580022810e-03 1.045878185692118668e-03 -1.620601785038057290e-03 -2.311450177712230615e-04 1.309684171855914243e-03 -4.051749202628936522e-03 -1.434157919457835096e-03 -1.075741737398377886e-03 -1.836897792786110510e-03 -1.257721595774365011e-03 -2.560766471127423009e-03 2.734324474850410077e-03 1.164451457139838077e-03 -2.874754921081336401e-03 2.368587311554769953e-03 -6.792027243911787212e-04 8.554661377242937055e-04 3.161918078691271922e-03 -4.720228787601961763e-04 -3.281076094412380215e-03 1.019448418085511362e-03 -2.150952337575916251e-03 -1.092983796791492006e-03 -4.719715147505511689e-05 2.644257547008995509e-03 5.807189853094653440e-04 -3.775998263345938508e-04 -9.488665942972607410e-04 1.386502996788328054e-03 -1.534054678121279968e-04 -2.350321009461169095e-03 -2.229108990075379798e-03 3.979578871315105163e-05 8.105363947499290810e-04 1.089312524657287066e-03 1.956208769850673740e-03 1.583259261283767464e-04 -4.426233964819759580e-03 8.328657758743429791e-04 -7.492925967453535792e-04 1.438862234991051528e-03 1.017984617585607210e-03 3.077652397716675731e-03 2.152060708984168159e-03 2.760574000589908344e-03 -2.884290916629454922e-03 -2.679034652036492783e-03 -3.103498121886435947e-03 -3.951514551921759752e-03 -1.112697204710683466e-03 -2.556648732898442037e-04 -3.315388983322662721e-03 6.774961827334404461e-04 -2.571633028218973851e-03 1.797429419302123098e-04 4.451113324370373041e-03 1.605607982755708569e-04 -1.536601688260783504e-03 -5.260147126906544257e-04 1.906030993414551322e-03 -1.872975068239705800e-03 -2.714821780521679481e-03 4.443956229516583464e-03 4.620462319274873885e-04 7.513012460844005870e-04 -4.818391929589646355e-04 -2.743876552557092657e-03 -7.901899114934497889e-04 -2.672393031807056025e-03 2.508418296025554002e-03 -8.636569230421461615e-04 2.185324246651643328e-03 3.144941023313672988e-04
-1.216506053965217687e-01 6.561664149382932798e-02 -8.731506044830649599e-03 -1.174310493173097783e-02 -2.251767938195964498e-03 -4.003053820953977990e-04 8.207029127304192595e-03 5.963858313974917946e-03 5.581242289243296996e-03 -2.077048642700360728e-02 3.631964965183440554e-05 6.570873898027318818e-03 1.117616677037618945e-02 5.944846881128074308e-03 -1.160278535868509292e-02 -3.238619962247677245e-03 -8.521543318665244712e-03 2.051241824239297563e-03 -5.563812964608033651e-03 -8.080580280421221367e-03 -1.043944442377984019e-02 -1.930643427819784923e-03 8.505229819676307298e-03 -2.453230862797365491e-03 -5.187121430960962821e-05 -9.138551836389263369e-03 1.042479226038631597e-04 -2.883194470579422165e-03 -1.219158376913952440e-03 2.274102470908023201e-04 -3.321218470539616407e-04 1.587372414063170124e-03 3.533276591220629436e-03 -6.220953834165421402e-04 -2.532943095467785543e-04 -4.720838703231283848e-04 1.585447027794218778e-03 2.034180195881532798e-03 -2.266185737550622126e-03 3.743337448748205922e-04 3.539314638993202970e-03 -4.599463878452334127e-03 5.757266772425152952e-03 -2.531105975767834228e-03 1.246303333283883819e-03 -8.861110386214600615e-04 2.279192735839617734e-03 -3.501626223970317423e-03 5.017488527718954108e-04 1.291326752896421615e-03 4.193499077480946843e-03 1.120442884702060882e-03 3.920123231416004056e-04 -2.028425201448550482e-03 2.215985991250430005e-03 2.671474406872359660e-03 -1.387958121644574305e-03 -7.151761887876715695e-04 3.093300866342287622e-03 8.201149637124641482e-04 -3.359862709930537127e-05 -1.464665783281212763e-04 -2.811258479399971616e-03 -2.664190932424795669e-03 7.718277851620522316e-04 -2.142597460932790191e-03 -1.853607693158462711e-04 3.101069424095378741e-04 -2.511496777158193482e-03 -1.451805323574134957e-03 3.953093950700854384e-03 -9.861243831616539959e-04 2.526016465830701555e-04 -2.631750654577485072e-03 -8.965756381635905893e-04 -2.784068612744441777e-03 -2.254459729213737461e-03 -1.633772145749844400e-03 -3.600633271267788833e-04 -2.491666489530898910e-03 -1.110845247387925094e-03 -1.078008977919492437e-03 -3.800904534520694873e-04 -1.313172481002113177e-03 2.134098526790146732e-03 3.786666590591052633e-06 1.642978214461522993e-05 1.684261536016186996e-03 -4.399572533817702530e-04 7.396301807327524585e-04 9.957166716513222385e-04 1.579499008576232819e-04 -2.470468359247042999e-04 -3.737269782887092488e-03 8.066207058616848289e-04 5.624103059557835667e-05 1.701215637311546914e-03 6.854880268103084699e-04 -3.396483503316948503e-03 -1.640739661061826589e-03
-1.000249087928275077e-01 8.462208898396908485e-02 1.639085127807935263e-02 -3.308236868532696967e-02 -2.347996183028392119e-03 1.566942196259797984e-02 8.854220287452639268e-03 1.225244338222877989e-02 1.758127488855691992e-02 -1.060247904354990472e-02 5.827294756769386096e-03 -1.036254812910122718e-02 3.186020049523389207e-03 1.363200600870266219e-02 -1.166697667435277145e-03 6.826381210956952716e-05 -5.889297235998757363e-04 4.056368214673939624e-04 -6.445932733994369328e-03 -6.934508136758309356e-03 -7.203789575837783211e-03 2.948823990302649935e-03 4.540472339120441188e-03 9.803312095594391134e-04 -3.386639771415224549e-03 -3.971768297950438280e-03 5.355509476244891230e-03 3.363821894049141056e-03 -2.190222119504164292e-03 1.765605446261283521e-03 -2.280957382240498600e-04 2.072942743258610835e-03 -2.974885271970240954e-04 6.800071629795861492e-04 -1.827729193149384233e-03 -4.152969783214856964e-03 -3.473050259895762775e-04 -2.379866466232803679e-03 1.492400091057423817e-03 1.278269874093268749e-03 -1.656689386100061679e-03 -7.064848994246455006e-04 1.796847062011621169e-03 -1.001661205609243217e-03 2.095408404218413508e-03 1.149611758356371008e-03 3.116394105043820083e-04 -1.701690872148079728e-03 -9.712056256607507973e-04 -1.437754837556087057e-03 -1.481625106028238575e-03 -2.356682384328346626e-03 1.784764097507712290e-03 1.380284856432228155e-03 2.448301715848233504e-03 -9.182025691820333351e-04 -4.186810903849767611e-03 3.418894274613856299e-04 1.519188116638932329e-04 -1.512385916909562587e-04 2.732874817561296594e-04 -1.535454775707013712e-03 -8.465197890521427475e-04 1.911475282824148369e-03 2.261191182925056248e-03 3.051942009677511810e-04 7.311381671005437888e-04 -3.561767393676788188e-03 1.097035756950802497e-03 -2.425891471125971900e-03 3.532777828427319223e-04 1.792504534461662746e-03 -5.955813763239104853e-04 -1.698436697749870251e-03 -1.550709220898514049e-04 5.831884474116765015e-04 -4.760997180293313150e-04 -1.280798982597053078e-03 1.972900013693564545e-04 -1.169925542284005722e-03 4.270562102597800364e-03 4.470483591379369388e-05 -2.909203599303929796e-03 -1.712799293845629128e-03 4.660031441518427964e-04 -2.720695011103135743e-03 2.771466186528589548e-04 -5.011571359299237969e-04 -3.513814132405983399e-03 -1.703156606454594600e-03 -1.940606951778904923e-03 -5.918953428154311502e-04 3.444753055242179805e-03 2.126172190992074110e-03 -3.198298612306334134e-03 -1.817290356870415432e-03 -3.723116842148626281e-03 -3.465573424346762160e-03 1.039333756942103539e-03 -1.840104884022500777e-03
-1.195924028410299544e-01 1.331318991470113733e-01 1.141500953047394802e-02 -8.988570429633201825e-03 -1.859277878277778521e-03 5.017270351661828019e-03 1.059038472904750249e-02 -4.533527383783778932e-03 8.731095237357574049e-03 -7.576091328355831316e-03 2.045618148313440004e-03 1.574681559227436144e-03 2.327341055172971412e-04 9.387357390055415737e-03 -1.873439702528371595e-03 2.222836518516997303e-03 -7.290989280113554204e-03 1.323298706590089703e-03 6.513152696172065659e-04 -3.954514569762624353e-03 -4.761428039555929553e-03 -1.724014262964750728e-03 4.388413843936083206e-03 -7.082432663625316425e-04 1.192395569675104355e-03 1.163313333703666283e-03 1.149168138371512490e-03 6.932184661544509800e-04 4.699911232497457569e-04 1.499965815956759646e-03 1.076711383953285288e-04 2.078356118006413893e-04 -1.748683947564067150e-04 1.198369670080747310e-03 1.924614236182407671e-03 -9.411781359006900953e-04 -1.080508662533424596e-03 8.241983707663738190e-04 1.338565672536904316e-04 5.578049171358123726e-03 -1.496314895533576873e-03 -2.318540861312161794e-03 2.358640366409958753e-03 -3.897861841420474606e-04 2.463845976554049095e-03 1.793208675841564265e-03 8.581604689387337202e-04 -8.065379527041547899e-04 -1.494570424298846678e-03 1.430729105028039809e-03 1.555620620568563079e-03 4.298358284782719278e-04 1.685406376333647375e-03 -3.491288324449042229e-03 3.920422798862323310e-03 1.272883252477428982e-03 -2.178643885643685631e-03 7.469853459342494853e-04 2.113985987071837543e-03 4.074874978386183726e-06 2.262150051404370550e-04 -9.433921221877180968e-04 5.554422492239376695e-04 -9.456462332507602512e-04 5.917383954045782931e-04 -1.975801648170308344e-03 1.410936671657000855e-04 1.368909180544584459e-03 -1.185991141545167252e-03 -3.396616935426450146e-03 2.618530997299775738e-03 -3.353650414348952405e-04 -3.125366925349525385e-04 1.587884137714162033e-03 2.564365715325824923e-03 2.825742134001003541e-05 -1.370742257944753328e-03 -2.021185436989681849e-03 1.403578896213050330e-03 -1.584467724973032555e-03 -5.837341937731430714e-04 -1.814184026133768045e-04 -1.841064073785179467e-03 1.906429092672866843e-03 -5.803051042560297343e-04 1.404534801889540481e-03 -6.202106553142126702e-04 -2.483845520371262289e-03 -1.680524637887530637e-03 -2.005796481654257288e-04 -7.759857878286034391e-04 -1.589511466911432526e-03 1.698188851448385753e-03 3.636150600993359565e-04 -1.654446084133192338e-03 4.751427667558887199e-04 -9.810798775260966449e-04 9.505251598901729576e-04 1.007309631306598863e-03 -4.706211082940463708e-04
3.025872458000739354e-02 -4.775163279462584821e-03 1.217485338409227680e-01 -2.995701419990255167e-03 2.971695951886399803e-02 -1.191721177621955091e-02 -2.132734599643885606e-02 -5.279205983783608752e-03 1.013787481816122958e-02 9.749572405671156142e-03 7.593132139519302194e-03 6.421061567456096911e-04 2.482675319450707366e-03 -5.032014700489553967e-03 5.571752856588066231e-03 4.191302504027659068e-03 4.754797650587272266e-03 1.789982196378682488e-03 1.311621681625239335e-03 2.199149715927656203e-03 -8.134957525006776720e-04 -4.434320918132885966e-03 2.497020792842587558e-03 1.475683568205557895e-03 7.076623124926345945e-03 -7.859515149598822123e-03 -6.544396369397175242e-03 2.064791830965147235e-03 4.220428195426358445e-05 -1.425578169176581643e-03 4.119469270374017181e-03 5.703087117185551324e-04 3.593477000660466342e-03 -4.518585959071116237e-03 1.012312473061050639e-03 -2.707315112237279218e-04 2.180354318373826233e-03 -1.115613600120802986e-03 -2.626082151060481033e-03 -3.324390185185137174e-03 2.677773061362521663e-04 -1.793618704779470756e-03 -1.685161648206706100e-03 -1.353746611442641383e-03 -4.108401442530567986e-03 2.724755166227023177e-03 1.802638998545475759e-03 1.341561082843267198e-03 -3.352859235677968161e-03 -1.119716239238337024e-03 -1.875318176945618047e-03 2.344554159839628941e-03 -8.346835719572183671e-04 -2.049334350890118055e-03 1.013989292633679521e-03 1.192699187630814721e-03 9.262828423067083830e-04 1.291320846190446587e-03 -1.194874667099336341e-03 3.109235132476728062e-03 2.342846128789317309e-03 3.600773228561694999e-03 1.157536052211152093e-03 3.238206404034270434e-03 2.724075141282060551e-04 -2.979902050721484723e-03 1.070415722337299583e-04 -3.688677762061065958e-04 1.196625335811407100e-03 -3.044722391251874789e-03 2.689499694466956740e-03 6.026765926915064568e-04 -1.839343869069629423e-03 -1.737506535890429461e-03 -9.492565361341529352e-05 5.137414138140913508e-04 -2.680267986134438930e-03 -1.952373422159818040e-03 -1.126696103041137636e-03 1.235690097618892796e-03 2.270473910653181184e-03 7.596116652127587804e-04 2.015666225872777943e-04 -1.156480913935020884e-04 -1.904597402705563184e-03 -1.308860255133953909e-03 3.542984986920719734e-04 3.161743089259509785e-03 5.698182154969710011e-04 -8.987809687289831633e-04 -9.862389994489428359e-04 -4.547152133892377705e-04 -6.434404092525534014e-04 1.439307974959321088e-03 -1.313559835958500940e-03 -1.736221142872778527e-03 -1.134775816159248885e-03 -1.031762242143013410e-03 -6.545747026653468041e-04 6.883869034131112792e-05
4.056344875317893089e-02 1.619728793816508500e-02 1.048890113155054316e-01 -1.874451013801576443e-02 3.655549869328633683e-02 -1.854685405990286196e-02 -1.805805065036277662e-02 -4.921333526674989169e-03 1.653491201394072588e-02 6.357321974993569366e-03 4.990848854807050650e-03 4.244470015037631917e-03 4.242103151183261762e-03 -1.326779573161199644e-03 6.795227175841897505e-03 6.813146434977877461e-03 2.415753620560707072e-03 1.139389311069211822e-03 -8.827694504951200940e-04 1.550785424682707457e-03 1.843744963115742836e-04 -1.175821605781751655e-03 4.875251248266225003e-03 6.288109998128598929e-03 7.758196559801866510e-03 -5.603181594614217720e-03 -3.424733778684482463e-03 -1.891182623777101952e-03 1.509870590945544719e-05 2.642958462656473835e-03 3.052006120328987129e-03 2.281454517654089766e-03 8.666172594926147606e-04 -1.497469891392123496e-03 -6.771141896191604703e-04 1.349546685462665006e-03 2.886031141038286358e-03 -1.367916065504297786e-03 -6.312889186803254202e-04 -2.894007395560235264e-03 -1.201772964142734006e-03 -2.352172214638220855e-03 -2.279445618717973292e-03 5.140176955713177424e-04 -3.764813495493753333e-03 5.470425849980375260e-03 3.211965139778551800e-03 1.075773330452105053e-03 -3.232309929393675351e-03 5.743931643849313137e-04 -3.361800522957945035e-03 1.004436196564108784e-03 -1.390382648662209786e-03 -2.668069217908163211e-03 2.568309622588762619e-03 2.462542119695332495e-03 2.546682980863938014e-03 8.051173358508184521e-04 3.585316910641128760e-03 3.226267910916132348e-04 -1.880590105728861339e-03 3.166287241725726943e-03 1.370926080464467296e-03 -2.214822086471608491e-03 9.365533087426533131e-04 -2.740442575299336433e-03 -1.804826485864472830e-03 1.770873404903147751e-03 -1.166406777309003445e-03 -2.699388911261762711e-03 -8.886470297654352384e-04 -1.025894519479525653e-03 1.110723098917519016e-03 -6.228058053329030503e-04 -1.186659405845967791e-03 -1.619310688426379486e-04 3.997424493825780904e-03 -2.155324421578013946e-03 -6.106700479604229657e-04 2.854443131055180941e-03 -1.305599884009547049e-04 -1.439244436597905078e-03 1.442501129896819542e-03 -3.445971686330372239e-03 -2.249423053672749365e-03 -2.460992539966203648e-03 5.769810444001789517e-05 -1.912054037723216532e-03 -4.726354260114932300e-04 2.066333796032301332e-03 -1.189109480380192048e-03 2.698778858016984052e-03 -9.653767782819142789e-04 1.208206884714600271e-03 1.737825409967595541e-04 2.959404278180460986e-03 -1.615753807807309914e-03 -2.248976927384562505e-04 -8.379539788193932732e-04 -1.195319834486538164e-04
-1.150287252847459474e-01 1.262799455918466041e-01 3.354885414562327334e-02 -1.427920677456926985e-03 -3.240358212356755918e-03 -3.793713725378952423e-03 1.014603255957778095e-02 -1.077713735598371560e-02 7.090004837694269431e-03 6.963063202251448466e-03 5.433632857714322181e-03 3.991578073642765463e-03 -5.547385267945287649e-03 9.422569931722671668e-03 6.614473905353296726e-03 2.513193287315844664e-03 -9.741127762743663834e-03 2.443154543848925862e-03 2.274317267637543730e-03 -7.745060959093184871e-03 1.299946063754623500e-03 3.132419392709260945e-03 5.937983078942097627e-03 1.044404041535203307e-03 1.383472443417616818e-03 5.761952858009075119e-04 -9.863760793381064413e-05 2.125575561052499480e-05 5.855359382731837410e-04 3.534872836991373012e-03 -1.843207712165207800e-03 1.030399228980143859e-03 -3.551435541379624564e-05 2.191792178456956376e-03 2.891757118167594207e-03 1.176426829494651516e-03 2.189197448583300807e-04 3.146519086267618448e-03 2.685534098547919229e-03 5.774770500221067075e-03 8.945221516769909795e-04 -5.254431737464797724e-04 -2.607474520833091749e-03 2.814802989175873953e-03 2.255795849379253672e-03 3.261708268845640944e-03 -1.646386908648371505e-03 -2.602891686190568314e-03 -1.495228479998035815e-03 1.313695155918485728e-03 -2.538783221779952661e-03 -3.203996132025953834e-04 -1.019003453243959821e-03 -2.682354930932372063e-03 2.838074875662387111e-03 1.909865603363932558e-03 2.242205432862472148e-03 1.721586518394575469e-04 1.538335154192481099e-03 -3.985357345905903882e-03 1.650928040855810779e-03 4.917123913831926169e-04 1.326134103409382916e-03 1.491688941690147430e-04 4.838504392853944751e-05 -1.544003765817873264e-03 -1.739176192602815904e-03 4.037072336224811070e-03 -2.238971550780699451e-03 -1.473789819498673437e-03 -3.776326155667399098e-03 -1.556864088146555844e-03 4.292199724641226812e-04 2.776865621301791154e-03 6.370661086847089535e-04 1.138196216138472527e-03 -1.518372329800333565e-03 -3.612790476695197341e-05 1.647668022958614963e-03 6.621120122090355057e-04 4.021903275285108604e-05 2.166075766064758015e-03 1.860278199248927402e-03 2.303944822448297878e-03 -1.418389616484153591e-03 8.331613901465284881e-04 -1.563792085096740898e-03 1.468312055800928811e-03 2.491431361223004530e-04 -5.718540588119532496e-04 -5.977728826722276219e-04 9.281209164435495719e-04 -1.913888136216988301e-03 -4.175313328882257306e-04 8.169738335475781009e-04 -1.985473143566099732e-03 1.235881749094835079e-03 -8.846491769036114901e-04 1.193426629248938581e-03 9.964256048203021330e-04
-1.329923721316527419e-01 -9.097979224653497676e-02 6.459517042197062374e-03 -1.593111281268940263e-02 -1.408750828826133700e-02 -1.295062286011043227e-03 9.512935132057953255e-03 -1.912064367061977119e-02 -1.387400594805655255e-03 -4.440770147309718377e-03 -1.888826442657656410e-02 4.750779557471208414e-04 5.879968836180830480e-03 1.164146187648172707e-04 4.224334221018494900e-03 1.544690378122359851e-03 5.249586433765559808e-04 -3.806878178838858737e-03 -3.676155103565626305e-04 4.836846131222037257e-03 -1.427279030609314447e-04 1.102937212909903915e-03 -8.698361099246926373e-04 -3.795096646301526159e-03 -4.598515590549656987e-03 -3.478234195983176055e-03 -2.578891462022991248e-05 -8.800155444372506500e-04 -1.864035307142293150e-04 -1.956585817008769934e-03 1.237566755346752650e-03 2.119282021598338245e-03 7.492992180458617852e-04 1.226293080148803058e-04 1.029534145228132606e-03 -1.744985857468103307e-04 -5.758037837908442421e-04 -1.036911688797036071e-03 7.014076068512604609e-04 -3.329044191721474821e-03 -2.907439490691098374e-03 -1.702924945134415584e-03 1.304840703577720101e-04 5.688646389882752495e-04 -1.117051140488728271e-03 1.026499503128235226e-04 -1.857629164189285829e-03 -7.001450675772611688e-04 6.308885215826243349e-04 -2.838260835889987220e-04 -2.515934486069146790e-03 5.749269870716753900e-04 5.206706788317168452e-04 -2.096885703953224860e-03 2.539832699979886668e-03 1.109229758123823906e-03 2.869274945183215549e-04 -1.458452545461645525e-03 -1.513136066690048227e-03 -3.033313250758481842e-03 -7.558299746333508218e-05 2.613157419144387667e-03 -2.369153154567008642e-03 2.785799173035391073e-04 -1.332680171424127863e-04 7.063088742144147270e-04 2.320069331710355488e-04 1.831790705019363443e-03 -1.265934087456452913e-03 -1.448912100643231496e-03 -2.481249490654078172e-03 -8.202161569657746018e-04 1.456099492255995113e-04 -1.727888261952052621e-03 -1.373741007403585495e-03 -1.013227974931880243e-03 1.376034106000519064e-03 6.396087591392862152e-04 1.545818643369914654e-03 -1.479546343871047725e-03 -1.276065395341441496e-03 1.448894250780911495e-03 -1.281965240806886078e-03 -7.630009785775118897e-04 3.273316785272950471e-03 2.411094112214566976e-03 -9.834826660526621751e-04 -1.587454049140043242e-03 1.552992452900956756e-03 -1.551265466578082453e-04 1.184017773357493811e-03 -3.290105656425553003e-03 -7.550677925405175879e-04 -1.880226727345399437e-03 -5.379342804574026391e-04 1.330427179635002965e-03 3.078948336305641726e-04 5.291804510546944344e-04 -4.011510086307887735e-04 3.710235590412067205e-04
-9.759602822880182604e-02 -7.595578008352082966e-02 5.685230762415499628e-02 -1.068197350817358393e-02 -6.572538804888326293e-03 2.684110909764936617e-02 1.329464607971009467e-02 -2.092556312272220859e-02 4.383056552976157677e-03 4.186759800408394153e-04 -1.428875861632889800e-02 -2.142191233172649912e-03 3.803036742385073644e-03 -6.901830647520299823e-03 -7.230881486311129154e-03 9.089622151146280714e-04 4.311213152631336760e-03 -2.734259198841765270e-04 1.462566548085158635e-03 1.030584431439381370e-03 5.931758303135564476e-04 -4.849610990884235633e-03 -5.536553444407179073e-03 -3.427350948540624966e-03 -7.492505708495183960e-04 1.188696753266562777e-03 3.170424405533870619e-03 4.892255289713823979e-03 3.379501630917365693e-03 -1.991856934846307752e-03 2.925057433950314489e-03 3.843715585644957595e-03 4.461426837420724018e-03 -8.493948265944194914e-04 -1.165140894771579802e-03 8.510636379921956984e-03 -6.473170019026152277e-04 -2.737515707542721721e-03 1.692493951957743095e-03 -1.331832669345753761e-03 -5.279529291965170826e-06 -8.091560647221329294e-04 2.169826151749073943e-03 -1.569504961858221538e-03 3.841225271249716459e-03 -2.474759822923900884e-03 -3.256043602455690610e-04 1.653308740068617317e-03 3.195757491378481115e-04 -3.045372327201153941e-03 3.364788673190928199e-04 4.762215542833896087e-03 -6.857155177357350789e-04 -2.550609625166577483e-03 3.641466792256955239e-03 1.919662590578080945e-03 -3.405310596926740176e-04 3.123749684167186763e-03 -1.108953319018357716e-03 -6.749947904289721077e-04 2.735497646347672361e-03 9.032580222028827521e-04 -2.999063504708594308e-04 1.744035693473218202e-03 1.411971277856241417e-03 8.525843831588039278e-04 1.132222616392852344e-03 2.440452616780058523e-03 2.231143084053993685e-04 6.707371620435029907e-04 1.407774603777431355e-03 -7.064526619149164239e-04 -2.093020075784333359e-03 7.971312629231216106e-04 -2.904335481884383167e-04 4.179078794203480024e-03 9.217357879745187747e-04 -1.326157847545752881e-03 2.249846016312149338e-03 -2.828875134953535986e-03 -1.238802923187707706e-03 -3.348965722706813419e-03 1.353228621578540531e-03 3.664261763877293379e-04 -1.899490126055306156e-03 6.521974633849884516e-04 1.424090839891679460e-03 -4.677541511864715122e-04 -1.322688006922308028e-03 -2.245112311527848285e-03 1.062034587011386443e-03 5.890904221806590431e-04 7.419203994531407831e-04 4.404059065926483989e-03 2.426820145267654836e-04 -3.335506272289467250e-03 -1.300265914595943135e-03 3.567387407224478085e-03 -4.498656141926603573e-04 -6.952591146944629577e-04
2.131674549990036360e-01 3.483297829915115579e-03 2.966220157630521451e-02 1.726997547181912881e-02 -3.899610662885460467e-03 -2.323903015591322757e-02 -2.237912148606078025e-02 8.320834067204411350e-04 1.570302060795595797e-02 -1.379189991326407010e-02 -6.624475862255742829e-03 -4.096158009884274739e-03 -4.984207305049906389e-03 3.222462575269732614e-04 1.661096945089598955e-03 -1.792937395928971772e-03 9.502695356963299653e-04 4.238248076163418469e-03 2.756302465022803221e-03 1.745535253166611471e-03 2.498917203755316677e-03 2.270621936202977999e-03 -1.583672817124051526e-03 -1.213718533385313913e-03 -9.700045650189943790e-04 -3.091747919669931080e-03 -1.676962530089612553e-03 8.596086152029557307e-04 1.581584724349065565e-04 9.010270310099440612e-04 3.676277818693569899e-03 -1.523078217525131997e-03 3.508725654952102400e-04 -2.147505792309068254e-03 -7.620089290013384213e-04 4.052637462977189999e-03 1.866285619476483644e-03 -1.224177380014875374e-03 -8.217421463643429349e-04 9.506917182034582215e-04 6.929653784310432600e-04 1.529111719599457811e-03 4.205938488149727449e-03 -1.488631986841238743e-03 2.780554276596057008e-03 1.011708439809127537e-03 -1.293784962510523837e-03 1.352603999370280505e-03 3.138789638574231481e-05 2.528073325537750007e-03 -2.908440650557252583e-03 -6.452930222709498580e-04 1.738822996154402729e-04 2.616701161900750541e-03 3.802701756886823418e-04 -8.172113802207738986e-04 1.458794564965558297e-03 6.718041350194472495e-05 2.090420767865275656e-03 -1.433230100456294506e-03 -3.899056856552342645e-03 5.456406050580231209e-04 2.221471092355619716e-03 1.451764266399603034e-03 1.346721564741057138e-04 3.629618592992872941e-04 4.430046561891306904e-03 -5.773665315473513289e-04 3.630747586351976445e-04 -1.018046855977398652e-03 -3.328955880196746088e-04 -7.893509137670878979e-04 -1.403392944397543725e-03 1.318727639809506814e-03 3.333052146144332723e-03 -1.117457572672711855e-03 -2.392348165073387718e-04 8.108619275551595933e-04 -1.719150172759946775e-03 7.729842553878015074e-04 5.980523306285926051e-04 -1.484013938076142979e-03 -1.209044409810109940e-03 2.401405783450088344e-04 -1.784667112556571086e-04 1.593605040933705318e-03 1.465268707479307382e-03 2.068932744017291242e-03 5.384195476247027965e-04 1.037107423171957981e-03 -2.668923787149072181e-03 -1.948798013671836950e-03 7.741040453356646525e-04 -2.067099078925722054e-03 4.411936413148038224e-04 -1.550752456484746130e-03 2.428778047585152108e-04 -3.633327650577004159e-04 -1.251960586147374656e-03 2.161762410627747315e-03
2.399553053639890687e-01 1.107617463570122890e-02 -1.722556420253153198e-02 -4.786294543339134067e-03 -1.329102218614247426e-02 -1.889149138303032952e-02 8.597741802595249699e-03 -2.586673097337754013e-03 1.220740289712620233e-02 -1.815590880427536387e-03 -1.102298692735913244e-02 -1.248709628521974674e-03 -1.265926224866066423e-03 -3.038460749959963694e-03 -3.077382300711377708e-03 -1.609599691348374568e-03 4.032405729483618667e-03 7.058112866455925304e-03 1.097585443797464288e-04 -2.685493067181055158e-03 7.514337878544938027e-04 -1.566465130108737761e-03 1.216879792546006391e-03 8.887796557387799218e-04 -1.135409992571936085e-03 1.258365329357390757e-03 5.408795408863824187e-04 1.629251247040104699e-03 -2.493912488230244900e-03 2.302801912996997168e-03 7.580545107482369741e-04 -1.590738771010857333e-03 8.090537389145422992e-04 -2.927710505486570171e-03 1.939069232712466834e-04 -5.324802304514551169e-04 8.370046796341225510e-04 2.417016448539385017e-03 5.421666877789677432e-04 6.081039275091712753e-04 -3.251234362670334718e-03 1.272448469902656308e-03 2.643039976474176496e-03 9.868119155372243566e-04 8.269914424235940819e-04 2.025415615914243246e-03 -1.041134258772530947e-03 5.086317611980905110e-04 1.299614240626033139e-03 9.259752793675587058e-04 -2.943280818816076190e-04 3.052780535657160176e-04 -8.190923583856335585e-04 -1.277001864067873289e-03 -1.254692339713924269e-03 -9.229962454406007155e-04 4.744638049862451973e-04 1.361922563453513233e-03 -9.358675692754279615e-04 9.546974207766029162e-04 -8.241899500506287633e-05 -6.739270649203296919e-04 -9.146310506585207320e-04 -1.217066273809480669e-03 -1.256666962753256707e-03 5.184577149284131823e-04 1.249722651276797018e-03 -1.792021931353404262e-04 1.858971116819853114e-03 -5.490571784186401441e-04 -8.594798440782496938e-04 1.492322631523895164e-03 5.979777793234245572e-04 8.591640355966185779e-04 -2.141271241018932389e-03 1.549053716707859832e-03 -6.579295610531543702e-04 -1.188203305897886971e-03 8.447543955986552573e-04 5.479545299818202762e-04 1.080991097658566785e-04 -2.883767382271835576e-04 1.195358859296927981e-03 -3.935669121825084347e-05 3.643161731068112201e-04 1.208995808929817046e-03 -4.759906269495657507e-04 1.768972680004086192e-04 -9.180876106950054639e-04 3.487276861924187604e-04 -1.940093193198532849e-03 -1.473425842477981253e-03 -8.138336096985344427e-05 -1.494320396532912562e-03 -1.674805028161833456e-04 3.644686890546116080e-04 8.574569405491034831e-04 9.597785156818153902e-04 3.050230530471421218e-05 1.217058291845596980e-03
2.237766677073628474e-01 1.663950300465943596e-02 2.368684334323895198e-03 -3.545298497098522267e-02 7.362370712130616654e-03 -1.918268818036926796e-02 -1.938065621661171425e-02 -2.553868842322366741e-03 5.936448448563947690e-03 -3.797669099576279558e-03 -1.027138098899875104e-02 -7.184138933320663445e-03 -4.181577967041082860e-04 -2.741061006181090293e-03 2.552667316778682279e-04 -4.033691462446557449e-03 -4.328405307028636469e-03 2.675889758112095975e-03 -3.684553921555601061e-03 1.462017172553033194e-04 6.048780634879536225e-03 -8.980236097438434872e-04 -8.658155988722883792e-04 2.115332757759038392e-03 -8.242554145388325971e-05 1.791205246397327595e-04 3.801016498513364646e-04 -7.652558915764838424e-05 4.195109373211458083e-03 6.328258405710763396e-04 2.826550083901663984e-03 -4.163872227923486394e-04 1.225541900384355528e-03 5.174085897180895365e-05 9.379858332294334876e-04 -3.940297981320840825e-04 5.996737067471544008e-04 -6.870069427408030541e-04 -1.136777146359217771e-03 2.886044379338604301e-04 2.579800377791853939e-03 -1.379909556642011257e-03 4.502555801972414249e-04 -2.340305801070874758e-05 1.135783756705598590e-03 9.041070836667963869e-04 5.072748464393389166e-04 6.050266524255707530e-04 1.175794996288737028e-03 2.664752496622652556e-03 -3.683903174438994156e-04 1.147907631380772195e-03 -1.645095626663463807e-03 1.311577896228207068e-04 1.576425175456512117e-04 1.877019725649466900e-03 2.749605509802097365e-04 -1.977552591520021809e-03 1.246145030995933619e-03 1.551865210763407740e-03 -3.234996612492405284e-03 7.265385011171282504e-04 8.546130964634235643e-04 9.402922340558442747e-04 1.846536558315496125e-04 1.572409318800263296e-04 -7.699805887575985252e-04 -1.669033171199409138e-03 1.430384708939716433e-03 1.191612078568820383e-03 -1.984856582103209938e-03 -9.824711002256302644e-04 -2.966438488796682444e-04 -1.251829615870194562e-03 3.724045650212805519e-03 -1.041887977470030069e-03 3.321600881414234316e-04 -1.522550346698688757e-03 6.291417106684132768e-04 6.110708154764470459e-05 -2.223426036793841112e-03 -1.813625609724194444e-03 -1.761849155579742459e-03 1.845667986024138261e-03 -6.318975615298843022e-04 1.448764754922620681e-03 2.638048690326507371e-03 -1.584181760160753181e-03 2.747612018920717394e-04 1.362600943799337997e-03 -7.059719199021000308e-04 -3.818794261450110506e-04 1.467922247723177668e-03 2.128108980815624765e-04 1.439099871375468416e-04 -2.736616595164003459e-03 1.585509206683381050e-03 -1.995795517739667839e-03 5.793190683696409094e-04 9.724880047324132226e-05
-1.348100254085055072e-01 1.254797460927896957e-01 3.761897585015766456e-03 5.870456232895220061e-03 -1.692304722597083935e-02 -9.414481560968858539e-04 2.343137735244901331e-03 -2.913711801822170110e-03 1.418925507973514298e-03 7.072066868055533820e-03 3.802168155457054648e-03 -1.013697424510953335e-02 -6.316120410388053122e-03 6.322246436338965943e-03 3.922947247410246349e-03 -3.361465375848485477e-04 -6.515454065118960955e-03 1.957326527558863900e-03 -5.783901927827654697e-04 -9.390272537436638450e-03 -4.603497549124636185e-03 4.012665015221994133e-03 3.764337597648821578e-04 -9.431203329131217488e-04 -4.090578260811331829e-03 -3.736684678359282149e-04 4.634770672535312567e-04 6.162870596468043340e-03 8.542564773250663148e-05 -4.174647526755694807e-05 -7.310868410953376244e-04 6.622302566881004427e-04 -3.729343658200490077e-04 -9.360117862404035600e-04 6.801413972668597001e-04 2.032048255173688443e-03 -1.578300928297797501e-03 -3.411484103034382459e-03 1.152312612943985669e-03 -1.538543531528211491e-03 -1.117702685975803002e-03 -5.739703657780083953e-04 -2.540552800090871335e-03 2.758853938735080034e-03 -4.148089401040649243e-04 -2.141259917716122670e-03 -1.118216850019239459e-03 1.064402675572281593e-03 6.368978725116488521e-04 1.318642501690221562e-03 -1.564273006838881380e-03 -9.375411115773940943e-05 -1.373077955103529577e-03 -7.127139242057167496e-04 -5.735585723768623235e-04 -1.236870945699838041e-03 1.204233913050468214e-03 1.240615750328292804e-03 -1.164737602354816741e-03 1.087597982537596899e-03 -4.080690254909998807e-04 1.884961528529112071e-03 -4.955905355354448373e-04 4.813707436326595266e-04 5.379579168034706376e-04 -9.534143920090356683e-04 -7.848181800336011249e-05 -1.174672930183203986e-03 9.048184839138864429e-04 -1.506574004025232620e-04 -1.079497077753295347e-03 1.441717951320478901e-03 1.709689790140840420e-04 2.162380522419922197e-03 7.352992942842870381e-06 -1.430097313129963764e-03 7.524824517133344446e-04 6.449946876905891238e-04 -5.253054176092354947e-04 4.030614245381192677e-05 -1.802825604606439003e-03 1.616864323096781943e-03 -4.783800171158027908e-04 3.641384058535252280e-04 1.810271686460487644e-03 -2.579141938815712742e-03 1.927373287450913353e-03 -6.192596310377985547e-04 -4.933584582489063792e-05 -4.524324111363992387e-04 -2.180008807733556299e-04 -1.430786330140995351e-03 1.048135531423997858e-03 -3.349838134382485230e-04 5.117867359422131716e-04 6.875586441830897977e-04 1.155270427141899233e-03 3.934500633816985938e-04 -1.638331313155404418e-03 -2.333227687060515036e-03
-1.251458741375018890e-01 1.156424341477494816e-01 -2.921458746340492921e-02 1.389907408016735971e-02 -3.660800338810279390e-04 9.996265155899916946e-03 -1.015885915535846493e-02 3.592700904151986240e-04 2.904376309170413192e-04 5.539778480800817972e-03 -4.843235966826805669e-03 -1.030906823559373658e-02 -2.007943470194474816e-03 4.659061137211510314e-03 -3.319490743659161622e-03 2.002805199514246133e-03 5.014230871547085099e-03 4.183698864482534837e-04 -3.258330924955751568e-03 1.996105731534119927e-03 -1.273588900095915096e-03 3.016691257597719795e-03 -6.600891065182664177e-04 -5.469185175805517385e-03 -1.471090170864592858e-03 -2.110438352400244473e-03 8.455876546192637100e-04 5.232082218375387964e-03 -9.688485886073427891e-04 -3.566409623631741285e-03 7.359418045399150968e-03 -4.678951552344197114e-05 -1.844233389445655222e-03 -9.782458115260834032e-05 2.355459166923161776e-03 -6.176207453001307870e-04 4.676631861451949185e-05 1.220122037635348747e-03 -5.318611161584818441e-03 -5.832468354373538917e-04 -2.215388582711492332e-03 1.865146681147105768e-03 -2.629731024222399863e-03 -2.142945079181602513e-03 -2.205723054133542846e-03 -7.463959799418971169e-04 1.228550383841999546e-03 2.015066231454447007e-03 6.293279288149833135e-04 1.420307337764602738e-03 1.968109261411147073e-03 -2.045546914004699266e-03 -1.035456868554853176e-03 1.359038641382616418e-03 -1.661583135666669419e-03 2.587619118019327154e-03 6.209684200142630154e-04 -4.264855969409622576e-04 1.267084507151127002e-03 -6.491993906213127101e-05 1.328380381700626825e-04 -2.377599468454423678e-04 6.558689419368059952e-04 -2.770947660132274315e-04 3.651456681193654841e-04 8.263098543443628393e-04 5.609457892186788842e-04 1.784279011055698834e-03 -2.384515891709972600e-03 2.462296387946968056e-03 -2.129418033080945211e-03 -5.643745633804900198e-04 7.851101324006072926e-04 -1.140729534649776757e-03 7.622292235150368925e-04 8.954507125120698529e-04 -4.730010968641684129e-05 -3.442281791784767685e-04 1.055208328528427523e-03 3.000450604964043723e-05 -3.571049732566407135e-04 -1.122668648150574938e-03 1.094717094477770105e-04 -1.620477816605881598e-03 1.611274276643879025e-03 -6.108954972374352251e-04 -2.123580790623991101e-03 3.996907432914815171e-03 -2.176323119095166427e-03 6.886424332461177442e-04 -3.629260234397621901e-04 2.350008117120060830e-03 -8.898594226525607422e-04 -1.029657312235255674e-03 1.057793707675603462e-03 -2.385023587927059038e-03 -5.193647238487167752e-04 7.689566067134944415e-05 -1.645762299712133199e-03 -3.615348912919320867e-03
-1.283231405379254286e-01 1.249787395801119777e-01 -3.004908210989404305e-02 1.729038897649582199e-02 1.724441382800471394e-03 4.869594745093920249e-03 -9.982922391698312650e-03 -1.739692913523065718e-03 -3.473173461593731092e-03 1.131534026423491445e-03 -6.497997616142728999e-03 -1.913032021829643185e-03 -2.440757377293014101e-03 -1.125835823507817437e-03 -2.780525746996924657e-03 4.197260051190552198e-03 4.430991894814881489e-03 2.116587194060300450e-03 2.387858760308406592e-03 5.482806052525957333e-03 2.587378951731934568e-03 -2.332354997603393147e-03 2.986020974644847288e-03 -4.948193904707994320e-03 2.837523935448397344e-03 9.530475328437006382e-04 1.554820819079108952e-03 4.863254938079598390e-03 -3.337912166351250653e-03 -2.177498806595676469e-03 8.283508865619633454e-03 -8.121095998028754308e-04 -2.600091196670737976e-03 4.122749888976063974e-03 2.368339616995917586e-03 -9.589346681481433028e-04 -5.249039422795196037e-03 -1.093732964050033200e-03 -2.813121085642334828e-03 -8.364831501507469323e-04 3.500259386356610689e-04 -1.165458808185754723e-03 -1.149485443735690990e-03 1.618441616251452188e-03 1.891976206903984905e-03 -9.607245203918991002e-04 -2.397950625966678486e-03 1.311247742875859329e-03 -3.031698071287086682e-03 4.580188981821565575e-04 -6.807326861252832985e-04 1.733870451304279523e-03 -6.412784759037016549e-04 1.218046922695804717e-03 -1.646517727454474599e-03 -9.875562834270319550e-04 2.522952141753589516e-03 -1.858700184504598037e-03 2.345135244047664384e-03 -2.484902611848629692e-03 4.260033905206321830e-05 -1.267243854458504097e-03 -1.342558763755451884e-03 -2.232208783004820986e-03 5.592410308041013836e-04 -3.754250399608751896e-04 -3.076494720212228436e-04 -4.882488885181107490e-04 1.567359209831349501e-03 -2.807683503274029167e-04 5.616147825019804146e-04 6.734308222681473785e-04 2.129379598294560525e-04 7.241782552745235427e-04 -2.658243271216673056e-03 -7.419658495857878178e-04 -6.588678670987533053e-04 -2.557460752657633491e-04 -3.918811657189650373e-04 -3.261161255851445983e-04 6.137496413310271522e-04 -6.671845984538436920e-04 5.407501682110690952e-04 1.367089672037453832e-03 -4.954496068164230844e-04 7.576929536054731462e-04 1.172604788889570527e-04 -1.362527545288417597e-03 9.261635687640547634e-04 -2.673374295567218766e-04 8.483546892957288419e-04 6.991855092116822145e-04 1.988884527046477392e-05 6.459103355841258913e-04 8.422277723836564620e-04 1.357798845840063693e-03 -1.118841288939327518e-03 -9.458151163935473848e-04 4.969700368866918419e-04 2.055200715858221741e-03
5.215754809142500448e-02 3.279930658165010338e-02 -2.215378738561500291e-02 -4.209020494812006769e-02 6.269639095618588509e-02 1.964520622030643121e-02 6.861053711366466371e-03 2.190092132405404082e-02 -8.763498456764055172e-03 -5.773987645289230426e-03 -1.502468443084205817e-02 1.301324211075160142e-03 -9.499959168965735595e-04 1.821471789454159537e-02 4.344983575830583373e-04 5.738429014466982919e-03 -5.078570928144345367e-03 -1.532507518872760956e-03 7.708675933729583138e-03 3.292671015489297397e-03 8.758647972412301336e-03 -8.461630928002179808e-03 2.859419669036793610e-03 -5.663650717761332032e-04 3.214425407884871633e-03 3.708263925255966733e-03 -1.419540638473654106e-03 7.516297012453558059e-04 1.587703845438183858e-03 6.856999431875209329e-04 -2.056215534116626921e-03 -8.175990216789092270e-04 -2.572479650309825432e-03 -5.190008466892300290e-03 -2.930098610618740371e-03 9.585940471061464617e-04 2.544139066830955649e-03 -2.292961374744199258e-03 7.208611384248824784e-03 -5.775942741302277431e-03 2.429796286064947897e-03 -1.983941776108962603e-03 2.916762602849087751e-03 1.997104033859481171e-03 -6.829281211599464059e-04 -4.206180345784342467e-03 3.138090311991736329e-04 -5.447215573566799784e-04 2.966942740495373543e-03 -2.929242538245741684e-04 -1.515658177906475165e-03 3.023070341577916223e-03 -1.277005695010867328e-03 -3.066354973202124225e-03 -1.318502960766828550e-03 -8.433843317469795790e-04 1.776150643941368972e-03 1.229999442821242198e-03 -4.095260211875870128e-04 5.368483298469277354e-03 -1.633691873885192557e-03 -1.874678755516810203e-03 1.899296782353696988e-03 -2.075601447875294412e-03 -1.022073298641139457e-03 1.436488581812107044e-03 -8.465114048751836047e-04 5.943545366877227547e-04 -5.407313875802494943e-04 3.495243182086337419e-04 -4.777031584740379865e-04 1.864262056902052318e-05 2.784268040368979760e-03 3.220500664556453434e-04 -1.792073185726868060e-03 -2.560676936397850764e-03 -1.740611683027187525e-04 1.516567682787279105e-03 -1.488331737098615290e-03 1.883008417202353211e-03 -2.947788416321775028e-03 1.994280111260142777e-03 -8.183933575220950956e-04 1.773716794434764769e-03 -2.233508682062252532e-03 7.763252670778164784e-04 -8.561024567469054580e-04 1.400405504819948071e-04 -1.435263055047752534e-04 -3.321790427240677544e-03 -5.955205427774205472e-04 1.523134329214055746e-03 -3.603313207677657105e-03 -2.100620640671412714e-03 4.307366804759592488e-04 -7.193442984584749646e-04 -2.210275276929309172e-03 3.009049766294388806e-03 4.354673359240110572e-05 -5.370779735183749170e-04
-1.203661192165102756e-01 1.435752112309290340e-01 -2.605195995893834840e-02 2.183003740183494731e-02 -4.294330456611005799e-03 -1.328319133224113496e-03 -9.544642507311209417e-03 -7.724168284098573665e-03 -3.387957461450092148e-03 3.610031498176387386e-03 -3.844387569045376683e-03 2.485615244435872197e-03 -1.383932392770221339e-03 -7.454443749821251797e-03 3.077791326270259802e-03 2.730437354034021772e-03 -6.369134821347269097e-03 -8.514972614686481612e-04 6.243473384057326124e-03 3.296011106103939169e-03 -1.063307292068957442e-03 -6.716984645467783885e-03 -1.384596084420498460e-03 -1.028383149822454041e-03 -2.817630937656598203e-04 2.437840174068707511e-03 -1.937916331865118533e-03 -4.386492971306035250e-03 9.920916493366077702e-04 -1.037656121554447362e-04 7.807037741878318938e-04 2.203850850048491052e-03 4.725685475233645165e-04 -4.088935184932016779e-04 2.254112263714575740e-03 6.804393515665929171e-04 5.153628864063599692e-03 5.977220880414994050e-04 1.148556402261109418e-03 3.054913893133377831e-03 -2.284128355557820886e-03 9.204166152987980961e-04 1.848004464639851430e-03 -3.794597448955319349e-03 -2.908903839820179121e-03 7.986150051776924998e-04 1.686084873591438792e-03 -4.804464884402130133e-04 2.148177252932688495e-03 -2.252893371972777403e-03 2.336113951051284506e-03 -2.045550330296111354e-03 6.604548258531046413e-04 2.671260913808270760e-03 2.090489095093103159e-03 8.193078337797196587e-04 -2.292426748085858203e-03 -1.641237909054097006e-04 -1.382308463589027904e-03 -6.906569223495109995e-04 -1.201837581526273620e-03 -8.627986044095597160e-05 6.703418383535893199e-04 -2.020287341762013172e-04 2.546175815281513221e-04 -2.549399802980144552e-04 -1.337011316683921203e-03 -9.626976405383913049e-04 1.316439277425300374e-03 1.743969966098679299e-03 -1.555463624212188216e-03 7.922913663124166866e-04 -1.031733623556592167e-03 -4.219878882186149475e-04 2.404529220635880202e-04 8.064878031593104260e-05 -3.038338681603676406e-04 -6.609134549418122558e-04 -1.930788341480581998e-03 7.269264151161376709e-04 -1.583202804267884684e-04 1.073269818459370115e-03 2.932716331616464357e-04 -8.755983471236879765e-04 2.423375623780406958e-04 -7.615763234731654906e-04 1.662446719817436492e-03 8.773339881101276799e-04 -1.037953530055045118e-04 -6.616146920321002833e-04 4.890577947594647182e-04 -5.718857704968095335e-04 -1.476643693288978232e-03 -4.223721607687831747e-04 2.321782815412236963e-03 1.910868952089428429e-04 1.634546262124388479e-05 1.525568887468441333e-03 -9.931332046679845933e-04 -3.753617686554707616e-04
-1.363187607797448908e-01 1.013147609961768669e-01 7.674508233069124788e-03 1.772514431377806080e-03 -1.160739266673983805e-02 -9.582361962448739806e-03 1.322082256293050963e-02 -1.342923792069540892e-02 -1.802851289798726745e-03 -1.004932484435758569e-02 -4.575211178162610567e-03 1.336541571812628788e-02 4.089963635904506414e-03 5.710135914369569073e-04 2.265586907554493893e-04 3.070027302729583826e-04 -8.893989995079261759e-03 -1.428345225332672795e-03 -2.232670364312965179e-03 -1.288371562113967530e-03 1.512954516873230362e-04 1.775889986633836593e-03 2.109565881794100723e-03 -4.111220961193917493e-03 -5.003886162172818501e-03 -2.215631071145293240e-03 -1.475796253615448660e-03 -4.320960227623399721e-03 1.494596651557569128e-03 -1.027912980961650635e-03 3.122427005073677691e-03 -1.785567191302146707e-03 4.008922644498656533e-03 1.621729409827314802e-03 7.076170934213000044e-04 3.823654904889654317e-04 -1.684030561982944327e-03 6.121537423400227884e-03 -3.380042390834528138e-03 -5.959742087331105533e-03 6.956554756636184039e-04 1.324863348367791337e-03 -1.241241228508052890e-03 -1.709901086834897345e-03 -1.099800394705319597e-03 -7.684844667158647908e-04 -3.473331300196985292e-04 2.455232925558610124e-03 2.919947657967476070e-03 -5.875744625929665323e-04 -7.162733113427276590e-04 1.834842101494623626e-03 1.918092104140533584e-03 1.807245216073834898e-03 -4.304623095957458602e-03 6.395485364371790568e-04 5.329506279822442474e-04 5.019031724974101771e-04 -1.470670314003071901e-03 1.101924949096957278e-03 2.872215520244146385e-03 -1.773620550048266974e-03 1.294334692905829568e-03 3.642341955680938794e-03 -3.621928137366789337e-03 -1.318121040086253984e-03 1.879746890640819406e-03 -1.613000630172976802e-03 -5.849834795537365304e-04 -1.719687408811669755e-03 1.083040453682568250e-03 -1.137699789870442508e-04 1.104902318990797373e-03 -5.848412235316098953e-04 2.108618861864644360e-03 5.204417385689808894e-04 2.821501277189834150e-03 9.396836583208331446e-04 -2.797730804588238274e-04 2.646236125889352489e-03 5.761602442567524511e-04 1.551298217415609821e-03 1.849357640357877117e-04 5.238140176968361260e-04 -1.163623029121860003e-03 -2.059337438614712481e-04 -1.043926240148049375e-03 -8.506388507936634086e-04 1.486219664664778289e-03 1.101701667002792911e-03 -1.427191951768377182e-03 -2.541214812146449457e-03 9.501567808163236678e-04 1.289851399710024472e-03 -3.751724637782241634e-03 9.262159021045896857e-04 2.534931533141944362e-04 7.769080597894560290e-04 3.254975523068237607e-04 -1.309356260935504775e-03
-1.275662192295896336e-01 1.492827265659448233e-01 -1.649932259939297305e-02 1.967444486805543583e-02 -8.908606454749121509e-03 1.448139105760260122e-03 -6.039432564372591156e-03 -1.108503533227440420e-02 2.204517034465226268e-03 3.008521118223244240e-03 -1.255737924576022123e-03 -1.080877468023173438e-03 -1.856193943153679410e-03 -6.213197198203464222e-03 1.106345000091495502e-03 8.548779048460030099e-04 -4.479636917767117026e-03 -1.185471563674737536e-03 4.537775597452544003e-03 2.782776483115039878e-04 -1.379531376848803928e-03 -2.883584652038384457e-03 -4.808617564522375300e-03 9.163889090611982476e-04 1.921002779869593054e-04 2.320517282835859139e-03 -2.378103100177613068e-03 -4.508780313151508731e-04 2.186246551404008153e-03 -7.115734945273906754e-04 -1.942321802158522440e-03 9.714474371125005579e-04 -2.867785855791471950e-04 -1.448664307528219801e-03 1.422358391305208374e-03 -5.857062944986290076e-04 1.987228426680268979e-03 -1.757118282386534950e-03 2.797002008009718578e-03 2.129721588646995949e-03 -4.096039577563391314e-03 1.228785620796852163e-04 1.043484983369973897e-03 -7.540762392509477293e-04 -8.629686714408411679e-04 3.597096311001812233e-04 8.828001082398429693e-04 -4.495327272686746906e-04 8.115161572356629398e-04 -7.356286362673357458e-05 7.175465013527889324e-04 7.464970174061498097e-04 1.168165360263222772e-03 -5.818410463714646531e-04 1.287374285848245231e-03 7.809546531559471245e-04 -2.425557198429639533e-03 -7.436487273466361190e-04 -9.483988417882807187e-04 3.343900238242713337e-04 -9.501831364287208117e-04 1.784692086049000006e-03 5.525616574735411294e-04 -3.587281900923780889e-04 -8.669684232259510003e-04 -9.249294382000858164e-04 1.015702992010676349e-03 -2.505863063701064923e-04 1.912717929404345778e-04 1.492296191613821542e-03 2.387384103705156215e-03 3.520078268383786818e-04 -1.126791573800097748e-03 -1.159147054569553649e-03 2.510815475485371679e-04 -1.183664724193529650e-03 -1.983354964005841012e-05 -7.857231271467879970e-04 1.876216356173134058e-04 3.775929529379987870e-05 1.607802712830873511e-03 -7.473513877088988882e-04 -4.696739039355512352e-04 -1.958299616664754134e-04 2.707856000377265508e-06 1.382142848168204340e-03 -9.849992477556808457e-04 -1.650398272222886129e-03 1.603684677802167660e-03 1.825987091857382430e-03 -7.059496323944624121e-04 3.622555399967108871e-04 3.875743616577632120e-04 3.415975698023653007e-04 -2.184176219600871254e-03 1.155967252382999631e-03 -6.607999009428593791e-04 -3.391364936061960918e-04 9.863926144412170881e-04 1.047045693352141029e-03
-1.273698437318712962e-01 1.440542777458014567e-01 -2.109211231451926100e-02 1.688439770718551045e-02 -5.608460296160622076e-03 -1.961898032991701932e-03 -5.348051054732764695e-03 -5.082675862211618115e-03 -2.549175629976918817e-04 -1.643176280789375573e-03 -1.683431853018532319e-03 2.966232629646302181e-03 8.419866362981702664e-04 -3.512743123697730473e-03 -8.494735123984630725e-04 1.201524170709584961e-03 -7.138101461399481117e-03 -2.472618349387472941e-04 3.847479849692572815e-03 -1.596531048065571480e-03 -3.110925023099784734e-03 -5.475340262706348410e-03 4.268504049716677394e-04 -1.155954403971589089e-03 2.995218236635867855e-05 -5.184788357731152713e-04 -1.307374456800464461e-03 -2.230548599932850526e-03 1.518046282402044133e-03 -3.992380991024316664e-04 5.056658557963292873e-04 2.067911312520610053e-03 -2.376100909444125607e-04 -1.763466221259467987e-03 1.219568725527916692e-03 -5.065387734556367309e-04 3.541055110798670136e-03 -1.918681382843824123e-03 7.119708186493533056e-04 2.750401860966433104e-03 -2.276783356549015678e-03 5.702803190772165205e-04 1.397713975145668287e-03 -1.736718194887050884e-03 -1.124393897174702159e-03 8.881055240130514110e-04 2.365738324437849892e-03 -1.239531993670265090e-03 -8.615257454807947459e-04 -1.202492294983487390e-03 2.492636775632698157e-03 -1.330021193118694454e-03 3.649607999917893410e-04 1.473800192896434656e-03 2.417429767295818481e-03 -1.281145532856577248e-03 -2.009367780092340735e-03 -1.807783176331127740e-04 -1.108327276608816461e-03 1.303719031628099937e-03 -6.079842300118283756e-04 4.849543401155973128e-04 1.339559577917477694e-03 -2.902379987388294894e-03 1.096549220425136308e-03 2.669104135350371370e-04 -5.190884398219033045e-04 9.040549396916883413e-04 1.189508301368165377e-03 2.147639050306663147e-03 8.574392384945554724e-04 -4.775929969932219115e-04 -2.569264348507445048e-03 2.043155524050386477e-03 -5.501311991354617369e-04 2.460002973529271824e-04 -1.237491093639842422e-04 -1.194182339768557052e-03 1.196619147774525773e-04 -1.777685225383314862e-03 -2.795126824333062521e-04 -3.100702825422014478e-03 -1.128147960236956055e-03 9.294152527790308389e-04 1.046435344761108380e-04 6.239151739813618208e-04 4.959605514485596013e-04 -1.659934483826142190e-03 9.911575486825003646e-04 8.952272375102004846e-04 2.510508309137984904e-04 2.557285937740010930e-04 -4.881504261742971532e-04 1.354647730771497841e-04 1.291740773918357557e-03 1.112589043564094805e-03 -2.603171863453567153e-04 1.391637381854336818e-03 1.097944798018327617e-05 1.813075819799713070e-03
-1.067191433523242555e-01 1.228208497008435873e-01 -2.487578320712928448e-02 8.410418529900428458e-03 9.357615193784741409e-03 1.369227969128483310e-02 -6.760174142879591709e-03 6.585391666846349308e-04 3.063514643148756186e-04 7.767311978356043582e-04 -7.344861710931138016e-03 -6.637747814763992650e-03 -4.842826461688333126e-03 6.800869723355428692e-03 -2.222235734888240461e-03 9.886229400466132328e-03 1.287092310926918207e-03 3.183515740991534667e-03 4.703921326607136966e-03 5.771273730039213484e-03 1.691782269854874305e-03 -3.830476250932227447e-03 4.718580588381073894e-03 -7.282387811658124800e-03 2.387202885258071002e-03 1.654955298871996867e-03 3.072105737783961850e-03 8.048203590730919343e-03 -6.051433080519361086e-04 -2.922500660275263035e-03 1.407801356556079471e-02 -3.228741787567538778e-04 -5.120137140498466459e-03 6.320713081730124777e-03 6.533179604654318871e-03 -2.672775184704292723e-03 -4.170113646233471714e-03 -1.478909775263483224e-03 -4.075558862634084782e-03 -1.569818387843524825e-03 -3.617407511190626288e-03 -1.195381291533391963e-03 -1.512441464777470636e-03 3.364119522272209580e-04 2.414247341739262615e-05 -7.554117395065022529e-04 -1.090392420760097911e-03 3.034366796707347377e-03 -2.022693920713109807e-03 -1.427545062729423334e-03 2.058695267085768141e-03 -5.765691957449204643e-04 -3.359708439341226553e-05 3.190572850001990261e-03 -1.355102297484420083e-03 -8.536344274743062031e-04 3.850009060633231991e-04 -3.728328812105725920e-03 2.704970709779331347e-03 -3.325241611081111541e-03 -9.717290808235453997e-04 -1.461391985041096686e-03 -4.001967149733947401e-04 -3.254584686066325314e-03 -1.719579619860926853e-03 -1.902747092933973873e-03 -1.296261608475497576e-03 7.032520902469520776e-04 -1.156901650915390057e-03 9.351633740192011671e-04 1.247379034926979994e-03 1.579235834631737218e-03 -1.873407608286137391e-04 -1.411185063779214028e-03 -2.251567109385455012e-03 1.862532868370540752e-04 -4.447852461113305385e-04 6.596037985505642494e-04 -4.960012121310705593e-04 5.408899584684615175e-04 1.001320407070219751e-03 5.669109863987231235e-04 1.621275124567777464e-03 2.147590828854200392e-04 -7.648687939416465124e-04 1.204274893662301031e-03 5.950229685143948325e-04 3.860048853963406212e-04 8.971193846691611490e-04 5.845910323838704068e-04 2.287493463812594649e-04 6.603818434245142897e-04 -6.462030205161505524e-04 1.106690742593262073e-03 -1.095372933419553945e-03 4.405427513977106923e-04 5.528123616267815310e-05 -1.641512986125520136e-03 9.087198848959752594e-05 7.541161273826018502e-04
2.403941959499940884e-01 1.385675114834473108e-02 -2.135359206273123450e-02 -2.287607012616998600e-02 -1.916070342670814913e-02 -1.284038834577762127e-02 4.713397035175991706e-03 -1.038546505213877027e-03 1.436934018871645520e-02 6.225902121000202218e-03 -9.678284612715653060e-03 2.684355403453545993e-03 1.527969573181310473e-03 -7.321057454918219153e-03 -1.065705212791899026e-03 -2.558165237491075682e-03 2.552092872443132657e-03 6.668337637949870757e-03 6.874437375106061182e-04 -3.078039660241855841e-03 -2.981932900977543404e-04 3.956353300852132071e-04 2.035276893069438205e-03 -1.404474095982284360e-03 1.459918221173936578e-04 5.399671202286697794e-03 9.544976868238390193e-04 2.336342945487334191e-03 -1.620045288978626047e-03 3.074698098975228028e-03 3.346390247288947000e-03 -2.193754295092512074e-03 1.468658905765586956e-03 -3.563275735927680637e-03 9.915699976923168703e-04 -1.677886715835693633e-03 1.396788814212502478e-03 2.661490431330760034e-03 -7.581154183178523236e-04 -9.634094640384632585e-05 -2.175274124011555409e-03 6.448649828042994072e-04 1.381991266617233665e-03 -5.885477146849176118e-04 2.400363202039917324e-03 1.388329068304955003e-03 3.347136501557392962e-04 -1.978857639765478540e-03 7.575892672215452659e-04 2.621133214785930244e-03 -1.190423308453922475e-03 -1.777735169554352452e-03 -1.309082258913558602e-03 -2.022179172423647659e-03 -1.779693412877380448e-03 -1.286050889023032879e-03 -1.537222762011319476e-03 2.235083104341949265e-03 -1.818349921738890429e-03 -2.867106708804032845e-04 1.830098366297035943e-03 6.618592376949888748e-05 -5.895564072880855053e-04 -2.759887223739326909e-03 -7.567571922457280633e-04 1.780477983017850641e-03 -6.559554242437410526e-05 -8.856787427627425737e-04 4.652846585900274564e-04 -9.848935513368523974e-04 5.155605498859012212e-04 1.385944808914379555e-03 6.150640375875999349e-04 1.562742196582840928e-03 -2.221283096836569257e-03 1.611355341343892900e-03 1.214968483608361554e-03 -8.670366979456946852e-04 -8.110141573363612629e-04 -5.972769671311059861e-04 2.112786530214690311e-04 1.416776583887720741e-03 1.720556503410774476e-03 -1.865313771799250548e-03 7.738187053042569572e-04 1.807560159572028599e-04 -1.035462588634923371e-03 1.124574658184909282e-03 -4.037766254051870611e-04 -1.332459382391249988e-03 -6.293061618230906757e-04 -2.044901291500963948e-04 -7.568190780383718180e-04 -1.358058878009432832e-03 -6.996035391132682723e-04 2.530149626647349012e-04 4.649982076700746950e-05 -5.114683533879686711e-05 -7.422520302324636622e-04 1.128589820221534510e-03
2.317608891636678270e-01 1.679074557583904240e-02 -1.235285228792543273e-02 -4.496535049231144970e-02 -7.482595241628146182e-03 -1.176005244399856535e-02 -1.201501909234301523e-02 -6.475193239745644092e-03 5.652540142427545621e-03 1.534637499370530324e-03 -5.361764639849472651e-03 -1.926934271358728341e-04 5.627323134268342152e-05 -8.697991474438141954e-03 1.056846246777845728e-03 -4.745519934382093526e-03 -1.038643674655954701e-03 4.094640819538577711e-03 -1.519262057404058243e-03 -3.813345099736665210e-03 5.406309397820062250e-03 9.333038698466270379e-04 8.786832709529913835e-04 -2.141769863402434798e-04 8.220387798068239105e-04 2.507047974743448378e-03 5.415731471260689777e-04 9.508532874587175129e-04 3.711083938808688778e-03 8.353928598957782942e-04 4.222141405765382667e-03 -1.621995792103602318e-03 -1.028213342593581586e-03 1.672690505024436664e-03 3.059542834851186176e-04 -2.316241678825228367e-03 1.387984886712068881e-03 -1.204900959418204673e-03 -1.615156129780002687e-03 -1.044476504907568791e-03 1.913813290729990098e-03 -2.314416512523457398e-03 2.723867106451961220e-04 6.391478083549118278e-04 2.629632247949157103e-03 -3.636632513795999880e-04 1.881668475826231684e-03 -1.518785709148877134e-03 7.610273540224673236e-05 1.312667664230037293e-03 6.193814170489291481e-04 1.216486882096347267e-03 -1.782618741470026139e-03 -4.638992512401950282e-04 1.040225556965553629e-03 4.851233432424506943e-04 -1.505259053188164487e-03 -1.431842378023517664e-03 6.278192484080363832e-04 2.088414252708161497e-03 -1.728260662597274266e-03 1.005023830090559078e-03 4.378403958299427121e-05 1.964053056780642580e-03 -8.241397552707997775e-04 -1.322035625047346939e-04 -6.892368299203896530e-04 1.852606953885415665e-03 7.095770101992602457e-04 7.089861659451375054e-04 -5.289149788592342402e-04 -5.049617178951981683e-05 5.837317083671938805e-04 -9.123710500884001529e-04 3.128968027703807331e-03 -2.226039518678718434e-03 1.705676235193266600e-04 -3.264805489277752284e-04 -8.062055506196105044e-04 4.884036610991363643e-04 -1.154688967017446439e-03 -1.226545671638668619e-03 -1.236530304896444037e-03 6.594859036288419109e-04 -2.178281237824153502e-04 -6.093342934755759848e-04 1.111027005859053802e-03 2.756085809457300813e-05 3.868243981531553242e-04 -4.045767601510731333e-04 3.812342118324709870e-04 1.114092592319623022e-04 1.398291582069662779e-04 4.092984357021055221e-04 3.722279146516783836e-04 -1.049613075368658385e-03 2.179507218917907418e-04 -1.067907614319855937e-03 5.939166409192344568e-04 -7.485589647593873667e-04
-1.273949063882189314e-01 1.293947696533556957e-01 -2.887534734832800098e-02 1.106457065681283776e-02 8.099909372968725971e-03 3.507509514375195449e-03 -6.418621289799310639e-03 3.882796096935912846e-03 -4.760033827288552219e-03 -3.881311826620851332e-03 -5.453306046321497631e-03 3.197164910727944183e-03 -1.822600823904602649e-04 5.219002661061587832e-05 -3.120033836976589085e-03 3.067185985007073352e-03 6.124358887196925186e-03 9.353461272469874551e-04 4.328480915677993500e-04 6.959540780924624616e-03 4.256430140099200753e-03 -2.656719296249512429e-03 2.897435133149076688e-03 -2.380108028539770944e-03 4.082050994019077381e-03 2.855225790600704992e-03 1.590899219390481912e-03 9.826124030202281964e-04 -3.347145370331649616e-03 -6.658500653030892738e-04 3.603029774287823742e-03 -2.141534481755415133e-03 -3.391589872745635285e-04 3.398866654708880813e-03 -4.037758549755282437e-04 -4.206769272363079939e-05 -3.706795037405483367e-03 7.113045415823448939e-04 -2.315911733991636492e-03 9.490802916245023651e-04 4.178192765406159304e-03 -3.579818436384034938e-04 -2.914746485525089603e-04 8.913842792062682966e-04 2.603798740813348216e-03 -1.592944623281979523e-04 -6.499681874803221824e-04 -8.260975605428900201e-04 -4.039152491611212523e-03 -8.213377161755425627e-05 -4.904853019593906826e-04 1.859841142504195825e-03 4.431174406304338119e-04 6.817234917596429536e-04 -5.738970797090854397e-04 -6.966715627556005269e-04 6.529502833778029003e-04 7.254101532201469738e-04 8.502702148307895265e-04 -4.993905821269676703e-04 1.178738740130960564e-03 -4.840456657065884375e-04 -4.949627614850227652e-04 -1.016330044224354181e-03 1.548893166440513903e-03 -1.332803609219611796e-04 1.328142764363749850e-03 -4.531153684774012346e-04 1.192336209282889416e-03 -1.320328710225936826e-03 9.733101579407925147e-04 -7.650975957119855557e-04 -9.982928577502451963e-04 1.793871840488966453e-03 -7.611154038160983237e-04 1.323151346956645438e-04 -7.673136600197248995e-04 -1.332938604017627022e-03 1.074665619293395033e-04 -8.889415338060804731e-04 -7.218954474876577813e-04 -1.126755076322113894e-03 -1.772683117422292100e-03 1.233627380257715450e-03 -3.441832565734037120e-04 7.183342809046118481e-06 -4.610111740170894155e-04 -1.876636049672125890e-03 3.904617377388073141e-04 2.271545865339613202e-04 3.318874227116623337e-04 5.193640898962822143e-05 2.979790234044057203e-04 -3.462496868862047867e-04 1.177231389089537653e-03 -1.590525518911391743e-04 -3.618000969471169589e-04 1.361799299886774176e-03 -2.352020942643411538e-04 -2.248254040474383596e-04
1.038569700885982744e-01 3.130224539926570494e-03 -3.858248783856507019e-02 -1.521875486837660253e-02 1.679933784025205296e-02 4.175293275821778671e-03 1.207943752504281494e-02 -3.652257792155927992e-03 -2.131714195057556396e-02 1.425524626503209963e-02 1.782307418436308161e-02 -7.830672575839655800e-03 2.524759230508114016e-02 3.998234917319000090e-03 -2.206479841286879693e-04 6.114710507957161990e-04 -7.792123065165240149e-03 -6.893993776411583632e-03 8.713013179812715420e-03 6.707981389816795176e-03 -1.847958583301980632e-04 7.841745857009981002e-03 -1.244588822050343019e-02 -7.894054801426783619e-03 3.907142338864981815e-03 -8.053189435676667146e-03 3.013717367652354699e-03 -5.698841261833683406e-05 -1.609834929640991882e-03 2.112860077385905061e-02 5.587151336403036773e-03 -7.295994036089105753e-03 1.025300752687437374e-03 1.296627465225087253e-03 -1.096660207968012555e-03 7.081294421276249258e-03 3.701224119443337953e-03 -1.699936615660312643e-03 -5.849446113731807291e-03 3.066879025076701785e-03 -4.438450201695540512e-03 9.256237875553791853e-05 6.515506066796203019e-03 6.489933982737556076e-03 -5.530705701172196033e-05 1.945976769841651017e-03 -3.106308609366142514e-03 -8.783202394170546833e-04 2.142698627292860325e-05 -3.711856088892146171e-03 -8.960100251966261796e-04 -9.111230859653660216e-04 -8.589478471724602089e-04 -2.312559887169016691e-03 -5.473883266004139422e-03 1.127336380245913365e-03 -2.731909673272602847e-03 -2.682556447696735373e-04 -6.565834422131498586e-04 1.675404267555200997e-03 9.788371943212569818e-04 -1.340758903498056589e-03 -1.012626886778545971e-03 -1.315418846196910775e-03 3.179381221722946647e-04 -2.140172283271756393e-03 -7.307483693663476519e-04 9.986572510967946052e-05 1.278537331937261911e-03 -6.833457923143153095e-04 -1.718604830712477851e-03 -4.400021063925198413e-04 -1.504422454088653665e-03 -1.187133666939587263e-03 6.181145144861674391e-04 -1.318263744946077121e-03 4.593031530171364407e-04 3.686487246263678188e-04 1.113306798725555852e-03 1.697720264480036452e-04 -3.992741818321697903e-04 -1.538271382690984063e-03 -1.024080526663386832e-04 7.142920885087223216e-04 1.117950003029335505e-04 -1.435974894859807800e-03 -7.031265546838091820e-04 -2.874688621874241907e-04 -1.615296182768800426e-04 2.295699203959006859e-04 8.784993525593924124e-04 -8.016628417764764007e-04 -3.845880616868938722e-04 7.925002176662190520e-04 2.266177911668430334e-04 -5.023189305266800939e-04 -5.762634856323698297e-05 -2.352192716608197064e-04 1.102324659237025441e-03 -2.092885266928666403e-04
1.945061248366069251e-01 1.197549484550614052e-02 -2.875635535375605650e-02 -2.584968369617277051e-02 2.565118572589258038e-03 -6.720396802475715227e-03 8.916319123733395732e-03 -1.394020690233063915e-02 -2.370010191045788042e-02 1.263257302882178287e-02 8.627894949548070916e-03 -7.508903875250157005e-03 1.498449039294966721e-02 2.919293284291798324e-03 -6.377610647054039392e-03 4.321148411069907630e-03 -9.355882600110681027e-03 -4.567216431163365238e-03 1.253728794035356957e-03 4.516934071432250966e-03 1.905640976423193063e-03 8.288770400726278324e-04 -2.840508042388558210e-03 -2.788986111534607097e-04 3.762985342504109650e-03 -3.555492903400710517e-03 2.900309319347843529e-03 3.442981629951756464e-03 -2.604632404888229669e-03 5.703490074342281758e-03 -6.955530629730084400e-04 -6.717443552737732346e-04 1.289312541271018814e-03 2.222825054935168281e-03 -1.451147736086244979e-03 -1.973970065511709577e-03 -2.523709525890703229e-03 -1.148469579562754828e-03 3.205026651971580164e-03 -1.584335744404986954e-03 4.341995980052073753e-03 1.367126937783006118e-04 -4.449819568755531210e-03 -3.126259956376378421e-03 -2.399102593282726945e-03 -2.474692983346980357e-03 2.148677197409897335e-03 8.480154343521190824e-04 -1.330913303286864727e-04 -9.613604557486276096e-04 -9.845247733303258235e-05 -1.191032822297798935e-03 1.596346857449014358e-03 1.454292659760143694e-03 3.624839403946286068e-03 4.219797465878217906e-03 4.018268124758317145e-04 -3.206504631491934910e-03 -9.818921832614483855e-04 1.674643972081298938e-04 9.456737531664883070e-05 4.232478307405283108e-04 1.293200778666182956e-03 2.254255142782467421e-03 2.575916441695326724e-03 2.264844316183406512e-03 1.931479848873337017e-05 -2.547624419642078968e-03 -2.080076829976342141e-03 1.366482665366843029e-03 2.843116137960306940e-03 -1.963347842204263033e-04 9.342591932370859743e-05 4.158983659441584449e-03 -2.460636503085602243e-03 1.136805619603717572e-03 5.545743465409261292e-05 -5.475048666171794748e-04 -2.045800919647200369e-03 -2.966103131119312772e-03 -5.490845665303029522e-04 2.200376913801601643e-03 -6.934493349667037419e-04 -2.028286570448659034e-03 -3.168166868658650256e-03 5.378465089914202628e-03 1.175446011862784322e-03 2.616166891449498051e-03 1.511157479480127429e-03 -9.734689515629961617e-04 -3.537094937594752447e-03 1.954813812792349607e-03 7.223665288695054832e-04 -1.581100689438412390e-03 -3.356801329687092157e-04 1.790024675377794574e-03 1.111438331768072616e-03 -1.743361693986957657e-03 -1.290695566406972012e-03 -1.785363844016117293e-03
-2.850831488505992453e-02 6.139004446611933188e-03 -2.531282140596475150e-03 -5.502560358138805160e-03 1.998238607911410544e-02 2.153804149641442428e-02 1.415264591216643456e-02 -1.126384667792712166e-02 -9.385723164899963805e-03 -1.621319526508016584e-02 1.413249511243232573e-02 -1.011902668819917445e-02 1.989864565943507899e-02 -1.735513740858824101e-03 2.966447075019253924e-03 -8.758270537424192245e-03 3.956726787542467691e-03 2.483564091219437470e-02 1.984783600738501338e-02 1.846363448558614034e-02 -1.099999235225570041e-02 1.447718617233463047e-02 1.359658058348440883e-02 1.396390511775628430e-02 -5.998405123204130114e-03 1.029419448683695920e-02 -2.030922035672424488e-04 7.086036891961306448e-04 1.364507006492561222e-02 -2.809618140564282707e-03 -6.275001023615981669e-04 1.923793127889300092e-03 1.163822591072406635e-03 -1.613363004075901545e-03 -4.935896409862542073e-04 -1.881462864511279165e-03 8.363278479191879784e-04 -1.014197068719421314e-03 -2.598293069641844158e-03 4.305802338597711351e-04 1.505191904049569271e-03 -1.222495939603372630e-03 1.380408007738822673e-03 9.220945606941250653e-04 -3.399709393782888566e-03 -1.526762593901442649e-03 -4.290857968969632313e-03 1.694619949929690103e-03 6.405479122331542412e-04 -2.623589390661095659e-04 9.374675951726304060e-05 5.976722090201022717e-04 -1.171804694190719479e-03 1.036645093203586429e-05 2.278521605464691444e-04 1.490238810336286419e-03 2.176245593033517521e-03 -1.914754066345258617e-04 -6.043160678413047639e-04 -2.382374003226341215e-04 2.789721216687604706e-03 -1.448337708119708115e-03 4.818778126642709681e-04 -3.158859663270654735e-05 5.294133066139619301e-04 -1.767148853565182797e-03 1.299114007489166923e-03 1.280479762933749762e-04 1.033860706778184100e-03 9.481747632530402843e-04 -4.260715653636434680e-04 9.117912482809407406e-04 1.648913584823393712e-04 6.253641292315450595e-04 2.713375063571869415e-04 -5.282472506369913310e-04 -1.152634397097207530e-04 9.381214305187404344e-04 2.343848490795196902e-04 -1.707748879113939666e-03 -1.249455583073024389e-04 -3.252372469247846861e-04 3.518428466576514958e-05 -1.078893797358643561e-03 -3.278082525716681322e-04 4.843791280818305473e-05 2.920079853979808755e-04 1.467606436660892708e-04 4.782364168969261944e-05 5.313862119561804827e-05 -5.991841004154532975e-04 2.020655118728928651e-04 -1.054474161983147532e-04 2.538639944403208392e-04 1.010084569180342981e-04 -2.090829897211895760e-06 6.664382296051285211e-05 6.815768473141159054e-05 -2.026736804443822249e-05 -1.135244098630689731e-04
-1.301381179590374304e-01 -9.326977218330051445e-02 -3.883401799081335343e-02 -9.908781925355786974e-03 8.623077114454945347e-03 2.004959844541390548e-04 -3.383512155215801127e-03 -1.499454593160132881e-02 1.139108179258015510e-02 -7.436063577640892285e-03 -3.653237220062453654e-03 1.038683096565610694e-04 -1.912293478057462779e-03 -3.356431829618235869e-04 -5.385159173890666229e-03 3.571042642183820844e-03 2.498913310935926054e-03 -3.591111745178846926e-04 -4.674156834453219796e-04 1.054177577496295468e-03 -1.347467487993904596e-03 4.269364930274923385e-03 -3.205480831655345853e-03 -1.059756927508138675e-03 3.160636795412459076e-03 1.075690812257943654e-03 -3.950556079144949308e-03 7.406837529684418388e-04 -2.167566322336199076e-03 -2.559842930572366233e-03 5.288517762805084029e-04 -2.888196132318444822e-04 3.567878099122166660e-03 3.187607278335598347e-03 -9.307278779219105248e-04 -9.515253587154948569e-04 2.217911782055214352e-03 -2.987782587476064348e-03 3.211408752612392777e-03 1.828648899925300504e-03 1.696945025621078877e-03 5.920759949733121405e-04 -2.718955483154761104e-04 4.178025497077730030e-04 2.389986287618770574e-03 -4.879906622208233656e-04 1.177282606003834118e-03 -1.716534897024938515e-03 -2.844176353318579164e-03 -1.157334062220461736e-03 -8.552097766210911165e-04 -2.005182990213545593e-04 -5.930153180916171874e-04 2.809785204401153095e-03 -6.082480755559774169e-04 4.866609966922877742e-03 2.088658123793954435e-03 2.634076587414296844e-03 -3.307327722100373516e-03 4.453349840665643219e-04 1.869105332963253135e-03 -8.505756215928220079e-05 -7.176291662828772446e-06 -3.284035511593109274e-03 -1.503859201338264463e-05 1.913399114788645692e-03 1.121303107888497975e-03 1.264374918133018147e-03 1.553600969537840236e-03 1.815442541205380001e-03 -3.011765291165278535e-03 -3.322376862238179875e-04 -1.999919546632932183e-04 6.250651712320356643e-04 1.142753281910551151e-03 -1.302076659337000897e-03 -2.020037243407977340e-04 -1.654959462029801905e-03 1.620424793689333089e-03 9.834588844234912457e-04 6.735795069571390249e-04 2.163731321373368790e-03 -4.011026982299615781e-03 8.770581872707550056e-04 3.075132775300618471e-04 -1.540928283132624119e-03 -1.159979773905501750e-03 3.501358542317200249e-03 -1.391180572153573975e-03 2.622798620856236183e-03 -5.419126419142258465e-04 1.321245351822252509e-03 -2.139215831371913453e-03 -1.047303143734583776e-03 -2.203159958722314751e-03 2.024642882002398309e-03 -1.937703586112713306e-03 -5.761351554302713814e-04 6.864981846324083332e-04 -1.868369835640158998e-03
-1.158483943620066264e-01 -9.838578572528025590e-02 -4.939326984475622684e-02 6.060475758060549292e-04 9.933599822807446730e-03 -1.245016381717492862e-02 -1.186889289196913118e-02 -1.231277515756342908e-02 7.918715421512734220e-03 7.483489131732795965e-03 1.208510941146193843e-03 3.455743080570916961e-03 -2.900076977559454088e-03 4.902950909268464878e-03 6.808769955083006711e-03 -2.284943305453313901e-03 -5.050936444249677854e-04 -3.307642517787881108e-03 5.196008599298911068e-03 3.380642484930806665e-04 -1.577491287498994322e-03 -2.487514361327364427e-03 9.042797634216663983e-05 1.510536247246289888e-03 -5.111286423765902184e-03 2.462231288724877828e-03 1.933476247250250817e-03 -1.014295131605762656e-03 -4.897539931749139881e-03 1.647931932445697092e-03 -5.811248654297452567e-04 -9.996453196579222714e-04 4.008885161574958825e-04 1.045894105717733299e-03 1.071361584337170939e-03 -5.645548610875395640e-03 -1.248820734522616003e-03 -2.874144434543720369e-03 -6.115551497046279889e-04 9.445138674640096016e-04 3.415995305062040095e-03 -1.547866259842940956e-03 5.078865027278780045e-03 1.616283524875636269e-03 -7.358167153879738797e-05 2.168454312880600549e-03 -6.905403064307109504e-05 1.711427652525103352e-03 -3.031912769354334035e-03 1.064327445128645860e-03 5.054246558846291378e-03 -7.341701619079257432e-03 -6.613623171556766954e-04 3.677100768042390632e-04 9.175379745309196738e-04 -8.777355752169817239e-04 3.500970901498932312e-03 -1.294913551020440180e-03 3.858887730687946428e-03 3.177721377207390861e-03 2.695172414216547366e-03 3.724662088267504962e-03 3.256214510720460177e-03 1.305237504664630288e-03 -3.932690190437153864e-03 8.670902728332299065e-04 -8.881783529174184805e-04 -1.124427833904631871e-03 1.544587006051769372e-03 -3.642019865269975490e-04 2.743989859845130490e-03 -2.476987050264077561e-03 2.018844301923143712e-03 -4.097244937298109781e-04 -1.470360120528939893e-03 6.824572311115046372e-04 1.777607505945865774e-03 3.622259315948442391e-03 1.795665240701330287e-03 -3.335656377129854954e-05 8.423197951434262644e-04 -1.877020749593667596e-03 9.335842194804633157e-04 -5.576215492092323521e-04 -2.097516151248496157e-03 -6.980117809208223742e-04 5.881719797085256402e-04 -3.482116221440508127e-04 -8.814245740042872534e-04 9.047331109473007301e-04 -4.246874129057022864e-04 -2.432175536575588719e-04 -1.923728366911388191e-03 1.597745354436000105e-03 -6.327425256821193021e-04 -1.581005516610272917e-03 3.500958313723209498e-03 1.720701183590945497e-04 -1.620629417044892439e-04 -1.606512982694982506e-03
-5.033682389159082476e-02 -7.591107493754585545e-02 1.279589297975258951e-02 3.961883153898172055e-02 -1.065047048803088522e-02 5.173204685661977192e-02 -9.487055401093347218e-03 -9.117417251645909895e-03 1.292741069276008353e-03 6.915111710039430724e-03 -1.278231950551069959e-02 -4.238962797546297866e-03 5.983764352902389526e-03 8.219863805292765193e-04 -1.846502133027593581e-03 -1.031702688995321179e-02 -3.884113837594930715e-03 3.391851370530935342e-03 -2.987674824446827273e-03 -5.093113471490789794e-03 6.247851117942637873e-03 -1.633686961368680489e-03 3.643976048769200209e-03 2.228231392563748223e-03 2.455427021988821831e-03 4.603859960543734905e-03 -1.620322675908026809e-03 -2.242694819398958778e-03 -2.503118707897652962e-04 6.877066352848917874e-03 -4.915419165887629907e-06 2.243368757051350353e-03 -1.153545325601686633e-03 -4.948594170573869869e-03 -4.228064371428392511e-03 8.634187790117715594e-04 -6.749786846229636518e-03 -1.432881857282257117e-03 4.074388466044406702e-04 -1.139643458424559894e-03 -3.994022495640748454e-04 -5.561706270251765683e-05 6.663735038911435980e-04 -2.652797221157371637e-03 -1.179764239781681302e-03 3.629901878211952426e-03 2.857167864952865708e-03 2.127489354119116612e-03 -1.119558801263585311e-03 -4.859333797332432469e-04 2.326513801983285876e-03 -1.981114221685798590e-03 1.577651488154062755e-03 -1.643985251113051131e-04 -2.270959783652742436e-03 1.308821339538943779e-03 -2.301825916123625276e-03 1.067729204955985894e-03 4.683914544082606185e-03 -1.113998727430086377e-03 -4.946700823288142359e-04 -2.259046826635833800e-03 2.210618868246267115e-03 -2.495596367440031191e-04 -6.339543347616698231e-04 -3.367101496520662207e-03 2.077388691725992782e-03 4.577098683389128095e-04 -1.482949940944116576e-03 5.019935915007977915e-03 1.950892699795202549e-03 -2.619841453448783219e-03 -1.789368066335653281e-03 2.142134562923430491e-03 -1.441409522723488513e-04 2.477133637303264267e-03 1.073944768535495730e-03 -4.534550897506911061e-04 4.786891634542250057e-03 5.639862046425163020e-03 6.267795241823649270e-06 1.683873930673616525e-03 2.292470037724938636e-03 -1.305319447443818422e-03 7.534295592030418494e-04 8.046608997660214656e-04 -2.509043038006880926e-04 -8.083779764710108092e-04 -2.227760079496792466e-03 -2.251487425764617126e-04 -2.822328385475922482e-04 -1.801836490077343743e-03 1.584542835303962699e-03 -2.290463915821030084e-03 -4.391143706783347581e-04 -2.872229125623110019e-03 -4.851989850385969236e-03 1.472378896003205540e-03 -8.512545624910168368e-04 -2.519313945935258204e-04
1.976125559694095202e-01 7.626257456266601759e-03 -4.483354447614474290e-03 -2.232864891019002707e-02 -2.192705551174957759e-02 1.606491753613610921e-02 -2.043195272166328444e-02 -2.594481951776892587e-03 -9.790556117323168713e-04 -6.419392157654859113e-03 9.828363368040948095e-03 1.218882476337784446e-02 -7.920708530193193431e-03 -1.464005507198761283e-03 3.252543077992526167e-03 -3.980660037706629933e-03 2.506741682115135473e-03 -5.829910312752630865e-03 3.588196918763067456e-03 4.496125143024254887e-03 -9.627915284269039642e-04 4.677428710842737938e-03 3.550870253057808023e-03 -9.481666542559807551e-03 -1.761341645768553033e-03 -1.405109706032427489e-03 -3.560598227471949585e-03 2.754277251322787955e-03 2.307000542175109085e-03 -2.631094704399677530e-03 -5.935037952877807686e-03 1.749433619272318212e-03 -7.605793021466703864e-03 2.441832097608639170e-03 -1.552479184759465378e-03 2.795380261702547740e-03 -5.446465686266333851e-04 1.371935746908977934e-03 7.244664099017573923e-04 -1.861607706835644634e-03 -2.075438503132058280e-05 -4.484629749793405708e-03 -4.936871908865414146e-04 1.109169819525523525e-03 2.565638137181697285e-03 -1.119778787777131164e-03 3.974308175630776596e-03 -6.235883035514364894e-04 7.745715043954585816e-05 1.865930149402006844e-03 5.122716992481137453e-03 -1.985564715517425683e-03 4.232119692891264662e-03 -2.504349297883728433e-03 -1.407621280532248215e-03 1.922739812094455183e-03 2.800440963297370651e-04 2.937628379031573776e-03 -1.991576297793211641e-03 4.688247132607775442e-04 4.329378664773900470e-04 -1.796279102562189879e-03 -4.005697276156683253e-04 -2.664848515408444699e-03 7.143083267165385676e-04 -2.203646881791091611e-03 -1.758007487839308679e-03 2.967731928582454997e-04 2.158102882020197181e-03 8.242197573538848510e-05 -2.037379860705835349e-03 1.172931775472670990e-03 -2.443066364709403551e-03 -2.144438002729166532e-03 -1.517636884543138980e-03 3.670634400600903020e-03 1.091779415389630215e-03 3.761448028749829909e-04 2.771016729834252772e-03 1.265157990175100377e-03 -1.002267997489435930e-03 -5.918666164362724981e-04 -4.609291310794728013e-04 -2.043467600270251240e-03 -2.634726970792506057e-04 2.164448344705765907e-03 8.100425479696737267e-04 -1.515910369642936356e-03 -4.511404954619759652e-04 -2.249319392675733133e-03 -3.727534023437206398e-03 -1.898942949544514015e-03 -1.425766308744736127e-03 9.238595228050410857e-04 -1.657098412860620566e-06 1.093891556646486033e-04 2.070325960031842681e-03 -3.236096606542320214e-03 3.783866827333242592e-03 -2.779143841966676045e-03
1.048973697829109070e-01 -1.482481203042283237e-02 4.707218294868469738e-02 4.266352306440924363e-02 3.571947039267080876e-02 -1.326688262373056440e-02 -2.414458951125303052e-02 -1.164874728011908167e-02 -8.561495272574796631e-03 -1.866281058082294719e-02 6.772132397965034342e-03 -9.119177616442037185e-03 4.419353258080857896e-03 2.446522471605672069e-03 2.358537648820849871e-03 2.474493658942897995e-03 4.514667354782797744e-03 -7.390119973884759844e-03 -6.033626537864632440e-03 -9.838941818762950153e-03 -2.208305339851063340e-03 -2.279191175061837278e-03 -8.189195116335692623e-03 -5.393908663326456472e-04 -2.732541816275564292e-03 6.388133586389336226e-03 9.852004413924524140e-04 -1.460061064880322813e-03 6.184028148623603276e-03 1.649070704213226237e-03 5.223558312449895708e-04 3.123486046825785841e-03 -3.532830933361168994e-03 7.848856857630342803e-05 7.812767897588283189e-03 1.204680986133392683e-03 9.883101073219131589e-05 4.679025048190901641e-03 -5.690437659833599447e-04 1.431978110006898756e-03 4.713807655240132531e-03 -7.301086651157167283e-03 -1.798798821284694439e-03 -7.936778654695136881e-03 -2.763939868825159799e-03 -6.428635128312342665e-05 -4.762956521288145076e-03 -1.797426527526657962e-03 -1.744341873861577881e-03 -6.007481207167226361e-03 -1.274562224202958199e-03 -1.554572176073443527e-03 -8.561445698584397787e-03 -4.038337860449306774e-03 -3.116037946516663111e-03 -2.899273932915003450e-03 1.574419414982312102e-04 3.421196844412478354e-03 -1.494318968675549834e-03 5.941089657466870318e-04 3.538919592739084665e-04 -1.586850088614476326e-03 -9.188762691986602192e-04 -4.529353521231209954e-03 -3.527504318998121204e-03 1.285301685639474211e-03 1.519225298762242075e-03 -1.874192136320418931e-03 -2.102020498684355979e-03 1.082324798490372957e-03 1.902457207888945184e-04 -1.552746112024591674e-03 3.524564125846344951e-05 -8.338130513634466523e-05 1.785912063413186987e-03 -1.575750106218662232e-03 1.209347119259507157e-03 -2.132427804526551823e-03 3.897972918362349690e-04 -3.117395268906971145e-03 3.240646139240072401e-03 2.768235071522793297e-03 1.593747683286242649e-03 1.244653847629302763e-03 4.395059165686756404e-04 1.674254593511895249e-03 -4.187844781601201622e-05 -2.327645247593569493e-03 -1.383472441952923650e-03 -9.760215471461525618e-05 8.900674121161402871e-04 -1.922864657952462735e-03 -1.740051404767269019e-03 2.094924480754644172e-03 8.704113274852766065e-04 -8.375031344009467192e-04 5.920215060472570250e-04 -1.475830031956517317e-03 -6.193222415292977054e-04 -5.318388758275331913e-04
7.363448887731058323e-02 -1.221671948742889674e-02 -2.021243189273282462e-02 4.822752292562279552e-02 2.673972869590476517e-02 1.507920810148811325e-02 3.466971267823675679e-02 6.753447934145563082e-03 8.131478867166326953e-05 -1.815334491504913637e-03 4.106856990493207293e-03 -2.985624194458275527e-03 -1.576112271720067279e-02 -1.073060755200175471e-02 1.323618496950094980e-02 -1.230580172867220407e-02 6.065449485962722638e-04 -1.459732762011885752e-02 9.937499186544566931e-04 4.324801878329379847e-05 -6.400742978154939054e-03 6.194279665127097947e-03 5.467092453950520188e-03 -8.516028358523514835e-03 1.862809642058614948e-02 -1.676880325339445872e-03 1.923654854169038614e-02 -6.285104108268190111e-03 1.134902053238582946e-02 -3.871201864246063933e-03 3.517843733590848756e-03 -1.827737263653466315e-03 1.092453733089632749e-02 -3.893959385638361310e-03 1.984451503456519453e-03 -1.553690147111728547e-03 -3.917906473025572350e-03 -1.715665301898850218e-03 4.053785318927640227e-03 -4.088128595024712562e-03 -1.689807577847061851e-04 -4.943040711282510645e-05 -2.610434974559862949e-03 -9.444630037678675421e-05 5.375964329807357859e-04 3.606750377127711585e-03 -5.636045055380499783e-03 -1.075571190407876958e-03 2.304867934545395871e-03 7.199507451157449462e-04 2.012062183456779507e-03 -3.926839043359114587e-03 6.112774337939072848e-04 -1.295599808847770588e-03 9.053930848716975569e-04 1.654837554090527948e-03 -8.800358617901673716e-04 4.657156968056378301e-04 2.290492317125534475e-03 1.697773982900083450e-03 -3.486559719124269000e-03 -1.000326616248470605e-03 -8.676803752714366607e-04 -5.962434385935215579e-05 -1.027236374462694958e-03 2.385502391782538551e-03 8.900443430201233647e-04 8.455317405966415820e-04 2.203781804580845667e-03 -2.589819623629195850e-04 1.903788364483242315e-04 1.215438297813694170e-03 -5.875728529379820346e-04 8.770316837005372786e-04 -1.377973234789784621e-03 -2.558597630490481458e-04 -5.307200570368111880e-04 -1.057830284888428007e-03 -2.569154463691885487e-04 8.010851380422092738e-04 1.195315615026872770e-05 5.360976649666599831e-05 -2.532898683085320303e-04 -2.368574013943598066e-05 2.046442947008803991e-04 9.241928351404696956e-04 -2.953047886925094442e-04 1.166419446040199920e-03 -1.220085289377840902e-04 4.943056563819777467e-04 -4.642563863898442958e-04 -1.650037692041245142e-04 -3.873913396838657842e-04 2.883689615597559192e-04 -5.980295040556159614e-04 7.494425099575855028e-04 6.145714252323729223e-04 2.806654138944257690e-04 2.037693135039651994e-05 -2.967591320135026236e-04
-1.061208002294904279e-01 -6.333434187824599215e-02 -6.189505192537037015e-02 1.073870515036654850e-02 2.924962400166800439e-02 -3.722403345474948558e-03 -8.026832297141626646e-03 -1.091784325480766801e-02 2.028034192369609565e-02 6.245248896583041436e-03 1.069097974065628433e-02 6.638754292951600661e-03 -3.432798230161349107e-03 1.678513862572910201e-03 -1.378993147511699442e-02 -6.692321176737642957e-03 -5.632967759360866730e-03 1.215689867112874608e-03 2.131483419571549801e-03 -2.055872051688580754e-03 2.881420733946405918e-04 -9.372440473633923425e-04 7.521034824539001322e-04 -5.042263032133961244e-03 -2.026515076016740646e-03 1.422247448248163595e-03 -3.342689440862038966e-03 -3.802004122856280591e-03 -1.490239351493163758e-03 -8.388090605925413315e-04 -1.121810609480272452e-03 -2.971602607981899905e-04 5.551300404201863284e-04 -1.248963657723767982e-05 -1.719393862101286242e-03 -7.385572707188118799e-04 -1.917494956090040094e-03 7.880763421898298788e-05 1.414870988328859221e-03 -2.530233780100415910e-03 2.247829591471357802e-03 1.024054421084165519e-03 1.390575478983617106e-03 1.294468430355672113e-03 -4.862571043282396324e-03 8.178061631107182063e-04 -3.074772992008566359e-03 -1.122314471536360646e-03 -3.814432497728476685e-04 3.617076234548067051e-03 -8.422896211312875701e-05 1.760329770610865848e-03 -1.150404231343157575e-03 -2.099592854109137968e-03 1.283670309454340401e-03 -4.088307523183979005e-04 -3.256399085149265776e-03 -2.572488538370389013e-03 -1.591381369592768596e-05 -2.454492789414227088e-03 -9.398161829287228443e-04 -4.877550252727191741e-04 -1.063192929879408629e-03 -1.890758794384805961e-03 1.175822448090755234e-03 -3.691416999849103132e-03 1.998829640569376332e-03 -4.403061596231781826e-04 -2.084779504397016488e-03 1.081678761198080893e-03 6.994622766215772940e-04 1.671097069879427409e-03 -7.236344839028634353e-04 -1.111855177984828616e-03 -1.520919054859140801e-03 -1.299870491948954942e-03 -1.573229417663617440e-03 -3.037162435241211062e-04 -2.836349672584595385e-03 2.167472319436646228e-04 1.845352992564562632e-03 -1.531771667855251050e-03 2.432989010651399019e-03 -6.997488069804177471e-04 -1.155303553546094698e-03 2.141961577345597497e-03 8.752654300643039013e-04 -2.467458424675514328e-04 3.036381532209886294e-03 -3.297144526330449826e-03 3.931741135788596395e-03 -1.027600277891192303e-03 2.033216996500816342e-03 -2.248971698764656217e-04 6.272836421757175141e-04 -1.596437389156113180e-04 -1.500324032243814318e-03 -1.999900706899010450e-03 4.843589555143452724e-04 6.673815882669196186e-05
-1.125108838167071107e-01 -5.059716171147864844e-02 -6.295064029925634408e-02 3.707399864234632320e-03 1.458755019534010294e-02 -1.037460010433762306e-02 -1.654477326948703905e-02 3.324437504574377579e-04 1.555806522733114983e-02 7.060434949645801213e-03 1.989971675067596021e-02 3.374557919807437065e-03 -2.640560533643052619e-03 7.529806708188792330e-03 -1.174149277972979556e-02 -5.497294006523711918e-03 3.570889074967336860e-03 -2.946768106118018127e-04 2.928672702992453965e-03 -7.791667990139578351e-04 -1.954580220945977286e-05 -7.834875112587258786e-03 1.524586856919459953e-03 3.233029884874578670e-03 -2.131034667070073624e-03 -6.412239413648057780e-04 4.857263063209262162e-03 -3.099349517009213593e-03 6.172443770559847380e-03 -1.175103230434743594e-03 5.097923232843834355e-04 -7.987468637762326629e-03 -1.736114341520285115e-03 -1.671383280650219670e-03 -8.624212633915394159e-04 2.214772368984787871e-03 8.059740238743364187e-04 1.813205818095905714e-03 -2.020428462934946347e-03 1.499179608489841420e-03 -3.767795258703388137e-03 -9.462151070733652901e-04 -3.030496963023553841e-03 -3.819468548787336663e-03 1.208856934975800898e-03 -2.843167595641381013e-04 5.966184953447545118e-04 1.083135149045816098e-03 -1.191680921337877602e-03 2.883491353184625713e-04 -1.663426287266807097e-03 2.456014127115041003e-03 3.450593960580368349e-03 -2.066464694696980558e-03 -2.467780657138514758e-04 -1.793720976430641587e-03 -9.805975002204164563e-04 -3.479160884159148912e-03 -2.873126322936807656e-03 -7.085848346991713851e-04 -2.861817221662817340e-04 2.195251745223112012e-03 3.662510591183278010e-03 3.324029011823432470e-03 -2.364059797704824023e-03 3.422348245982530755e-03 -1.171819538970716524e-03 4.754947631351847358e-04 9.062176335173261236e-05 -1.448564008815477757e-04 -1.650657482867669930e-03 7.895235655193628748e-04 -1.384141999572127300e-03 2.156239504417537586e-03 -3.258626722244770645e-03 3.137088647347608604e-05 2.248195974345028846e-03 -2.155390708600798456e-04 2.755280215986585530e-03 -3.654128604719140082e-04 1.803743965281039358e-04 -1.911841458547040894e-03 -3.189070678809721119e-03 3.106290730565081787e-03 -1.528651859849822377e-04 -1.495381398228373508e-03 -3.801470137838342672e-04 8.658424502633405235e-04 -2.888954873405243529e-03 -4.252749030351267727e-04 -9.319056016405094555e-04 1.586546127218538098e-03 -5.892387141212892957e-04 -3.108146139198218489e-04 -8.374150263530842023e-04 1.459985465864034430e-03 -9.188085748956271049e-04 -6.645821428832755654e-04 1.371834635203558641e-04 1.432685939779530023e-04
-1.215900066051682077e-01 -7.529428673108479186e-02 -5.483739474633991112e-02 1.352631335906295980e-02 8.356172984569471343e-03 -1.086216126323591956e-02 -8.159125751720650715e-03 5.315334117401340069e-03 1.133882332179188442e-02 6.984216639260385634e-03 1.117128032158757993e-02 2.003345084722864700e-03 5.840705941524734334e-04 -2.254116151176722635e-03 -8.999178436581658017e-03 -6.050500024270082360e-04 5.961790994369238223e-04 2.083962178747116034e-03 8.719014126740411109e-04 -3.027365502311415730e-03 5.942423925624550594e-03 -1.132885878437467223e-03 -6.636551211191048455e-04 9.072815835902992574e-05 1.838405321443940029e-03 1.772613698632562315e-03 1.488589485154340761e-03 2.156410806648546234e-03 4.661783635400450210e-03 2.682375800919598193e-04 -1.094819432806767552e-03 1.063261448429546775e-03 -2.020624504151278611e-04 1.590714966110085178e-03 3.179855236677919111e-03 3.592622582950419884e-03 -1.514897318240288147e-03 9.030123743897682312e-04 -2.733621566136143488e-03 -1.543852146492570750e-03 -1.618808112473278313e-03 -4.719403258046877105e-04 3.943234949294705883e-04 -1.366423375299086803e-03 -4.962956418602568979e-04 -3.828104322700429238e-04 3.410023698231479615e-05 -1.826812224325379810e-03 8.881687665094798552e-04 1.259619581855315248e-03 -3.860185173218759458e-04 -6.435858285730111043e-04 3.401100644727224082e-03 2.219132773272688899e-03 -1.217063001893365888e-03 4.811995913848097058e-05 2.631701465213825974e-03 1.540597142464080133e-03 2.124400522388384966e-03 3.126210579880405772e-03 -4.348291868475195193e-04 6.070555325289878198e-04 -3.799132363874780770e-03 2.236377262267278537e-03 2.031107756804135297e-03 -9.358766724197385787e-04 7.185983757629378892e-04 1.477094303174209889e-03 -1.721584651713041350e-03 9.861739837317909786e-05 -1.385181542174499176e-03 -3.204619361356098386e-03 1.600371723139818163e-03 -7.901760210436574493e-04 6.191765411502873776e-04 6.500236428794597162e-05 4.275181427412298556e-04 -1.183109538635044016e-03 -3.695235493139552361e-04 -2.386539446788812132e-03 -1.335580161319469342e-03 2.032825612252398342e-03 1.913113273120681376e-03 -3.258384032419521081e-03 2.245415092114601274e-03 -9.400961302260036657e-04 -1.510703578108097810e-03 -1.656454013296088752e-03 2.150095119691085906e-03 3.679381575840708681e-03 -2.035789156506271572e-03 5.109353188669887077e-04 -2.653612818279282078e-03 6.859320158137050460e-05 1.998084462883303967e-03 -1.672625545522632559e-03 5.567159454461066291e-05 2.665051131480400339e-04 3.405903889515103124e-04 -1.169577620667128139e-03
2.025022750087036305e-01 3.116100189921333988e-03 -2.528746928451677464e-02 2.194482269653154349e-02 -4.310825357207660052e-03 -1.457170591446425509e-02 3.663268092099183221e-02 2.840715456885470596e-03 9.046246756209085776e-03 8.602390457293853515e-03 -5.245973562035172871e-03 -7.427848925160400462e-03 3.389246128834534893e-03 -7.138775051266034802e-03 -1.280982019131236696e-03 7.627475297373034931e-03 3.410749846903760474e-03 4.520450781598798671e-04 -1.391238350527939076e-03 -8.539882693486169473e-04 -3.096967928756254144e-03 -7.415276947228174528e-03 4.929227618357735242e-03 4.317801499247294998e-03 -3.955686657882736927e-03 -3.708633415945023458e-03 -5.545319660069776557e-03 2.530764646140814915e-03 1.484363987807845548e-03 2.314324400359502477e-03 4.483150573159127780e-04 -5.904969642851806873e-03 4.696682813467174247e-05 1.146970800556445114e-03 -6.970658107732759581e-04 -1.727534217416148423e-03 -2.752997667925245143e-03 -1.134130479046381026e-03 4.836064168078751599e-03 3.552248931418385491e-04 4.201027160474350361e-03 1.925649808528272309e-03 -2.824946312854794209e-03 -2.466493789211790261e-03 -4.308423606558981780e-04 2.745970762127660381e-03 -2.976949820951894465e-04 1.667402353372772353e-03 3.224296387112629472e-03 -1.995823017184842393e-03 3.619906120479726014e-03 -1.820006922490022185e-03 1.143120284518694268e-03 -3.220022670981626065e-03 -4.143980612147660702e-04 -6.263487614060150475e-04 1.680676139012559798e-03 -9.389276946300768650e-04 -4.676880676898541138e-04 -2.327499125833052058e-04 -8.595168594804161472e-04 -2.166253853073600837e-03 -2.401852513520321211e-03 -3.980617128907073046e-04 5.210632256127736974e-05 -3.801053591188848510e-04 2.299980305030851352e-03 3.191555998816061977e-03 1.806762159437147247e-03 -2.334408450608106873e-03 2.345867332865929930e-04 1.337800122128030662e-03 -1.191817601179197316e-03 -1.121070253680429797e-03 1.820905048774461733e-03 -1.742055149907220267e-03 1.401519475270701642e-03 1.040315369678778464e-03 2.852990014069694321e-03 8.588855109824141375e-04 2.889016272358321986e-03 -1.492848258221648235e-03 -2.641519670271048350e-04 8.685974412742055763e-04 7.302849812475067405e-04 -2.646975968538461867e-03 -1.244373752749057321e-03 -1.470408680614217905e-04 4.688995574346950263e-04 1.335053343398866742e-03 -1.069589319277571301e-05 -1.706695896678652596e-03 -1.627550848448341492e-03 7.300641489817331952e-04 2.325127257546914968e-03 -9.918183674408709120e-04 -8.575920578911664814e-04 -1.143450872919592415e-04 1.897513626547540173e-03 8.663720065982161329e-04
2.280680009721200996e-01 6.530076119887099489e-03 -1.101561546438777593e-02 1.627382633699929124e-02 -4.804591403299520065e-03 -2.121195133450070117e-02 1.171751469044576659e-02 -1.203296499261409178e-02 6.077563528069130109e-04 -8.466819535850052258e-03 -4.565427481440081751e-03 -1.132341223844285545e-02 -8.527056825188526756e-03 1.824675296985171910e-03 -2.615466146929343576e-03 -6.016720984474013085e-04 6.691166983542117669e-03 3.003180419624535899e-03 6.648183168272679428e-04 -3.078417071438944129e-03 1.159945009849381193e-03 -3.417509978649584980e-03 1.611173888433213965e-03 4.173364571900138511e-04 -1.998566954685253826e-03 -3.993773205170146438e-03 -2.246016155951970506e-03 -3.732925736200514832e-03 2.385924738431158439e-03 2.377501509368208817e-03 -1.641151093511435881e-04 -1.701442326094518634e-03 -2.800510260983983535e-03 2.753192806532086569e-03 -6.637753413427489001e-04 -5.860527605298880820e-04 -1.161117641784535810e-03 1.253822693509586269e-03 9.546968549493107777e-04 9.198286416875578290e-04 2.332330969985037331e-05 2.869560782905595554e-03 4.637646307254542598e-03 3.144879028407845251e-03 -1.825312620276686075e-03 -7.971539282634666247e-04 1.844086619668797817e-03 1.654869898724553329e-03 9.139399689448632607e-04 -2.018540590791408074e-03 -2.345749951263400624e-04 -1.180436524097790325e-03 -3.147242438690064275e-04 1.174050118240614615e-03 9.875336340632958655e-04 1.939673690448434531e-04 3.753132948779994220e-05 9.752552311932756370e-04 1.045680727361551635e-03 5.497910169106719680e-04 -2.074723969431459773e-05 -6.202131179311813061e-04 6.308267546380792333e-05 3.025675893789711319e-03 9.731726503515581014e-04 1.254415862143775306e-04 1.303672117598231360e-03 8.217212413651146102e-04 -1.685329152345282390e-03 -3.195888882894482811e-04 2.402243030249341747e-04 3.026859697017784761e-04 -3.865821810964102266e-04 3.454189156356568730e-04 -2.994392454892848450e-03 -6.543087091675637949e-04 -1.588616282369257693e-03 -2.906726186382417847e-03 1.319569980500939375e-03 6.791687775000452079e-04 -2.407782200418692731e-03 1.772110290478660574e-03 -9.425426904223644514e-04 9.062973830021462741e-05 2.123569732258252037e-04 4.954768695711167514e-03 9.817391380493750187e-04 9.761947043880644763e-04 7.224288211175304173e-04 3.797185884649366904e-04 -2.891898374506558095e-03 -7.522817193051528108e-04 8.617314219693425177e-04 3.336369278843417160e-03 2.869011694489319655e-03 2.541754627914333611e-03 1.486855463891656676e-03 -1.837063590249960127e-03 1.688142227628284175e-03 -3.278123811851546034e-03
-1.022720763099719682e-01 -7.440447603788240272e-02 -5.202114388380597171e-02 6.995421601349699134e-03 3.115438320005986875e-02 1.725400658006554649e-02 -2.657451251766778776e-03 -1.377315268078134654e-02 1.718194602521778969e-02 1.201111275071837202e-03 -1.238494911849922098e-03 -1.218805624349219132e-03 -5.823806299190168248e-03 -3.887375403202569194e-03 -1.156640763731891196e-02 5.771674636408613383e-04 -2.003498134117538947e-03 4.590552768494842763e-03 -4.359622644771191796e-03 1.427859509401984426e-03 1.671798215988781495e-03 7.918591491466791740e-03 -1.765637124339122137e-03 -6.409242027760065838e-03 2.942601658901605570e-03 3.053995616848563760e-04 -6.297812738659824133e-03 -1.069398298612540425e-04 -3.944461735682548535e-03 -5.393819143991693569e-05 1.985814866058443085e-03 3.379205252667512056e-03 -6.957403449951059726e-04 2.689793494431502903e-03 5.241703489456120066e-04 -9.495679579154087894e-04 -2.962363863370391214e-03 -1.228458569129225499e-03 -3.784374091817384821e-04 -4.582330327181368497e-04 -1.693604536236819301e-03 1.701368640461572860e-03 -3.414478640688891134e-03 2.709850743433105200e-03 -1.363514748793008091e-04 1.839422330607784484e-04 -2.528387302005906390e-03 -2.647733224894965268e-04 1.109580729238308829e-03 -1.637130160392143889e-03 -7.903835548771435526e-04 3.570538767899538715e-04 -2.009132728153194269e-03 -1.136779913419634722e-03 4.200764191706003563e-03 -1.123885732094888432e-03 2.299609886743514756e-03 3.504526235465449217e-03 -1.718909672086486309e-03 5.741908813844930895e-04 8.476601665304573643e-04 -2.822880541281273976e-03 3.647115200630597891e-03 1.551018621974094335e-03 1.996151540549906747e-03 3.429168629607098895e-03 -2.610521067397345713e-03 -4.754626600984685706e-04 1.748112038006842048e-03 -4.579995267568774328e-04 3.739647306131610211e-04 -1.904647425078826286e-03 -2.915405341717352910e-04 -1.484080286965443630e-03 1.222024539892120967e-03 -2.214491393950363939e-03 7.451861043504956960e-04 3.551311861356714499e-04 -7.763613859823029120e-04 -2.581607060702585839e-04 6.710048454930252031e-04 -1.434053656267690168e-03 -1.871041105455170141e-03 -3.389006846272936239e-03 1.331422465998298834e-03 2.409508730131066593e-04 -4.204554239541507393e-03 1.190810476261743630e-03 -2.420528589046495958e-03 1.529945487564548742e-04 -2.460068086517932292e-03 -9.332366229726094193e-04 -4.609639994641593816e-04 3.259758862630494892e-04 -1.611778951272612457e-04 2.468811777898772858e-04 6.999706572247492951e-04 1.775290657513549798e-03 1.648458360542753853e-03 4.630640809206425386e-04
3.020075743470944374e-02 -4.302608382352701016e-02 -7.306369055162966267e-03 9.528911805530016974e-03 -2.282713343973049105e-02 5.708373918735569486e-02 -1.957643557458141684e-02 5.189748855154296438e-03 -1.340528684842023574e-02 3.558977388780451036e-03 1.135865157285789566e-02 9.582308838191300540e-03 -4.637723927089013910e-03 -8.321355687109234750e-05 -3.639197420579249644e-03 -3.103264757358759150e-04 9.486790693588302722e-05 -1.013754833750662825e-02 -5.126328636240782589e-03 1.206346986082552919e-03 2.004218793567891840e-03 4.653148425868266179e-03 7.193079664893508966e-03 1.042172848676452962e-02 -3.424400744310051280e-03 -4.853119138824025548e-03 -2.889372402360856733e-03 -1.673618110489092465e-03 2.729294843312925732e-03 2.155808833050700847e-03 5.256321472047022561e-03 -3.608057412568973794e-03 -9.616039100811384901e-04 8.082522849575903738e-04 6.541434362034384293e-04 -3.124639563750865670e-03 7.412518300770732206e-04 3.511599542221844667e-05 3.421802522701319991e-03 4.066206403852178422e-03 -3.874764427521559546e-03 3.294287463452206643e-03 7.826325423293547211e-04 -6.922025569168413896e-05 -2.197080188127160244e-03 1.301896694762199897e-03 3.454075490211110013e-03 6.879992631650748121e-04 8.329716235582653025e-04 1.364047461860923814e-03 -2.177081303610088766e-04 2.400993553599587750e-03 -8.642939700628597113e-04 -3.117541070964969510e-04 -1.170479707271115033e-03 -2.851627226684440557e-03 1.975430887215503129e-03 2.066170702423744481e-04 -8.065135703898863861e-04 -1.538437652150008179e-03 -4.215363926706984336e-03 1.478643060721825109e-04 -1.704759025095358652e-03 -5.398212687124082781e-03 -7.901156502587587107e-04 3.305415973986130379e-03 6.128380537924186210e-03 -3.851481553222283003e-03 2.419582669227514100e-03 -1.233096002474720881e-03 -2.321298628647660688e-03 -1.933638347791886546e-03 4.282315145865408373e-03 -2.216997156954007581e-03 5.401258175192373068e-05 -9.257421086739782510e-04 -4.232174529621574900e-03 -2.133664431201275167e-03 2.332703330387239475e-03 -3.169371193269916818e-03 -2.032889078637928598e-03 4.179599008525628216e-04 5.032636331618777631e-03 7.799221887726602142e-04 -4.696299109024571622e-03 -1.520421046470310108e-07 -1.685544297772885967e-03 6.277349402295549297e-04 -2.829233279752904010e-04 -2.797576797273628271e-04 -2.127255736808653357e-03 -2.303231088343063915e-04 1.374099322803798819e-03 6.160259450417094641e-04 -1.410588403348500379e-03 7.123733411386193922e-04 -1.633579746667768542e-04 4.790441294276155193e-04 6.852449493933524547e-04 -5.411483286743864031e-04
1.331057393729493110e-01 -1.295052516976118520e-02 -3.188754187738095797e-02 -1.773156270189979108e-02 -1.424232389134211761e-02 3.806073318280309148e-02 -7.317342816638832195e-03 -2.938406770536386176e-03 -1.473329982885692759e-02 8.656114448366974967e-03 1.466128491499195385e-02 1.660171246837194650e-02 4.452351976909273102e-04 1.103602080645073704e-03 -2.240532094505815874e-03 8.212059323609971137e-03 4.063598857204073537e-04 -1.078791101748989741e-02 -3.260857265564129533e-03 -3.778411332070442507e-03 -4.131443168344883440e-03 6.593425371354917283e-03 -2.183671272351889181e-03 9.480971710049636639e-03 -3.454604495562885061e-05 -2.666397338514083122e-03 -2.847763046238728241e-03 -3.694748041887621712e-03 3.064853942189490685e-03 -6.819915087248053578e-03 9.089407211317410487e-03 -2.382615538826734786e-03 -4.800962514049452942e-03 -2.424716015039015977e-03 3.356458297954426854e-03 2.785497577669869031e-03 3.286162711985503239e-04 -1.313645042689356177e-03 2.160267440596114717e-03 1.950784264060354423e-03 7.052352255471683101e-04 -3.518668675706502439e-03 6.623422000733077998e-03 2.192282109766894183e-03 3.150739445718602275e-03 1.304375778972506703e-03 1.159212716982407432e-03 3.386881678294600181e-03 1.360153533654439879e-03 3.554687091167978066e-03 1.172941483621327925e-03 1.809477966465809816e-03 3.771581563943795395e-04 -1.447266834777896118e-03 5.024532624210439153e-04 -2.274487289530657645e-03 -2.663937068735611723e-04 2.352832628082433299e-03 1.920242797317179900e-03 -2.299854783533455613e-03 4.685140846683602533e-03 1.353007855349776072e-03 -1.648503658932286503e-03 -1.282874742225535193e-03 2.156963356108195038e-03 2.437213408399886531e-03 7.957960180922414454e-04 3.768164517135531508e-04 1.763504520293347842e-03 7.690202558457507600e-04 2.621538935440537611e-03 1.523085825510527534e-03 -6.015320090842276191e-04 2.504003640885700717e-03 1.981535667784012095e-03 2.633982814902714959e-04 7.292887543679879396e-03 -8.145156540573420629e-04 -2.885709860540165792e-03 2.828075707828866907e-03 1.469200072589933997e-03 1.125827467500687068e-03 -6.694318527920004903e-04 -1.094935619662491246e-03 3.095295920035848365e-03 3.234810520357502168e-03 2.715355563392580227e-04 2.771651347684893005e-03 2.115366108677969436e-03 -1.289539670611986868e-03 -7.648533943111704295e-04 2.081246861296527726e-03 4.816877001913379727e-04 -6.884936654642833786e-04 1.605140872327714366e-04 -8.096802630376205611e-04 2.699914560707415809e-04 1.350330590500282415e-03 -1.575569730476118150e-03 6.849540748759984019e-04
