-5.044978352135639360e-02 1.904538576525161703e-02 -1.323430792765380865e-02 8.527777161825090060e-03 -5.997510189865737449e-04 6.710265618616745482e-03 7.924804872821060789e-03 1.388927555895474487e-03 -1.875485132089162611e-03 2.694045827657375741e-03 -3.411723788909874246e-03 1.457539179911201922e-03 4.540173946461628467e-03 -4.429401690498634310e-03 -6.822589749056478950e-04 3.850713455561018562e-03 3.779627554980706169e-03 -9.173829187142035690e-04 -3.278671411137772627e-03 6.273695481406649926e-03 -3.489819602228155923e-04 2.079793320862897911e-04 -1.936967567510201752e-03 9.297223258494235207e-04 -1.864036185656779785e-03 1.933587931620465300e-03 8.374157100123210632e-04 2.673732567747590647e-04 -6.173896169949535896e-04 1.231400295478984495e-03 9.498336417659124914e-05 1.442473663766610955e-04 -3.219474954961513893e-03 -4.098743717017209836e-05 1.199084640845238855e-03 1.731838389632528311e-04 -4.982216521985385286e-04 -1.159146170077107567e-03 -1.047383785438496182e-03 3.163764497191363419e-05 1.140097522817257658e-03 1.246459417587371258e-03 -1.143706184841776843e-03 -1.986583096185248233e-04 -9.427346849904756675e-04 -8.805809055362830585e-04 1.073330917219249064e-04 -1.113748211329465988e-03 -3.260051791451826090e-04 -7.903527411428209679e-04 9.410898985685831357e-04 -6.148308887898733439e-05 2.596553299238279968e-05 -1.542396488803892174e-05 -9.752177794697312841e-04 -8.045343070864361193e-04 1.139573591131451115e-04 6.845308261819368900e-05 2.232340948076772772e-04 -5.185770698199657731e-04 -3.550900795962022593e-04 -4.881138040393446327e-04 3.881535196234017836e-04 -1.708032089436001039e-04 1.042290928955715490e-03 2.244531935109759342e-04 -2.793653207012405807e-04 4.139134549143602703e-04 -1.353580152327661396e-04 -5.150649830130162699e-06 3.558742960709167539e-04 -7.283931809812333943e-04 -7.715645948457476111e-04 -8.109315178150967756e-06 8.842480448912823365e-04 1.102761973699131152e-03 -2.276057006883858125e-04 1.379326521517210331e-04 5.991666682526976869e-04 -4.907117475135967148e-04 3.665111576828387657e-04 8.437593647755830270e-04 -2.273820021616694835e-04 2.820825157249100029e-04 9.581347914775706831e-04 -1.961261075465268045e-04 1.059630499629314907e-03 8.885858254731843859e-04 -4.785585899333211278e-04 5.033652396564179503e-04 9.700775960154901789e-04 7.781688544614080759e-04 -1.909206895650837393e-04 -9.117677893338452071e-04 -4.912301693407305093e-04 -1.302946102316603029e-03 5.569291308540013068e-04 -1.245974647419027575e-04 2.911396716700578348e-04 -3.617661691852404348e-04
-7.905665003933159962e-02 2.061452865400792422e-02 -1.320988538713155358e-02 -2.982678078343124414e-03 2.972141906596165520e-03 -7.509327106350031748e-03 -7.069041327723301921e-04 1.014303260411713063e-03 1.416469448752629844e-04 -2.782394723757173650e-03 -1.686022407240020480e-03 -3.922027454487672996e-03 -1.418850741695276306e-04 3.569300922041571643e-03 3.895488320696569029e-03 9.633534742945092295e-05 2.331010105124904554e-03 5.678022777878272013e-04 7.752448807315277671e-04 -3.443176985860236811e-04 2.485436887601309881e-03 1.871135607867457223e-03 7.320752046818672669e-04 -1.424311262269888252e-03 -3.469379396936517375e-04 7.167510707999475653e-04 -1.355276741229519914e-04 -1.011761024909346848e-03 -1.588553371355636056e-03 1.042080921941991633e-03 -1.840975299068710672e-03 5.379402613865173598e-05 7.769137906208757952e-04 -6.118886917223719749e-04 3.390268760057026214e-06 -6.749734358205012599e-04 -3.077510830534113044e-04 -3.727679734871924724e-04 1.899912930208932254e-04 -1.182059722510544943e-03 5.711218041999668827e-04 -5.323795808918566769e-04 6.508465136175157963e-05 9.504055450621956601e-04 1.402942247569326651e-04 -3.060099515710371803e-04 2.365034467887040923e-04 6.103161504220558494e-04 -7.441483682687997643e-05 -5.788297091633691927e-04 1.241951317797196147e-03 1.019159014237758926e-03 4.633527042145514641e-04 -2.341225842123047999e-04 -2.459587044927233866e-04 -4.905018737005694242e-04 -1.775003862890111184e-04 -2.795532673932655003e-04 -1.550819074992334831e-05 -3.829309458278757857e-04 -1.017939199236249934e-04 2.318887256029127558e-05 7.083896175165013632e-05 -2.086307708093585204e-04 2.689250107846730587e-04 2.700719442154819077e-05 -8.158142265049180041e-04 7.485381308877005072e-04 -1.817958290656063994e-04 -2.066611435449756213e-04 4.176194835208316505e-04 -6.406395620467772055e-04 6.215269507389028190e-04 4.076234517165256452e-04 3.773323887981525526e-04 2.005802405663454702e-04 -3.860787701328149409e-05 -1.112907583735599275e-04 4.634336842336639968e-04 1.408116407176334805e-04 -1.310996381094460062e-04 2.959571500339412296e-04 -3.855253573853723872e-04 4.061811939986913851e-04 -2.592106249549515655e-04 4.094040018637900322e-04 -2.449916106819813419e-04 1.485239849177717850e-04 -2.033704185658514660e-04 -8.513188577235566729e-04 1.235529455865054169e-04 9.803231666395422655e-05 -3.516046394963391738e-04 4.119240054708614299e-04 2.445323272149199775e-04 6.431924801519092304e-04 -4.324778504497204796e-04 5.411487900051759449e-04 -1.431510313532580148e-04 2.852388567478895335e-04
-8.176178782915534404e-02 4.254273853845302877e-02 -6.848253721310451798e-03 7.410501163398267900e-03 -7.709971337369780908e-03 5.699146770345549055e-03 2.319734679489472880e-03 1.957992748466040860e-03 -1.400437896280895241e-03 -1.539092847087454802e-03 2.016806387683628150e-03 1.010921297035509382e-03 2.352201551874147888e-03 -3.968820329404989904e-03 -3.891560729405823572e-03 -1.827865236536707454e-03 -9.541982254869498187e-04 -5.656335568496450184e-04 -7.189285443858938656e-04 -9.089329319766811495e-04 -1.652420914510137470e-03 9.962291376245420037e-05 2.395803373114605787e-03 2.773499005226390084e-03 -7.781155640144619924e-04 9.465516515812188688e-06 -1.181933700349117487e-03 -3.548557691944673469e-04 -1.196799637748653927e-03 -2.441726396936697453e-04 -2.608737502642883123e-04 -1.119234187724330205e-03 -1.191498988907941899e-05 -5.507747041501170893e-04 1.069678095529709861e-04 2.568072942320349591e-04 7.410910331552412848e-04 -1.065378982771508505e-04 -5.709973857982352180e-04 -1.257379451654725647e-03 9.050698192837946599e-04 -1.033937982141604770e-03 7.016697728702665175e-04 3.831067859355976094e-04 6.333456523958947955e-04 -1.244108359066943776e-04 1.890246406163260300e-05 -3.754168367974353789e-04 3.040822548750948318e-04 1.157426154775839417e-04 3.632356973134107905e-04 1.250047160741943092e-04 -5.411404707589088101e-04 -4.699350242771809525e-04 -3.145479159507163515e-04 -5.487680124735637823e-04 -3.399737744010074367e-04 -7.587541958579875092e-05 9.627286176469988018e-04 -3.086118265718021370e-04 5.033885360126842288e-04 -1.982653644682669410e-04 -4.364244062611370169e-04 -9.941699835544585149e-05 -1.595928806215043331e-04 -5.051801672882053540e-04 -2.006373897734855789e-04 -1.917133852099350074e-04 2.854932198649260148e-04 5.741991324989952512e-05 1.534268235154977829e-04 -4.332545512854041499e-04 4.545879574230252498e-04 3.291769954208753732e-04 -6.696870835045336647e-04 -5.164854470766501275e-04 -2.099797214043692148e-04 -4.880044696567984223e-04 -2.484739481324794064e-04 7.922739365552438620e-04 -2.797838722709694581e-04 -3.457008882932817591e-04 -1.541693672946766683e-04 4.670510219755380455e-04 -8.275121262409613435e-04 6.891184454096775224e-04 -1.061020349299076834e-03 4.402616133237745853e-04 5.425603240558187282e-04 -1.243878899347647697e-03 -4.031918098497576310e-04 -3.301109941809486615e-04 -6.123839215332109410e-04 1.652135594744596450e-04 3.959428753419258810e-04 9.071667292713412808e-04 -9.524408656067369318e-05 2.871267208069659557e-05 3.322115353308371759e-04 3.735322417674778782e-04
-6.105004181227022264e-02 2.763172469595284383e-02 -1.237854928069897706e-02 6.931754439888138976e-03 2.866370426733352093e-05 3.324196997028241399e-03 7.883377863071156649e-03 1.830470961206121698e-03 -1.153070806796263658e-03 2.165116388295835505e-03 -3.083973568466764383e-03 1.727203449282753867e-03 4.426764887979398044e-03 -3.600035136749182851e-03 -6.036394068739027322e-04 3.710728369808498871e-03 3.735499610120790459e-03 -8.714391979049542544e-04 -2.930869068296888119e-03 5.083096883774833319e-03 -9.281260574336285289e-04 5.531336141154578456e-04 -1.752051531233919397e-03 1.301722883725067248e-03 -1.916590607367492805e-03 1.891779168065600399e-03 6.433626883724508083e-04 -8.527764824360014619e-05 -5.924150676288794919e-04 4.996403075978513584e-04 7.363552068383142236e-04 -7.560823418206596297e-05 -2.312774144994705992e-03 8.882052823459414244e-04 5.532356078913399245e-04 8.135353411674067130e-04 -4.930927137015334071e-04 -9.045740375575709886e-04 -6.865115166649765361e-04 -3.555447035278891128e-04 9.200047155638226958e-04 5.579557140899426204e-04 -9.110459386105872323e-04 1.739300308357778974e-04 -3.276088590810811324e-04 -4.178359722470683085e-04 -2.401588746485449428e-04 -5.636546903064588261e-04 1.269383424034769062e-04 -3.495508665790472485e-04 3.624814493092738698e-04 -5.686069134727470258e-04 3.272833808096690397e-05 -3.364462695206960280e-04 -6.115300072798200790e-04 -3.050511012768228423e-04 -3.192116758055634374e-04 -1.196480605510549507e-04 6.733485117034373720e-05 -1.870851188967330371e-04 -1.339885072568048436e-04 -6.033021155717428275e-04 4.057385486110510076e-04 -1.103903233941549257e-04 6.039602665464375479e-04 -2.668392608753907859e-04 2.258116338766114073e-04 2.056106159024712881e-05 -2.229390402364238809e-05 -1.300708131972506466e-04 5.163183749594103350e-05 -2.436718820845326595e-04 -1.918604105320523864e-04 2.712858224775286517e-05 2.499837338912949116e-04 4.020761640619328393e-04 -1.275296723838446791e-04 7.856103498742736586e-05 3.150790643431341295e-04 -3.037226967283550533e-04 3.449280997445985280e-04 3.577887643499893860e-04 -2.142356150458909916e-04 4.840844423537302198e-04 2.115454903343003384e-04 -4.164601600873821599e-04 1.125066353525275167e-04 5.788493701270094318e-04 -1.858728359968489074e-04 -2.464368940426459292e-05 2.869516524909402093e-04 2.723323184821515881e-04 -2.289893148854310969e-04 -3.071352305025415257e-04 -4.470583870845792483e-04 -6.815665431990599373e-04 3.299707650845640759e-04 1.606166013961278114e-04 8.658242090345165127e-05 -3.710659192640660851e-04
-6.688796586029305269e-02 3.962207254150617447e-02 -1.724217415508626922e-02 1.195720159054661919e-02 -3.612150764895665639e-03 -2.975297698024115083e-03 7.063961910711217922e-03 3.001780850989136697e-03 -2.160181865648728213e-03 1.761474845015165765e-03 -9.814754525256758847e-04 2.746054910488471019e-03 1.023405213162821830e-03 7.860186707975317603e-04 1.320245437290763551e-03 3.516452540810316441e-03 1.456635718482109055e-03 -8.874937202195074546e-04 -1.462937199256368658e-03 2.416249742051810277e-03 -1.326401648778160807e-03 -4.118298408504290561e-04 -2.254040729800778527e-03 -5.059138137686823014e-04 -1.339429769859731573e-03 7.393024140336724222e-04 1.043076048581495800e-03 2.586911533635971789e-04 8.982103940255258380e-05 4.438859732799164417e-04 8.669596583460523068e-04 3.121121242706978135e-04 -1.629738565275372668e-03 1.331357404118764737e-03 5.967750940182732467e-05 6.750334354259826097e-04 -6.534318110354023559e-04 -4.536479040439818757e-04 -5.356065567798621864e-05 -4.115956332043776088e-04 -3.139099212352167655e-04 8.761707547438840171e-05 -1.269618829538557772e-03 3.848675157255831156e-04 4.570631028883967613e-04 7.295587598300775159e-05 -4.765149665984350666e-04 2.737003950088761793e-05 3.153292999098372424e-04 1.147429143021411657e-04 -5.540562036211373216e-05 -5.449814697725108683e-04 3.531035095752725595e-04 -5.125949412302145420e-04 -1.141818796646233393e-04 -2.352728755601153968e-04 -3.861333244312628176e-04 -5.125364021755528026e-04 -2.948685209169039012e-04 4.050461638870670551e-04 6.048909792139626183e-05 -4.015083036748988855e-04 2.318182860777795299e-04 2.347935601709024887e-04 -1.034416560743062929e-04 -3.810919465199181762e-04 2.337148258385120421e-04 -5.715507788409371522e-04 4.344128767093083143e-05 6.816461991446311230e-05 4.657820224174839325e-05 4.464316221155928280e-04 9.648152786834320689e-04 -2.594213207460933901e-04 -2.908545818808915104e-04 5.221827923247388139e-05 4.901337842305711259e-04 -4.060788240093427578e-05 -3.784365478650130745e-04 3.601765962805845756e-05 -1.030483177055368800e-04 -2.051585897168122375e-04 7.347488272384473864e-05 2.915765705086565264e-04 -4.276972403287227376e-04 2.947071737902409830e-05 -5.920458211468633157e-04 1.772420799756141115e-04 1.211266290443841870e-04 -2.855702316474471739e-04 3.148527913418863744e-05 -5.470480554756328335e-04 2.338549985170187712e-04 2.617135737917104002e-05 -2.861939203120640401e-04 5.403121921773321396e-04 1.505849063469633217e-04 8.563924747795751205e-04 4.967435287558627814e-04 1.383022724082243464e-04
-7.192481616550192025e-02 4.929066546262011322e-02 -1.816604047697853094e-02 1.538040523610637554e-02 -3.380591639098813432e-03 -2.928288018581883239e-03 5.499427897040142996e-03 5.204994002839502185e-03 -2.255428544081755637e-03 1.198732568573214431e-03 -7.999772793237287533e-04 3.164774312647252678e-03 -1.603611032723564322e-03 2.667383095197271240e-03 1.188228559378268255e-03 3.734749509068809557e-03 -1.149470942221443917e-04 -2.567008881755530208e-04 -2.202764270842058267e-04 5.394378389888635503e-04 -1.007246976271890856e-03 -6.293591039493783099e-04 -1.754070146520018926e-03 -1.434475728855508442e-03 -6.181806093511432948e-04 -1.504096498451961035e-04 1.374619500650758582e-03 1.726385577675015610e-04 1.646831009526700739e-04 -1.907438003888573777e-04 1.066031991826924897e-03 2.262492659139881031e-04 -8.355778049114952026e-04 1.209911113540827277e-03 -6.596447949915714359e-05 4.160263366071375126e-04 -4.208832738743221351e-04 -1.737976600429665206e-04 3.371978486823714672e-04 3.758537584650586028e-04 -4.010623418798390442e-04 7.664788145282576837e-05 -6.331417432031920646e-04 2.706107267800221907e-04 3.419548187815721644e-04 3.136350782259489270e-04 -1.920803095567007927e-04 7.901067511014848012e-05 -2.388300478574376329e-05 -3.816099856026938450e-05 -1.651477598861011010e-04 1.173869463378344138e-05 6.480428122520645042e-05 -4.113848451189560892e-04 2.013328141765881850e-04 -3.798296465417834206e-04 -2.873226324298664086e-04 -5.895300471017596690e-04 -1.500655309411077099e-04 5.074765374072006405e-04 3.828125208192753007e-04 4.315767136429617443e-05 1.979244099896506118e-04 9.220504677601905493e-05 -3.451211716600895629e-04 -1.723680665804947529e-04 2.665603816228970702e-04 -2.140814378800353713e-04 -1.670984742410114564e-05 3.633505714051172555e-04 1.957925482142475082e-05 2.908866775501889345e-04 5.640811245861291961e-04 -2.063269981449712741e-04 -5.553051500723865620e-05 -1.351296733467871277e-04 4.270282485079039030e-04 8.066239708715911482e-05 -2.955579520206831016e-04 1.710296019683461063e-04 -2.067114385859872844e-05 -2.791299482293391546e-04 4.887033694929874894e-05 -1.369284481146627278e-04 -2.616887594962924554e-04 9.582755198201305124e-05 -2.963231965405157165e-04 -1.181817333341948274e-04 1.977946459948399475e-04 3.576804372006887965e-05 -1.726756295406213840e-04 -6.102353822484749392e-04 2.321538981079397136e-04 1.675909341285720540e-05 2.821770241647818213e-04 6.658741315842664878e-04 -4.550594392911795990e-05 4.243650067762091581e-04 2.642952868105201067e-04 4.993938948688081718e-04
-6.973662153165439970e-02 3.485309982924231914e-02 -1.709491963609623480e-02 1.192965344649879987e-02 -3.200419071418010423e-04 -4.332852293577761811e-03 5.748686067115264114e-03 4.559471365287613362e-03 -1.211699418877153558e-03 1.896540589247998863e-03 -2.938217147586846736e-03 1.916362920680078413e-03 7.521260225863127995e-04 9.910032487060300120e-04 3.813665163126772986e-04 2.907591024093498198e-03 3.107482299195569748e-03 -3.126673697214222940e-04 -1.207915750925212797e-03 5.426557842164708018e-04 -1.906971809352037844e-04 8.125936761268033257e-04 -5.332782168867307828e-04 1.044142883737457405e-05 -2.131998839291996545e-04 9.876790176174866671e-04 6.527100374001655689e-04 -5.175849074915819586e-04 -8.920724638749874058e-04 2.793808878353956139e-04 6.824380433703374329e-04 -3.029477230716034314e-04 1.330466385638238123e-03 1.041042439674622283e-03 -4.183295142041366802e-04 8.095822457146745069e-04 -1.303917438782745358e-04 3.925643136897437541e-04 9.762589195800818170e-04 8.724267776207752113e-04 -2.379228614201748322e-04 -6.072962048092364184e-04 -4.613843503039137376e-05 1.097494344474544070e-04 7.194128883192983312e-04 6.762222038726354396e-04 -2.488559362613816574e-04 1.016496729347208340e-04 3.101930684113275228e-05 2.742952743110818877e-05 -8.988705024241057558e-04 -6.216558076529365377e-04 -4.650249020685195435e-05 -2.657887431878239821e-04 1.847063152495381473e-04 4.970808309056926706e-04 -5.702953950057365216e-04 6.155619080009330519e-04 -6.454859428538170789e-05 9.750204755768267792e-04 5.748378872815491491e-04 2.452551819390481869e-04 -2.549364555104065072e-04 -2.178905270419467512e-06 -5.300357182721754509e-04 -3.501657350720584444e-04 8.688787903490501063e-04 -5.874665291698766349e-05 -4.642113722028507524e-04 5.374223197363911910e-04 -6.507507436107300277e-04 2.042919102665584721e-04 -2.369970137484927629e-04 7.708649522019667816e-05 2.129741990152384499e-04 -2.764141301155578680e-04 -2.786806730376554012e-04 4.397905762043176196e-04 -1.939282649866454233e-04 3.634700760925364750e-04 7.799245947173897100e-05 3.633735629302489701e-04 1.364698570603329727e-05 2.815183695877536548e-04 -6.381408433728569425e-04 -6.593409747322640999e-04 -3.243591363011020265e-05 -9.026495037101604389e-05 -3.995088315106622699e-04 -1.595528224643868315e-04 1.447572132019831913e-04 2.706892805958399759e-04 2.474346155917563788e-04 6.170573466835123670e-04 5.871368934171967069e-04 7.199564359416669914e-04 -5.808547596456753621e-04 -6.913885094359929035e-05 -9.891742684033429534e-04 3.217095966585884143e-04
-2.843232057274573329e-02 -8.219289239350113796e-03 -8.537146406092403425e-03 -1.190804717764147765e-02 2.642257264069602408e-03 -1.928544258263220970e-02 1.914963533175603402e-02 -7.628050799066234990e-03 -3.977718495304028573e-03 3.738121917180468792e-03 -3.830518633211735854e-04 1.294473274952882488e-03 9.851196646698662501e-04 -1.107860940685473507e-04 -1.732534857713334802e-03 -1.856794310782423170e-03 -2.651845432271032667e-03 -3.743691501170804889e-04 1.173773554365320276e-03 -4.407799609549492158e-04 2.258394727842656310e-03 3.614724230849763391e-04 -3.139921648082617030e-03 1.453279580354782923e-03 -1.505109874685537892e-03 1.366328624344702498e-04 -2.903172471619485523e-03 1.702836635158742982e-03 -1.061227943413555700e-03 -2.290053435158019655e-03 -2.329135192420699139e-03 -2.339760592819427418e-03 -6.676703293609500623e-04 3.174132283515128990e-03 7.379952212794054682e-04 -1.654661229236171040e-03 5.441099047068113562e-05 -2.029887751733583118e-04 7.738898539275713842e-04 9.970372357536279794e-05 -1.156305340648793728e-03 -1.705414812709609015e-04 8.864078991732201197e-04 -1.014597706101818620e-03 1.119040308274169313e-04 -3.008228529636015585e-05 5.492107215604058890e-04 -4.866396778287863998e-04 -1.071074154515424311e-03 -5.553635468540140866e-05 1.358909366503252818e-04 5.214597138257049758e-04 -6.297123520055958323e-04 -2.513681935790465331e-04 2.295852367375538546e-04 1.059988168445557513e-04 5.295771536755275325e-04 1.301765206206386360e-04 -1.413639555349442819e-04 -4.540507708932816147e-04 1.078957783558486287e-03 1.929490555252410199e-05 3.831287311892619105e-04 -1.665986881072480542e-04 6.428680853326449200e-04 4.894784964769218621e-04 1.802919373378921309e-04 -2.671186044333203973e-04 -7.721991543473183438e-04 -7.110249833028680993e-05 5.339178980081927270e-04 8.467751485254064068e-04 1.064950317299278269e-03 -4.528294335253744778e-04 7.042997201894018490e-04 -3.116489000572928922e-04 1.023418008156356076e-04 -2.300168098501017622e-04 4.882121316451393093e-04 8.026214831339509217e-05 2.127054191916860734e-04 1.257557124048948327e-04 1.036508462740841471e-04 6.158951241796536860e-05 3.475691069895320398e-05 7.107093135688094965e-05 -1.806683290742026871e-04 -2.002769946343576962e-04 7.976480962355015866e-05 -2.216393897286004762e-05 -1.201734713934794838e-04 2.104914699361373005e-04 -6.974284691574654180e-04 4.027488205064940472e-04 -1.507253439777472641e-04 5.155719135998287515e-04 2.147496566836696273e-04 -4.088736384441424699e-04 2.254488863148188470e-04 -1.013636694490033458e-03
-2.494533990216673408e-02 -1.430367689584652498e-02 -9.732969183499579416e-03 -1.399883335806564356e-02 1.767794145767792851e-03 -1.668517610840165866e-02 1.845938168062944557e-02 -7.976197031948696267e-03 -4.505003563968922389e-03 3.739887636636401915e-03 -1.941688563406171117e-04 1.357122428701358153e-03 3.335920327490377621e-04 -3.033827515097092158e-04 -1.344628122908729691e-03 -2.053859562739005461e-03 -3.389518021833811887e-03 -5.689596357807766161e-04 1.725013469572281950e-03 -4.323269907356612019e-05 2.124418574469740320e-03 4.530833053570641907e-04 -2.990432108094395313e-03 1.524289137149463730e-03 -2.089008471798864570e-03 2.892614377191838368e-04 -2.234200092321922231e-03 2.340573650587293546e-03 -7.906820426653765653e-04 -2.274738429421989394e-03 -2.034089522495404357e-03 -2.285191057212321904e-03 -8.255008797258037677e-04 2.603521458496146565e-03 1.308161358079366031e-03 -1.343017042507786305e-03 -2.692009713074538309e-04 -1.680211334547416385e-04 7.425429881575303093e-04 1.394968210392572732e-04 -5.660355406566892292e-04 1.379787764366090335e-05 1.052449238613995322e-03 -1.278583930491471654e-03 1.144123459343353918e-04 -2.866273936968358931e-04 4.479383216351210360e-04 -9.708196777608121169e-05 -1.205344949923271673e-03 2.960039427629132329e-04 4.206433643796270074e-04 6.234536848538835057e-04 -3.046445666164987486e-04 4.215031719434551806e-04 1.658568333887032410e-04 2.004532050274970552e-04 3.671729063347796613e-04 3.518883956061085437e-04 -1.751342064550155935e-04 1.969387411180310843e-04 8.599213476854918698e-04 -9.377228007639441852e-05 3.702534441935673116e-04 -1.745077003886836696e-04 -1.892021661688585146e-05 -1.062244348006984615e-04 5.761610333381182378e-04 1.782188437816363519e-05 -9.564557557709440268e-04 -2.177596480984689075e-05 6.591225087861790361e-04 8.231367992681265381e-04 2.956102174229921779e-04 -4.385169301765680545e-04 8.517086751528802832e-04 -4.399638271037315082e-04 9.370642276582670060e-05 -5.552874417556742209e-05 3.060860130855619951e-04 -1.931867203539629793e-04 1.442664168899024726e-04 -2.397212216479452818e-04 -8.911122464128882787e-05 -9.664787113420332832e-06 -2.791566470333879907e-04 -2.493455642167164170e-04 1.674299233884687683e-04 -5.173040891625525642e-04 1.255956555470859001e-04 4.374783767016394878e-04 -5.741566766387347712e-04 1.046349694954310536e-04 -6.130938899731471457e-04 -2.154710516945625956e-04 -2.806466162083527454e-04 5.372338915604082075e-04 2.629509446227121586e-04 -5.197947802510780122e-04 2.733539655680659289e-04 -5.482892322623871472e-04
-8.763372015661556602e-02 -1.040569365773687032e-03 3.720139389292259364e-03 -4.725093848031558909e-04 -1.312429088220825463e-02 -2.486302035894231294e-03 -1.684256293144950232e-03 -2.072013668930582520e-03 3.795288547145239449e-04 -1.595821190195833563e-03 -2.352407200545847225e-03 2.312101446913501432e-03 1.992115197687018262e-03 -3.378728232554699461e-04 -1.470159162709712636e-03 -1.032419352348914066e-03 2.463700321307115120e-03 -1.713983830945112934e-03 -1.670605726016640607e-03 2.443130707921631711e-05 -9.079312316396046922e-04 8.701911854640163001e-04 1.422687007192695828e-03 1.310412135462614815e-03 -3.217999547662616028e-04 -1.364898137468516411e-04 9.495046518543851346e-04 -2.659278705313895450e-04 9.528547846919761864e-05 2.561718198339907045e-04 -1.800725107616953308e-03 3.101145348559386787e-04 1.078574661763798386e-03 -5.394477091205214991e-04 -1.827551831203461270e-03 -8.631280710345639803e-04 6.057537045075353163e-04 -6.061280586410267755e-05 6.466781542696300880e-04 -1.305319193836718692e-04 -6.579256318277541381e-04 -1.177592205014186275e-03 -6.102292822834754589e-04 3.859006722220821996e-04 3.965822131139946916e-04 1.066047430130253443e-04 -1.300993305575273923e-03 5.487848497776223972e-05 -1.000539168741411167e-04 -5.390210525596118157e-04 1.189446785843151005e-03 5.741075966136026214e-04 7.075899823497554730e-04 2.253214586278807219e-05 -2.526329918429287276e-04 -6.252154854415346635e-04 5.907577987130874448e-04 -5.170913071288002700e-04 3.975591113103452384e-04 4.312564762155283071e-04 3.908736198193422506e-04 2.291779533448500081e-04 -4.864940856587787027e-04 2.774466870492578582e-04 -6.369098023819184050e-05 -4.141888706218439450e-04 2.025193104260048784e-04 -1.685189420783892453e-04 -9.135261162302496084e-04 5.397041498744807814e-05 -2.877708629024137120e-04 5.035869404745222473e-04 1.661179444706541869e-04 3.950367521144567914e-05 -3.191701213794254132e-04 -2.812320776120929341e-04 -2.410749318742843176e-05 1.342984500075735299e-04 -1.957767336017768908e-04 5.121863068855331312e-04 2.316999173772162708e-04 6.614368015601427512e-04 2.748588941750535028e-04 -1.833575230729568150e-04 8.557037445209927928e-04 4.930187624343969907e-04 5.459801170828421741e-04 -4.387104502813444161e-04 -1.201975899273662626e-04 -8.724745866545698754e-05 -1.591343192097028443e-04 4.124993091044793533e-04 -1.153962594446006275e-04 2.757498983014329053e-04 -8.945418603190326203e-05 -2.055813331361329397e-05 -3.189673193071968643e-04 -3.053360596423541711e-04 5.615026762844008948e-05 -2.114600374676995547e-04
-8.922423390279393685e-02 6.398746975228182358e-03 2.991042197025154878e-02 1.690167349435876950e-03 -3.214373003583747418e-03 -6.602046205561650470e-03 -9.192744292896891725e-03 -3.660842562637336550e-03 -8.934062083405038294e-04 3.649594490432065113e-03 -1.165217359996026771e-03 -9.308348511612837741e-04 -2.565754549925486176e-03 -1.645928390218677148e-04 -1.531507647112948607e-03 -3.339841380961645553e-04 2.687899945429085384e-03 -2.441631118048321215e-03 8.212560305372793284e-04 1.070613298239996057e-03 -1.317753998059120009e-03 -2.650018373045320841e-05 -1.338145399284168394e-04 -2.816480198736076536e-04 8.549183965396915750e-04 2.771720257366454623e-04 1.144401065755346883e-03 4.088109316445197880e-04 1.182217770486037765e-03 -2.013677665708999494e-04 -1.157440395621235889e-03 6.504148589300957602e-04 1.749153308331935757e-03 5.760518589962397573e-04 -5.383755244770826488e-04 -7.525225940671071822e-04 -2.397997303850891732e-04 1.777885967377683971e-04 1.275220761471887584e-03 4.421075717197571085e-06 -7.941858925717721219e-04 -5.891617494369537719e-05 -5.485902080865406649e-05 -4.728462775409077016e-04 1.869315950697619290e-04 -5.859327495459663642e-04 -1.156256375300387159e-03 -8.730247837054709841e-05 -6.248859322447109432e-04 -2.695605248014116520e-04 4.929400064932229042e-05 6.854684304138905677e-04 -3.914872428608492569e-04 2.609376041172519227e-04 6.952831625310440609e-04 -5.499973641768681181e-04 8.345768597795074229e-04 6.445951048422210363e-04 1.418752984621234276e-03 -7.291323235827411932e-06 -3.837131602837187694e-05 -1.953375172745211398e-04 -8.088464064175037100e-04 3.237114084640039038e-04 -6.289192918539954257e-04 -5.147370234417017335e-04 -4.932154673021237274e-04 -2.042896523941439921e-04 -4.684731566285571145e-05 7.534518081385391947e-04 -4.916212040843406014e-04 -3.376938605541002767e-04 -3.737544116791905878e-04 -3.550908114242729507e-04 -3.811213324502735807e-04 4.695480676242189393e-05 4.484982647547749350e-04 1.624303382144127767e-04 4.317231953198942914e-05 -8.868038373774638373e-05 -8.759315893358128298e-04 6.468436857631281681e-04 -2.191503483112978415e-05 3.174189335041465712e-04 5.716285794133989158e-05 -1.587236056006035916e-04 4.835574059685587562e-04 -2.532962652158328790e-04 3.905899819688839160e-04 1.843496534950270465e-04 1.014482742482959157e-04 5.649234913052979300e-04 3.525166644622442706e-04 -6.996588869589009669e-05 -4.141046157382576812e-04 -1.595108661200693239e-04 6.817473167199756753e-04 -2.184598924036756180e-04 4.900751859320348234e-04 -7.188766967815680108e-04
-7.159211665564277349e-02 -7.015916213302657300e-03 1.676229779994388089e-02 4.392901026275077003e-03 -6.012976635753462633e-03 -9.354471972013389536e-03 1.298800932317637066e-03 -3.818731491607959758e-03 8.206787145614910647e-04 3.774501937399016467e-03 -3.020802048090331145e-03 2.301312010885956435e-03 8.753204517507920087e-04 -9.903351253427897065e-04 -1.239209223867464727e-03 -9.890181462856757755e-04 3.260677804516956546e-03 -2.647500818325815644e-03 -5.020300763187465591e-04 -7.289532023722788317e-04 -1.043876451606083914e-03 1.041290415896685634e-03 7.889956501786664573e-04 1.556674052195537792e-04 9.355280533135803623e-04 -5.621393686536282604e-04 1.753836136746875479e-03 -7.880885187129296992e-06 6.020949687793142151e-04 -4.711602898989503130e-04 -2.711646841879563740e-03 3.425923068954230986e-04 1.336998277761130552e-03 -1.824667256731431013e-04 -1.503834623645123507e-03 -1.402887561400969563e-03 2.898187035126514096e-04 1.358143170727345479e-04 1.147142286654306061e-03 1.089323812801698457e-03 -5.165440953418972119e-04 4.237983384133940250e-05 -3.512803440790572226e-04 1.940868030490282606e-04 4.106376128780585169e-04 -6.224470158630881990e-05 -1.845024060196078387e-03 2.422325160876382224e-04 2.834156526157527488e-04 -8.944895002986752571e-04 3.871842372294186704e-04 2.560308579969411543e-04 6.890990448986073847e-04 8.998274177253694477e-04 -1.815482959984700555e-04 -9.082781994286206377e-04 3.746335033669387100e-04 9.227224538126027709e-06 1.623577634315017141e-03 7.506899212308511737e-04 8.299730223781148948e-04 -5.961920792618707757e-04 -7.157110533494191263e-04 1.945319141245608621e-04 -1.163744265866439517e-03 -1.283656646021250102e-04 4.089122476365894342e-05 -3.294432889050341292e-04 -1.172067346512678141e-04 1.307815513060462862e-04 -3.913316299933746042e-04 -3.265396005758766131e-04 7.353599925478174724e-04 -6.145251007918685468e-04 -1.688407579629244400e-03 4.677151231678486993e-04 1.054087629850790223e-03 5.009531008888073447e-04 -6.789388731529404368e-05 -1.258315553041696941e-04 -5.422076544059432337e-04 1.046489206722016297e-03 9.465793284531593831e-05 2.696372439407484947e-04 1.796410628021824019e-03 5.315346607297142785e-04 1.659952308879798766e-04 -4.199794394041502302e-04 -4.266074318841665759e-04 7.625688010156187781e-04 1.212656662151955986e-03 8.915315542831113655e-04 -3.243732917987123422e-04 1.085167984159223138e-04 -1.114727977426157191e-03 3.950274037588504070e-04 -5.871132652050401130e-04 -7.145495399390006065e-04 6.060639941233850669e-04 -5.012043502257724223e-04
-7.579580687944574569e-02 5.643403004803042300e-02 -1.484119067884401809e-02 1.562859192220267951e-02 -8.686398407021645243e-03 -1.696922638680815063e-04 4.833952572370569210e-03 4.423321495333148654e-03 -4.343172811821320416e-03 5.529252874703092851e-04 2.451268558991701822e-03 3.687658710066024983e-03 -1.053308041097576492e-03 9.645262747669072800e-05 -2.304024116637511284e-03 -1.843341360222530592e-04 -3.577296816986074053e-03 3.910373356508062926e-05 -4.857482507447979567e-04 -7.917760961937013366e-04 -2.393302567639257576e-03 -1.923955871783177745e-03 1.914307241241038884e-04 4.500396676993330576e-04 1.409237862471676521e-04 -1.116281847725247639e-03 2.015415664249896083e-04 3.566322362148197957e-04 1.143062074149430628e-04 -8.260885760750743580e-04 -1.173907582875360602e-04 -1.232374118789250357e-04 -1.279341652860141411e-03 -6.132317477153687848e-04 3.858029492618153425e-04 5.954283624039066806e-05 4.267633326204327499e-04 -3.310258796426194692e-04 -6.748205083018132041e-04 -7.856874475100361632e-04 4.542343368147908761e-04 1.090703655919825611e-04 -4.672485375876668425e-04 1.754963682114228879e-04 -5.551450048042067811e-04 4.232889309078032253e-04 -2.365624694985996685e-05 -8.488050409016272479e-04 -4.195315272324773000e-04 -2.708153140826122284e-04 3.157816670432313645e-04 2.189286564107791001e-04 -3.265569877568588178e-04 -5.599954630407919963e-04 -3.603064597844549913e-04 -2.680151489632551167e-04 -9.560670880383717650e-05 -4.300618631579292746e-04 7.542267041988697743e-04 -5.558365781264398234e-04 2.526066448504904428e-04 -5.270622295282202316e-04 -1.460292231895688440e-04 -5.888964102952959963e-04 2.564906167240741048e-04 1.733839079872277940e-04 -1.285371093170788260e-05 1.245424548358334401e-04 4.233706992892407239e-04 1.662159301421718010e-04 -4.606987876493612603e-04 -5.689954256723272303e-04 -1.546384447405474958e-04 1.458413725533368014e-04 -3.982807621640355395e-04 -1.561087445224588653e-04 -1.959354211647298819e-04 2.078612399852235550e-04 2.155175655352639132e-04 1.633737952308138665e-04 -2.126365811555595636e-04 2.289725075787873803e-04 9.836808769838769988e-05 -2.341900173243063833e-04 1.788518209368278203e-04 -1.076135322086447231e-04 2.352212685453394995e-05 -7.545091742253664429e-04 8.185506785768562467e-05 -9.174131338225759115e-04 3.955828240316962394e-04 2.795509147909629698e-04 -8.423126235388512031e-04 1.071315413141133484e-03 3.891015703670937112e-04 9.251930625366265289e-04 -2.147302706242289172e-04 8.131945351240131017e-05 -7.650400247674880080e-04 3.719337163864262460e-05
7.692913092663243579e-02 1.037969632431856408e-02 1.387185416362167988e-02 -1.425283005292136453e-02 2.414106746649891718e-03 2.409918855326065312e-02 1.192324473782728489e-02 2.217893276912635424e-04 -2.202447607505848750e-03 -7.306393950946545252e-04 2.391624301900150459e-03 1.650984495438532519e-03 8.929805529241898647e-04 3.383486020791737908e-03 -5.376521030255785281e-03 1.044295151269841260e-03 3.765673243334532842e-03 2.379792892841505522e-03 -1.144797139876582075e-04 -9.163349284546153670e-04 6.704267187508610283e-04 -1.089016371010141822e-03 -4.055750458162912450e-03 1.478142996888945143e-04 3.349957636878416519e-03 -7.045371891792581763e-04 2.633653851774036842e-03 -1.492292166851422316e-03 -2.667508654776926547e-03 -2.617800163144241811e-04 -1.490024573542304094e-03 4.184444735348784848e-04 1.613711574135498570e-03 -1.991416885447240895e-03 2.107860150031257195e-04 -2.533455917653124924e-03 -2.359943426188310534e-03 1.501235324389448749e-03 4.812129491975685402e-04 -1.033193311579522775e-03 3.458719941559435310e-04 -2.244746595648911859e-03 1.554766777271491054e-03 -6.995820766006373165e-04 7.562148337572617519e-04 9.363240238951901773e-04 1.659146391288898216e-03 -5.981051359771254270e-04 -8.286049944016945969e-04 -4.453348433360425221e-04 -1.307049226026273017e-03 -8.835691247802812242e-04 -9.937637217875305883e-05 -3.481902617402293830e-04 -3.102209824575980174e-04 -8.038657857295104965e-04 8.543920446251452010e-04 -3.232027390160256480e-04 -2.983798396292961408e-04 -2.267458795298668637e-04 -1.267299011802366102e-03 -9.915471204239658960e-04 2.400153820630811490e-04 -9.994897419899791136e-04 1.260629332523781820e-03 -5.184581346072196463e-04 7.375358298822524278e-04 -9.728625508127267119e-04 5.305067791907613168e-04 -6.846959369397641933e-04 5.837736919708543101e-04 1.633225239447609178e-03 -1.002835174747047171e-04 -5.105295153305686000e-04 2.648962797539910157e-05 1.713499751947850341e-04 -5.307964043838027477e-04 2.930688651579857647e-03 -8.259653285807492086e-04 -1.218832574488676454e-03 -2.916289453828379793e-04 1.462425543631000946e-03 1.662685918916656643e-03 -6.895163410995520763e-04 4.159678838645258368e-04 6.302571539115276811e-04 -1.232264729946038351e-03 1.474256214264360772e-03 1.034429367369523378e-03 5.428840845487092762e-04 3.272562078947190709e-04 -6.851036840171766161e-04 -8.388838667146248859e-04 6.151292412556016087e-04 -7.397889627317467119e-05 -2.030519439200459311e-04 4.230708387003045729e-04 7.145993326626440744e-04 -2.458944442885818639e-04 4.445279419016395913e-04
-2.407983411366879101e-02 1.343336535392203150e-02 2.710402202833717827e-02 -4.047156816200002220e-03 -5.627794808498010060e-03 2.312619918698547924e-02 4.430250669456682958e-03 -2.863627776040862747e-03 3.267374903792159141e-03 -1.490388045927831784e-04 7.620214765543678083e-03 -1.173701835122395699e-05 4.604060630569527246e-03 -2.956232221233874038e-04 -1.788163151271518914e-03 3.143533697563717730e-03 -9.341803023435206119e-04 1.317456246764941432e-03 -1.127062508943292530e-03 -1.903961253951963429e-03 7.760081172114723135e-04 2.077504858056852550e-03 -1.794068713715126504e-03 -5.402987127837269353e-04 -1.210313085287744827e-04 -5.866736225998055041e-05 3.653015512974174439e-04 -9.268111510687692973e-04 -1.386777224913988537e-03 2.561494916959892120e-04 8.989077881997207739e-05 9.502716534323818074e-04 1.567510298537375850e-03 -2.528667533369272102e-04 6.837812979801277192e-04 2.267990169686945649e-04 1.676112670031537199e-03 4.884145492555690355e-04 4.592185485489850942e-03 7.682197754025563976e-04 1.588164462823222654e-03 1.043163671722811001e-03 2.884904845223034884e-04 3.357088941213466691e-04 9.266986591013624602e-04 6.370647804529096670e-04 1.225728150300623657e-03 1.002665844336278868e-03 1.149743827886010560e-03 -1.737232545080370392e-03 -5.659634552305397356e-04 3.527256936436744435e-03 3.431199258593398984e-04 5.665548265600093989e-05 -6.154447380551659585e-04 -1.429425855132066729e-03 2.747761048034866760e-05 3.274935600660191593e-04 7.690545631584682360e-04 -1.609564334835993961e-03 -4.414201380362557236e-05 1.598787169070509931e-03 -8.399218792222181264e-04 -3.788120238291276540e-04 -8.384882093247538728e-05 -2.271795513316569870e-03 1.452794824219383807e-03 2.089682431148966613e-03 6.658651174162430377e-04 1.369149496531833722e-03 5.200917703679255703e-04 -3.981740558583041472e-04 -2.181179527862381839e-04 -2.746085149405763149e-04 1.085392007081751762e-03 -3.395823750897106500e-04 3.307703519728740567e-04 -5.623626871311707088e-04 1.130684663430112135e-04 -9.384380091522844154e-05 8.092769433820253249e-04 -9.340768515948416747e-04 1.501644047126977021e-04 -9.555168812730968468e-05 -8.910442009242837912e-05 -1.395802383932854282e-03 6.811822088539368691e-04 -6.713384271632869492e-05 -2.721118879071661510e-04 -1.915503336218014299e-04 6.598613279440878774e-04 5.226032094437473225e-05 2.340030582657381432e-04 9.582708204417554664e-05 1.913356285358993767e-04 -1.583846085520930697e-04 6.102996601084125037e-04 -7.250704829547420299e-04 7.344475512570485237e-04 -1.231438514819699738e-03
-8.358473653508137480e-02 5.588879348667490782e-02 2.627871380235130214e-03 7.384576770997496216e-03 -3.197922429879745693e-03 -4.545181641977867159e-04 -1.690439535396543467e-03 5.296588669822126011e-04 -1.880271095162542759e-03 -6.912545199316080542e-04 2.432958078654470779e-03 -1.661078506913000801e-03 -1.501510072663088608e-03 -2.655092950026133672e-03 -4.071362524190311194e-03 -3.999880529565229270e-03 -2.352467232203238421e-03 5.125908753538371007e-04 9.635373691243697292e-04 -3.038506169374796152e-03 4.140780017836293985e-05 -5.655081725868957776e-04 1.737839714240090169e-03 1.296376816354692955e-03 -6.034869926040505777e-04 6.804772227764008122e-04 5.121028988140114563e-04 -3.950387926652493102e-04 5.523915196383716699e-04 -8.379370384926141226e-04 -1.820367658743964848e-04 3.598627032337907574e-05 -3.115056699702131303e-05 -8.677385605653708742e-04 1.633861717690347434e-04 -6.173813395950698011e-04 1.226604023810767222e-04 1.357664467143940192e-04 -9.262912886878691679e-04 -6.484807993683424591e-04 6.771740476956888749e-04 4.647039354050793076e-04 3.171402874494443362e-04 4.500457361731598042e-04 -5.457053165548849056e-04 3.256276930352340095e-04 -4.900225365049091890e-04 -3.954905437493826201e-04 -1.989137433005121755e-04 -5.893906067580116388e-04 4.554680615709452794e-04 -5.091866940387146422e-04 -5.253911973914769142e-04 1.334298020778057698e-04 -8.879289203130143139e-05 8.763962820444394421e-04 -1.315018112009022004e-04 -5.752019633936435172e-04 -3.138025858686670721e-04 3.423052671218695963e-04 7.472573714773988410e-04 -4.271376102207418974e-04 2.176844492333100819e-04 -2.949494215693571932e-04 4.503122083184052447e-04 2.409485918137581535e-05 1.037943831745483840e-03 -1.087132258849294550e-04 5.329310909970905700e-05 -8.468081502292795380e-05 -2.980787203022440264e-04 3.323485518152908050e-05 -7.740983928566321545e-05 -3.512792080169464234e-05 3.729168039465335775e-04 6.435188226979579769e-04 5.360806201912125579e-05 1.288407603812588456e-04 5.602686736514219545e-05 -7.054123585720553907e-04 -3.714770374577441896e-05 1.270284206112680414e-04 -5.306611561173916721e-04 2.081556016792943207e-04 -7.996976547096203234e-04 -9.045942661230903540e-04 -1.895854534091555527e-04 4.844626393632065950e-04 4.386247486304566243e-05 1.447601816196785959e-04 4.632729375508431459e-04 -3.078650644662282482e-04 5.205392721828533886e-04 -1.533493298778836880e-04 1.980089664154750491e-04 -7.833166186687442111e-04 1.411952702746412287e-04 5.783629212852365518e-05 -7.270587626632700386e-04 -4.891310617425820517e-05
-8.513431253803802057e-02 4.209176997055957131e-02 2.198810114760097606e-02 9.507681265226911429e-04 4.636189241299945932e-04 -2.094690293583785501e-03 -7.129146913593004467e-03 -3.026746464111075823e-03 -1.358107702187565579e-03 7.004907306842857650e-04 3.112005464072941253e-03 -5.171493904510344325e-03 -2.052779828463869791e-03 -2.947760951514804672e-03 -4.065406616427392344e-03 -3.935796699769568766e-03 -1.339477070524272236e-04 2.113549089274260775e-04 8.573275205417466016e-04 -4.346403123563438871e-04 1.663321533135389508e-03 4.099860559380582637e-04 -2.933218177144813923e-04 7.734678767797529804e-04 -6.475003733265772979e-04 2.315942524882408458e-03 1.294852127583838225e-03 -5.207700218612227282e-04 1.156484798141617192e-03 -5.620607621078628968e-04 7.606935307746518805e-04 1.017373727868027154e-03 -2.283822035585885064e-04 2.479463582194686017e-04 1.052373721839948277e-04 -7.502660188781022903e-04 -8.321638868110412890e-04 1.418949930583449678e-04 -3.006378200490392280e-04 3.192704539448705417e-04 1.491614093097917457e-05 9.244338340840443490e-04 -4.210834985278633525e-04 1.656792079590240353e-04 -5.353751499925705993e-04 4.687533324569853111e-04 -5.752154803347217732e-04 9.209790724986354241e-05 -8.572174691073032842e-05 -7.653457205376358076e-04 3.102774511067673624e-04 -3.806837045511344349e-04 -1.562872166738526504e-04 1.984220434926471655e-04 1.486853832972772358e-04 5.272628163969447519e-04 1.771446592141455478e-04 -4.688508250060822069e-04 -8.820745865381387487e-04 9.148037290226373455e-04 3.781978326783494871e-04 -1.132265285830512066e-04 5.412027761805348431e-04 7.386939304186513915e-06 3.553624776257257169e-04 3.599722324081237402e-04 2.844192815210623776e-04 1.363135572622727791e-04 -1.484832509836137287e-04 -9.881316418793957481e-05 2.398356796594721589e-04 5.195942824617031828e-04 -1.499802234176222904e-04 9.804238840104210323e-05 8.163190552022669402e-04 3.662840373150766252e-04 -2.880187779523527307e-04 2.575313045222138940e-04 -1.520068147921088521e-05 -2.717267165494375897e-04 7.336115762427865132e-05 3.298414914278685476e-04 9.485879354479713932e-05 3.550734078179711996e-04 -3.749195089293764853e-04 -2.663877412680669843e-04 2.949381902218733693e-04 2.487466420029766528e-04 -8.900556919542791147e-05 1.508546301676565442e-04 -4.854793606126243206e-04 -7.309494870856159251e-04 6.193644856071169784e-04 2.053162907511310272e-04 2.828320308895809239e-05 -2.813448974750897913e-04 -3.265614109036240123e-04 -8.951345823160623252e-05 -1.316003642658461926e-04 1.402990184580704192e-04
-6.570857904011614958e-02 3.054606400295267060e-02 -1.143709426188846065e-02 9.932191631953667717e-04 7.591880235066517969e-03 -6.233162423969708724e-03 2.619876573782015106e-03 5.158530893946208654e-04 2.828164454993562556e-03 7.289023651471996084e-04 -3.748745836410379700e-03 -1.492248255082889762e-03 7.178486365262750366e-04 1.603340376990568077e-03 2.164706653114471541e-03 1.462540030140315394e-03 3.776338718673842403e-03 8.883916775927435099e-04 9.435251617510800491e-04 -2.831768975498192989e-04 1.680555656146066326e-03 2.032644971999964141e-03 -5.793796605021268257e-04 1.245752938330758235e-04 -8.803536582415674326e-04 1.519944370907574905e-03 1.966795189074125683e-04 -7.593206422643026827e-04 -4.448659221669078076e-05 -2.492180379478786158e-04 7.944735929347122557e-04 7.508575814565371723e-04 1.398174960265673693e-03 5.332379813078743595e-04 -6.142853565121798084e-04 8.243752584435571577e-04 -2.490402090667523686e-04 6.891313209510254671e-04 4.426345497112999894e-04 2.369737015012646523e-04 -3.946128615201382919e-04 6.737336924131422122e-05 3.388599157849905407e-04 6.146690860850335036e-04 4.755100021268412981e-04 6.728706987580178106e-04 -3.366153453851139705e-04 2.556096132637336441e-04 3.287279561049275553e-04 6.744305865243539115e-05 -8.769849812047594015e-04 -4.072790184747547950e-04 2.102494206379163432e-04 -3.651934964453897189e-04 3.150088467126485928e-04 1.379826609934449964e-03 -9.088779747478333308e-04 7.688334854175498951e-05 -1.031703349326050235e-04 4.370176729346555836e-04 5.792926764056274954e-04 -3.319880004477813724e-05 3.316977329649111426e-04 3.915821266284422891e-04 -1.418529494383817654e-04 -4.090287699243225130e-04 1.549722716661974461e-03 3.998972180604136217e-05 -4.323240418233587849e-04 -7.654373914903039302e-04 -2.458892384418105703e-04 -1.070927726525788912e-04 3.480743131798595159e-04 2.018683908681742113e-04 -5.683719629177950029e-04 -9.186847501606680013e-05 1.995675672435591127e-04 3.430171664266477578e-05 -1.523251104106522220e-04 -4.890873131541448966e-04 3.213561330175021416e-04 -5.270308176453106707e-04 -1.363819859639140092e-04 -4.159442446299720553e-04 -2.139611274740506363e-04 -1.110050974078611837e-03 -4.836917944022650265e-05 -9.323002163017823137e-04 3.658473847943422052e-05 2.060763944504955111e-04 3.582182028890356956e-04 1.621618427076852308e-04 -3.908370469920421464e-04 5.790705699995877826e-04 3.843946039541074619e-04 -6.159646655296396314e-04 -1.239378377889869100e-04 -1.983632227246345708e-05 -8.687780503372178557e-04 -7.456900307015181754e-04
-8.090260321019038248e-02 6.181527951830374096e-02 -9.415403955222332796e-03 1.574863341167502540e-02 -7.191141083384518760e-03 -1.410678169020399952e-03 9.150497284953402512e-04 4.157732125243121350e-03 -4.152842844840901569e-03 2.247200403353698944e-04 2.885526542812179122e-03 1.624447213764298797e-03 -3.524380244477893793e-03 1.060114725723453765e-04 -2.522238711032517584e-03 -2.142772733771414109e-03 -4.776735580815007903e-03 8.836994884418977649e-04 9.920372948921936471e-04 -2.447432364278977895e-03 -8.927999147285745713e-04 -1.715285968278186784e-03 5.640353826661145646e-04 -5.060692860321968928e-04 8.308297856029473296e-04 -1.513163652790689654e-03 9.767947478990096633e-04 2.065396952511203968e-04 1.134493980335434448e-03 -1.232732565895437336e-03 -2.680075212351872385e-04 9.805377564916851519e-05 -9.765783145113621309e-04 -1.312995359582881010e-03 -9.691396959040955987e-05 -5.575832669990954176e-04 2.889292261318440963e-04 3.279739865737594129e-05 -6.039344874676498315e-05 -4.755504233592534554e-04 7.849409658815917519e-04 6.124618492233259003e-04 -3.069722712669613416e-04 7.522122020504571629e-05 -1.243353412319682513e-03 3.938856901357178477e-04 -7.415291774788206156e-05 -7.305205657348411543e-04 -3.072519903199733005e-04 -4.925773656979129346e-04 2.792434299907938758e-04 -6.773156904311033630e-07 -1.937682639738256326e-04 1.242929151619354047e-04 -3.835474322959023686e-05 4.556903166443657528e-04 9.537830554476351569e-05 -5.450443158310225300e-04 4.684049380737402243e-04 -3.845551285450661593e-04 -4.478384857051679295e-05 -4.369066169771133141e-04 4.821633802528385056e-05 -4.433961109548337893e-04 9.277913065326335532e-04 7.233346348606997742e-04 1.653683894393912098e-04 4.460713574321347580e-04 2.909923592428086863e-04 -6.191402473244768823e-05 -5.678560932049985617e-04 -4.789047506843089252e-04 -8.466383736618766486e-04 2.925189701171300406e-04 6.286841319983088898e-04 5.328587436446911678e-04 -4.026204511642937135e-04 5.551649956128532548e-04 5.734686985923155523e-04 -5.937458053132885086e-04 -7.347587277633737426e-06 4.013699214860847017e-04 -2.104161595149348161e-04 -6.640472767734501534e-04 6.534917775683745647e-04 -1.194535421493733186e-03 1.133766402831787052e-03 -1.161094486427784655e-03 -4.662016252380586103e-04 -9.471646693796426575e-05 1.214992909203176747e-03 6.304430052794354799e-04 -3.829482064827960104e-04 9.454522369491359310e-04 2.098371184518274112e-04 -2.871528719491269876e-04 -1.891101117317820943e-04 -2.391612157630771871e-04 -1.275443031976193631e-03 -7.684216347322397845e-04
-7.315834874825491441e-02 5.457611404892687146e-02 -1.687475570873568989e-02 1.598720544588816059e-02 -5.769098211616130283e-03 -3.284960433401283141e-03 4.122355021002368537e-03 4.017195000178592698e-03 -2.547051186783833888e-03 2.871383208844076828e-04 1.595192327605605238e-03 2.819475923707545021e-03 -2.741249446535568360e-03 2.645366854139643252e-03 6.445451831804075316e-04 8.002423875671041149e-04 -3.195331799777924048e-03 -3.853802462717792281e-04 1.169908814016565627e-03 -1.540699876143523592e-03 -1.150335809148547153e-03 -1.276216159525177295e-03 -2.082104059144815659e-04 -1.682295325294578267e-03 7.215349107373501391e-04 -1.865899356199173529e-03 6.109593735708325826e-04 2.675580409204209031e-04 7.556039230457189428e-04 -1.851810137934288840e-04 2.887906807573536574e-05 1.897028299546979924e-04 -3.080615964690581630e-04 -2.482652989269428867e-04 -5.228494341081495276e-04 -3.387200685025964814e-04 2.032177338273663341e-04 -3.613939515702316557e-05 -2.828691763877139425e-04 4.151753206320265665e-04 -4.541623737412400839e-04 6.875561339999351458e-04 -6.979918119116108790e-05 -3.697605674074619549e-05 -3.015697037657957065e-04 -2.020120035915197985e-04 -1.876455156286443928e-04 -1.665370337029316349e-04 7.607911408312454022e-05 -4.876869809365348598e-05 2.187896163028783011e-04 9.174727947657170110e-04 4.709098952975969779e-05 -2.522571016034664518e-04 -1.870063410144280180e-04 -9.192238959479263546e-04 3.240380294057944939e-04 -7.153777723746000466e-04 4.249398789034752183e-04 -6.140702259545006416e-04 -3.512541008510525610e-04 1.814602085119622679e-04 1.310994936449693293e-04 -1.246932220673086270e-04 -1.499735930116705531e-04 2.627794397581269259e-04 -1.618663501932883064e-04 2.814953714845004292e-04 -2.199072701806763957e-05 -3.451397602070509587e-04 4.107864104081632986e-04 -7.650678774136404397e-05 3.702813303922883174e-04 -4.217494083317348020e-05 -3.319222011402910661e-04 -4.303031813420408200e-04 3.578029455746553058e-04 -7.180386371388999063e-05 5.921637220046082424e-05 2.602829890817882322e-04 5.408336606042043045e-05 -3.961934876448636503e-04 3.115478362750298742e-04 -5.904489947391306209e-04 3.167244780686875004e-04 8.093525594761219509e-04 3.172464461203471303e-05 -3.186140889621599001e-04 3.698015874788815739e-04 6.161833476418412774e-04 -3.654525408309114106e-04 -1.464950264676005579e-04 -2.760084643142403263e-04 -4.252304402619672564e-04 -4.532061171683675078e-04 -4.046936260843004613e-05 2.476217449127599544e-04 -4.221227362003817252e-04 8.000939694574875794e-04 7.496272328608750838e-05
-5.883645773297156711e-02 5.279785024205985167e-02 -2.375769456110195937e-02 1.505164230828710641e-02 -2.996601244964730137e-03 -6.035789617393851926e-03 5.648289030101213103e-03 3.226859779553688419e-03 -1.522950525958950132e-03 1.865326068487222671e-03 6.237150351095518226e-04 3.800537746984174268e-03 -2.348777262669686158e-03 4.128672861223961835e-03 2.833882160541206438e-03 1.787810429133542857e-03 -2.000487645435749563e-03 1.059257105753811144e-04 1.022755199429774536e-03 1.965419204221938935e-04 -5.463816574657307011e-04 -1.056078397241563219e-03 -2.116217010489389403e-03 -2.462669857998062151e-03 5.627424975370814942e-04 -1.286843852725391788e-03 7.185479111609375429e-04 8.492095143343186998e-04 1.594294348817287994e-03 4.012510368051436065e-04 6.233830072237253389e-04 8.675430921606850330e-04 -2.775695913028621681e-04 3.986889103921124064e-04 -1.946930426848411362e-04 -2.501005740794748290e-04 -5.507886173901050493e-04 -3.069773900691117208e-04 1.281720467606318982e-03 7.559015285244003639e-04 -3.227738753221678783e-04 3.606370376722460428e-04 -4.376682999187671199e-04 -1.495960605053335134e-04 -9.587506332727266508e-05 -4.416800002786288042e-04 4.651971339899922361e-05 6.253168275338535096e-04 8.571207405314140281e-04 1.399484807754982794e-04 -3.158858811744962329e-04 4.784697702575602379e-04 5.998398221375159578e-04 -3.606273639253893644e-04 -6.611446954962065903e-05 -4.851356868824730287e-04 2.344076928565173108e-04 -3.150450405017697067e-04 -5.243544721412253008e-04 2.015181884613229677e-04 -5.617658065355876510e-04 6.920062235025790758e-04 -1.530666929366992189e-04 5.234927515470945989e-04 -4.643567862524203456e-04 -4.392225085818875045e-04 -4.522131906273422282e-04 -1.908735901797830963e-04 -2.464492592818688004e-04 -3.262431609789106894e-04 6.595595514234045423e-04 3.514315527769032205e-04 7.206977962219444575e-04 -3.467622106534210962e-05 -2.007239288427412898e-05 3.128306943481083186e-05 4.532068530678631997e-04 -3.479831914332206805e-04 -5.875643101463287046e-04 1.673931623114760828e-04 2.326603666307158974e-04 -4.569839885956059294e-04 1.590950634697308483e-04 -5.415863168117500534e-04 -3.713393273235962772e-04 1.549044687793306755e-03 -7.336740735666881378e-04 5.064589890573288302e-05 2.109954736482104779e-04 2.281661234163902231e-04 -1.337013415752748595e-03 -8.010981986796326211e-04 2.802005412415782830e-04 -5.902348902093532005e-04 -2.325039122212432113e-04 -6.374210515779058948e-04 3.297976378385718906e-04 -5.320492903790054965e-04 1.937281827926539508e-04 -2.001872067183435057e-04
-6.817198951010543240e-02 4.476846171362026949e-02 -1.509192142319818603e-02 1.147324471579725010e-02 -2.040726136269589881e-03 -5.049262122873173116e-03 6.932820978895178586e-03 3.252071816583157471e-03 -1.088204122817413959e-03 1.324829194094755483e-03 -1.533836663687615292e-03 2.239637090177648386e-03 -1.108522409346982332e-03 3.123181219546682531e-03 1.776032135631480527e-03 3.901035073101735348e-03 1.498747750282391697e-03 -9.567922978179054926e-05 -3.540123891885244641e-04 4.132670092057628194e-04 2.595484844307611462e-04 2.421392741789389863e-04 -2.018060030887382835e-03 -1.515447177256829068e-03 -1.173020102165316667e-03 7.318911908006886470e-04 1.335214944948321129e-03 2.951338388247915973e-05 2.952606056004163202e-04 -1.446515739053318215e-04 1.030669562908126044e-03 7.724484902748008069e-04 -2.490184077853414574e-04 1.585866670618919999e-03 -4.235481088817719163e-04 3.584604411859110534e-04 -6.705853263902234601e-04 -2.905863786143428727e-05 1.181598159535590751e-03 5.652623970960714891e-04 -5.952338819359830361e-04 9.960825101832142414e-07 -6.969386610964830317e-04 8.307061185119126974e-04 6.881020072534362476e-04 3.913864201009638593e-04 -1.963879866906336998e-04 5.606739322221834841e-04 4.761461708615149233e-04 -2.446526831091509389e-04 -1.326118093502237031e-04 -5.696310532878516820e-06 7.067257074680283679e-05 -6.042956600075722771e-04 3.762843819625415697e-04 8.230822156679614538e-05 -3.470422021592717873e-04 -1.066294049871203053e-03 -5.357037790977764230e-04 9.281431625981653808e-04 9.785071724973284750e-04 3.753047889493525951e-04 -5.166702236045089168e-05 3.321067866111158517e-04 -4.814015098748589756e-04 -4.782864912464596563e-04 6.535952462830996873e-04 -3.889622902732638881e-04 2.784104831868262019e-04 6.894548447640096557e-04 2.184068725937739664e-04 6.268511018113662962e-04 9.271588563623705311e-04 -3.167165046491404908e-04 -4.954444782739314811e-05 2.191606626312867098e-04 4.734857667811653067e-04 1.585727276046218156e-04 -4.325903619106366083e-04 2.014185404966662514e-04 -2.330174537462528870e-04 -1.739156168502225847e-04 -2.049948388110943778e-04 -4.119544582478896599e-05 -7.584168393523495980e-04 -1.277102853687934645e-04 -6.874993691701981532e-04 1.669878688161105323e-04 2.466417969824072332e-04 4.279976959421193377e-05 -2.680969726276198855e-04 -6.120540630450363190e-04 6.342148696813373855e-04 -2.195060834002309034e-04 7.090242083082017900e-04 5.353714286633932820e-04 -1.226394169759358922e-04 2.073862613625526360e-04 -3.092202586334366859e-04 3.915763223497514172e-04
-6.474889991319066063e-02 2.375289021612219525e-02 -2.251446259790910662e-02 1.867882445059214922e-04 3.319109802831155497e-03 -4.333406182107918739e-03 -2.426297111947495872e-04 1.254014417704580253e-03 -4.241854574243965835e-04 -2.105384022777947572e-03 -9.337003775214448593e-04 -2.650792601078152868e-03 -1.369440959498190624e-04 2.919807292503847924e-03 5.168492289919759432e-03 -6.698668966000960066e-04 1.029090972790253165e-03 4.727770194381503252e-04 1.378994918933818502e-04 6.642910159702348051e-04 2.338173061234790490e-03 1.418671366624688762e-03 -1.741849304884746531e-04 -1.277842571296384068e-03 -1.162596808034572555e-04 1.807738015048045144e-04 -1.289972102564374218e-03 4.843424202085615422e-04 -1.067661167675889363e-03 1.165483507017432523e-03 -2.474080222443258287e-03 -4.157625491308618434e-04 3.363206186046806419e-04 -1.768573529754650150e-03 5.413521094786924318e-04 -1.313679974943661498e-03 -5.974057661355473272e-04 -5.423094451974147827e-04 3.483161066530619690e-04 -6.090404295157476585e-04 2.262459705780091573e-04 -2.921116424239646745e-04 1.903845463135489090e-04 5.092105668941699107e-05 -1.309154217728041307e-04 -1.527926261547473330e-03 5.289331852102693073e-04 7.373756611697239709e-04 9.032427023157591070e-04 -2.584656937343190542e-04 1.083254215463283791e-03 8.010257903375716691e-04 1.482157164121020816e-03 4.815197653875884004e-04 -6.388278353668639135e-04 -9.573553999402610419e-04 5.481448124990307043e-04 7.861726926283312293e-04 -4.721569526750743506e-04 4.468510745448907626e-05 -1.319292114559362876e-04 -1.775049382506569231e-04 -1.204447979128463783e-04 -1.546090540717628785e-04 1.263548517925328464e-04 2.299206198324957689e-05 -1.607144662104783780e-03 6.316740142059455937e-04 -4.855822242486929931e-05 -6.543047264385916557e-04 6.034750761147524315e-04 -1.705712932946987258e-04 2.203383765655576431e-04 3.819058100966677360e-04 6.991376641602815520e-05 6.994636694704411820e-05 -7.062409652036227706e-04 1.868745462465617232e-04 7.838294210407498923e-04 2.631711418052150092e-04 -6.066227811597982170e-04 8.679157886874474094e-04 -5.532849190996514316e-05 1.538670721118504982e-03 -4.812647750262718030e-04 2.675288032769484342e-04 -9.676169506036893251e-04 9.007926116650382580e-04 -3.553947594309620514e-04 -1.587671451132995895e-03 -5.323283425990016750e-04 8.696275004061536210e-05 -8.557233553394669634e-05 5.294417954465880077e-04 -1.725967446390854311e-04 4.986289995817442915e-04 -6.689495741122239696e-04 4.874557330291637096e-04 -7.626497084569378720e-04 1.150816733960405806e-04
-4.592390140069044918e-02 -2.978832804837282244e-02 -2.061682752456574577e-02 -5.961155517655111584e-03 5.404376839651366463e-03 -5.411507433644141942e-04 5.969723708675957891e-03 4.399697467328250906e-03 -1.573973089807069329e-03 2.572176404264785079e-03 2.440141101998763440e-03 -3.078239498567056105e-03 4.463551048855591728e-04 -4.302981851727028309e-03 -7.098550814583985246e-04 8.993695977533533404e-04 -1.481053481640356257e-04 -6.498458136390618560e-04 -1.135047655914908030e-03 -1.101081507491952823e-03 -4.256601594062882051e-04 -8.478964072441492117e-04 9.624265861904734987e-04 -2.069877691851229433e-03 3.783194318249943357e-04 6.789804014105224779e-04 1.145164626683774700e-03 9.145799362595767026e-04 9.570619242490680575e-04 1.999315933621221935e-04 -7.532605993882357488e-05 1.062850812640972746e-04 4.530939616853771725e-04 -9.936248978405666770e-04 -7.649159932065891475e-04 2.025395544342673839e-04 1.430838162481028392e-05 -2.871546055788814968e-04 1.906431936037695694e-04 -4.938015965619878354e-04 1.060777892933699825e-04 -3.458417309398168090e-04 -3.436960237468687264e-04 -4.243074955350262766e-04 -9.943421481630795172e-04 -1.320480635631251804e-03 -4.106667074770499947e-04 7.287934228300092462e-05 3.256556543327730757e-04 1.126894973223924195e-04 -3.064520558104125787e-04 -1.156296040368567880e-03 3.465171525971583958e-05 3.437653423113530365e-04 2.468829649195889179e-04 1.522619417545528384e-04 -1.703782601720291309e-04 1.156583717305522362e-03 -1.369860637557389349e-04 -3.266227703500153225e-04 -4.384498556903670768e-04 9.045138443709826298e-05 -1.535407405731266373e-04 -2.167535751372305414e-04 -3.627633740651163482e-05 -3.592780888666252518e-04 1.277478538954537435e-04 -4.517205814233585877e-04 -9.404746264301601941e-04 8.450217378047902980e-04 3.774096128780096726e-04 -3.807537421318382741e-05 2.583123805600143446e-04 -1.305011960411393661e-04 1.274908865143312836e-03 1.098674945913071020e-04 7.574951644704848224e-04 -2.355975189629102033e-04 4.052634963331940531e-04 4.870693828466930633e-04 2.649739687653901725e-04 -6.182174772505726187e-04 4.275404067936024004e-04 -2.379351475415333167e-04 1.207056638300165949e-04 -2.118921067761669115e-04 -4.366267074036972147e-04 1.018023340193757557e-03 2.340007479385696897e-04 8.342080480653483792e-04 4.746303287708066683e-04 7.912961546509436703e-04 -7.041010680926035499e-04 -1.303396049285698421e-03 6.539082288705322550e-04 -1.347559366971433999e-04 4.147061238743053819e-04 -7.298265893850410316e-04 -7.328586956060022923e-05 7.631237217893077846e-04
-6.992904280110359694e-02 -1.839494754784074329e-02 8.650447747322039882e-04 8.517195491048916781e-04 -1.198883789863578776e-02 7.144385564787735302e-03 -4.668050156237971322e-03 2.639956265486600637e-04 7.771949503290035734e-03 -2.244916267228388735e-03 8.521545393624388670e-04 2.305451244465466128e-03 1.966157157122294403e-03 -5.550032725640862408e-07 2.144239491302755898e-03 1.126797498821572474e-05 1.723079250492495426e-03 -2.395512258330856521e-03 -9.721387075101096302e-04 -2.771269871465796911e-03 -3.842420983849354236e-05 -4.126502415346556402e-04 -2.071368827363768777e-04 1.255765921537385513e-03 -1.019124026429223551e-03 -6.478152761363124281e-04 -5.060577226005324937e-05 1.858386650167958166e-03 9.531697126448814960e-04 3.368295946324684513e-04 -5.284955955515999258e-04 -3.779186457899274296e-04 -8.933187902961499611e-04 3.192675513382626736e-04 -1.058128644446060295e-03 -5.944993254252219951e-04 -6.568074572807618963e-04 7.824260669174836185e-04 7.733535501883319124e-04 -5.924345591995394027e-04 -1.087398608080041235e-03 -7.846296716575452404e-04 -1.065281645197041147e-04 -1.494889985937264019e-04 -1.302204157398053307e-04 4.565805256418398921e-04 2.580407983519021815e-04 -6.320373096798040510e-04 3.516441836991686929e-04 1.094049890601528222e-03 5.387113678938229219e-04 -7.814559754513929635e-05 -7.186014715926324851e-04 -1.115401576669618764e-04 2.191304022799583115e-04 -7.548973765200570280e-04 -4.048588187936480416e-05 -6.096491461491258725e-04 -5.379883240827909715e-04 -9.365416557963212631e-05 5.720943920920860005e-04 3.049365091535316823e-04 3.362566274768279302e-04 -2.049140740885769315e-04 -6.368276333165750385e-04 2.052619772435585214e-04 6.257210563592420158e-04 3.645811499895307083e-05 -6.376513607830834596e-04 -6.568404886760859855e-05 -6.047379483766840902e-04 4.822197082706711560e-04 -8.451617355945147516e-04 1.707753930399614074e-04 7.593915596114965744e-06 -1.358836565580736689e-04 1.486547280000089801e-04 1.562058014450337369e-04 -5.069310591296785455e-04 1.116692588679397432e-04 -3.295575611502447226e-04 -1.784317415250442755e-05 1.906927554747875288e-04 -4.333301576185489635e-04 1.560398059988209771e-04 3.152015403547073018e-04 1.087911896137967868e-03 -1.687371978451679768e-04 2.579695734893617219e-04 -1.310112554623227331e-04 3.773199713086267744e-04 -3.530882126004636465e-04 -5.874306441643401466e-04 3.527568934783623903e-04 -5.029142860791375146e-04 -7.499382874882166245e-04 -6.993712974517926444e-04 -2.168139533540038334e-05 5.987550059916655742e-04 2.062432891474909140e-04
5.032733688974860842e-02 -2.010125850412050261e-02 8.797586936424274529e-03 2.217264117947169433e-02 -1.462963423392307089e-02 -6.071828397708766995e-04 1.526601125017331730e-02 -1.170183000695585590e-02 5.548224283972271950e-03 3.331051343290790455e-04 -5.256964646005726598e-03 -2.768270000766885446e-03 -2.928935621134962173e-03 -9.506314531284598430e-04 1.688944144193597983e-03 -2.276617164389763831e-03 -8.259078186132032305e-04 3.577699101003896810e-03 -1.930348481893566200e-03 2.479670168297755731e-03 2.269211825000519000e-03 -6.195583842207325748e-04 8.348526003129798497e-04 3.285338511606471115e-04 5.573932572380959662e-03 1.794373467330683848e-03 4.885766612939469733e-03 2.667902036982321059e-03 -2.338707834006499044e-03 -1.202679067744696255e-03 -2.125290752729396123e-04 -1.035348260712424693e-03 -1.015578483280933338e-03 -9.686671711485628656e-04 9.076616303166121463e-05 1.378882953325360171e-03 2.643265577844358411e-03 -2.933855244664338347e-04 1.146922706401918603e-03 2.903226446639254081e-04 -8.651024349837579692e-05 -6.726084305076023267e-04 2.036354684221637016e-03 1.843455434019442051e-03 -7.299125826257021193e-04 5.151666670764296378e-04 -6.251184929076681598e-04 8.309863012429478252e-04 7.215027525767966216e-04 6.103994802431514746e-05 2.990837532924386899e-04 8.069259517294358241e-04 -2.598438247895790490e-03 6.256608780307361135e-04 -2.712415146322045005e-04 -1.318155873852737674e-03 -1.102813296828383501e-03 -1.253216186016309266e-04 -7.564575455912062041e-04 -9.564845882943992647e-04 7.762370949224251058e-04 1.413749800274296435e-03 1.349149811631250497e-03 -4.037209227427420555e-05 -9.158907857594584092e-04 1.030446271239332799e-04 -6.464070863583027717e-04 -1.323646847557973828e-03 -4.076819599247366653e-04 -1.388795436529687358e-03 -4.737139698171090080e-04 -6.276459578850942947e-04 -3.872417608151352587e-04 -1.685425360634169390e-03 -1.111178359476892174e-04 3.025460330734981718e-03 -7.545120202297443549e-04 -1.322539710611431857e-03 2.392375956058528865e-04 7.034901822813429892e-04 -2.607837801291276389e-05 -3.390517654024945214e-04 1.298638891235216232e-03 -2.332356806137337874e-04 -2.644654646532838631e-04 -2.963487128808391471e-04 2.695130890214224827e-04 -1.090118236731640747e-04 3.132252476373834560e-04 2.625319515611045811e-04 -6.319760946595146239e-04 4.696584220626542278e-09 2.773855999435410283e-04 3.199066608707893636e-04 -1.022768978561965851e-04 3.049035601175454214e-04 2.974204800031201050e-04 6.227622434799994118e-04 -3.259049074111061771e-04 2.165467258073314693e-04
2.899151154368620129e-02 1.217159880778787354e-02 3.035703973401451122e-02 -1.045887939260458158e-02 4.516695083180874936e-05 1.448351420326826275e-02 1.028106628018214327e-02 -6.690617867354921658e-03 1.179677721432564018e-02 1.060709977964759479e-03 6.237858685972995192e-03 3.187061014946751883e-03 6.659163033948584023e-04 2.871701719742380762e-04 2.994814186051611773e-03 1.594232735882548805e-03 -1.122628147457739459e-03 1.113843840220046094e-03 2.243340376844210268e-03 -2.401799318120942384e-03 -9.700453580003549469e-04 -8.760593102199672232e-04 -2.352744874307950620e-03 -1.116984176234819175e-03 -3.443763375784467638e-03 3.866298498616984182e-04 2.229391684010588893e-03 -2.398969067645387483e-03 -1.590777587861967254e-03 1.367716374130351097e-04 -2.821716226947881215e-03 9.266733236820590570e-04 1.024823003789867085e-03 1.639791507471009260e-03 6.873817810701452315e-04 -7.983797654240087287e-05 7.174316803124358710e-04 3.034250944772703159e-04 -2.841533503213453365e-03 3.337548390004805980e-04 -1.103231162030325445e-03 2.679147761912926626e-03 1.116750172464145950e-03 1.453706594309094047e-03 2.240474722533518330e-05 -2.638089640377696762e-03 -3.046850883163198642e-03 -9.936455274771431589e-04 -1.533536878833378306e-03 8.107037962436230852e-04 6.257900417822816110e-04 -1.369583065945226231e-03 -1.114488231515468972e-03 -1.699087126453272445e-04 7.743075927346316795e-04 -3.654055190411212425e-04 -6.645120500666609102e-04 1.605025381511130788e-03 2.079481416242492074e-03 5.218411846219072735e-04 -1.305911138628500917e-03 7.801060398928397113e-04 -1.677515451802545328e-03 2.068884286667516982e-03 -3.805101797367711216e-04 -3.464444195235987000e-04 -4.125262715299658572e-04 -1.074642082600522778e-03 2.548543629486801996e-03 -2.483155465876725997e-03 3.106808002415412996e-04 4.816407024992115020e-04 9.429490471119895761e-05 6.783336970305462767e-05 1.142210667329404900e-03 -1.108874900960365052e-04 -3.082199032956634585e-04 -4.440959637883382365e-04 -1.725445020209073819e-04 6.101732202768012352e-04 5.900958571979788387e-04 5.409998888124908532e-04 4.320845282851779241e-04 -4.754048859256120225e-04 -8.457080450798801783e-04 -1.728815180530570231e-04 1.852250504362884086e-04 -1.658543129460905653e-04 -7.699969652933193491e-04 -3.023616742497184091e-04 -4.758249550190915626e-05 5.926921858798034348e-04 4.970410673786043645e-04 3.837569156894891825e-06 2.539816499609010925e-04 -1.584293847329359094e-04 -4.976177688031350891e-04 -5.823501239162030293e-05 -5.540924092994790548e-05 5.261864620057247945e-04
-1.795641959127774676e-02 -8.003390708637319814e-03 -5.359806526840522542e-03 8.440039431000795692e-03 -6.924720429859673558e-03 6.676325684275546263e-03 4.422316815260009595e-03 -6.817803428642643833e-03 1.387677893040250958e-02 1.582365684517912478e-03 3.628560212725831600e-03 1.243406831716421931e-03 3.028213116458947172e-03 1.858447442594658673e-03 3.280583573234644324e-03 -7.454828236289537781e-04 4.984289288445010752e-04 -2.811959386486710850e-03 6.373112243855786913e-04 -4.220646694340372297e-03 -2.189670071003302961e-03 1.092517258388953560e-03 -1.426485112476630400e-04 2.471327188715167784e-03 -3.043939039719407839e-04 6.759965223939709599e-04 1.049286459283049278e-03 2.933446426646140436e-03 3.352035792347760057e-03 3.165250225465158791e-03 3.058487493264796663e-04 1.991256551690817438e-03 -3.535088453162232055e-04 4.179530312667356618e-04 -2.125839724439753818e-04 -8.690841904478677649e-04 -1.766155613485881608e-03 1.347576184486074273e-04 -5.962660204935983817e-04 -8.788813398696890093e-04 2.043322067210629617e-03 2.242350146521869991e-05 2.101646303238130335e-03 -1.988434097542948840e-03 1.402982048012827538e-03 -1.584360542202201637e-04 2.568537696444941752e-05 5.333740305701687714e-04 7.063799720853158144e-04 2.494978964285053842e-03 2.099180718796919958e-04 1.887034995285881704e-04 -2.480951733780660702e-03 8.182063205735930949e-04 7.433774224336024564e-04 9.502815496560162089e-04 -8.568271421206601849e-04 -8.529529800298265262e-04 3.644938417627459679e-05 1.358086402480717910e-03 -7.987224519438317245e-04 -2.416076497525010563e-05 9.194221947352484688e-04 7.243534942658700487e-04 1.488628681999659741e-03 -1.076395013853982154e-03 -1.223146537045883284e-03 -2.796098633057480143e-05 -9.221509362806470326e-04 1.802163705116060447e-03 1.804582615567500940e-03 -1.939369304259752191e-03 4.041091391721702512e-04 -2.412178873423105824e-04 1.596257483206712938e-03 7.356490142700611561e-04 8.663642719498662733e-04 6.853397993546693490e-04 3.181687631466024102e-04 1.270942249381290360e-04 -7.761165853614310738e-04 1.502367946090151863e-04 -2.991358003936185855e-04 6.425644103276739478e-04 3.894216310022793285e-04 -3.458034359705181596e-05 1.622689754088435380e-04 -8.464437548970646721e-04 2.058027520576494380e-04 -3.337157801873291691e-05 2.906295668933583042e-04 -1.128773226293789496e-03 -3.980117502329308279e-04 5.783587963051228147e-04 -7.811137365549763534e-04 -1.424786998484058173e-04 -1.624370850453194502e-04 1.144565838260034685e-03 -2.755236975200331720e-04 -1.209198064832905590e-05
-6.894362841600896411e-04 1.129956917039754739e-02 6.127668458631282261e-02 -5.212926496159593116e-03 2.224209065938727130e-03 1.424445259314985161e-02 4.501798104971668074e-03 -1.494251518650838682e-03 7.721962152753633277e-03 1.934236949817070682e-03 1.029542489043606263e-02 2.000608544151260149e-03 -9.164928519308549425e-04 -5.900744878784754685e-04 4.214260528777615498e-03 4.976516345236923523e-03 -3.603314425103038964e-03 2.693512818694479734e-03 -4.843678889319390506e-04 -5.990154269247646886e-04 -5.890646229904587371e-04 3.488747663188099431e-03 -1.623508849627247966e-03 -1.256448904329503929e-03 -3.161337743102191501e-03 1.159114393334999813e-05 1.484905883269363371e-03 -1.628886105481092790e-03 -3.209620502914119038e-03 3.791025396743481009e-04 -1.732148282242511675e-03 3.785647743855408425e-04 5.593472925461954624e-04 5.968175245880959733e-04 -1.342790823540584424e-03 1.094075659485426464e-03 4.068524960495270570e-03 -6.409952004416152350e-04 -8.362150445598561465e-05 7.502156914893866237e-04 2.660360016841314436e-03 -6.173966565730956788e-04 1.714485502995003201e-04 5.017200765007479978e-04 -1.594055299568868014e-03 4.618024154351339197e-04 -5.318587337032917688e-04 -7.652014093260466575e-04 -3.996204636374286871e-04 6.828657687478943911e-04 -1.647606707725014416e-04 1.105096846700733985e-04 1.662710793469841450e-03 4.596061618010657541e-04 -7.447316999804224092e-06 2.585207009481333643e-03 1.486204909557020280e-03 -1.407140220175570567e-04 -1.040047279007903910e-03 -3.808399821808166079e-04 9.698848071301766722e-04 -6.886211081756202007e-04 8.475159084827355114e-04 -1.152627046826094253e-03 5.148096042911911663e-04 2.103075441285473263e-03 -7.650650165873414121e-04 -1.331396282164779921e-03 -2.475418455511795447e-03 1.334940654894019828e-03 -8.884532450859186680e-04 -3.557097441676365895e-04 -1.198747686250122951e-04 7.736282877672867250e-04 -1.761369583437803320e-03 6.935429341265795362e-05 5.018401499128622139e-04 3.797281206604279590e-04 4.855268898550007877e-04 -7.570131025990977671e-05 -3.543955783620175910e-04 7.909621362741324751e-05 -1.879936353624036269e-04 4.206735271914878818e-04 8.441016555666456883e-05 3.989484631641514439e-04 2.619360162580818430e-04 -1.180206815854846920e-04 1.229435104042775990e-03 4.789536505438813578e-04 -1.162506197011218753e-03 -6.096617615852752885e-05 -1.814038042542682019e-04 -5.226536172554106146e-04 -1.255005260883092428e-04 1.418397358495462726e-05 3.057506365488077828e-04 2.393339261111832050e-04 5.037611089548170825e-05 -1.686828400452666603e-04
1.967461626374033823e-01 2.217674778415894971e-02 1.131206878162003410e-02 -1.609779716449174364e-02 -1.627257144559558777e-02 4.430792231397410151e-03 8.512349164151098964e-04 1.034977869644948881e-02 8.677203193463130584e-03 8.057184608801571876e-03 -7.301419290760321600e-04 -3.389589329219210630e-03 3.170213332528635120e-03 5.531229409806771337e-03 -2.565568791058004099e-03 -7.824346758615736671e-04 -1.025485988406434849e-03 1.191240463652540067e-03 1.171604743909590530e-03 2.591307176401196760e-03 -8.574402326637845092e-04 -3.916997258378314807e-04 3.369942906055219470e-03 -1.376336499333055295e-03 -1.230055549966311721e-03 8.385867625352097770e-04 -6.610051556821743913e-05 1.276186234787613514e-03 7.591644704459493383e-04 -1.557257878590022175e-04 -1.170448447694508783e-03 -4.472276712150443940e-04 -7.606340020148225761e-05 1.723113448419385846e-04 -2.446238727865063353e-04 -9.712576512929057572e-05 3.112906531999575931e-04 7.634312745192089762e-04 -1.277592604822145141e-04 1.224416859166916520e-03 3.891216858145009230e-04 -3.607111103765228591e-04 -5.476206850635784206e-04 6.844520035500630743e-05 -1.581995381314380185e-05 -1.017092125655549726e-04 6.004685295380440000e-04 2.579416102017027270e-04 -1.866272357421137104e-04 -3.752374762615440359e-04 -4.909863219321820892e-04 -1.959511971126220227e-04 -3.883123696271721637e-04 2.388566615547854991e-04 -8.545638158690661238e-04 9.768142559980571194e-05 3.877066892434467447e-04 2.774807339860929599e-05 1.248637585053545139e-04 -1.395691394818129589e-04 2.370828186475703648e-04 2.655813911577873439e-04 7.019239162880146687e-04 3.287385750657198383e-04 1.703992544694619201e-04 -2.324320802330668266e-04 8.021420321907881399e-05 2.723173853187744477e-04 -5.508090126693278987e-05 -5.960736161380788135e-05 -5.665073479079065335e-04 3.226922025732037826e-04 4.030823615470413026e-04 -1.164018034997936496e-04 1.610125909029297593e-04 -1.657248031446075561e-04 -4.749815876698261301e-04 2.734333338481755677e-04 -2.335504921779893482e-04 -3.031003364862923832e-04 -8.982640518686098210e-05 -3.049298888679326074e-04 2.069932441027193086e-04 3.451933958072877021e-04 -1.408402101898402101e-04 4.962870872156574260e-04 1.302748691226088360e-04 -1.054014861312617537e-04 7.753768631459657099e-05 -2.011000320006710025e-04 3.271302204218118456e-04 -1.434243577308190215e-04 -3.683172090117429353e-05 -5.714340685330974822e-05 -3.622131972127514018e-04 -1.470895058606097559e-05 4.345825041764112126e-04 1.820202896304658191e-04 -3.737322896291435229e-04 1.611005464754606804e-04
6.279272180480441334e-02 2.392509143910036620e-02 9.477572231139251482e-04 -2.069188896077188769e-02 9.987569693996122683e-03 2.236556202576971825e-02 9.151631476168419280e-03 -1.704560626007273075e-03 6.700831391985774977e-04 2.264337758027150545e-03 4.378296575721872790e-04 5.603518372432715784e-03 9.629730186065039218e-04 -2.877507815578157161e-03 -2.708865652204229830e-03 -2.968191522395175093e-03 2.787934716613444525e-03 2.671845389542523621e-03 2.788551270610793546e-03 2.526100217968250093e-03 6.322500153008393711e-04 -2.558062582773130804e-03 -2.519605566867893186e-03 -3.071158984430269554e-03 2.610214124585806972e-03 -3.006933042066267832e-03 1.037789695634844332e-03 -1.597707846493897840e-03 -8.055283388905981092e-04 1.032847373268390738e-03 -1.154402110227930201e-03 2.098926728973131081e-03 -1.382088219518176869e-04 -2.135694031770552057e-04 1.976190969431490876e-03 -1.485128937937087211e-03 -2.268707628269365801e-03 1.763672978549427669e-03 4.509652606517533307e-04 -1.385816813599294924e-03 -7.648783005495835702e-04 -2.695738205664677169e-03 -2.196719796169198683e-04 2.581804696129115441e-04 2.724873458364194200e-04 2.154032009848185370e-03 8.544163652430841359e-04 5.820837203312341718e-04 -1.592527538738973620e-04 -7.191669843436384686e-06 2.447401920898049747e-03 -2.751867406058871278e-03 -9.730355240250676118e-04 -6.242303148790815000e-04 1.124498781945358324e-03 -1.059298608120291720e-03 -5.956050541957281196e-04 8.999080264315863480e-04 -3.649335664159247670e-05 5.375443902151625254e-04 1.325227098991252047e-03 -3.633878678185596981e-04 -2.154779749343444816e-05 5.819326700542044612e-04 -2.046237565520389753e-04 6.348175211924239397e-04 -1.088633225102991460e-03 1.061465967057573928e-03 -1.095505827379447163e-03 8.764527285092189911e-04 -9.335013973063912293e-04 -1.320088896947924865e-03 9.618996553539785506e-04 1.155356725171387744e-03 -6.145205414107024217e-04 -6.548665591781427419e-04 -4.964726840459504978e-04 -2.037498136512546059e-03 5.992561323977951436e-04 2.770562422527665376e-04 -2.942529298016810708e-04 -1.911074042584630286e-03 -1.547691928130288681e-03 7.218886057653358529e-04 -1.050415580148891104e-04 -4.869198561397756418e-05 9.054963740202635371e-04 -1.087624163294091499e-03 -9.177943300344141740e-04 7.311676695983006496e-04 -3.854572061559373929e-04 6.567157240925511536e-05 5.689392405660711549e-04 -4.025534507483853868e-04 -3.024597968384130009e-04 8.071579382826942406e-05 6.903893409897622711e-05 -1.439727957012123811e-04 -2.762568638926900287e-04 -1.709768437808604873e-04
1.440615925696356325e-01 -3.975169754792552863e-03 1.045538843194713553e-02 -3.743175453915019782e-03 -6.257050733648040867e-03 1.192606044257251210e-02 7.305477862578848951e-03 3.637818615482501464e-03 -5.349123724572761064e-03 -3.128736773615913968e-03 1.894222130695531097e-03 -4.291732526570108189e-03 -1.725717295479005289e-03 7.299004086933754895e-03 -5.661346724949442751e-03 2.505013266746587870e-03 5.626312670512076917e-03 1.685435287713930202e-04 -2.704897414774996844e-04 -4.182560904106622998e-03 -5.213592864617346435e-04 1.323816906900825716e-03 -1.983560298606559281e-03 2.596336636744284772e-03 2.067905302996533336e-03 -9.939775354297700205e-04 -1.376297010300208670e-03 1.984341869846779384e-03 -2.810314572687315493e-03 -2.359086917098152450e-03 1.492618739485315673e-03 -9.691009688606100955e-04 1.333024149390579479e-03 -1.156979426300155153e-03 -1.817729763485267545e-03 -8.693076245996886374e-04 -1.157111891660348151e-03 -3.100315850753098800e-03 -2.285200180960442087e-04 1.176934476162481763e-03 5.459148918859316364e-04 2.120213418475038174e-03 -2.012458440525885690e-03 -1.871696228995296417e-03 5.792249120344236061e-04 -2.300165954546498984e-03 -5.240369655847533980e-04 -9.559258250605429368e-04 8.207587498279140517e-04 4.582134175655746861e-05 -1.158419973079402831e-04 -9.441580640082585007e-04 -5.742137781566013970e-04 -5.461332996994074053e-04 -1.825699857147929745e-03 1.025491969243859987e-03 1.073534894366214021e-03 -8.696120565988750767e-04 -3.927439561987846792e-04 3.501344484766007376e-04 -7.779068626327756246e-04 -3.999800763892823532e-04 7.739408373400705242e-04 7.730345022339152892e-04 -1.314451637146525111e-03 2.500951012844856102e-04 1.462001242043030683e-04 -5.418649759880132550e-04 6.238549035179050996e-05 -1.564559861597331709e-04 -8.442306612712341266e-04 -6.855234216765579858e-04 1.239775961402367257e-03 1.739598588302767039e-04 -1.229624861211314396e-05 2.741454097671012710e-04 -3.504550491692036526e-04 -1.100011916290151307e-03 1.606151624559333611e-03 1.773236215432138357e-03 1.757899419581641996e-04 -5.523909495276213945e-04 -1.657943879419326253e-03 -5.855158297711582447e-04 1.178210818440793609e-04 2.528966297708302785e-04 1.594022207521729245e-03 2.645547092405749765e-04 -2.270918520394935231e-04 -5.138254333687821383e-04 7.074111911703568549e-05 -2.827131345735382686e-04 6.391925969252065451e-04 6.164463618240199876e-06 -1.084586328148404080e-03 6.229242497011796154e-04 1.017785874258294882e-03 9.367093015145319082e-05 -8.104149171345834167e-04 4.664338651388433071e-04
1.961233497143527182e-01 2.421203626295845984e-02 1.045815077674793099e-03 -2.271560495822314701e-02 -1.325965219208962223e-02 4.456461098802206970e-03 -1.757744075133561368e-03 8.739380922090183440e-03 1.522781878497353166e-03 9.661190512012198320e-03 -3.317241342178773884e-03 -1.151082964007501099e-03 1.789843371479094610e-03 3.918565821142644054e-03 -1.953713772063781114e-03 -2.090131269090494525e-03 -1.295624186539019035e-03 6.529068320946294999e-04 -1.632160280030640507e-04 1.743722611148244058e-03 5.519219589878080314e-04 9.226143289233457135e-05 2.136629935890121176e-03 -5.094503964885449543e-04 -9.975043144410508569e-04 -6.929557792402171474e-04 1.476214310569234391e-03 1.338721291433693332e-03 -6.875405002465021474e-04 1.124087141005564389e-03 1.069664186549747339e-03 -5.312680430594783967e-04 -1.088693077740225234e-03 1.182838404936123120e-03 -4.645584953642253401e-04 -1.426561043003413999e-03 6.018579016911665240e-04 1.925898884862604519e-03 -3.416052185442347718e-04 -9.441079275471666969e-04 -1.448319387540564955e-03 3.700762143745358625e-04 1.490327965364428861e-03 1.420817592403823479e-03 3.011793326656959859e-04 1.278463195041176434e-04 6.999199538053396327e-04 -1.763054110506563491e-04 9.362723974948858937e-04 -2.240263469724183934e-05 -7.759712810466231768e-05 -4.805005451692690192e-04 -3.119005498023088695e-04 -7.583031682902013210e-04 -1.362336709788952022e-04 9.052143367756978207e-04 9.159321902987100023e-04 -7.560721765038765855e-05 -7.315944528714934687e-04 7.180377394839604311e-04 -6.189167631703038162e-05 -1.015804110662645639e-03 -1.675409168638665848e-03 -7.342524119150235914e-04 -2.453564146756631787e-04 -9.312573637900281901e-05 -9.832027906430901385e-04 1.013376132365880053e-03 -2.082885046508965601e-04 5.426922670149043285e-04 1.406471332214568855e-03 2.078588572511294856e-04 -1.887976101946160909e-03 6.131601753462791269e-04 -1.048508635149020913e-03 5.874634373676764550e-04 2.446779236559096151e-03 -1.093515915712652605e-03 1.467834976181526564e-03 1.038468318733979821e-03 2.402880357305442211e-03 1.322609086857613530e-03 4.714995976232582602e-05 -1.268147099316023789e-03 3.704013743725333466e-05 -1.005187998708382971e-03 -5.936270095375882757e-04 3.014496444416127244e-04 6.630953798712388957e-04 -3.390716742795432041e-04 4.617404664181407032e-05 -1.547443654837984527e-04 6.837770998814365593e-04 3.909462569992384938e-04 -6.287873454547698339e-04 -1.443780907380759536e-05 -5.044080989089263231e-04 -2.942145484730171109e-04 2.020398905199020359e-04 3.753963637803319300e-04
1.610074150013707239e-01 1.166700395829460730e-02 1.527833893237373966e-02 -1.292870584713757057e-02 -6.264060626306469041e-04 5.040858067244348602e-03 6.067953733348323969e-03 9.126609455150709593e-03 -1.354913459449602403e-03 -2.366019498045050589e-04 -8.457052671917669566e-05 -5.282950355977370210e-04 -1.180695219247174937e-03 5.305342367303560180e-03 -5.678172311966182481e-03 -1.616877555189094639e-04 4.609639829117210229e-03 -1.269222132200206266e-03 -1.678869491576824103e-03 -1.507263392981922183e-03 1.145394246569461563e-03 1.844730904855659956e-03 -2.307232493866276640e-03 -1.466433056752687732e-04 1.261560895835149446e-03 -3.134357500648135195e-04 -1.519360815169507994e-04 8.188909141815165806e-04 -1.576050640535234292e-03 -1.564999541331811052e-03 2.271416478204363321e-03 -9.337693017228796289e-04 -6.609593945394778283e-04 -2.500702069718884358e-03 -1.150139786640437577e-03 -1.330102974999186963e-03 -9.866519972481426089e-05 -2.202223619888428029e-03 -7.669849706503110640e-04 -2.600605219776729450e-04 -5.980765212426432430e-04 9.372524740656792541e-04 -1.574904058471046327e-04 -9.492404646717305218e-04 -7.925418855118088581e-04 -7.883438998073322114e-04 -9.830128399722617896e-04 -3.453474277888817097e-04 1.151592014338951306e-04 1.196349225215847037e-03 5.276054730542127733e-04 5.312205691051048381e-04 -1.618239141833858238e-04 2.605051384530606621e-04 9.772842284790101558e-04 3.809395057284517441e-04 -9.533946110872688808e-04 4.055319661509867329e-04 -5.908784590597233703e-04 -1.159981099894133525e-04 4.332637891308086333e-04 1.133124087434574014e-03 -2.302471709236757864e-04 -1.487188851787149622e-04 8.081220225133863228e-04 5.882431602757627262e-04 -3.193022332922826139e-04 -8.334704677552385145e-04 -4.130912978173331652e-04 3.638217513451301129e-04 3.169976238750986776e-04 -1.098098127489050392e-03 -5.574090573289892415e-04 -4.029455207104189413e-04 -2.299851492711427160e-04 -2.582519292505232409e-04 1.977089857622243692e-04 -8.385068650014480037e-04 -1.582262243811723276e-03 -1.413515155093575740e-03 -2.852634514842790087e-04 5.741646754739713397e-05 5.842071828376642784e-04 7.269476287608148211e-04 -3.152238740419107885e-04 -6.017020626603219926e-04 -1.194332848454186888e-03 -1.341611264425003093e-03 -6.328909781553903376e-04 -2.343530343448513688e-04 -3.655231383972281159e-04 8.727094802957135154e-04 -4.302033226802953942e-04 -3.925983820659790851e-04 1.577324578350542544e-03 -1.235359220542926262e-03 -1.517953162467301819e-03 -4.317483809013897213e-04 1.547573840461575773e-03 -6.299180020219823355e-04
2.133009205710355294e-01 2.108351270834831967e-02 6.081456263638001028e-03 -1.681606435130477209e-02 -1.831644630634849877e-02 -1.835068254756781671e-03 -1.917142670560768522e-03 1.080998951040420576e-02 5.565728113797293458e-03 8.771786232112461362e-03 -3.088184137517505957e-03 -4.390730086844921685e-03 2.414182923606192355e-03 4.193912764391546748e-03 -2.355915385376017648e-03 5.854687709688359857e-04 -2.730851978791516005e-03 1.143883384744394166e-03 2.197907216296182112e-04 2.277066732318163041e-03 1.003810424891685366e-03 -4.355381489726789903e-04 2.636759127381338354e-03 5.027119553831853023e-04 -1.362161843384245225e-03 -3.205541289565804071e-04 3.822791652201520301e-04 2.019645546486405641e-03 4.021240211127151605e-04 6.338271919368543240e-04 -3.781537817014725368e-04 -2.554218526565196420e-04 4.408555350806121222e-04 5.276652320546147516e-04 -3.199493444168192112e-04 -1.003596376281305205e-03 9.369729200159012446e-04 1.468176497688706726e-03 1.951346249308959235e-04 4.488634477513027518e-04 1.198239119704538739e-04 4.554015905827498312e-04 -1.054637544644598281e-03 6.897404298566898410e-04 2.518550550647409548e-04 -4.351841519892326411e-04 9.819473241568410678e-04 1.177153061265978737e-04 1.110763763132766740e-04 8.664261776017289252e-05 6.992666697128812985e-05 -1.791644648700959708e-04 -7.171687043713940177e-04 -5.423017619911159543e-04 -3.579663456134865953e-04 3.789326698982059820e-04 1.278109432683837444e-06 -1.359199041785110048e-04 1.785576756776219038e-04 2.452335046568586484e-04 -1.960370767491970113e-04 -5.091376047210702032e-04 -3.429309696319304910e-04 9.777654278798432518e-05 -9.509709473944408763e-05 2.323302228477442386e-04 -4.995542772985389434e-05 6.548357395743452749e-05 2.736298617795950103e-04 -2.086276339969844078e-04 5.973362317738618909e-04 1.313415744590568633e-04 -4.621494893918049363e-04 -4.376923848220405763e-05 -3.876957228106425236e-04 -3.028250365233619732e-04 3.047082075046649778e-04 -1.230731456587177742e-06 -6.777729880918220283e-05 2.241792499606779930e-04 -1.262277937724959440e-04 6.650253336322807616e-05 9.352075983097175448e-05 -5.473367615183576693e-05 1.277732854507786263e-04 -1.118932065970913980e-04 -1.180556429877709849e-04 3.566392068997889801e-04 -2.354701913636543813e-04 4.131128608228477753e-04 -1.399108994250475226e-04 1.299175213759207182e-04 -1.893979432130160764e-04 4.119648094137147857e-06 2.445689982651983352e-04 1.981804280897916731e-04 -8.892941323197900536e-05 3.010223832469589812e-04 5.977251288574755394e-05 -1.953872579112285793e-04
-5.725310539442218793e-02 -8.695050612649793051e-03 -3.000633432383304454e-03 -1.313655092396357610e-02 -3.092732121559862817e-03 -1.022508436780938945e-02 1.175845307445214441e-02 -6.113948579470890668e-03 -4.253113937165414922e-03 -5.967675986371306441e-04 1.048721290035347373e-03 -1.512459857084118048e-04 3.889675889916655981e-03 1.887315921469017929e-03 1.502454352477791113e-04 2.631908227401364960e-04 -1.528315439302157077e-03 -9.197576607340809431e-04 -8.977721984697095486e-04 -1.579721723427125572e-03 1.016583989961327859e-04 1.384812273668783187e-03 1.400352116304500250e-05 -6.221969629675011125e-05 1.455231460070186456e-04 1.874377542938151944e-04 -1.015177028804702250e-03 -7.921840744700866084e-06 7.309239420488405957e-04 -4.908503759124410726e-04 -1.198916922311580799e-03 2.707760821906422290e-04 -6.008569494562509064e-04 4.228830888262314009e-04 -1.012771329717274734e-03 -3.650477411143465581e-04 -1.598310830492732503e-04 7.346851478572053243e-04 7.391544957583402005e-04 -1.284525852338399144e-04 -7.059042869318860568e-04 -3.723723826107483057e-04 -1.460055593531988131e-03 4.874447595676938074e-04 1.727886145377706940e-05 1.284767019022084933e-03 -4.114873775846824189e-05 7.192417508010578104e-06 7.194440930840796883e-04 3.760861107636100662e-04 -1.134263429039816199e-03 -5.044631187987151395e-04 -4.437818332985252602e-04 -1.109264175765161970e-03 6.329226536234208863e-05 -5.294889970963223578e-06 -5.401578849272171013e-04 -2.699030976130353246e-05 -6.129364735800064967e-04 -8.693804958891461531e-04 -3.216307494926357556e-04 6.494401713757069631e-04 -7.398476435082513170e-04 -1.443551457498695940e-04 -6.796187340333124829e-05 -1.687515506217202542e-04 -6.150620770256270747e-04 2.227257908003962557e-04 2.094872614489396822e-04 6.975819354823685047e-04 -1.055049255549209575e-03 -1.316826273584277302e-03 -9.574532272560112465e-04 1.857777183689345490e-04 1.298378703523227077e-04 2.507734900301778727e-04 -1.818381335975265990e-04 4.956561939329834137e-04 -1.096234432978039050e-04 2.552830574410802416e-04 -1.086348765804715432e-03 1.487368174888910191e-03 -4.604843986995633726e-04 1.423066791338225808e-03 -3.418913610163807812e-04 -1.431813222315181612e-05 -5.623011354367644194e-04 1.362537395989840781e-03 -1.528723123976775467e-04 2.903826738610930640e-04 -7.178824664967022246e-05 1.212508172858484416e-03 2.229099815266206552e-03 -2.455630506828377214e-04 3.506855060932265113e-04 -3.855044611389425160e-04 1.624009327631309658e-04 -9.187242764650971208e-04 -1.584124448899363767e-03 6.998220294414065430e-05
-8.819490061349531673e-02 -1.005598965127049195e-02 9.454044318383734297e-03 -1.084508802431136468e-02 -1.346642131588303253e-02 1.867384641176386001e-03 -3.983402355841513844e-03 -4.438360947165672851e-03 1.561765212253261956e-03 -5.301889124749910656e-03 -1.519956558345958431e-04 1.536410005267311316e-03 2.483539310877549717e-03 1.262791610100421225e-03 -1.852112766598320193e-04 4.345848088430752658e-04 -7.616625010725651367e-06 -1.538541460896943915e-03 -2.056840775827439068e-03 -3.942720570845769019e-04 -9.963432986425048345e-04 -1.641912887850969539e-03 8.580137666939848017e-04 3.796623957267841439e-04 -7.907137870599342247e-04 -1.699608920188267836e-03 -3.053134775366392285e-04 -1.251233114426038718e-04 -2.263563641625682501e-04 4.471967414995581713e-04 5.726647482678485796e-04 -1.065748080070072143e-03 1.479488646516431314e-04 1.860448026246770443e-04 -6.029044697106959971e-05 6.444489429123742043e-04 1.909407787602315583e-05 5.939583802797346844e-04 4.106050385921804257e-04 1.656915864073781779e-05 -1.553489956236494196e-03 -8.279581386984744213e-04 -7.367466440453971288e-04 4.728585160599730122e-04 3.034904566549861127e-05 -3.057353386719318202e-04 -5.336855558920535534e-06 2.627111417280033560e-04 -1.166246597532672228e-04 6.662452370736019489e-04 1.160451506818197497e-03 -1.032229634514129647e-04 8.182843026575103691e-05 -6.075208624477801411e-04 1.607252928177359773e-04 -3.818934327458451371e-04 2.065739470527180562e-04 -3.926851783146496520e-04 -8.624511982221879855e-04 1.891227645779391649e-04 3.490487984750602910e-04 5.215331953814733926e-04 -3.571130730617066084e-05 3.118342633635820104e-04 -1.215841439017526660e-05 5.213012778672533444e-06 1.737314471447158333e-04 -1.938902981063779908e-04 -5.483743067457951242e-04 -7.866636136002159389e-04 2.868347782579556577e-05 3.230832256430807140e-04 -5.178770530764769450e-04 -4.006802944234702426e-04 4.666201771247399524e-04 -1.508165963311256343e-04 -3.943886473738472567e-04 -9.521874436508981192e-05 1.268077176140401793e-04 -4.820490642358024060e-04 1.235808824936423503e-04 9.101805222769432813e-04 -5.028975135309331429e-04 7.572829438811118244e-05 3.234526509427275149e-04 3.992928667583574547e-04 6.315914023633869981e-04 -1.908979209278933504e-05 5.479509298568755902e-04 -1.141262822379775617e-04 -3.169082384729447017e-04 2.697611818453972822e-04 -1.678955416726021354e-04 9.674475390069802122e-05 6.868101590581842048e-04 1.587278601690297810e-04 2.630092983076496075e-04 -3.021238710117298172e-04 -2.011667119386919644e-04 1.388585586345025932e-04
-5.365514541505835011e-02 -1.061154192368641246e-02 1.346758427938626358e-02 -1.355260953145024337e-02 -3.575406265801984312e-03 1.356047043623312583e-02 1.066285416251210733e-03 -3.510916375052422489e-03 9.235982206838274158e-04 -3.989055095898967618e-03 6.106620180680418430e-04 -2.643415592487580908e-05 2.501881470358634490e-03 6.271915438473629019e-04 -4.056709064416290150e-04 4.326000193742319914e-03 -1.624904692716949922e-03 -1.007555344258357971e-03 -2.272833163016357502e-03 -2.531497150179664885e-03 6.460233147181560680e-04 -1.155531876228034580e-03 4.231214563597384543e-04 -4.344438065102781184e-04 -1.755186166528879279e-04 -4.226560505570630256e-04 -1.079982509748050141e-03 -5.164876099297509418e-05 8.310514921377343961e-04 -1.024856252731226776e-03 1.278152257580587349e-03 -7.154965155222864619e-04 5.764946964689540015e-04 1.412698711590619320e-03 -2.230602056297758433e-04 1.010674830680330762e-03 -3.664571520382776840e-04 1.817198797333731495e-03 7.788918754600885177e-04 1.785135661906920852e-04 -9.411517198521857693e-04 1.333267979028727188e-03 -1.479297444429125198e-04 9.819022306677565887e-04 3.435492372836937381e-04 2.804933323212452151e-04 6.055057298948663324e-04 1.188566421698358772e-04 -3.906997764620523091e-04 -2.137102162723676754e-04 3.920766297544131052e-04 1.775434981888715730e-03 -3.053050492362231359e-04 -7.392676655473209716e-04 5.062768001721269654e-04 -1.160765567357921512e-03 -7.067520675131803477e-05 4.693858221042935283e-05 2.499262992971373453e-04 -6.116976854456163040e-04 5.381696905466319377e-04 2.787609735746481130e-04 4.068767273438345469e-04 -1.331485805146913912e-04 -2.496888107460017723e-04 -7.644521578154228310e-04 6.176565547003420387e-04 2.507266677968788280e-04 9.517295332530813484e-04 -4.897865750207963621e-04 3.729641732929607668e-05 -6.049408210009935265e-04 -3.522448269112148870e-04 -8.525883056688432536e-04 1.636441867996251461e-04 -6.796837791181971409e-05 4.976020571471320621e-04 -2.379909068780372279e-04 8.085651086469535431e-04 -1.365681095446522096e-03 7.148500326085413569e-04 2.352578505124943635e-04 -1.512092594177130061e-03 9.346105266381918211e-04 1.606660995428898370e-03 -2.107535145863880606e-04 3.113822321759895559e-04 -1.264740821221741146e-04 1.429593342633177065e-06 -1.281311804700059067e-04 -1.165248628916515025e-03 -1.532599063135555264e-04 -2.695705883649178848e-04 4.553449588855246351e-04 3.135347899749488698e-04 4.194104449944542601e-04 -4.923927342476528291e-04 4.005604832078200027e-04 -9.301569854043666282e-04 1.395396161022329721e-03
-7.662477052333437066e-02 -1.219293128403593079e-02 -3.832347273237056515e-03 -1.639078442963578033e-02 -3.615136701378687031e-03 -1.232522784809458004e-02 5.643765469293723046e-03 -4.543699785402564167e-03 -7.442049102884665040e-04 -2.295531963624523886e-03 8.043153402884534479e-04 5.648791297221462975e-05 3.512896384048326721e-03 2.716063922310277094e-03 5.564411649007607649e-04 -1.634034791847135634e-04 3.448228896867095035e-04 1.109441736148169405e-03 -7.978974589614419794e-04 -9.281939143777600404e-04 -1.041913633464969279e-03 7.813747619014197116e-04 1.151167148523921926e-03 1.938571947397736545e-05 6.519704160587413673e-04 -1.072448186955413758e-03 -2.983603853223875052e-04 -1.390767893858952785e-03 7.961607506376187882e-05 5.273235328176261805e-04 3.600281869968387249e-04 6.506359950215874705e-04 -6.781599229760198414e-04 -3.342742542360011395e-04 1.307928996554418330e-05 5.892365990893132406e-04 2.500009674815832422e-04 -7.313494138984706530e-05 -3.571973496496901306e-04 4.184965090848947089e-04 1.715519371600809949e-04 -3.598040972896022365e-04 -9.898917425310734246e-04 6.353385643469472606e-04 -5.730061164140243983e-04 1.137367020316299229e-03 4.067184374615051491e-04 -6.611977049116285043e-04 5.964888671020116646e-04 5.556733385651096676e-04 -3.359323059610934241e-04 -4.844062680851823053e-04 -4.566155575199780511e-04 -3.855398155099256578e-04 5.851104403493156731e-05 -6.955295818172939565e-05 -8.839521389931130494e-05 -5.496252046464863723e-04 -5.560950329078142174e-04 2.382889670800274065e-04 -4.546167111856880575e-04 5.099973147309074493e-04 -6.319236935657016703e-04 -1.713439266840069712e-04 -3.068375520986525652e-04 2.986230817990420173e-04 -3.068462503764967124e-04 -3.459311717706353592e-05 7.048023082945917110e-04 2.073549385682855984e-04 -1.586427036119507025e-04 -2.944800658757745749e-04 -4.983384165466547247e-05 1.116217136047568362e-04 -3.159121823627563590e-04 -2.403838294621819894e-05 -4.771318658907789420e-04 3.635366247472425157e-04 -4.372350046765563535e-04 7.306596168564866113e-04 -5.372078660195754368e-04 7.052346209463231184e-04 5.707117141546927440e-04 -3.925697577775959636e-05 -1.610270679485559903e-04 -2.383773199303431073e-05 5.186933755024081142e-04 1.439157771802668587e-04 3.179393603031898915e-04 -4.535510560564733821e-04 6.318809687721544310e-04 1.918845888777648506e-04 6.844843685625474124e-04 3.047199237616959896e-05 4.389509569057158155e-04 8.574647687680170749e-05 1.505398102637140237e-04 -5.010454428033577672e-04 2.787390366349864015e-04 -2.310189843122738220e-04
-6.588885324464388571e-02 -2.195462139317371636e-02 -1.461166191185019059e-02 -1.445342666471483364e-02 -5.198120736393975830e-03 -3.952926746069267833e-03 6.633023817547667629e-03 -1.288393243296142221e-03 -8.144299020648646231e-04 -2.537438708539566795e-03 1.486671963416533789e-03 -6.749200216865500939e-04 1.932001028504370553e-03 5.865875627374761512e-04 1.932238417133330422e-05 1.866473992948397770e-03 -7.393958840267679175e-04 7.425977846376012083e-04 -1.854898002733417015e-03 -1.666565851207984800e-03 -7.229508966742185811e-04 7.508123941716422734e-04 1.804726167877990142e-03 3.018221659708625261e-04 1.241802088865286407e-03 2.827118973985513544e-05 -2.749739021921171543e-04 -6.601963921265639051e-04 9.094843891146121764e-04 -3.054860642405136625e-06 8.035074009274166627e-04 8.675976058336427009e-04 -5.918909478004946365e-04 4.039939192072506459e-05 -1.387155439600706039e-03 2.876157671864943625e-04 -8.242979019587651484e-04 8.508727728944222041e-04 -3.420593129216051038e-04 -3.163090957220941204e-04 -4.608026945363852831e-04 7.073521336367776216e-06 -1.181703824273490485e-03 1.237793451677142572e-03 -1.018040155754428022e-03 2.578286050597773313e-04 3.573208845867855495e-04 -3.408025658590063201e-04 -5.190524596360958842e-04 1.125373836175761106e-04 1.157022257360821953e-04 1.104731680794669002e-04 -4.875592207216784412e-04 4.471317154476867566e-05 8.871213135583140173e-04 -3.601442654560844275e-04 1.049817762510183231e-03 4.038949782331930911e-04 -2.624253761548127513e-04 1.767891002376550404e-04 -3.190729857954468433e-04 5.878916892544642668e-04 -4.478776321668500443e-05 -1.858213800895528985e-04 -2.617941261664587173e-04 3.964489705612004016e-04 -7.321561759714716351e-04 4.210653222308250116e-04 1.100747821322531724e-04 1.993143602839903006e-04 -3.415542472275892474e-04 1.873665377466715001e-04 -5.779231192128896034e-04 6.297935248859290111e-04 4.911132922073234951e-04 4.119549395772606872e-04 -5.595262326448061660e-04 1.844751639174137931e-04 -8.517456164858806529e-05 1.271505228898107422e-04 -6.981066658073028326e-04 4.472374204577235566e-04 1.843042264973236255e-04 2.905452582145839012e-04 -6.958834342286187788e-04 -1.103923036765414018e-04 -3.390409646909390358e-04 2.039195637406111285e-04 -2.550533713778313592e-04 -3.086798101493594534e-04 -9.011543029368735422e-04 -5.400455494450900765e-04 6.399310101796568909e-05 -3.587797373017241110e-04 -3.796394152623429872e-04 -4.368971867947229202e-04 5.551454337442332911e-04 -2.341989250442257314e-04 -2.394272373451461239e-04 -9.040441420917425669e-04
-5.975493548867090443e-02 -2.111113387631344609e-02 -1.416419062207666980e-02 -1.395248697668426303e-02 -2.676371966108283956e-03 -5.788707621596619370e-03 7.315450152900120767e-03 -1.439821417043506049e-03 1.082300616357742854e-03 -9.837131727000155215e-04 5.859098404872831959e-04 2.406054775180027237e-04 1.283719119997824617e-03 1.218281290081408804e-04 -8.165672562217427466e-04 1.887748762630196047e-03 -6.189701019969234309e-04 1.029538321954636976e-03 -1.218177612845152205e-03 -1.033954086473526379e-03 -3.571051280240916301e-04 9.789592279474252073e-04 1.386767566653484673e-03 7.170974061408074904e-04 1.705526774980959575e-03 -2.709076087255238990e-04 -1.730073511171021955e-04 -7.108900958252030704e-04 7.598205005333751906e-04 -7.737298659074375680e-04 1.723586188884628249e-03 5.652735668325066390e-04 -2.816396203303303211e-04 5.429857827243410231e-04 -1.070008256553816933e-03 -4.373084489628055937e-04 -6.327738792316523224e-04 4.808491962633103895e-04 -7.534705337857753541e-04 9.431332015035859230e-04 2.646785320886213891e-04 2.903175071120301623e-04 -5.063015588870329155e-04 1.471111127034767678e-03 -1.175459521798603250e-03 -1.627059700127915002e-05 -8.664770765522825167e-05 -6.311019529625171804e-04 -1.170475971263379650e-03 -8.838583322806244091e-04 -3.396100600522029660e-04 -2.441815837248162576e-04 5.588028366157307204e-05 3.339977795142590167e-04 1.409072469878801812e-03 -6.525806590399508026e-04 8.841456448712588494e-04 5.073434518854316863e-04 3.343341789462629600e-04 1.213301230520972933e-03 1.051222407230323829e-04 6.625910394560004506e-04 7.922096435842400364e-04 1.600202061861153845e-04 -1.415644928332316158e-03 4.315732152542696865e-04 -3.583006010952059805e-04 9.865538222933376272e-04 -2.462367896819716065e-04 -3.693037718960140371e-04 -3.948160460263355569e-04 -2.165776099403280862e-04 -2.832560935904861773e-04 1.471943447290467114e-03 5.147968100449179518e-04 8.650122404152741327e-05 -4.590870837410310407e-04 5.760257544107960691e-04 -1.237622103359723419e-05 5.362218300824545154e-04 -1.770665781280292023e-04 2.271459249446881640e-04 7.166299709740539666e-04 -3.261578948168326653e-05 -7.373088695083869449e-04 -9.671985016732352397e-05 -7.789206713171412024e-04 -1.178042160975530860e-04 4.554672836627540202e-05 -2.575348817882991892e-04 -4.438931780725556163e-04 -5.481946590984636356e-04 -3.331391360394587607e-04 -1.042456162205850946e-03 -4.142421428150657044e-04 -1.107553602084555442e-03 1.044157780335851909e-03 -3.569023532361725501e-04 -1.301828557794578584e-04 -1.001431122708754508e-03
-8.628228442182160618e-02 4.402753012621283928e-03 2.570671566809615803e-03 -1.462838492490146740e-02 -7.092944464752375805e-03 -6.804939041155193269e-03 -1.687539502648401036e-03 -5.769576255063886897e-03 -1.894223232696471250e-04 -5.514869122761729969e-03 1.221048172833769834e-03 -2.051637321160597067e-03 2.265112800400315585e-03 3.714449783197709253e-03 1.235164940958588574e-03 -5.721177002764563134e-04 -1.561144933449692908e-04 2.452293677740333068e-04 -4.996205811030054404e-04 1.802110529866637759e-04 -8.440358243066562773e-04 -3.091230444243600389e-04 9.838114872776503213e-04 -9.292545920525175436e-05 -2.967700832149461300e-04 -1.201663730346962328e-03 -5.622211251530464783e-05 -1.327309879892138575e-03 -1.105539485461277949e-03 1.783334551793168583e-03 6.881713455502446765e-04 4.176627497964996959e-04 -9.224736827261197135e-04 -6.905978770767057934e-04 1.310876877028219895e-03 6.286068053560772695e-04 -1.708566917198278386e-04 -5.538524406622092732e-04 -1.263161583768468519e-03 -6.040980118908834216e-04 -1.049048368161688977e-03 2.585727995539702771e-04 -9.361973908749943131e-04 2.233279161258637535e-04 9.289609698284006893e-04 8.370013083629636134e-04 1.048840540276618901e-03 5.657866982795345433e-04 -2.519252496097114922e-04 1.587463802029053092e-03 6.422717660326353589e-04 2.431899638590635728e-04 -1.522218062691957949e-04 -5.884537937079849278e-04 -4.456334060827635193e-04 3.573197589844916958e-05 -2.432649949087925924e-04 -5.560774615005973764e-04 -1.084137489799508235e-03 -1.979454707816246111e-04 -6.057361908447205087e-04 4.147617397131613654e-04 -3.288372233080392787e-04 5.443459683224726679e-04 2.039606478031623414e-04 -4.920190735632039292e-04 2.177446896069375204e-04 -8.475499355926870496e-04 -2.842684925487135223e-04 -1.351826905908506362e-05 -4.662838166434561541e-04 4.664924449452421008e-04 -2.690015159489876845e-04 -7.043921505608063093e-04 -4.546800483626940075e-04 -1.508803729480199249e-04 -6.782804211526308809e-05 3.117799327559273308e-04 1.593031257694465770e-04 3.286451126334826952e-05 2.581469469980125645e-04 6.268599606337385815e-04 1.057617592814493249e-04 5.330642403990046079e-04 1.193577610498508545e-04 8.774881917766751323e-05 1.096540185058259530e-03 -1.138983952252460981e-04 3.982039475114558741e-04 2.915902046154242593e-04 -2.957239061808599107e-04 6.552563539597897578e-04 -5.631114181668047140e-04 1.643267250703863661e-04 1.322729580679582299e-04 9.096377776750404990e-04 2.513125502455850532e-04 -5.271104473669073129e-04 4.325782714740667280e-04 -2.400811535887090598e-04
-8.756298393792601165e-02 -2.372655682022947743e-02 2.504658338613534232e-03 -7.721664536669806296e-03 -1.340998896989165946e-02 -3.393198773113107868e-03 -1.751622805815871266e-03 1.591588513768218353e-04 -7.335850298516093885e-04 -1.839992821690856995e-03 -2.198001042651059108e-03 4.344480717103484622e-03 -8.828835061351689021e-05 -5.850502521235389965e-04 -1.591404868475782648e-03 -4.449479406474094725e-04 9.348690376055928579e-04 7.900043676650619906e-04 -2.509062433501334059e-04 1.587115096110172608e-03 -6.946252296879363523e-04 4.297850951409235335e-04 1.269278842163817402e-03 3.629292188472136877e-04 4.906620500824167286e-04 -7.004305604774821751e-04 7.071761579800427914e-04 -9.446749303956541305e-04 5.340915434425128798e-04 -1.700856097389888140e-04 1.734596665418172581e-05 -1.958247762394320943e-04 1.061517992341271107e-03 -5.614160273600159656e-04 -7.009994705183865155e-04 -6.424005730404230580e-04 4.444877986525498301e-04 -3.922636841418281040e-04 5.506290694767062514e-04 4.406970233128665966e-04 7.317867880746871086e-04 -6.314380698460565723e-04 -2.746862347107633631e-04 4.966448451574185206e-04 -9.837075575548121127e-04 -3.917629268410923534e-04 -1.505754035305515229e-03 1.709273936232972039e-04 4.036780436554254455e-04 -7.624045224438701215e-04 6.410369652518046937e-04 -3.452940552706866865e-04 7.709799574366274630e-04 7.070612235442437022e-04 9.278541119421215036e-06 1.212317271171039183e-04 7.700340211874592920e-04 -6.762286068694665593e-06 2.156799892158379659e-04 9.151843313737372454e-04 -5.177365677242760965e-04 1.512929927619861615e-05 -1.229543228735675516e-04 2.600534887689493033e-04 5.905245933839806637e-04 -3.647365356962105207e-05 -2.893827936092733242e-04 1.236068435452219365e-04 -6.117759661141651800e-04 -4.916062796679415920e-04 1.090932877702927668e-03 3.293747737910440515e-04 5.352804817492259719e-04 2.254481183036380451e-04 6.790876361242533009e-04 6.681959316613802372e-06 -4.475177503317516242e-04 -1.098070142202373068e-04 1.750061069169086333e-04 2.160803016333263124e-04 5.985477976521870995e-05 -4.473925792257678964e-04 7.231545288429427670e-05 -5.642032220002731911e-04 2.719266127310567276e-04 -2.160721883473210709e-04 -3.569617385064440809e-04 -1.438930808818444885e-04 3.279016731630672436e-04 -1.960381378431235756e-04 -3.987850789406471619e-05 -1.517445760141825756e-04 2.403250713398654933e-04 1.653396302880193376e-04 9.130539422635508637e-04 3.021816350061315524e-04 1.055154178599384185e-04 3.171120034752705091e-04 1.919557743338669927e-04 -2.046597530306236900e-04
-7.998810397126866756e-02 -2.289032454983567708e-02 2.423763451989323012e-02 -5.502632923613020623e-03 -1.624156922192391758e-02 4.283409734215723984e-03 -5.552464656267984411e-03 -4.404567945801737133e-03 9.252706759841825392e-04 -2.710469721345262241e-03 -2.661137777284070059e-03 4.080065067489967515e-03 -8.915215815835353906e-04 4.707882982086686752e-04 -6.369635557171441156e-04 1.378872998092369774e-03 -1.726258392959768720e-03 -2.463565265384967500e-03 -1.422723021767106650e-03 1.306532168511745145e-03 4.823462657405061310e-04 -9.680494151984850911e-04 5.611516163518996073e-04 -1.280404357623663716e-03 -3.913970432976913126e-04 -2.054125525505948180e-03 1.005164870150464257e-04 8.666881421949644961e-05 -6.077778837263405921e-05 -8.893511605843981314e-04 4.400900482825280098e-04 -1.904479912663406809e-03 1.369383031825179486e-03 1.085179561458715348e-04 -9.663403836142934284e-04 7.392501256270277675e-04 6.509401724379844086e-05 -4.795579842421158990e-04 8.705531616539044937e-04 5.786035021906421692e-04 1.166395446835893077e-04 -8.012951664698512956e-04 9.530202180372917328e-04 -1.429854800218340093e-04 -1.915214291902626734e-04 -8.128002715309448883e-04 -6.497086197051881601e-05 7.284538972026066966e-04 7.865051448634738157e-04 -3.962892557283627750e-04 -8.160727148594766495e-06 -1.390880518229670485e-03 5.064567780309990738e-04 3.053013228205002675e-05 2.114579158097225906e-04 7.152957487379839547e-04 -5.192541406451135289e-04 -2.240156792555632705e-04 -2.358306897817680507e-04 5.817932315930514223e-04 -4.665913547474191694e-06 -3.185158440199190684e-04 8.262049600477161092e-04 2.985796023107337746e-04 6.363192864809826986e-04 7.535333942943682299e-04 6.157716588280904549e-05 7.787132556234159855e-04 3.506394410617252573e-04 -1.265136285691830691e-03 6.736667052370484037e-04 -3.799695360840943999e-04 7.347043426111620748e-04 3.684284637490427652e-04 2.586315980870345938e-04 9.086070505916379447e-04 -1.064953694839031927e-04 9.866712414597681954e-05 8.397342481404133484e-04 -9.290756428814972954e-04 -3.184007022160128641e-04 -1.034404122971854560e-05 -6.240015059807577308e-04 4.513563667326484061e-04 -4.529970156730579712e-04 -1.095258378201293846e-03 -8.872926015929642751e-04 -7.514882952661352980e-05 -9.590884835209792536e-05 -1.606020191437001189e-05 5.974776003390757729e-04 -4.368162077569126122e-04 -5.459664888041451062e-04 1.643132341898178987e-04 1.121357603509731384e-04 1.654886975744119290e-04 6.435798206735333612e-05 1.494425020219797764e-05 -4.115005938001046006e-04 -5.851538863813840621e-05
-8.887395970582018245e-02 3.016988182589144720e-03 2.766990729468376750e-02 -1.136267030683850258e-02 -8.848197972728476246e-03 2.904474586251756113e-03 -8.780665814349232143e-03 -7.928649030122757874e-03 2.127714720378862199e-03 -4.186282959834890759e-03 1.567335440878313236e-03 -1.555705662461202106e-03 1.460615263323475073e-04 1.163571797749209970e-03 4.034316682938277006e-05 4.946554304121318114e-04 -1.523803121480717636e-03 -2.218360116441161784e-03 -2.098932754262450642e-03 1.671611292527281625e-03 -3.742044046052769054e-04 -2.222208099439543227e-03 -7.561472930379741853e-04 -1.670673551327969079e-03 -1.170817766591066662e-03 -2.202743213650872230e-03 9.765291380714047743e-05 6.638349003905344567e-04 -1.313753265633364883e-03 6.707568580639599459e-04 1.389340672121300649e-03 -8.936870798450047369e-04 -6.576474842275869832e-04 8.099469364097820452e-04 2.731110297832150462e-04 1.508976673344882219e-03 2.302910366905402354e-04 -6.093414052111893698e-04 1.877519927471366654e-04 8.035908607309166308e-04 -1.075269804312363898e-03 -8.683230952477779272e-04 2.565679384162695216e-04 -3.180471608595093194e-04 8.986278752372837313e-04 -9.234861427919312206e-04 1.235071689577149634e-03 1.059717846491374125e-03 -2.482359635148832870e-05 1.451717573300321217e-03 -1.753644969780917466e-04 -3.416850854306647590e-04 5.709724827604531353e-04 -1.004774442924390686e-03 -1.986431186334195573e-06 1.112651065356858919e-05 -7.695734717747407597e-04 -4.217442885974272528e-04 -6.012531455521072030e-04 -2.803922810294581357e-04 7.556160771173354637e-05 6.750541523353852374e-05 3.896488756442352693e-04 1.452159891760179764e-04 -4.055579424659371950e-05 6.833197329956506617e-04 -6.740784585528364283e-05 1.293068935408576091e-04 -3.125736954746718071e-05 -7.326618494453634523e-04 1.115617785222418562e-04 -8.751149669600553584e-06 2.095708866388159295e-04 1.677136165438087624e-04 -2.600855201974892656e-04 5.343090714578056488e-06 -2.883729748326998156e-04 -1.042747774135123202e-04 4.094373765391947793e-05 -2.242507216130331651e-04 -1.028365826542843877e-04 2.571122153272518388e-04 -2.031909341227891412e-04 -4.959252591259797130e-04 8.527581592589568080e-05 8.595806978495944696e-05 -2.246792966194660038e-04 -2.485838492197177418e-04 -2.641927303498237578e-04 -6.732707193077794976e-06 1.236415946454654273e-03 8.114501046875650589e-04 -7.763434358885766204e-04 -2.589506256039067651e-04 1.691869743033725618e-04 -1.304175520674182441e-05 2.632937409996706347e-05 1.782317771925777318e-04 -6.996963908755018642e-04 4.232295351748633109e-04
-8.750387436349862935e-02 1.935520734674158264e-02 3.670950852981843399e-02 -4.351689872786957021e-03 -7.039944507149531808e-03 4.858588990455010165e-03 -9.653335874756674082e-03 -7.399236592945934547e-03 2.041099987044360086e-03 -8.730059749134646760e-04 4.976132040682253004e-03 -3.275257901492063459e-03 -1.242650951886514581e-03 -1.909500904250342095e-03 -2.269437987315664138e-03 -4.503613513524780160e-04 -1.552074597658877541e-03 -2.143418005273738710e-03 -1.611115429902565139e-03 1.648962485686626461e-03 1.747541729628534319e-04 -4.089505085497495049e-04 -1.351607726660853347e-03 -1.013898446991786089e-03 -9.359440027655441642e-04 -3.501732414372478626e-04 4.992934031759956731e-04 1.023957363061949897e-03 -9.554919164216497647e-04 5.488001616364995448e-04 1.156210747439918949e-03 1.661606240377541644e-04 -4.379237621558892371e-04 1.279730080528278463e-03 -8.167703301322791270e-04 7.735302625181512352e-04 -1.800806344540362071e-04 -5.847618264539353921e-04 8.839783976177180468e-04 1.050364070851724689e-03 -7.093395858483339490e-04 -5.915796767793490970e-04 -6.711116522396406937e-05 -5.919887965041635124e-04 7.682868194727003868e-04 -9.718520854831239888e-04 1.532545904517413401e-03 1.229342378435531848e-03 3.488153965304510934e-04 1.127168564419209727e-03 -6.409915798943940490e-04 2.175405009011164908e-04 8.017542248852665586e-04 8.164286609752949544e-06 1.910616910873915971e-04 -6.042716444689036738e-04 6.053988327324526616e-05 2.451260779432319712e-04 -3.213218037549036795e-04 -1.264795857566335796e-04 8.150055447994073766e-05 3.743002533303125558e-04 1.811300154625160015e-04 -4.893610258117281949e-04 -5.664827499303646489e-04 1.099519983786132393e-03 -9.415143146446300782e-04 6.540776478974223230e-04 -4.470990743013070331e-04 1.368939393610094611e-04 4.904367237073807171e-04 3.643262422268328787e-04 5.722405931146457318e-04 7.890211084920778365e-04 -2.381906850675170049e-05 2.110991938802803396e-04 -4.682146727756849886e-04 -9.684647869103670708e-05 -3.853570865865235044e-04 3.743216842739051668e-04 -9.015755340458979448e-04 9.981205706536678114e-05 5.511654878170379026e-04 -8.699910437065114721e-04 -2.557343765698009237e-04 1.110037546388506160e-04 -2.891838739594174081e-04 -1.628823838744751387e-04 -9.446893483833274704e-04 -2.427231592464697437e-04 1.770958012083902666e-03 3.250156292986670545e-04 3.786045664719488255e-04 -3.527630819523865785e-04 -2.059716667868918924e-04 -6.119185052712354739e-04 -5.587992093306020204e-04 6.328666854509633994e-04 -1.224242190600878782e-04 3.810326753156182116e-04
-8.911752607668772808e-02 1.801766077379192768e-02 1.560999385429734550e-02 -9.100760308846510271e-03 -2.778962075447777638e-03 -8.976332893805493221e-03 -3.801051933210338601e-03 -6.034610651256728381e-03 -2.442129070831991228e-03 -1.678516466940868038e-03 -5.653940808109912414e-04 -3.338874576979217364e-03 8.433428297791976545e-05 1.644664439968948752e-03 -1.853563961706945328e-03 -1.167143248083973980e-03 1.458311072316011581e-03 -5.997127942729965156e-04 1.343739243159576449e-04 1.793422604126050212e-03 -1.618962868519651646e-04 1.446581661756085753e-04 5.976903798987065735e-04 -4.784906876587534071e-05 -7.042678135254399230e-05 3.389706644636461216e-04 1.216908932662521051e-03 -1.661361677317213471e-03 -3.690602974228373830e-04 8.884320008349915615e-04 5.423750590154322135e-05 1.411284057563454934e-03 3.380350568390873495e-04 1.942462127083626931e-04 6.862023981285945593e-04 -3.078879072156040335e-04 -5.319691523203989175e-05 -1.014671379335966694e-03 -1.307780704410393870e-03 -5.073284933570183569e-04 -7.919212209072526236e-05 7.975973697544995206e-04 -3.449436667145032746e-04 -4.253474524989862707e-05 1.318500311845141734e-03 6.941435088890775089e-04 2.042140827248600094e-04 5.663078309742588558e-04 -9.131015062651497410e-04 6.407221275134956755e-04 7.701192309713337104e-05 6.569904784551859351e-04 -2.802860349466620798e-04 -2.285184486108209458e-04 -5.868972303350024431e-04 1.718128686952534543e-04 -5.680199854569381764e-04 -1.119819445175884200e-04 -2.125538368055254626e-04 -8.162908684545528521e-04 -5.145434567817392876e-04 1.814836570262624404e-04 -5.223900284234695557e-05 1.610115657448911409e-04 4.442495676246948955e-05 -7.044497693906527549e-04 8.599038444579074330e-04 -5.939038259797032628e-04 -4.864295132020797648e-04 9.254558422166316901e-05 -7.295725863223202854e-04 1.802780461196228480e-04 1.604352162301875414e-05 -1.755596559313185557e-04 -7.325924084540768851e-04 -8.593361208476766534e-06 7.113554123727658125e-04 1.941295144427118431e-04 1.610216088146284739e-04 1.659530883677488144e-06 9.830181682653578099e-04 -4.183369583958998603e-04 2.926242339859727506e-04 -1.319113379226511155e-04 4.175422177494626883e-04 2.959249920289189532e-04 3.049733289965540621e-04 -2.429205069284342460e-04 3.274408320963713480e-06 5.222444459003908798e-04 -1.183296133059819587e-03 3.479555455943132160e-04 -7.175751427218367631e-04 3.436576965902428784e-04 -3.776549635095739917e-04 1.625872553791958520e-04 4.009854267924870094e-05 -5.645594476256311821e-04 -3.456558529050467155e-04 -3.570130414785451455e-04
-8.667023297578441143e-02 3.067412561269194926e-02 3.029262852328754377e-02 -3.710296706401555928e-04 -6.170794093915924362e-04 -5.550727642696548850e-03 -7.555288115472239691e-03 -5.278285638797045390e-03 -2.435319747701708733e-03 1.708365552574551537e-03 1.523582538530615172e-03 -4.232217101670362157e-03 -2.921216609125627892e-03 -1.339232130462543642e-03 -3.340649008638474707e-03 -1.395022289644419445e-03 5.645202498748510579e-04 -1.535524532761260589e-03 2.275809880285119648e-04 1.646731373287803465e-03 2.657727477396430466e-04 2.761012725277374154e-04 -7.087126107125092233e-04 -9.047534189575727383e-05 3.261700558453959372e-04 1.973695006835288115e-03 1.156123868209092513e-03 -1.759786751214089740e-04 3.712783890988461928e-04 1.567124667676917188e-07 1.581078382447207830e-04 1.627320467888096565e-03 3.335991970386512529e-04 1.487509386656090966e-03 -8.235890547103826053e-04 -8.534335945406064296e-04 -9.839605310257826774e-04 -1.742233031209169188e-04 -9.843295083306203685e-04 3.169591279693373420e-04 -1.168417571583364126e-03 5.879664718258750160e-04 -7.246585362565129227e-04 -1.254525989371936957e-04 8.454994233932420057e-04 1.266390138273190691e-04 -2.821479008587124502e-04 3.178019850113913969e-04 -1.408526022824504878e-03 -2.620406540499843704e-04 2.051895745158120027e-04 6.040248835610744459e-04 -4.260786391348412249e-04 1.210291681215449342e-04 2.572912141428096455e-04 -1.752394902959461705e-04 3.974269806818466421e-04 -1.265763034024797781e-04 1.594486969116746861e-04 2.039038260335696321e-04 -2.366342103160953207e-04 3.124121080657743499e-04 2.535089531689414528e-04 3.795952899580968127e-05 -1.416240200331310222e-04 3.328760672441676070e-04 -1.738427367229231253e-04 -2.985121620946608995e-04 -4.442137582663366530e-04 4.219962805293173895e-04 -5.570291856422069114e-04 3.237700346167079633e-04 5.373075603643784315e-05 2.433645733669360521e-04 2.368351188504013002e-04 3.359741634146407117e-04 3.612830118824347098e-04 3.742847536472868942e-04 -3.216909938419904800e-05 -3.025315701154177462e-04 6.358471132929347522e-04 -1.259125701787663400e-04 2.213473622854846186e-04 -5.049746878095079237e-05 3.143944338322030843e-04 -4.889882954913792371e-05 2.883963224864679307e-04 1.195746426706125051e-04 2.131093456506308647e-06 4.295851091554593170e-04 -1.003798451804591759e-03 -6.623239763422330076e-04 6.584415209291252010e-04 6.189346303891493217e-04 -5.470234660269223173e-05 -4.142825306638488842e-04 -3.046718956075782363e-04 -3.315705646589713800e-04 -2.645015613382134274e-04 -1.398605963471743119e-04
-9.458312089225155705e-02 3.573924521025727968e-02 8.818640756694086716e-03 -1.466182545607130775e-03 -9.340555732336410649e-03 -1.142391428647846797e-03 -3.818517693413659830e-03 -4.018440034250335066e-03 -2.370629162219647403e-03 -4.017259402416551058e-03 1.734434525654344464e-03 -2.889227054662271959e-03 -3.838966969553230966e-04 -8.638698490894497570e-04 -3.038159722629194242e-03 -2.755713672587667331e-03 -1.450447962644100391e-03 -1.039988096161481709e-03 -9.696245501694335418e-04 1.484801517012054048e-04 3.715003635446975237e-04 -5.324520051310658100e-04 1.657215707899617474e-03 8.493716149956374471e-04 -5.584511111480784358e-04 2.678390766011997434e-04 2.611248196246666962e-04 -7.784454920495494394e-04 -1.385224197481127592e-03 4.592745244005880787e-04 -2.686126860239785598e-04 -1.014905487621794343e-05 -1.237163697180741144e-04 1.376582979643523855e-04 -1.354891891630907123e-04 -2.810616897611224979e-04 -5.043391086853293154e-04 -2.870986664297653303e-04 -1.685479348700050098e-03 -8.796159859841135150e-04 -6.942079177410253894e-04 -1.441862810720669389e-04 -8.318955397207788418e-04 4.456667399555846510e-04 1.342638338387534304e-03 -2.033773208885119167e-04 3.566623481724364602e-05 1.258875559499541327e-03 -1.107561910163612625e-03 5.347680264949171815e-04 5.936779380238464514e-04 9.371335593238908741e-05 4.889044543776233835e-04 -2.329409278931627799e-04 2.399097159724095975e-04 -2.066780735071158559e-04 -2.602696360075215350e-04 -6.242615570933123231e-04 -1.279247931986324715e-04 1.101317455214121077e-04 6.007330798739045244e-05 1.331188068302743800e-04 3.569371840008714932e-04 6.029924492613384203e-04 2.470588569613163402e-04 -4.058216534272162009e-04 5.968835996150463602e-05 -9.045791925192937745e-04 -1.017967409155007448e-03 1.318470663541439810e-04 -4.484740182332248555e-04 3.870316774295776857e-04 7.704373147410557105e-04 -9.073646786927738511e-05 -3.217644981345092184e-04 2.196071678474065465e-04 8.413596325614624855e-04 2.892763145924144965e-04 2.334203403077985133e-04 -3.458350845852857817e-04 4.080123463091759662e-04 1.031841209790114428e-04 2.518261059515255725e-04 3.284345098705449884e-04 1.036379609467103717e-04 -9.251719978563383256e-05 -1.114622625856176761e-04 2.825153077881331978e-04 -4.675015950229991564e-05 7.721969388509839936e-04 -3.678022452306401293e-04 6.281412730148194399e-04 3.108285419586440048e-04 -5.538310763208214790e-04 -1.875555081997999532e-04 4.919774754151303277e-04 4.776220186686902123e-04 3.404400576277953443e-04 3.966807887357881655e-04 2.124380471837925596e-04
-8.106907260437341833e-02 2.561092889471057801e-02 4.270928730430401110e-02 -2.555771846312035293e-03 1.638666129323784314e-03 -6.384104938986582536e-04 -1.096650255380689221e-02 -5.783228461848994445e-03 -1.208077169387002147e-03 2.776677346142485733e-03 4.186984740468210550e-03 -4.806057963423644545e-03 -3.652074027892706753e-03 -2.325761755639743893e-03 -3.028155966660975047e-03 -7.997698508203181494e-04 -5.907395327275332666e-04 -6.572397305817884259e-04 -5.295605088841597377e-04 2.219902547802865295e-03 7.220593926855956761e-04 6.492992224799529633e-04 -1.703867624680973801e-03 -5.512271111538412849e-04 8.048602953007225839e-04 1.468824832695056438e-03 4.051844842077438895e-04 9.336284157429855426e-04 5.522011082265786261e-04 1.096785819405413038e-04 1.174823475313548256e-03 1.128883335621923062e-03 -4.435276352527874635e-05 1.280758674722069562e-03 -1.036440878055599384e-03 2.857966853204548983e-04 -1.191639923637068067e-03 -2.428341134408829754e-04 2.571122582642711217e-04 9.578034066988048599e-04 -5.894769753505140234e-04 2.478335564024035181e-04 -4.910928672276496576e-04 -5.674865676508476266e-04 -1.054844055666162691e-04 -4.937812357904155884e-05 7.590997342738514155e-04 3.447372250293979099e-04 -1.613372986900674623e-06 7.035452678439694434e-05 -6.365116292472394700e-04 3.389713067307793706e-04 -7.047299124223998091e-05 3.563152358001707909e-04 4.175631127369491976e-04 -3.164085160797337542e-04 6.819727294542224849e-04 7.880481149974419763e-04 -3.168885772977844250e-04 3.668343714188474652e-04 -4.411629434336025507e-04 3.761783054542860668e-04 1.175846281011886182e-04 -4.503883410204176591e-04 -2.547006822273545357e-04 1.017341973324825634e-03 -1.130199342651877058e-03 6.477803237831287076e-04 -1.603791633302953780e-04 8.357091986038102274e-05 3.224481807857484321e-04 5.409640914838244287e-04 -2.206623906204201473e-04 7.039457799504063263e-04 7.220319409213858761e-04 -5.360556634184189854e-05 -9.626269813216216820e-04 1.042376204832209810e-04 -1.672170834780828126e-04 4.348163044774089759e-04 -1.982068563184579075e-04 2.119004207431470020e-04 5.468217264614199519e-04 -5.570932394613256470e-05 -8.011406718299733708e-05 9.144670689707431500e-05 3.017761234681975990e-04 1.792637989626647395e-05 -5.234473272271693159e-04 -5.145607341365662692e-04 -1.028115819313181716e-04 -6.820633760689566883e-04 5.505293215314216188e-04 5.593070515009655914e-04 1.854967849104036007e-04 1.446361349060393483e-05 -8.002440465003935735e-04 1.819628743433694923e-04 -7.929009444200915978e-06 2.861760913325456582e-04
-5.982923615483341784e-02 -1.356887816708749785e-02 -1.776749803499975749e-03 -1.664321801016140773e-02 2.824108995128068143e-03 -1.706934767261947955e-02 1.046126016823980577e-02 -5.529046399456150583e-03 -4.356480252556056178e-03 1.598821240885604485e-03 -2.151036566337657702e-04 -7.514168400287387652e-05 2.290567550506445414e-03 1.104532891902395772e-03 -5.644954967271866540e-04 -6.779061460010143763e-04 -1.194068745673339650e-03 8.131252963691991929e-04 1.223535475604384422e-03 -1.942160623145841147e-04 -2.024557266282212280e-04 1.551603921576007270e-03 -2.834648963999536497e-04 -5.177279571809956498e-04 -1.205342463164189165e-04 -6.095921599833872698e-04 -3.426759661034897101e-04 -9.222601131647946426e-04 6.116265365865038422e-04 -1.005978064691317878e-03 -1.269590792626609441e-03 2.013818687350379965e-04 -9.366232564898799339e-04 1.548102298311781946e-04 4.956937908019726918e-04 -4.139140656467989047e-04 7.003987623772970055e-04 -6.075709509064117567e-04 -4.766109250110699440e-04 2.599497785202761735e-04 8.646259605222803620e-04 6.118179122281408588e-04 3.930262364234173435e-04 -4.752202759704734635e-04 -1.062563729581257480e-04 1.083567504304147611e-03 3.636741583573445727e-04 -6.212516777594010841e-04 7.192754372394579787e-04 6.259190689470044188e-04 -1.173299790878612860e-03 -2.211829034830976599e-04 -3.293469238099801472e-05 -2.443534113772750688e-04 -4.277807760108484083e-04 -1.499351570683767174e-04 -1.136235274710710322e-03 -1.537406486335381314e-04 -1.074170301777232811e-04 -6.269694038266465002e-04 -8.002139614519235321e-04 -2.057982301447936954e-04 3.460247064883344745e-04 -4.178645581672943356e-04 -1.862875214242410923e-04 -1.189032233819610777e-04 3.405749428850478257e-04 9.613133397703768081e-05 4.687531919007658157e-04 -5.167415712031374879e-05 -3.578488320496446442e-04 -5.759902903662594310e-04 -1.617109420057179995e-04 2.272372445973313009e-04 -3.461179423621701837e-04 -1.301014468170057106e-04 1.007947145131080741e-04 -2.835407798087829080e-04 -4.432917604932093761e-04 -4.472904377382454943e-05 3.865761110281611861e-04 -9.683097984359466870e-04 3.385148790442698208e-04 -5.837182559829489194e-04 2.090106090391909122e-04 2.651758571293770040e-04 1.048678425761032730e-04 -2.403279888464238568e-04 -3.759963645235247240e-04 -1.140570365047912510e-04 5.107993372096791655e-04 -6.260544030902047896e-04 5.030951255934551443e-05 -1.765880681913984209e-04 -4.920009324868231419e-04 -1.069821860592892618e-03 -9.724540336286494361e-04 7.469536550028125837e-04 -1.614023485288855182e-04 1.102307454435915183e-03
-7.493303998106742858e-02 -9.950348954176086586e-03 5.391549785152247726e-03 -1.658348306565470345e-02 -1.959569875414056330e-03 -1.362670357506401246e-02 3.124232381855397787e-03 -6.245513456699729529e-03 -3.258879286878864096e-03 -1.508746322263869065e-03 -9.395971978455097467e-04 -9.726706526002035008e-04 1.542953282969982852e-03 3.055113046604688350e-03 2.733302570680334323e-04 -1.441775916333053068e-04 -2.215866083652604738e-04 9.638951389437242423e-04 6.431534603245042496e-04 6.107849938254115724e-04 -9.355008977468892229e-04 2.191571880859869597e-04 9.224157086297653241e-04 -6.499607646313188642e-04 9.225148506428350716e-04 -1.122858503323269364e-03 2.984498374447934173e-04 -1.598848526042505064e-03 6.048412548279047136e-04 8.375738194832452448e-04 -8.085508654137759082e-05 9.167635519975710426e-04 -5.874451691057362744e-04 -5.949012398858418782e-04 1.723179019064006046e-03 7.527437103033694527e-05 6.731074633825333449e-04 -1.123115897235647809e-03 -1.113196302472326590e-03 1.474737925768461022e-04 9.434595431629666518e-04 1.279604971349331422e-03 -3.314132843642986215e-04 -5.440256423709161808e-04 1.429335091024689849e-04 1.525530985539759812e-03 7.688790882850011176e-05 -3.514510732586725319e-04 3.419724513071076364e-04 6.072798564197323971e-04 -9.507791781472394853e-04 -9.958774334431881809e-05 -3.600115467529751626e-05 2.372478174235578244e-04 -6.970694981228181975e-04 4.296383836712188548e-04 -9.670347546696266743e-04 6.727644003187175856e-04 -5.064958243058584157e-04 -6.660134047031590274e-04 -1.313602997156741378e-03 -1.205566599493055604e-04 -2.036742785174000222e-04 -2.269308628961103839e-04 2.204479976803784146e-04 -7.886564068565988595e-04 5.950814426934406248e-04 -3.967526035263304186e-04 2.504885260115749458e-04 2.780313596272523296e-04 -3.006235944511900121e-04 -5.966592886747975748e-05 -1.414878158665943179e-04 -2.845288287762630960e-04 -4.129178688624410916e-04 -5.277496493488718649e-04 3.269436521715389445e-04 -5.231461250063828986e-04 -1.859992897690691512e-04 2.122208299522434843e-04 8.252796504809131089e-04 -1.095096130721726242e-03 4.458456242116076392e-04 -3.950993453831561498e-04 4.092052687679298916e-04 2.373672020272039049e-04 2.034203066845526183e-04 1.131089398720695781e-04 -1.635761223101583331e-04 4.291834581903771737e-05 2.305058115935511699e-04 -3.140025324930003432e-04 -7.315616375229627363e-04 -3.234756603276413506e-04 -1.948127487011469419e-04 -4.718778616017863859e-04 -3.859535033894723817e-04 1.542767511854455098e-04 -1.490357331181884558e-05 6.390529725767127214e-04
-5.876629238209628292e-02 -1.813462045790945401e-02 -6.291088935580148311e-03 -1.125821574458652288e-02 -2.036300863973449535e-04 -1.537336673083800932e-02 1.351378236794134081e-02 -3.541204906634563918e-03 -2.867196510201923919e-03 3.043803047802554323e-03 8.330451878827484528e-04 9.871397456663424160e-04 1.982364483224981211e-03 -7.129476857879644101e-04 -1.460938623631721518e-03 -5.092210977979601825e-04 -3.273176525521976992e-04 2.759195580532526008e-04 1.408523343427644028e-03 -5.064723825108191331e-04 -8.278151371794144223e-05 2.101876511983129855e-03 -1.420268071559624412e-04 5.442440509294354080e-04 -3.089803468474289108e-04 -1.126602024545550148e-04 -8.157984587602422084e-04 -1.618438660833166926e-04 2.814975488004443438e-04 -9.130465388486795836e-04 -9.855128255174430522e-04 -3.488059777608222231e-04 -3.511806651920242202e-04 1.149870737096038388e-03 5.132759791844464107e-04 -2.280683670658433231e-04 3.850866185000731846e-04 -1.849495740922850299e-04 7.293609291408556950e-04 4.195816127994201825e-04 9.185284189805738124e-04 -1.753283428110099113e-05 8.915300346948986168e-04 -8.984535640677866319e-04 7.508629364288497542e-04 9.642345100799525710e-04 3.746158467498025076e-04 3.784178394111155190e-04 6.694046601586035265e-04 -4.986052089129077531e-04 -3.452981270578176767e-04 2.613013262340366629e-04 -4.032172314384180030e-04 3.431629294873389763e-04 4.166656859741422179e-04 -8.609783025325673392e-04 2.535967492215417162e-04 -1.402089440136928557e-04 3.582106509486458713e-04 -1.293349367243650319e-04 -1.364056845502401483e-04 -5.080358469087383399e-04 -1.868611546311404375e-04 -4.774641167189759366e-04 2.232189397293728118e-04 1.128403540471065516e-03 -7.731414956331738014e-04 -2.808179804084548242e-04 3.544975362441135712e-04 3.202232129844886747e-04 -2.618287010772705386e-04 6.811974636396057425e-05 -2.416126596134445296e-04 -3.238649491691897395e-04 -2.942287650577850842e-04 1.999159899900116799e-04 1.950099855830833968e-05 -9.230528752848047571e-04 -4.019725720121232753e-04 -9.614375392195508366e-04 -1.977288558212731713e-05 4.573969342010564070e-04 -9.414675123134528135e-04 -4.290358195407039375e-04 4.307487178833062976e-04 1.143965000103877019e-03 6.893812137019082525e-04 4.481050728418046027e-04 -4.477620629173141944e-04 -7.620310234410916607e-04 3.885127956108344670e-04 1.690675060342834723e-04 8.537550872790350062e-04 -2.140183819936837106e-04 1.049442040963829374e-03 -1.218448131852551677e-03 -5.473144859361761972e-04 1.608203701928384013e-03 -6.368154896569660096e-04 1.936483319812255582e-03
-7.119862611494194582e-02 -7.103758183208076261e-03 -5.548805545041311967e-03 -1.440254561310449696e-02 -1.484886848105729240e-03 -1.298959223372788893e-02 5.655770015986234106e-03 -4.127533519076181413e-03 -2.515252910296166943e-03 -1.209089043744422578e-03 -5.367269313517721366e-04 -1.052250733384212100e-03 1.902716615330547843e-03 1.372105357702783175e-03 3.912511539396270623e-04 -4.340130239596112928e-05 1.957636308648719550e-04 1.045574835006376341e-04 -1.048125293018030017e-04 1.032501018287303217e-03 -6.108272754927949024e-04 1.463911696381693444e-03 1.330510031038556083e-03 -7.853666889735253821e-04 6.501316024773546535e-04 -1.064000170948899192e-03 8.288174405672361520e-04 -2.105755009946811557e-03 3.406246902334762608e-05 2.218891471411956471e-05 -8.796500752568637248e-04 1.078225926760514397e-03 -5.029422066320936345e-04 -8.373935096160944110e-04 -1.040404141190105379e-03 -2.065363185226861754e-04 1.957404009002265016e-04 -6.741303015899901760e-04 -9.050510076631459750e-04 -6.550870136803242866e-04 7.742845481266644745e-04 4.792962582226335290e-04 -4.643810396879797207e-04 7.415735287028111687e-04 -5.171555978449537093e-04 4.953660463934971307e-04 3.310668306163499293e-04 -1.774192691831745332e-04 7.201864669836475445e-04 5.249284228796193691e-04 -6.375251761947482504e-04 -3.678062953997460411e-05 1.612842346429061889e-04 -1.255895366975934107e-04 -2.680425423527082280e-04 3.028350847700260375e-05 -4.517858854515204394e-04 -6.216450995503834415e-04 -9.730958579685824571e-05 -1.391026296092797755e-04 -7.918251983371466353e-04 7.032778352109725220e-05 2.766553263055132627e-04 -3.614817612640361063e-04 1.631908889278576072e-04 -2.568976946079297853e-04 -2.366805078641809505e-05 3.305456976304290253e-04 3.439959637699850853e-04 1.064780087745317123e-04 1.326090848203164644e-04 -2.260744772192142772e-04 1.292536231019262476e-04 3.513389083636524472e-04 -5.438968231307083267e-04 -4.912986387693605374e-05 -2.333356089604134414e-04 5.428441632560694792e-04 -1.936356494474891939e-04 4.789394235157288919e-04 -2.341814329246466250e-04 -7.090056559377270595e-04 7.989352983098083538e-04 -4.619864466587620105e-04 -7.357291185214605116e-04 -4.622950076397391471e-04 -2.109400817216099171e-05 -1.308375785006289215e-03 -5.171265862697580233e-04 1.519523575829063848e-04 -5.921508793877686730e-05 -8.204915103568021905e-04 -5.324265910959298130e-04 4.681538569025289840e-04 -1.055431161864206838e-03 3.519860784014213558e-04 -5.166222810236921655e-04 -6.710709235607521372e-05 4.562440743374872201e-05 -4.076772676446559565e-04
-6.460942024221731639e-02 -2.110377966695601779e-02 2.891456102306306803e-03 -1.673914765761020176e-02 -4.418094850648566357e-03 -1.071334806771423627e-02 7.791304045821274490e-03 -4.666797779096417895e-03 -2.222657121361286750e-03 -9.448616503851713566e-04 -7.832901865649976800e-04 1.218862582049879024e-03 1.659370634609056349e-03 4.979249985184381385e-04 -5.171145757348682504e-04 3.364304628061434276e-04 -1.683503510778096941e-03 9.223768004120766039e-04 3.699629696149648087e-04 -2.090309619780614410e-04 -2.071044625042921629e-04 6.196156122939762726e-04 5.397947949429411337e-04 -1.198030289428853815e-03 2.406151795578236464e-04 -1.673840389886063979e-03 1.768887468708051287e-04 -1.576432384586326551e-03 -1.015022605589522539e-04 -5.645023405391360986e-04 1.430942799616050391e-03 -1.069056834471823758e-03 -9.798484485060334880e-04 4.565755377801343604e-04 5.384174157875829848e-04 -3.612032456662944539e-05 -9.213209301994887196e-04 -1.742403864269344901e-04 -1.541949113313210030e-04 8.028463427292803576e-04 8.478565648248948851e-04 -4.622406146214225425e-04 -1.073225770972548307e-03 3.841137538308404690e-04 -1.700710367536744120e-03 1.001349343668753690e-05 1.517603214862682948e-04 -3.949560881868922142e-04 1.797792801145440286e-04 3.027410912165083936e-04 -3.404105131794958345e-04 -1.365471045807643098e-03 -7.814197289120605868e-04 8.637823006036842019e-04 2.457872028992091765e-04 3.120690558731825420e-04 2.963829565240469629e-04 1.882313986564304522e-04 3.577636739837556702e-04 7.619889342547625380e-04 -9.307145001167861122e-04 6.911789542162777994e-04 1.092652672277768516e-05 3.850252459049026627e-04 -7.228164477957716404e-04 5.629483250948207106e-04 -6.288141263648295166e-04 2.383955005873895168e-04 4.641579223942421850e-04 2.980251275452426444e-04 6.325872230262486124e-04 -6.492837640587644562e-04 5.835789046946926028e-04 3.227719935382060423e-04 6.902112607976704966e-04 1.435693267659701950e-03 4.282304740119066960e-04 5.706612285635978207e-04 3.305135707264440082e-05 -2.645459950623428353e-04 2.071823256226741248e-04 -3.488114282202741051e-04 -4.574239122345108454e-04 -1.342877967290617908e-04 1.001846625888460284e-04 -9.893145983804905921e-04 -1.324885038104469976e-04 9.792765136679767047e-04 9.302721657757052291e-04 4.175057990211256120e-04 1.702672715560896687e-03 -8.923483960091500074e-04 5.883532194851014358e-04 7.358408113019819508e-04 1.762707421501090834e-03 1.709044606907666325e-03 8.046872287499750188e-04 -8.420920923751628988e-05 2.188984999811266052e-03 -6.406503761550555497e-04
-8.325746123485708305e-02 -1.607120092101213191e-02 4.259070664623818003e-03 -6.735893113061751543e-03 -9.808952965191365322e-03 -1.098941315835933082e-02 5.637306679572475897e-04 -1.804891126339838421e-03 -2.667198338165517255e-03 3.167976364750653699e-04 -1.942607980236936600e-03 3.089252373885705179e-03 5.412493589793917256e-04 7.317372518215048286e-04 -9.810454042133971795e-04 -8.883358746215156993e-04 1.694433019285678920e-03 1.134957954607497836e-04 1.175832851552696331e-03 1.302921824044441478e-03 -1.621308527977286581e-03 1.014200269804393928e-03 1.046613822807945966e-03 6.925870693914546470e-04 4.701988946974718303e-04 -3.581972273423849207e-04 1.069439310758706465e-03 -8.441522160775957349e-04 7.539245933730627080e-04 1.659275853872494290e-04 -1.283510515564030780e-03 8.093290364737312781e-04 1.450365300252607617e-03 -1.290833361514995368e-03 3.859011087591857569e-04 -6.556701076942133720e-04 1.620661965137711741e-03 -4.518682070034031519e-04 6.422306775988364516e-04 5.039824879094772928e-04 8.971753714745699104e-04 4.154440515136377044e-04 -1.437440515684784486e-04 -5.664398466492836289e-04 3.779151323525527890e-04 7.362089862022968244e-04 -1.519485882551959571e-03 -6.935023382673425241e-05 6.140495771798223576e-04 -9.236616153784114143e-04 9.248107844152023116e-05 3.058508757111024629e-04 1.024230439675946147e-03 1.338628042895962517e-03 -3.331937781177670170e-04 9.434561183352819635e-05 1.028708190221286345e-03 2.775898554429848011e-04 3.991257215167393242e-04 7.056804930391880146e-04 6.781702250388914457e-06 -5.144694350730328681e-04 -7.396663655508220773e-04 3.279134824454543978e-04 3.633972217858940702e-04 -2.463581222874220117e-04 -5.675218065307222840e-04 -3.883017406135823107e-04 -2.929393517177297920e-04 7.821769640805463931e-04 6.611852636910329909e-04 5.519418218444015808e-04 2.435094723931577560e-04 -6.345163329611820712e-04 2.898845358346438723e-04 -2.484076232174687020e-04 2.187468619786882924e-04 -5.887940313864439140e-04 -2.413059597937773409e-04 -2.418874896454183512e-04 2.624259503415626963e-05 -2.321713120305067221e-04 -2.784144359909086265e-04 -6.063383806466669584e-04 5.374364960527452896e-04 5.156758847684381458e-04 1.924317394058254276e-04 -1.073998986491938429e-04 -2.538700010524932234e-04 -4.353983107240566813e-05 1.133328435036094539e-04 2.728436910513660227e-04 7.068972463934818486e-04 -3.051408649729269113e-04 2.738937936679590327e-04 -6.343355942954920267e-04 -3.907270314741793839e-04 7.157182435054261710e-04 -5.198922187572617513e-04 6.761502866747186140e-04
-4.241308281238264505e-02 -2.712758699814371219e-02 -2.336837675737237570e-04 -1.024214666250082388e-02 3.799167456443560027e-03 6.120738970923892200e-03 3.506430210754259581e-03 -7.613756922951776807e-04 -2.073818823452209473e-03 -1.326809869778146833e-03 -2.593598022977438005e-03 -1.422255368817317706e-03 3.843870541960955596e-04 -7.860369018586153963e-04 -1.703674386988437463e-03 3.946208614463718282e-03 -1.761295869371019797e-03 4.408164590865771464e-04 -3.256943247207678797e-03 -2.532987485243111750e-03 1.434675534470605850e-03 -1.479381760618297612e-03 1.318109038329096658e-03 -8.374798529934409860e-04 1.030252495207827166e-03 1.167370124018542003e-03 6.061255005159852131e-04 -1.809804670319582374e-04 1.997122963856749669e-03 -1.646497033323256068e-03 1.063345784260387797e-03 6.356152925452944859e-04 9.466321841904963639e-05 9.010176176925437574e-04 -1.085516195023465604e-03 1.861965375444552548e-04 -1.705649226291705480e-03 1.399555831455664328e-03 -5.718945395276090957e-04 4.039264604090594913e-04 1.069167088001310873e-03 1.602230924283293409e-04 -1.402261523077400916e-04 6.694532262594979832e-04 -2.905440286016297037e-03 -4.134592896034125671e-04 -2.149939516922491970e-04 -4.116202003998567223e-04 -1.581528201585779116e-03 -5.405626096692572099e-04 -5.217815669645531297e-04 3.098051855116072347e-04 1.283025815502535159e-04 -2.115507335103387237e-04 9.257241551018892877e-04 7.526867935968735966e-05 -4.371596807074368219e-04 1.079160236319903982e-03 1.060522891222364294e-03 -1.118333307702913714e-03 -6.149029557244234455e-05 -9.482830010547432754e-04 1.326558526025077263e-03 2.061576525123142800e-04 -6.860502308340557607e-04 -3.433653440330365321e-04 5.306963511598304780e-04 -1.947600390049599459e-04 -9.991518697482115914e-04 -3.330993570840597531e-04 -9.962899527509213443e-05 -1.041184365065602217e-03 -2.553357193609451410e-05 4.219855588947144637e-04 -1.902917633007208725e-04 -3.692087315536042537e-04 1.142760144749808754e-03 -2.256825030643224025e-04 -1.749508319455194978e-04 -1.596553965594182261e-04 7.961891168100392784e-04 -7.800452977644936614e-04 -2.235454903923900412e-04 7.834193520798861214e-04 1.573644330999167439e-03 4.000214658463426996e-04 -1.259345936271384463e-03 6.367032485901035453e-04 -5.488825071377169060e-04 -2.030934636487889060e-04 -5.766087573250300996e-04 9.453951497247136630e-04 -4.939440542511810885e-04 2.612347721209995152e-04 -1.462461158334679972e-03 4.039790179103123417e-04 -8.872022463909528004e-04 1.422795002188808298e-03 5.354697105489805535e-04 9.726094857966231279e-04
2.487543806923183526e-02 -1.882285706714411158e-02 2.056835946405123627e-02 -9.570901227311650120e-03 1.297119475009821631e-02 9.387486743940236245e-03 7.974832403345327031e-03 -1.692519551754664061e-03 -6.306338255170635364e-03 -9.962726133052603964e-04 -6.056173267771483570e-03 1.010620179995350273e-03 -3.925400284459681401e-03 1.086308980381876587e-04 -3.146404831128586307e-03 3.409475973158726698e-03 -6.994456214689988034e-04 2.561535385139402342e-03 -3.451283720534023807e-03 -3.227669091833200183e-03 2.793662958645437913e-03 -4.021935081774833352e-03 1.249129854849143810e-03 3.281814496901950011e-04 6.548798354603342989e-04 1.434134064493620617e-03 1.209505107315907938e-03 1.034446113659068982e-03 9.245852581534598838e-04 -3.402200613115915107e-04 -6.106132019251984348e-04 1.154589158403419234e-04 7.329651611028230578e-04 3.904656916313038306e-03 1.009140800712843636e-03 -6.536914855043791852e-05 -1.309423967353426626e-03 2.668782773476485303e-03 -3.673718206703348310e-03 -1.132609331287034180e-03 3.626982159997742868e-03 -1.249134430456597502e-03 -1.290546762108103025e-03 -1.209885835658843292e-03 4.945681487022879222e-04 -7.774387632242112404e-04 -9.027181046565952924e-04 4.683296360702034200e-04 1.989683658181072481e-03 1.882335826672831705e-03 -4.064384553990420582e-04 2.062825882724954665e-03 3.482922196829543390e-03 1.510607317012172121e-03 -1.761896426643488759e-03 -2.234608795715180556e-04 -1.523772582868344796e-03 -1.029429984682103785e-04 -2.590708410012914189e-04 -5.007151819052684015e-04 1.522965541647466501e-03 -1.556144870629549005e-04 -7.708801985320727721e-04 1.594640545774007401e-03 4.865979642653615856e-04 -7.752845806390164674e-04 -1.354220585424047293e-03 -2.631292646433541272e-04 7.819021938472967926e-07 1.582326589248336270e-04 -1.452597436914439711e-04 1.119389621863043846e-03 -1.014684397162353424e-03 4.705471075362856686e-05 -6.808357242195868303e-04 4.318860074614133552e-04 -2.596960364630714556e-04 -3.839348269578775016e-04 4.774859140692135897e-04 1.602334693679269533e-04 -6.741867478677386703e-04 2.053346285851026932e-04 2.590187032925516907e-05 -2.980423061668852915e-04 -5.571736927830476171e-04 4.296363844986979133e-04 3.692995842414657694e-04 -6.117056795578685669e-04 -7.342642451559388765e-06 -1.483825815436883846e-04 8.082191587823484838e-04 -7.880338754791842062e-04 4.639901069446180455e-04 1.900876520557653914e-04 4.588898996861825183e-04 -1.407621049766185489e-04 9.747248944312536989e-05 -1.011835021123136001e-03 5.080881522078982540e-05 -5.927126581089724958e-04
-5.908446342194234591e-02 -3.151256849663810339e-02 -2.657021646261710241e-03 1.065232523851610252e-03 -1.150877030349091619e-02 1.069625855940002819e-02 -5.545564681193519783e-04 1.014529761519206109e-03 6.294806508417689038e-04 -1.316323723652410883e-03 -3.644328589373399107e-03 1.995231500932803572e-03 -2.138870133097614491e-04 -1.712480744835885842e-03 3.757499294482681703e-04 1.177797255001487116e-03 -1.043035974874205116e-03 -8.630456303520902964e-04 -1.081540763282067301e-03 -1.104003136475850688e-03 2.117486192582049287e-03 6.657007126057047771e-04 5.136196299841853594e-04 -1.210638914993622962e-03 -7.831322938299800640e-04 1.340954405586873219e-03 5.681494235220480911e-05 2.622036282503690152e-04 1.643785299452193765e-03 -5.100982915620768440e-04 7.910950676431024781e-05 -4.681253146432471745e-04 2.489470180968199548e-04 -5.137072528974726774e-04 -2.673769609683198886e-04 -8.595006892205609610e-04 -1.612358606716308420e-03 3.655100819245890088e-04 -1.875214106399489744e-04 3.226305606135758722e-04 -5.744188446070495977e-04 2.828205145573213183e-04 -7.001511317459384711e-04 3.298693820387354407e-04 -1.408501554693843529e-03 8.695196584158237279e-05 -9.455837352406141084e-05 -1.878905739986835095e-04 -6.653627485134843388e-04 -5.271366992470085918e-04 6.213427016281195241e-04 6.655867635471544787e-05 -2.396289900771074336e-04 4.576588226842751429e-04 3.332048210195482220e-04 -4.217074625563091254e-04 6.538225262214796690e-04 6.235346643709160528e-04 -1.503026629740506295e-04 -4.328760993945830933e-05 -9.830213840702646793e-04 -1.361067227224144541e-04 3.029639795368090928e-04 -5.395423624586421531e-04 1.638516948116621038e-04 -2.086853709797644981e-04 -8.684549151042518728e-05 -2.684136711357211686e-04 -1.037033381386334979e-03 -1.596033521379808804e-04 -7.031408169175517187e-05 1.677124915488510573e-04 2.272589408820026107e-04 5.314864652162922063e-04 -9.270850933887337221e-05 -4.027723821745256131e-04 1.761679618683215326e-04 -2.282692007480162117e-04 2.980262076595756879e-05 2.552190888218327527e-05 1.246904815547624727e-03 -1.053788770025421194e-03 2.681999895133010481e-04 -8.575450198499155784e-04 -3.099563789257314483e-05 3.740501616598680668e-04 5.691992093595132831e-04 -1.395590463928037255e-04 3.063165706136537119e-04 -2.483700339938603343e-04 -5.185578607288270818e-04 -6.935617886157355218e-04 -7.783680134882046790e-04 -1.741457753761529396e-04 1.319255271810901124e-03 2.323685566231043745e-04 -9.699647463640112294e-05 3.992347981354009163e-04 -4.706674088531555668e-04 6.987444221236095623e-04
-7.865353323393997620e-02 -2.470267427036500554e-02 -1.773049191373141575e-03 -2.811762905677629015e-03 -1.675379856349202765e-02 3.312955561546060759e-03 -2.193439905759753377e-03 7.097348585924895909e-04 1.243888561523788690e-03 -2.591014797018292067e-03 -2.711890307586911457e-03 4.746757542814262175e-03 -5.374470964472383584e-04 -4.150789788859175137e-04 -6.191511261875109291e-04 2.145637512040054389e-04 4.035309681376430591e-04 1.758252221813883095e-04 -6.498790793452477281e-04 4.807628640055650396e-04 3.394806316988605065e-04 1.218008077483668595e-03 8.301821584244042929e-04 1.187931961674516855e-03 1.288535908557801634e-04 4.392992890180889582e-04 -2.130064007772439520e-04 7.382584924092254464e-05 1.101235822443440279e-03 -8.912110720760432834e-05 2.145700485342307798e-05 -1.723188675939574504e-04 1.019514190805366309e-03 -7.205763194588868956e-05 -8.775503978860217094e-04 -1.248582501217139875e-03 -2.601733008974915383e-04 -2.305904808808111907e-04 3.714188508022716120e-04 6.978394701641553411e-04 -4.254726165483438817e-04 -3.050380029507839745e-04 -4.596650867073129310e-04 6.440995238659096098e-04 -3.641378563550115338e-04 4.202521331605051655e-04 -8.696434489939380797e-04 7.563471698674464850e-05 -1.253581954299147927e-04 -6.453364280993264309e-04 8.224609192654095714e-04 2.293231601633978435e-04 6.413914890320294429e-04 4.969348962218798947e-04 9.331218131188579704e-05 -3.704411777950833971e-04 1.125328174274080936e-03 1.522649982054733754e-04 -4.757788541682423191e-04 4.499580933910809783e-04 -6.475273406712322814e-04 1.021335804970529800e-04 7.420460206513079409e-06 4.391763911725776037e-05 6.117478076674105411e-04 -9.320957982754518437e-05 -1.250346471087888857e-04 2.018248065264117075e-04 -8.926458837768186166e-04 -7.331814130496567194e-04 3.706087781222668288e-05 5.697122006267787498e-04 -1.454941006492297816e-04 7.146043149653183435e-04 3.107318887289327487e-04 -3.040296271034723260e-04 -4.628173575557781956e-04 -1.133355807335718115e-04 1.832743037492396625e-04 -2.052838552940861852e-04 2.970088280376986562e-04 -3.743248256559887177e-04 1.767587029599241612e-04 -7.775785096101899994e-04 -2.831652589470692893e-04 2.479593938368146303e-04 3.247848899305722133e-04 -3.094107838033405711e-04 2.081805459346383461e-04 -2.597433990658405906e-04 -5.906679262832327483e-04 -2.699299955986541070e-04 -2.019167566503163867e-04 -2.939627737058622247e-04 6.761643441722653804e-04 -5.688049919803005389e-04 1.292926931974199922e-04 3.332713343346210247e-04 -5.805006801355832311e-04 1.312787553946505575e-04
1.638164542891860920e-01 5.433752657361773548e-03 -2.278591036880885448e-02 -2.117947409134985238e-03 -6.784381582475234630e-03 8.255549853058097298e-03 -9.476958095980068247e-03 -6.027562620753722060e-03 -1.316207878155449193e-02 4.120012840163211724e-03 3.609653214314897419e-03 4.044344520500029643e-04 -1.479481881776372994e-03 -2.452821569417069046e-04 4.788677619854565110e-03 -1.176852609466476568e-03 3.481311075962648886e-03 1.208965613226936105e-04 -5.357427716028449532e-04 -5.386136933023813944e-04 -7.946034436312470351e-04 1.801952129312799295e-03 1.404089767200823778e-03 1.265469260761944124e-03 -1.494669208561979221e-03 -2.326075878787322790e-03 6.001998729112610056e-04 -3.507291600331460596e-04 1.292291102734015838e-03 -1.480827211656447458e-03 -3.052336817578529945e-04 2.131991900282767137e-04 -9.999317096462542135e-04 9.738321506742097589e-04 -3.884987803203565409e-04 8.012491604524151064e-04 -2.337585876971151014e-04 1.087968342740069537e-03 3.861017519268355428e-04 4.027166194468488614e-04 3.943214468800766660e-04 9.507223644614667393e-04 8.179584994596825198e-04 -3.989485147486797594e-04 -8.480842888198839502e-04 -2.619346594503781033e-05 6.026559486824487966e-04 2.237737738830051885e-03 -1.509677436983205548e-03 -8.486022087022884741e-04 8.829711685132802341e-05 -1.041007794651625795e-03 -2.220254400272342571e-04 1.307986466218935117e-04 -2.099809826539793863e-03 -6.866614955562688489e-05 -7.890800017587015292e-04 5.417103858199768130e-04 -1.162018153402631811e-04 -6.474556464332493913e-04 7.097684444269768264e-04 1.408807027235678975e-03 9.428158168990736999e-05 -6.117622686621677778e-04 7.885109410380000987e-04 -9.997363821204476812e-04 -5.213872316432578528e-04 -1.026624286145989351e-03 -4.274433271868511870e-05 -3.773186182863129574e-04 -3.801351946038821405e-04 3.874398250112054041e-04 3.610703622076629621e-04 2.527229186268448776e-04 1.311844539879245542e-05 6.130125958552407094e-04 -7.506568373830469539e-04 8.464807237747814682e-04 -2.937670139360585328e-04 6.825237993859179040e-04 -8.174728984651197629e-04 -4.317049877702662281e-04 -9.685695136462301119e-04 -2.768408368522766428e-04 4.224438950532433210e-04 -5.220882288524218012e-04 -6.824496456951796000e-05 1.594454460363021607e-04 -2.473724196717305159e-04 -1.133550253945044938e-04 -3.453343744895455317e-04 -8.705411273261085448e-05 -2.404988868445581717e-04 -9.352301924017463115e-05 2.986789528314168240e-04 -4.446547871994517846e-04 -7.846746274835181235e-04 -3.314210325868098615e-04 5.769740053449027520e-04 -3.082972068567645254e-05
1.450451999833214378e-01 -1.646492661375420150e-02 -3.917107892482431242e-03 1.097558186311737259e-02 -7.560169618129988431e-03 6.952852645354113716e-03 3.049257124125472583e-03 -5.381178804541453774e-03 -1.061135724386881585e-02 -2.772434957093168877e-03 7.205006023444610963e-05 -5.449706002298456038e-03 -3.423046037960944185e-03 -3.645277666508592394e-04 5.294970636858697044e-04 8.185728523389790680e-04 4.661652000451717293e-03 2.759980970221150368e-03 8.884266137439354423e-04 -3.749535950088431669e-04 -1.582114868504513883e-03 -8.323809276626735617e-05 -3.252503098994684642e-04 4.168269753029812496e-04 -3.664570056439759357e-03 -2.087112806210663241e-03 -1.030485893837197438e-03 1.193241747299767690e-03 1.865123420156003737e-03 -6.629873376952657126e-04 -5.712326239094681112e-04 -3.004132504858443315e-04 -8.312259288333415097e-04 -5.591802007117524986e-04 -7.708636531063928557e-04 6.560336625836120936e-04 3.618077272356458492e-04 -7.775393099318636449e-04 -5.442314412798210073e-04 1.188457617349455162e-03 1.242376431444393130e-03 -4.229384418042321232e-04 -2.690968699469534773e-04 9.044602357751197483e-04 1.380443615650885330e-04 6.107152467878638634e-04 -1.026927801895711903e-03 4.335091227226650374e-04 6.856381838210792593e-04 1.058943215295920755e-03 6.733916862820482976e-04 6.530550103997841301e-05 -4.188050326363592990e-05 -5.396661960713263363e-04 1.436094262020417038e-03 1.940204052062312963e-04 -6.566356107288212249e-05 -1.213908346770862384e-04 1.062575376620277781e-03 2.298657763380334055e-04 1.176904709395543494e-03 4.808904412062409064e-04 -6.272136733248210834e-04 2.415844476734103961e-04 -6.937280781771252647e-04 8.940420430317554080e-04 -3.809049655139983936e-04 2.429616210640085129e-03 1.317100040170970097e-04 2.639028001586894647e-04 2.022837185474600724e-04 -8.450207023111736644e-04 3.754195716712808344e-04 -6.069043201051995242e-04 -1.311239891923232659e-04 -1.221409745150166303e-03 -5.613198038993597429e-04 -8.245180585657695257e-04 8.109667481512872200e-04 -8.255255261893730198e-04 1.184299653024423801e-03 -7.320486456804498976e-05 2.234996351528364088e-03 5.523431889757911316e-04 -1.239785877403652746e-03 1.303335089965457693e-03 1.207533605572688668e-05 1.766853212932445417e-03 6.376500101729988589e-04 2.796005500488014592e-03 1.278251656097416627e-04 -4.452816513154601505e-05 -5.520704017452261617e-04 2.835456189898592164e-03 1.326707265381668025e-04 -1.266864558904135137e-03 -1.537947844055664187e-04 -3.279459948855211393e-04 3.391488269761232915e-06 7.569217009837382040e-04
7.127523010355886479e-02 -3.042524662565555468e-02 3.467502472088920124e-02 2.015744407449374109e-02 2.320702579236983906e-03 -3.631788569416699499e-03 1.233512217985510522e-02 -1.031942011469348143e-03 -3.986081655896285894e-03 -3.557574178625812905e-03 -3.440602719605222702e-03 -2.561227851484666751e-03 -1.665381937162487653e-03 -1.744348121506898892e-03 2.464922612861694586e-03 -1.550799507808606204e-03 -7.252449843823033154e-05 2.585688241781277340e-03 -3.109126805314755128e-04 9.061759512837172211e-04 7.505846734877347605e-04 -2.366780625370678605e-03 4.292637555215362589e-03 -1.213621166337068374e-04 -2.349230169390623818e-03 -9.331774229000910177e-04 1.366561653336592587e-03 1.840127317962747490e-03 -3.182353945363554110e-03 -3.019261301764873152e-04 1.666971378195119917e-03 3.004180191806032386e-03 -4.443800982581611264e-04 1.014686729465858915e-03 8.398602047809053395e-04 -1.451008678602343531e-03 -7.937557916643179145e-04 -2.323327684521162007e-03 1.814589957099765243e-03 -9.116133059065611782e-04 -6.840194081686380061e-04 2.336836339277924399e-04 3.608285467477448925e-04 8.221784993802187509e-05 -5.487732717189036831e-04 6.591354432285748653e-04 -2.225255108142849695e-04 6.003418963722358809e-04 3.071543179425663059e-03 1.031186294472756851e-03 -9.026836796353735230e-04 7.066925420555013446e-05 -1.179477855412261380e-03 -1.328294782459739625e-03 6.428157551166003561e-04 5.275756357213849744e-05 3.881662331298912916e-03 5.212809890728731330e-04 1.307344714090647071e-03 -5.441032046572803716e-04 2.049816864785469674e-03 1.035786046471164935e-03 1.054537218014064677e-04 1.126386360406560769e-03 1.695962139119272386e-03 -1.004041927336367856e-04 1.048306285156699945e-04 -1.578655304898832733e-03 5.909880914198209056e-04 -1.223018675229076407e-03 1.770616000020538506e-04 -8.964512133662378042e-04 -3.295996418011551085e-04 1.382077962076091755e-03 -1.615383043209347484e-05 -2.169296647612201090e-03 2.297567770007991376e-04 2.309461740677415300e-03 -2.064876923177917081e-04 -5.716378723013470966e-04 6.752150467395621504e-04 -5.080671922763892135e-04 -6.957499880562768337e-04 3.271004486591446488e-04 4.223784945872353165e-04 3.161478402080801877e-05 3.096681626593913040e-04 2.859426402158749101e-04 -6.559809185923786128e-04 -3.370609741483707221e-04 5.388861971889918369e-04 -7.088199691423627876e-04 3.724222846444750026e-04 -7.120462530715140816e-04 -2.249287289143459814e-04 6.224374650082595088e-05 -5.968269461961036269e-04 -7.768508425870365101e-05 8.251426504975874177e-05 -2.745188432611300484e-04
1.524843528643568813e-01 3.752054043574282963e-03 -1.746482059100362000e-02 -5.115765301106095335e-03 -7.463943653408034937e-03 1.053553635057139642e-02 -2.400393858951808349e-03 -5.939028798646911467e-03 -1.372180814201710668e-02 2.168796245896165587e-03 3.219308054165416228e-03 -4.816491523221103381e-04 -2.710093492725552423e-03 6.351111438767199436e-04 3.851121467314633055e-03 -1.139969079538357029e-03 4.406255201804099887e-03 -9.531925377029336691e-04 3.549010819114720942e-04 -8.423464593567303897e-04 -8.656780797310888523e-04 2.476827880616001799e-04 5.041923405534528830e-05 2.142327905866208294e-03 -7.757161610292271411e-04 -1.494007608774424421e-03 -1.383737049150823178e-04 -4.638701355090045866e-04 1.568303151341506876e-03 -1.128766974771231195e-03 -6.220731654437283839e-04 -3.367496072051435444e-04 -9.519193150675580532e-04 6.682086084236114019e-04 -5.631402321889481411e-04 1.430342805417607636e-03 -3.795012504306131745e-04 6.004717162503690102e-04 1.074114057684196703e-04 9.333916558441229284e-04 -1.041499475567174620e-05 3.488471572882198318e-04 1.162712430741475681e-03 8.820624580814674784e-04 -1.135384683469845956e-03 8.073743110163917843e-05 7.615181220563071009e-04 2.372913761934547939e-03 -1.335402849994860811e-03 -9.120600448586786398e-04 -1.485663298665612989e-04 -1.311980218636702843e-03 1.673123719465536890e-04 4.395292632332825828e-04 -1.870822497094034404e-03 2.139352490652435582e-04 -6.527020104550571348e-05 8.756290524721274747e-05 3.738724166070965050e-04 -3.529644911164913777e-04 5.905109710360403495e-04 8.089844682269526580e-04 3.219051317739873267e-04 -1.084607902104888421e-03 3.970920476468406683e-04 -9.924426279744481133e-04 -1.161189932843824943e-03 -1.224653583895031744e-03 1.757017168725893703e-04 -2.341180823050887803e-04 1.671802203105634480e-04 4.829182773270570845e-04 -3.849710724022298389e-04 2.386506471037143362e-04 -2.762417294557132134e-04 -1.655528215506752170e-04 6.009562773031312333e-04 5.248917971900284940e-04 -8.018232880671015688e-05 6.388409434439705189e-04 -3.763120466464200281e-04 6.278293204007043087e-05 -7.661412314370228890e-04 -3.306800408736555600e-04 5.980146053248276678e-05 -5.214693349139243837e-04 -1.631939059228103273e-04 4.243202246167712715e-05 -3.254680914544823148e-04 -1.411783193845683759e-04 -1.126100796293382330e-04 -1.132973384982540675e-04 -2.388985930054185621e-04 -1.704439014995713306e-04 -7.548840267999527105e-05 -4.129906780297974158e-05 -1.905470619097795256e-04 -5.140216673934602429e-05 3.402675770512557916e-04 4.602708770093657197e-05
1.780629535488032766e-01 1.382850478506415445e-02 -1.487727601480624308e-02 -1.295182553344092526e-02 -5.367259218549246501e-03 3.340435609269677784e-03 -8.442460330953973149e-03 -1.494654302874624027e-03 -1.075860553203578096e-02 5.395522628963829621e-03 1.262974334821058073e-03 2.787060517149034591e-03 3.662181285799852781e-04 -5.695345511575311938e-04 4.351581306934636760e-03 -2.299385474117083845e-03 1.612250762353536603e-03 -1.787326484426715210e-03 -9.381025309801267406e-04 -8.418154283613215553e-04 5.708980921134912271e-04 3.989834303813616237e-04 6.215598952685302521e-04 9.834449099084161764e-04 -5.340625198115802512e-04 -9.496414838176638670e-04 1.354441815189813287e-03 -3.704486855362858883e-04 -1.158923312395041547e-03 -3.034404450698296595e-04 1.956132781532790490e-03 3.071078778583973966e-04 -2.702202714841632188e-04 1.055237885472388656e-03 -3.603851430000088742e-04 -3.430385649526166889e-04 1.321302732628755678e-04 7.314370374305632981e-05 -3.391740836838460149e-04 -1.005027156600355430e-03 -9.955498241492992395e-04 4.172164477040536104e-04 1.961138338935429493e-03 8.075630484577314997e-04 -9.159976259567759876e-04 2.799289221388933822e-04 1.891177422314737369e-05 -1.143775797850547774e-05 -3.003073732765054998e-04 -9.144731624478833355e-04 -8.422791808824434947e-04 3.092819980375220473e-04 1.739324229882785054e-04 4.227861459241238863e-04 -1.551498005940243582e-04 -1.007068581565747939e-04 -2.778146880177501197e-04 -3.002631437737292991e-04 -2.361821766707790089e-04 3.355974961704820528e-05 -2.031499524834219845e-04 1.268792275060098157e-04 -2.850799849295512604e-04 -3.695425747584125693e-04 -2.011077008037106466e-04 -6.726405480858544360e-04 -7.113006040306768182e-04 -6.447340431619931825e-04 -5.129794298710823973e-05 3.771554030131770872e-04 -7.931116303965026208e-05 1.713988966689944946e-05 -2.777352338883369576e-04 1.257631014397553131e-04 9.554023257627178246e-05 -2.567660770615298065e-04 4.625834544113221819e-04 -1.426357990434956547e-04 1.008984391488512060e-03 -2.532932874800600232e-04 -1.830590976021397053e-04 -1.615765532571600824e-04 -3.997628971363873808e-05 1.256452018273223725e-04 -3.107234085289368617e-04 7.868090836407755882e-04 -1.681130980008872257e-04 -6.640251272058049709e-04 -6.083476908597572818e-04 -6.137973010444502378e-05 3.588733661440195134e-04 2.425487978875932719e-04 -5.607965675117245060e-05 2.827369806991588286e-05 2.871772896315409238e-04 -1.287821209339038700e-04 1.150841941481746183e-03 3.157147104688773939e-04 -5.225038228212949719e-07 6.150940469170940736e-05
1.485162160905965645e-01 -2.954489869756251209e-03 -1.665089361715507352e-02 2.695293510553499298e-03 9.531977562629360273e-03 -6.306081775580276057e-03 -1.083597381206094501e-02 -2.644458359350385090e-03 -6.309344592448093772e-03 -2.289517570498936314e-03 -1.989738540443665253e-04 2.928974640074391480e-03 5.876230037321705053e-04 -1.664931223321190453e-03 -3.517818973606678598e-03 7.853623683086118600e-04 1.184411036368038369e-03 2.252950407925623927e-03 -2.163243071123255312e-03 -1.900199599799835435e-03 -3.369955528049960419e-05 1.640466273620208885e-03 -1.058816296993234660e-03 -2.555287792622190374e-03 -1.630562283719724477e-03 -1.137449754499028154e-03 1.335184252598228902e-03 1.343462171979690166e-03 -1.151418322955892470e-03 2.011520731492835203e-03 1.074548979285668004e-03 -2.663379696471817834e-04 -4.100979014961020526e-04 9.153409698966183698e-04 -2.527257554064352434e-04 -2.392284186392008762e-03 2.105012213229427460e-03 -1.978676058941052478e-05 -5.314902355007657071e-05 -2.048358870962949021e-03 -2.471299225731718625e-03 3.997773468760173620e-04 4.711346439769456139e-04 1.449418251232299998e-03 -8.040154244694575135e-05 -3.156042215090046430e-04 1.324309492747105727e-04 -1.416402938257250521e-03 1.814431106623350803e-04 1.473557879804504390e-05 -4.418544644667176790e-04 3.772405661567196231e-05 -7.986337287505426404e-04 3.953171323262952112e-03 5.510172768043500573e-04 1.877701783293332389e-03 -6.199451972455551768e-04 -1.543021612727489512e-03 1.709379985907919994e-03 -1.806886266253515498e-03 -7.564016649978398590e-04 1.791639011176394155e-04 2.199347365928515721e-03 1.785077087047753702e-03 -6.328731642279828806e-05 -5.164283906062027470e-04 -1.204782651494571777e-03 2.999910806422581219e-03 -8.098158011269448097e-04 -3.060278830769317857e-04 -1.485777731505292458e-04 1.151118612462089527e-03 1.803839389383380201e-04 -1.622425514103905536e-03 -9.865392493036825514e-04 -5.912718624196286422e-04 -5.508926860664770499e-04 6.205512747523977014e-04 -2.313940447724127311e-03 9.970788945111057951e-04 -8.263032292939015129e-05 1.353400540655213353e-04 -1.128631073852535797e-03 2.161440337665275068e-04 1.990349608179599219e-05 -5.547248045828964387e-04 5.521072594783721973e-04 1.087388334502391611e-03 -2.566530241357406852e-04 1.808493950241588533e-04 8.180714499598336085e-06 -2.618273472845323072e-04 -2.838099590655408441e-04 -7.694224086320414734e-04 1.162159788945585766e-04 5.306511662049018772e-04 -9.091009614606971158e-05 1.480696953594552864e-04 -9.357072345686583657e-04 1.544387087572894992e-04
1.519494935018758930e-01 3.900411467449303553e-03 3.611461489031730920e-02 4.868688083225465937e-03 -1.246087784553156488e-03 -9.996436190957269999e-03 1.000535002574029671e-02 7.291339975059271152e-03 4.241942885572727411e-03 -8.707985344682690060e-03 -3.202873637981058785e-03 -1.818031052873340806e-03 -3.091549134159154132e-03 -2.455628900708705601e-03 2.052145519867250821e-03 -2.091603104941961409e-03 -9.066992558107423404e-04 -1.385282713284986898e-03 -2.290182336699198452e-03 4.057600823904384570e-04 -2.048310983327006427e-03 2.771260889939515201e-04 -1.798886460606223059e-03 -1.225049166287859269e-04 7.414404861785017569e-04 4.455366214411524009e-04 -1.146923129448532835e-03 -9.007946915377566463e-04 2.930193204882221639e-04 3.606750055180672028e-04 2.925297905827096263e-04 1.562740714626498998e-03 1.710503032580526321e-04 -1.006742475428478790e-04 -1.984462692247538631e-04 -7.958161218091469417e-04 4.001498126072693768e-04 1.690720799329193270e-03 1.992692746410699208e-03 -2.644800733720321256e-04 4.165812757727331149e-04 9.255271307909530365e-04 -1.627035425327892735e-04 -1.723519840359716618e-04 1.816889167415778857e-04 -7.687348929300050855e-04 1.114106785807795694e-03 -6.359839887426840940e-04 -1.969315527122875425e-03 -1.390788549193261187e-03 -5.862745661085770263e-04 -1.144930550800691681e-03 -5.712237430310679234e-04 1.877358109874678561e-03 -1.265919863558879685e-03 -6.734749082155821369e-04 -1.074438700630616500e-03 -7.035869598231230763e-04 1.705476080191059888e-04 5.352876291975909064e-04 -1.036799137495071892e-03 2.335400930683129584e-03 -7.705972915463506277e-05 4.266853410333721675e-04 3.549060610883513845e-04 7.179114206875199808e-04 7.502685152720698107e-04 -7.040323020589517962e-04 -7.891304268435950036e-05 5.067596002516685377e-04 2.998241876010169908e-04 1.444368015703270626e-03 -9.733432804271828801e-04 8.040491901305866617e-04 -3.430728179718441052e-04 3.123913482967575491e-05 -6.691680353303694224e-04 8.623785029523088044e-05 1.946614754946745683e-03 2.190129761557957453e-04 1.764241372319764588e-03 -1.042013269259271183e-03 -7.797948576352648842e-04 1.827893390852000210e-03 -9.388582451125145837e-04 2.235702456637252752e-03 -4.091794167623252461e-04 -7.273475470219375539e-04 2.116528702029999570e-03 5.003821311105938251e-05 2.206241502801257505e-03 2.019584913595740070e-04 3.753534031216275327e-04 -3.675670818372877191e-04 -6.697506739819755793e-04 7.225959360758511971e-06 -1.258402555474062625e-03 -4.254879054871113985e-04 -5.245213076400190516e-04 -1.008764986827374529e-04
1.547270105195768242e-01 3.685828977631475274e-03 1.578481978874502617e-02 -1.099465851535314127e-02 -6.390293414586494490e-03 3.469470655809088998e-03 9.052119646609763093e-03 -1.176685799147360632e-04 -1.310295776856694374e-04 -3.179872693473369261e-03 -3.939440064805869654e-03 -1.395556106820955780e-03 -5.776924163077407602e-03 -1.380900125696925967e-03 2.047170660766301550e-03 -2.740711937816945904e-03 6.105867359392648085e-04 -2.196007978431515750e-03 -3.457092982024427530e-04 -1.977356388405844372e-03 -3.897076411527608617e-03 -7.576363192585787833e-04 -9.165303807696886015e-04 -1.175657948924719708e-03 6.055950160705528794e-04 1.925848626257564223e-03 -1.513193864129365202e-03 -2.068513510638450049e-03 -6.780555523382534753e-04 1.137225969814195485e-03 -5.682669781404520951e-04 -1.061024645123073056e-03 -2.088186876087116603e-03 6.787615264545888549e-04 -1.359251220547747071e-03 4.289490222318959327e-04 -3.477123697838129120e-04 -6.251147482918573703e-04 -9.098314242974151790e-04 1.347968598459808572e-03 1.616936367144806985e-03 9.389828269169419196e-04 2.149496038771681484e-03 1.053725125868511508e-03 1.546845142393146137e-03 2.546949812491351391e-04 -2.424358884522890797e-04 4.163493743228970545e-04 1.597308219173414201e-03 -4.289603860540439702e-04 2.301423036527502626e-04 -2.838903857635841836e-04 8.178784223656585797e-04 -1.915754159828547513e-03 1.213563509633467773e-03 -2.448694075720411019e-04 2.768571680857580437e-03 6.311800881714064396e-04 -1.599762487043340569e-03 -2.014578189481871162e-04 3.469015492313986333e-05 -2.869739063482209564e-03 -1.387645602705839839e-04 -4.267841952152726429e-04 -2.846132547492756775e-04 -1.048593597720486178e-03 -6.120671885032957294e-05 2.175041518670299805e-03 3.588569367216566837e-04 -9.417478029811866911e-04 -1.488427283266133489e-03 1.570117310352861246e-03 -9.186016410916514547e-04 -9.065708713950718653e-04 1.581202558473295038e-03 1.299257522071536452e-03 1.109576395721687545e-03 5.347166581681456025e-04 -1.745840449229326720e-03 1.957745081074901018e-03 -3.520804181739060424e-04 -1.468890654316046696e-03 -4.185878028255956033e-04 1.759904398978454293e-03 6.122530291373436823e-04 3.422611288388727928e-04 4.726219868607615937e-05 -1.050502027963214026e-03 5.041836223933237899e-04 7.486950489364438324e-04 4.800817288043864560e-04 4.654509499733890804e-04 -3.754093619058937589e-04 -1.901776154902850191e-04 5.826902264987173169e-04 2.013399476011256913e-04 1.123416616785625550e-04 4.311625159532683532e-04 -3.141697177382910488e-04 -4.245465664271276789e-04
1.942092274159337717e-01 5.984834320219867623e-03 -1.131122456012453870e-02 4.941697514177628963e-04 -1.645285272387024544e-02 -5.112531833472489830e-03 -6.212389130340564315e-03 -4.071219612205751424e-03 -2.185809634444301278e-03 2.959782905967869512e-03 -2.784981304213041218e-03 -4.855866884547604782e-03 -3.609179467560273496e-04 -4.499869197004387721e-03 2.957459391516734353e-03 3.537434600341460463e-03 -1.261441403174751695e-03 3.419006293899907924e-03 1.632583427619163446e-04 -1.650822875429032140e-03 -2.798607587254629304e-04 -2.190616558560415199e-03 -1.984513158578575867e-03 2.824069144564058872e-03 -1.411542017523788632e-03 -1.381245405255082225e-03 -1.179538521695839084e-04 -1.734788678954704002e-03 7.425266152349950825e-04 1.292008002813963777e-03 -4.901828927902001981e-04 1.366061785446148799e-05 7.689714511608980495e-04 -7.090635158241194317e-04 -1.156891296810566095e-03 -3.510986456141246530e-04 -4.260301803952717308e-04 -8.612075986171118360e-04 9.328798699852231685e-05 4.109474772558300106e-04 1.994352379561805614e-04 -3.563259311927875392e-04 -3.221652704334972812e-04 -1.657087139821679421e-03 -6.853969141543345416e-05 9.454780966937983977e-04 3.573769385104722603e-04 -6.445257573276475199e-05 9.584609012804729510e-05 -1.104159985186687286e-04 1.024849997889238241e-03 -2.253227951834401127e-04 5.237185318118759520e-04 -5.352100175346885926e-04 6.867915927927479040e-04 -6.147731827339592480e-04 -1.014608817263877843e-03 8.237525527190521371e-04 3.153871513293115300e-05 8.000167416430240853e-05 4.064931504995432875e-06 7.068832796867062507e-05 2.872142766371135782e-05 -5.374597903256765445e-04 2.575928138003356145e-04 -2.518525531973491490e-04 -6.357206838120832296e-04 1.407132145274755562e-04 1.571476605964488313e-04 -1.092526567374916359e-04 -5.697276104544279083e-04 -4.588024130858246502e-05 8.776427622801430710e-04 4.046706908737662226e-04 2.959427449726300188e-04 7.872436440668136330e-04 -6.306469513281089600e-04 -6.779039100184906753e-04 -1.721072733562450073e-03 -6.289402186439729684e-04 4.577818534951344715e-04 9.151630961044205704e-05 3.284485784719318245e-04 -6.512538090897387498e-04 5.876241975397999712e-04 -9.853867509527682728e-04 5.279869579586204519e-04 6.053064474745602349e-04 1.786457485994137921e-03 -4.235015295379185155e-04 -5.240054378908058451e-05 -2.431899819972776209e-04 5.976365317220801252e-04 -9.063922853022683603e-04 -5.333214815193338581e-04 6.533423530733148410e-04 -1.498104111601109749e-03 -3.544925238695135583e-04 -4.003413366302021421e-04 -6.563416607112684212e-04
1.972943034554610620e-01 6.193908126176431855e-03 4.135856012415550613e-03 2.703347161048621095e-03 -1.083971687403698959e-02 -1.712617795315453037e-02 -2.276790753718267377e-03 2.030590897186299731e-03 3.856133732248205517e-03 -3.186724760197342729e-03 -4.926881146412737111e-03 -3.655182019695301255e-03 -4.164177557822808153e-05 -5.368104124949660272e-03 -3.349156098034151486e-04 2.869675136592851963e-03 -3.885035287688319138e-03 1.496532837949089744e-03 -1.072385935342277507e-03 -1.030430851694443418e-03 5.253028865395569142e-05 -1.265199006415955712e-03 -4.053615185854349268e-03 1.354423108719305041e-03 1.484667286306552095e-03 -3.634916558501870049e-04 -1.419315677972968334e-03 -9.514853159321391349e-04 -2.326866144068297899e-04 1.425215070002105316e-03 -1.698937260937670966e-04 7.500657598096002830e-04 1.778216094211649547e-03 -7.724731920632410456e-04 2.517451790948788972e-04 -4.034125170240264761e-04 -4.312413930473918476e-04 -1.581769777588006259e-04 2.321696009564157889e-03 -3.651656782637984020e-04 1.003308805833548175e-03 1.817439743176499072e-05 -1.468466382761178740e-03 5.426054272526802157e-04 8.410714287919043115e-04 8.705468251694534199e-04 5.172131083548651021e-04 -3.066928475016377268e-04 -1.939299630893001429e-04 9.917107636829354967e-04 1.687604821100137853e-03 -1.473810914608950681e-04 3.551469654699372105e-04 8.226252236046992152e-05 1.113848617375197506e-04 2.962152943009522155e-04 -7.212220902877740977e-04 1.089593517494152647e-04 1.200554436929824947e-03 4.044190040766137127e-04 -4.312593889704230085e-04 2.357119620468450675e-04 7.286921396166243280e-04 -9.299493528503767481e-04 3.211702419787279788e-04 9.561568359041694486e-04 4.341467604890038019e-04 -1.212588163873074302e-03 5.539467134004057375e-04 -7.037549115727725728e-04 1.112292755754125699e-03 6.924973638000389022e-05 -1.377611806328680848e-03 -2.622438468771796059e-04 -8.181697273097003056e-04 3.008880411237081949e-04 1.785635433266322385e-03 9.696123746023390701e-04 6.146307128569254144e-04 2.722162169492578585e-03 -1.417826694680974489e-03 1.935974820811181042e-04 -1.857772172469173864e-03 -5.494548335722476869e-04 -5.733845174909881284e-04 -4.700968126300254248e-04 -5.519455356901681970e-04 2.286577735696097933e-04 -1.920599421053608476e-03 1.280811480370936360e-03 -9.389505145768452460e-04 2.006022335772188745e-04 -7.392683058026886835e-04 9.377619245604611317e-04 1.395042285419866544e-03 -1.687530000726164591e-03 -1.175559812498243231e-04 -2.368365040420228622e-04 1.092541861420391657e-03 4.841996356519241533e-04
7.418923530269894151e-02 -1.930362054769199642e-02 -5.407565983466413803e-03 1.728719854342038523e-02 -1.605572582510082086e-02 6.117006969102086258e-03 1.214992415562005969e-02 -1.303800890651695549e-02 5.701703556765797118e-04 -1.048360935824056619e-03 -5.161028663293915249e-04 -5.274925577748016715e-03 -2.560075109275090476e-03 1.928021351809742394e-03 2.025504148845747813e-03 -9.429943580934137043e-04 -7.203821924581714584e-04 2.918024078927275271e-03 -4.018157916784673308e-04 1.533666202216478740e-03 2.905885754251475166e-04 -1.287975301081808370e-03 -1.209010424312800987e-03 1.155984675354077441e-03 4.050860226290788069e-03 2.591442382061400537e-03 1.438693612152378270e-03 1.966584081802135332e-03 -2.005125187474873696e-04 9.772301833067452914e-05 -9.632451343458988237e-04 -3.614272417713523464e-03 2.465615475298082895e-04 -6.749782759392213569e-04 7.912366340892807142e-04 2.593692822504219554e-03 1.916803083392837250e-03 3.158178696452797001e-04 -6.548847033178291333e-05 -8.172706603344986019e-04 -1.224338217729232375e-03 1.479577227344377197e-03 2.296540395914904666e-04 2.043518524249002093e-03 -7.553788009475855079e-05 -1.746068261101362733e-04 -1.698245590168009000e-03 1.743274211300291506e-04 -5.667690437840029608e-04 4.381753143156798865e-04 -2.582652135800219762e-04 -3.228628787209998673e-04 8.374977475472736028e-05 -4.424668502583288879e-04 1.144707589822154350e-04 -5.199031582607410457e-04 -1.131067050086213312e-03 -8.980180890243044146e-04 -6.567288261885062583e-04 1.501417117662201496e-03 -1.792562671383346419e-03 -1.467582401287500669e-03 -5.198622905279982019e-04 7.287925336302599052e-04 4.548701641878044794e-04 -1.105266167550867452e-04 -2.747689848956273435e-04 1.208686054159099996e-03 3.592046563358628408e-04 2.906214193755794675e-03 -4.942028615117257913e-04 1.146132046849592358e-03 6.238627090577958606e-04 2.804508822506430413e-03 4.260431580371040603e-05 -2.985349936302543299e-03 3.994662084183964331e-04 6.721086244853108306e-04 -3.115479580760441899e-04 -1.089325335491396962e-03 -8.381228114532503605e-04 9.105755227490844187e-05 -1.493214149913209537e-03 -1.271243190896558461e-04 9.125080364742881337e-04 -2.301248481714328895e-04 -2.190950555961301187e-04 5.406237488041558924e-04 -2.224591372911588212e-04 -5.605309905571846186e-04 6.487813311971692121e-05 -1.937313150154362817e-04 -5.137765954049179368e-04 -7.549616951226239148e-05 1.162740257164646753e-04 -3.824039767635688627e-04 -2.280202574839850090e-04 -6.322627933282586347e-04 5.013559335407060964e-04 -1.260793672973844527e-04
2.024446029365348509e-01 8.895403664980393310e-03 -9.113336000913487694e-03 -4.940361487961350030e-03 -1.322824933808164002e-02 -5.575818197300034564e-03 -8.792383776685820662e-03 -1.126754407545845372e-04 -3.814555950084036473e-03 2.962057778035005924e-03 -1.800169231602932046e-03 -2.771446593148107346e-03 1.610799752070145524e-03 -3.417275314089358688e-03 2.660549275116989854e-03 3.064740103541028007e-03 -1.682345008156484623e-03 4.486310623542206447e-04 6.760027274440380410e-04 -1.407255193926477792e-03 1.134540527609944087e-03 -7.895229386045343398e-04 -1.757699461925829555e-03 3.122865881492607482e-03 -3.047877574682581955e-04 -1.473941240375737207e-03 9.408505614137459153e-04 -1.183468347643976126e-03 -5.896244427460782078e-05 1.060770617966065631e-03 6.120082713362865953e-04 -1.272617253410293593e-04 8.040654717565562035e-04 -2.238471048018034930e-04 -5.263808486316916236e-04 -7.705869532610416881e-04 -1.853836400817276487e-04 -9.139355298728602667e-04 -6.781506155995785596e-04 -3.749343784213908471e-04 -2.463205072338296047e-04 -1.920696312481703872e-04 5.236336029505983910e-05 -1.190504261706232855e-03 -5.536418223609454068e-04 2.263001621387444930e-05 -2.748851917062913527e-04 -1.031620630656758498e-04 4.439860614072108601e-04 3.910338750698713227e-05 -4.198931803387340308e-04 4.176059539611013944e-04 8.376656971551505815e-04 -5.667061461344959344e-04 7.462921242438866256e-04 -6.566658769721177161e-04 -3.679202157872776824e-04 4.623781806989435980e-04 -3.569659854281807820e-04 2.940982570115029701e-04 2.282490983345135220e-04 -2.754962866801679059e-04 -5.261190437687230433e-04 -5.321085427701737446e-04 -1.073946676700324973e-05 -1.505918835924314764e-04 1.309295252036220541e-04 -2.872711401033309765e-04 4.298128533888125520e-06 -2.015136433108912991e-04 -5.029037661656964985e-04 -3.250192310653063333e-04 9.160214999509064563e-04 3.608702106438383696e-04 4.739619688736374718e-04 3.897068066924574883e-04 -6.786136416299274688e-04 -8.913631375118576377e-04 -4.172316880051710132e-04 -6.117611758212899813e-04 1.116818834924889696e-04 -1.895069292231244288e-04 3.412761411925542337e-04 -1.523526407124903813e-04 4.905422854307104870e-04 -5.156554235468897894e-04 4.496463399574989438e-04 2.178680561181973508e-04 1.074604020922219306e-03 -4.526831913338195046e-04 3.795600747140659800e-05 -1.300534036999373671e-04 4.586202754724549293e-04 -6.740753788142640280e-04 -7.168952163180966272e-04 7.718294529979965622e-04 -7.635546698266139354e-04 -4.770405989331968341e-05 -4.787615044618871588e-04 -3.765544473496462859e-04
1.376038250516882326e-02 -1.227874771543411951e-02 4.923077081368139318e-02 1.228897884913200851e-02 1.319613231056765250e-02 -4.165391559010836811e-03 6.265909941111015569e-03 1.327120057488241373e-03 2.567728651730655145e-03 3.460910253630474030e-03 9.884734685905709889e-04 2.785945848927130590e-03 1.039570488079799961e-03 3.194366264118559079e-05 3.347909926241726588e-03 1.315406507432233469e-03 5.148073985955680569e-04 2.395368250680410607e-03 -2.609141882007335917e-04 -3.107962754038825007e-03 -1.336085651770980813e-03 -1.101214503015635862e-04 3.623466478287253219e-03 1.385092263454814265e-03 2.545224595932670084e-04 -6.092631768744356411e-04 2.648971587325131853e-04 -2.690127737586308493e-04 -8.923895680380954532e-04 5.016902942177341087e-04 6.601580483574691696e-04 -1.160625241941057014e-03 -9.485352155273664865e-04 3.900462954366218479e-04 3.128602193035080400e-03 -2.983296493272879872e-03 -1.921207842881915385e-03 -1.099485143608927139e-03 8.328306446831260090e-04 1.710787562851041888e-03 -2.241640590408182452e-03 1.244018261418001559e-03 -1.519149045503361732e-03 1.673579376568632739e-03 2.570669647589180450e-03 -1.582560458795642319e-03 -1.176720472982783388e-03 3.917469269951296372e-03 -9.985203235933146071e-04 -1.660755022551839823e-03 1.058050140042683445e-03 -1.052164109271913747e-03 1.653822006291673884e-03 8.477144753159795640e-04 1.280177090571004437e-03 1.034097356850083435e-03 -1.090716273342303907e-03 9.818112931992254192e-05 -2.047609126765623889e-05 -2.077102911762054253e-03 -3.180293061546820644e-04 -1.871481402466022240e-03 8.184721754812526772e-04 -1.431894710538506683e-03 -4.687891484790764193e-04 1.260155447832071122e-03 1.075970289328297743e-03 -7.340295045704196006e-04 2.661389272445835430e-04 1.739872266703377862e-03 4.678600024622248240e-04 -7.980373726628416965e-04 -1.893332296818346335e-03 9.870531345934467366e-05 5.615020154141349938e-04 2.078399150745630260e-04 -1.525314679286616593e-03 -7.567636343023174082e-04 -4.081497289266940273e-04 3.347337807717650393e-04 -2.991289799110345986e-04 1.573500192450904146e-04 8.150237681534842947e-04 -4.806162738881552052e-05 5.073664816639608666e-04 1.838108664861329430e-04 -8.748902434028629901e-04 -7.227750386645916709e-06 -2.966788734327465739e-04 1.736546488821774561e-04 5.038482076425767351e-04 -1.364049323914021681e-03 2.868515621224619966e-05 4.645114823500162368e-04 -3.880485680476530733e-04 4.736495725323932714e-04 2.388138658430468287e-04 -3.080997243231597114e-04 -1.246909726768593045e-04 -2.288980541494205326e-05
-4.972388843040650985e-02 -3.637443894524373944e-02 8.228468813810143473e-03 1.854213851838562924e-02 -1.144871082669860797e-02 2.818327310543477897e-03 -3.992597077552331383e-03 4.450103515157925174e-04 4.133143342293945505e-03 4.490537266199263328e-03 -4.359564833534107856e-03 3.056755276271076738e-03 3.402951851614350199e-04 -1.199701646191599644e-03 -4.364442752246070725e-04 -4.601737308268304821e-03 -3.046796458615555632e-04 -3.200457488471952208e-04 1.187243568100252323e-03 -2.375375062450800056e-03 1.262093277812698783e-03 2.284308660733924690e-03 -1.238272484635546218e-03 -1.153754615227822137e-03 -9.419312362529000740e-04 -8.940186737488788494e-04 4.751104793683749608e-04 7.888475773351759276e-06 -1.185085540861159029e-03 -1.262602776182448539e-04 -1.176328531175321532e-03 2.990655788736798363e-04 -1.301778740450849361e-04 -7.862198460846946037e-04 -1.056584051484395475e-03 1.357422691799669906e-03 -6.023588333466316051e-04 -7.841256881433957731e-04 -1.487866133659157975e-03 3.123772662678871279e-05 5.804578279150521779e-05 8.742316218254897258e-05 -1.072854556295415804e-03 -6.159642456199108983e-04 -1.260763972740827209e-04 3.825959798661534997e-04 1.656233849555686227e-03 2.339804756392058975e-04 -1.316148743799938148e-04 5.255260788903284158e-04 7.509645079171327114e-05 -7.656234043725990970e-04 9.115459130270549357e-04 3.636408134910085318e-04 -2.173681017612420752e-04 -3.527528176145167940e-04 -3.828034976166459422e-04 3.232549389792468736e-04 -6.567404433189934438e-04 2.579857225364342384e-04 3.938733052235118175e-04 2.221234312680986942e-04 1.747680051803482610e-04 2.470664069172305924e-04 -8.269412475203062086e-04 9.052090940146711561e-05 5.665744432737761108e-04 2.646627186669590947e-04 1.648377509715667159e-03 1.965808737453793439e-04 -2.680057001397042758e-04 5.714234771955534111e-04 -3.886138198676273485e-04 1.942648006349894946e-04 -9.054494613227488924e-04 1.785470872726485636e-04 2.534893996928508906e-04 -1.874416107682707537e-04 -1.870693543463074443e-04 -4.404808455253267124e-04 9.053008846759469158e-04 3.730836800326629583e-04 2.787174248306932968e-04 1.432350098544062436e-03 9.799049728894428102e-04 -7.440808794558439153e-05 6.984036533658155533e-04 2.659650434918382832e-04 -1.044785060315826884e-03 7.704756206302665106e-05 -3.298642156510744021e-06 -1.837338937045719873e-03 -9.209477317999007102e-04 -4.656321263573453802e-04 2.242764511308087541e-05 2.970398414342053793e-04 6.314734496590532816e-04 -3.867177598541317817e-04 1.415336415420152816e-03 1.455951217680581384e-04
-6.904158976220442674e-03 -3.077365011586122648e-02 -9.765473840525533064e-03 2.822710098756876090e-02 -7.919864303271337280e-03 -3.043964919161516562e-04 -1.216518398679815354e-04 -4.887624292021535560e-03 7.931406760440280410e-03 4.105791992141623326e-03 -4.150863741616933091e-03 -4.856389315358163538e-04 7.980300308012463475e-04 6.894316064788618206e-04 -5.163230804440002665e-04 -5.059386114469219611e-03 -5.381843535361526465e-04 6.937916114811498117e-04 -2.889240404785103824e-03 -1.699562535807696336e-03 4.382360761009274227e-04 2.236726834937861116e-03 -1.563487040044613582e-03 2.273375182061124360e-05 1.716890068363642868e-03 -1.885080744090047522e-03 1.420780304059354911e-03 9.605211375553389603e-04 -2.749245682962209777e-03 7.934423446319976330e-04 -1.149557718553429999e-04 1.645267657761303060e-03 -1.001789222779728367e-03 -9.402586799633689716e-05 -1.220423467941514741e-03 1.943159689728384074e-03 -1.970438292451563375e-04 3.481821863564074052e-04 -3.462252988410169548e-03 1.742612001552088039e-03 -2.006772637987513062e-03 -1.182181093697766807e-03 -2.058463752846133050e-03 -5.293383900736915205e-04 -1.218912869115716625e-03 1.351061632187497853e-03 1.809173959550840118e-03 -8.383331298898056422e-04 -1.420359615013080555e-03 -5.203727118901970306e-04 3.714337210055345252e-04 -1.529693969692214159e-04 1.817947931712933030e-03 1.097405169202558296e-03 -6.773198877351765046e-04 1.178430830984315923e-03 8.480940596972758516e-04 1.977322087215531779e-03 1.596472571270262796e-04 -2.188258013911701001e-03 1.509557177626084977e-03 -7.542244865532314688e-04 -9.014368085730975087e-04 -2.186368724865016104e-04 -7.586455010508097408e-04 -5.540141272699364771e-04 1.061530999241529346e-03 2.999003049126452341e-04 1.626162957298789942e-03 7.218149398854140563e-04 2.372688866491313130e-03 -3.464183181902121640e-04 1.060243824889131386e-03 -5.701008517147273169e-04 1.407591630199485399e-03 -1.021106787521383749e-03 7.473751033880705582e-04 2.527477063460017602e-04 2.702912628325346853e-04 1.950457809253359261e-04 -6.341290767937620906e-04 -6.670343330112768628e-05 -7.828785045662574630e-04 -1.670295985722180664e-04 -1.118194507220576393e-03 4.243328683382955029e-04 8.959076286002501529e-05 -4.799436451464377191e-04 1.131075442674635279e-03 -3.629862021385578830e-04 -1.145590614809300327e-04 6.913406191016034565e-04 5.801586002650901269e-04 4.056002633880724127e-04 -7.849445991521379357e-05 -7.546888889369780589e-04 -4.266706058101240500e-04 1.059252075532418538e-03 -7.907974004363834720e-04 -3.338228200427424816e-04
1.329217033298824846e-01 -1.928292571378319858e-02 -1.110217955393687748e-02 2.314189432526062712e-02 5.258038874784063364e-03 -8.484194069549885406e-03 -6.802230921483709038e-03 -6.010417758108838396e-03 4.502411527209286210e-03 -4.766734140339515952e-03 -9.198248620272174783e-05 -4.505620727049833101e-04 9.176950074414971271e-04 -2.393639519942418036e-03 -5.294426502389292140e-03 1.589705029237963897e-03 1.641460887961783497e-03 5.810022627988426641e-03 -6.011229072747874659e-04 5.945412172322343423e-04 -1.703300290699242712e-03 6.706235688072558192e-04 1.250522051113024192e-03 -4.192399204566458690e-03 -2.241135110551273867e-03 -1.804116437653394134e-03 -5.871921275666419946e-05 1.115776772224797309e-03 -2.361972029335058441e-05 -2.380176174188218606e-04 -2.706096962881865560e-04 -2.868135945995942452e-04 -1.801753755402342363e-03 7.267783658923661827e-04 -1.429172916609163608e-03 -1.456387129474075301e-03 -7.426162554843364653e-04 8.080512133169584499e-04 5.487088125866405994e-05 -1.988101750679250300e-04 -1.412533792969801268e-05 -6.123199349070441457e-05 1.940296061929430325e-03 -2.339869574328663792e-04 1.384362462674676225e-03 7.361513650111964997e-04 -3.495615806008454057e-05 -1.293355354558552378e-03 3.363594074127336590e-05 -8.274276120978261376e-04 1.414363613671715952e-03 1.057927998930611362e-03 7.488961083571808470e-04 -1.708748495116449093e-03 -4.462961174988610072e-04 1.838157028849487454e-03 -6.212379203246470730e-04 1.073455109490320959e-03 -6.614117023125111938e-04 1.312777204484079840e-03 -1.127707086804420351e-03 -9.601651485895311617e-05 7.548082945638231089e-05 -5.927135049252369586e-04 -1.344651693731892771e-03 -3.819426047336627462e-04 -6.250716548554665578e-05 -1.025178461837670607e-03 -2.803038272974272085e-04 1.642706333939172826e-04 -9.365705773237006048e-05 -2.566272437224517743e-04 1.543096264359785459e-04 -2.853150861538090370e-04 8.763813091315905213e-04 9.631543133313368163e-04 5.913910616683980932e-05 1.362796245730980805e-03 5.878706228689843574e-04 -1.355103908504504562e-03 -7.784999952892329624e-04 -1.496896222961158814e-03 3.923625545763811777e-04 -5.479660500497100952e-05 2.475982714602466121e-04 3.109552903525996770e-04 -2.618011473761368843e-04 -7.752739509184850561e-04 -4.405457650945656962e-04 -2.311271816432947015e-03 -3.241885252912522753e-04 8.815946823722337804e-04 6.150594088785054292e-04 4.302151994429801569e-04 -1.992660833575773775e-04 -2.306046049420533493e-04 5.293372512240274250e-04 -1.877154295120901477e-03 8.939885813833308749e-04 1.462658446154118351e-03
1.383686739623102013e-01 -1.134751215116512092e-02 1.503660564826688091e-02 1.797772380365476874e-02 1.238236577743161322e-02 -1.223479848781129295e-02 -2.376210797781921815e-03 5.529010292947209894e-03 -2.382831848235524540e-03 -9.425001431961893897e-03 3.145523894229758279e-03 9.861206707324949878e-04 4.355229497815586021e-03 -1.462312600404201083e-03 -2.005988413503577081e-03 -1.441513255837384216e-03 4.464445364459142165e-04 -5.842180554197328856e-04 9.835628495693086743e-04 2.054824846392176631e-03 -4.065684516560030717e-04 1.868848639950203283e-03 -7.764049389369099543e-04 -2.093836413822285861e-03 -9.959846216663129342e-04 -2.751591106820416507e-03 1.014221494294040207e-03 1.607752156961694563e-03 1.186218012480351773e-03 -5.904463003928929650e-04 7.195488045966511080e-04 -1.133085297162731309e-03 1.664605483817775330e-03 4.366118502678586685e-04 -5.908933230099423567e-04 -8.901805067546584909e-04 -1.692813305108227572e-03 6.310404000529698390e-04 2.235202955597014431e-04 -3.358603012758563672e-04 1.432554069701508128e-04 -1.730288334863445152e-05 8.979211546834176428e-04 4.083694262133534189e-03 -1.589989898177160833e-04 -4.273032734290873263e-05 1.383673833375575124e-03 -1.925313537993257910e-04 7.200283127673773710e-04 9.774280650827851021e-04 -4.793088311374934228e-04 2.075654078028513899e-03 1.493862149174446223e-04 8.245506354223797098e-04 -2.645889047799861518e-03 5.146645324706525758e-05 -1.524568221930946998e-04 2.695106267633636237e-03 -2.056429363611880974e-04 1.784694676811581686e-03 1.091332187427556121e-04 -1.329806761032058119e-03 1.732118036218041092e-03 3.720020436170849536e-04 2.064211124139432932e-03 2.973628243042949234e-04 5.580626530426869951e-04 -1.075939137764432172e-03 1.749380595757918508e-03 8.436418462561695326e-04 -2.201698104300676799e-03 -1.395834450846984080e-04 6.776521282360956208e-04 1.054952081556518760e-03 1.657908267291512529e-03 -1.719069772460879160e-05 6.852172529613591171e-04 -2.220782120284615305e-03 -5.498103682771433420e-04 7.719611332674704545e-04 -2.625493997089748993e-04 1.745893366655694185e-03 6.826657569853352521e-04 -2.557900347444676541e-04 1.418829823321411046e-05 1.965318080400232448e-04 1.954193847489836837e-04 -3.670788152945387065e-04 7.992780016850122102e-04 1.018886732589260836e-03 -1.459700420607581018e-04 6.254211220728019547e-05 -1.496362062927860238e-04 -2.645388842791787242e-04 -3.434900776766702915e-05 2.857098790641621590e-04 -3.965994407802716322e-04 4.814369578764810041e-04 4.359256442207037988e-05 -2.988840512014064705e-04
-8.922191769354330393e-02 -2.490201308607775318e-02 1.333768687199294450e-02 -3.425788026016350456e-03 -1.203269692427713471e-02 -2.821214758899731091e-03 -9.642896132479181898e-03 1.760123763397321425e-03 -4.286417369876078273e-04 -1.000418439643496618e-03 -2.557871933853031986e-03 3.912865706344389842e-03 -1.646595237911258015e-03 1.247137977280784451e-03 -9.062287025910504678e-04 -6.569891378826081844e-04 1.561260860609306120e-03 -1.156583748235499203e-04 8.936176501933309037e-04 1.607120914757695232e-03 -1.156043666725811052e-04 -1.568077741526619374e-03 -6.212242474912585801e-04 3.271115622112370303e-04 -3.569096695188699584e-04 -8.350362769706965328e-04 2.397558828793064172e-04 -1.448398593204479291e-04 3.264975323024215705e-04 -6.791200031750697615e-04 -9.839896138336512270e-04 -4.063862170888838787e-04 1.080383302411671090e-03 -2.783347004396447976e-04 -1.599724651699465131e-04 1.371651881033865102e-04 7.343306538637302478e-04 -9.576466184485032777e-05 9.583677356645252908e-04 -6.825582453284768187e-04 7.885503838997542751e-04 -3.266812408106724535e-04 4.196811368404520918e-04 -4.460741870164698273e-04 -6.829516002080489529e-04 -5.009078804969964742e-04 -1.465406997773809582e-03 -1.847573990084230562e-04 3.570639124972677624e-04 -9.281900618834893965e-04 6.764838756341017066e-05 -3.088081520276562942e-04 1.928456527779490192e-04 2.736235896939356827e-04 -7.529296012969310026e-05 8.141599446869354035e-04 -3.646171815538786160e-05 -3.660258567961719676e-05 3.393501469615759332e-05 2.576997437001874933e-04 3.327852427563733183e-04 -3.412522941714111937e-04 9.930710799868519329e-05 1.789462490744603610e-04 5.269192693203308357e-04 -2.985246268299389643e-04 6.094026527458147472e-04 -3.004474513613498648e-05 8.785617926290701599e-05 3.186808730642899765e-04 6.059513018435081682e-04 2.324477401353983012e-04 -5.541560586224600609e-04 -1.863483921517239069e-04 8.270327676884044969e-04 -3.025401866997575557e-04 -3.313405117486295927e-04 -3.917280166645326425e-04 -7.702998431373758400e-05 2.051142381878625286e-05 -9.757487340320214952e-05 -2.518443618770430711e-04 -8.347219181091936437e-05 1.970520800882450871e-04 -1.369887219193085366e-04 -3.237809506949913384e-04 -4.404718688301131110e-04 -9.907937902449171505e-05 -1.650743354632991193e-04 3.093568401583682477e-05 -4.947443272719176605e-04 -2.370164771900075829e-04 8.356424049649729523e-04 -2.037021216917977474e-04 -3.133283706032919031e-04 -1.893666395655579059e-04 2.720108454681728410e-04 3.389743374683451766e-04 4.635964649405658629e-05 -1.659705650299341483e-04
-5.781601611805962243e-02 9.463837315967574271e-04 3.192352241715580574e-02 6.242936638538794901e-03 1.046787293968251542e-02 -5.682970841761616869e-03 -7.604935472050376385e-03 -2.095969245465666934e-03 3.567380420418754267e-03 7.748701244401606791e-03 -4.326181850594928817e-03 1.776847121705997566e-04 -2.772708567783376010e-04 -1.766975513636211744e-03 6.850175261446698289e-04 -1.368806206952108363e-04 3.801033071747106622e-03 -2.710888556811325077e-04 2.727536595251301398e-03 -2.864418769102876523e-03 -4.335104985103387099e-03 1.097323543229988861e-03 -4.545086482428984938e-04 1.352217737182983995e-04 -4.132138163755935667e-05 3.053823738932198088e-04 1.268755421155832314e-03 8.038593233779757399e-04 1.271400944276434609e-03 -9.568210960566566128e-04 1.757941760515028347e-04 -4.406271134143156668e-04 -2.232917679796185388e-04 -6.465465160828671011e-04 1.952724860382299777e-03 -7.819783328334788900e-04 7.348138630803427223e-04 8.313487432552727407e-04 9.466750016061624808e-04 -2.598672079787484241e-04 -8.827843253728878768e-04 6.649717966850348782e-05 -2.903393059347729845e-04 -5.163298093497624170e-05 -4.099836326458849468e-04 -1.676431881085278124e-04 3.687097137972728585e-04 -1.128404578783429339e-03 -1.436412803535649669e-03 2.261111041070426684e-03 5.095364684667158810e-05 1.093219655329808956e-03 2.136877233287218995e-04 -1.586364410757211277e-03 -4.556246304241024750e-04 -6.376174230544439520e-04 1.307727695579808226e-03 1.167369088260821147e-04 -4.734368462903153717e-04 -1.532646940979131667e-04 -1.668074058908315151e-04 -6.955316743878916868e-05 -1.083528591272823316e-04 3.361094828659068898e-04 -8.260171488690557710e-05 -2.877830719092785592e-04 -5.547590253666708328e-04 -2.942264437178801180e-04 1.189881090303402913e-04 -7.995413282892753970e-04 -1.360978763518224006e-03 -7.017132357938709415e-04 -9.309148393630927278e-04 -5.486830028873915027e-04 -9.592616966595203173e-04 9.152194290342835709e-05 -1.426838234122545070e-04 -5.874231968401535551e-04 7.381311627760055085e-04 -1.016178007628776693e-03 -9.347409370410318837e-04 5.012076441042140980e-05 -1.075397216558277459e-03 4.030323563443096910e-04 -9.563662556947204402e-04 -7.281673519230355768e-04 -5.594078306283614948e-04 5.920063340066722109e-04 1.428906397898214997e-03 -1.804541654097630449e-06 4.588989807546326274e-04 -6.629470355151893075e-04 -8.623574858713325443e-04 -9.941889267950747289e-04 4.914521419074822624e-04 -3.830774900094895325e-04 5.330112416651186990e-04 1.958178451826458064e-04 1.994173500580084238e-04 1.865655481332494287e-04
-6.014078917488484971e-02 -1.027187731671269297e-03 4.445986547432849434e-02 1.672857431586582478e-03 9.635619613390936783e-03 -6.922770773445217560e-03 -7.719388388328282495e-03 -2.451887411738854633e-03 -2.022802837835860779e-03 7.357510617786022257e-03 -1.889536300735634349e-03 -6.897090792482934128e-04 -2.550296858963957327e-03 -3.180651721224481555e-04 2.092685591960694708e-04 2.020724852202168860e-03 2.153140854322881537e-03 -2.814789670394749637e-04 5.347868467904871078e-04 -4.945978103591179651e-04 -2.263086688256045129e-03 2.153845305804176513e-04 -2.705004163421411171e-04 -2.603882686619471963e-04 1.891245290280828620e-03 5.535524890101930313e-04 -8.443599615268446200e-04 1.238324084514948924e-03 1.259388556958697001e-03 -4.783002240159554960e-04 4.047611106009513129e-05 -2.050661239941639266e-04 2.219340592667909851e-04 -2.063096306493527059e-04 1.171112685766099266e-03 -4.047493853193513875e-04 -8.500477254630298607e-04 8.162897566446738811e-04 4.115644488734787024e-04 -4.317867171823039168e-04 -3.354127883958856241e-04 7.667134701771233392e-05 -8.010355563372134028e-05 -5.545691237813652125e-05 -1.638521362215016649e-04 8.914680523451277950e-05 -1.522346930425311595e-05 -3.699932280367970662e-04 6.039761403579746923e-04 3.933920631321280150e-05 -4.209995728034607765e-04 5.393808907931183080e-04 -6.867328760153299481e-04 -3.931831797594490994e-04 4.253765479867643515e-04 -2.341263710267875008e-04 2.306453265852694055e-04 6.755192872850729769e-04 7.530653462139024097e-04 -1.191777585475161608e-03 -4.371300777030686269e-04 -4.439698186146328988e-04 -3.262662603686850233e-04 1.533038104785306485e-04 -3.835109237673508544e-04 -4.520984051932193707e-04 -5.423607928525038969e-04 -7.847398212317452685e-05 8.471223863073403491e-04 -6.458250533040909495e-05 -5.233594724920363154e-04 -6.677126202794971379e-04 -3.502026912497361406e-04 3.228363279966527707e-05 -7.758108149558624921e-04 -4.523546093310734715e-04 -1.517182128782695774e-04 -6.997653543497299304e-05 4.171427993473695575e-04 -1.021011829617461805e-04 -3.073332813950177675e-04 3.795864423929050721e-05 -6.465925462355149147e-04 3.719752597781576732e-04 -1.493886657371804169e-03 -3.979127690672993136e-04 1.957897198252482411e-04 1.492668693152163326e-04 2.176045153961620945e-03 -5.395870062059754130e-04 -5.173488075503020677e-04 4.398287606837607906e-04 -1.106451242892634006e-03 -8.534432935949587363e-04 4.384927619496427191e-04 -1.003503741267978400e-05 6.767086697846806664e-04 4.590134104720713492e-04 4.824352317441542195e-04 2.279267821761535306e-04
-3.671443627844130780e-02 -1.216168573271908353e-02 1.951254190180658210e-02 8.106517349452535201e-03 1.532511846938127212e-02 -1.694482595087262429e-03 -7.168197278658598216e-03 1.178960033143803187e-03 3.648453269329732847e-03 6.699861349864208449e-03 -5.582350427395765292e-03 8.288164345769511538e-04 2.892481619468293633e-03 -1.654616360734302918e-03 3.912685216253690331e-05 -2.152060122259949037e-03 2.873802368894926278e-03 1.078123990549459356e-03 1.809416977941363846e-03 -4.115966325000691706e-03 -4.583584870787857542e-03 3.275159078957405319e-04 -5.270875542466154306e-05 7.558228638172517387e-05 2.507750151129450856e-04 -5.135276107781590110e-04 1.684650988173078514e-03 -1.534945088312141741e-04 -1.699475400512416459e-04 -1.053059495752068373e-03 6.109126704546148081e-04 -1.048539844799189179e-03 -1.068584535747361865e-04 -1.363074776437345117e-03 3.150025659447019000e-03 -1.037466075933227199e-05 1.840629912661082002e-03 4.771380278342663567e-04 1.021962296942445199e-03 7.043937096749635328e-04 4.064385123800708945e-04 -6.563374807074984392e-04 -6.928521674996466258e-04 1.838526910415569317e-04 -1.095931847874918354e-03 -1.203610410603746022e-03 1.325691932893099294e-03 -1.461901944159529464e-03 -2.062093603495944276e-03 2.114421922226502205e-03 -1.391952599997168497e-04 1.531221963742039876e-03 1.967105409135243288e-03 -1.685136693097082170e-03 -9.116822461633093851e-04 -6.956522709343100890e-04 4.018623779223157519e-05 -8.542250067618788320e-04 -1.584182814333635848e-03 6.313116091965475509e-04 -2.032297014234536910e-04 9.547504235490473752e-04 8.734957001388716407e-04 1.852297576684794680e-05 2.803793545559890403e-04 -3.204636581422271567e-05 -7.851449638284362141e-04 6.959595979092081559e-04 -1.420389199528281901e-03 -1.282341501709493604e-03 3.405870549168908018e-04 8.153986634594100795e-04 9.443597665370989614e-04 7.092910942662641969e-04 1.149186732187346301e-03 -6.093849252723022771e-04 -1.412927854878380507e-04 1.785717703992360588e-04 3.382740135759233248e-04 7.864817583220333214e-04 1.115735568996988926e-03 -6.128790800267403189e-04 5.461368427857556974e-04 1.913751996696872002e-04 8.995909297421279295e-04 -7.103236946343334610e-04 -1.207047050532034657e-03 5.844961724771793442e-04 -1.880772877313182777e-03 5.889244315711701866e-04 3.422175955784293139e-04 2.368503117545589466e-04 1.276178445355991876e-03 6.455569882558099062e-04 -3.007072997554550016e-05 4.655698239221974909e-04 -6.476323420153444130e-04 3.682619861601965026e-05 -7.309366058366352633e-04 1.361902776816366826e-05
-6.242355810318981485e-02 -2.643607990294498736e-02 1.533017956111089319e-02 6.621272341885623205e-03 3.258376332577540054e-03 1.857142043709636924e-04 -1.026634801863881771e-02 4.683675890284555270e-03 -2.469511168064653529e-03 2.620357824639782483e-03 -4.210719319995314888e-03 -8.225404532456218022e-05 1.450364295299232543e-03 1.073611504803942060e-03 -7.941452864971883935e-04 -9.347471483737449178e-04 1.172491177570931381e-03 -6.704749004270221194e-04 1.748762150080761029e-03 -2.547064749435388239e-03 -9.531765048145328639e-04 -2.379491860852750267e-03 -1.478155464834989387e-03 -6.014622060191742500e-04 -3.026124892299075710e-04 -2.102033979778836464e-04 -4.629079571921025757e-04 -6.575061550404755510e-04 -9.133656880053338777e-04 -9.485202136315390052e-05 -1.590189181438056302e-03 -3.034177905892717275e-04 -1.016733986559740230e-04 -1.590659807039652030e-04 6.695843918094583364e-04 2.063258849941008739e-03 7.972351162406371037e-04 9.401239230632077492e-04 4.890613070571377986e-04 -1.726580549858118367e-03 5.394087124626972471e-04 3.572028606697016180e-04 -5.087491037515222024e-04 -7.423358613846328929e-04 -6.118181417062407926e-04 -1.103368669768059777e-03 1.962288366767110735e-04 -5.077558240643694019e-04 3.632905002009972667e-04 -1.288811296202857113e-03 -1.111286004698914826e-03 -1.396458435512551015e-05 -1.943123287301657450e-03 -1.416222873151041833e-04 6.321978592848229075e-04 7.080710712973758850e-04 -3.793458409077474680e-04 5.499374347916526767e-04 -8.310239114816609087e-06 1.872528340728964180e-04 6.296693762615720481e-04 4.859794019669610630e-04 3.007023381118860590e-04 -2.610313600405860511e-04 -6.576152197317153649e-05 2.346027166043099233e-04 -1.456136927630124860e-04 -3.434876486088190651e-04 -1.512707859748097215e-05 1.376158273301315545e-03 1.063423922058257112e-04 1.855256914113333753e-04 3.329104301740511748e-04 9.366225809126265062e-04 2.101290333591879437e-05 1.413425109107944956e-03 1.096408276478269420e-03 7.810747257854494096e-04 -6.589369253949194875e-04 3.871035289704968774e-04 3.420584483406901048e-04 3.817955252262355366e-04 1.051846217938305151e-03 1.090290028295609398e-03 3.721080502676858020e-04 1.289356472031175180e-03 9.116386298882703286e-04 5.581752432162338838e-04 -1.207795626878239211e-03 -1.407742141857376724e-04 -6.827400118433621596e-04 -7.561488256520864119e-04 1.717242094538138069e-03 1.916970559248725662e-04 7.703718634906461197e-04 1.048960915410451691e-03 -3.582572416503318610e-04 -2.077680641738488050e-05 2.514842966764609111e-04 -8.648145715257553150e-04
-2.011925362990605454e-02 -1.793030551881139717e-02 4.879630435201218891e-02 9.896374468355855283e-03 1.429342146071838592e-02 -1.634308199118759790e-03 -3.321573528084863355e-04 2.788500881223175340e-03 -6.002794110631100299e-03 6.375356896147813500e-03 -2.884753934585210754e-03 2.260995318425772314e-03 1.234065003550806469e-03 -7.157381940846809952e-04 5.908140244789494107e-04 2.702563004157407765e-03 -2.370945337707451909e-04 1.216628794280017172e-03 8.225056074635003593e-04 -1.188115259500518084e-03 -4.812616167580474375e-04 -6.620536471384949303e-04 2.284599684217175544e-03 6.420248730234103364e-04 1.495186873256046161e-03 -1.575567253622694563e-04 -2.488573000082482198e-03 -6.407707840072530319e-04 -9.164911377323610702e-04 3.035785972643785654e-04 1.373780202703471422e-03 -1.153565316455110439e-03 -8.723441804524157545e-04 -1.819086199314422529e-03 2.062712411703957350e-03 -9.393789563472155482e-04 -2.025854067179603895e-04 6.226526852285776698e-04 -1.951038975240100744e-04 4.909462848627007278e-04 1.639379473048035963e-04 -2.889301962314196363e-04 2.325401294543528834e-04 7.208797063554484236e-04 6.736444243062044736e-04 -4.769960676398211376e-04 2.249525740016566615e-05 1.571710125876627732e-03 5.984073320440238056e-04 -3.271988807553338524e-04 -1.668819430493813057e-04 -1.573828093252130399e-04 1.946737543449180710e-04 -5.510934448714572761e-04 3.329825759026419315e-04 9.800168039386466146e-05 -1.228982474061685081e-03 -6.748596713524742481e-04 -9.984330958163582521e-05 -2.832806984496381440e-04 -3.131667601859699753e-04 6.416276752122863393e-04 8.942907869893568793e-05 8.784850180546742134e-04 4.535377022173698149e-04 3.503985302233661100e-04 -2.721203338198741853e-04 4.001073815459764232e-04 -1.457142209733070025e-04 5.050729145135044937e-04 7.139709812687923193e-04 1.047624818160077485e-03 1.938381879336892452e-03 1.535763607321965823e-03 4.877337533435062433e-04 1.126501682504657195e-03 1.061860688595295341e-03 1.725932195294680067e-03 -2.569419579728040616e-04 1.309666849634231588e-04 1.184759025615775199e-03 5.749214544940861853e-04 6.021119345404833114e-04 -6.742249094344036128e-04 -1.736755535013757021e-03 3.309007045167821319e-05 2.951858910090086104e-03 -1.042584474157438401e-03 5.546930778070331518e-04 -1.658428910324084762e-04 -1.379053286087207619e-03 1.944100397885924767e-03 -6.718858919773283657e-04 -5.224657522844661185e-04 2.917608892445084441e-04 -1.065536919941315139e-03 -1.609674313090920172e-04 9.937805397426623371e-04 9.798366630608264206e-05 3.799687407389198599e-04
-6.010862764865016611e-02 -2.560553138262804465e-02 3.110394041794690284e-02 1.852432085635578700e-03 -6.025061632195114793e-03 6.342847920777245664e-03 -2.058769985374078997e-03 -2.535015498754073903e-03 -2.501788335314618535e-03 1.302233322574589298e-03 -3.440239883606391064e-03 2.407692088111274258e-03 1.272729886526838923e-03 3.789640747210897475e-04 -2.857087113504424409e-04 3.205469135933091025e-03 -1.444150957743031314e-03 -3.342719989890003806e-03 -2.437074021347808135e-04 -1.408473475008687479e-03 1.105530032965099151e-03 -1.146837887175907551e-03 4.964113750454552916e-04 -1.686000691137495757e-03 -3.835976076904215907e-04 -5.812809903740218375e-05 -1.071971998331086324e-03 1.225013386835979430e-04 6.745272782272169424e-04 -7.547941292282859876e-04 6.457301239263562231e-04 -1.144137240691137959e-03 9.583929377977182468e-04 -1.718841951485772148e-03 4.523701676828034137e-04 1.737038388360848627e-04 3.303040344703935677e-04 3.939066424451125904e-04 4.279244179560246527e-04 3.123818236016976139e-04 1.391318380782633022e-04 8.555547653956305709e-04 1.609346604765940665e-03 -3.620581901990880419e-04 7.090230871274472157e-04 -5.113543031718935654e-05 5.687344383040658863e-04 -6.948190675127936171e-05 1.122961820225959646e-03 -2.176119277897082312e-03 -7.219864753314146188e-04 -9.425595027862782548e-04 -4.355145120852879832e-04 -7.112739500759879935e-05 -1.746617770436856894e-04 8.380562070142324712e-04 -8.288379144289700646e-04 3.883050357844820160e-04 4.089080147324662055e-04 6.013546773099117315e-04 8.289058683930135372e-04 -4.940540478109977382e-04 2.206197228512169763e-04 -3.257509767287435423e-04 2.511012199728968248e-04 8.854183985774620631e-04 -4.669280085787937888e-04 5.769081385299400146e-04 9.668605608481241776e-04 -5.131324874733234455e-04 -7.224535847577700002e-05 -2.770750675139788902e-04 1.330609332776958509e-03 3.671960517592174895e-04 -8.944075628516379682e-04 9.919935706566409064e-04 4.672865614759422084e-04 7.167479869342567589e-04 2.067777264246435578e-04 -5.495511113471780165e-04 -1.032550031789113712e-04 5.012265791609760287e-04 -2.569825091852189525e-05 1.196869684740771607e-03 -1.230894554431388559e-03 6.060299376949602204e-05 -1.008089530268446032e-04 3.269675506246532424e-04 -1.693751954625913000e-04 1.433772854574574828e-04 -6.751635615896959706e-04 -1.134625904947037986e-04 5.349060919937131210e-05 1.409290801269999841e-04 -8.451268231296782136e-04 -6.196282388226026418e-04 -4.799388572498254992e-04 -4.700553283598256967e-04 -2.483832658618442824e-04 -3.491817395719733273e-04
1.557344037748344644e-02 -2.559804159632981732e-02 2.345779222190817401e-02 2.422248631337883817e-02 6.315062959632485214e-03 3.788942592508193988e-03 4.638388971891069593e-03 4.153873708057694708e-03 -1.164237517957014689e-02 4.964323121570898834e-04 1.244310538722919997e-03 -1.757495698459514378e-03 6.540958557832765585e-03 2.698564317150811773e-03 -1.855206875737409433e-04 -3.183743330399847618e-04 -1.199760002136052639e-03 -2.061569460941356340e-03 3.000878213425215227e-03 8.387176249889399414e-04 3.622129943977865467e-03 -3.065489113099497016e-03 2.290764071975562050e-04 1.141501304629111493e-03 2.025346583246780921e-04 3.805782672626603137e-04 -2.520777168044670714e-03 -7.391274243230754959e-04 -1.794991335373853376e-03 1.844019656419625163e-03 9.432464329462723809e-04 2.960810911867328091e-03 -1.429491188834158127e-03 -1.224800312359117368e-03 -1.444008178714330758e-03 4.897382700524933671e-04 1.178886142245143048e-03 1.974399533701749841e-03 1.461398710847930469e-03 1.441699649386323423e-03 -1.805733798265562063e-03 -2.729865758607537404e-04 -6.272926133309902951e-05 -1.758671767677785769e-03 1.281474931550706260e-03 2.230911504842850602e-03 -3.173411583919677481e-03 -8.994603933248085251e-04 -1.672682657156894211e-03 7.827035460735830980e-04 -7.031206666089628572e-05 4.090673420719100149e-04 3.281496076750579157e-04 -5.829215686243968068e-05 -2.469005433614218994e-03 1.345039655760737725e-03 -8.711951100064493263e-05 -3.047445189880813193e-04 8.351678456272919803e-04 -1.050583141002261415e-03 1.241762030549109508e-04 4.387452039139069066e-04 -1.667755606811440437e-03 1.796025012523981340e-03 6.523649438924023663e-05 1.276444288790392267e-03 -7.241544271827363068e-04 1.295939596390665010e-03 -6.679613518061892257e-04 -5.563563803034912107e-04 -1.224866261555670587e-03 2.064031573313958724e-04 -3.305246621366355144e-04 1.229041435082020486e-03 1.810698158085697869e-03 1.536012205136710581e-03 2.990844319850790266e-04 -4.370036032050658562e-04 -1.322221474405217419e-05 3.994513369404391941e-04 -8.850645508599546242e-04 -3.375690902559943759e-04 3.169082650204313499e-04 -1.148013064829520551e-04 1.183853769834240744e-03 -2.281612533057449500e-04 -1.569107579496233258e-03 -9.387998166647029393e-05 5.477850241937960154e-04 1.365922141774932822e-04 -4.655476439069486687e-05 -6.682386141538451110e-04 -8.662493101010381976e-04 -1.432570348936743629e-04 3.122386953178816690e-04 2.392971318420981344e-04 2.594061900269934383e-04 7.319598216139076765e-04 5.469417538163296767e-04 7.643728239301117791e-04
-3.586249218455462434e-02 -2.671240896387123281e-02 1.774874375091953227e-02 1.040567765057917766e-02 -1.345115695027612225e-02 1.077341658643569608e-02 5.154631754907207722e-03 -4.679239614520857779e-03 -2.398580567920642354e-03 1.002097316893042810e-03 -2.547638612860304679e-03 1.090399811801479480e-03 2.481744266340548712e-03 3.842138241759917791e-04 1.075052180487064482e-03 1.870693301566206780e-03 -2.723409765465856919e-03 -3.830294231208846052e-03 1.416025364286957651e-04 -2.220994793731764349e-03 2.371876464753774286e-03 5.165688840924525854e-04 -5.769841868943585000e-04 -1.697464538415869055e-03 -1.173274394925899900e-03 1.759627151678097535e-03 -3.489584108163587030e-04 6.200928447800146438e-04 1.125290751914407618e-03 -1.186209380577154480e-04 5.551340376326575031e-04 2.095363651824748029e-04 1.049932004605159871e-04 -2.587992901587415732e-03 7.976456775619142738e-04 3.364310484885871060e-04 8.315866704347480180e-04 3.584611129806670538e-05 -1.214887937707773407e-03 -2.863631020184309031e-04 -2.205816840140310819e-03 1.742534869132085322e-03 2.881163754690651180e-04 1.591114992894094064e-04 2.366316983670727157e-03 8.978386627556193518e-04 7.851381596951260500e-04 -1.229557834056005513e-03 -6.048816653514032431e-04 -1.399584581721622202e-03 3.003863826108117739e-04 -3.628302193501440264e-04 6.768809597329923352e-05 4.502070390875771906e-04 -1.195204562214245919e-03 -2.122566526474846553e-05 -2.152735656258172718e-04 1.050364725317994496e-03 -1.135039846226691598e-03 7.944842316794353257e-04 5.709273934178227781e-04 -8.222628337139520783e-04 2.858777963070291872e-04 -3.269606044032862088e-04 1.012310895455541520e-03 3.359039484481937069e-04 -7.294076947136478870e-04 3.623026328320951049e-04 -1.138510422922240761e-05 -1.197871485802955898e-03 -8.008195494319282626e-04 -7.204024635559585707e-04 1.779501442765931568e-04 -5.772778098329450162e-04 -1.376334311880945006e-03 -9.940109480405729715e-05 9.632857994828309886e-05 2.268377581846495541e-04 6.521841967254879933e-05 -3.637129426182672174e-04 -5.630987315106189463e-04 -2.958725874811956105e-04 1.093230800836899881e-04 -7.737747741915305402e-05 -8.308729002153209843e-04 4.735609632211709415e-04 1.852138812233813925e-04 3.803229177773658734e-04 -4.492072631231134369e-04 4.979124980765270566e-04 3.943200395184279510e-04 -7.965251361755860742e-04 3.917396268752197544e-04 1.257541559714826394e-04 -9.449110305584092033e-04 -3.652335374138334235e-05 -3.171045278636072271e-04 -8.720838394492666686e-04 4.112221282100212544e-04 -3.156880352511896122e-04
1.732447747200747401e-01 4.756759881858990506e-03 -2.617943278720456617e-03 3.365367865091988247e-03 -1.083094346213518515e-02 -7.473320319232052561e-03 1.203244530643930504e-03 -3.307446180981958063e-03 2.702768218247649369e-04 -1.081503600893770007e-03 -2.312747866770740231e-03 -3.130876546191801741e-03 -8.260220173262906168e-04 -4.011291341674929831e-03 1.249933985797386160e-03 2.239180929670767789e-03 4.939838864714843564e-04 9.644166994254133691e-04 1.349957433553705026e-03 -1.674593656121183688e-03 -1.324958409868904003e-03 -3.705447048197774932e-03 -3.450489134721283768e-03 1.795660525046411000e-03 -5.957217650151246102e-04 9.478232463142094617e-04 -1.616205150434816412e-03 -2.649449243276859496e-03 4.925397316759578398e-04 2.648492798572707105e-04 -9.156169304285757187e-08 -1.620383474185347597e-04 7.141132888319718470e-04 -2.007625603403736560e-03 -7.068333813897895689e-04 8.878292886214268341e-05 4.914168566472873934e-05 -1.926995030949198639e-03 2.000851670193068248e-04 1.676226798283383902e-03 -8.395947567329910873e-04 -9.854707924692471342e-04 -7.939762985739567394e-04 3.139777172253904129e-04 6.833677933747919078e-07 9.638662443029213890e-04 6.977411199590381318e-04 -2.100851890161707625e-04 3.899597101171996868e-04 1.331500435230421691e-04 1.131498799968785754e-03 4.995887887247111138e-04 -2.673666068388772725e-04 9.767165463906513426e-04 4.856441606172076588e-04 4.754714429441598547e-04 -7.296748664456913789e-04 4.946098733466428553e-04 6.461252453499259207e-04 -1.531165943210732196e-04 4.975082038648423466e-04 4.867588672947297445e-04 1.190759058286829141e-03 1.611400542615833912e-04 7.481560947768537209e-04 -5.474641331154023833e-04 -1.778391667834346894e-03 1.062899074993823511e-05 -4.002554668236591243e-04 3.540832756300704080e-04 2.478002939741986142e-04 6.621005839542471740e-05 -1.244153861945462717e-03 -1.809262939020135478e-04 -2.933003310869058576e-04 -1.074398307474433564e-03 1.671320473544319870e-03 -2.546249632011531754e-04 -1.410287473956340081e-04 -1.262497859735268015e-03 1.251241364218303462e-03 1.236902690965163134e-03 1.059554648251296921e-03 -2.241211690822322150e-04 -3.742638091577555606e-04 -1.900151174943430201e-05 -8.637214594370863771e-04 -1.612466867443466565e-03 -3.933438361031145773e-04 -1.623471865203946060e-03 5.233192435285073186e-04 1.231761710365866552e-04 7.698119980608656354e-04 -9.263679130246746526e-05 -8.043685830014870057e-04 9.814283435791719586e-04 2.797162937479625352e-03 2.866539695756010618e-04 -5.687840865745090848e-04 5.861618797869340338e-04
1.926654869578530993e-01 1.548190475674465078e-02 -1.483761948595074993e-02 -9.169307168097320590e-03 -7.956144802256379447e-03 -7.564537373564596441e-03 -1.247182251038979166e-02 -1.502983101685432046e-03 -3.143340495843579413e-03 5.473590050534399114e-03 -5.023099040918704242e-04 2.190655505549514263e-03 2.749640224808038748e-03 -2.940695787818632060e-03 3.931102031827827387e-03 -3.685943928651637695e-04 -2.748003582803599382e-03 2.640401744117316929e-04 -1.130906169921189631e-03 -1.657829261433954604e-04 1.973321276203292545e-03 -6.404294151808385786e-04 -6.310820930282835762e-04 6.644063828779363679e-04 4.575792495791928746e-04 -1.899867273891502485e-04 1.616598051683228133e-03 -1.089382576748733908e-03 -1.518372042992020788e-03 8.809404641811897745e-04 1.945702350932670402e-03 -4.395019795924841885e-04 1.127085555385552544e-03 3.396636003168120249e-04 1.139353232223953947e-04 -1.445278970470384970e-03 -6.079695320262278480e-04 -7.072875193067725171e-04 -1.519054646658732734e-04 -2.032708183324607489e-03 -9.974660510581238957e-04 2.316044021628660518e-04 7.322959596185805563e-04 -5.621312850965751477e-04 -1.212563268845931707e-04 -3.899755237732280559e-04 -8.008518903343442210e-04 -1.581520632771077394e-03 6.687789496497525792e-04 -1.289501394896740605e-04 -1.653094795137465337e-03 1.577307409179009266e-03 4.356180574670846686e-04 4.781469340096756852e-04 1.178368308492294811e-03 -6.731678013164798732e-04 3.388991898276186125e-04 -6.541780885425721968e-04 -9.867432580801937126e-04 4.104951703481791721e-04 -5.819643199847511798e-04 -7.765042960393306543e-04 -1.047203121592030087e-03 5.928286523601737981e-04 -8.917349682988672324e-04 8.114637535161792550e-04 1.506408046064223278e-03 -3.474444564187757962e-04 8.550992035093635561e-05 2.853314897338117139e-04 -1.319305551321011685e-04 -6.103655698301271772e-04 5.090196716575696089e-04 3.568120671819128360e-04 2.329531322584194573e-04 4.285058997329273538e-04 -9.904686589027992833e-04 -2.849779280250289539e-04 6.905954059597187600e-04 -4.202649094323570580e-04 -2.731381902373210941e-04 -3.262885832152359698e-04 2.102524623875346387e-05 8.707713001041538772e-04 -1.196672166584183565e-04 8.721880491494651833e-04 1.324651276091170257e-04 9.551269159097500237e-06 1.816449913828598834e-05 2.923982446571408208e-04 4.212142011748090122e-04 -5.444709404300300835e-05 -3.649312415858557918e-04 2.893838593077043561e-04 -3.892628388877280828e-04 -4.352117779424728283e-04 2.931517872267330326e-04 -1.747572139978747802e-04 7.693620507553925619e-05 2.975092750960742303e-04
4.958904776322286406e-02 -2.267688070086482446e-02 8.849622710159940966e-03 2.711225435009590248e-02 -9.534629618532564771e-03 1.392640186139712521e-02 7.138058421470185218e-03 -2.100013072605116764e-03 -2.310608419856250480e-03 -1.957710780222680826e-03 4.011239779572811463e-03 -3.964146114172434517e-03 4.600403588887814685e-03 2.167139288561157826e-03 2.843152041567452003e-03 -1.883232786791869378e-03 -1.917471384513310968e-03 -2.703164510124594997e-03 7.092785508272556744e-03 3.779663564853014135e-03 -1.185962951617484940e-03 2.905177095851740280e-03 5.761935351244674335e-04 -5.742814569992602111e-04 4.982097819736081533e-03 3.000642948786567087e-04 1.552404021217645763e-03 -3.189492367728347273e-03 1.901227493023293974e-03 -4.902636486578880822e-05 2.817215452404282523e-03 -4.510637442725295293e-03 8.642719277979099037e-04 4.027104554780532378e-03 -3.378322466689989614e-04 -1.294374940401483510e-03 4.453026470443417306e-04 2.655620998626168224e-04 5.221044580525208405e-04 -3.265651734999557802e-03 5.799795740391960582e-04 5.397405971583979587e-04 -1.768910282757452275e-03 -1.948785157304044760e-03 2.768441080539094015e-04 -8.199652685156211696e-04 1.228680737299872204e-03 -1.592676964484724409e-03 8.490829129505833225e-04 -5.397653591907319062e-05 2.245199893606071324e-03 -1.055105145043404562e-03 2.180700813704768322e-03 -2.023940837049161272e-04 1.036470293739036623e-03 1.940602679478923035e-03 -1.430226471373682970e-04 -2.259567753146388819e-04 1.551703810535054635e-03 -4.213729798858134850e-04 1.289361623829726310e-03 1.081396598023606857e-03 1.657180490204995208e-04 -5.109554068671502171e-04 -4.205090951922248795e-04 -1.235992838230496509e-03 -2.957623701523716224e-04 -1.021642908739537952e-04 2.757246705946004637e-05 -8.260438679045947015e-04 -4.974274944341292113e-04 -2.224832225282595360e-04 -8.083997479354906781e-04 -8.823408114332938331e-05 3.511260849923335909e-04 6.352172835450313807e-05 1.803737514058562400e-04 4.696519106405491533e-04 -2.564105362703130884e-04 -2.626245973067100996e-04 2.402328864066423408e-04 5.664673297077429998e-06 6.026921257368401518e-04 -1.019103319635609610e-04 -2.691441125597629665e-04 7.186281487540410046e-04 8.485042022908858986e-05 2.064235941559498756e-04 -1.438776076113604686e-04 2.140844033953874796e-04 4.461153560330585787e-05 3.795506386209680479e-04 -2.008180866226968431e-05 -1.566231743757687017e-04 -1.876025798922390832e-04 -1.152163162471851294e-05 -2.712560051810767518e-04 3.428013104348804382e-04 -1.263422553416467431e-04 8.349639375927402172e-05
1.618941751871761647e-01 1.813272333103836936e-03 -9.064429783782263633e-03 1.134431655705078063e-02 -3.715546254384749503e-03 -7.163889764675699171e-03 -8.276788716090617559e-03 -4.632260858882274353e-03 2.662582476186912527e-03 -3.526405614287211627e-03 4.286135273741602247e-03 8.225786789838306643e-04 5.494677310618835235e-03 -1.627049524196950807e-03 1.720988036595923459e-03 3.235002923678499849e-04 -1.485300597911074980e-03 1.038415992917751055e-03 1.968250881721548586e-03 1.211162638117810114e-03 -3.158424326200639804e-03 2.775498754629279904e-04 -7.526922073167802889e-04 -2.332821864167493320e-03 1.161752639370375708e-03 1.500409107215393539e-03 -6.864266462898407537e-05 -1.349208190014472867e-03 6.848845014529450015e-04 -5.431820743322637781e-04 -5.420543272477002222e-04 -2.890493229842122820e-03 2.272244213196525624e-03 -1.337165896205290557e-04 -1.766723006271974847e-04 -8.130658316609149080e-05 -3.972139604892548775e-03 -9.163630808746103481e-05 -1.390363713890025365e-03 -4.019307806230031370e-04 9.691596601969261352e-04 6.200670505063832260e-04 1.486598879651172317e-05 -4.625274653758728325e-04 -4.626904167823988798e-04 -5.480488645576496280e-04 -1.359119013665503186e-03 1.034561507377799745e-03 -8.473646219051309903e-04 -1.095673958138921635e-03 -1.909850783241247947e-03 -2.846744238475072274e-04 -1.133351344061545637e-03 -9.271055187233234989e-05 -2.551858518654526176e-03 -2.050843209126517429e-03 1.024145257756753618e-03 9.732680678198311173e-06 -2.407143289512633094e-03 -1.294041542361880131e-03 2.336724004192353588e-03 5.384739894192069713e-04 -1.257546970310345321e-03 2.820670709467574047e-03 4.654373788591621914e-05 2.907841945164457969e-03 5.445066407520945517e-04 7.637939494252704142e-04 -1.238160692108720680e-03 4.781564537693723722e-04 1.153071821440679670e-03 -9.702856941310341026e-04 -7.542685644656112924e-04 -1.372275148125171908e-03 -1.076026482653980260e-03 -6.953341683448384294e-04 7.074035825243556869e-04 6.976496781816483731e-04 -1.198734307353099913e-03 6.666326174995499841e-04 5.613354710298413706e-04 -3.920442377578606838e-04 1.963813847459354716e-04 -9.172579764823456561e-06 -2.464158036947856424e-06 -1.301037044741077710e-03 -3.851655199793832708e-05 6.400338562690997052e-06 2.390578761993603660e-05 -7.931070750534593592e-04 -4.409095078105065792e-05 1.389910767716315439e-04 -1.016591034663229780e-06 5.845980269672657438e-04 -8.087391930220545538e-05 -3.680217695663049468e-04 2.074733675789472984e-04 2.315314475660204215e-04 -7.043063595885513202e-05 2.912807811045463216e-04
2.637580719607618765e-02 -2.655419311170621050e-02 1.023083633096152738e-02 2.026630932352127198e-02 1.464708755127835417e-02 4.149631485079036813e-03 4.355636465793671724e-04 3.064157174923000642e-03 -9.890434364066228584e-03 -1.897472947977181003e-03 2.490573118312082728e-04 -1.409407479318189414e-03 7.078032006117519412e-03 3.273172700241584743e-03 -4.664067542121872714e-04 -1.314478579228506088e-03 -2.622875761004406833e-03 -1.762765043204982899e-03 1.519495254288892290e-03 2.058575687748382971e-03 8.240330326817202344e-04 -2.464060901294089830e-03 4.505426350273789449e-04 9.944206304317829322e-04 8.099353874333205770e-04 1.671346817755796875e-03 4.745279047330565173e-04 -2.001532189968880781e-03 1.271368903931805209e-03 2.084076159557482922e-03 1.877156325292377083e-05 1.447983033677344026e-03 -1.038982585206688590e-03 6.330399651903048045e-04 -3.209099079609801369e-03 -2.042555160518418587e-03 3.619389989876761814e-04 7.083166960153576119e-04 1.129285386392607634e-03 2.706756889049078980e-03 8.749368092933207126e-04 -1.559436245878464489e-03 3.107152340601544976e-03 -2.328160835474329168e-04 -1.470907568697552839e-03 -1.592540413981875401e-03 -2.318960368942968309e-03 -2.254466758508009454e-05 -1.026746934390404499e-03 2.573425524289741240e-03 1.321464157263341731e-03 -1.651461685430739479e-05 -2.416790729283133665e-05 -1.947077309271588502e-04 -5.503136911885601369e-04 -9.607185800781986367e-04 -7.093303725942153247e-06 5.118723128591828094e-04 -1.468096911850498868e-03 -8.768377803677737583e-04 -1.225916458192139683e-03 -1.345656622558763634e-03 1.946126438522932873e-03 -2.040653516782023336e-03 -1.392503568520601052e-03 -1.620384514912689413e-04 6.008353573235297902e-04 -4.058163656333584751e-04 1.006942701767477716e-03 1.189648624037353772e-05 1.069605219253062702e-03 2.966073994902573906e-04 7.905829500639539008e-04 -9.366142158860960021e-04 -1.793590201048126352e-03 -1.595951518403464003e-03 -2.195439417088047623e-04 -1.029622431437408534e-04 8.149818727992423260e-05 -2.072513272202355385e-04 8.350638395028585435e-04 1.614746420330468097e-04 -5.835291651491098311e-04 8.854879781748696771e-04 -1.337691476197082644e-03 -6.569085007634259442e-04 1.428438654086748496e-03 2.098739397024962784e-04 -6.185199011603309191e-04 -3.874740376870041900e-04 4.403521716255778731e-04 -6.655910160734948480e-04 7.260604011676473303e-04 -3.924148778906440239e-05 6.466262725087501290e-04 -5.458653299275781427e-05 7.668142865073401446e-05 -6.440761413197210530e-04 -3.102260060185578656e-04 -6.280651143996824606e-04
4.786013891743198800e-03 -1.610755342857645225e-02 1.000345510369449534e-03 3.715289921169725226e-03 2.229444185379645185e-02 7.795499514234525626e-03 -9.065460271622353960e-03 3.468662369902073342e-03 -7.433954172231855076e-03 3.412054097827562542e-04 -2.571658002135122911e-03 -7.855181256361810612e-04 4.542650171619615727e-03 4.629285353510805175e-03 -2.060766043601234068e-03 -1.084737289973425594e-03 -3.377561310250350862e-03 2.286850834470386881e-03 -3.235145711763497568e-03 -1.064487516575569892e-03 -4.307456572868160333e-03 -1.400873079328413158e-03 -2.916357247272345025e-03 1.130403711567121291e-03 -1.178151680914166742e-03 3.277201965452220325e-03 -2.741776997796702055e-04 -6.521872708344969008e-04 9.290098173549807443e-04 -1.189048086984728072e-03 -1.279465523556480317e-03 1.650602221894550622e-03 1.573633707617549038e-03 1.713179977761338478e-03 1.266962266871108928e-03 1.451373003925110396e-04 3.390037914009174161e-03 -2.300980154392576519e-04 -1.947126551789275057e-03 -1.597911689030539258e-03 -2.731871836955233283e-03 6.086308592474791359e-04 8.549162051817724498e-04 -1.337146739937505576e-03 -1.482575532082476902e-03 2.840372229239189667e-04 1.274912362882751416e-03 2.972774893301897807e-03 3.736257147081985686e-03 -1.999566490038249330e-04 2.184053981393738013e-03 -1.670426385447006156e-03 4.807676901940615170e-04 1.522996117423630049e-03 -1.012023851951303257e-03 -1.620722770228344434e-03 1.287616291665284480e-03 2.746799313765806811e-04 -5.970710056119191763e-05 1.678739752525154443e-03 -1.152946985315364634e-03 1.390787636357217671e-03 5.611260094645781089e-04 -5.286593326521173402e-04 -1.627751599379025993e-03 1.145817671683557444e-03 1.233454034797668800e-03 2.344329979618704166e-04 -1.644732150525864112e-04 4.430101643539533819e-04 -1.263746238401161279e-03 -9.947668662667449781e-04 4.868577550903009995e-05 -2.710356542764910410e-04 8.333257754863151318e-04 2.154243624596650680e-04 2.891523219834279696e-04 5.305066116963641672e-04 1.127071651791010593e-04 -2.468989740585348465e-04 -2.067038466914896278e-04 -1.143476434307510162e-04 9.802262178821663594e-05 -3.766477586230840844e-04 1.079982503582959893e-04 -8.653762040248719786e-05 -9.696492231416866054e-04 -3.203620891906679602e-04 3.002809117603308549e-04 -1.058961997952597133e-04 -1.091473581009810010e-04 3.288435501150944237e-04 -6.225932543821147179e-04 4.958373439309293664e-04 -1.975022726998334251e-04 -2.730447132765107822e-04 1.573287106569002248e-04 6.409376658306176981e-04 1.620129788371087859e-04 -2.431645050025720795e-05
1.145129583292419373e-01 -5.469144911787612862e-03 -1.049485151801524477e-02 8.282211800468435720e-03 1.307242902052122187e-02 -7.526896122871570491e-03 -7.609127007382076105e-03 -4.447636675390877377e-03 -6.289837518638532673e-03 -3.859900008830223321e-03 4.345935746217889119e-03 4.714918555736740714e-03 5.595645991695600424e-03 1.877511039445026349e-03 1.095050317901455567e-03 -3.964794836057860747e-03 -7.086892963390255609e-04 1.180312549831934741e-03 -3.303627367300266109e-03 2.087167145939872182e-03 -2.404386476381463033e-03 -1.083008893110232792e-03 -1.945066008783475318e-03 -3.139886270406828158e-03 -1.548997648400904674e-03 3.868591173444213202e-03 -1.104868682504445707e-03 4.280686124579018668e-03 -1.137121066169662900e-03 1.077479955177055616e-03 3.878331491538636018e-04 -1.785031881386046687e-03 4.708257458678722154e-03 -2.520873768399901731e-03 1.616707113615614960e-04 -1.215185166194984994e-03 2.205131890884629061e-06 1.094349214793416446e-03 -9.705952565378470499e-04 1.871949610168749650e-03 1.924403470353660628e-03 1.180602027950023586e-03 -2.513507898317271158e-03 -1.304321855634749464e-04 -4.454546276345330174e-04 1.918120572287640609e-03 -5.531162047260090213e-04 8.785950798537601331e-04 -9.517207851856041186e-04 1.855845902248952047e-03 -7.458517891833355007e-04 -1.161991125667751184e-03 -8.802090755270779339e-04 4.206050260753135144e-04 2.480978106879648364e-03 -3.499348815342260692e-05 5.007340832779214176e-04 -1.849826997033334310e-03 3.565387090717283018e-04 -7.349042546348792454e-04 1.763815303644579273e-03 -6.257039760562416045e-04 -9.075414338240450369e-04 -2.303706730216291930e-03 -1.491363274952231771e-04 -2.081823321037895060e-03 -9.520368486716939728e-04 -3.679966105139138291e-04 8.282212739434373491e-04 -9.177047286043199786e-04 -4.084145845992175690e-05 4.112642647335481238e-04 -1.960584753367521223e-06 1.142529877752183854e-03 2.343136868699146691e-04 1.411806262226917739e-03 -5.928006755567487686e-04 -4.138297408476817024e-04 3.642093662667310241e-04 -3.410745707192541581e-04 6.690969555171024990e-04 -1.437892203176641386e-04 -4.096377066039650315e-04 -3.695108264694039048e-04 6.887502378565627241e-05 2.935906346166024185e-04 -2.915842763630282250e-04 -4.443478126604207207e-04 -1.549201890472352643e-04 -7.669902496844490606e-05 -4.774494331712510545e-05 7.776332115306848816e-05 -4.345480970024556022e-05 -3.074914383130885297e-04 -3.361514047336496718e-04 2.436350181901916973e-04 -4.307358776979467807e-04 -2.547108652684779671e-04 3.320942804994504445e-04 -4.911716764135995201e-05
1.263684000177846267e-01 -1.641626508063290246e-02 -2.460240258725704746e-02 1.626499686025354927e-02 2.222898443092973832e-03 -3.265914498117101681e-05 -7.531615446959637888e-03 -1.122604580136681018e-02 -1.136698048850796460e-03 -2.604163001473356644e-03 8.532315131410130558e-04 -1.662872080521692747e-03 -2.200219683598840948e-03 1.070775196856891837e-03 -3.009099945312479225e-03 2.127037517006443324e-03 1.670834668961578787e-03 4.875877860794178807e-03 -9.209029393646972744e-04 -1.728433754310943260e-05 -1.149286821249458860e-03 1.515666596138158734e-03 1.846094220899794497e-03 -1.815320966674006942e-03 -1.788683000087079979e-03 -5.198210511158695216e-04 -8.239525097071735780e-04 3.053261513466649609e-05 1.188900539218786271e-03 1.034468431699736048e-03 -5.428528094209620312e-04 -1.018360547748093465e-03 -2.035846760877207604e-03 1.239739964455478327e-04 -1.328949531842621217e-03 -1.087377315317946715e-03 1.387113522210507406e-03 1.216463945253482351e-03 5.052415423807930794e-04 6.049490378420619335e-05 4.274911445961073354e-04 7.241651353226724770e-04 2.239215905537700834e-04 -2.521682827352645512e-03 1.006793740589904040e-03 -3.359902365503372339e-05 -9.544014683669257678e-04 -5.870002079874172846e-04 -9.008890854047676630e-04 -4.146903566273688058e-04 6.055843874209663417e-04 -5.953943052119368452e-04 -2.841048413963429822e-04 -7.101686809554557138e-04 2.075406904133110953e-03 -1.461628013147592579e-03 -4.716001107164642333e-04 1.749240021713825612e-03 -1.466421714520614854e-03 -2.198286890552911342e-04 1.107079427881535856e-04 3.965230484152243288e-04 -2.691625025222996333e-04 1.150703041493430102e-03 1.438329903608215939e-03 -1.632433656884051576e-04 2.139861975067121509e-03 1.246171167690764180e-03 4.741913323202432101e-04 7.974833541408922651e-04 -4.270844113293773979e-04 2.168403356467781570e-04 -9.476566678795796930e-05 -3.159727628947005132e-04 -1.342633306776092788e-03 7.200386120586538610e-04 -5.818917767098076522e-04 9.414992770326978270e-04 2.812608509821740675e-03 5.186708904632675136e-04 -4.245191508384549999e-04 9.509058364261964696e-04 -5.695633570724005729e-05 -1.644931638440301795e-03 -1.645486964926224575e-04 5.661959537725103206e-04 -6.830940553356892398e-04 -2.698932354327258855e-04 -7.146151280425356005e-04 4.556515539899812814e-04 -1.900196976525420306e-04 -3.247849274988946896e-04 2.346955810408530066e-04 -1.289000540959802125e-03 3.252345918042306040e-04 1.074415179248041979e-03 -1.589901019017588078e-04 1.980555640030943771e-03 1.630072605484357790e-04 -1.248629891768613612e-03
-3.935124412953765194e-02 3.191661993831155543e-03 6.313679052276928438e-02 2.322836024202873210e-03 1.058279139002793641e-02 -2.820130540521047745e-03 -4.531582874204857954e-03 -9.079930832680036630e-04 -1.831796596598946362e-03 7.400251206028574461e-03 5.416910575831821936e-03 8.570171112033136583e-04 -3.941066114142517500e-03 -5.042601196462270351e-04 2.541010368177077164e-03 4.898269354331782031e-03 -1.975231178443479212e-03 1.617166192208199620e-03 -1.718314578068007986e-04 1.384883187598582232e-03 -8.809452915314896528e-04 2.884215071933232243e-03 1.531579273120999484e-04 5.711745345354183462e-04 1.818464602761149258e-03 4.145894818070143539e-04 -3.834679477993552851e-03 1.333860133407998054e-03 -8.298784634975893068e-04 1.199171729971242701e-03 -1.978729050330647454e-04 -6.719370439298847416e-04 -9.164261254012268619e-04 -8.953809418638358211e-04 -1.933954496311271693e-03 -1.166821465980283590e-04 -8.516691723619533713e-04 2.284379647280275071e-04 -1.470212700510618517e-03 -1.168468353340719294e-03 2.689423757599268913e-05 -1.346169095108434074e-03 -1.002836779785652992e-04 1.398880359686039982e-03 -9.764410339014846854e-04 1.096043836752830106e-03 1.731241696380548287e-04 -8.371660130965009623e-04 6.763296237467653202e-04 -8.778641785272304706e-05 1.286176478124283857e-03 -3.347060899783416621e-04 -4.630523642749855397e-04 5.838369312092734405e-04 -4.741914329913990292e-04 -2.858017561154129805e-04 5.453627640464431796e-05 -3.659684789702243122e-04 -2.276383024176300326e-04 6.197435973522663578e-04 -6.699937057409170347e-05 6.307869291572524824e-04 -2.790442484396966853e-05 3.828807549884561865e-04 1.442093669570064084e-04 -5.545898788488579177e-04 7.672416557340374851e-04 -3.658685574410255100e-04 -8.059484769048907299e-05 -5.160134671372512520e-04 1.614908810375437567e-04 2.662096165493011953e-04 -4.778442209071992859e-05 -4.736349532670632804e-04 2.473507864293920076e-04 -4.514707328930932587e-04 1.326119230914326729e-06 -6.294600964175015674e-04 1.062691031301560858e-05 -2.515915577864991830e-04 3.954549725534315047e-04 -3.949429766606193091e-04 -3.127842694519892912e-04 2.188868171559787111e-04 1.134391924330277902e-03 2.389283302474837245e-04 -2.541604052553847167e-04 2.606597405215989012e-04 -1.800668381231151200e-04 4.128201696173705045e-05 5.007140655955803765e-04 -6.310925370262577541e-04 2.683069917522589321e-04 7.608917517463982885e-04 4.091636479501207352e-04 6.700150109500357335e-04 -6.460025279118807810e-04 -1.439613420170373274e-05 1.934365161142660803e-04 2.286006013885540002e-04
-8.032919398155308199e-02 8.696101035203006660e-04 3.561378112968911075e-02 -9.484535982358275122e-03 -2.658574388796135397e-03 -5.204452935989382391e-03 -5.347513382564479147e-03 -7.271015133108239305e-03 -1.476896122836056542e-03 6.616895460552121421e-04 -1.413033513453785302e-03 -4.522671164507667389e-04 -1.649644600303829672e-03 -7.590866460041780645e-04 -1.433230959624859141e-03 9.840479203018328343e-04 8.560133831970621670e-05 -2.087969502714366512e-03 -8.181914033019208445e-04 2.848683792018422926e-03 -1.000318983250416240e-03 -5.988078131775529918e-04 3.925365318966809124e-04 -1.345142633977125263e-03 1.008301818953908887e-03 -1.094394618398698404e-03 6.535846977555518191e-04 1.480073753361987204e-04 1.642906963895086002e-04 -7.600032622053261983e-05 1.417716053999374922e-04 -1.805618707109613746e-04 4.171711066080863802e-04 7.211377228992022544e-04 -4.463021049606126132e-04 -3.168343189855182254e-04 -2.768348688055381995e-04 -6.779008093636143756e-04 4.035242614632755039e-04 8.224736240483780745e-04 4.901312951786590631e-04 -5.356458410502696428e-04 5.816468359834343948e-04 -6.176352738766947110e-04 1.104270806375386979e-04 -5.924676909405524440e-04 -2.083976981141779032e-06 4.390572474100487414e-04 -9.677397471694493703e-05 4.281761205585716450e-04 -6.115767343264536622e-04 -6.157320808208648858e-05 2.464308146429351515e-04 -7.295248337104353817e-05 1.011275538203541965e-04 5.825393480103067435e-04 -4.841878358990447159e-04 2.002557287662440875e-04 9.228054155691221491e-04 -4.598645758387579028e-04 -6.396331226121221899e-04 -3.888586704308045778e-04 -3.103401981216284645e-04 -2.173351957452525319e-04 -8.258945505240614820e-05 2.496702723628286473e-04 -6.671780095189900218e-04 2.956084136397390443e-04 7.723819448067427602e-04 -1.380499157421883564e-04 2.645323125370297249e-04 -7.608826169129276947e-04 1.197274800921998335e-03 3.279573847763411374e-04 -7.912989419173513655e-04 7.891025947623582818e-05 2.202009128909149195e-04 4.055817645239796787e-04 1.462041776267588536e-04 3.140059095074535758e-04 -2.769447216599382996e-05 -1.755969513219374624e-04 -1.791786857766020341e-04 -2.247500982044600953e-04 1.466553922187423318e-04 -2.434231811040750047e-04 -8.333153784182982700e-04 -4.160626580734558375e-04 2.615345350247388206e-04 -2.432127104237013951e-04 3.124540774658136986e-04 6.516869395900012430e-04 -1.172611812991404068e-03 6.728541509750212953e-04 3.915630461385580940e-05 6.348639440601049891e-04 1.551180806048385466e-04 -7.774577950945060832e-05 -5.082324072506700990e-04 -4.312887116427679295e-04
8.180534542583187130e-02 3.647727251381460700e-03 4.722592491904036710e-02 -6.581751427735988173e-04 1.269898072263508752e-02 -2.626188245015744892e-03 1.201369263298301265e-02 2.751883195001828594e-03 1.096416769399357824e-03 -4.402252108302329506e-03 -2.441560619346465778e-03 3.907916150550730730e-03 -3.822396058808602125e-03 -2.876916144952586588e-03 4.799215652311121690e-03 -2.917888255015865188e-03 -5.246096731844233441e-04 2.287858523515130587e-04 -3.839807704879643572e-03 1.324070262976748992e-03 7.969536201709013796e-04 -1.089087530357816776e-03 1.140983366831240008e-03 -2.056848141528273675e-05 -2.133544174483519723e-04 9.059791066634028354e-04 2.154458898572765395e-03 -2.101265378712540224e-03 3.575067450192983718e-04 9.121076724041469021e-04 -7.921022647844110174e-04 -1.513882778040180491e-03 -1.795300116259636791e-03 -1.100219739174508214e-03 -1.068282943769561242e-03 -3.172427198614685261e-03 5.958046595367505341e-04 1.779502331322123897e-03 -2.188827758911281434e-03 9.232690448126950038e-04 -3.001793255777005691e-04 -1.469681822306708428e-03 -1.954817193047640126e-03 -2.447660586969267835e-03 9.084266803937832450e-04 -2.346246711037942682e-03 3.735628956311255505e-05 4.420243431304001869e-04 -3.018745746126229898e-04 -8.267084269872647731e-04 -2.068016160060920025e-03 1.118106942682550080e-03 -1.465659296666427117e-03 -1.112275144296343346e-03 -6.515952362825184379e-04 1.867596525067229942e-03 3.625355213305395401e-04 -9.553804914935946067e-05 -2.897590391744445603e-04 2.157011032316672686e-03 -2.363835203660492174e-04 3.555805791988395428e-03 -6.635189376381290171e-04 -2.607380914331234711e-03 8.703344438431615026e-04 -9.449907577756585370e-05 7.716308728865257927e-04 1.849656534882980659e-03 7.128058686130576234e-04 -9.348274075856143474e-05 -3.897603359009994069e-04 -6.283930101035527455e-04 5.160300197152518963e-04 -6.877341186257360369e-04 -1.304577489934108056e-04 -1.011402314224260331e-03 6.040339378425287021e-04 -1.354912934405306168e-03 -1.074566600593898939e-03 -3.728274377550021691e-04 -1.027385101566670239e-03 1.450426801444902462e-04 -9.258781592485184394e-04 -4.056231812595438623e-04 4.652958886236091681e-04 -4.492504604991339931e-04 1.236173456785353761e-04 3.464028497154028521e-04 -2.429071706601571186e-04 -6.360935665941574999e-06 -9.003202555370544338e-04 1.556360508867888812e-04 -3.818543752915072283e-04 3.825458260659866960e-04 -5.139103842695892568e-04 6.538468544293440910e-05 6.624306800976585132e-04 4.043636580465856780e-04 1.155800645928906485e-04 3.417751089144644696e-04
1.520576945941414793e-01 6.881462134485829673e-04 3.867177898819978282e-02 -2.711625835184520127e-03 2.287146916126377172e-04 -7.158854122530899575e-03 1.151334205155626206e-02 8.595729862963665674e-03 -4.544437111126725301e-05 -9.228278590983407526e-03 -5.482183424875748147e-03 -8.036643219655434682e-04 -6.864784964695040508e-03 -3.421778726273964899e-03 2.815312338011840242e-03 -3.453393646541310421e-03 -1.561382041341147350e-03 -3.493569518134704167e-03 -2.670730814284195259e-03 -4.529498380719810787e-04 -3.015714947181602316e-03 1.588458606105470992e-03 -1.303994976638649019e-03 7.040070468424964993e-05 -6.358362046288989784e-04 -1.475059446872173732e-04 -1.652329198380453031e-03 -7.557918773561112793e-04 -4.620276660775997596e-04 1.470077519391654224e-03 2.714982990893563173e-04 1.500946052706578866e-03 -2.866363638590168483e-05 1.291120346239178372e-03 -2.012441175453868081e-04 8.054144513093622066e-05 8.113598063454612085e-04 3.298361784395804474e-03 1.752471157342419495e-03 -6.187780367439007318e-04 1.261688396245080977e-03 1.289853778785444863e-03 1.913159244571016973e-04 -1.823543235350513390e-04 4.627231629924877330e-04 -2.552086855167681745e-04 1.770215063843155918e-03 -6.482875938508077165e-04 -3.015137268252939050e-04 -6.869803999172710779e-04 4.146491519280480167e-05 -1.820727012835085491e-03 -3.175060292262842131e-04 4.853974977548689940e-04 -1.074680518226533467e-03 -7.971445041266795730e-06 4.339218422236825953e-04 -1.696199068474514050e-03 -6.025069805580435560e-04 -1.319113624441849587e-03 -1.211118621238008018e-04 -2.426455482935925296e-03 -6.888777987606729044e-04 1.691449989362235617e-03 -2.046777110023588822e-03 -8.814632209310037164e-04 -5.831151434812874420e-04 -6.579145604486418171e-04 -6.054318736371120053e-04 1.584482434839522638e-04 4.564627690419953768e-05 -1.789000118563010113e-03 1.398361159442301467e-03 -6.510275931525333424e-05 2.889302533202397984e-04 -8.279010528230645264e-04 -1.078857843524395855e-03 -5.784903043902073477e-04 5.372569828148314247e-04 -1.645908015108814987e-03 -3.407500576129366809e-04 1.038269114897790368e-03 2.113633754686762480e-03 -1.483905030116616439e-03 3.012764460684031419e-04 -1.539305511976122448e-03 3.532411466582461093e-04 6.217263398173119475e-04 -1.184494888695982817e-03 -5.176644121157021692e-04 -1.321167942281466006e-03 -2.158204059243277106e-04 -6.447864867115512188e-05 -2.718682840583914258e-04 5.204020989837300623e-04 1.402928590494580312e-05 -1.557049116678097108e-04 2.336048520675752371e-04 4.943744075175180016e-04 -1.143576425722603914e-04
-6.694870842211840534e-02 -3.398813052661153744e-02 -2.119749355841551997e-02 -4.354621317442515342e-03 -4.573726815868944633e-03 -2.407819787747586624e-03 6.467243933753173430e-04 8.210647726292184118e-03 8.502088539607147253e-04 7.512763876340235614e-04 3.091189653598943460e-03 7.176540487134990248e-04 -1.571518512469232895e-03 -2.583245964975172324e-03 -1.068697360625409380e-04 -2.933095768917022214e-04 7.609218395755707560e-04 2.158097876698169236e-03 1.485967701550412962e-03 3.029469911991858355e-04 -5.762077647957308899e-04 3.708405468571982443e-04 -5.253655277193625345e-04 4.051679550359699633e-04 1.345058278908452753e-04 1.227136123906377978e-03 4.291816259280265282e-04 2.684912994759427302e-04 -5.369899229152923443e-04 1.898504267862990166e-04 1.245091211646739233e-03 6.973828251004125529e-04 -2.799615164406255192e-04 2.164935600939271591e-04 -9.748604193518382215e-05 3.921836556013392713e-04 4.040276262535456706e-05 6.594579325404931885e-04 -2.889285275190542996e-04 3.679375460534372059e-04 -6.201332201096575311e-04 -2.701337316999197127e-04 8.979099320415645719e-05 -1.163572039749505207e-04 8.046059870647270578e-04 -7.466006833468931099e-04 3.050939843410425826e-04 2.135712771421253758e-04 -1.032406603106590231e-04 -1.475040669741463513e-04 5.568084480721544657e-04 8.627152806483532265e-05 3.398562570680232608e-04 2.790008287721803919e-04 1.374432236786612612e-05 -1.478455665437092357e-04 6.683950885852786659e-04 1.226128241553184784e-04 3.945677160030498375e-04 2.610508095491474202e-04 4.087501025575081552e-04 4.902500321552886894e-05 -2.482619901673752843e-04 -1.195034032844449190e-05 -4.237358983285356175e-05 3.829538169050937047e-04 -4.790505825706486390e-04 -1.612781920494184924e-04 6.368114449375359646e-04 2.660992797805009601e-04 -1.222475521197763544e-04 3.092627488244500738e-04 6.797868883236786539e-04 -1.808783260405042858e-04 -5.786112577399225377e-04 5.846272736605972195e-04 3.929139591745400839e-04 4.480999901597548541e-05 -2.157996344589144068e-05 -4.550379620340591733e-04 3.328997244459837236e-04 6.463947180225407350e-05 -4.312958875438014706e-04 -3.620609935419763785e-04 3.097050248302931122e-04 3.762243705247840671e-04 7.472856392913906974e-05 8.694528028902957751e-05 -2.820144499354081320e-04 -2.579298619822673598e-04 2.078471251009840330e-04 -1.631083794495089478e-04 -4.170946086226663316e-04 2.816656126440155502e-04 7.259566313932129273e-04 9.956896872661387887e-05 2.142840337676362263e-04 -1.883541116123248302e-04 -5.980798632456746540e-04 -2.847413901938997366e-04
-6.206971878543052212e-02 -3.109045964791580519e-02 -2.037541535865309075e-02 -9.953255826005641752e-03 -2.654258672171986959e-03 -6.357641567854625114e-03 4.231257723101722150e-03 5.307716900010245667e-03 -7.981304108264524778e-04 3.029793865386282408e-04 4.260617265066369425e-03 -3.630589684208100480e-04 -5.369064978014792631e-04 -1.939326614808107750e-03 3.970565506394442123e-04 -5.249828886552070068e-05 1.870121083220493735e-04 1.792224725952670404e-03 1.560363075420051438e-03 5.223757354338839833e-04 -3.740558106146865767e-04 4.105605953925747331e-04 9.772178594381825459e-05 6.506963715810332009e-05 5.292937329611231267e-04 9.182861008670474990e-04 8.027924899007915721e-04 9.423215093451130491e-04 -2.881974853893293350e-04 5.307809199131753759e-04 1.495183691498515322e-03 7.012922135862704760e-04 -5.620285199630796523e-04 -1.141201827837714936e-03 1.417748735686817760e-04 8.765661883259837778e-04 -3.926278792975326399e-06 5.232629419856688622e-04 -1.673016699101056764e-04 7.335805713352584615e-04 3.465097329654243021e-04 1.032083245682707161e-04 7.483887838550259226e-04 -1.013636461891917777e-03 1.020569853650102896e-03 -8.620565132080345964e-04 5.022709275769251819e-04 3.617879704650368605e-04 -1.148544652480770382e-04 -8.203928831973920401e-04 7.398965112568019545e-04 3.826243696664999132e-04 7.142554773394235333e-04 5.415049550222709529e-04 7.577083188321117571e-05 -5.206558157527827824e-04 5.962129322069154372e-04 -1.250516823547102169e-04 3.226140382367695836e-04 1.013471899144637381e-03 1.070537662370334240e-03 -1.339262054818844524e-05 -3.113962365563573186e-04 -3.899182619868060993e-05 -1.821162937901385276e-04 3.016302994213166766e-04 -2.539135959276456970e-04 4.035973709353508405e-05 8.020104828202427984e-04 1.128080790810291953e-04 -1.828690812456179810e-04 5.474671089848754269e-04 -3.359797900494280494e-05 -2.655352766810385517e-04 -5.605022866788664584e-04 -4.419235745243954149e-05 -2.248743595577150519e-04 -2.286049523296525916e-04 3.934780543522071046e-05 -3.644189087377102234e-04 8.212803584938807100e-05 6.630220350065270645e-04 -4.606936360091959675e-04 -1.768834576882587868e-04 1.706854697861746254e-04 -4.427991035479570471e-05 1.882654588578963281e-04 7.756190509694981959e-05 -2.674018387521661473e-04 -1.503974783639883985e-04 6.041811495445233247e-05 -3.351971098890981155e-04 -4.962985285963167261e-04 -6.440271643303568634e-04 7.004848445235021528e-04 -1.023985322062443977e-04 3.429248215489332516e-04 -2.685889092478232435e-04 -9.290680644167380190e-04 1.048638417733205406e-03
-3.749348862076456318e-02 -2.962062675856411836e-02 -2.405254511031475889e-02 -8.200757911927650939e-03 4.153354998308025382e-03 -1.020706376889790948e-02 7.418211879965348060e-03 2.216501440293492319e-04 -1.108550435101355799e-03 2.386762918805032229e-03 2.787459520718934929e-03 -8.625903865043436057e-04 -9.334563732728835654e-04 1.253414288165820474e-04 -5.125872742206304730e-04 -9.286283350781560043e-04 -2.222320431802109544e-03 3.449572099921065596e-04 8.252961087551598197e-04 9.277433448224128897e-04 6.357403161996878337e-04 6.808005892886815052e-04 -8.159217149464103929e-04 1.643301231407721767e-04 -1.170479779127362764e-03 8.297894592196605821e-05 8.741186636353250874e-04 1.386991199867347894e-03 -1.740656883099326669e-03 -5.254652583425234918e-05 1.458714046404813430e-03 4.191797878434583790e-04 4.995140538540171135e-04 -2.349024746113165946e-03 2.504223258802659507e-04 6.879316235338469752e-04 -4.140912997825957776e-04 4.100801581417643903e-04 -8.161735421525921413e-04 1.223536453417344580e-03 3.556357259562998273e-04 -8.792574518360609043e-04 1.729758049420137764e-03 -9.747729296630872325e-04 1.140030752766871183e-04 -1.924339685081909125e-03 3.248138053648149531e-04 3.780607787531169872e-05 -1.052529750759495985e-03 -6.843004111471319558e-04 4.234826007974565798e-04 -1.059191807203618661e-04 1.376184527403685309e-03 -2.252056724546992338e-04 -3.954609460603195873e-04 -1.103333929064000173e-03 -5.248259937458435659e-04 -8.435083103563210212e-04 1.048169127731711546e-03 2.079576183400121993e-03 1.139292053836891841e-03 4.399786491513833580e-04 6.882849680793044897e-04 5.839950017847395872e-04 -1.052605608774693060e-03 -1.965961020717712279e-03 8.881947109247119226e-04 1.047518907945803497e-03 -8.979606503200828881e-04 -1.562163570084372814e-04 -1.733555521275957959e-04 -1.995060735834075852e-03 -1.501728895794728243e-03 8.076265715434809275e-04 -3.048985461817686022e-04 -8.204288236100484334e-04 2.047542142073895089e-04 1.413001625076539241e-03 5.124806204653261981e-05 1.613280103914082773e-03 -8.126615626597666559e-04 4.583175078694264959e-04 1.633186545786871873e-03 2.077631419970704294e-04 -2.158551812491790896e-04 -7.474466456579536688e-04 3.167239799187247058e-04 -1.159453931837100714e-03 6.542685521671523377e-04 7.605736232153641457e-04 -8.737573553217715342e-05 -5.930580843986013205e-04 -3.417397083489159566e-04 -1.329852401298661476e-03 -4.525698153291713344e-05 3.005590506941530787e-04 -6.562044822182600814e-04 -1.003470443792345334e-03 -8.755774929411439542e-04 1.265497916264203158e-03
-2.988503199696663018e-02 -2.933461313526130460e-02 -2.314249001746497211e-02 -7.480028774123583489e-03 7.073502073738547127e-03 -6.751182460552822111e-03 8.254097206390526367e-03 8.205578820436495698e-04 -1.299369058381407219e-03 4.494221160933836202e-03 1.114481823514457647e-03 -1.706089590772554400e-03 -6.021791630351735732e-04 -2.572419076513346274e-03 -1.044562773124237988e-03 -1.037998421966730917e-03 -1.422002123803190040e-03 4.170575221223624097e-04 -3.418581175879167855e-04 -2.086633690321885602e-04 -4.438259859439873823e-04 5.672373579988588058e-04 -5.556710559724942038e-04 -1.191085154240042977e-03 -1.514281757540050137e-03 9.525841472554154885e-05 5.727325025519370812e-04 6.621026133590235353e-04 -4.060032765050575069e-04 -4.897111964225607126e-04 1.605748755782665125e-03 -1.316173618145367972e-04 1.051021439894435621e-03 -8.923636798045482326e-04 -5.736601318746799381e-04 1.848973288153253061e-03 -9.788902533442607728e-04 -1.983006320465793490e-04 1.024600242263266599e-03 2.491653270692306167e-04 -6.761922530304526763e-05 -1.764233504426717227e-03 1.190534059371666040e-03 -6.894562999654826494e-04 -7.898234950907463301e-04 -1.642926839031036987e-03 1.723355870191030273e-04 8.466084365240221120e-04 -5.247141740233907678e-04 7.141278433794734652e-05 5.848510011573340500e-04 -3.015673934466363087e-04 3.844153138173295832e-04 -4.066846627080627271e-04 -7.908581490604908617e-05 5.424865578867371424e-04 -4.514774158381130629e-04 -1.567852050497648385e-03 7.624233826145793711e-04 -6.507958863568618409e-04 -1.194589373179966987e-03 -7.718425680272047139e-04 -1.713707506836962288e-04 7.109343655171786788e-04 3.320295375330517768e-04 -4.688323361691890297e-04 1.810841077771270643e-03 6.385305561188410819e-04 -4.916905587668987819e-06 -1.352154943032215411e-03 -1.107096701598224734e-03 2.587976966885226367e-04 -1.106315889789528375e-03 1.069278295205094423e-03 -8.045363375965700666e-04 -2.868230892227536578e-04 2.803236777323839593e-04 -5.468723325872536407e-04 -9.483020319080874344e-04 -3.393736137609031219e-04 -6.014649405041824683e-04 7.836065331096000967e-06 -1.036686777132313025e-04 -2.003047625633223953e-05 -7.549909168864006592e-04 3.848942346163087397e-04 5.674470172976918197e-04 -3.454572715599566737e-04 3.653598526752629668e-04 -3.542831382773881793e-04 -6.468705133761888822e-05 5.691162687185781412e-04 1.694863161940950678e-03 1.437799975135629817e-03 -1.693374389826375918e-03 1.071133908585354711e-05 2.412668227388870457e-05 1.736476102534590662e-03 1.975192282990821495e-03 -8.002850941652172624e-04
-3.602003897554253986e-02 -2.828498847245560638e-02 -2.712989188797610904e-02 -4.005186091256948168e-03 9.376609749978224648e-03 1.826577625146494485e-03 2.690524410081269416e-03 4.931679218344522594e-03 -8.188659164742050122e-04 2.818268204407178758e-03 1.495574702519656980e-03 -3.633622189050654885e-03 -1.813762029474030434e-03 -2.623508290038606503e-03 -1.337012801220955087e-04 6.997827107471072490e-04 -1.175486575657451937e-03 -2.009926885527795609e-03 -8.585557987056657283e-04 -7.329070031683250670e-04 -1.312518124122687970e-03 -4.062628523171914956e-04 5.900525073770079018e-04 -1.563921048891711661e-03 -1.025215515643187114e-03 1.592952636772843511e-04 9.929797471836781641e-04 4.595766238126911788e-04 -3.751465003931563026e-04 -2.527248612437960756e-04 -4.459464832107324023e-04 1.033395187236135906e-04 1.133514920720770638e-03 -7.039724451178983522e-04 -4.347999616882767377e-04 1.146202314167473342e-04 8.079515566465946799e-05 -7.365878169532353399e-04 8.203238738898203973e-04 -5.239492315516517751e-04 -5.646475457979719661e-04 -1.234357420425405373e-03 7.518153543978064546e-05 2.729842969572580396e-05 6.052028612703779301e-04 -2.369251297869713981e-04 -3.176268303006281085e-04 4.024003038966958087e-04 -7.720374221308104988e-04 3.999022450232935324e-04 5.966828389357992654e-04 -3.710260902747702927e-04 -3.439748656471060631e-04 -7.327506963857652452e-04 -5.340431143789350302e-04 7.609166781624330470e-04 -3.824193637583748746e-04 -1.612858697699647351e-04 -9.076144109281605865e-04 -9.742884932097543079e-04 -8.528109849418091717e-04 1.609778650285387898e-04 -2.317185796062266000e-04 5.955274986218693717e-04 6.943245219265861126e-04 -1.011839954289960259e-03 5.437634551912191947e-04 -3.985781981124165318e-05 -3.828693436195001868e-04 1.600884930042122318e-05 -3.553895833127799228e-04 -1.105509084124297334e-03 -8.587843405148410649e-04 2.579989117540920445e-04 1.556202838686913882e-04 5.865847135996000040e-04 5.030286366111231741e-04 -2.355492504823107462e-04 -4.408987500638348331e-04 -1.051761865379162957e-04 1.298770520971347694e-04 1.057472315431723332e-04 -8.091741234352670684e-04 -8.058418047743460795e-04 5.033095491115320303e-04 1.893346423391241949e-03 5.601562831526779351e-05 6.364468528776295615e-04 -1.008011583114417004e-04 -3.616942609588189223e-04 -8.642465350193182828e-04 -1.655288175394271249e-04 3.398643203920960975e-04 9.082150627404319675e-04 4.440730689423156847e-04 -3.687176574125036808e-04 -1.373590506415039948e-04 -2.393816593130674702e-05 -8.409770166688542532e-04 -1.337558188656517034e-03
-6.450343469764163729e-02 -2.031872809064854193e-02 -1.617971514756470774e-02 -1.015820825706014244e-02 7.339167353223471045e-04 -4.803112587548161172e-03 5.496408036177061716e-03 3.172081775428894912e-03 -2.349958301094523907e-04 4.479706728786437089e-04 3.210872384830538561e-03 -1.689507282149197267e-03 1.938536139233242158e-03 -2.054856215209258704e-03 6.355138488552046451e-04 8.677825829666082486e-04 1.333672811755176038e-03 -2.259149728153921446e-04 1.713861775309758568e-04 -1.289744042146640781e-03 -1.260978633036536440e-03 2.486432790754806586e-04 8.382546488126189476e-04 -4.966182522207250941e-04 8.472664312674983321e-04 6.868942806435522207e-05 1.882446163216918518e-04 2.566794881677573570e-04 8.841255646081657045e-04 6.669974001829447356e-04 3.986899977816171260e-05 8.388699350605087392e-04 -5.650703098011894583e-04 -3.936379342031625945e-04 -1.500521477762246534e-03 1.154710612902609288e-03 1.432412728363939867e-05 9.797223086413656482e-04 1.655391458023251577e-04 -1.264643362826849268e-03 -4.699557985909856399e-04 3.233719941699192107e-06 -5.728984806090816825e-04 1.848104145844112764e-04 3.212985434548020739e-04 -6.097899691803225974e-04 1.560221702618985382e-04 -3.480604053396969453e-04 7.876524379998877832e-04 -2.376339278040644860e-04 7.371821944558197364e-05 5.360088946252478332e-04 -2.472181505293119465e-04 1.157261810256797940e-04 4.596932462407149977e-04 1.673107606929597358e-04 5.201373557510806638e-04 -6.816666770536638272e-04 -1.682871017659271027e-04 -2.999386963470051506e-04 2.170300986882340449e-04 -2.184248639330496058e-04 -1.558048272082286742e-04 -4.830556724941737130e-04 5.484169324690524143e-04 1.058205441727892975e-03 -6.530979446314693444e-04 -4.220573718079143597e-04 6.958550667301660955e-04 1.958143229606972065e-05 1.642553353895642981e-04 1.608616654738575418e-03 4.340547706357678206e-05 -1.414802255310177240e-04 -6.005415355215320216e-05 2.141894419726436422e-04 -7.306423678154677420e-04 -1.346049399691785840e-04 7.464224597195286972e-05 -2.787703714224831178e-04 -1.581964248008465253e-05 -5.627685471251304148e-04 -2.610582637432550934e-04 -2.569237753999180948e-04 -6.236824042245038818e-04 -7.306500753777436579e-04 1.763334972027902586e-04 -3.955683272988784883e-04 -4.509181521420724541e-04 -3.539739158963495875e-05 -3.058629113195347618e-04 -2.459653396482842772e-04 1.424643831980703312e-04 7.151427987117613258e-04 -7.228242691404599763e-04 2.701114383711883784e-04 1.352568386545779878e-04 5.749702094547338906e-04 8.463440123237780249e-04 -2.241652624319322704e-04
-7.964207027704008068e-02 -2.257481222470897678e-02 -1.233686003097218820e-02 -1.249443067617132981e-02 -6.141801350501292604e-03 -4.269483286187996177e-03 -1.950482152635912283e-03 4.678393016384845178e-03 1.137654189736456460e-03 -3.387937631441726750e-03 3.141272966558512989e-03 2.991727683482964468e-04 1.370889018507554782e-04 1.120947904395726020e-03 1.263141637520537189e-03 5.657999289812283908e-04 1.564733176090739872e-03 2.544242191186867497e-03 5.974392089438179329e-04 -4.269906867005015595e-04 -7.365469094196526803e-04 -7.048674834621220875e-04 4.429063380557172807e-04 9.279090017005276131e-04 7.994617110194980614e-04 3.485207334044338671e-04 -1.228147790473167625e-04 -2.070006205167152576e-04 -2.150044885325683251e-04 6.842212970605033055e-04 1.526257905913699572e-03 6.214772251180661691e-04 -6.497380316165976511e-04 -1.360815969435793117e-04 3.425730651364375184e-04 6.099397371986764417e-04 1.886377131959174336e-04 9.859563252657009471e-04 -1.806117703427459280e-04 -3.088525768999939524e-04 -3.342798052856414898e-04 2.195821290270440261e-04 -1.771817549104546738e-04 2.764927090312159367e-04 1.042824040853761918e-04 2.087175341607259602e-04 2.785553928989114225e-04 -3.199477138438289962e-04 -1.753686527284201884e-04 8.891163079205642258e-05 7.677244189573367156e-04 5.467695049912415410e-04 -4.171093038566162808e-04 -1.199299539444813232e-05 -9.112146633102080639e-05 -2.033762327264617851e-04 4.818233288809174383e-04 -1.554685630608417630e-04 -1.482716446844004044e-04 2.101236363528787509e-04 8.256063248339095498e-04 1.350247630385735965e-04 -2.192790069650310222e-04 -1.343664524183597138e-04 -3.300881051229872750e-04 4.648233430906086082e-04 -1.546049542416687544e-04 -1.029353770964064178e-04 2.945827357361530921e-04 -2.357110102421927482e-04 -9.409305611473625229e-05 4.884088535914145280e-04 -2.213182373609766558e-04 -5.344133919506757670e-04 -2.408229628167640935e-05 -2.856604923895869749e-04 -7.117696289515577273e-04 -5.701519876894202920e-05 -1.270234741945517687e-04 6.849517158948397387e-06 -3.685546155181046338e-04 6.639779700860784723e-04 -2.877445877535674294e-04 5.836706580307281636e-06 -2.022517347915667835e-04 -3.306983779147831370e-05 2.800847679095972895e-04 -2.083879246142449049e-04 2.783128181070733116e-04 -2.529688487921559806e-04 -2.967906472299215769e-04 -4.441189805302825572e-05 7.769637738281473202e-05 4.618210771195199803e-04 -5.726783468161168083e-04 -5.271057306163807861e-06 -9.437228433536045639e-05 -8.777912891647795765e-05 6.929785513399148219e-04 -6.099452801169316868e-04
-7.087007726779932792e-02 -3.313117548147258284e-02 -1.474566747936597970e-02 -8.013785135792058853e-03 -2.628670213682892613e-03 3.580381888210219994e-04 -5.606019717534434926e-03 8.590519452985487248e-03 1.028589382767296104e-04 -2.861051614992122637e-03 3.161388977195775038e-03 -1.388482961761266295e-04 -1.724783346124906863e-03 5.146109370945020200e-04 1.107784354469711074e-03 3.728638844799864551e-04 -2.778680069387321578e-04 3.120484297766865610e-03 1.532129483532485882e-03 3.559610727949666853e-04 -4.636034672553286532e-04 -9.224522331042401581e-04 -2.813489087972244362e-04 7.397868070759283134e-04 8.864573766427649368e-04 1.557257451214692605e-03 -3.408393579395517579e-05 1.444290985333251986e-04 -3.698818392525753855e-04 3.962460943209943748e-04 1.391144407847106322e-03 4.410898632531378414e-04 -1.158600192989563864e-03 -6.237776347226589276e-05 1.198699104611447228e-03 -1.782153086176743717e-04 -9.623997455861827853e-05 3.798937638938181720e-04 -2.810066460219170993e-04 3.186860563594006443e-04 9.125884157304015043e-05 6.853944397674301310e-04 4.618758856656263330e-04 -3.728137788797562200e-05 4.326249151480934921e-05 -5.756108335301543489e-05 2.741712865388219950e-04 -1.500220564503096854e-04 -7.003154775478394540e-04 -2.351287293284172420e-04 -3.552872216008570510e-04 6.021643706166449886e-04 -6.980000794291041886e-04 1.552990192862756388e-04 2.366791517889100290e-04 3.044217868043616040e-04 -1.817185516699068701e-04 8.836901710852304191e-04 5.002036427363708076e-04 -7.427638746629614062e-05 6.452215795583308728e-04 -2.760159332419704161e-04 4.322787499306361827e-05 -3.373040527380759181e-04 -7.252276031555714413e-04 -1.633814676530229821e-04 -6.556600411906186284e-06 -2.067230220552668664e-04 -1.614401641183808313e-04 4.095248442433639430e-04 4.347767808699231517e-05 -2.309892439648152487e-04 1.278202470169465628e-03 -4.247155607142477532e-04 -4.876244835245782650e-04 3.824120918448777425e-05 5.154954911410690411e-04 1.515390390420926793e-04 -7.547583602740800591e-05 2.827720226235499340e-04 7.662619145745687074e-05 2.003801609415128862e-04 1.021309752357898017e-05 4.984042359855797447e-04 5.076708897686890622e-04 1.272229160708856480e-04 -2.618379974335471134e-04 -8.898210781403390111e-05 -1.327055775954997466e-04 3.190536704647741091e-04 2.350673366123817308e-04 1.412024590307967389e-04 -2.926881647849663664e-04 1.914558302594863406e-04 1.738018311065053653e-05 1.735998288239398756e-04 -5.126198110733556869e-04 -2.203687699960973207e-04 -2.041569120943274624e-04 -4.128969353930928422e-04
-4.593895444305150233e-02 -1.898916040343305578e-02 -3.083550730963978068e-02 1.758142548810104648e-03 1.002629463645309145e-02 4.411658147954871170e-03 -3.344962512904944146e-03 9.559741903783169903e-03 1.959837509892920285e-03 1.518315535944502869e-03 3.447351201594205713e-03 -4.418978022922150778e-03 -2.782681991037968226e-03 -2.926399280657921483e-03 7.977384106784855605e-04 7.671739637671806536e-04 8.739862747465247834e-04 -2.497325519344068510e-03 -1.203310643753339668e-03 1.127131838844349417e-03 4.016981235549066235e-04 -1.447969578360385748e-03 1.118873736906825754e-03 -1.005779111316572327e-03 1.613189401840610816e-03 -1.657829228297139426e-03 1.045310809669043432e-04 -5.597566119132372153e-04 -7.592184823500360870e-04 -3.082924619032544099e-04 -2.268853963155905221e-03 -1.534259814381421514e-03 2.879413200832775369e-04 7.880857320139115097e-04 7.024658374608957600e-04 -1.921910780035965055e-03 1.485648568577829570e-03 -1.496232850175360785e-03 -5.924799162532916260e-05 4.758716823861993566e-04 2.316662260563084658e-04 1.699811580815944025e-03 3.130458245691247131e-05 -9.412828489249772622e-05 7.087382583205070101e-04 2.445309873096513167e-03 -7.689398031594010243e-05 5.087167861609450314e-04 -9.949814411689098957e-05 6.135022369286142422e-04 -9.689848540685259623e-04 -2.258279927182851301e-04 3.292909858606353555e-04 2.948208184384735141e-04 -5.264301768762000332e-04 -8.528281720835254357e-05 -4.089711843434964121e-04 4.373614206219591811e-04 1.465651644644599039e-04 9.405999812621152617e-04 6.124514051722826553e-05 9.458668032002951062e-05 -1.932065082027630953e-04 1.357567711145172434e-04 -3.180115670457506747e-04 -1.664733073381808280e-04 3.979272247363984432e-06 3.580808895560894209e-04 -4.025442270611160169e-04 -6.561537564239757880e-04 3.707954169226409863e-04 -2.881577963263184570e-04 2.675061373837704670e-04 -5.551154902167429721e-04 1.917560148082082740e-04 -3.286409657245746471e-05 -3.361099925821544525e-04 3.179360807109340840e-05 2.836028717275380136e-04 -7.827684140536430809e-05 4.176182395351425063e-04 7.891221533095957698e-04 -3.554755409887837259e-04 4.801914372577095161e-04 -2.424561056106816015e-04 -3.443060636256791134e-04 7.926587297184544030e-05 -3.945329193479152970e-04 -4.199014712114275199e-05 -4.854288837134223059e-04 1.576625042427206398e-04 -8.697745535594408233e-04 1.675638533916019542e-04 -9.286888528694274482e-05 3.508326555040110206e-04 -3.738562088795580659e-04 4.178640150018833035e-04 4.653723635483993136e-04 2.792847343449231180e-04 -1.172081701648871249e-04
-7.941826485706378336e-02 -3.356895794549877993e-02 -4.712886255320614809e-03 3.665573434233624847e-03 -1.585084118654803143e-02 6.912934190122078590e-03 -9.026345874162001320e-03 8.010067795845876235e-03 1.647954902841889660e-03 -1.471895501355106276e-03 -1.988065636125249170e-04 5.315225208224367247e-03 -3.270110520023017820e-03 -6.624039526163076619e-04 -5.077132301586761981e-05 -2.060711396007540355e-03 -2.540212659164792111e-04 1.782571172092445701e-03 1.908257823225782256e-03 1.593504357748798611e-03 1.715693741043210641e-03 9.408115554638902178e-04 -1.651607953261118077e-03 1.359022153757367610e-03 -8.801226913973026920e-04 9.803698863042611348e-04 -1.359980807021359678e-03 9.263239975712900059e-05 2.862309654829181169e-04 -1.079073479713522432e-03 -9.248761011591297241e-04 -3.449774320945133278e-04 3.265219938045438937e-04 1.525185815756187726e-03 -6.177102183237879150e-04 -1.116944885455674850e-03 -1.184674841167783656e-04 -5.283590290092495933e-04 6.030411115707498331e-05 -1.575152188556429712e-04 1.733730788023559523e-05 -2.349927024381712171e-04 4.031700338754247811e-05 4.122771857119273461e-04 2.286421440891470104e-04 3.741428823856057144e-04 -3.172999387483778052e-04 4.580649853107190256e-04 6.431414390539734764e-04 9.022195954157232389e-04 -7.839979726876131075e-04 -8.544691639966301669e-05 4.051648062726296060e-05 -1.146316179168690823e-03 -1.567730174436368109e-04 -1.375765004389361526e-04 -7.021102234870274256e-04 -6.515544034669357946e-04 -5.011646854642192546e-04 -1.221746703534656647e-03 -1.499584257084932972e-03 3.953602263634160580e-04 1.776376530640172457e-04 1.950754827079996686e-04 8.372831617596724696e-04 -1.670700253390136950e-04 -5.598661470938069996e-06 1.822040812092267270e-04 2.148314494644201539e-04 -6.557091347969517647e-05 -3.609974784605955245e-04 -4.873230837453313715e-04 -8.505091111393147090e-04 5.216463816153687127e-04 -7.422375606870571419e-05 3.395346525932937270e-05 -8.769464348162013848e-05 1.227855041412871315e-04 1.223759012497424581e-04 1.242594762478168625e-04 -4.132229325210453360e-04 -3.860072085294400323e-04 4.542989258578265018e-04 -2.325090145813130918e-05 -6.492782271866688777e-04 -4.266327947963152734e-04 -1.684594771844792757e-04 -4.311186060952549696e-06 -1.300332859362480608e-04 1.315772029026155711e-04 -7.457128850318536457e-06 3.863710131997096539e-04 2.363942419409717738e-04 -2.389877909113605680e-04 -5.305768051889111483e-04 1.052934629734974804e-04 1.173607331267057744e-04 1.609459313609182772e-04 -2.479504958550362670e-04 5.360393088224673632e-04
-7.425260381289862377e-02 -3.235986018415822063e-02 -1.169036091487028924e-02 6.165973152086431279e-04 -1.086147630063830256e-02 4.710696515987022534e-03 -7.598588869903987256e-03 8.796623573611604338e-03 1.899761041817359282e-03 -1.929772874987139989e-03 1.044197297563430674e-03 2.627298342562462471e-03 -3.042737467096242980e-03 -9.934429230121551851e-04 3.983462030037623436e-04 -9.956988387305500121e-04 5.931830953092234607e-04 1.732261649952718079e-03 7.244668942971476192e-04 3.896534606088323301e-04 1.181647159251549527e-03 4.926571560543882122e-05 -7.549578114475296144e-04 1.025943947806002383e-03 1.703795950271096865e-04 1.259824142493063456e-03 -9.883504527613061301e-04 -2.072213330793982032e-05 3.460384926485788964e-04 -3.476864187449457732e-04 -8.220871850930398447e-04 7.548436145132982891e-05 -2.682476374189059827e-05 1.502776381804890593e-03 -3.522224091726545970e-04 -1.219166789647673464e-03 -3.263046419661628714e-04 -1.715560978089667588e-05 -9.327041701886120838e-05 7.340828749431242684e-05 -4.475956975751965131e-04 3.073842898395202331e-04 -3.900085173873647868e-04 5.919477401331961616e-04 -3.594312842221980314e-04 4.910796495759463687e-04 -3.069022880755591857e-04 1.265689875057688057e-04 7.381672551107637266e-05 6.277072765289388795e-04 -6.896617971173858198e-04 3.097806113360006535e-04 -2.153161521046059929e-04 -6.517144637644499807e-04 -1.121523458139491922e-04 -8.776821762059079210e-06 -3.385182948877967445e-04 6.319194626266499797e-05 -2.538846019708462277e-04 -1.069072974686074160e-03 -7.518771360124893279e-04 2.703366949266229006e-04 1.514535444143206872e-04 -1.510443767231068918e-04 2.294271107310511296e-04 -1.207559836609760828e-04 6.758813085784715882e-05 -4.302477477020934661e-05 -1.586546718184432320e-04 1.463356043333303004e-04 -4.043527191790814886e-04 -3.592633103310052703e-04 -9.397413763741225559e-05 4.576279984574784811e-04 -1.675874180376497099e-04 -1.225971355338035325e-04 1.374467549477204390e-04 3.109397404414656675e-04 -7.661691183846463811e-05 2.595113276603829597e-04 -9.797205367010541823e-06 -2.120419187216791076e-04 3.253145778377421692e-04 -1.195846792276323962e-05 -1.710966435160841731e-04 2.904879273959822935e-05 -3.579799503229304518e-04 7.883663925742599450e-05 -2.983091861887924852e-04 1.545131446775112392e-04 1.134122544097432360e-04 7.626907797816812875e-04 5.077608770818099212e-05 -1.422998982231734938e-04 -5.155864366666881122e-04 1.538775452103052245e-04 -9.273552203262222060e-05 7.309505469626539746e-05 -2.219397338048120164e-04 -1.968361214782215086e-04
-2.478248877963973307e-02 -1.598930259357795106e-02 -2.036847536279556142e-02 -6.045880739053266506e-03 1.792678735872129878e-02 7.024268428256568407e-03 -3.285631236782009593e-03 1.910113828992380993e-03 3.175069501212108691e-03 -7.872084600466199011e-04 -3.854231555906809797e-03 -3.451225429773574407e-03 -4.892680037261150708e-04 1.531211986706194602e-03 4.519424080198437051e-04 2.009484102363965144e-03 -2.783596452436845094e-03 -4.228526164624483996e-04 -1.486112792986491295e-03 -3.094834449680009675e-04 -2.693731715171080766e-03 3.514438875841690885e-04 -1.285100614246162863e-05 6.931287463664050899e-04 -5.441680462601472410e-05 6.746965167148302311e-04 2.204535662009467732e-03 -7.379911683197225422e-04 -5.176159346871914927e-04 -1.074381825842271425e-03 1.675337972992830670e-03 -1.668785110977891693e-03 1.611656359955695290e-04 9.728553911568770798e-04 3.771691126333661824e-04 4.685695969338808035e-04 -1.523804962890247701e-03 -8.970512495599637865e-04 6.558138886204636616e-04 2.573219406091005620e-04 -1.806792617663738722e-04 -1.095278179340770226e-05 6.911271773474320264e-04 -1.196375791779745673e-03 -1.914039940010024221e-03 2.222035163583553196e-03 1.837933238374229626e-04 1.798913246899774354e-03 -1.090250430434407808e-03 -1.931259444619666608e-04 2.551247881867183421e-03 6.355232226425822474e-04 -1.758611041920074601e-03 7.412140241614097657e-04 -1.139014782727452529e-04 1.906187993101909461e-03 1.552443255502392603e-03 -8.358352517317006389e-04 6.805575042114398896e-04 -7.118344343828984138e-04 -1.254706753159368603e-03 -1.861199429321040320e-04 -2.168452147414911407e-03 6.177155455107614717e-04 2.842445314195462917e-03 -5.832473996486774002e-05 9.845642972391307167e-04 5.027261188678286636e-04 5.818101026428477681e-04 8.676047966693653068e-05 4.757786276809136444e-04 1.406358742454959405e-03 1.469044567885828502e-03 9.493597988783534049e-05 -1.510597168509708382e-03 2.500355726568468696e-04 3.077913435464967192e-04 -1.566669296184334788e-03 8.677749293696489230e-04 5.779511444594194122e-04 -2.004654067069245368e-03 -4.885490746197139461e-05 2.248612764988512733e-03 1.583462386216181539e-03 1.519709767911476379e-04 -2.939978872891332775e-04 3.769676081213374367e-04 2.799162939969672211e-05 -4.604445102734443327e-04 -1.839230350168637651e-04 3.585379018878848221e-04 1.813077486850005963e-04 4.272633805316331597e-04 -5.613180251176738862e-04 1.680449730154542117e-04 5.953846597817432544e-05 -1.413256069684371333e-04 -1.103981455131441188e-03 -4.997276261989530913e-04 1.110575135945983784e-03
-1.974446651245934103e-02 -4.220283016601583670e-02 1.695476784247550509e-02 1.968776917182735869e-02 -1.209256100458626143e-03 1.062303164862406224e-02 4.455522520340298690e-04 2.954746234243639091e-03 -4.241763970291156406e-03 4.626547353353687407e-03 -4.986381805164871207e-03 4.793907728716630064e-05 1.065596413166033105e-03 -1.578890166729548464e-03 -1.294967326610319035e-03 -3.267306892097443538e-04 -1.596188520269187878e-03 2.467200859558179530e-04 1.483281265861773708e-03 -9.040532505392242808e-04 3.223545671905059772e-03 1.319912551736327324e-03 1.475783861658392032e-03 -4.008533417663001294e-03 -1.834484280770639318e-03 -5.143844279531213995e-05 -5.732104207643956518e-04 -2.328818597106244084e-03 -1.509232291663387831e-04 -2.804391395531400971e-04 1.494252820689278855e-03 1.016036390679836898e-03 -5.599514037455743465e-04 -7.446714130573017136e-04 -2.135271925694002897e-04 -6.963313915887708611e-04 -5.274298951487852230e-04 -2.375300365183731239e-03 1.006794806159802715e-04 -7.506716939659804477e-04 3.262617494120724146e-03 7.283123915292110187e-04 1.061621825621727891e-03 2.804039031346625198e-04 -5.029622699068787752e-04 3.597448382977014411e-05 1.387689211748763165e-03 1.094193570143871599e-03 -7.956742584792799843e-04 1.285111475926298177e-03 -1.629869479277314278e-04 -9.679513941919293046e-04 -1.126503722194269067e-03 -1.192437275216156906e-03 1.139457523746548271e-03 -8.105042686480291468e-04 -3.543711743661424819e-04 -1.762480724020949177e-03 9.343860317609420157e-04 8.274397436891827362e-04 2.599350939923874789e-04 8.304695742432132224e-04 -1.034051243379237089e-04 1.005410082743750204e-03 -1.970233394050741743e-03 5.787362951815215291e-04 -3.544878117452376063e-04 -8.579481997644839049e-04 2.890672429304472451e-04 1.771304595955801222e-03 1.026767166380343873e-04 2.521426946745857715e-03 9.487307730123146728e-05 -1.483286863512401450e-03 8.619332534694029669e-04 -7.164550033862321149e-04 -8.429966100102236938e-04 -9.155306039516079202e-04 2.016726768085588394e-04 4.590695824129344951e-04 -9.010679591965776048e-04 1.663225318256144909e-03 -9.439771602693604238e-04 -2.222374841588543046e-04 1.528922752566225533e-03 -5.093443820642077529e-04 -1.293006883186079365e-03 -4.526911750503332982e-04 1.249805917074529480e-03 -3.045465650192631418e-04 -6.486738570934313854e-04 1.189326188706550701e-03 -2.007679147465952813e-04 4.825806556606994304e-04 -9.096009735770282326e-04 -5.852867262172665183e-04 3.578628964917864426e-05 -3.335528695637120862e-04 -7.670368642786256838e-04 -6.217145462365671451e-04
2.447458863085577238e-02 -3.039145470591720841e-02 -2.682253048247755164e-02 1.254139102414816159e-02 6.103816644654599423e-03 1.373342180848630308e-02 -6.594805225289223499e-03 -1.295523326824914384e-03 -1.775195034712119058e-03 6.237482907689263843e-05 5.353937946118322269e-05 -3.476689857449633252e-03 -1.900981348567367399e-03 4.309801757999856715e-03 -2.366870204550155111e-03 -1.739454395966257699e-03 -3.405860781899183991e-03 1.891087041622511056e-03 -4.076742613708371835e-03 -6.267596644213247695e-05 -1.632582164230103302e-03 4.226763669092231841e-03 5.863621074571783495e-04 -2.433796777892540319e-04 7.271872451431079772e-04 -4.965067234547819409e-04 -1.304038901848487151e-03 -2.802273878794899354e-03 1.255182600141473061e-03 2.299696471459571415e-03 -1.490737291235605952e-03 1.427683190611907455e-03 2.693538063457787297e-04 2.399281087889470511e-03 3.232951543259466459e-03 -1.048623260546513129e-05 -1.122208229593363825e-03 -2.741913324689025568e-03 1.391320452245433954e-03 3.287852837714888305e-03 -1.427883209590901942e-03 -2.773350481375048710e-03 -4.396275819818904113e-04 3.053541443374468110e-04 -6.326400605715505566e-04 -2.937050168498693374e-03 -9.726073545332797213e-05 -2.765030528454696154e-03 1.455587972046974102e-03 -1.170227315446052989e-03 -2.365447253476578228e-04 9.342177685532116220e-04 -2.443994286838477997e-03 5.715942316585763579e-04 -1.425624433348308636e-04 -2.138322717053073774e-04 -2.479424416729379341e-03 -1.068709145144718662e-03 -4.422240871501744060e-04 4.040734521510713773e-04 1.934887282167183651e-03 -1.445982063055400264e-03 -2.298311706871460601e-03 -8.611238033759201389e-04 7.767578270234696625e-04 -2.894843412359075880e-05 -9.341187511686506679e-04 -6.063256882427547857e-04 -2.036300412365237716e-04 -1.033590787557792665e-03 -1.334032075640825387e-03 4.929499214996575177e-04 -1.516311521605002732e-05 3.566809307714717309e-04 2.415685085584482578e-04 -2.100381055469230731e-04 7.437093534248501810e-05 4.073689101329342073e-04 1.764720793310215971e-04 -8.267120869696524901e-05 4.960589423627494252e-04 1.512252515688657041e-04 -3.334047473185501229e-04 2.347754767875501701e-04 4.066202041474091078e-04 -4.840527359397156417e-04 -6.015791695889248069e-04 -7.200672575867731080e-04 1.105321539850090884e-04 4.767154810299930787e-04 -3.351842182526685774e-04 -6.676500763252616417e-04 -3.769946247418181902e-04 -2.000885833752496774e-04 -6.362414120484756442e-05 -6.017080894879691787e-04 1.672953596617501198e-04 1.809966776982919611e-04 1.259772004054024138e-04 1.603278258251343894e-04
-7.232730970365637557e-02 -3.539580837679026648e-02 -1.577182839263200839e-02 1.670438490866492419e-03 -1.032989066113268982e-02 3.875696061686840620e-03 -6.070069896762435128e-03 1.036557659309791588e-02 9.325994458544339862e-04 -7.487021487884347676e-04 2.491797716561999863e-03 3.262592939721398275e-03 -2.409283191887893506e-03 -1.407994866349150274e-03 -2.274534445699897547e-04 -1.911471164020116806e-03 1.822504535506228247e-04 2.788719951933617269e-03 1.580641445617170585e-03 8.134586235511013542e-04 3.854661030555018344e-05 7.530330823535807266e-04 -1.274281803817422717e-03 1.546211353687263965e-03 3.490650824519549514e-04 1.754689140436211303e-03 -1.056431118700660232e-03 3.202494306803478738e-05 -1.537935072108844543e-04 -1.387828248888091656e-05 -1.839062111787330401e-04 5.607036193432696648e-04 1.285035914184457103e-04 1.157122481121655765e-03 7.662753936412906701e-05 -6.097239205972788045e-04 1.367266697977478288e-04 7.165172052774621404e-05 -1.777396756738446743e-04 2.358069111835724672e-04 -6.623921273871193364e-04 9.419187209806643068e-05 -2.380472289254051280e-04 5.396081605927551461e-04 9.363209961490408934e-04 -5.269671587366636600e-06 8.967574642572180749e-07 2.215719325573030504e-04 4.031674995728691947e-04 6.922889625615995420e-04 -9.070890665459936794e-04 2.986332065173584157e-04 -7.256164787840488112e-05 -5.858679013419882493e-04 -3.937660868573436210e-04 8.847495158613041626e-05 -5.589078024872380993e-04 1.372699147267858564e-04 -2.476380002555090502e-04 -1.144858722625423158e-03 -5.627620898686080692e-04 7.823461304118408386e-05 1.716377508906086742e-05 -1.474512104253802673e-04 9.093374341735167713e-05 -4.170546848477174308e-05 -4.933224011140628943e-04 -6.430216466654108576e-05 2.655602350464827911e-04 -1.171611920582777781e-05 -9.706553809437386130e-05 -7.532760494209137479e-04 6.158467430514342643e-04 9.243059951472175546e-05 -5.291957060311415278e-04 4.080613490286959005e-04 5.278651988415543079e-04 4.501675805783058237e-04 -3.546162506404676440e-05 -5.035866524898273319e-05 -1.902082352843454793e-04 -2.882536980224340495e-04 7.296039866154056667e-05 -6.761940503977943067e-05 7.122327500403814271e-05 2.018308957741055641e-04 -9.370993517303741768e-05 2.140706708901297885e-04 -7.940435951712170796e-05 3.231415844438160307e-04 3.543995523210085696e-04 9.698573508361571852e-04 2.548316185254377499e-04 4.169628924121177244e-04 -2.512111964661696583e-04 3.487354374390933855e-04 -3.166270074001625032e-04 -1.653639239763908368e-04 -1.373194559310307540e-04 -4.401054106209269516e-04
-7.633369769987596865e-02 -3.742857100646627272e-02 -1.174369086110953544e-02 -5.078733330843182049e-03 -1.112705843352657445e-02 9.289902868396158423e-04 -5.856812614367455649e-03 8.551056732455540252e-03 2.593630340928300437e-04 -2.417034019614077052e-03 1.252550201420102012e-03 3.594044599997454296e-03 -3.057154773712570869e-03 -6.122475375628351826e-04 -1.061963610921182671e-04 -6.601872814066704403e-04 -2.857412601855173376e-04 3.560668104693417036e-03 1.715503356261726016e-03 1.195158204176942915e-03 2.583173314558473476e-04 7.704596799411360863e-05 -6.847839790700637440e-04 1.164886653571230732e-03 4.256284867505657956e-04 1.436365857681856087e-03 -7.472290484840470428e-04 -1.995610541498361542e-04 6.875987626756589679e-05 -2.829981815113204223e-04 1.141715634887735444e-03 1.512399585764499397e-04 1.731168486623462226e-04 7.598655197212534230e-04 6.971342461692478249e-04 -6.443342251269447429e-04 1.651894743915035310e-04 2.225074263666577620e-04 -2.173910430027991766e-04 6.668001216829858979e-04 -2.449865300840980238e-04 4.532788620364298069e-04 1.524173837443932645e-04 4.761957994404147497e-04 9.701878081109175246e-05 -3.254304406093999239e-05 -3.877058598220814965e-04 1.958170301758977089e-04 -9.352865475945981548e-05 4.317016332888315238e-04 -7.069369231227167448e-04 -1.207199887237141557e-04 1.044614919132443791e-04 -1.806159890996514577e-04 -2.804847603911577066e-04 2.652773776475435686e-04 1.011648573556637001e-04 1.978161900233293383e-04 2.078965858535970968e-05 -2.970675466038646354e-04 -6.917481770484147250e-04 -4.380426619524343591e-05 3.805056382832370046e-05 7.961996734289823220e-05 3.004391083230511053e-04 -5.011690489209467194e-05 -6.438083202672555865e-04 1.765855642831578697e-04 -6.055230202728748327e-05 -1.023707315119100982e-04 3.511081366080411634e-04 -7.887700279736293250e-04 7.590962577710949535e-04 -2.446480599174180657e-04 2.190319233103618255e-04 1.318536111977634882e-04 3.851623836848162689e-04 2.801322902123258986e-04 2.222248510289549946e-04 -6.795023486818196239e-05 -5.963800690918154724e-04 -1.271093713566463399e-04 -1.891780951938677797e-05 1.234458692324365118e-04 -2.359200307013763144e-04 -1.770772868391868281e-04 -8.653836432886552596e-04 2.567951976014987863e-04 4.098490861355394551e-04 5.666147201603173459e-04 5.206824453848254422e-04 8.399098519444687591e-04 6.493839460850269569e-04 -5.055708814185391346e-05 -6.866950388355668941e-04 -4.384779834003676719e-05 -7.951436702049571918e-06 -1.365038290170123231e-04 4.358786857222521230e-05 -2.990658982768559988e-04
-7.415167516974019435e-02 -3.198743711320949090e-02 -1.516749966197781900e-02 -6.926792296405006634e-03 -5.613339653687998872e-03 -3.650828423130908409e-03 -2.967456416936612665e-03 7.609055735382087675e-03 1.000203888075850941e-04 -1.117964914822595869e-03 3.841310225370666263e-03 1.357630353828488505e-03 -2.375342400800063182e-03 -3.244978758500232925e-04 5.929105261256262336e-04 -6.810689872634401133e-04 8.695922971118496137e-05 3.356120161243178295e-03 2.812563727960515781e-03 9.671155975521240466e-04 -5.457060906008831015e-04 6.574932378228783491e-04 -7.012188026012813142e-04 1.160405694438936897e-03 4.567000232524453130e-04 1.266257625234442361e-03 -5.723880231689232236e-05 8.281078924744985378e-05 -5.331248537450115899e-04 4.738028306880987125e-04 1.875225098891988027e-03 7.214760728766056582e-04 -5.740396594509924403e-04 -6.667346530480632071e-04 1.122105260960115257e-03 4.314397608490054764e-04 2.798020895020894442e-04 3.602213177441368074e-04 -4.549464545179399046e-04 8.157277464661975884e-04 5.436671934261233822e-04 7.210254893510928799e-04 7.423048270053305905e-04 -2.198778485718652230e-04 1.556067233391426798e-03 -3.954365484379971513e-04 5.900323369477411843e-04 1.688394191779276124e-04 -1.478064733421713812e-05 1.126701592986408917e-04 1.491212799577018209e-04 8.599087915409759329e-04 2.812111982062174046e-04 6.253858602268972050e-04 -4.369674429453913227e-04 -1.947964812625576747e-04 -7.590171881309028686e-06 1.902317601608667771e-04 3.370339543753500533e-04 5.032955413871843895e-04 6.150323524908350801e-04 -4.823037172039210964e-04 5.400737929690444493e-05 -9.037915292896922146e-05 -3.334638263704915013e-04 3.669820191488015943e-04 -4.991412956208025062e-04 1.261204534438357754e-04 7.501587507537701418e-04 -4.731546388114393916e-04 1.716385576471026202e-04 -2.588065019419810299e-05 9.917854163691126011e-04 -6.324849748908553237e-04 -8.080504603906693171e-04 3.394348026306660891e-04 1.811696975798235897e-04 -5.822993833859994368e-05 6.132870573000398333e-05 -8.780232074195152853e-04 -7.973866043276099460e-06 5.785149015760996765e-05 -7.512110034964930268e-04 3.689864277366192570e-04 5.070813580265818438e-04 -1.620206347623081157e-04 -3.606705627442695735e-05 2.723358080751496686e-04 1.203351533983196465e-04 2.987908899259289662e-05 3.951152151513269038e-04 3.391652473422183717e-04 -5.273158973151169028e-06 5.723257859867185741e-04 -4.644194292892929834e-06 4.101920897568719980e-04 -3.993506643197691471e-04 3.553005697126528436e-05 7.668737442540085212e-04 2.235658584977817868e-05
-8.466506873885758233e-02 -2.249194044455320521e-02 2.045449854925060137e-02 -8.974159779419791511e-03 -8.877179346793592774e-03 -7.301282015293415924e-03 -7.040777602657944181e-03 -3.655090209068542588e-03 -2.652769534588827766e-03 -1.557093957830284550e-03 -1.859025754231488940e-03 1.539320165905845757e-03 -1.239276465532854546e-03 3.448361608134661166e-03 -2.032810542153826519e-04 5.524205651188587992e-04 -5.538484094089763526e-04 -2.327344523447899733e-04 4.448974832082417362e-04 2.287068576011715929e-03 -1.058792240824507278e-03 -2.247709581002475376e-03 -3.453480058205810380e-04 -9.840901111486818030e-04 -3.091976537235289644e-04 -1.813246631333502749e-03 7.653661987287140034e-04 -2.439471776576093546e-04 -1.125076456666204960e-04 4.660869783371442577e-04 2.058901138977115974e-04 3.820629999224407075e-04 2.439853502049536078e-04 -1.246862051552564575e-03 1.587479692851133817e-03 6.948318728100439951e-04 8.992022594558139173e-04 -1.069477999492226064e-03 -9.315466583328607208e-05 -2.881795298902579266e-04 1.305485339082386193e-03 4.156291012763849439e-04 1.149739365274321957e-03 -1.014172936614136759e-03 -2.653187653817342382e-04 3.727414737358095880e-05 -3.286947424438483516e-04 -6.292968218259996686e-05 -1.089627038428645026e-04 -4.188566206981100457e-04 -3.105634286841335210e-04 -6.150688967630316443e-04 1.933415937182473134e-04 6.758649124539966701e-04 -5.882587763960056776e-04 1.460990418172380522e-03 -4.856513063498872195e-04 1.685772738084317067e-04 8.981142881119917978e-05 1.466860723951446865e-04 5.002990273928192974e-04 -7.439221094892137535e-04 1.200089932850322753e-04 2.549147467530169181e-04 6.261521313848924858e-04 -7.048040716329652487e-04 9.136239397258573685e-04 -1.530510379934051297e-04 2.913677523210203178e-04 7.234431769228946750e-04 6.546423590239214708e-04 -2.792231524128461172e-04 -6.993827362526679019e-04 -6.458969051721589853e-04 6.691261797252490368e-04 -3.662230087509325892e-04 -2.052746746892317295e-04 -3.497994708784752391e-04 2.137864596457971888e-04 -1.383861033929996193e-04 4.800995489094977151e-04 -8.779688756933025058e-04 -4.620663800300374045e-04 5.819537307286566912e-04 -1.637763841606663571e-04 -4.013545947637354202e-04 -1.088571792957671079e-03 2.804797305629180859e-04 -8.960300144009766387e-05 3.946187448130158504e-04 -6.282539076759664559e-04 -4.193518643599061227e-04 -4.201490788748823253e-05 -3.608737764885390476e-04 -1.663181050184398425e-04 -3.294839604170915617e-05 3.618650570371068683e-04 2.574584949160697292e-05 -4.195697967333768177e-04 -2.462643259126672955e-04
-8.503734371153123806e-02 4.843358073745246753e-03 4.090745157457390674e-02 -3.616091152444275182e-03 2.249629860227905353e-03 -6.590058031403115552e-03 -1.247416215137197616e-02 -4.421033490996502564e-03 -2.678930734873958934e-03 3.582091752118001047e-03 1.394845358137212620e-03 -2.922797343911686437e-03 -4.389771820633900888e-03 1.516579050652749677e-03 -9.876867847679021272e-04 1.564790832417249861e-03 5.522935999821711834e-04 -1.249591195125824335e-03 4.731338149045829795e-04 3.356203642098007454e-03 -4.722844601969577506e-04 -9.142988019617435611e-04 -1.605431216541176745e-03 -7.473015186350939840e-04 1.449549466060425775e-03 1.499372936260340479e-04 -2.256039711223203914e-04 1.386276583330106095e-03 3.247199625936510073e-04 4.608611922733998022e-04 6.791673147431741481e-05 8.146833454017633628e-04 3.021847176138697409e-04 5.212810767169019947e-04 -7.442244807489827052e-05 4.346477701147344352e-04 -7.397503931365201476e-04 -3.087225196771262452e-04 -6.112521133551447779e-04 -6.790005695552508600e-04 9.101017613470382495e-05 3.515488593346771228e-04 8.079704711647195219e-04 -1.271401073732066804e-03 1.678693788512818227e-04 -9.449698886016645117e-05 7.387739766770048651e-04 -5.254738235778917991e-04 -8.381985098808844353e-04 2.072474611798665967e-04 -6.101319268083502025e-04 6.378957568608632387e-04 -6.774590394797984924e-04 4.042047407239163616e-04 2.262104703524828371e-04 -9.131006728198506916e-05 2.319359905627631701e-04 9.343848809551641953e-04 7.842372778977183120e-04 -4.688996560089667641e-04 -5.062199370480006348e-04 -5.981019664544960337e-05 -2.932137022857063272e-04 -5.143077316081934953e-04 7.402801297779528261e-06 -2.175308521499760297e-04 -2.739224057301302222e-04 1.709265635544611093e-04 5.062529229416426035e-04 4.520576554615714790e-04 -3.987622410958273182e-04 7.299982241650955158e-05 -9.373335297205758268e-04 -5.838517415737383610e-05 6.666038357351936018e-04 -5.158934779015175286e-04 -5.921231001834692228e-04 -1.911731151155865449e-04 -1.183090434741103913e-05 5.781548250868791304e-04 6.816755407243872168e-04 -7.237315050392313827e-04 2.480615005495399633e-04 1.930785319084292592e-04 -2.228416239932606705e-04 -3.576051069855419422e-04 -2.436533598449571966e-04 2.966765970023708282e-04 -3.146807587302441353e-05 -5.987695967321146487e-04 -9.645647127429996057e-04 -4.231309791391589894e-04 8.694500157928447526e-05 3.677155793117086423e-04 2.476229116569204957e-04 -1.894720619364171339e-05 3.813509092987883101e-04 2.122815200601917859e-05 1.623387110534610280e-04 -3.214252092789053692e-04
8.709467870150978952e-02 -4.214925786474924690e-03 -5.771164397631162006e-03 -1.269263691772396126e-02 1.829522626146337649e-02 9.794972334791810474e-04 3.738642362965699083e-03 -4.387247696922386489e-03 -1.172866781722010530e-03 -3.631018299102565811e-03 -2.109055869490475583e-03 4.553233377536539637e-03 -3.832406112881028750e-03 1.145587206676476925e-03 -2.966876557948737794e-03 -1.624409385024095124e-03 -5.714279909536906354e-04 -2.443262902141186705e-03 5.446378643488791749e-03 -3.490512168270126000e-03 -3.649446234985413923e-04 -1.314753418600675058e-03 1.767735900563763415e-03 4.760600055962889410e-04 -7.876679872340823854e-04 2.641591297881671577e-03 6.266636151585729120e-04 2.455379702003232609e-03 -1.273152186905766089e-03 7.772789954191606371e-03 2.446381017416530100e-04 -1.777260430720015117e-03 1.169709242705390621e-03 2.222828688329788176e-03 -7.970196805184239950e-04 1.216695220176009212e-03 2.594571109557107578e-04 -2.402592648902615938e-03 8.741480370764001843e-05 8.496822777308586433e-04 -6.168392907852700974e-04 4.136904256029591033e-04 -7.699598122054073868e-04 2.905828509831006679e-04 -2.281568479127297176e-03 1.174714586772669612e-03 8.115486265305411418e-04 -1.072343197800104328e-03 3.020732660463117504e-04 -2.203045594010694195e-03 -4.357784536766206858e-05 1.119870575225474590e-04 3.149994122319112557e-04 -3.011018580804648587e-03 -2.031120654731116085e-03 -7.394804059847702579e-04 -3.593573001821437720e-04 1.345366254777142926e-03 1.428643737573362035e-03 4.060340444735933150e-04 -6.162689457487074323e-04 6.912618830225989233e-04 6.780144677901899430e-04 1.011000216924401392e-04 1.975884316801112324e-04 -2.358095768986927894e-04 3.865347835511287206e-04 -2.194560595970631320e-04 -5.719848299375533511e-04 9.719611271635264808e-04 1.354876588307291204e-03 -1.153012045165187100e-04 -1.410268531101103475e-04 4.620095652332946185e-04 -1.366502212984929731e-03 1.144801108761614276e-03 -2.251272055230366196e-03 -1.763816123030281628e-04 -7.299142976548573776e-04 -4.861413054853433403e-04 2.894844540773543391e-04 4.396760084079056751e-04 -4.863061909996445830e-04 -1.422742666612885774e-04 1.527941088800742285e-05 -1.663203464028058199e-04 -5.020269596342592441e-04 -5.903310836646299487e-04 2.620399295710138486e-04 9.339355159516975939e-04 -2.761544652289615008e-04 3.030377155852854499e-04 4.695742166144967632e-06 5.710348347561059216e-04 1.353237225727788647e-04 -3.424069519346821912e-04 2.684921813193993857e-04 1.643545381131620404e-04 2.158192222743571655e-04 3.897581852442274326e-04
9.067160175734998925e-03 1.664498746400788418e-02 -1.994703288099146724e-02 -1.255453117649239607e-02 1.374947613186197799e-02 1.637647787823090853e-02 4.519034837222949720e-03 -4.057300648230448281e-03 4.364110730454646351e-04 -8.843608006164330095e-05 -3.760690628370874557e-03 2.579017412733396360e-03 4.971964071882107629e-04 -2.828487063344244969e-03 -1.326713927888495837e-03 -4.506999182691145988e-04 -9.171789344499892225e-04 4.550623821435436441e-04 2.287507910692293967e-03 3.741042226301356539e-03 -6.860077062546362419e-04 -1.227696799612726201e-04 2.413741092035733861e-04 1.466593368748283187e-03 1.988568711700995899e-03 -2.153802214047311359e-03 -1.151073265031043406e-03 1.735017977146233875e-03 1.167175939971531714e-03 1.845144006178129573e-03 -2.685106433275922556e-03 2.447488055068484762e-03 7.294628526340921851e-04 -1.149201283182442208e-03 -5.079975207933726689e-04 4.254009817041131151e-04 -1.179075906824973534e-03 -3.491124186551421301e-04 1.164337995614071292e-04 -5.310871844992693432e-04 -2.205650595490105115e-04 3.790078077721514664e-03 -1.716234540792030102e-04 -2.823843103442526162e-06 -8.921692220646678176e-04 -1.175022935057463275e-03 -8.649689599296250223e-05 9.873622947754424287e-04 2.399794270951799153e-04 -5.984750400750302136e-04 -2.180950569523240872e-04 1.974598867731590726e-03 1.486923910836657691e-04 3.761370632577725219e-04 1.395362649313628507e-03 2.172140135907583720e-03 -6.003764539114460948e-04 -7.330634606062895985e-04 -1.853077535293590336e-03 -7.438323161540606569e-04 1.122641927100465802e-03 6.401661467423175799e-04 8.633537364769735623e-04 -2.734437188767710491e-04 -1.626974678433087485e-03 3.985781629133074997e-06 9.170094919372063450e-04 6.329800082552927889e-06 -1.640322369131683546e-04 -7.718175910672352494e-04 -6.863018223159596297e-04 5.874090898709765458e-04 1.548307237661314796e-04 4.988276850703464525e-04 -1.075656486492778492e-04 -7.759877887117213767e-04 6.243387145714123475e-04 6.920308157577828839e-04 3.781847140948310063e-04 -5.222127645978974541e-04 -1.136214082768171631e-03 8.550977500278125103e-04 -1.745902655282083283e-04 1.685597182265477988e-04 -8.932040544467255113e-05 -7.170785271493049012e-04 -3.382233354292211866e-05 -2.062936361324555206e-04 1.330546492253231392e-03 8.553629663831119074e-04 6.885071277520272591e-04 4.260369240452675744e-04 1.581826061979326337e-03 4.401000339114217845e-05 8.899822164464592711e-04 8.307284080433562437e-04 -2.312989246916684848e-04 3.900534076902439375e-04 6.310729068824876085e-04 1.776658669408291355e-03
9.882111985258920650e-02 -6.488007076837165599e-03 -2.382407902338248146e-02 -8.216916811057175737e-03 1.413028463668883697e-02 8.071657844748310676e-03 -1.143798514542812344e-03 -6.239305996970872722e-03 -3.976777675982196350e-03 -1.663821037132058502e-03 -1.028894105625556701e-04 4.495927239656939516e-03 -3.955956708911488595e-03 2.077495034239630611e-03 -4.008893381900713662e-03 6.257367926980697288e-04 8.420549609453651220e-04 -2.037180660270369609e-03 3.394601983152126246e-03 -1.521150811322046631e-04 -2.137512039764458485e-04 6.050874850772798054e-04 2.093155689041105178e-03 1.145563461369041762e-03 -1.250480636351014845e-03 1.694562684324190565e-03 1.076353921407447898e-03 1.234085436528714217e-03 -1.659234058990988409e-03 3.830449823458556644e-03 2.447414397855403215e-04 -7.865514812422643798e-04 -4.905102955822236190e-04 -1.979233677849489485e-04 -6.006033910047325750e-05 4.697108978021102442e-04 5.492860514812498854e-04 -2.428174274119998251e-04 1.922006379003656342e-03 -5.545838367366497882e-04 8.200246413353338331e-04 -5.924432837676999906e-04 -1.970451478348764478e-03 6.706124645242199887e-04 -5.489340737984364912e-04 9.264531058046389638e-04 3.648405134581829369e-04 8.087188666855958403e-04 -9.863186563481376491e-04 -3.510086991737947993e-04 -1.579430635568850961e-03 -6.872628004154640591e-04 1.169057646558634362e-03 7.517159236913328619e-04 1.322673706454626256e-03 -1.332089308028134743e-03 -1.466792292607208828e-03 -5.429187661858928156e-04 2.822715166062557748e-04 7.394612068935202875e-04 -4.995733020135116479e-04 -1.362407588893421076e-05 3.260062612639209850e-06 -4.822175891153443516e-04 1.449861332706414273e-04 2.633889578917684559e-03 -2.932668619618836853e-04 -5.066369724581896907e-04 8.232238510131674762e-04 -1.660077426190111668e-03 -9.547913202723874683e-04 -2.605731116454676650e-04 -5.388871740721539816e-04 -2.155236900250356510e-03 1.777975400545263839e-03 -1.499324588695383686e-03 3.324887055754436986e-03 -1.370112319062109839e-04 1.314780164636296118e-03 -1.726663857461767035e-04 -1.165350188382457746e-03 -1.330948069325165167e-03 1.251747175888549488e-03 6.396229989148163788e-05 -1.720740668658583968e-04 -3.209545114375668071e-05 9.896697226525867381e-04 6.882661520094234811e-04 3.945145434142125515e-04 -1.743435580614491809e-03 -1.446650223080450984e-04 -4.682124242015973741e-04 -1.403577202231861285e-04 -4.545068317670101143e-04 -4.843295654432767591e-04 3.473166377826886474e-05 -7.955486554474366489e-04 -3.517223476817172971e-04 -3.764900592910876598e-04 -9.092105817995390239e-04
-4.899087236830487052e-02 2.374346401555046254e-02 -1.725916876650764042e-02 -7.180788533753326708e-04 5.773729181826423723e-03 1.375834613819128076e-02 3.214617998690040297e-03 1.538783872024132538e-03 -5.787875025617949273e-05 -2.363095777007385143e-04 -3.679308773016542761e-03 9.578915921247927682e-04 4.576326118403538194e-03 -5.922726588521547153e-03 -1.030901288046294799e-03 9.609625260269048612e-04 1.131627844436868804e-03 -2.277717810160229442e-04 -9.921992349119618769e-04 4.138802692009795406e-03 -1.732858372879153216e-03 1.275122882524129140e-03 1.003545166349438349e-03 1.981995428482408693e-03 1.253790755418685032e-04 -6.952210095547508607e-04 -2.082693393822227478e-03 8.689779703558773538e-05 -1.138274738913790064e-03 -6.588915540261199477e-05 -5.494145975150549260e-04 -9.174296082903821365e-04 -2.262543115869785010e-04 -7.320348468497711938e-04 2.415255358155539564e-04 2.475636751033002091e-04 2.049163033555538127e-04 -4.658073464411069701e-04 -5.582825879034968323e-04 -4.986231536075269935e-04 1.495611114046381323e-04 1.267539721474636796e-03 6.387061199317076382e-04 -2.869583400995185610e-04 -6.353165338684869890e-04 -9.808195353789854638e-04 4.826011523264800798e-04 -3.029331239718152571e-04 -6.549809038755647749e-05 6.124714023828500874e-04 -2.498339408907496758e-04 8.090321218755709438e-04 -3.152894934624086943e-04 2.111091293821384268e-04 -5.369043229398313922e-04 -2.124428654008225054e-04 4.824093235050513559e-04 1.014410112987539314e-04 5.216405350519027128e-04 -8.665385499244607085e-04 -1.230608868348916649e-03 -3.710894392802216381e-04 -1.623116506239730443e-04 -1.121081845778354967e-04 7.786298049513349728e-06 6.510781565259284248e-04 -1.127591007519622998e-03 7.845155034165261906e-04 6.403491974112439453e-04 -3.981973057899433708e-04 7.806888748970009602e-04 -5.003989679339415370e-04 -5.973231988673561492e-04 -9.392989372370679076e-06 2.976988924696599570e-06 -2.064420894090138701e-04 -4.727903003234153385e-04 7.267270328847532258e-04 5.878016549268961003e-06 5.151278232020230306e-05 -8.962731952758864465e-04 -2.406684660413589401e-04 -6.887182538780756548e-05 -6.038265262032732443e-04 -9.056886762600004786e-05 8.862763509163049894e-04 -3.584532816341050396e-04 -1.755489682281420648e-03 5.790563885943193680e-04 8.689853572948572904e-04 -1.941393454366277483e-03 -1.351479758096885879e-03 6.442413608655994878e-04 8.047106812225524736e-04 -4.643739777288920646e-04 3.438468828015826232e-04 -6.424657468975215283e-04 -1.129953401823699695e-03 -6.798390239342572529e-04 -3.339984961377278076e-04
1.384582047421107319e-02 -1.516518821546446703e-02 -2.370991035395244098e-02 -3.639051335739313872e-03 2.158820279152548482e-02 4.380130084240106518e-03 -6.947061555609946541e-04 2.008428364608513068e-04 1.351611700734459348e-03 2.389181871501924162e-04 -4.173538033181625924e-03 -3.295310470440348865e-04 -4.597859013200086137e-03 1.836687017262815351e-03 -2.391994416068606803e-03 1.637625832901840788e-03 -3.395336936294269213e-03 -3.757700607238263248e-03 2.481258291948194427e-03 1.089162130236966466e-03 2.226596792392876152e-04 1.151834248535529712e-04 3.915524600032825706e-04 2.858535488071157864e-03 -3.809521047350896816e-03 -2.988732481371851797e-05 2.754877045234336002e-03 2.514055628355937064e-05 -1.510980370647208981e-03 -1.773093459431486236e-03 3.587747087137848874e-04 -1.523799914408232020e-03 7.738782656254378570e-04 -6.653643619533487980e-04 -2.289703626583186841e-04 1.809437289892364565e-03 -1.941171286032885961e-03 1.080422051888672332e-03 1.026316874971901997e-03 -8.997852247677515626e-04 1.346835563429453052e-03 -1.521068699504210834e-03 -2.837471548426233618e-04 8.340259649722411763e-04 1.528334347272046522e-03 1.580584125745651851e-03 -1.265294152483847304e-03 -6.634905501507579358e-04 -4.894830169047928621e-04 -8.363142401389502857e-04 2.277152227673281872e-03 1.476736525569956023e-03 -3.297132604766729786e-04 1.682570567370149112e-03 5.894074254920271538e-04 9.348838620400504130e-04 3.136424302965651876e-04 -3.969984810763382398e-04 -3.010904092958543218e-03 -3.202497272797950791e-04 -9.147750341349515342e-04 1.530142085290705231e-03 -1.055112906032783281e-03 -6.436576563279182905e-04 -1.240243649602422015e-03 4.728632987651365614e-04 -1.831180560280860079e-03 -3.637229856371392597e-04 2.210075066635901371e-03 1.022197240030356781e-03 -5.686794526068695123e-04 -1.645088729208793671e-03 4.930869841805796995e-04 -4.165573137089864848e-04 4.972555050708300436e-04 -6.854881812342642974e-04 -1.356643176126248827e-03 1.527489890680774941e-03 -8.761186235281034473e-04 9.719616333308005911e-04 1.935964337354072499e-03 1.594539209394228588e-04 -8.679754902920350495e-04 -2.818225226337123354e-04 4.411686352773781626e-05 3.707222222926419275e-05 -7.071465710145029022e-04 -4.301710817845511080e-04 -2.950940666263164201e-04 8.826387689457649600e-04 3.342030339405765169e-04 6.798521175727979555e-04 -5.295590173465063687e-04 -8.156223435413278771e-04 -7.957120194812867696e-04 3.001252015638709582e-05 -2.938494281064145270e-05 7.954810670815209029e-04 2.701907293153703164e-04 -5.518178635325657040e-05
1.320812175665086194e-03 -1.787439123363924673e-02 -3.186524339478800927e-02 9.830421111689803884e-03 9.954532993139853653e-03 3.978894287980005474e-03 1.902843889133494244e-03 -1.852523979481787795e-03 7.030779674970806699e-03 3.515329362160916470e-03 1.735448987370296313e-03 -2.093856331268243148e-03 -3.633505713796778610e-03 1.718300403802428423e-03 -5.048420063987241364e-04 1.003924108193306316e-03 2.833031388266311207e-04 -4.226520229442341965e-03 -2.106053314708180614e-03 1.198125312176254870e-03 9.955109553325841056e-04 -4.729011272621143846e-04 8.464605000228808988e-04 1.501893246588573583e-03 -4.177211326711618923e-04 -2.269746684227943838e-03 -8.870341011797882669e-04 -1.957688090667656505e-03 6.119736242558484335e-04 8.569979258086306804e-04 7.571445408279337203e-04 6.256587276569279500e-04 1.588287986615024563e-03 2.689878340750615046e-04 2.552954401367151394e-03 -2.218056729292155679e-03 6.231052417169878881e-04 -8.018972899169609725e-04 -7.595538254053100157e-04 2.002912715241536492e-03 8.343068709063669250e-04 5.240739488277705929e-04 3.348619398081679110e-04 9.095576971536134493e-04 -1.761266489760100577e-04 9.360434711624416454e-04 -2.778198048665124725e-04 -1.889138386298777963e-03 -2.120353236046020030e-04 7.832494793703251681e-05 1.060861030974383966e-04 -3.030390296240106115e-04 -4.277767579603557126e-04 6.675633271575318918e-04 -5.724278986384518731e-04 -1.023153448402550287e-03 1.974420617683607122e-03 -6.034464137514906651e-05 -1.333654614144267865e-03 1.315018066108840291e-04 8.928154048351937249e-04 8.661104850319139518e-04 1.246858668161407923e-03 7.596658926368744357e-04 -9.401665378657653649e-04 -2.647101612415460260e-04 -5.402281973533494205e-05 7.619241715700452854e-05 8.195378122996920933e-04 1.624310817849137058e-03 3.830000028298477239e-04 1.505697977364472409e-03 -1.597869080208810539e-03 9.763008316428824218e-04 -1.171692071482674410e-04 1.532188204334746472e-03 9.089861207737671544e-04 -4.172427681134653166e-04 -7.432504639502224113e-04 -1.892716510568685003e-03 -1.731307216261575126e-03 -1.490998319907737126e-03 -1.378400453000297541e-04 -1.087697483305637798e-03 -1.652269907679777524e-03 -7.916165080872128240e-05 2.384345324307176120e-04 1.368914713000322567e-03 -1.207821580712327815e-03 2.243255637606081474e-04 -1.027264728864837472e-04 1.243897516560604505e-03 -8.003826432075830969e-04 3.869107251536227712e-04 -1.301557524393229205e-03 1.512728259301385995e-03 -7.516997689704529471e-04 -5.761454634812526385e-04 -2.683444747760273079e-04 6.243473075054785772e-04
-5.942177177785025466e-02 -2.257989103506653078e-02 -2.003380755878076541e-02 -5.735710559128987668e-03 3.284444019336832127e-03 -3.905853747742612549e-03 4.730115806419158027e-03 5.926739255937651593e-03 -1.163077063225942702e-03 1.714712275228467584e-03 4.040721112804833773e-03 -2.832963907756750385e-03 1.241271411286191690e-03 -3.067381255131625128e-03 2.708491981606204893e-04 8.352060400277923997e-04 1.794878811493974633e-03 -1.382260206548503734e-03 -3.247683678343865035e-04 -1.436330029788335629e-03 -8.348964144155117915e-04 -1.008041685940402237e-03 7.167824206398990070e-04 -1.037997192366411133e-03 1.064121336501607515e-03 3.476644829045450976e-04 5.850964944772811798e-04 5.855157937181148815e-04 5.571812248019137551e-04 6.001189126889028237e-04 -1.328703221828711088e-03 4.820252858325941594e-04 4.300444636407117923e-04 -5.783444858538483143e-04 -1.776349941567281591e-03 1.013910851388339198e-03 7.857705706283247367e-04 8.581963989567285280e-04 -2.591153939015136898e-05 -1.549946168500699901e-03 -1.056358422079459788e-03 4.509837872212007310e-04 -4.855885452205531807e-04 -2.607064021518925505e-04 9.097532007128324378e-04 -6.808736491182769499e-04 -9.570867741977916545e-05 -2.971086362016190307e-04 1.645139938390763421e-03 6.843685406519295074e-05 -5.839431385876749352e-04 -3.723973254949526656e-04 -3.218807213877139685e-06 -4.586423431184729694e-04 2.305793066510477239e-04 5.764548633445317909e-05 -3.413347375255602585e-04 2.094070172984704591e-04 -4.113430493311258764e-04 -7.208587621457590491e-04 8.474957744344925300e-04 -2.570281876416935713e-05 1.733112092284123679e-04 -5.926805024332901196e-04 5.962498913769763301e-04 9.127065458769176689e-04 -5.605127610136106248e-04 -6.874120629850646305e-04 2.553956169308167117e-04 3.752091428714289262e-04 7.320867614822880974e-04 1.019469872022338948e-03 3.002969312558506176e-04 -7.563631360854917475e-04 6.627939249039561118e-04 -3.547005952791886288e-04 -6.466211310961288540e-04 -7.205265324043084443e-05 7.472565485539650176e-04 4.029011673391686859e-06 3.085857436880129197e-04 -5.349103607690332317e-04 2.919950154516810304e-04 8.491936410190117292e-07 4.570423626271151094e-05 -8.283185646401277106e-04 -2.147972026754868503e-04 -3.929831204104761470e-04 -1.630973714518188619e-04 8.001291548899713011e-04 -6.159332044998687666e-05 1.827504405769363128e-04 -4.962598389993918592e-04 -5.426009719390955744e-04 -4.328984814028875253e-04 3.837371085731720887e-04 3.217973301583896368e-05 -3.482593871498814494e-04 -2.157999325792347815e-05 6.851007031189435036e-04
2.699395342534155473e-02 -1.625289979255725714e-02 -3.108795943311683588e-02 1.050573465491932978e-02 7.594739865071724848e-03 -4.362830649491856831e-03 5.622208460323319459e-03 -5.660259510790209558e-03 6.825317739255452876e-03 5.263178587639056639e-03 3.756947143492433711e-03 -1.026936282239503898e-03 -1.795846754179563449e-03 2.517377457247513620e-03 -1.057708733211521314e-03 -1.635902305890479672e-03 1.117286600370299586e-03 -2.504493787680439967e-03 -1.589409969559633928e-03 1.575193874336917876e-03 1.712033710759592849e-03 -2.416955103800002159e-03 -2.019450113402987412e-03 4.232518846619607428e-04 -1.405304211746944863e-03 -1.952243268133709887e-03 -3.660940466455134181e-03 -7.198488136044958784e-04 1.200423911985565566e-03 6.824136538975697584e-04 3.140104223408973078e-03 4.810617137386919762e-04 2.054725317588595480e-03 2.940721146827197951e-04 1.720623656895967860e-03 -7.985040445437738450e-04 2.265934598005031175e-03 5.942587737516800929e-04 -1.965535285200149546e-03 -1.721142386587540350e-03 2.530223966965495694e-04 -1.250299716604097965e-03 -7.588555418244142311e-04 1.446519648021192539e-03 1.105821389333471166e-03 -1.054456306367399822e-03 -1.496626544487453855e-03 -6.215298205429252779e-04 -2.200459929077396817e-04 -2.136372200761664335e-03 -4.503871852120837978e-04 -2.983708986095459908e-04 1.133457667817966061e-04 -8.712208974871160075e-04 6.081564330324850829e-04 -4.468133558443458035e-04 1.247982875178339866e-03 1.966249690190308218e-04 -7.230564662204324016e-04 -7.890986168224075085e-04 -3.113244100605679288e-05 1.090909393007344482e-03 2.300934944442106257e-03 -3.545596986316127981e-04 6.204250331782977523e-04 -6.311624497677000793e-04 -8.664668557198760158e-04 -3.667082225277181352e-04 1.280282103648948139e-03 1.992596333796298560e-04 -7.427066803820846978e-05 1.203654099334433954e-04 5.485998330378049530e-04 1.302135740813242348e-04 -1.527772218090305088e-03 -5.115835595257829356e-04 -2.614132511889378672e-04 -2.303070681317639999e-04 1.178386836824148621e-03 1.193649660984930387e-03 -6.480880592156268742e-04 -3.581945236285142935e-04 1.838196588353516571e-03 1.104800971712091616e-03 2.488699991458560683e-03 -9.494068744715330240e-04 2.307716532615108613e-04 -5.836064339152179613e-04 9.425845814701300750e-04 -6.923327736742747492e-04 2.411850643762299758e-04 -1.531853298012256811e-04 5.459562442785119169e-04 6.723714300449287621e-04 1.088800167288710022e-03 -1.411807986819118123e-03 2.222445926335518197e-04 8.597034859298213023e-04 1.592459790359201488e-04 -1.495690383499915350e-04
-1.305323975522276574e-02 2.285318635613108745e-02 -1.262299754557533876e-02 -1.701480354411199700e-02 1.298128164444509527e-02 1.472385028804010405e-02 5.122842527584894022e-03 -4.881680228353430136e-03 3.154741572212932822e-03 -4.368194700720573085e-04 -5.814120556384074975e-03 2.049126010814283569e-03 1.919042422278196007e-04 -4.902050265334406166e-03 -1.203303945546838684e-04 -6.604095539840331656e-04 -6.390380717995445842e-04 1.798450405284535364e-03 3.148707791743649963e-03 2.073336050519341590e-03 -2.573997045639708119e-04 -6.758187247486805707e-05 8.768511485280249462e-04 8.408146569019664743e-05 2.162992543154690795e-03 -2.908853300026255882e-03 -2.162355285538683763e-03 1.004450053054256782e-03 1.045192319375485169e-03 8.755881257002883465e-04 -3.763163042674604226e-04 2.046791446260179045e-03 2.361488418560174062e-03 4.662757606619827733e-04 -1.107540358116529009e-03 9.265585085515268054e-04 9.663394192344185347e-04 -2.967398325121369928e-04 -8.414094986610161191e-04 7.742547672015707635e-04 -9.710858679543631165e-04 2.638149178820073555e-03 4.835549842166621888e-04 -4.676614246538823372e-04 -7.508836082231040840e-04 -5.597296486910528258e-04 -7.279915995593283626e-05 3.715048323057176046e-04 -4.582607660173730071e-04 1.581631774506429215e-04 6.071649576857755066e-04 1.085575455271253504e-03 -3.917516067582628523e-04 -6.589821299598293703e-04 5.226410315588043021e-04 1.403835109562662957e-03 7.983542222390202438e-05 -1.213176840560987405e-03 -1.613371953686230844e-03 -3.810961183055512939e-05 1.080205808823907036e-03 5.494787239273501945e-04 5.681219214641975790e-04 3.409888424631851733e-04 4.310447606133362597e-04 -3.293511097170934274e-05 6.047340279029333283e-04 -1.514772268287972680e-04 9.139850949216171141e-05 5.737720995898952850e-05 -4.666316141151320230e-04 -2.248605348487278189e-05 6.894650014277796607e-04 6.192267769052806515e-05 9.689590917598213979e-05 5.737700913539496095e-04 3.349262617569838570e-04 -5.421556267466431933e-04 -7.035426195552892678e-04 8.415072867734344451e-04 8.438894559217248632e-04 8.032615606869023895e-04 5.643192000874638252e-04 -3.105281102857960314e-04 -1.750055369560230435e-04 1.322119596830266704e-03 -7.660989448377621700e-04 9.444465431014796315e-04 -8.350275219646729943e-04 -1.776490070442397502e-03 1.227260416538057284e-03 -4.396379532866869400e-04 -1.899880905819979413e-03 -3.779717449349904057e-05 -1.724922853899224973e-04 -8.458339965339390721e-04 5.244615204430591376e-04 -1.378287285719360673e-04 -1.067009718957977465e-04 -1.352667063565662388e-03
-5.033308359093330991e-02 2.430099612307017043e-02 -1.723293770701097107e-04 -9.828537880481446470e-03 1.495708737226670269e-02 1.064299378782188749e-02 -5.227838067555379969e-03 -1.845489244158897164e-03 3.749968191021974071e-03 -3.303715922271257231e-03 -4.982695700945607639e-03 -3.050527196511632413e-03 1.858019213296041236e-03 -2.234965056874249883e-03 3.367972315790830878e-03 -1.032738922673485708e-05 5.488250991811116788e-05 1.169337319591653816e-03 1.675125243504179892e-03 9.594591501362865853e-05 1.091009197291477632e-03 1.028765994492067534e-03 3.113879187469086756e-04 -7.900280301229374753e-04 5.090621457619295574e-04 -1.112344970615863427e-03 -2.026039846976958065e-03 5.918180027492416211e-04 -1.422115482722186388e-04 -1.927064753189024638e-03 1.930895587248792743e-03 -1.544789485699328384e-03 4.474248919892610224e-04 6.383100715739914227e-04 -7.535866078604404675e-04 5.229010529705560963e-04 8.862785302504058672e-04 4.155974085663548733e-04 -3.003062983177413534e-04 1.337838143005726016e-03 -8.568427300359334180e-04 -9.051694409450012626e-05 -4.780498217479497189e-04 -5.307587176440083359e-04 -2.330390061526136454e-04 -5.346702507593343060e-04 -2.312684570204550586e-04 -2.267644971192253275e-04 -2.352766179903458021e-04 1.583456475545484514e-04 -9.369638803953968785e-05 -8.764840357374683428e-05 -2.869844913976249043e-04 2.181835824189639087e-04 -5.636401341638002044e-04 -1.586128460576663197e-03 9.203591867787728293e-04 -1.205469034178995383e-03 6.864807382862021931e-04 2.336615329188047050e-04 -8.019756557479946601e-04 -5.684823747656014012e-04 2.256329947500622604e-05 -2.529949946002217186e-04 9.485809400017356039e-04 5.239686712345226986e-04 -6.890075736505741439e-04 -3.522400022772997972e-04 1.334906039997593198e-03 9.028596203643559108e-04 5.401221367419997525e-04 5.956023031323398479e-05 5.871074276192360023e-05 -1.187118398957693948e-03 1.822884646236353219e-05 4.641046338875534096e-04 8.044423684967094311e-04 7.258393482400556486e-04 -3.741410122985227497e-04 -9.893592776803884336e-04 -4.192044698591156990e-06 -7.586556424076403276e-04 -1.697352623993294651e-04 -1.139482494642197249e-03 9.856286734460058870e-04 4.669229093222151137e-04 1.513730954005838381e-04 -1.079609061615954563e-03 4.816999979979263080e-04 1.491383646831236781e-03 -6.886238581022559964e-04 -1.038531240610268561e-03 1.212630069977905763e-03 -3.618191658962050710e-04 3.389989265714740837e-04 2.724087260584336155e-04 1.146964828257527279e-04 -6.572970582913004352e-04 -4.395268170941379351e-04 2.561587410481148356e-04
8.278414979869130885e-02 7.209218769134113046e-03 -2.470834555619899273e-02 -1.526864021959556525e-03 8.965834293223553728e-03 -5.070019692857286563e-03 4.019642050676459043e-03 -1.073284680961203962e-02 1.079358350497424714e-02 2.905500264920468905e-03 1.293095175823068092e-03 5.176607566883294383e-03 -3.684847647846756485e-03 1.164776381016122044e-03 -1.886206564257826524e-03 -3.851934598105306710e-04 1.199477879895562019e-03 -1.446269870952392698e-03 7.429268680272282021e-04 1.508938751252542792e-04 1.421026669725654638e-03 -3.043068412581790682e-03 4.126733227161449424e-04 4.000108416220874113e-04 -2.336711789583606556e-04 2.606919908129323119e-03 -2.526212848166756782e-03 -2.875388037870955059e-03 4.561746120929898460e-04 -1.625694556359128700e-03 1.324675628925480473e-03 8.774339797234021777e-04 -7.423156939561489573e-04 -9.561199368513370253e-04 -1.892643042918007099e-03 -1.021893021052491411e-03 1.251002138521656792e-03 -1.346127446892131070e-03 2.887336329131687945e-03 -2.698356023440854137e-03 -3.867707950409514069e-04 5.004270258039088259e-04 -1.425117206984890649e-03 2.020978125873137965e-03 -1.438514086253303440e-03 -2.093763764227313598e-03 1.669382149240084337e-03 1.671582871245011048e-03 -5.941538872047131669e-04 3.504127750145293214e-03 3.313263740778507323e-04 3.274053203338625311e-04 -4.095412265750061269e-04 1.415122480284295402e-03 -1.838651630958395298e-03 1.153111875478993187e-03 -8.076403343217328267e-04 1.615029941360583482e-03 -4.499762012323438201e-05 1.483162448177348641e-03 1.986685017306045239e-03 -1.790277147438351082e-03 -2.239688250475343253e-03 -5.750002925068919621e-04 -1.665380972076658909e-04 -2.709227294869632325e-04 6.807325630942540323e-04 1.242709441085841507e-03 6.666701206638799958e-04 1.930877832731600261e-04 3.698935354489203274e-04 -2.632843333986929529e-04 1.319849448575296483e-04 -1.370187638473483575e-05 -6.298328103109198002e-04 1.074132683444757813e-03 -1.333544658215969018e-03 1.444862884995240602e-03 -9.872306381600620044e-05 6.681717503888717367e-05 2.797805139639498312e-04 -1.215741533201884989e-03 4.011285309991492721e-04 -5.820034022264061442e-04 1.001544415515260049e-03 4.020964627312228123e-04 6.339760292345165710e-04 8.085516887487102095e-04 6.038414199337474239e-04 -3.466444635461571984e-04 -4.039017491627942130e-04 1.480517268570026828e-04 2.158325323128548767e-04 -2.061695170299576631e-04 -3.611832204471283263e-04 -3.831750190186462802e-04 4.601123531117940250e-04 1.584864736907213862e-04 -1.094980602663594494e-04 6.602455495081590870e-04
4.405033982087376565e-02 -1.329537360650461311e-02 -2.668798722028015158e-02 1.987351836971298219e-02 -2.369458145515459938e-04 -6.574499189053517774e-03 5.198783756345862032e-03 -1.026087454250509956e-02 1.397103164950369916e-02 6.033398709898711576e-03 2.240819347243598689e-03 5.165104163571896919e-04 -2.062508677130293466e-03 1.723745544108713865e-03 -1.823863952804028387e-03 -2.814430347725396363e-03 2.039392670045239459e-03 7.978572758674530281e-04 -3.002677922109880677e-03 1.104903476230570565e-03 1.438744482516079439e-03 -1.231871316809606811e-03 -6.972135997721421287e-04 6.438488645066500022e-04 3.506223305005704114e-04 -1.558596666038222171e-03 -2.614460049558584107e-03 -5.443404756984036646e-04 8.573730900284612811e-04 4.238903440726509678e-04 3.470693211630209406e-03 9.608160145874057980e-04 1.943691326390987800e-03 5.949222294220599058e-06 2.172269557009523196e-04 -4.257694565013193802e-05 1.273922127507532559e-03 1.149353262709112153e-03 -4.036717276924286450e-04 -1.354149674569223851e-03 1.909784916218931761e-03 -6.588665391644489035e-04 3.806991123033431608e-05 2.840396126984735901e-04 -1.763012322797755538e-03 -2.385945843572988365e-04 -4.544015687090615621e-04 1.766044790166525560e-03 1.781938635468034815e-05 -1.358147790172004521e-03 -4.337410093483458481e-04 -3.685564057379127497e-05 5.940879653498926669e-04 -2.049589697641666756e-03 -4.057119814067066126e-04 2.876207323031169504e-04 3.951626829697378477e-04 3.763313881384269832e-04 8.296738480005557987e-04 -1.380208908299109709e-03 -2.096053585336361911e-03 -3.597573303694982425e-04 -1.828058280091653673e-03 -5.445670644476966697e-04 2.567689161093541670e-04 1.002861144492229670e-03 -5.228358330772297228e-05 -1.786639803568623882e-04 -1.990312220470980172e-03 -2.897765928242864038e-04 -1.752131384784505128e-03 -2.101030129619724013e-04 1.025939181878220184e-03 -2.026682579070117514e-03 1.117096801511496210e-03 -1.385981020216972733e-04 3.730473263449938831e-04 4.884159254599064953e-05 -8.909836764459639442e-04 -3.931863336120080404e-04 1.075893368743680197e-03 1.976728414665139110e-03 -1.296390838175369518e-03 1.407670754591718726e-04 -1.667939075256070266e-03 5.068347002650372066e-04 3.916420959827035986e-05 -6.121867486667603372e-04 -1.090025701460091943e-03 8.681138220355211427e-04 6.682164120012029163e-04 -1.340393491227131074e-03 -2.987348114147824136e-04 -4.752861451103052308e-04 -2.977648744201220345e-04 8.528404537069810562e-04 -5.431760744841640943e-04 -8.896899497595728941e-04 1.494012017041611740e-04 7.049465482340740467e-04
1.334456476479886633e-01 -7.528099691665545920e-03 -6.908813309064005918e-03 1.645749182043309417e-02 4.735653356415618631e-03 -9.996725829763110360e-03 -1.191404275491922534e-03 -5.962823295156250043e-03 1.013632734587570361e-02 -4.123428557794489580e-03 2.924956715570899667e-03 1.836667560216967161e-03 1.573739715008024356e-03 -7.342260972190773390e-04 -4.227421448145383086e-03 1.892110974851368482e-03 2.645680578218949364e-03 2.348911513197098500e-03 -1.618516246450564023e-04 2.943523403200557225e-04 -6.719892050907235988e-04 -1.982921242647005689e-03 1.095129608397972651e-03 -2.345236286046668232e-03 -5.289340639871817655e-04 7.891286662209070525e-04 -2.133398618739909894e-03 -3.816772529851593767e-04 -5.721059531437684459e-05 -2.143944189416471715e-03 -6.747577663897213291e-04 -1.910351205279675331e-05 1.390993282921022170e-05 2.465282225708791347e-04 -3.577168270658511915e-04 1.040186640978046483e-03 -1.640291766132649393e-03 1.945325601852089145e-06 -9.667555739547745728e-04 -3.429358021036473859e-04 -1.796544460853920309e-03 6.872280881843924197e-04 2.322054562020865656e-03 -6.242382761724302436e-04 1.898809128069282474e-05 9.683883391599782450e-04 1.639513366104534216e-04 -2.233360179869464906e-04 6.033080469159353204e-04 -1.692138755427839356e-03 3.606125741404711234e-04 1.227719119729103314e-03 8.309685932906011804e-04 -9.518963141187464574e-04 -1.381549352002210728e-03 1.112394146609810069e-03 -8.207192710739773115e-04 -2.390728922151206474e-03 6.371298892512097280e-04 6.973696095637745484e-04 -9.974893984312550605e-04 6.097033044308323903e-04 -1.657563247665313306e-03 -1.665428517732514243e-03 -2.086527397774096994e-03 -4.416760433787293645e-05 -1.696949146556518554e-03 -1.520686764764193205e-03 -5.043565222655246308e-04 -5.707754236618756919e-04 1.835309776754500593e-03 2.677537343439824555e-04 -1.114168225110215640e-03 1.091217507737236815e-03 -2.783855966684261186e-04 -5.457815444648788468e-04 3.266484275818416446e-04 -8.693675132217049475e-04 -3.465513852905730018e-04 -2.455134076348718130e-04 -6.004180633237185798e-04 -7.964493027612265345e-04 3.644013933466060833e-04 1.012091561524689712e-03 3.866997090796235278e-04 -4.427055804168511890e-04 1.249612378263146705e-03 1.312929300528936812e-03 1.125343249678894885e-04 1.318780563477129188e-03 2.915905512120850278e-04 -4.042682907280203790e-04 -6.578020633851985400e-04 -7.929064900181582260e-04 2.519663531959271557e-04 1.754333438712882547e-04 -3.543584606157584914e-05 1.430886925938644689e-03 -1.130165916842693378e-03 -1.829920754158222704e-03
1.204410096212868708e-01 -1.937701642460839960e-03 -3.344482133265144069e-02 8.586372998960232344e-03 9.726081175353239877e-03 -2.479469696065697906e-03 -1.022888397682863472e-02 -9.211581750860961884e-03 4.246815721811437148e-03 -1.669326066167783115e-03 2.020949150106683342e-03 3.893591595265266832e-03 -4.035165701252347269e-03 1.077955586636767391e-03 -2.943385012397015024e-03 3.682024572753498162e-03 7.769292912915724478e-04 -4.193019654063654886e-04 8.636089077883381824e-04 1.270015489750559324e-03 2.074144958051437650e-03 1.253068915239426108e-03 3.459424553286197680e-03 -3.861850350624801984e-04 4.933674308966806899e-05 1.181644331006702874e-03 -8.430066909011182301e-05 -1.151409028576738571e-03 -1.633745023401023881e-04 -8.408282457309592967e-04 -8.099657999098642050e-04 6.043578353330948238e-05 -2.406539885351741213e-03 -6.546446901151197970e-04 -1.361385288766351980e-04 -2.025880177615073247e-05 2.561734450920654955e-03 2.403365956298924785e-03 1.308982838869396674e-03 3.178391744549225037e-04 3.090650853551594871e-05 1.138336119076038301e-03 -1.149695031690019372e-03 -3.419103471744754097e-03 5.798580747146142057e-04 -1.770991677177535372e-04 1.450274949158868350e-03 -4.459724996041573527e-04 5.948969312646811784e-04 1.725699937839324726e-04 2.093591996477028286e-04 -9.587742976283024484e-04 3.227857589172505696e-04 1.381921959698827499e-03 1.325720308630032622e-03 -2.136565592949194511e-03 8.414577791711650790e-04 3.770792001986173674e-05 -7.908001960800139108e-04 -6.228858203080421931e-04 -3.841148061656800175e-04 -7.755172150732917314e-04 1.913382926010312576e-04 7.789462228938894136e-04 8.769989233720316491e-04 -4.309087331843081624e-04 5.049323522562479708e-04 -2.267853224574930496e-03 -3.196078836376998946e-05 -9.159452119800010842e-04 6.253618066381434921e-04 -5.678930923823239914e-04 7.386782046711668328e-04 2.475789465308938890e-03 4.568558864112755324e-04 -4.020983618148969295e-04 8.379720704987918961e-04 -1.378949214993452702e-03 -2.096220638314450976e-03 1.277978126911670986e-03 4.462004935161742198e-04 9.445705621017629668e-04 -3.851336978281680941e-04 9.615048903324200551e-04 -2.077504311504913210e-04 -9.106244142945847100e-04 -8.946814679456999381e-05 -6.666779666091489376e-05 7.149496004482576179e-04 8.735343233589632243e-04 1.537156279694807651e-04 -4.922300936394527067e-06 -1.619454156369753127e-04 2.081895700367121342e-03 -5.159367274965608648e-04 -1.718490145754833043e-04 1.443953572724807890e-03 -8.017997617854707082e-04 -5.483119772699043262e-04 6.966357015048033844e-04
2.006452971295295262e-01 1.091258209073350804e-02 -1.136541986401962308e-02 -4.286259730362135950e-03 -6.234450369011283223e-03 -1.074010960348705315e-02 -1.180068531466022148e-02 1.268137821521619956e-03 1.117092058343700615e-03 8.148059490912981087e-05 -9.480472287652644747e-04 6.053841339536160382e-04 1.785970131172303493e-03 -3.307030903405812697e-03 -2.825626203407662052e-04 4.478344172057423418e-03 -3.057169812220619093e-03 -1.471521486126476687e-03 9.287024101740343858e-04 -1.204285997105231532e-03 3.000031580648287489e-03 1.174611648148723595e-03 -7.078778938804575942e-04 1.397468517764704826e-03 1.934011912451859315e-03 -5.855025328673263332e-04 1.303215620376380404e-03 -4.069524858768177591e-04 -5.435752294571040595e-04 2.990394521606906924e-04 1.170155609427481909e-05 7.484222413602925356e-04 8.649004104148181140e-05 1.784301786395250586e-04 1.431484966926230068e-03 5.909877519620956030e-05 4.647832676036041779e-04 -7.656926290811561994e-04 -7.355752692319251964e-04 -1.096491906776885785e-03 -1.006560189680914813e-04 -5.460638909388808911e-04 -8.430203781026290291e-05 -5.240973194061008048e-04 3.428792955540392855e-04 -6.509111743095739389e-04 -9.017172443253907701e-04 1.889269006469273854e-04 6.100100439005125882e-04 4.996768334101061226e-04 -4.911228480458167079e-04 4.919380102287369437e-04 2.086897607986657323e-04 -1.017305720292769255e-03 7.650427536279531858e-04 -2.391036427520283906e-04 9.990136319485980361e-04 -7.248409012817566164e-04 -8.629731111502346387e-05 2.833630044609531632e-04 -1.730538464586530865e-04 -6.092775480977242987e-04 -5.658848890133519804e-04 -5.410395309070473776e-04 -4.872650669265005466e-04 1.487202733919487374e-05 1.189839680612957530e-03 -4.149642909677576800e-05 3.345401053884420380e-04 -2.818776628529955672e-04 1.443549466371170766e-04 -2.788050783476238781e-04 4.575645081295929119e-04 1.686711579277409378e-04 2.584648234953380798e-04 1.675232825243169992e-04 -9.098059812790086458e-04 -5.652313893668009368e-05 6.333541101929752223e-04 2.196306014450566640e-04 -6.354274963461127969e-04 -2.723663639489897208e-04 -1.099591921300181892e-04 1.938132552306006339e-04 2.639914738463960270e-04 6.302524588340730404e-05 5.299395073680009750e-05 3.430657863414157921e-04 -3.140845637837025675e-04 4.404007579740939972e-04 -3.641887086178521578e-04 -1.568355296163561675e-04 -4.158847990608053615e-04 -2.965845866389191557e-04 3.562837206767613678e-04 1.708989885467470131e-04 -1.263655115554743755e-03 2.350399605383675242e-04 1.681210013185569226e-05 -3.048392033484925582e-04
4.592770427792070703e-02 -9.767088838693919160e-04 2.977766006253387485e-02 6.309809588375952551e-03 2.820483433573736654e-02 -1.251040641545015514e-02 -1.364966545910603624e-03 6.548246915472350459e-03 1.283586947906704490e-03 -1.145938853920863915e-03 3.086799591337940733e-03 4.708621385265935114e-03 2.860654281409699164e-03 1.979578910804638808e-03 -1.080256166900541923e-03 -1.589242150360724564e-03 1.087865887021491340e-03 2.025643954198900597e-03 -2.797473364907781049e-03 9.011124124648520152e-04 4.810269412442864413e-03 -3.473906008865558590e-03 3.462704162617919932e-04 4.411191202260148804e-03 4.181247772312744813e-04 -8.707818453997277037e-04 2.907272278256358301e-03 -1.560518719213653093e-04 4.477641831282432733e-03 3.419001302495206038e-04 -1.609934659097689118e-03 -1.743722321727529667e-03 3.826863408426096989e-04 -5.549382827800571202e-04 -1.604227118355183029e-03 2.179525107673598635e-03 -5.488547275007935348e-04 -2.245393088889656528e-03 8.186837626878077745e-05 2.167738334012821958e-03 9.526114777690275644e-05 2.018385192742730341e-03 2.077138120866103659e-03 2.354969824981291340e-03 2.020705451710484366e-03 -1.083025148053609350e-03 3.753227498272313639e-03 -2.522912400508774133e-03 -1.833808648141394318e-04 4.393309954397725862e-04 4.968421989951600287e-04 -2.005596361742489810e-03 1.691590834651977501e-03 1.556087452450360432e-04 1.634590788201056508e-03 -4.118955040228582934e-04 1.158826084569140272e-03 -8.155283254299588482e-04 4.164915928283515205e-04 -1.354331676686505292e-03 -9.264773196899121971e-05 1.298146484960360737e-03 -2.180314120691962537e-03 7.520461107312423473e-04 8.899695667801658808e-04 4.057088780657487176e-05 -7.896534934459249321e-05 6.777883662281302020e-05 -1.129819825977293512e-03 4.694125622769312303e-04 -7.869509816493504761e-04 -4.318799617899748955e-04 6.449996521487255880e-04 -6.130337121647912472e-04 -2.173903690225421556e-04 3.261117002758660171e-04 2.218758885151613338e-04 3.261561637484689121e-04 4.381347846697655410e-04 6.962802260655705277e-05 -8.514808078564291044e-05 -6.555154734580177604e-04 -8.818975158950979117e-05 3.483282390655090504e-04 2.052684884416470872e-04 -1.044261592504058914e-04 -6.338372611609993169e-05 -6.709385267837686981e-05 4.362990873017812062e-05 -3.681655745590986452e-04 -4.309483949146330128e-04 -2.817749944265717844e-04 3.236621220835979567e-04 1.425099215829616099e-04 4.028398409391685574e-04 -8.368450673755128716e-05 -4.883725362119589687e-05 2.453160247531521450e-04 2.329731267376545579e-04 -1.190441193260155067e-04
1.643139545826771686e-01 4.592599153211759521e-04 -1.481405363041232541e-02 8.864715769828621431e-03 4.633284489982646137e-03 -1.020155503447351709e-02 -1.053693372382786576e-02 -1.736911553756511836e-03 1.073143995061281671e-04 -7.426812287359754565e-03 1.356918264442983930e-03 2.287532614935413895e-03 5.695675412677358085e-04 -1.441415631962933517e-03 -3.478022322261909750e-03 6.363633119704757875e-03 -6.988160826120301712e-04 -2.870302894999429092e-03 2.626959196183804336e-03 -8.245885656411110036e-04 2.821639561653664901e-03 2.950410453308693632e-03 -5.211749134642289618e-04 5.845445485000561308e-04 2.127180200476654157e-03 -2.815324260222970575e-04 1.811265600436527592e-03 1.421753339175599274e-03 9.689845682223251406e-05 -1.095666169212303155e-03 -1.764865606006147617e-03 1.086041067938113731e-03 -1.547331864047600276e-03 7.560857594887882482e-05 1.898095508372895463e-03 4.236504032402314867e-04 1.891513041204828877e-03 1.068316285903145053e-03 -1.114965180215247986e-03 5.850566755112315094e-04 1.230290114424503983e-04 -1.360044285280695691e-03 -1.021894873407486930e-03 1.726267109302687260e-04 5.874606424971517710e-04 -1.328901667254552563e-03 2.924580762578656880e-04 1.676945324471873847e-03 6.432086766179964287e-06 -2.002706199018989696e-04 4.340761208524221274e-04 -1.439294447047917381e-03 -1.648906274043692582e-03 -1.313773484674421108e-03 -3.236668251274384491e-04 1.067610141316588292e-03 1.250662463399408513e-03 -1.542792294656368448e-04 -2.747132832978776127e-04 -5.933244429690272357e-04 -3.254397798422344751e-04 -4.889534773203407835e-04 1.875824438110988950e-04 3.081112961346617329e-04 -2.267397425290087641e-04 -6.814995677290555144e-04 -6.797872725327742905e-04 1.027549276321736106e-03 -3.795305181845771091e-04 8.802495542121138044e-05 -3.754871609573805940e-05 7.174435212839207687e-04 -5.573685647509695482e-04 -2.428593509133944797e-04 -2.329886081360954628e-04 2.809968411928864427e-04 -3.419187522386616350e-04 2.418843273700340118e-04 -5.513844187695157327e-04 -8.937577638929236493e-04 1.247719255022139906e-03 -2.735017647029980769e-04 7.172745080330359454e-05 8.147913650055490457e-04 1.910531373336195489e-04 3.023530405641699668e-04 -8.666255222096357676e-04 -1.223315431718663415e-03 5.688638773318155590e-04 -1.232383024678513446e-03 5.486720389993441672e-04 3.926092001256446340e-05 5.436697244814762096e-04 -3.743946434076054130e-04 -9.713685172963644498e-05 -1.057928133473231462e-03 -9.594777681407538330e-04 -1.113877689708246774e-03 8.855564755710621481e-04 2.750195651151473219e-04
-6.699644079045829169e-03 1.953443899047780687e-03 -1.111564679077418731e-02 -1.038082485699347475e-02 2.362318170853296845e-02 3.868768189070261911e-03 -7.659573927883558432e-03 -2.900750831266978545e-03 4.971522607160743477e-03 -1.278854207520821983e-03 -4.625947827508420339e-03 6.215738945975929103e-05 7.643523949550477684e-04 3.113977136423768961e-03 2.051253672990879014e-03 -1.672089080542863695e-03 -4.155791083095452219e-03 6.742092719100316496e-04 2.427866070442995499e-03 -2.763423605411385750e-06 -2.648119153607428420e-03 8.251242319143734438e-04 -1.303782317120886916e-03 1.564383083987153089e-03 -1.298647166029334808e-03 -5.439265184132067679e-05 2.056759729427549629e-03 7.279575968742439283e-04 8.900825758150777414e-04 -2.332319864062724381e-03 1.948046118512126914e-03 4.375195539600525629e-04 -1.120970690899035244e-03 -1.312572043718082887e-03 -1.947346652888612287e-03 9.949342714531567719e-05 -1.896405537407328803e-04 -2.357603639905901920e-03 -1.568337835488541575e-04 -2.047305499829708136e-03 2.122255799110949262e-03 -7.761226022744861092e-04 -8.073929097702799281e-04 1.372423397020606280e-03 3.679473006861733349e-03 -7.378499933736725783e-06 -1.088549242698746153e-03 -3.090618794048295161e-04 9.978793305510142049e-04 -9.683007504714723560e-04 -1.138274805161117349e-03 -9.615229277953403660e-04 -1.502249115294802340e-03 6.050744107253851678e-04 -9.219106596935669863e-04 -6.879703102765895653e-04 -6.637987874736053697e-04 2.865607710496901814e-03 1.667185280205431405e-04 -2.101942236646102760e-03 1.156141991859319708e-05 4.585493765910034344e-04 -9.521011773754000501e-05 -9.433743668187787729e-04 -1.621626086677259698e-03 -3.540938576257200471e-04 2.315223391777868056e-04 6.295703618751156798e-04 -2.316822239110895645e-03 -1.845193823115384626e-03 1.098477214500630629e-03 1.944814834465023344e-03 5.829670074999495586e-05 1.853963262027666413e-03 4.021704110189172317e-04 -5.930421744542301466e-04 4.506552481671080124e-04 -6.909462462730185878e-04 6.841607427640864110e-04 -1.258237069446125440e-03 -1.095231961251204181e-03 9.347626362857173717e-04 -4.975974267521133696e-04 -3.591071329685338099e-04 4.534336033650788675e-04 1.313194979288395930e-04 2.545874284136049595e-04 -1.708870383360039597e-04 -5.342387105650089489e-05 4.015690602243205971e-04 1.070963024840754181e-04 -4.011825288079376873e-04 -3.642836435136955322e-04 -9.595475447431489860e-06 2.049465672568488467e-04 7.237814017312385812e-05 2.690140873337845554e-04 -2.842297503268346732e-04 4.984490079734614477e-05 -2.236445141381686189e-04
-6.927433252415016174e-02 1.508803904497606901e-02 1.222542016668191640e-03 -3.811762234299995427e-03 1.266103068574861955e-02 -5.667192644929703108e-03 -5.859086291830068252e-03 1.170129212392214497e-03 3.409143951363441481e-03 -3.298464096018037680e-04 -3.299698862394597355e-03 -3.756892947179475434e-03 6.135320073126162991e-04 1.988742317860339552e-03 2.872740194197451451e-03 3.086520242846600834e-04 4.063206243980278451e-03 4.031173263935288863e-04 1.102319116393978265e-03 -1.442634123126917663e-03 1.713044745167710894e-03 1.236227137464627741e-04 -1.134816596212736813e-03 -3.133097024456250011e-04 -8.521821265105204235e-04 1.466895236766654204e-03 7.319157265729643114e-04 -4.998909634184066971e-04 8.697159797067411519e-04 -1.290451544035723557e-03 -3.960713660886539759e-04 3.226291973295275593e-04 2.414061308778628269e-04 1.025496598375074189e-03 -5.679537392940029573e-05 -7.803481093059684820e-05 5.247656551670649766e-04 1.075896439543184415e-03 2.305305829412808893e-04 -6.876513252268243734e-04 4.169512630854545036e-04 -3.592206969583273610e-04 5.928126658086553492e-04 1.040897261689423215e-03 -7.754631494345427551e-04 4.918436010863712696e-04 -1.334554100863698798e-04 -1.199773081470868362e-03 1.675275922586139479e-04 -4.018919805226028137e-04 2.531094578389937190e-04 -8.355303147421303802e-04 -5.249334305686164564e-04 -9.994283751979301383e-04 -1.839625478693493934e-05 6.471139629065405770e-04 -2.604985128394473530e-04 -1.288924539404655593e-03 2.389922197669952291e-04 -9.435073356659100024e-04 1.017389327651853402e-03 -1.802397257512881206e-04 2.175940734938291228e-04 -2.393682009658176118e-04 1.507365689760603871e-04 8.856981298151010273e-04 6.083644233277086264e-04 2.772613428526813045e-04 9.468876964952374501e-04 -4.025530872635919074e-04 4.566570704161957849e-04 -1.082061396990060013e-03 3.390234064869623453e-04 3.765125373496506318e-04 -4.366487788799605120e-04 -4.298387082522129134e-05 1.656045747638249627e-04 -2.249528549285146435e-04 -4.290086102084351418e-04 -1.319982902500696511e-05 -9.575216505071753844e-04 -4.620661490720719784e-04 -2.933092716837513493e-04 -1.728912969846676476e-03 2.007832792098735971e-04 2.982373926080187656e-04 -5.149943170342661993e-04 -6.941407964311805453e-04 9.177908732784180370e-04 -2.844500068424148749e-04 1.115135681725961661e-03 -1.624752030463538788e-04 -3.223535907646677572e-04 2.978720883061543507e-04 1.027093348804167543e-04 -2.637834594813042333e-05 5.567059400725755600e-04 -8.955974412302826005e-04 -5.620888746899566166e-04 -1.661843114360666803e-04
-7.836314757788598317e-02 -7.818016343310021585e-03 1.556566500726891747e-02 -3.889710117399604143e-03 4.877939691484577470e-03 -2.132841445150511408e-03 -1.243162938600885642e-02 8.226364677731795279e-04 4.604084689326525697e-04 -1.498967012969136970e-03 -8.604817295418771758e-04 -2.625479763019819210e-03 8.600676393203435764e-04 2.305823316936612619e-03 1.407600633189245781e-03 6.289051404208747674e-05 1.985747864259176758e-03 -7.432267287840232982e-04 -1.312234694759491108e-04 7.302840542915672167e-04 6.514491909152485792e-04 -3.274918989810662179e-03 -1.427614956265443576e-03 -2.981153089754379551e-04 -1.619237630058720408e-04 -2.290680812477957325e-04 2.051722489348491542e-04 8.249802685524271553e-04 -4.695862138621160857e-04 -8.263409470302253239e-05 -1.331620408938283782e-03 -5.940904037256557971e-04 -1.715224058440900775e-03 -3.374261733119108208e-04 7.525463997482448016e-04 5.575963686357474081e-04 6.718297244146287416e-04 1.460927888314510431e-04 -1.156691842544741523e-04 -8.360185625638588908e-04 2.001229392961038911e-03 3.878914804150529710e-04 9.990114259726156406e-04 -5.389084769896168017e-04 -7.522244994858450591e-04 -6.710772038991090352e-04 6.701624219582236501e-04 -1.303479017225752257e-03 -2.824113392363635387e-05 -1.261037060320847718e-03 -5.525360293178644983e-04 4.847464788267898740e-05 -7.301071853565184585e-04 -6.409015857820245937e-04 2.636493918006313497e-04 -2.504390569243544230e-04 -7.083177640209026163e-04 3.358963868815252265e-05 8.414980903008504416e-04 -6.712354036395316902e-04 1.078192475944064277e-03 -5.124153264667484975e-04 -1.781567450065058749e-04 -9.631733824796452886e-04 -6.372231066473519950e-04 9.884545441533835325e-04 7.280438481055709560e-04 -1.304771607733821472e-04 7.709946626149299367e-04 5.616530196114485982e-04 -5.236884037800210471e-04 -4.449166376317117608e-04 -5.029946780953471145e-04 5.655390012304285135e-04 5.863752639376564757e-05 -5.814508042784896852e-04 6.865922490182397870e-05 -2.672643986724259854e-04 -1.149471802640945244e-03 1.034584320996551022e-03 -3.482853926898775670e-04 6.047612816226941241e-04 2.811894897995987144e-04 -9.764910819887651821e-04 1.317517852409403787e-04 1.473594628560430863e-03 -1.197031504432498062e-04 8.760635541688047080e-05 -6.689251788778021205e-04 -5.380067660749881121e-04 5.190944504775436011e-05 4.304887793410289696e-05 3.422094288973728609e-04 -8.366689424035312359e-04 3.057961623547104024e-04 4.251138984454195364e-04 3.711084152984490438e-04 -2.891228151187102686e-04 -4.759200143738860980e-04 5.107039991419016394e-04
-8.448642198212362453e-02 3.521319139213780619e-02 -1.693561835625114354e-03 -7.432520098775219960e-04 5.583810343972331336e-03 -4.695625001027389257e-03 -5.813029610394706073e-03 6.123656107442366743e-04 -4.014449639906766585e-04 -2.564297568037849067e-03 -2.018430468366528598e-03 -5.042941908556924577e-03 -1.172803459263412063e-03 2.703370720620361638e-03 1.920970404007245553e-03 -3.625575872134903488e-04 2.482756276042415080e-03 1.291668015464973642e-03 1.013100779822786058e-03 -5.595275775299624228e-04 3.213191721317854629e-03 1.064283139724325495e-03 3.615531122976303681e-04 -8.407882959668726199e-04 -4.070119491952825237e-04 1.937585758861251313e-03 -9.684191458299342141e-05 -9.880789651885984060e-04 -3.755643788017680538e-04 4.057405406083413246e-05 -1.971492010024018218e-04 5.999583430019073040e-04 1.334405374867538583e-03 2.872419276072854001e-04 -4.836984880142113471e-05 -2.559622039893927467e-04 -1.766094239299878911e-04 3.271151982035900977e-04 -8.094646903463757412e-04 -4.809019624100555079e-04 4.046395217012154714e-04 1.368092298412384869e-04 7.037288167409006413e-04 4.521533105235960460e-04 -3.309557270679680925e-05 -1.212267530673411464e-04 2.492406243858371609e-04 1.082222282238794192e-04 -7.510835178333575115e-04 -7.381527657142348056e-04 7.717894282677041163e-04 -8.289576543101926547e-05 -7.657261684679671633e-05 5.532462836291167157e-05 3.240874434565096615e-04 9.476674635130109511e-05 -1.776647122530535861e-04 -5.747410590702491584e-04 1.289795044718377703e-04 -4.108209565205049330e-05 3.089652919961701025e-04 -1.692469910369149254e-04 5.585459466611310221e-04 -1.840271383806843172e-04 4.613398161526463428e-04 4.740259401897239694e-04 4.684689167485444694e-04 5.259313814302448006e-04 3.686428207267095742e-05 -3.467730607423351883e-04 2.162156461051851033e-04 -5.812471146217616401e-04 8.574101618113544277e-05 1.430753070024398763e-04 8.025822283039566124e-04 1.963001327807736547e-04 5.189947033968690150e-04 1.414428861071523943e-04 2.778346870001661972e-04 -4.380424036584241554e-04 1.619290795944709077e-04 -1.076660109139513787e-04 -4.222071129255809598e-04 -2.089363210862609389e-04 3.370006047052123417e-04 -3.039345151259323688e-04 5.040304787873838011e-04 -2.655552197702635664e-04 2.226175118015863408e-04 6.525808970941953053e-04 1.076826024197955427e-04 7.685160819940439997e-05 2.973588745309547685e-04 -4.014547682136009499e-04 1.449172152244656859e-04 2.978377247760987916e-05 5.371585303617115075e-04 -2.673790274445126888e-04 4.671283120740396554e-04 9.968213111504045437e-05
-2.233518682605039121e-02 -8.398252838491472583e-03 -1.498783480973578906e-02 1.418891247839280251e-02 -6.756409487835066509e-04 5.483529030810451637e-04 3.811979331035757895e-03 -3.878912829305152313e-03 1.419796302491314194e-02 3.308196901834378235e-03 2.108835395970800296e-03 3.037835093163570623e-04 2.499440782416787084e-03 1.087554231185240781e-03 1.357908572632010938e-03 -2.173366137979596425e-03 2.472900202061775830e-03 -2.531233226206045569e-03 -1.530240738135476121e-03 -2.260865192953253992e-03 -6.883831377207473622e-05 8.229259491813388462e-04 -1.113654581379157219e-03 2.353933773372520865e-03 1.398545472340668051e-03 -1.533179376922707421e-03 5.552006925109276682e-04 1.858003863072953165e-03 1.246329145225354975e-03 2.292162035592575260e-03 7.862506234389606691e-04 4.298923234138510080e-04 -1.333586820854188110e-03 1.000232097133359720e-03 -3.612928057521628904e-04 -7.407808947044385939e-04 -1.085714350654871452e-03 1.224296866019679785e-04 -1.087042560017366767e-03 7.449792569605347701e-04 1.761057855332396824e-03 7.071577687333770363e-05 1.587263207192712855e-03 -1.614482055807071187e-03 6.137973609504383940e-04 1.603250099689181897e-03 1.956350632971661397e-04 1.573840216110619378e-03 1.068075524377654073e-03 -3.777753170044562212e-04 -5.249788704215597535e-04 2.761684963030928367e-04 9.048529810907267692e-05 1.716062146061787634e-03 -4.083574705129753494e-04 1.631584378849764870e-04 -5.205849646664497364e-04 -9.303161527661136035e-04 6.975280604886209415e-04 6.247420054431734350e-04 -9.125169108492039386e-05 -6.831988990414405646e-04 6.083537283097989251e-04 -5.500255699992791063e-05 4.070161269537676558e-04 2.111319298428939503e-03 7.522356171631500903e-04 6.124496757494401729e-04 7.548756657219200935e-04 -1.943849922680331108e-03 -1.000647776250614259e-03 1.188511186213062363e-04 -3.998172217036579930e-04 1.325002224500385116e-03 -7.455726576867197650e-04 -8.149500328232603267e-04 -7.788149501345240783e-04 1.826712781627611894e-04 1.367320090145690711e-04 -1.334860892031430231e-05 1.890049746238341285e-03 -7.360354976663973595e-04 3.258010000379465678e-05 -4.836987456236867245e-04 7.267380726620882537e-04 1.202344131222447344e-04 -1.308937595088508453e-03 9.510243026196070742e-04 1.955535504175002365e-04 1.375048283593293622e-04 -1.682624092591324984e-03 2.425718169780511149e-03 8.411622080379355191e-04 -6.811210977144142777e-04 1.347736239518224468e-03 8.796121350340067565e-04 8.334871273823438740e-04 -1.237895391497584058e-03 5.419171705662434029e-05 -7.638446399377377431e-04
-7.262912243721628136e-02 -1.218887267105872238e-03 -3.077364767236573720e-03 1.942724740448797656e-04 -2.404055837097904876e-03 5.716892787037349682e-03 -6.682399557468498771e-03 1.632461118727008892e-03 6.370581137120926753e-03 -3.040637332359037541e-03 -4.256020837265397211e-04 -1.553426787532986636e-03 2.181230814886022090e-03 4.912388315880947872e-04 3.428727057278050262e-03 -8.884602823608005542e-05 2.662689916273260592e-03 -1.705296263115838170e-03 -7.052676264650441012e-04 -9.427071805309814251e-04 1.395604739071594448e-03 -8.629209308750757914e-04 -4.846495353777735549e-04 4.269348479278282818e-04 -1.057299296172670199e-03 -1.302508598218374215e-04 -2.719677527892117920e-04 1.672408452159252325e-03 -3.811905015485903664e-04 1.069933287430067286e-03 -1.242038035796447183e-03 -1.371797043301012852e-03 -2.283722270570448173e-03 -3.162398064939557713e-04 3.581023378034270573e-04 -1.505518070574025750e-03 -6.167250468615963514e-04 9.829784306600400931e-05 7.868796798236927679e-04 -5.501433616137658489e-04 8.061304573694774234e-04 -5.320286581321926602e-04 8.641290588397899399e-05 -4.498413624012936310e-04 -1.348993527980904810e-03 -2.067384951268004924e-04 -2.170602604224392679e-04 -4.813202635611201190e-04 -2.112198058285802535e-04 -7.654683174874038227e-04 7.013444783598788475e-04 7.148279781157230919e-04 -5.692838033452225560e-04 5.590079786548061026e-04 3.996825191902987173e-04 9.578247055562969772e-05 6.504610657246740401e-04 -4.354130208498788982e-04 1.002159232807956586e-03 3.652073978505487178e-04 2.779532319896317692e-04 -9.327299600681731619e-05 -5.442592426141586431e-04 -4.350327438235943164e-04 -1.070070650287722764e-03 3.771674307832292134e-04 2.390946788235736307e-04 -3.866816126719514139e-04 -5.353024797494193143e-04 7.511294277636285663e-04 -1.177393431110562499e-03 9.144270284307734606e-04 1.826158022813880377e-04 4.253176972261532574e-04 -2.512950176709687045e-04 -4.802593608686945160e-05 8.944054735996046824e-05 -7.323661625328703559e-05 -6.532436186013999965e-04 8.789025591499422582e-04 2.069805791492305535e-04 -5.710799249434205188e-04 5.005526798320394325e-04 -1.055717626416093763e-03 -6.626128702220402929e-04 -1.144846867349531887e-04 4.576564846046701643e-04 -1.467828950425459431e-04 1.398084947382950910e-04 -4.412644112714822790e-04 1.199477900951910524e-03 -2.930333482808842737e-04 -5.350147703850666094e-04 8.562369954890228316e-04 7.257391594298687057e-04 -3.938900178049769326e-04 -4.663096898858964403e-04 3.957267288085781565e-04 4.634091903477980919e-04 3.936288393457660468e-04
-4.459631724442406076e-02 1.881773396417272745e-02 -1.551810820477769574e-02 -7.825970779259989671e-03 7.092336173602891043e-03 8.123736195451791361e-03 -1.920657563360701932e-03 -2.077277971068935535e-03 4.387641118285614227e-03 -3.733911759840306040e-03 -3.564904990087970084e-04 -2.752998128680969082e-03 3.162188734293961811e-03 -2.371121525484426440e-04 4.411415861075124525e-03 -1.892836617204542854e-03 -6.132166828810301298e-04 1.975998713873048859e-04 6.488065120885927028e-04 9.862318907197548546e-04 2.086947541502569801e-03 -4.886448747419848936e-04 -1.273686615352373442e-03 -5.052287404064010473e-05 -5.401451627560432478e-04 -1.156959296769349702e-03 -1.815645224299712330e-03 2.347879141301445569e-03 -5.436441359440890219e-04 5.071768806814164893e-04 -1.129594190228454774e-03 -1.444030782448919685e-03 -2.769234793004904556e-03 -2.099263475151279951e-03 6.696231665246637913e-04 -6.928122807252065423e-04 -1.100598333594745735e-03 -2.995669545723980936e-04 1.112364273399128658e-03 -6.347161398011380183e-04 1.841115547589946687e-04 -5.492255181424377831e-04 -1.335640246952573542e-03 -4.128716863790153494e-04 -1.102845842457243807e-03 -8.789396813231057032e-04 -5.260202089538389136e-04 4.856228973396675306e-04 5.983816024367144895e-04 -1.976773951980002723e-04 -8.434862747976266647e-04 -5.025551178320802903e-05 1.306089009741423891e-03 1.309898516164690295e-03 -1.173922678511425993e-05 8.651331003069183965e-04 9.042479229462961621e-04 1.449537684020556650e-03 7.932186863875693343e-04 5.518404526408764426e-04 -1.377502197225470180e-03 2.478332839815549976e-04 -1.034301857087579568e-03 1.405979832623854321e-03 -1.318435978033351752e-03 -1.198969782356102028e-03 -1.760208814854483399e-04 -1.365890189054261641e-03 1.558345526914030733e-04 7.227944720450315544e-04 -2.144518654380747711e-03 7.376797823845575135e-04 -3.964042651258071538e-04 -3.947995538210917824e-04 -1.333601486080574459e-03 8.291688414944954231e-04 5.051677463831789460e-04 4.562652421656619500e-04 3.398890333287913441e-04 -9.076875791807874350e-04 7.327594007416506202e-04 -6.614578602967106664e-04 1.435850817216206290e-04 5.458493805343132051e-04 -5.849344400001832683e-04 -1.805968884860206401e-03 -9.121017697286132190e-04 -5.271155357609314798e-04 -4.906683833190697216e-04 1.252047913347153010e-04 -4.564617082627218199e-04 -1.453204796688718943e-04 -1.034399408540641286e-04 1.193372606736150523e-03 8.199434347107452717e-05 -2.648581901561014541e-04 -3.665992876846523637e-04 7.524297306243137506e-04 -1.361195178482081485e-03 -8.212242550284809279e-04
-7.769993688035316259e-02 3.469733521161360440e-02 8.791183712633762054e-03 3.329947678846805143e-04 -3.979900578285997838e-03 8.459699525702552014e-03 -1.412521820425084338e-03 -2.080646718026369930e-03 1.234758118496625786e-03 -1.849094104003105301e-03 2.153947725532222648e-03 -1.751221702847864615e-03 3.944852881053419885e-03 -4.649082565255936370e-03 -3.619065138691945384e-03 -2.294747843548686824e-03 4.963308368402734143e-04 -1.730198425928221523e-04 -1.205286459859195719e-03 -9.356320300566282368e-04 -1.510507032508352635e-04 8.190948846112097248e-04 1.483971065207152122e-03 1.950151294772550781e-03 -7.892902956827853311e-04 6.340149547739861282e-04 -9.233177018816127223e-04 -4.566684080918868068e-04 -7.411355809537631487e-04 -1.273397276032700554e-04 8.051820097095361162e-04 -7.584499827446675602e-04 -1.638969241787349685e-04 -2.378075730480337299e-04 5.412798001773286728e-04 -1.589072074163765970e-04 6.715048463550364697e-04 -1.214926318946093930e-05 1.109713843016700953e-03 5.772224411031596651e-05 6.206909518454738813e-04 -6.920702355846376601e-04 5.059793376387748237e-05 5.879805913490901296e-04 4.961577332172532970e-04 -2.408787767616670384e-04 -3.209120540326661518e-05 3.166718373763627260e-04 1.008732764181671316e-03 -3.776483958739048513e-04 -6.398749431330136013e-05 8.856209602282658186e-05 4.901072326426975751e-05 -3.662623394901797945e-04 -1.043874662854588005e-04 -8.605515148164922601e-04 -3.184547445533440248e-04 7.171922433805278220e-05 1.784487811866273719e-04 -1.797247294972719183e-04 3.102804995154073535e-04 3.370510267129933038e-04 -3.109410818299551010e-04 3.870034449037260235e-04 -4.674742147745586016e-04 -8.003814162316605406e-04 3.902958948213484637e-05 1.782579185344142713e-04 4.316281686430319749e-04 1.889534868848594205e-04 8.029527225222737874e-04 2.757411349793374723e-07 9.696536462079106489e-04 9.081488975155055528e-05 -5.037722716070710226e-04 -4.518706085693845512e-04 3.437149255887705685e-04 -8.905424677074019139e-04 -5.924585087528252665e-04 8.087625827405219405e-04 -4.386868745543859760e-04 -8.857218849398890669e-04 9.487545781213684894e-05 -3.089377639478675447e-04 -6.141349440252778834e-04 9.523211796487636438e-04 -1.119960644676590246e-03 3.368487760957283167e-04 3.763669743369038503e-04 -4.683597864196495679e-04 -1.024846294407717924e-04 -1.719841096452026381e-04 -1.500291232970697752e-04 -6.440522788786936766e-04 -2.894380845243828569e-05 -1.249503161610997974e-04 6.708140622542743182e-05 -5.287399448218169014e-05 6.919781678388802664e-04 3.157753774025602985e-05
-7.227012351716094463e-02 3.983919318346386407e-02 6.397366587720498821e-03 -4.954140848504081339e-03 3.387870981544557729e-03 6.325169146637535725e-03 -5.406709495584009588e-03 -3.368567440010783280e-03 3.164094005409625113e-03 -4.049697664998312165e-03 1.205331345038950560e-03 -4.168160550600445192e-03 2.662629917940696235e-03 -2.818746670700389770e-03 2.622015439690176088e-04 -3.630211726576503331e-03 -3.249263656754108084e-04 8.767319431090033876e-04 3.546725658124275050e-04 -1.566964202276905195e-03 2.095325768954262556e-03 -2.718147258356839796e-04 2.769907891339947110e-04 3.292439801080783066e-04 -6.160149164392093651e-04 -1.564362242142528815e-04 -1.269913695212647551e-03 8.499868771877001385e-04 1.402606005122947186e-04 -8.126657054728920039e-06 7.960201735011033890e-04 -1.046755272081272784e-03 -1.198741381236543982e-03 -5.257982062236050969e-04 9.416272359532017492e-04 2.297677453745902536e-04 -2.548703769769058319e-04 7.561677732476042649e-04 9.486018508790713911e-04 1.082564105123347796e-03 -3.919033912108579030e-04 -7.934834643011281358e-04 -1.741578098422708054e-04 -1.766870908861558850e-04 -4.847974461482730838e-04 -4.642216160322129386e-04 -4.043144340478747553e-04 1.309843627061448544e-04 1.079718793772643229e-03 1.086966578169436346e-04 -1.150547878462128372e-03 -1.398228735778282760e-03 8.050294706971290260e-04 2.555683828294815657e-04 3.893861233324756089e-04 2.653359802989624545e-04 -1.717072793871843414e-04 5.801582424799630537e-05 -6.432548970004657715e-04 2.306919811761171243e-04 -6.145383220980786543e-04 -7.469627837240480292e-05 1.202207995186240603e-05 9.210805854122243496e-04 -5.584113021992696000e-04 -6.732615198138141481e-04 -2.227535239981411422e-04 -9.129313054547197499e-04 5.918309185780722256e-04 -4.951919534219941822e-05 4.512490166573959781e-04 1.432622298717377860e-04 2.168578842279720524e-04 -9.957760651413273111e-04 -9.294298803702143999e-04 -7.580954938772254911e-05 6.298082524773008237e-04 -3.496687412117003343e-04 -5.648439108707527245e-04 -1.597498824921124449e-04 -4.214848228788653809e-04 -3.699366201602725447e-04 1.895518765817031542e-04 -6.993309313146103519e-04 6.328676014649824849e-04 6.826465545768348360e-04 -5.248880571762853465e-04 -2.605179563608339905e-04 -4.607221649235740900e-05 1.192564221460245665e-03 2.674128079575134142e-04 1.820060410351493642e-04 8.582553529403799805e-04 -1.490285099877696005e-03 -7.710430569186280244e-04 -7.944720872677029982e-04 7.453460670593214498e-04 6.238491966076462839e-04 2.434172134090752462e-04 -4.239426333751883169e-05
-3.789854874054778694e-02 -7.069449467955768104e-03 6.342165520833115133e-02 8.538765705462145542e-03 9.476646781062690247e-03 -3.579668806001721354e-03 -4.257510192231350570e-03 4.000659886041224599e-04 -2.485902815188808287e-03 7.271428632417214870e-03 4.123466081381680151e-03 2.101318025918788406e-03 -3.293711972464334267e-03 6.440610635225868475e-04 2.699357541334109802e-03 5.244055770263603838e-03 -1.696227516691036332e-03 2.837700412492996866e-04 1.798830675596484261e-04 1.492129635475916488e-03 -5.392044119078194270e-04 1.672470113455225369e-03 1.482838248283757480e-03 2.025690534218593103e-03 2.118868761453845170e-03 -2.668748346047645375e-04 -4.427096711479657463e-03 1.946558915492251811e-03 -1.198297889536594418e-03 1.133096705028284771e-03 -8.555974301962994150e-04 -3.626771403970142156e-04 -5.421123954632125000e-04 -1.146417814973319568e-03 -1.677363153368852198e-03 -4.853355436917162727e-06 -1.225418968654210482e-03 2.504419166862463975e-04 -1.293898262941858748e-03 -1.425541807084033724e-03 -1.369431909770694517e-05 -1.473663992320303241e-03 8.280774778860163290e-04 1.666776917817413455e-03 -7.229867851295455851e-04 9.306044666589492450e-04 3.300029715835423413e-05 -9.759557062487121031e-04 8.310164662557935908e-04 -9.468312355386966487e-05 1.031971243582193495e-03 -1.152919009385260660e-03 -3.329440148886645225e-04 5.721542171542761800e-04 -3.341203822849743259e-04 -7.074630059039802932e-04 -4.923876547717437151e-04 -5.467462763024038891e-04 -6.662617489661215673e-04 7.987997899486729827e-04 2.646964278495899324e-04 5.053315286487779960e-04 -5.438079200110372893e-04 3.222813249157475187e-04 1.609656337995078051e-04 -1.536612738657680294e-03 1.342534766694155474e-03 2.112281137992512293e-05 9.517031496961835142e-05 -8.785990755096003985e-04 2.694570874698308765e-04 1.360337531296096781e-04 2.190263586722410909e-04 -9.138929409732072552e-04 2.046638677419356813e-04 -2.955103521282072569e-04 1.277416481962525684e-04 -2.626699656440316844e-04 -3.028792887698536626e-04 -9.334681620268861718e-05 -4.492075117952495152e-05 2.508238751261046871e-05 1.429415306821687538e-04 -5.379439933305557586e-04 5.033147730732908613e-04 1.895671912454601924e-04 -5.727129550490586783e-04 5.367275800331228907e-05 -1.304144465119947251e-03 4.226143911941153256e-04 9.156981981991250269e-04 3.090905332038648332e-04 6.956793674562891834e-04 -4.014120264104144081e-04 -5.663291470985428377e-04 -2.184189149683949218e-04 3.622450895137066941e-04 -6.012026465797107875e-04 -3.920237356933210663e-04 -1.040262843951704280e-04
7.949455079187681128e-02 6.833809970287971214e-03 5.567996661248622581e-02 -4.667776037905750804e-03 1.897528558966917606e-02 -3.267420945096315057e-03 8.509665462862804966e-03 1.107827179805166533e-02 1.287603733079791760e-03 -1.018566039051959412e-03 5.563383845961063223e-03 4.700677057756265376e-03 -2.060128784990820222e-03 1.077191370282021537e-03 1.828285121670714542e-03 -2.371484038163975978e-03 6.836580495857244892e-04 3.475319131323970512e-03 -4.361403272866055947e-03 1.427186044347127959e-03 3.616537295929122316e-03 2.254228025518162284e-03 9.201499960233855023e-04 1.566446712830160334e-03 -1.772686154355302074e-03 -1.708076823405680874e-03 1.523638244514046716e-03 -2.334641855880362823e-03 4.181868651628349413e-03 8.551195983438762867e-04 -1.553565437249035017e-04 -2.738463820601650441e-03 1.127108781988833209e-03 -1.365902998422244188e-03 -1.044348410779351327e-05 3.035952310537542043e-03 4.565599553301115041e-04 -1.737112441377050001e-03 4.038358243120915791e-04 -2.509789035886749418e-03 -1.899519252702437221e-03 -9.688489482176099177e-04 -1.425977392082310993e-03 -3.677391184281548261e-03 -4.198332707861282109e-04 1.773641169621769818e-03 -7.944428762151276024e-04 1.306749339379496139e-03 -1.007217451465969998e-03 -4.117007562305041127e-05 2.336897611325928028e-04 1.947911817233548932e-03 -2.039010444246791651e-03 -1.371053114582801912e-03 -6.254886981730777267e-04 -5.076654085042187591e-04 6.915049259406844085e-05 2.365915248771385229e-04 4.510041914747590832e-04 2.043400986321094093e-04 2.947935182876976526e-04 -2.754178556447781437e-03 2.068834237182180878e-03 1.151220218320544260e-03 -2.063531564982410641e-03 -3.912188726564926750e-04 -1.036183470648035501e-03 2.264404497601923397e-04 7.432566842437335862e-04 -5.093542111935947872e-04 3.880759590197470658e-04 6.406125566427414882e-04 -2.969295729380390554e-04 1.523475255201174096e-04 4.554860920868888507e-04 3.800955716153952071e-04 7.099541278535776052e-04 7.686440858842535613e-04 5.492956557640843018e-04 4.386412580041205403e-04 4.075676328740260356e-04 -2.098118163177185955e-04 9.350814842297277814e-05 -1.828961235917560160e-04 -5.556521284645014186e-04 2.802775097549218132e-04 -3.339840453544232939e-04 7.176345585000185382e-05 -2.097660226487957998e-04 5.056120093581824250e-05 6.865866114485903162e-04 1.568109631614867489e-04 2.057913531072934950e-04 -1.851926809188443243e-04 1.254514776515851162e-04 -3.657705482438440570e-04 -7.418429555944432998e-05 -4.017335390186278928e-04 -2.878204275777124861e-04 -1.636502490687572300e-04
-5.122156675055952735e-02 3.683446374685769853e-02 2.380242076340557955e-02 -5.116901001160809384e-03 1.193748425614812002e-02 2.612997937137624595e-03 -2.229429323346944925e-03 -1.655182923220618711e-03 1.900353413671102172e-03 2.400914529944031452e-03 2.555852795390537672e-03 -2.454985838283019629e-03 1.067392316734732749e-03 -4.211755402691801098e-03 -1.278270056929046300e-03 -2.794415365676628481e-03 1.313366840675405647e-03 2.407096389556894183e-03 1.523351565240058797e-03 -3.082741321024517361e-04 2.726312889244779641e-03 5.893666195424929590e-04 -2.282795482555474535e-03 5.855629202442114286e-04 -5.420407646596286195e-04 1.160732659954847321e-03 9.919255037267684684e-04 -2.137495320327499984e-04 2.604524429217976254e-03 -7.719318631866281923e-04 1.986389532302204781e-03 -2.489034616270237961e-04 -9.126748705672105885e-04 -4.796559087734525960e-04 1.443730828144513308e-03 4.998071976277416529e-04 -9.949769209059385923e-05 1.297312858728243362e-03 2.173723364729920546e-03 2.562712117679109489e-03 -2.629631056667400160e-04 6.507940837120733011e-04 -9.212837540363473130e-04 -6.089186092398670650e-05 -2.034428166639357712e-03 1.654493388212743138e-03 -1.551189049855371694e-03 -8.872015918281687258e-04 2.903546903203707910e-03 -6.601269499786396183e-04 -9.979464856513743567e-04 -2.036832142227824275e-03 5.288929055644770198e-04 2.409685254771757571e-04 -3.479188694982095556e-04 1.451515171945588854e-03 -4.114505515233089555e-04 4.949019407001005628e-04 -1.749682651485648865e-03 1.001359285463389315e-03 -3.283084463482540132e-04 -1.750806740477472891e-04 -2.668419321880011359e-04 5.643220032737728768e-04 1.381465143006634327e-04 -7.582809041017517541e-04 -1.199534146770407200e-04 2.219746867237745789e-04 1.500905620574591087e-04 -8.475013261542613295e-04 1.244887353588089007e-03 -2.207679368534785523e-05 -1.058142374473796570e-03 -8.681131450921843618e-04 9.395556175966374721e-05 -8.586610759858503538e-04 -1.110824355431752229e-03 1.642197408720121846e-04 4.289194266129526373e-04 9.140702332798343686e-04 -4.029627802654900046e-04 1.337152190348918791e-03 1.735254102147270987e-04 9.247408724844904298e-04 6.893280031505259666e-04 1.245622146134717006e-03 1.127434179498801531e-03 -4.262784598098890440e-04 -1.424794252417632050e-04 -8.972270338063752411e-04 -8.575483798806222621e-04 7.443758179248105913e-04 -1.767012368207685142e-03 6.134801424278302868e-04 -2.618815360242856627e-04 1.585955432904544030e-03 -5.125738421970587287e-04 -2.497949452583706148e-04 3.694486031975422933e-04 1.607276827684913430e-04
-8.572435240802266099e-02 -2.434357952703691125e-02 1.839162863928982695e-03 -1.066763301781688440e-02 -1.098386054631426273e-02 -2.913495254014453455e-03 -6.109973763406930866e-03 2.042849507553540656e-03 -4.117898234212247763e-07 -3.626467130473412428e-03 3.582170819556870041e-04 2.206352230321554763e-03 -8.129398031953340446e-05 2.183888881948605875e-03 2.121642816804055192e-04 1.836326685362593984e-04 1.345946701305622724e-03 1.955196502505133181e-03 5.365815238133189507e-04 1.234731825439786598e-03 -5.703338869586360022e-04 -1.918840509791567249e-03 -3.442432577086966582e-04 9.692538604013393663e-04 -1.218228004895191801e-04 -5.841151410050020136e-04 3.388063781174461891e-04 -2.090630576053985877e-04 1.287527454370040786e-04 5.217149524851103686e-04 1.116142120368127013e-03 1.811149583558707232e-04 -4.006609204330686871e-04 -7.852790789294537398e-04 1.904749900281798832e-03 4.631587845889757922e-04 6.551878414587334210e-04 2.074419219442763149e-04 1.534061334112060205e-04 -2.658331146952463975e-04 4.578098802899876530e-04 3.316673314864831273e-04 5.503554914914961411e-04 -5.022017326937703186e-04 -3.026043777296705045e-04 2.482676227830278188e-05 -2.824273309699827823e-04 -4.350568773782185973e-04 -1.233904224323466672e-04 -3.480843310108724898e-04 7.293515833089095736e-04 5.442964435608912580e-05 -2.376921909123577681e-05 4.454770577740370234e-04 -4.097270834636841815e-04 5.863446278083536255e-04 2.919007664521260439e-04 -1.326943813031636994e-04 -6.449537268477467883e-04 1.861158851813020799e-04 9.124450199628645957e-04 -2.089900346355840226e-04 1.600077612742274822e-04 4.755733405172278539e-05 2.752927601025382089e-04 -2.498151876235851451e-04 6.143697803039191614e-04 -1.826577143877318010e-04 -2.237076518701252258e-04 -5.593067098760867066e-05 3.910766664760969343e-04 6.314110707532769517e-04 -7.772867207109913999e-04 -7.460789016047002491e-04 7.695841195703110324e-04 -6.596734434902949955e-04 -5.945173204913777130e-04 -6.348219496330922539e-04 -1.418112768250873906e-04 6.023760107746039574e-06 1.223175373600909823e-04 2.295607601984056229e-06 -2.911254248266023788e-04 1.085441471104339653e-04 -1.103046196582481680e-04 5.533677121295036707e-05 1.266126968289425162e-04 1.243813090226235309e-04 3.601083980035757232e-04 4.763341347479164620e-05 -8.179301349136930887e-04 -1.595566276552197514e-04 3.112186396531497709e-04 1.117817682196394651e-04 -3.867931254284906950e-04 -3.334840004444822271e-04 -1.715149162496280063e-04 7.098950145038530532e-05 4.633310785115882214e-04 -8.416801638901015548e-05
-9.167312873454319666e-02 -1.948931292920680694e-02 5.637796961689157602e-03 -6.178036954497133706e-03 -1.268662125513638980e-02 2.702857457578412576e-03 -9.964460089677070961e-03 1.793773891896148108e-03 2.688328287064868649e-03 -5.102668226800038259e-03 -2.506956501589052926e-06 2.634814815980061811e-03 -1.357251511264956822e-05 2.830346045971747319e-03 1.159733048895841400e-03 5.720073724187061445e-04 9.177822669461834903e-04 -3.238970503708845121e-04 -3.863257994595443805e-04 2.573972225236398435e-04 -7.649604537056008612e-05 -3.082133803147130320e-03 -1.003745358826551269e-03 1.060630341991188746e-03 -1.172239928334657027e-03 -8.904794175745102446e-04 -5.494727705840478111e-04 1.025868255536844381e-03 -3.197104211912077929e-04 -4.681454515638503019e-05 1.095565240644181561e-04 -1.030973566176792214e-03 -4.704427248983272976e-04 4.457512674959232882e-04 7.193399955925919211e-04 5.330481065486516524e-05 4.319066818121119989e-04 6.982161667082320555e-04 5.770127028640969049e-04 -7.732876751911051724e-04 -7.122156112810816174e-04 -6.608282421431598214e-04 2.833816615139814806e-04 -2.392692227246410533e-05 -3.874517488972451353e-04 -2.501207775995850885e-04 -5.079235108019167916e-04 -6.149716794452298602e-04 -2.792315662835523414e-04 1.246266673148227803e-04 7.288844187166547287e-04 -4.226904930241790793e-04 -3.822100870592657360e-04 -3.906015499846378792e-04 -8.234895742204339814e-05 4.414178788696138502e-04 -4.319871816430761324e-05 -4.997106913967577693e-04 -7.001610882471229680e-04 -3.631797012978940924e-04 9.280241815471236382e-04 -1.063705469597039959e-04 1.851221721060192357e-04 -1.364660550283883309e-04 -1.680051684255929592e-04 -1.741435845429755499e-04 9.175929022573188314e-04 -2.566989425066396567e-04 -4.964330767012419378e-04 6.697909381879959558e-05 -1.705663360623856626e-04 3.341948687630492986e-04 -1.070061562404972608e-03 -4.338884291257331070e-04 1.058069595375137019e-03 -4.416539406221746270e-04 -4.041838883112088953e-04 -2.422840076362491361e-04 -2.122393141678797796e-04 1.680426730060479736e-04 -4.039596474937491685e-04 3.400255761576905520e-04 -1.090962325000988722e-04 -1.756103804463161682e-04 -5.050929934011365871e-04 5.372908493922068254e-05 4.984432268356218986e-04 9.205876438356180933e-05 4.579195548959176716e-04 5.729545206580160806e-05 -3.306030725547181529e-04 8.217461479969515156e-05 6.167238500709559118e-04 7.484481601255179076e-05 -3.663706710039307812e-04 -8.501059480533098818e-04 -1.246290611038998691e-04 -3.752204939131545728e-05 2.705956299569114987e-04 -2.183622476789591436e-05
1.007826990857910998e-01 -1.798593880052047622e-02 3.912502152344517203e-02 2.202545653209817683e-02 -5.960387981446493453e-04 -1.290566635166706276e-03 1.008075049218246783e-02 2.635525047454469715e-03 5.009181176068601242e-03 -6.541864135833625263e-03 3.997013308333914605e-03 -2.115409524535715596e-03 1.173364770060492676e-03 1.159616937009573480e-03 3.523255938916424086e-03 3.029230287850982468e-04 8.980053820622329848e-04 2.883400992976659495e-04 2.225252759962148379e-03 1.249490904185728696e-03 -1.079419734110549992e-03 -1.507980265607924454e-03 4.462102279470438020e-03 2.644258482771890632e-03 -1.999737106244343313e-03 -9.695117652657303910e-04 3.253197761554496104e-04 2.691617705321091777e-03 -2.120238149229667669e-03 -3.994453075260381500e-03 -7.830196923429993700e-04 4.687561117087146213e-03 2.086218775164770840e-03 2.077885282523145739e-03 1.446790998362571965e-03 1.362942679278668487e-03 -2.030858428495015480e-03 -1.589151465283427257e-03 1.094567824628930744e-03 -2.509300579641059875e-03 -7.236495975963196884e-04 1.838895607505188683e-04 -9.020460111948274979e-04 -1.675460304296209468e-03 -1.674105809475360173e-03 1.268002468167342249e-04 7.000636732038089240e-05 -1.773019723916219531e-03 -1.065412543355924013e-03 -5.705242877516434642e-04 -1.276672547876829805e-03 -1.439058168637532111e-03 1.447641651218590066e-03 6.029903924178208656e-04 1.063134056481283710e-03 -1.595205953932152384e-03 -1.215918407546725828e-03 8.958596709554170017e-05 -1.335929540630983146e-03 9.160861201031212254e-04 -1.116592836554367030e-03 -8.754908412119599345e-04 1.637234589501052463e-04 -1.661818626050421159e-03 5.736545221663551242e-04 -5.590454430318594469e-04 -4.378050089541228574e-04 2.684546927064915180e-03 -1.183916948856376770e-04 1.003050704635296062e-04 1.723538154954771444e-04 8.627603802338384064e-04 3.757833390705584450e-04 -1.101026389891035214e-03 -1.176514067336466730e-03 1.285953950101552824e-03 6.143873921724563860e-04 -8.135568103342618240e-04 -7.135566310139320346e-04 1.967848507489565848e-04 1.483435231582081869e-05 4.651254728217124363e-04 -1.510866664282043792e-04 -1.440672162458722946e-05 -8.743508296747125070e-05 -4.333378861463994792e-04 -2.846129797132736206e-04 -6.119648559666705876e-04 1.361803240881720033e-04 -2.770438692459823056e-04 -6.879355912559845807e-04 8.361523692558489335e-04 -2.685040904899133355e-04 2.693121186466587540e-04 5.829593148575132984e-04 -8.093889936239293881e-05 2.542940388456575544e-04 -2.018681845189165976e-04 2.404919780365526638e-04 2.616405390094700282e-04
1.667814125826035665e-01 1.428291976746239901e-02 6.339018510433217261e-04 -9.279632571023559498e-03 -4.970825054530857157e-03 -2.310736716671908750e-04 -7.272488978798681124e-04 1.723400719769337380e-03 9.880689362256405220e-03 6.741643807169670584e-04 -1.386337354943765376e-07 1.737619780473550731e-03 1.280547349044498101e-03 -1.269947872994300604e-04 -6.116677425573572744e-04 -1.147873273086795140e-03 4.050692926074648224e-04 -1.228318069332251039e-03 1.715973881953604960e-03 -6.788197932722045370e-04 -1.487240116719683314e-03 -1.914137729232000956e-03 1.151220258728164001e-03 -3.200788386980773365e-03 1.252847409781974270e-03 3.049633165894691592e-03 -1.558264751286205299e-03 -1.706452437349606846e-03 9.323736318367333638e-05 -5.229447029834533630e-04 -1.210786360431334455e-03 -5.492237772875415650e-04 -1.919754029755895959e-03 2.514436320431482448e-04 1.201044989654311479e-03 2.520079365526836819e-03 -2.094866697384994286e-03 -2.064240659463343480e-03 -1.363286113773734369e-04 5.740719613264617938e-04 -7.832817623323890931e-04 -2.202404453435844248e-03 1.209199900913717103e-03 -2.226410446797337473e-04 4.110528115057227212e-04 1.041660322940611127e-03 -1.331366965561311955e-03 -3.398517888359395040e-04 3.346429485590040882e-04 -4.756273483687568611e-04 -1.497971749286210186e-03 2.793570676139644918e-04 1.501161540626796791e-03 1.596566386230036019e-03 3.137458483400094454e-04 8.931275653032770242e-04 1.457283943304267569e-03 -9.619803192610513814e-04 6.010563400873215716e-04 -8.370845671267705505e-04 -6.753852817845960356e-05 9.937009100538026374e-04 1.637799720857900177e-03 -4.712826598080958602e-04 1.750819190868202133e-04 -1.315447855623973119e-03 2.057072597612715349e-04 1.362111970387096900e-04 5.278178628462606054e-05 2.731757676365697738e-04 -1.632357600213996205e-03 -4.527659749035046512e-04 1.563708446618376855e-03 -1.794744980142480009e-04 5.745594874475471554e-04 2.276823438859088098e-04 -6.462742518449701842e-04 -1.172730052781336161e-04 1.716505711884391610e-03 6.704350423984879737e-04 2.484416141502977446e-04 1.037487758022855337e-03 -4.767964951351872250e-04 -1.608365638648653548e-03 -9.613875673436881859e-05 -4.693558064763948563e-04 8.132330340777487723e-05 8.441586926690158041e-04 4.402034734931649373e-05 -5.610995437796609643e-04 -4.784881626217116191e-04 -4.543722435639600495e-04 2.375208212814181605e-04 4.719804233295935925e-04 -6.468016268891179981e-04 -9.930857422694239819e-04 -6.725071307806264852e-04 -1.470280857875877348e-03 8.671781460619054334e-04 5.213053514637401749e-04
1.782629648153065127e-01 1.292915022886773242e-02 2.253661597560827415e-02 -1.094582974123618595e-02 8.126081328747899839e-04 -5.362818499941972468e-03 2.309646545694991632e-03 1.169482997229414484e-02 3.815910151652309682e-03 -3.167313010863028518e-03 -1.539712987465085984e-03 7.477953409145214310e-04 -6.524466378396941418e-04 -4.759889861880118385e-06 -1.863699879440991513e-03 -3.642599999760501653e-03 -1.705936969376136022e-04 -2.634097616623191484e-03 -1.912566802033699746e-03 6.041503103571665691e-05 -2.724862392428732401e-04 2.475914846413628488e-03 -1.364998143110140137e-03 -2.198730111396912830e-03 7.936120826080282371e-04 1.016382768586421368e-04 -1.815306147597779956e-03 -3.750650838406786500e-05 1.653831135744535758e-03 5.721263799609230261e-04 6.736200411920492204e-04 -3.545230988397369122e-05 -1.452083347592129621e-03 8.510454467676791207e-05 1.924824336918139981e-03 2.370740107517077359e-03 -1.539188239408936613e-04 -6.656057012066177213e-04 3.526548320221619304e-04 -1.334450815299666150e-03 -3.607408552020858160e-04 2.051113275881242517e-04 1.859304268386968891e-03 3.941094752187217183e-05 -6.322530189368559279e-04 1.174597813007931691e-03 -2.698983094738989074e-03 1.961437229168694015e-04 -5.665016202020504857e-04 9.320034256573697445e-04 5.988900166298392501e-04 5.994943524419630958e-04 1.834198900228056154e-03 5.369089655743680776e-04 1.565684337541438939e-03 -1.098185190246095573e-03 -8.039584951675594242e-04 1.104533777227236337e-03 4.076028704787487255e-04 -5.904615186412867341e-04 5.800468258830729449e-04 1.628953419480006978e-03 -3.000206378369472851e-04 -6.658447300558499376e-04 9.534897130198967787e-04 3.526341626293975776e-04 4.297276619996061482e-04 -1.953380991104103955e-04 2.070162713111936429e-05 -1.508340771949825292e-04 3.658097311664054501e-04 3.042814110838464297e-04 5.587539747954021075e-04 5.230108540003234425e-04 -4.907627339842688188e-04 3.316179150965935869e-04 -1.199189498378168921e-04 9.575394297811198538e-04 -3.914366871226245296e-04 1.975664885147204958e-04 -7.578841790532557933e-05 2.313952877796141201e-04 -6.998679283603580562e-04 -5.078268850416759730e-04 4.462126715891647356e-04 -2.955647343448383063e-04 5.565633316815378571e-04 1.044984539559617141e-03 5.974874483699429062e-04 -2.922869147938916791e-04 6.972556564348313015e-05 -9.191275180287420245e-04 2.483752423634545074e-04 4.740473221636702086e-04 -1.605578347280820937e-03 4.299583039980133187e-04 8.715918501512213501e-04 -2.215240194413273071e-04 -6.001806160086780575e-04 7.483064443451143202e-04
-8.459152237232793470e-02 4.998473521711057493e-02 3.723402139794622281e-03 5.642281212407949595e-03 -4.857095195982158962e-03 1.596496291908031800e-03 -1.109241675094577314e-04 -8.636007010560866216e-04 -1.616254632711287137e-03 -1.404208982620822705e-03 3.176911251883579677e-03 -1.845044697879885502e-03 5.606639641326580234e-04 -2.919171121103040275e-03 -4.415225240320368692e-03 -3.629890067865453474e-03 -1.932476722658572768e-03 -1.688083202226749017e-04 1.653567865456950239e-04 -2.241555348424126032e-03 -1.746021755912396207e-04 -1.403818122411352955e-04 1.861766454994816938e-03 2.081409463101255471e-03 -9.463926274248575131e-04 8.241114293905529376e-04 -1.018174556053172040e-04 -4.919226750422156990e-04 -1.117478693117843674e-04 -6.173745147382119760e-04 -7.466594078835371887e-05 -1.940256770979433736e-04 -4.339435560803672483e-04 -7.840195769815263074e-04 5.578033306102314918e-05 -4.311678323793478895e-04 3.742414081195912737e-04 8.394709369303419424e-05 -9.551915354159217593e-04 -1.270252670034643797e-03 8.407882171569884371e-04 -2.422432585418149488e-05 1.139071434503786701e-04 9.714542244093944548e-04 3.451329138179841209e-04 1.817360947740132319e-04 -6.467930604625234418e-04 -1.510027926817033867e-04 -4.679934713849246141e-05 -5.744152995501808790e-04 4.086492757395415753e-04 -7.157686051501421906e-05 -1.595125933794015228e-04 -3.044725027529853151e-04 -2.422532419043267832e-04 2.527686785513139360e-05 -4.097874418834019381e-04 -7.408265404956055050e-04 9.123681066929786334e-05 2.674716068305889533e-04 7.685593930538366959e-04 -2.283000377441894669e-04 1.216315938412810145e-04 -1.292304760636198449e-05 1.030728126161057853e-04 -5.081968466981561785e-04 7.401279077573164012e-04 -3.354472237854483449e-04 2.472206009506966299e-04 -6.406835160724275712e-06 -5.165929359351054080e-05 1.295069448033146753e-04 6.902058737455275860e-04 6.174211044682961249e-05 -2.213684199564284094e-04 2.372203873659061791e-04 2.865278835628647081e-04 -4.327666683110437769e-04 -1.693035449017486836e-04 -1.092819617613037075e-04 3.749077296869089931e-04 -4.818129851389806192e-04 -4.016302363965265827e-04 5.692277563078057198e-04 -1.016667103540176394e-03 -2.961209480189990004e-04 -9.956246269257383943e-04 8.651041482752519973e-04 1.987187067427694681e-04 -1.619661412775117305e-04 -3.570604353440668126e-04 -4.457665954545655929e-04 2.679194660037717926e-04 -3.797494478825776771e-04 4.193599322430178696e-04 -3.829147842708532706e-04 1.412878684668530428e-04 1.286276173558570011e-04 -1.335164671473276028e-04 8.239891196842241618e-05
-7.814771230518804956e-02 4.107075936246720738e-02 -1.433512251364386231e-02 6.758777639885478472e-03 -2.670783446211701193e-03 2.701655799002663800e-03 2.592389944487455758e-03 3.114789001430519951e-03 -1.353082141141915022e-03 -1.540031943955984641e-03 -2.803386731583295838e-03 1.635353730990759657e-03 2.002144927306852371e-03 -2.823339563340775300e-03 -1.801817512090871055e-03 7.852361990360556777e-04 1.001742079097731747e-03 2.172668556331542569e-04 -1.101647593011223763e-03 1.133935714182722487e-03 -1.533981165347061146e-03 6.103439063903998629e-04 2.531719372108704076e-03 1.965897073028200544e-03 2.292112223730419349e-04 2.783813494493482185e-04 -1.441935533473199084e-03 -8.250886667341319602e-04 -1.788585559206801179e-03 2.529143427429165927e-04 1.328533422759418253e-04 -1.374351446421728795e-03 1.503083618174036375e-03 5.539806660429457633e-04 1.492295311751275005e-04 9.961153236735435876e-04 6.802563550411718776e-04 -1.676704834794361999e-04 -1.174651028927992027e-03 -2.695874267885745934e-04 2.534631007374976578e-04 -1.134253580484264603e-03 1.405976818060146937e-03 -6.635450964219547073e-04 8.095473892168724697e-04 -2.553288180169366100e-04 4.641009720672100423e-04 -3.354630884688445920e-04 -5.637244759601865588e-04 9.023443630921764618e-04 -8.502182202976860418e-04 -7.709085488887539462e-04 -9.539578796702218250e-04 4.141190467953431644e-04 3.476012497783339292e-04 2.107703545888617888e-04 -1.698562366084113793e-05 1.487379100923116263e-03 8.291360339747291287e-04 -7.698383077464161707e-05 -2.234261040344138268e-04 1.153689580992213357e-04 -1.044157790827640635e-04 -2.857228074438499812e-04 -4.046146983630002133e-04 2.170194776637618330e-04 -4.129975561855034317e-04 -1.830606042810754537e-04 -3.076532739975410360e-04 3.571520563805637496e-04 -1.391283428532878611e-04 -2.264211119522175492e-04 -4.001625955953536031e-04 1.394987358139337073e-04 -6.571702997865987552e-05 -4.321436353628869357e-04 -3.329734728744240509e-04 1.729348318799570311e-05 1.992035674726266522e-04 4.498050804249361409e-04 -1.681285521190601880e-04 -6.034086730783770914e-06 1.197676174542503202e-04 2.655287520629020896e-04 1.120377153564483920e-04 1.969052653993305906e-04 1.766036528340038999e-04 -3.683139236960318488e-05 9.759808450769513592e-05 -1.259751474443215218e-04 -1.002202408162561364e-04 -8.248875681661732399e-05 -2.255433981007242664e-04 2.514354464318016222e-04 -4.999573464064797516e-05 8.846643765155018943e-04 -9.802774194299837388e-05 -3.154121598685073432e-05 6.350221399087837290e-04 4.472748438658233567e-04
-7.449754975863992490e-02 4.816468428075089403e-02 -1.888649935435687821e-02 1.198015253183981610e-02 -3.022860652786026666e-03 -4.313290692779635639e-04 4.434264336238129614e-03 4.167790513738978651e-03 -1.773658628228297731e-03 1.447961128615623512e-05 -2.707549986839100521e-03 2.184176615856040123e-03 -1.423397943743317075e-03 9.394487213291976072e-04 -4.719112726568433704e-06 2.427894182443528920e-03 5.652460646607997607e-04 7.547298880365382835e-04 -5.277094031338135614e-04 -6.705263934766152872e-04 -1.650575435948410717e-04 1.866600433433151076e-04 1.049126346507575289e-03 1.505278312854090971e-04 7.571836731378439990e-04 -1.588685365953483391e-04 -5.416396617335689917e-04 -6.460666110082047427e-05 -4.745064891681778879e-04 4.000518129911828337e-05 5.163182498285169087e-04 -4.475408513185225815e-04 2.061971251964413426e-03 8.372605181459400435e-04 -1.176921906662816564e-04 1.222928097493636941e-03 3.592267883555655948e-04 3.633363821721673583e-04 1.905105005293241955e-04 9.330444497494133366e-04 -3.851035711033119692e-04 -9.153023327653319989e-04 1.252417514927036150e-03 -9.146230137756990479e-04 6.870666655397272360e-04 2.982900467280842844e-04 3.852540294958940303e-04 -8.292428160571276886e-05 -6.682858197811650594e-04 8.499891601299846807e-04 -1.125582220659008398e-03 -4.314687766372471444e-04 -4.431341858333008176e-04 6.401395341261476805e-04 6.330527202901069066e-04 6.850507277050528823e-04 1.792846925953685280e-05 1.492503551123509518e-03 -7.858666115613412281e-05 4.023015886974995307e-04 6.276120563796062999e-05 3.856805746293557160e-04 -2.176049394402540082e-04 -1.629248212523054463e-04 -5.179891500144905795e-04 2.476426731781310688e-05 3.682288963965333478e-04 -1.118931450878517882e-04 -2.473779841371998066e-04 4.615018228830931120e-04 -6.585104387871037199e-04 3.234892028818736739e-04 -1.066019795143588206e-03 2.334826919848844579e-05 2.675189614840385545e-04 -2.719321520956247888e-04 -4.528626869708929879e-04 2.087607155258909113e-05 -3.730636923064690991e-05 1.356203457496934757e-04 3.282299324399611581e-04 -2.938426802431574940e-05 9.675042433535669512e-05 1.640946161187108372e-04 1.122880635915261892e-04 -5.390230608416350265e-04 6.504064219246899221e-04 2.376868161720513851e-04 -3.447038251188671893e-04 1.040696471135646201e-04 2.139499499333972501e-04 1.842934031716177872e-04 -1.837949901016480801e-06 2.442704464512018446e-04 1.721281052142002157e-04 1.257298925391375029e-04 -3.396013038054945723e-04 6.330230236463963106e-05 3.945302098182323604e-05 3.771662308893327319e-04
-2.940081033983237870e-03 1.762982786682915776e-02 -2.767570023063208474e-03 -2.018032379556375377e-02 2.269052413957298175e-02 1.289060512299610925e-02 -3.166520851862048708e-03 -3.960489316939869511e-03 6.096244964984389066e-03 -2.053242701437625693e-03 -5.689271629029198606e-03 1.436516208764455037e-03 -1.057081688805643896e-03 -2.031512127448587782e-03 3.791222706706149671e-03 -1.264500782211793383e-03 -2.483347345863001331e-03 2.420481949852575001e-03 3.327554041160751385e-03 3.749884071271898526e-04 7.695816364925020178e-04 9.584993477320481519e-05 -3.411783087923488198e-04 -2.042431114841625726e-03 6.337200925966869885e-04 -3.017165933126083818e-03 -4.855388553172083205e-04 1.717745144159562231e-03 7.003296649838262194e-04 -2.336572791224548421e-03 2.380320105341334185e-03 7.391245805844509241e-04 -3.197768433944202433e-04 6.021957874244447976e-04 -2.604586699209067262e-03 7.881405194962654763e-05 1.569478890920916487e-03 -7.134916974629840853e-04 -1.360237378430753348e-03 1.590553465499995297e-03 -7.981798602095734833e-04 -6.309685233407494060e-04 -1.216921241352595393e-03 -4.992846710591293926e-04 2.198192451490966429e-03 8.805948353672544884e-05 -1.711684871156809876e-03 -9.867404323272578170e-04 1.396954082076746226e-04 1.496250967472679573e-04 4.431531170838947211e-04 -5.751393017099991171e-04 -2.118144001725894303e-04 4.156786207417883204e-04 -1.654473522852051206e-03 -2.567925464863886516e-03 -3.087969366748028952e-04 -1.730893114158621633e-03 1.963422034728964320e-03 5.034119206492459076e-04 4.521627207673234146e-04 -1.396191419974693228e-03 -2.269621991415630622e-04 -1.635432343522414973e-03 1.409779490904048641e-03 -4.256861750791019763e-04 4.253484835753487442e-04 -6.197561426229009638e-04 -8.599684217592041841e-04 1.826430644586218149e-03 -4.550153378117975981e-04 -3.515184944720902717e-04 -5.769048814826195810e-04 -6.864137862690420375e-04 6.318891196172237400e-04 1.073242286438162734e-04 -3.332081606206059934e-04 9.634254829056744995e-04 -1.511192954525288849e-04 7.586316647550890363e-04 5.757960708608966327e-04 3.610640230745724831e-05 3.680310622417146040e-04 1.063391306995653410e-03 -1.038800466633927558e-03 -6.952106905921798296e-04 1.059946142795697852e-04 1.585033986363390719e-03 -7.316390636229298881e-05 -1.001102786587222465e-03 -2.023619668991686639e-04 1.058205783075779997e-03 7.495391928366251072e-05 -8.471750891086165893e-06 -6.526781605487418504e-05 1.411125049898607055e-04 -3.893622005590180999e-04 4.543224599391945369e-04 4.321511223932427608e-04 1.551460552726730233e-05
-6.475773293175290934e-02 5.198809515553624860e-02 -2.575682442220071644e-02 1.108999591318971488e-02 -2.424974089302470680e-03 -2.742650210362759453e-03 3.760951970639411085e-03 3.043900790152823804e-03 -2.422479714827796733e-03 -6.664762480463132461e-04 1.029308530394895964e-04 1.932843303044128481e-03 -2.688713710723919948e-03 3.644038863377059134e-03 2.539182125504500960e-03 8.636115029386990652e-04 -2.579424267894234873e-03 7.014500437631927777e-04 7.957563231656732605e-04 -1.183878494699372799e-03 1.441550090385556346e-04 -6.187816078848100854e-04 -5.469802718121880030e-05 -1.673407207627338302e-03 9.802349656713403841e-04 -1.254808593371022508e-03 -5.013031307802259849e-04 9.132459823161999824e-04 9.842134542803057055e-04 7.275307311167596852e-04 -5.020139065708081622e-04 3.143917874155536781e-04 5.741896610542455374e-04 -7.612145984096432014e-04 2.042114340123629820e-04 -3.494463176703665216e-04 -5.053133599647139252e-04 -5.268592008245336300e-05 8.497887053464585165e-04 4.768156837670065105e-04 -1.830491284811472863e-04 4.134875916475748387e-05 5.370314795873948506e-04 -8.218716041780746006e-04 -6.136950791859058100e-04 -7.530045461745528933e-04 4.799210651748552197e-04 4.132799712042586828e-04 4.374260592849968160e-04 4.339606385560386653e-04 2.429831088094124090e-04 4.572435396395823411e-04 2.766801035011108535e-04 2.242207355154616241e-04 3.999789396230479999e-05 -6.051059341291478277e-05 7.663776858399994280e-04 1.118295632594736846e-03 -5.223082937775286446e-04 -6.511206334192123045e-04 -7.624807603569798030e-04 5.940000425176650799e-04 -3.916370663528688555e-04 1.053995466009448160e-04 -2.920757966583488116e-04 -7.406416679240168210e-05 -8.610845732805031717e-04 2.075881481578017876e-04 -1.190319616934573779e-04 -3.440020640062706517e-04 5.676420542737978421e-04 2.084603174559837482e-04 -2.284003411026831493e-04 -1.591439629308647288e-04 -2.101117840031614854e-04 -3.792753922986632299e-05 -2.748804851124493132e-04 -5.882612035629773174e-04 1.089613498761917012e-04 2.014209336689621644e-04 -2.521634042994807937e-04 4.263118890490419778e-04 3.289353025289806342e-04 3.613492404584635375e-04 5.606537607664764406e-04 7.738688015075157779e-04 8.132313470240624606e-05 9.133444322048112898e-04 -1.370407617304426136e-04 4.064957402763774328e-05 -5.913696689733420088e-04 4.595329974445725384e-04 3.321455974055322145e-05 -7.355090578897336643e-04 -5.131955684868410791e-04 -9.103795799408353779e-04 1.655620399179281055e-04 -4.121296818058136952e-04 3.548556075300342586e-04 -3.074989872501449322e-04
-8.131661457024694228e-02 2.611247757427041100e-02 -6.928686338982103544e-03 -3.575000057427291707e-03 4.160936213686312196e-03 -4.136343472251446073e-03 -6.125748675717098898e-03 -1.252108104903969124e-04 1.263315810022432257e-03 -3.907639687658906458e-03 -1.467950741925602536e-03 -5.584480730784202422e-03 -8.753662449195765164e-04 3.504918463008571249e-03 3.774112600502042662e-03 -8.407140682830380792e-04 2.057061605937942836e-03 1.031377393926487989e-03 5.377199141765806600e-04 -7.180172477925349109e-04 3.734908300326439824e-03 8.010955395531958907e-04 6.708483545868959086e-04 -1.505635610788016261e-03 -3.638344792716013010e-04 6.454766820613848811e-04 -5.428294773680030806e-04 -9.659209213667403846e-04 -1.054359378981562434e-03 7.438498678003535895e-04 -1.418760064979093967e-03 5.579583065545174749e-05 7.256749853049863008e-04 -4.874784756050533981e-04 3.110033998479033398e-04 -1.106965382949937505e-03 -3.240548591323908780e-04 2.101515765017277385e-05 -7.589242623855554622e-04 -7.487740962971874657e-04 4.924549698709387944e-04 4.064312910013201667e-04 5.787332512697217213e-04 4.502820853611029343e-04 -9.871912773794964350e-04 -7.171927016302760824e-04 5.104092448548632442e-04 6.256835037120096635e-05 -4.181886579280430483e-04 -4.018612823257760864e-04 1.402858070423468589e-03 4.116842863474369702e-04 3.551762445712222313e-04 6.640925504159676297e-05 -2.885930744602782953e-04 -7.383255821258368629e-04 5.510536181874582385e-05 -6.151565178091160640e-04 4.528529330761062416e-04 -4.720351357994112562e-04 -3.643711010114481869e-05 -1.621632941084837141e-04 5.163301978803431450e-04 -3.139169715808492155e-04 3.996587663093192780e-04 3.616338618082055130e-04 -3.975454285044136634e-04 1.032549850651664353e-03 -2.119416646813189595e-04 -3.504382966417140220e-04 5.850336965713573379e-04 -6.810677933424698870e-04 -2.338829750466848393e-04 2.595202205808606606e-04 1.198241441892356320e-03 2.784130851768458069e-04 8.144111625028292733e-05 1.498106598453126978e-04 5.869681621441840335e-04 -2.176741905342192919e-04 -3.178910497735276214e-05 1.325738366898904187e-04 -4.555101107454724249e-04 1.706024196728595649e-04 -4.751903095461821257e-05 -1.305824532567196708e-05 4.302086295282711581e-04 9.721040162771531028e-05 1.362866927129048622e-04 2.208692339922713622e-04 2.199687960455467195e-04 3.795009086232619799e-04 -1.265983861828813919e-04 -4.113867490610718177e-04 -3.061456811633422198e-04 5.114284029918226074e-04 4.174138046374757855e-04 2.587957532339427256e-05 1.240243110873702394e-03 3.229102438511499760e-04
-6.901536538180820524e-02 5.757785243873097397e-02 -1.715415791554186775e-02 1.556925766281977604e-02 -4.759869281063213407e-03 1.230370475813590729e-03 1.822578483114796911e-03 4.053952773003658035e-03 -2.860711344761833821e-03 -5.191459453122871520e-04 1.371797918251075341e-03 1.818243400959597758e-03 -2.293727641223113848e-03 1.091825293213466355e-03 3.040871619009243390e-04 -2.471896244365836930e-04 -3.813459283260212541e-03 6.935932017137503560e-04 5.476662156017768129e-04 -1.666532159008935442e-03 -6.442610209487815856e-04 -1.437633783455943576e-03 -1.006835945832624927e-04 -1.336810167608463258e-03 6.572724626498064639e-04 -1.688253344858643180e-03 2.108562985372088310e-04 7.854677763955380089e-04 7.005620796749681802e-04 -4.519571711249307502e-04 -3.639367462553443912e-04 -4.889944894978594291e-04 -1.130038347445037677e-03 -1.168093246648801032e-03 2.273181852414976861e-04 -6.198219203123491155e-05 7.169029522668541037e-05 2.195179917203045838e-04 2.422854844851283416e-05 7.092705984155274078e-05 1.221943776486986383e-04 3.238721826178979140e-04 2.145856564318838249e-05 -5.777925082644103094e-04 -1.185216657560454875e-03 -2.116343855476114015e-04 1.487408556591041065e-04 -3.197214420532244533e-04 1.119514938234138414e-04 3.545673938372344569e-06 -1.334402930958414031e-04 1.627267025150513945e-04 3.666971435505601948e-04 4.629094779581652427e-04 -1.130225436546259321e-04 -2.513276118770026526e-04 1.665911005822138678e-04 -3.479641639211544595e-05 2.355818135777699388e-04 -5.013618051768306723e-04 -7.426226569928197048e-04 -2.751647918103104036e-04 -5.393287527638810248e-05 -1.875516934690085291e-04 3.604110035181171015e-04 7.303448515613718316e-04 -4.524659408105071758e-04 3.844614195907467002e-04 6.440454224625741372e-04 -3.878268505424304008e-04 -3.166356680185491209e-04 -1.463087826316176304e-04 -6.727421204710990702e-04 1.334593371775247761e-04 -2.466941330007491672e-05 -2.779032089169270037e-05 -2.594775314308027749e-04 1.690789566626408388e-04 1.440396174323694406e-04 -4.771857430904709709e-04 1.040756968339820324e-04 2.001406918071231146e-05 1.333026619657862585e-05 -2.711270532304525110e-04 9.434502697262638678e-04 -2.941941215843495313e-04 7.779166469372472865e-04 -5.975707609341060489e-04 -1.897768807066441761e-04 5.151506886992919575e-04 5.035229457654951703e-04 6.152858922353548555e-04 -3.561750062461180137e-05 -2.507020975764154597e-05 -1.780088182992389508e-04 -2.295070017193936128e-04 -4.052483849006519528e-05 1.105073146630383056e-04 1.808885186229118212e-04 -2.698639083012155057e-04
-8.028579558254649029e-02 4.848759875682145254e-02 -1.115721852893020172e-02 6.939842866262215491e-03 -3.032288499397889098e-03 -2.075200946294666025e-03 6.359480115598187527e-04 1.491945888029670361e-03 -1.390221134314091394e-03 -2.317109873406122088e-03 -3.403990901859504144e-04 -1.068351187701105029e-03 -8.576330457422394297e-04 1.309969397376078244e-03 1.082849364839665735e-03 -6.063245863365652284e-04 -2.824877978204508658e-04 7.464537074123535256e-04 1.633825439598021170e-04 -1.638529978761369375e-03 9.665764963296535070e-04 2.169389016582797122e-04 1.259760307610561982e-03 -5.102361259112878642e-04 -4.354395605016593438e-05 3.884816020052014765e-04 -5.071824180254590935e-04 9.563514886994714667e-05 -2.752436323671678467e-04 7.060545252026515645e-04 -4.162782544800358001e-04 -5.236685991113544138e-04 5.956668496405854388e-04 -5.067368478550675478e-04 4.382560748973400523e-04 -2.942889796808697113e-04 -3.364064893758729729e-04 -1.211135035891536851e-04 -3.793900099281876238e-04 -2.422825662029637415e-04 2.652014385771608732e-04 -4.695643604144519780e-04 5.659170936024551964e-04 -3.072675407796326193e-04 -2.652942330547079425e-05 -3.546202426553613429e-04 1.232992327004740968e-04 3.533691903223700847e-04 6.426121371490442979e-05 -8.638590345743140579e-05 2.443729532996329426e-04 -9.995282086080378963e-05 3.880466758836350477e-04 4.593906326478155956e-04 1.571639935624902695e-04 -1.418538051406746194e-05 2.232063803776211555e-04 6.381539646386248654e-04 -2.288629288394912747e-04 1.052386958469749515e-05 -1.480446913130468816e-04 -2.839269602489669217e-04 3.469728515581907267e-05 4.578684939135273271e-06 1.357691816080784772e-04 -1.620694686938508569e-04 -2.258679471635895413e-04 -2.041762685609511518e-04 -3.767987322636989701e-04 -3.167059199368388073e-04 2.207333030369037054e-04 1.278063645153984148e-05 3.310689594321127591e-04 -1.122950769696521499e-04 -6.329657007527240043e-05 -1.224043363974096593e-04 2.072690260333056352e-04 -3.606317395495884899e-04 1.178152372688623362e-04 4.021553239795182900e-05 -7.029091492611141447e-05 7.685224638011567942e-05 9.427689415681650398e-05 6.739342619582425892e-04 4.953711293811799481e-05 -2.614658135759690636e-05 -6.822289025330889557e-05 9.232679295764480111e-04 -1.030969733616118010e-04 -2.400199955473569956e-05 2.314627948084849651e-04 3.575730764011447694e-04 -1.214246435217873800e-05 -6.170468389556808602e-04 -4.958616333210554309e-04 -5.158643655459258784e-04 1.458407150989944503e-04 5.689799434261739357e-04 7.456878949318050719e-04 1.645213824046409584e-04
-7.600377771619572231e-02 4.673824011992769312e-02 -1.513136543954200601e-02 7.155915102141804235e-03 -2.754673512477148436e-05 3.362478795982362396e-03 4.453509737876031895e-04 4.015695587094151621e-03 -6.052854124363511333e-04 -1.797757964491881848e-03 -2.825333043752436320e-03 4.900924153004857561e-04 -1.151927596670405132e-04 -1.107758094898090608e-03 -4.505590031875433761e-05 1.015713513708929030e-03 1.143448748056808371e-03 1.052462128059509930e-03 -1.059375201086149617e-04 -1.036280326655938293e-03 9.821558790653987792e-05 3.324923950891276337e-04 2.445870815326669188e-03 5.723750846297883874e-04 8.537025857467959219e-04 -2.698164355709865934e-04 -1.794570541383678662e-03 -8.353249216252592909e-05 -1.029693826076422038e-03 1.747930001427420923e-04 3.965798064776426823e-04 -1.235819155789549427e-03 2.428306835937579441e-03 7.894202123597432756e-04 3.062004759790430339e-04 1.083966093976324128e-03 8.603567280802457791e-04 3.147493152346554548e-04 -3.724937845125894935e-04 7.809273579784435995e-04 -2.881852443269018022e-04 -1.259136358883132306e-03 1.743140865359808561e-03 -1.218067465789450391e-03 5.696579115293961236e-04 -7.874894720398274142e-05 6.632444479258236105e-04 -2.120155248618257903e-04 -7.844856555940021760e-04 1.055862322155504606e-03 -1.153976175854202644e-03 -8.627844299384353427e-04 -7.898837651573763826e-04 1.070037602084195896e-03 7.466161691281142593e-04 6.482277743813621203e-04 2.517273162964536932e-04 1.732153054464392362e-03 -9.454406821440046668e-07 2.056656037447180416e-04 -1.926507518486479762e-04 2.504690177904011681e-04 -1.513907341751591969e-04 -1.746628132081369674e-04 -3.984167077859183232e-04 4.905773911437720644e-04 -2.516941198402899873e-04 -1.099507703895514035e-04 -4.406402254878310939e-05 4.284760958614898161e-04 -2.799736121688895115e-04 9.000051867838660975e-05 -1.182053680024498484e-03 -1.436498392245291235e-04 3.933138666564896355e-04 -4.183333100040510289e-04 -4.296615654322112165e-04 -2.394322412303461918e-05 3.578546973773273735e-05 9.743010897674359786e-05 2.366550128363533351e-05 -9.236204635403140668e-05 2.080981047571165408e-04 7.398871029603838701e-05 5.727015054132008785e-04 -3.515560397745004723e-04 7.711316971426698591e-04 3.130787228523742032e-04 -1.758826435946279844e-04 3.935010116456091585e-04 4.514004922484459652e-04 2.337901104117481269e-04 2.516403617867903823e-04 -1.980301594612879237e-04 -2.536529323082291430e-04 -1.652844568993620117e-04 3.206256193063551955e-05 -9.305921309607541737e-05 7.536810853255653756e-04 3.100835311389607812e-04
2.022185461264483231e-01 1.833856114354635858e-02 6.497642804333611521e-03 -8.362067882284071260e-03 -1.954661458462386703e-02 -2.841110999478711589e-03 -4.671191187693610972e-04 7.655795316168585198e-03 9.696095404918714938e-03 7.210256934230749142e-03 -1.271971081972656740e-03 -4.747854804033697397e-03 2.784654665748523706e-03 2.429970129565397954e-03 -7.197028833022723780e-04 1.474398128633277886e-03 -2.412868449097630916e-03 1.853915707672766557e-03 2.023681292590722314e-03 2.495816197088533087e-03 -7.660850705768342071e-04 -1.986507331419822345e-03 2.577054812786409854e-03 -1.230765901595655431e-04 -1.977073026489147879e-03 1.098448782757639004e-03 -3.943847733728304676e-04 7.801038204734508799e-04 1.597753734277724928e-03 -2.149771827103466202e-04 -1.994202521761900652e-03 5.081548414466049258e-05 9.967710868262005548e-04 -1.347872348555183427e-04 -1.221632296006719192e-04 4.260972402969074365e-04 -8.368650417993727243e-06 7.174146178130523304e-04 1.653338720722876581e-04 1.650003763419768087e-03 9.880873341833970071e-04 -7.747173480948167136e-04 -2.172092062756147100e-03 9.583414296965043897e-06 2.814481617550205171e-04 -4.589007848090266047e-05 1.078225429623404273e-03 4.024311574025129764e-04 -6.896202235131518353e-04 -3.979349860831926547e-04 -4.200680936464220552e-05 1.173227800521129834e-05 -5.136210117953659204e-04 7.229968312696679559e-04 -6.677391424096252009e-04 -1.408617392408526600e-04 -5.262012481288734717e-04 -1.873366332606596731e-04 8.115160319218350489e-04 -3.754885745530016318e-04 -2.001784990785909475e-04 7.279506148069700856e-05 1.508573705119939466e-03 9.188493053029133870e-04 -7.370856101260970764e-06 -1.141797241411541506e-04 2.632016305693534765e-04 -4.556920977262420838e-04 1.960433849864732766e-04 -4.959628976195180677e-04 -1.008541507544091125e-03 1.753272046082877207e-04 1.114507731714489171e-03 -6.743407229678680245e-04 8.096275549598712894e-04 -7.088938634490598006e-04 -1.604642260260089395e-03 8.665981410190998257e-04 -7.814561518529077782e-04 -6.808690883448596017e-04 -1.497100436561934729e-03 -1.053791691394680976e-03 -4.665380659752001950e-05 1.078198261843945445e-03 -6.974256199138784138e-06 8.097561550853886675e-04 4.629633335254642918e-04 -3.335005570992999346e-04 -4.843721777577398462e-04 3.094658905478645428e-04 7.982777974335671507e-06 1.712263153667239633e-04 -4.834890334740847020e-04 -1.368068503588711321e-04 6.272918794358277447e-04 -5.365788490674160371e-05 6.453026240028719935e-04 2.523450211120205626e-04 3.944582465742550969e-05 -1.955467386836645845e-04
1.839357060296385182e-01 1.406858981007983074e-02 2.462476265685211579e-02 -1.324978359786263202e-02 -4.446339573761236980e-03 1.065283973598683213e-03 5.246074662526767698e-03 1.408440777633918062e-02 1.957729834134325914e-03 -9.435115202304624003e-04 -1.395327782099496086e-03 -1.291988550103790418e-03 -9.236873333646651585e-04 3.307309625516153227e-03 -2.807357634154565140e-03 -2.282649520117767308e-03 1.317682660961503336e-03 -2.953147985891814518e-03 -1.441290680272309856e-03 2.337907341074888510e-04 -4.597056527211511399e-04 3.149924128756298718e-03 -9.943609668050972298e-05 -1.523082027592972433e-03 1.690102920871232697e-04 -3.448274295215820627e-04 -1.335593934773220788e-03 1.029822929683452300e-03 6.906986712939350509e-04 -6.165542348014950392e-04 1.060552392552505671e-03 1.772622158839404151e-04 -1.200801043562204446e-03 -4.981669790938621657e-04 3.783348634042564291e-04 5.734150815408441430e-04 1.250831071933085998e-03 -5.536829839349110481e-05 -4.645246323211235889e-04 -1.505291921487439866e-04 -9.773815579840410374e-05 8.065566819715017793e-04 1.033769352717896044e-03 -5.390379148185154380e-05 -7.555844359614675640e-04 1.916712745612119126e-06 -1.777417438049182750e-03 2.773161625302606251e-04 -2.454666794737039837e-04 1.037803456553615996e-03 9.038766398924212402e-04 3.240933179589745947e-04 1.055875651844321314e-03 1.038817308344335835e-04 1.433246606777892904e-03 -1.308266518112020937e-03 -1.501490471750163312e-03 9.740250462911254460e-04 -1.617562116373726263e-04 -4.628024118866816135e-04 8.523600433461028889e-04 8.581280361587752953e-04 -8.780806452973021880e-04 -2.527841102345438078e-04 6.209796174075540290e-04 4.433435928040799267e-04 2.120383014406506848e-04 -4.916651026033602321e-04 -3.740686302162348539e-04 2.568499105341328129e-04 6.623061420806450848e-04 -4.222836575055697065e-04 -6.774234067171164156e-05 2.443954037832938089e-04 6.990821099921803886e-05 1.618175139324557008e-04 -3.254159950261558852e-04 4.587776855111351092e-04 -1.501784435808793065e-03 -9.861006787649224774e-04 -6.067040681996722657e-04 -3.567999140016538595e-04 2.323396713672191147e-04 4.865671019122505352e-04 1.137604380168665604e-04 1.534092986643208081e-04 9.855878893844004988e-05 -4.933099823816531736e-04 -2.530726365967779154e-04 -1.642750669493581346e-04 -1.297804073336659232e-04 1.789604110408231580e-04 9.802202930221095775e-05 -2.135317895342222745e-04 5.367541874023174777e-04 6.531069572989255459e-04 3.596247503752601489e-04 2.064329033286566321e-04 -3.556445279176070483e-04 -4.243449726596037943e-04
-7.085840868849094254e-02 3.286969872162757988e-02 -1.488029417097411905e-02 -2.225181367011670416e-04 4.819256726514968038e-03 -8.929634976561263591e-04 1.436814268930417448e-03 5.295275850181623998e-04 1.299836897601920919e-03 -1.711127895465522266e-03 -4.435170297492099095e-03 -1.377927380678920606e-03 1.144504056068366927e-03 6.468640352327694257e-04 2.811653127778663414e-03 1.099761291149851288e-03 2.545783343996698995e-03 1.401019969447135291e-03 4.479768294449967846e-04 -5.045571770326125150e-04 6.265320320493548804e-04 2.113062106648312330e-03 1.016322299676949113e-03 2.193446900117280724e-04 2.205353809964598062e-04 1.354633689425098009e-03 -1.392137450639990056e-03 -3.142632906405336767e-04 -3.106325036282473178e-04 4.698872101098160972e-04 6.426011182607531012e-04 -1.987545405246208388e-05 2.300119093657388477e-03 5.910091911151521115e-04 -4.367743294531170931e-04 9.465084724031054423e-04 3.727794754068110348e-04 5.210840738452363497e-04 -1.609887959240943842e-04 2.737770162353020615e-04 -4.046467530627726643e-04 -9.248296894588865259e-04 1.091765347962939028e-03 -2.571163794953779352e-04 7.616750990306034481e-04 3.058549054224854566e-04 3.996059964831530256e-04 2.106623486999165129e-04 -2.859148517686958455e-04 6.142435286886922113e-04 -5.610191405042434971e-04 -7.018437308444379829e-04 -1.370369418964971248e-04 9.654618954317701859e-05 4.083665462342864943e-04 1.181880406517600785e-03 -1.908192452674387139e-04 9.794111141080863881e-04 -4.335832560804997135e-04 9.977448302710733631e-05 5.863102439022257025e-05 -5.960821963204248346e-07 9.724982087786545465e-05 1.976270628691692316e-04 2.280849583936671418e-04 1.156831328830802415e-04 2.417737266829404427e-04 -1.010070865932452361e-05 -6.733384279793635336e-05 -4.302728306753317322e-04 -1.077045145806466793e-05 1.451245707048473413e-04 -8.265846686765680545e-05 2.077628904753320424e-04 5.681281899458611562e-05 3.649446612073599632e-05 -1.076643831183568680e-04 -4.907476539598238296e-04 -2.745960154602543313e-04 -4.659587597774842945e-04 2.659059596963548114e-04 -2.168089382606221659e-04 -1.066250212456190639e-04 -2.404435615826610857e-04 4.415135322963614339e-04 -2.845277339810778697e-04 3.016418768494587722e-04 7.752223973335268376e-05 -1.664252487337638305e-04 -2.144743571827272769e-04 4.075830781903964223e-04 -1.444939588225848466e-04 -3.127355727395004863e-04 7.379720139981845166e-05 3.100869160221793319e-04 -1.148906750792686804e-03 -2.909178580633372955e-05 -1.415813421838618919e-04 -7.407728612193278418e-04 -7.825233203929368199e-04
1.419248946790607757e-01 1.810119354232628611e-02 -1.849989904032911525e-02 -1.119779863310718833e-02 1.107210079412646129e-03 2.676770309292252591e-03 -8.297094368926361332e-03 -4.447541406761985373e-03 -6.830483668045774989e-03 3.860190853059042564e-03 4.542236403784130974e-03 6.695896441812276660e-03 4.092603694064479714e-04 -1.830489020119036324e-05 5.414881206999324660e-03 -5.922472687916555123e-03 9.502294405227859186e-04 -1.753231033198327394e-03 -4.675998727014379040e-03 -9.912664971878591940e-05 8.940488531977397154e-04 -9.933152602759510053e-04 2.192735775090946197e-03 -1.687515855755772776e-03 2.870467369280095028e-03 2.255711510126447248e-03 -1.572528702107603947e-03 1.339179949499544981e-03 -1.410502551098591784e-03 -3.140249045515946819e-03 -9.169533778373795217e-04 1.839746702492265924e-03 7.792641094385421028e-04 8.237210976641739721e-04 1.486200950356180274e-03 1.842244267790468229e-03 -6.789255763719412046e-04 -7.214508987574121612e-05 1.064899046517348794e-03 1.694158594308471004e-03 2.620788527269706392e-03 3.336246252508462992e-04 -1.966138927895949400e-03 -3.360537220427124066e-04 2.110555098977022828e-03 -1.087565545775039200e-06 2.422530066410443221e-04 -2.069346990304824808e-03 1.084179096713067461e-03 1.911521090725748267e-04 4.117554325617626444e-03 8.610832604853230991e-04 -7.945776358968562004e-04 -1.618415302605800445e-03 -3.355726392728422005e-05 1.502105646862744682e-03 -4.317657470868565411e-04 1.574421443197804521e-03 7.747821310417889748e-04 7.700090899613890255e-04 -1.704958251187375278e-03 2.945159778145363936e-04 1.236175921804174606e-03 1.036109590476529119e-03 -3.419815366756936493e-05 1.709503918634106738e-03 8.335960469319978177e-04 3.534039414830537538e-04 -6.446117442514024353e-05 -7.486260791271985217e-06 5.142347092966221113e-04 4.917130708364846406e-04 -3.191481281641706837e-04 -6.240543497004759051e-04 -7.040559163038976470e-04 -6.519226172428258448e-04 3.365441323006217742e-04 2.489385064662440325e-04 -7.328625447457507098e-04 -1.819166393274384132e-04 2.675423354515966837e-04 4.029927366960284196e-04 8.039628819311923262e-04 -6.096817926324979865e-04 4.083989968238697335e-05 -9.444529101842923319e-04 -2.436395719677664738e-04 6.735943046484786602e-04 9.454182563261500369e-04 -1.406808416130492592e-04 1.247072249906515135e-04 -3.904059156129866068e-04 1.765916507725272602e-04 -7.838398815057293469e-04 -4.669273951662800256e-04 3.107388094552926351e-04 -8.584531841233200133e-04 1.898335890176229351e-04 -3.724353959155020507e-04 -3.056976223293089191e-04
1.706332175510749671e-01 1.264837792845653446e-02 -2.034055254344288924e-02 -9.162321609933661917e-03 -1.480079705690373571e-03 -1.192286973910670943e-03 -1.276631064983977173e-02 -4.270091368032656598e-03 -9.482523262223046742e-03 3.350561812775579643e-03 2.005513396768678677e-03 5.005212018105349887e-03 1.450941600506218182e-03 -2.010531448412798509e-03 5.779741818764675548e-03 -3.069473788047075158e-03 -3.707613395323633215e-04 -1.495475839606086278e-03 -2.711548620482246135e-03 -1.004552490350935339e-03 7.163823979790437087e-04 7.955542433236438603e-04 1.203540173499852411e-03 -2.287231203030649668e-04 8.901920348647862332e-04 5.281645989834548704e-04 1.190274342128619985e-03 3.691071105648120547e-04 -2.107934112140785483e-03 -6.408718803410014828e-04 1.444415145035744157e-03 7.165793759579828018e-04 4.303044988352982148e-04 5.946292851116504906e-04 1.918522154296105304e-05 -4.980259138021945472e-05 -4.859783271640155254e-05 2.195883349418899233e-04 3.702725131505669011e-04 -1.341045517577171679e-04 3.990217174346749824e-04 1.539991113568423811e-04 4.829641553464096245e-04 2.103290562680047802e-04 9.325044046026514737e-05 -8.563663579590290967e-05 -2.791016862643252300e-04 -1.426398869676161977e-03 -2.238093001432251859e-04 1.609815985407980971e-05 -5.866225794690935538e-04 6.965066918340784719e-04 2.143447807669614387e-04 -8.542316496325503639e-05 9.167399442080626675e-05 8.773116346719117629e-05 -5.368827925452242461e-04 -3.219433590538244233e-04 -2.087348490782067485e-04 4.703559493623412822e-04 -5.641934516669365419e-04 -3.425876763985243132e-04 -2.219398170210094995e-07 3.551007021627330257e-04 -3.770332950986667281e-04 1.610221392341920242e-04 2.215069287289605745e-04 -1.409815520508556964e-04 3.285220100169765025e-05 4.620467435599341925e-04 -3.632542408270254515e-04 -4.817409310255594824e-05 2.836461657233678912e-04 -1.318889371881672764e-04 6.425031320588759851e-04 -1.553664623758023488e-04 -2.442847081248300349e-04 5.834613280094215612e-04 5.199306832609049307e-04 -6.517451727871836648e-04 -1.701420928126373211e-04 -5.322539923203132694e-04 4.089955466668077923e-04 8.999979416028748092e-04 -2.057051138366549020e-04 1.404315718235525038e-03 2.030497669858552664e-04 -6.534024062841084371e-04 -7.762357318719675546e-04 2.148010778560004066e-04 2.538173430286571483e-05 4.950555932228345663e-04 1.274923690716821159e-04 1.183928474782909926e-03 7.172849181088782012e-04 -5.706231907822707609e-04 2.069381276239941857e-03 1.941750495140081586e-05 -6.555576153342901390e-05 3.989524130472888071e-04
-7.131138558053469294e-03 -3.547216844839662809e-03 -1.902419000752796768e-02 -2.181815676660253580e-03 1.534707425558225549e-02 1.305357369423989188e-02 -7.313897947667393970e-03 -2.359619215204448040e-04 -1.634830532756974915e-03 -3.182063143328927885e-03 -1.867312232140676135e-03 -1.658001823830217679e-03 3.403181953036549332e-03 4.169640288981341092e-03 1.322840071543889559e-03 -2.133752246795924182e-04 -4.514200470095298089e-03 5.900797431218367164e-04 -3.468679336541752485e-03 9.945021039276487947e-04 -2.976996340159698134e-03 7.984811590984226696e-04 -1.736074822036332010e-03 1.821479064136559975e-03 2.431064455141364409e-03 2.036088619216851105e-03 -9.055474457925131830e-04 1.473038844677034128e-03 1.850474239840847659e-03 -2.078078105985941074e-03 -1.321229031302597386e-03 2.468164604964131863e-03 -1.655905258406228974e-03 -2.202050401015432984e-04 -1.571666975293576577e-03 -1.823223424322082146e-03 2.039526858526578661e-03 -2.121671094752455768e-03 6.945928335620649196e-04 -1.346545405758226054e-03 5.872030753823084364e-05 -2.302891713691693036e-03 5.321545635590542011e-04 6.757272468609786973e-04 7.640208907937259125e-04 7.004370414499868237e-04 9.189553684130611797e-04 1.066686401467792670e-03 -2.889782678469682373e-03 -2.271362498971545366e-03 -2.128169753691459571e-03 4.620679325626994593e-04 2.320270797866507816e-03 -2.374722966127383508e-03 1.797446417672881160e-03 1.377966983847988972e-03 4.698391655073377464e-05 -3.557590837828921842e-05 3.579814270400602147e-04 1.784650163993426299e-03 8.307766392956054697e-04 -4.900335384624115564e-04 2.308786110480561286e-04 2.822673827924649780e-03 9.193604153702131937e-04 1.844544157797270466e-04 -1.332875924579922681e-03 -9.191412526459507648e-04 1.230249877246096394e-03 -4.994487770184791604e-05 1.100748470928291289e-03 -6.132377963642774571e-04 -7.740785242780701602e-04 -4.574627520259549689e-04 1.095734257645653167e-05 2.508032407443920499e-04 -1.008910761511357460e-03 -8.493380926141694178e-04 -7.336981766516447769e-04 3.391984633794599391e-04 6.572856621613537087e-04 -1.585049726447387429e-04 -4.084363948120044640e-04 -3.558117220442753208e-04 -3.324538658725306002e-04 -1.518865616434856008e-04 1.249631757594659928e-03 3.968045136257217112e-04 -2.296681257137080090e-04 3.884255328105274915e-04 2.368859764216121227e-04 2.208387205787505332e-04 -3.665375416241793216e-04 7.455255972441609483e-05 -1.386627223327056206e-04 6.894205913486004542e-04 3.860649651444279692e-05 -2.254178748435629084e-04 7.522803938339428075e-04 3.140193249727930500e-04
-5.834208724223662046e-02 -3.071664175512716158e-02 -1.871110186419626745e-02 -4.437176758636896499e-03 3.551805239551447039e-04 5.791526486299020116e-03 -5.082921403206799339e-03 8.447057927920876425e-03 2.038043946161513086e-03 -2.292130958477346832e-03 2.767987833271560224e-03 -2.072124857103094502e-03 -9.777521170735842520e-04 -9.922899497713261879e-04 1.635146628406555606e-03 1.195547740330574552e-03 -1.410446468280835536e-04 3.368984244887253919e-04 -8.998199584083735499e-04 -9.321969560912564488e-04 -1.952811451049483234e-04 -1.627505420132221341e-03 3.815625873695531456e-05 -2.097287403456441195e-04 1.045063136386965462e-03 7.237342649690697632e-04 3.566232145567403526e-05 4.981508538653342793e-04 -4.308604030506136412e-04 -2.157540572776328537e-04 9.410091475812735660e-05 -5.491719517922897219e-04 -1.384251991090125304e-03 7.377664839145408682e-04 6.034593602263742121e-04 -9.939144517340720627e-04 -3.023923096842282541e-04 -1.221185809842002823e-04 -2.135656236371892861e-04 2.269492197554572651e-04 -7.045401213590062051e-04 4.361238477180704484e-04 -7.002680429572857163e-04 3.781227019657922386e-04 -4.081860696791385422e-04 1.011107153138044801e-03 2.628838081487206834e-04 -4.944909555928791219e-04 -8.022279269399505523e-04 1.115304743915358310e-04 -3.888636003672162078e-04 -2.565625961210325832e-05 -9.783450686841762244e-04 -1.456412285887404489e-04 2.036561158887261087e-04 1.435832196980821524e-04 -3.849778435477813738e-04 1.027641845226740305e-03 1.904374109963835799e-04 9.409507646041530987e-05 4.929323787924127630e-04 7.950575406884041524e-05 -7.189126083280554275e-05 -2.715072007348107597e-04 -8.535526310561574598e-04 -1.773971697107109343e-04 2.802039561101688208e-04 -3.230456063846487598e-04 -7.734311090690185620e-04 2.424593085671289242e-04 -2.041734565147559411e-04 -2.252069327627586725e-04 1.152783786267045935e-03 -9.696229181419837272e-05 -3.522471789506689301e-04 -6.414769787075180871e-05 6.101477474236869725e-04 3.423560827050578493e-04 7.070233360539624760e-06 4.673319654853912630e-04 3.303114053016500593e-04 4.105231654739989098e-04 5.468645551835243576e-04 8.031016642335431352e-05 2.807776071295073794e-04 4.394381582428163687e-04 7.354212679395820797e-06 -1.129889006427326983e-04 9.394236924771953441e-05 1.224162313560689071e-04 4.252774646942229894e-04 -3.074360605755162442e-04 -6.475390203553350746e-04 -2.353589228316065333e-04 1.971789288011813939e-04 -1.365558238392797642e-04 -2.777739935090591862e-04 -3.641402314734885903e-04 -4.076544676576909169e-04 -4.819498316184795002e-04
-4.942262176511281330e-02 -2.851496429260992616e-02 -2.635798305453569343e-02 -7.977907003564309665e-03 4.122772314005609950e-03 -6.271678876111226250e-03 5.610900781866179701e-03 5.137758883870855060e-03 -1.137568886280091894e-03 2.657444353588801593e-03 3.662807116174445193e-03 -2.478924162871660574e-03 -1.238890559765912962e-03 -2.892602856264008676e-03 -4.296594388358733344e-04 1.109939844552937458e-04 -5.454815900997380665e-04 6.807835005669363344e-04 1.530079045055019555e-03 5.652491002013805945e-04 -5.384024877436364943e-04 5.489827771900498889e-04 -1.732216972154303962e-04 -8.612254607836369088e-04 -6.892629672993775885e-04 3.878590596046884820e-04 1.173415350789091052e-03 3.505438229773119845e-04 -7.270133419527673039e-04 6.140381639315802432e-04 1.198792432453011508e-03 3.015340761068286335e-04 1.801453113023198296e-05 -8.520444445544332395e-04 -2.013977190377070302e-04 1.233351686003114492e-03 -6.652562359974384170e-04 1.495752593743919089e-04 3.316379094805482416e-04 -7.487195325528484306e-05 3.863234095432578619e-04 -2.835389685364876188e-04 7.066556793259645567e-04 -7.466532038488212951e-04 5.876349055442070752e-04 -1.314656886995140299e-03 4.567523083764341366e-04 6.607992433255083968e-04 -4.369962827212798065e-04 -3.538093037327997214e-04 7.611164947356415010e-04 -6.176322376970400411e-05 3.474218148292273047e-04 2.829390286745611617e-04 1.016725321167210320e-04 -1.232677594643284322e-04 3.831394855993273561e-04 -1.729442695216715177e-04 3.232646641003656556e-04 2.166036045977667076e-04 7.226848987685336313e-05 1.244290618952292957e-04 -2.323123233819869950e-04 5.408267368650457622e-04 1.595211849965316633e-04 2.159903055271056196e-04 3.794957278112651242e-04 2.021609180943463721e-04 3.240526414751195711e-04 -2.593912931016951334e-04 -8.196908565972196772e-04 3.944348194924663297e-04 -1.022949465585403558e-03 3.111781220105721180e-04 -4.879986206429408075e-04 7.282832897663273942e-04 1.849862006840973178e-04 -6.817341891819088829e-04 -4.191681688391602455e-04 -1.028592646582284723e-03 2.694496579756942216e-04 2.318529889747029146e-04 -7.313800045799750786e-04 -2.914895050207749012e-04 -1.799251905658958231e-04 5.928520177626131525e-04 1.741369566758454773e-04 1.485361088370153030e-04 -7.166689909459733393e-04 -4.639676022776040082e-04 -1.323004106807101595e-04 -5.029772778547208318e-04 -5.762067690873989151e-04 2.366083900833305953e-04 4.155017065804510277e-04 -2.087032746542803274e-04 5.041932568476103485e-04 1.681202518890383645e-04 -3.816166127165949496e-04 -2.065095295674420196e-04
-6.679598253358420834e-02 -3.362693920261831254e-02 6.504571976390733029e-04 1.413978292085007679e-02 -1.570583556826074534e-02 8.234479831937729921e-03 -6.490575682222250210e-03 4.739884737071284847e-03 1.659235042124109546e-03 2.100581534999376200e-03 -4.058317865791813764e-03 4.475344018576723516e-03 -1.670422788374682777e-03 -1.309999587411874626e-03 -3.966041609360688330e-04 -3.117258317783684705e-03 -3.270830816685162817e-04 1.347130284356543126e-04 8.172109131841517405e-04 7.272451829427319884e-05 2.470274655369614214e-03 2.780974132581649511e-03 -1.428483647098748206e-03 -8.579551169369799366e-04 -1.785755607834400415e-03 6.057554419765334187e-04 -4.693040172533903174e-04 -3.567163214520358114e-04 1.537629762490177923e-04 -1.037828037735665041e-03 -1.597661215493258657e-03 3.629158017570303994e-04 3.764927448744071359e-04 2.939846542861707167e-04 -1.661000856366286844e-03 -3.699540707145570150e-04 -6.275153016042909516e-04 -1.259318907914354097e-03 -4.271803501306736806e-04 -3.049903550689841893e-04 3.870820657475310816e-04 -1.638806352102892717e-04 -6.107020670005008185e-04 -7.922958500586842396e-05 -9.219693483892050395e-05 4.953743410972563741e-04 8.453065715858363747e-04 6.313040166088045675e-04 6.264775291325942524e-04 5.563472873065194004e-04 -3.797292233725206036e-04 -4.958736744424199630e-04 1.051346622793113481e-04 -9.408471109204816479e-04 1.463010531059315386e-04 -2.109751149106317829e-04 -6.576087323371700285e-04 -9.526981055314619109e-04 -1.831909070357882335e-04 -1.033566185884690321e-03 -1.022067770600417012e-03 8.948679390962388513e-04 -3.107456606861478066e-05 2.749025266315203932e-04 1.470312137368838729e-04 -7.966512820962316549e-05 2.835481882969951325e-04 2.368564297317231576e-04 1.091145175023404803e-03 5.437449877035702758e-04 -5.209940196633925432e-04 1.826747977473437896e-04 -1.223245672647381346e-03 7.617965310797055172e-04 -3.828088685196055167e-04 1.850073214766590943e-04 -2.772899044575392533e-04 -3.363901891641334096e-04 2.430959047666490552e-04 3.988962572085703439e-04 2.623938899322269570e-04 -1.183135928184557596e-04 5.890540852364656603e-04 4.603025246517853937e-04 8.694239091388990379e-05 -5.101338390921378568e-04 5.746540590016707001e-04 6.698514885693034569e-05 -2.262723987307437262e-04 -1.933909569170750014e-04 -2.132897068387606151e-04 -9.279325961756316674e-04 -6.443974092850546362e-04 -7.009403764349840353e-04 5.900594556259811541e-04 3.509500802299760839e-04 5.750997342109030437e-04 -1.444454379046151472e-04 6.311136297612333283e-05 1.072239836832889663e-03
1.190191176856627286e-01 -3.478099965737190859e-03 1.854316686109092407e-02 8.295956990525928804e-03 8.284343872327830740e-05 5.148996819703418291e-03 1.259100756620150537e-02 1.781360462931744649e-03 -4.433249170952236091e-03 -5.572731159538734692e-03 3.334639975815455269e-03 -1.484381816793117358e-04 -4.989992258977086039e-04 -4.473626911827773304e-04 2.933194401245288376e-03 -7.461355459847803743e-04 3.671500086538079504e-03 -5.617098013410671067e-03 6.256612324530878670e-03 2.441688556288967599e-03 -1.312233291592798841e-03 -1.527255892066648347e-03 -4.132299953277310798e-04 3.420636236953379780e-04 -1.993224878089540787e-03 4.440449255851243253e-04 3.822396048097875766e-04 -5.062367446504080363e-04 7.574384131253094959e-04 -2.764226790895534230e-03 8.236159452514153160e-04 2.586533866428969712e-04 5.889824226492669772e-04 -1.607977992845913574e-03 1.422371901733390179e-04 -1.097498586223348647e-03 2.013740103292788360e-03 8.036138850066874059e-04 -3.841352178254951299e-03 2.711658982523844439e-03 -1.032157918939634366e-03 -2.766133563659292898e-03 -4.003483742915204353e-04 7.858654128179459091e-04 -1.499489699347533777e-03 4.551625170512738159e-04 2.728400731035739071e-03 3.475130664535837160e-04 2.006290182290598832e-03 -1.045561826447117962e-03 -1.728800150695886822e-04 3.424014863176915325e-03 -8.698242397604009305e-04 6.622514347288257315e-04 2.763820075372766354e-03 -7.627937249027990556e-05 -1.598659286660027200e-03 1.638153251037647532e-04 -3.926434891946569658e-05 -5.830598675005383390e-04 -1.179625199536616298e-03 -1.282978983155301685e-03 -1.089124423910666894e-03 1.638531833803775518e-03 -3.453874603237583373e-04 5.195491771248952721e-04 1.423695335376523857e-03 -7.444278696175040712e-04 -1.261480362924996632e-03 5.969313925333020673e-05 8.611269510405744534e-04 4.473725653588063456e-04 -4.118457832398628171e-04 9.286747207465512741e-05 -1.712982378544395529e-04 7.238309928430837481e-04 -4.662646772967119673e-04 7.535148825000121363e-04 1.054844720149709925e-03 8.989201082730245446e-04 -5.553660716599180796e-04 -1.409656860321953289e-04 -1.219494934171895658e-03 -4.117533665803889821e-04 4.353624187752260411e-04 -4.913996269748536561e-04 -1.924707175774028581e-04 7.334542318249172559e-04 -4.360522312434190312e-04 -4.197565225960754338e-04 -3.823448359222549563e-05 -3.955814835386474286e-04 1.999721132385253841e-04 -2.722503133119281906e-04 -5.516972432340269548e-05 -3.889718239614657749e-05 -2.213366328536052507e-04 -3.557933865992907478e-04 1.200616715155857736e-04 -9.499896529602026862e-05
-1.773438218499021751e-02 -3.159700273949180710e-02 8.495835224832831364e-03 2.464781417867427729e-02 1.295721853572408093e-02 -5.576397026441879366e-03 -8.917239690739167668e-03 8.260706273531561589e-03 -2.654766874526916839e-03 4.409395123181904762e-03 -1.229968576277565284e-03 -1.211593394688560438e-03 4.030886681791296181e-03 2.665524699140920783e-03 -2.583091615930606898e-03 -4.029811748008764634e-03 -3.829440891318497669e-04 1.537818405666957532e-04 1.209696634358186544e-03 -1.417437307633953375e-03 8.564586340553845224e-04 -1.643740589436882204e-03 -2.197876130192408586e-03 -1.111187866685332413e-04 8.617224126335281363e-04 -3.392766519043686688e-03 -1.365811878236668263e-03 -3.230416391255194752e-03 -3.785494103850664972e-03 6.092562810844870348e-04 -1.322760623324836706e-03 -6.858427071697202268e-04 -1.559337719131759399e-03 2.314004089363292955e-03 -1.860204404933910689e-03 4.106659701427176241e-03 -8.788544472222872914e-04 1.614302095411688934e-03 3.087654937414701831e-05 1.016680232276364921e-04 1.355704947538364288e-03 1.776224997031135896e-03 -2.024974882106308268e-03 1.245541388122382506e-03 5.804043753461711041e-04 -9.998979464188228940e-04 -6.191432428936604303e-04 1.844224769955941012e-03 -1.032076748094951237e-04 -8.594211115107386551e-04 -9.405935787387744449e-04 1.567700587022932213e-03 -1.719605760125248470e-03 1.138954323626681191e-03 2.195264791932332801e-03 -5.831269730978287701e-04 8.711087258406639356e-04 1.701392234941658064e-04 -3.074516819692061850e-04 2.390658999232800168e-03 -9.815797140480390145e-04 -7.652943268544711367e-04 4.789780728981534634e-04 -3.102792607212942195e-05 1.678687393411948522e-03 -1.545591905431148048e-03 -5.505539475091224440e-04 -2.587865013479955065e-04 -1.934739122546009571e-03 -9.204188156211940601e-04 7.276394534383266851e-04 -1.203744278904003272e-03 -9.631598994826871167e-04 -5.018511915068742590e-04 -9.054176648328525565e-04 -5.392689247274913046e-05 -8.218976688140255732e-04 -3.674058381408257961e-04 3.781224066466527616e-05 -7.442981700450494471e-04 -5.925711940891073776e-04 -7.080199159370859953e-04 -2.269247252515698028e-04 -8.833187852986336451e-04 -6.081117961930924054e-04 1.823679493021464779e-04 -7.495285063488767732e-08 6.374937080782020187e-04 4.745298749603990107e-04 -1.708895645062127197e-05 4.673854367245346944e-04 5.060826045034922229e-04 -7.780096287453919842e-04 4.959917653810213401e-05 -4.180633197643293664e-04 -3.205555832835118592e-04 -1.445765535362777065e-04 -4.116516876597143475e-04 -4.149419398106757306e-04 1.888542080235869000e-04
2.834496677856007674e-02 -1.110298374267843467e-02 -3.271118515389270093e-02 4.993127889340769412e-03 1.064723317154420493e-02 2.779800699023370677e-03 -5.847801833055576472e-03 -6.671665073656201164e-03 5.634702237920729238e-03 -8.488228542202040650e-04 -1.642961845667987968e-03 -2.140306648202158692e-04 -4.465772986732463763e-03 4.941897247527263226e-03 -2.730638993815118153e-05 -8.359610137714454381e-05 -5.157653834092147671e-03 -2.253933790474166657e-03 -1.430937535556873769e-03 3.101178481645272284e-03 -1.723387389650919655e-03 3.182425904183560066e-03 1.177993199077314104e-04 3.772513882607884689e-03 -1.651317325283474654e-03 3.994281334729665777e-04 9.708689222178670157e-04 -3.163517907093738035e-03 -2.158726858302025074e-03 -1.464514184096101087e-03 -1.019795721518734072e-03 -1.824095531955409650e-04 2.522006503781848313e-05 -3.772219154347193713e-03 3.675214531299156903e-04 3.339372887510909339e-04 -3.685664360643125127e-03 4.416748902990655194e-03 2.141133646280542733e-04 6.844105071373106494e-04 -2.206425149480005770e-03 2.240269338574572486e-03 9.115883529165582418e-04 -1.963848299069265147e-04 -7.165964163168870053e-04 3.313399427081062458e-05 -3.875376786618096110e-04 -6.520675851312483480e-04 2.477459320870455204e-03 1.840598573560114914e-03 -1.304867014526789630e-03 -1.513949523394543203e-04 1.151233387179024072e-03 -2.249605947220953157e-03 3.473870142606296776e-04 2.405934854170314321e-04 -5.496508365711808702e-04 2.351597032775503749e-04 3.081758111593640125e-03 -1.395959050878735797e-04 1.032227914874334638e-03 -7.894075981875667270e-06 1.998362045206193878e-03 -3.030048925764146158e-05 6.203371661211720418e-04 6.075209986973690093e-04 -3.704633690871496983e-04 2.297686898485724308e-04 -1.148983486230213550e-03 1.352690429130328203e-03 -1.014583600286806590e-04 9.186216011447350099e-04 4.591975649063235570e-05 -1.139333273048207928e-03 -3.715736442507593503e-05 4.098494287687392624e-04 -7.844356240560023969e-04 -7.054254866486420411e-04 3.843901483215566130e-04 2.406330340353706029e-04 4.638217086460704299e-04 -4.385527600017197995e-04 -1.052869710857706959e-04 -2.584935015194264585e-04 2.619126082837460682e-04 4.949179350558025265e-04 7.100968440618397220e-05 3.291978988789922211e-04 -1.979890120620450523e-04 -4.376670498801151030e-04 2.532446043418842244e-04 -5.357368982468845015e-05 3.016212662540463892e-04 -1.723620276024329676e-04 4.886757071614898943e-04 -3.195709147869766698e-04 3.489670956187874051e-04 -6.771453112076413177e-05 2.702702161703258066e-04 -5.105822032191027716e-04
-2.348367183461572139e-02 -2.709472472402598558e-02 -3.339520454641242697e-02 2.218446562863441839e-03 1.080359309760552111e-02 3.716751107360040905e-03 -1.597714417655909990e-04 5.901232391169550055e-03 1.143648283954179111e-03 2.771365757039337928e-03 3.090318142272801064e-03 -3.865142062109746830e-03 -2.952475028956926678e-03 -2.949819706239363223e-03 2.045885853798449681e-06 -1.995541978825342592e-04 -1.236632779835490333e-03 -3.194343957206967864e-03 -2.016315518080264314e-03 1.623482969711990921e-03 4.046708775363858150e-05 -9.653134186831076931e-04 4.720875733566824392e-04 -1.634958999754181725e-03 5.061696459283842914e-05 -1.739226390161879550e-03 7.776586189534425092e-04 -5.845902750405898704e-04 -7.778087105128659402e-04 -4.347493937470940195e-04 -1.604180651807201718e-03 -1.027372763889823496e-03 1.007866840686353705e-03 -1.905565056585837539e-04 9.653206869784996744e-04 -9.317099957003745474e-04 2.348078754827833726e-04 -9.690027395629549883e-04 -9.723421440406902728e-05 8.640997987736698293e-04 -2.744189536175800984e-04 -3.328846716693063075e-04 5.810055796140027742e-05 3.489899383443582307e-04 4.808802911017725059e-04 6.015919731769122725e-04 -6.371685229808605718e-04 1.826169752334127984e-04 1.966735363944841332e-04 5.767996328056001478e-04 -1.451883256659933653e-04 -1.096124869823875006e-03 7.112759853887860124e-04 -1.026934926129689991e-04 -5.050223962602846126e-04 -5.487878261179544290e-05 -1.052467264888543464e-03 -4.987928668912734644e-04 -5.001292375554057751e-04 2.767433187219516932e-04 -4.602365918016975885e-04 2.178509227196115568e-04 4.555755998619038572e-04 8.173288902771836577e-04 -4.151579699225392398e-04 -6.416761274451969607e-04 2.336797824574910897e-04 3.118967004931011704e-04 -3.449380464549360180e-04 -5.932775062553396431e-04 6.517291197845482545e-04 -1.260796006619037575e-03 -3.729226047542125600e-04 -1.574592264926181833e-04 2.193426816237534541e-04 2.947562334291136798e-04 4.930177770611392837e-04 2.170108420064452643e-04 -3.047948581804719938e-04 -2.600493480650794610e-04 2.557855319313216539e-04 1.860178633748101940e-04 -8.516579212423335248e-04 -3.489163525447821091e-04 8.159825300208247909e-04 9.031696085052392511e-04 6.867045879354879501e-04 6.833122287046680980e-04 1.592054833476556084e-03 -7.299852572700336710e-04 -1.163946537273606531e-04 -4.035875733295807614e-04 6.614320453421684886e-04 7.717701346742050208e-04 1.286634601859650267e-03 -1.177608819267899227e-04 -3.239664806782733566e-04 -1.186034088515564136e-04 2.975075898353850387e-04 -5.475649003431878664e-04
-3.851342584748373987e-02 -2.823811752824357743e-02 -2.519813383453351624e-02 -3.668423580529651343e-03 4.913194831995753610e-03 -1.013395746238834449e-03 4.627128542983040792e-03 4.847777468467155855e-03 -2.459955838672947710e-03 2.829543810900140774e-03 4.020014416578556078e-03 -3.777696350710556608e-03 -1.154244116272547949e-04 -3.547335110736600863e-03 6.467187364148137968e-04 -5.607528211273541275e-04 -4.854605099849327058e-04 -2.005374365375642808e-03 -9.931170071416212369e-04 -4.682962967826460291e-04 -4.037776006098657360e-04 -1.030105655377787539e-03 2.375604488273153428e-04 -2.104325281022873580e-03 -1.191856239544012943e-04 2.456684499844969229e-04 5.949933920019821309e-04 1.179097162017421225e-03 4.236505042509781829e-04 9.055567194020524300e-04 -1.719998362992294352e-03 -4.221490821655784044e-05 8.903307790284849992e-04 -1.196938260944183400e-03 -1.031794199337749806e-03 4.505010996209327209e-04 3.027637392694754780e-05 -4.880051629656763411e-04 5.264899316756562137e-04 -1.057154126811820846e-03 -1.302789330530958883e-03 -8.530891951512261425e-04 -4.393679446238298644e-04 -5.492580146027788981e-04 -4.030891015696444891e-04 -1.896098226610487677e-03 -3.712897648912997822e-04 -3.546528808276983827e-04 1.062101293488061518e-03 8.716734719650357999e-06 7.122884047563029857e-05 -1.130786396143566462e-03 -7.462704127894559598e-05 -6.362529410458891282e-04 -9.199010932458978132e-06 5.098255359992357643e-04 -2.312540858899881746e-04 5.549514726595323154e-04 -7.871172883656879287e-04 -1.068045821765604671e-03 -1.459717782845403598e-04 3.166767101216108485e-05 -2.647160465473482422e-04 -1.508342395661650864e-06 6.870532577161512318e-04 -3.154371520194395803e-04 5.294764531682907317e-05 -7.189098877331842694e-04 8.273282220540482761e-05 9.896738213292916291e-04 4.192134991370419597e-04 3.216585258899156557e-04 3.400460946693552441e-04 -4.799918011951079581e-04 1.025931641943242595e-03 -6.712662480075234873e-05 2.924585915947547896e-04 -1.260094703549203421e-05 3.170402972274222945e-04 -4.100229248883684597e-05 1.286826896904316362e-04 -5.309849598801728203e-04 3.449462088182492594e-04 -1.706667139405091782e-04 -4.028540188391555661e-04 -5.581783855964558014e-04 2.056742291023869196e-04 4.567187141834864929e-04 4.771723330636831783e-04 7.059176451689365287e-04 1.765262722896706118e-04 4.542183556214897692e-04 -6.258956997600551410e-04 -3.562538072699027321e-04 5.034878991105604714e-04 3.920680711129743154e-04 3.222888041065793919e-04 -1.223556081338964419e-03 -2.291395994439553597e-04 2.327667729977693912e-04
-5.871366119575346931e-02 -1.589654107322931165e-02 -1.860652649068498740e-02 -1.499591924051409814e-03 6.209628484805601069e-03 -5.522498884234473653e-03 4.489316555208164305e-03 5.352146592697756659e-03 3.030234456735235058e-04 3.319019351400767301e-03 1.644084072812391183e-03 -2.960757865754915300e-03 9.719755073210537954e-04 -2.480781612758194490e-03 3.381995331845913323e-04 1.046239848643073589e-03 3.141174358913048636e-03 -1.840419596943606347e-03 -1.041874739831144623e-03 -1.589518640610949971e-03 -2.582116224656893426e-04 -5.769442314764422052e-04 3.310549343328285051e-04 -1.369124383051746564e-03 6.719503785677874040e-04 -2.580557325753028643e-04 5.651660886125053299e-04 -3.066960777273483401e-04 -8.315853742108776723e-05 -2.264898290665890823e-04 -1.051422722760316864e-03 -4.289489934200210768e-05 6.468280703631729784e-04 4.581093454665592640e-05 -1.929690038459781331e-03 8.290453609165798678e-04 8.972535200977887126e-04 8.744959160127515263e-04 6.921280859583124330e-05 -1.048515454942632909e-03 -1.043499205771845776e-03 1.716955477358030047e-04 -5.656285582448300139e-04 2.935203255935102374e-04 8.037464425318329407e-04 7.390749905887946314e-05 -3.679807136846374943e-04 8.761871471066183214e-06 1.329440895171815672e-03 -8.606149698230852534e-05 -3.812355913210080057e-04 -6.536592626825092460e-05 1.906820982565865302e-04 -5.158704825793264132e-04 -9.101469124495612439e-05 -1.126217356180030668e-04 -5.106150320035397544e-04 -5.951475608351351407e-04 1.038095288531856990e-04 -3.748448059786604306e-04 3.001432403614272162e-04 -3.835075246416286428e-04 2.829008385565136069e-04 -5.955043623328032561e-04 1.000019986648615234e-03 9.254098750635081751e-04 -5.301083853785113707e-05 -2.986160782681810278e-04 4.435185701995145624e-04 -3.412199544467629710e-04 2.078910715997089420e-04 1.109570288537530284e-03 -7.077024199751488364e-05 -1.173185183614930833e-04 6.246537222004137544e-05 -8.735414155953115595e-04 -1.145566785387619078e-03 -1.095794543957268855e-04 6.773610569110922889e-04 1.815498860877831774e-04 4.580145138148597147e-04 -7.842703380410969566e-04 3.469871323033366247e-04 5.989498766230260963e-05 -3.011310672593312432e-04 -8.918872345338615774e-04 -4.949826528388917091e-04 -9.346212484337741580e-04 -2.944320138601660693e-04 5.115501503085109650e-05 -2.890833766666979238e-04 3.471591535467755964e-04 -1.028147254458478384e-04 1.251343289048315369e-04 -1.096672106320882361e-03 2.894042289284883582e-04 -2.071848383651578817e-04 5.774253983709735872e-04 3.041412110864731306e-04 1.836793056326671927e-04
1.560454934692907802e-01 1.449008734776116927e-02 -1.580562363842260426e-02 -4.944239288706153181e-03 3.923608618069094737e-06 3.976752646091724131e-04 -4.249512412451235052e-03 -5.658033813749987345e-03 4.797148966177007534e-03 1.499439012989486203e-03 1.630069943975577442e-03 4.356898217746839330e-03 -5.807684919741345608e-04 -2.350695976465836371e-06 -5.047406053037805642e-04 1.478235007164023550e-03 2.147294255782386703e-03 -1.425338479483877468e-03 1.263838982183313397e-03 -9.136249992243636580e-04 3.718118639336325817e-04 -2.193565545437937622e-03 1.951939761213945367e-03 -1.474716761609549563e-03 1.448427449570806975e-03 3.408824875974898923e-03 -1.225591719863151343e-03 -3.224262984126207050e-03 -2.025642316246397908e-04 -1.533717060834823486e-03 -3.351044221442322450e-04 6.392742280623148069e-04 -1.971905652610772639e-03 -3.680776911581713513e-04 -9.649535410906052123e-04 9.387649551576166549e-04 -2.304784101753821828e-04 -2.116372005036068829e-03 1.758662524504615496e-04 4.934150902051946100e-05 -1.026456768973320810e-03 -7.266673938268221333e-04 3.557748518986229868e-04 -4.495958122559912075e-04 -1.663833899112653395e-04 -3.180916419006053156e-04 4.165480770016387183e-04 -6.638808650851130751e-05 -9.163875139805290157e-05 4.176862900556265021e-04 -8.403161067559595642e-04 1.721870170697906188e-04 -2.892374529576088350e-04 1.235685249994432963e-03 -5.720589415904883766e-04 -1.730445647799239920e-04 9.767902109244614405e-04 -1.265597393755656368e-03 -1.339324826818709174e-04 -4.106691419933449871e-04 4.703556166594802528e-04 1.017546770609341344e-04 1.321265854106638783e-03 2.695884475360368427e-04 3.088695676050440481e-04 -6.895383317545379686e-04 -7.829278164246328080e-05 3.969860385926460571e-04 6.038290160755797322e-04 5.826201564386005198e-04 9.917677801155637071e-05 -6.224137406697826053e-04 -8.063343273921897694e-04 2.964188966028515407e-04 3.768223858888547430e-04 -6.477906090733404586e-04 3.827306554359120503e-04 -1.143355411167075193e-03 9.553553288380301194e-04 -1.070851570622825735e-03 -6.251837108766235687e-06 1.385738863831219303e-03 2.895932416520646683e-04 -1.847456436783884702e-04 -8.796267928012426211e-04 1.102897393815645277e-03 -8.293941284599453800e-04 -9.970016671032215852e-04 -6.034322676351240155e-04 1.043110800469267997e-03 6.244655599167757507e-05 6.071905678291297098e-04 -1.637888507669784028e-04 -6.009524941154875417e-04 1.583996909701275305e-03 9.461449770504925952e-04 -1.734795734460509034e-03 5.471803800018572132e-04 3.477147018604111509e-04 -4.902387799846549257e-04
1.868174047532209781e-01 3.561232600654460744e-03 -2.480298379297747537e-04 3.195669935823004099e-03 2.343239429486658476e-03 -1.177804567199670915e-02 -7.494154650371266657e-03 4.789198417147153344e-03 9.447736367222572644e-04 -7.618925042241431189e-03 1.092311337848000550e-03 1.535568310832105673e-03 2.011682255805814779e-03 -2.624516291825750979e-03 -2.540199579568296496e-03 4.473281429006661751e-03 -1.176224925910171904e-03 -4.307701874876007295e-03 2.173999921719396797e-03 -7.666521488736523834e-04 2.960980389006411494e-03 3.093891438958580077e-03 -7.253477606474438956e-04 7.842364242563405665e-04 2.430269878902277438e-03 -1.125510288584009476e-03 7.466659097981310188e-04 1.968926386139955697e-03 9.778146234052024870e-04 -3.705127272476373612e-04 -1.308760870712071629e-03 1.909008313668547532e-03 -6.946748117477701543e-05 2.615643387855604691e-04 3.051364308180278158e-03 1.688141358197830328e-03 5.843176463172619671e-04 -1.133297051656826672e-05 -1.260441605783091824e-03 6.631850423451890420e-04 8.291874725003094962e-04 -1.017593882789064085e-03 -1.227077555740756123e-04 1.207231604577744437e-03 -8.020733924973161592e-04 -5.463715849694472616e-04 -9.936702560409502605e-04 1.962983880495628840e-03 -2.971377779725909146e-04 6.740927069461419762e-04 1.466318744332202628e-04 -1.088481442326010755e-03 -6.102535492722581563e-04 -1.464005577387950162e-03 -6.312743795333281872e-04 5.172414811041497812e-04 7.942932098822077028e-04 7.041625358701528962e-05 8.988011627976353604e-04 4.410134462766696181e-04 4.668940282836137111e-04 3.936099385153144599e-04 -8.518730305006558820e-04 -1.019594333032048739e-03 -1.820945512395883131e-04 -4.829603364824572916e-04 -2.776628713464404970e-06 7.945299429145848266e-04 1.026759130713271397e-04 9.560734596384509092e-05 -3.082755841476008947e-04 4.484074930135402621e-04 -8.452284702558697320e-05 -2.957147148683960682e-04 1.053886747994874887e-04 -6.514867937219003284e-04 2.084308012369860284e-04 4.128598106720797163e-04 9.171906294085678188e-04 -2.870403370532815688e-04 -9.625742980737967954e-05 -7.791809182926258631e-05 5.681085582787840987e-04 -6.866610303545341845e-04 -9.381633637043515169e-05 3.454368478627903023e-04 5.156981117393893152e-04 5.791835605999315351e-04 -4.529383322771501907e-04 4.479966591567022412e-04 9.112708395384500520e-06 2.785735229928476417e-05 -7.849757306809883827e-05 1.653543371269213121e-04 -2.040517680836531731e-04 1.055050491414115214e-03 1.561298638018882110e-03 1.190264573422186809e-03 -6.578116665879903254e-04 -3.570787810220113186e-04
-4.375375910790935824e-02 -2.185277383939206522e-02 -2.695295008910235379e-02 -7.484707484007647495e-04 1.102436263687714066e-02 6.539303138341574957e-03 -3.156572663079781470e-03 7.937572449148961456e-03 4.416520563355091911e-03 3.288514281980150903e-04 2.712310189166238124e-03 -4.070999043011102984e-03 -2.220590118701941656e-03 -2.024560597328567586e-03 9.827611142876316232e-04 2.232441408555438551e-03 3.985759269936032145e-04 -2.670569104668123368e-03 -1.347532609767154331e-03 -1.150607791497314139e-04 2.240627328901906442e-04 -1.640683045234965064e-03 1.209379875474156938e-03 -4.460870039944132121e-04 1.328142907371983360e-03 -1.413398328787186450e-03 2.637107455719583460e-04 -2.629292364272166338e-04 -8.106807021122430573e-04 -1.153126049707359083e-03 -1.058093329669634441e-03 -1.796301792670214120e-03 -5.102018314767050363e-04 1.138283950522500903e-03 2.203468010046282205e-04 -1.715047009850517029e-03 8.736011602187606761e-04 -7.639591135910881771e-04 -1.907921088467765479e-04 7.204985179834242455e-04 3.984578524348272714e-04 1.994659078555877704e-03 -1.713965073749249891e-04 1.365413909415441444e-04 8.063718100768958437e-05 3.541515837186872632e-03 2.401029566255705465e-04 2.107655079713843490e-04 -6.909693283579157724e-04 1.000770584187300532e-03 -8.137805370042169775e-04 2.671523218350273167e-04 1.744945865332458545e-04 9.088863206325809767e-05 -5.250720454618342924e-04 -2.331189955448326472e-04 -4.149694983972825957e-04 -1.114298120504387396e-04 5.625033636302369288e-04 1.366558602122821143e-03 1.695565416464067774e-04 -3.091564190919974262e-04 -4.772099693882700454e-04 -4.286204806533700775e-04 -6.073686557910239724e-04 -7.919431771541766941e-05 4.962219450988440521e-04 5.300724398453432289e-04 -5.913918390179490059e-04 -9.021031007781873555e-04 2.556192626565575348e-04 1.124319019867263387e-04 4.548486815036946701e-04 -1.204244376655539967e-04 1.596157542786695485e-05 -6.166707419797931881e-04 -6.297762404544103663e-04 3.051825976593888637e-04 2.642244463509744339e-05 1.304099037378132135e-04 1.468260822718864809e-04 1.083518207224978174e-03 -6.982814547526111454e-06 7.370660309378982734e-04 -5.252242277529657090e-04 -4.184165204842722860e-04 -4.659780770037863393e-05 -1.083370262237406869e-03 -3.279579948084935343e-04 8.762687208956864142e-05 5.795786287385576907e-05 -8.800881066945157516e-04 8.622453536905735558e-04 -7.210756782626511797e-04 -4.692598368541853150e-04 -7.260442963632847326e-04 5.688339705155502288e-04 1.006855203849632780e-03 6.565897586183577599e-04 1.017994128583685784e-04
-1.600257998220006722e-02 -3.200288223680942956e-02 9.187648977934503858e-03 9.938373368074352593e-03 -1.070488108878583054e-02 1.785886485304679500e-02 7.130754861450555419e-03 -3.471880366709496641e-03 -6.383622325069861908e-03 1.617315811752492510e-03 -3.530667385729115235e-03 -8.124739005277090143e-04 4.347151117318536558e-04 -1.263485961948941898e-03 2.154898334754186970e-04 1.612698353595064553e-03 -2.440380704658802902e-03 -1.136075775129106145e-03 -2.476371829590328397e-04 -6.545716075842472961e-04 3.146370260503081242e-03 1.348972701482505261e-03 6.287711941155346013e-04 -2.785603159540626147e-03 -1.594038024052046691e-03 2.416690780860735865e-03 -4.655839971695035899e-04 1.894465262242022222e-04 2.630517910991199328e-03 5.880363530843217687e-04 1.012315625488458297e-03 9.275281644362826788e-04 5.781980817578300349e-04 -2.145641084022595520e-03 2.315792575041402627e-03 3.032669569624178436e-04 -6.681290332790168571e-04 -7.545806133789732936e-04 -7.135975018962970430e-04 -1.187234627481119267e-03 -6.456403936110916963e-04 1.804403556708606944e-03 1.577108371697788459e-04 -1.644466979187981972e-04 1.126183072830273715e-03 5.334713841919013714e-04 9.377737942991938363e-04 -3.401801696180037100e-04 -7.701256368899462483e-04 -1.498899895067292679e-04 -1.956772773462606531e-04 3.338714220848025094e-04 -3.415833403137616669e-04 3.355922408048244939e-04 -1.999254678590654485e-04 1.301353900169228918e-04 1.062021631630284766e-03 6.229341691501712013e-04 -2.018575518199587887e-04 9.259081597965904825e-04 -5.914922615742227796e-04 -8.019203963215389749e-04 -8.488124303683551065e-04 -1.304973230516432185e-03 6.113881732526975973e-04 -4.199826394746735770e-04 -4.026225532220123037e-04 -9.836232865581616240e-04 -1.850842006498460085e-03 -4.730730895880456565e-04 -2.681450747736914856e-04 -4.168534179197327981e-04 -1.253308528300301755e-05 -9.783089311447309804e-04 -4.828829355900366663e-04 -1.344437129628507557e-03 -1.144235106426414296e-03 -2.212928389909602509e-04 -5.925491860293475741e-04 1.288206138235648479e-03 -4.313678940291647106e-04 -6.310732566876598500e-04 2.539255855195649675e-04 -1.532360701414946496e-03 -7.244444067795632446e-04 2.053963604905978998e-04 -4.232122133777168894e-05 -3.060965006858605607e-04 1.714713286910160540e-04 -1.814076029254019532e-04 1.164243047604893904e-03 1.085889504143858642e-03 1.159844582515894614e-03 5.681484938052616370e-04 1.077019681511742029e-03 8.932616533590986060e-04 4.226827067273812230e-04 2.874662646537144185e-04 2.809160701887529000e-04 -4.763803452665834335e-04
7.808074952108032263e-02 -1.777488898666678210e-02 -1.383202248333432680e-02 4.278884340164683907e-03 -7.629189724871226173e-03 2.097648184739756352e-02 5.881100733728571173e-03 -7.323938002788807702e-03 -1.218671720943878718e-02 5.746211350499296671e-04 3.579442123549450030e-04 -4.030328152611887225e-03 -3.820079715908149699e-03 8.633743201884752118e-04 -8.977426572373533112e-05 -9.831222822758167723e-04 1.899456382413078955e-03 2.079975613277574090e-03 5.247722229103636256e-04 8.409967781595681369e-04 -4.948196883456864063e-04 6.399500478155359514e-04 -5.476785086347253856e-04 -1.614429846939493217e-04 -1.067507426895139555e-03 -1.081975489995520498e-03 -1.029556807588578957e-03 3.172634072973742956e-04 3.676258591216926500e-03 1.306128877216386919e-03 -2.050606145674738288e-03 -2.817639260072327860e-04 -1.973717112598169174e-04 -2.431718145691146406e-04 2.141377255965022479e-03 2.282578069580144982e-03 -5.810312117823524794e-04 9.628318089585111107e-04 5.217277607759969286e-04 -1.598278162874710966e-03 -2.699528121661581175e-04 -1.966189757092399321e-03 -1.064788013701262236e-03 2.131304573305012069e-03 1.975095721993160199e-03 -3.283119396147052369e-04 -5.049649725213604251e-04 -1.113027940146494232e-03 -7.016285749850231747e-04 2.092641444708376579e-03 -1.859045319249163705e-03 5.114854365745328179e-04 5.630803256398894934e-04 1.187136887914180643e-03 -3.918782386466537803e-04 6.257271344606549256e-04 2.672449601932292123e-03 -1.263914443758234248e-03 1.490500156531799746e-03 5.717609194066433078e-04 -1.047400522411947666e-03 2.227121448597816592e-04 3.625517944038792047e-05 -1.000703436872667522e-03 -1.062514813867688167e-03 1.633952101000761071e-03 2.958013169498259834e-03 -2.993880769833269268e-04 -2.524933465585039636e-04 -4.225286809543010074e-04 2.327532832603531037e-03 -9.885210717571334561e-04 2.098412928831116153e-04 3.553217228032295094e-04 -2.203088608407540729e-04 1.928137066352144605e-03 -1.469578022967530902e-04 -8.166534640904151614e-04 -9.028436855155934707e-04 -1.304988560117733968e-04 5.282922022220184035e-04 5.829202910104891531e-04 9.362102075116198222e-05 1.071433819316247767e-03 2.439607350053593732e-05 -1.666773074620028555e-04 4.059402871440585098e-05 -1.294914371055371199e-03 -5.010099731337916071e-04 -8.717045232781403833e-04 -3.301080341204147366e-04 4.331208972225853446e-04 -6.730926680220028935e-05 -1.386912345991736907e-03 -1.106075514851152851e-04 3.502526088348693000e-04 1.066742915462268464e-04 -2.068492969755269043e-04 -3.575536874168850623e-04 4.463234356555567981e-05
