-5.203033022900568211e-02 2.456515532843669969e-02 1.208971642241574683e-02 8.739429591058287330e-03 1.766342367785080992e-03 7.641494239207528762e-04 1.007886834834656985e-02 -2.087373558911712491e-03 -1.117592129927667938e-05 -2.372865398693690953e-03 2.230906080344072923e-03 -2.396789876553411316e-03 4.077152173036741739e-03 3.478662308445569853e-03 -2.166913803342087913e-04 1.465448324205561323e-03 -3.279627484035089156e-03 7.429350950809915973e-04 2.943708239921306088e-03 3.118122471732844275e-03 2.865884033644998646e-03 4.135875344908686475e-03 -2.296943443482874631e-03 -4.161704389672346918e-03 2.397108757494057288e-03 -3.002819721300062209e-04 -2.801967285115777168e-03 2.950361770262949646e-03 -8.299313090223357217e-04 1.138895878545026047e-04 -9.104816909947341819e-04 7.141237772894790852e-04 5.289148533727791373e-04 -1.015913369343222634e-04 3.509564506844753407e-04 1.344085333853022989e-03 1.039914067651592083e-03 2.669405695085064721e-03 -8.016473264963710132e-04 1.707987541390436120e-05 7.452240837769307381e-05 -2.740423718834646182e-04 -5.507644771286589842e-04 8.359289857728797709e-04 1.566228777096146296e-04 9.665436534188834999e-04 -1.515346920447003707e-04 -1.507424090269229421e-04 -1.860213813699553638e-04 1.001381748743812800e-03 -5.798791877686207972e-04 -4.236619647746197670e-04 9.741560351264200038e-04 1.199755382682994961e-04 2.039613252753061823e-04 6.672669671523687347e-04 -8.221919071106270670e-04 -6.528046333453580308e-05 1.147160923461414909e-03 -1.197420685115891493e-04 8.008354582418363617e-04 7.377759799852410443e-04 8.609105583887883282e-04 9.614412376731533471e-04 -8.580544301277084288e-04 2.022979207107292740e-04 6.182778899755706457e-04 9.100241921186408203e-04 3.420068818119641381e-05 -2.297758619443709006e-04 5.090186778645159000e-04 3.778683451986065240e-04 4.431100788568545089e-04 2.030398754994326813e-04 2.833219246676031808e-04 6.908832692589305735e-04 8.454989331393753145e-04 1.011063704967532246e-03 1.242405691675652329e-03 -7.320906293150013884e-04 -4.218903707815644831e-04 3.022991309103397045e-05 1.116069821009490343e-03 -3.420763651555890571e-04 2.761832000667427899e-04 2.626092076675940780e-04 1.122262504553958899e-03 3.029323801057665837e-04 -4.343696581842151254e-04 1.990310857675891426e-04 -1.645617308070231315e-04 -1.982162065910510638e-06 1.426901968626168970e-04 1.169992439324196503e-03 -1.006561717885705743e-03 1.242193610326262779e-03 -1.095937801470640079e-04 2.601786199910350347e-04 1.861167037714652524e-03 7.283560346621286265e-04
-7.438405066363207307e-02 2.709244660361614238e-02 1.374287062145956688e-02 1.144950480520372021e-03 -8.175218683207716034e-04 -6.694821255897182889e-03 -4.086014885946309162e-03 -6.342845243263407415e-04 -1.890537410539399861e-03 2.121105705595393177e-03 -4.669582479577287851e-03 7.009580842016915891e-03 -5.445800939057004672e-03 -1.101620312100484722e-02 -2.171186308354907009e-03 -2.546984508837805191e-03 -1.780351546518432510e-04 3.135850672535815155e-04 2.627580469527059179e-03 -2.701705115151608293e-03 -1.018275735801388911e-03 2.500703741023969136e-03 1.021944556097813305e-03 7.364853720961987357e-04 -6.802544138146362400e-04 2.467495428286101567e-03 -2.972375695356500869e-03 4.356459296808919482e-03 -2.061204105738716468e-03 -2.755250278561824102e-03 1.440214625041608522e-03 -1.525185838154812347e-03 1.533243487445690688e-04 -1.312441162836705403e-03 -3.068547729660221161e-03 9.869973677392833433e-04 1.421290493547917129e-03 2.331377789679889550e-03 -3.242795576018766895e-04 4.436702433561230804e-04 2.212797555491795212e-03 1.464939083703537166e-04 9.170647218934738047e-04 3.347772497515384845e-05 6.686892007901506542e-04 2.423996391466614209e-03 -1.427187694421302479e-03 -1.920103602268585308e-03 -1.519183225023291572e-03 -1.755578804269101827e-04 -1.479196740630941455e-03 5.631091707139897841e-05 1.443512489513146691e-03 7.703394000289955903e-04 6.846615848538689306e-04 -9.610832712337728009e-04 -7.752725111551581581e-04 -1.516194070735213699e-03 5.737137796085710735e-05 1.654868643024297369e-04 4.840843716841766774e-04 2.141084837454111829e-03 -1.763365325461106444e-03 -8.434933476451440728e-04 3.315051823033361147e-04 -5.357482800116545501e-04 4.277104294562775427e-04 -1.514981133161682298e-03 -7.489599315579259823e-05 -5.004998000107962770e-04 -2.680074371428859737e-04 1.271308576530419941e-04 2.839449641786298442e-04 -6.383229374648427112e-04 -1.461418775924190052e-04 8.853153381319068226e-04 1.995809948071086617e-04 -6.208297310664948184e-04 -5.965143340441098931e-04 -1.942778565976767120e-04 2.615229723803558283e-05 3.651065607799426345e-04 -9.005634607526558132e-04 1.419858820884769581e-04 -2.975770202501581453e-04 1.373534022124487015e-04 -9.544662023119989194e-04 -5.690586168462736979e-05 1.057928813101257628e-03 4.581717613241351921e-04 6.671955215938345143e-04 -2.446412313465846076e-04 3.229682223970797850e-04 -5.058785866655637550e-04 6.576991579616360464e-04 -1.479507540806797913e-03 1.106775574389728001e-03 1.150978041147107874e-05 -1.200658316680558143e-03 -2.477265242067828869e-04
-7.830773475639640768e-02 1.961157966468492567e-02 2.887593818572395388e-02 8.223206492496167377e-03 -7.136809441169841145e-03 5.294985964569819299e-03 6.093450276556319767e-03 -1.341598546846844552e-03 4.484770762752303766e-05 -2.686553399371340630e-03 -1.262662356515355765e-03 -2.614103480841150750e-03 6.860597945911594241e-03 4.119629243759061199e-03 1.372814123670931981e-03 1.530580782013123229e-03 1.394495800381774248e-03 5.398960242015029935e-04 2.092305939359091413e-03 -3.477616449227309212e-04 1.298657864324718558e-04 -1.524540231176759603e-04 2.884629973442658936e-04 1.177756210007630498e-03 6.849228858528805513e-04 6.257773564870229479e-04 -6.918799843381747252e-04 -5.696424026937627538e-04 -1.840656977878164270e-03 -2.157779004138579530e-03 1.538171763875237005e-03 8.697120265406052954e-05 -2.271424587495357562e-04 -5.101457003225123724e-04 -8.449644194166148516e-04 3.261135700491240609e-04 -3.358809843810133780e-04 2.806894863949585366e-03 -9.789861370371394974e-04 7.100585864932707891e-04 1.584951371978615253e-03 -2.969452670249674218e-05 1.152993478058239639e-03 9.781246223022415590e-04 9.328145245489306760e-04 8.680243572040311200e-04 7.798569938864530595e-04 8.801481666625324653e-05 -8.313391753039887228e-05 -2.257760576113688696e-04 1.152224126000089572e-03 -8.569686341434064585e-04 -1.710778794898958977e-03 -4.102536641942289850e-04 6.333969543023369600e-04 -8.003769718494861901e-04 3.464719436603230025e-04 -8.082318544832016102e-04 -4.563834384416191490e-04 -1.691934469106260970e-03 5.072361501597333821e-04 -1.719278723113400729e-04 1.211942092460546955e-03 -3.496019492055486367e-04 -1.145765458752699218e-03 -3.005483858211660682e-04 3.623403885508159829e-04 1.505438319898626904e-04 1.168948698040861824e-03 1.055281343567625692e-04 -1.476352479009184263e-04 -3.008571560290495672e-05 -1.219906392847262518e-03 -4.519806958820725526e-04 -3.171293609576822338e-04 -2.297212795741419996e-04 -1.030448991897653637e-03 -4.870308267230328636e-04 1.109976675157021686e-05 -2.015965713170521920e-04 3.490157563600105846e-04 -1.389680987539380528e-04 -1.133206781877328390e-04 3.413430589169335889e-04 4.245152197693658836e-04 5.548190012648196445e-04 -6.795185006122376938e-04 -8.700998112676065245e-04 -8.178294486128404582e-05 -1.693360540811938346e-04 1.799841906223012859e-04 6.372098809048963542e-04 1.604917717640543754e-04 -8.176950948543167943e-04 1.103528019654261396e-03 -1.547596467488094826e-05 9.352972041146445387e-04 -2.677490015858637246e-04 -4.756744721628400081e-04 -9.662377399551666914e-04
-5.696253008394874806e-02 2.488814146877170105e-02 1.825292025783510977e-02 7.719811459749727038e-03 -1.074670458151693892e-03 -1.206392289736322966e-03 1.009614984741629383e-02 -8.986285404905111282e-04 6.955741510985482360e-06 -2.173214067470396593e-03 2.527382088719599268e-03 -2.042323821504506750e-03 4.048518967072441306e-03 4.126994499339387695e-03 -6.699275843786681346e-04 9.113155130602533516e-04 -3.453710312435000207e-03 1.030797935493454583e-03 2.319112384008810770e-03 3.521787822990099428e-03 2.653254072932645456e-03 3.580223153729950210e-03 -2.176796129877209187e-03 -4.057909978198497199e-03 1.903708736796705511e-03 -4.716754075486020840e-04 -2.096552062928047980e-03 2.216412278100327125e-03 -1.112159198190189021e-03 2.065047871952936643e-04 -1.169425772644468132e-03 3.841793311122144246e-04 4.292118633646666319e-04 8.983176917293126762e-05 4.541908618595615153e-04 8.894491778676981647e-04 8.209694618450939134e-04 2.800795765081773997e-03 -6.035151899895065467e-04 3.025299287947008750e-04 2.210455489712019204e-04 -5.660819303482783052e-04 -7.941332807947733188e-04 8.397082756123948766e-04 4.683736105031533576e-04 8.862705991132373024e-04 -1.412337892582091572e-04 -1.598290123805222842e-04 -2.182932482122993659e-04 1.251804223312017123e-03 -8.141105941026265200e-04 -4.481169634272458356e-04 4.977189715960079336e-04 -6.744714245045326819e-05 2.806180983703127660e-04 3.958060903450375608e-04 -6.156978261266181883e-04 -1.335589813266114536e-04 9.832622871687164787e-04 1.391219136792087060e-05 6.083852270124804522e-04 8.283644886600890090e-04 7.340235058378533637e-04 7.253412830087870933e-04 -7.565679416513977889e-04 -2.477409708470295827e-05 5.174586267105153433e-04 7.738507111001470540e-04 -9.781265446542940570e-06 -9.563410723165729609e-05 3.620669885667788645e-04 2.997608801368528740e-04 2.498621541344716256e-04 1.019677331681814611e-04 1.129542365973739792e-04 4.298424487762406653e-04 4.654139466251422299e-04 7.182170252162977438e-04 8.315300356961510342e-04 -6.968602138627283003e-04 -3.457202887622350335e-04 1.547107919401218121e-04 8.165839588280327703e-04 -4.851389700703550201e-04 1.501093520323832742e-04 1.651459963168876665e-04 8.204422898402342814e-04 -1.991312357926404734e-05 -2.219472208336433449e-04 2.264599269882214619e-04 -5.696766992237623851e-05 -9.368671159932164699e-05 1.139255420032625883e-04 9.314586089126296537e-04 -7.235288322032860757e-04 1.189903323156521909e-03 2.965242094554731300e-05 1.868679431029023443e-04 1.810395416273322686e-03 6.222612956290160969e-04
-6.983177932425869983e-02 3.363862936497807182e-02 2.596327001417073760e-02 1.243058085494850966e-02 -8.411136115013229456e-03 -6.406658244563078093e-03 7.803929466109239127e-03 -3.541325387160507761e-03 -1.492466720530547788e-03 -1.951204035139165668e-03 2.288700194972069155e-03 2.032202494937904505e-04 -5.613168752291860727e-04 4.432977912557784818e-03 -2.326585572138009650e-03 3.773081586791558880e-04 -3.052680487871531258e-03 1.406712755560471460e-03 3.682691493977030919e-04 2.208544217132342707e-03 2.225690746165750501e-03 1.406246945606030429e-03 -1.045691982553483522e-03 -4.512676300842246267e-03 8.459998927469382802e-04 -1.227810900002549886e-03 -1.228017578696108695e-03 -1.621961279129587930e-04 -6.330581510581981047e-04 1.150809746718648753e-03 -1.614161801843073734e-03 7.160340351691371836e-04 2.347959179818777864e-04 1.002250419713596012e-03 9.562223277322287867e-04 5.278745005698128219e-04 6.753802772638527749e-04 2.537538053261470528e-03 2.145786505861733718e-05 3.598653965654563199e-04 4.902660274450534438e-04 -1.036141490068955007e-03 -1.455737381479317236e-03 6.696842580338883445e-04 6.848150105633475822e-04 4.938943588939782685e-04 -8.573887773603793526e-04 -2.935667790448369830e-04 -4.530790214845737264e-04 1.416261539642123561e-03 -1.647067504610118987e-03 4.557443629764357658e-05 1.677555991492486428e-05 -4.091443326601541548e-04 -3.153905188083215268e-04 -4.160928021542957458e-04 -3.747780975743592730e-04 4.627705082523557185e-05 3.097979396972498113e-04 5.955461554847889640e-04 9.675746047488663706e-05 1.034715585964982119e-03 -5.172889548507456428e-04 -6.606781734782607473e-05 1.343985523625577483e-04 -2.951777694993585840e-04 1.373657813818963578e-04 4.248386153494908046e-05 -4.785336936672651828e-04 2.229646156259577384e-04 -2.347244331026402699e-04 4.223224153447989590e-04 -1.816390944329757215e-04 -1.979570393267056447e-04 -2.763310957695273395e-04 -3.055710656124882400e-04 -1.237559098721748333e-04 -3.075534152468271725e-04 -5.069043662829663842e-04 -3.768270478523748834e-04 -1.936914786789032230e-04 3.822158513965770855e-04 -3.700501071419961987e-04 -2.507679199495319641e-04 -2.621309222394096897e-04 -1.111783669665907936e-04 -2.889283429907980177e-04 -5.376775240093167006e-04 3.782875226900168572e-04 2.531039814927473928e-04 1.352496864902929890e-04 -1.450827140078104680e-04 1.594907891628335843e-04 -3.345052322901781645e-04 2.674713679556751261e-04 4.092991145308710194e-04 3.188990521292139608e-04 -6.760091399829057585e-05 1.116778070566968196e-03 6.657873391259923031e-06
-7.768120314188653452e-02 3.621361310049599908e-02 3.502830014322802499e-02 1.625306582754775311e-02 -9.385521543695823574e-03 -6.585989405900490729e-03 6.029618490969391488e-03 -5.017674877279541291e-03 -2.628574133734741872e-03 -3.857032383144875999e-04 2.362171586397060832e-03 5.909808501156941585e-04 -2.786451431549209681e-03 3.934896633474759854e-03 -2.453302940774984911e-03 3.432904348906235144e-04 -2.259523990592757388e-03 1.137608995139246853e-03 -5.696607882288526759e-04 1.216716027527212996e-03 1.435437303789081909e-03 2.298830984219589385e-05 8.537205118107041746e-05 -3.360626849534840282e-03 2.593496934708529257e-04 -1.493569787721773156e-03 -1.886570375876417459e-04 -1.101271704180519471e-03 1.295541192105747748e-04 1.268394082291122429e-03 -1.420376038399450607e-03 8.805091305187033980e-04 4.209406429651198309e-06 1.449382143648724136e-03 9.743903898230074244e-04 1.752407072102045785e-04 2.047439633347495236e-04 1.220507776550984122e-03 3.715643960448217838e-04 3.838915852861841298e-04 2.758487111261355494e-04 -3.902309076704027426e-04 -1.479121948574527862e-03 2.459686003468173439e-04 5.272547700615744064e-04 2.307236080072936886e-04 -1.436822121321744894e-03 -1.996753668118933208e-04 -5.862087316441147141e-04 9.477974223756762155e-04 -1.384611810134026922e-03 4.486985149241508775e-04 1.373710383678826657e-04 -1.765729903855611620e-04 -6.609001435684002963e-04 -4.570380281972053101e-04 -1.272965009863556132e-04 1.551111150510248724e-04 1.597641441996448569e-04 5.854625293978436232e-04 -2.747576317778678535e-04 6.583854669112439812e-04 -9.911845625246611721e-04 -4.002957142053889506e-04 4.056483757408963940e-04 -2.267736196260192682e-04 -1.246621911510570530e-04 -2.753299240468311238e-04 -5.969819463472812553e-04 2.988602640204713603e-04 -4.565927335099050728e-04 2.455004100016165377e-04 -1.980514951204452449e-04 -4.557824780674962425e-05 -4.324403814298912797e-04 -3.698498379680509622e-04 -1.751961785604011870e-04 -6.229735641804632794e-04 -9.362363347651463889e-04 -5.317482116287613683e-05 -2.153081193199778273e-04 6.047341383342916949e-05 -5.924842318893239331e-04 -9.335351191235035815e-05 -3.311474974797516267e-04 -3.784861289448650744e-04 -5.454229852465133314e-04 -3.200048640046486230e-04 3.839692848856130479e-04 1.364281502399982196e-04 2.140331199089924596e-04 -5.570680890317928702e-05 6.688318749208216579e-05 -5.321633633349227973e-04 3.917188400841371213e-04 -3.064023328624989554e-04 6.076249635233253163e-05 -1.439367804274112523e-04 2.234730251435906531e-04 -1.856868420592591099e-04
-7.331983946641269789e-02 3.114193038094537763e-02 2.455762180243026283e-02 1.139890705922860792e-02 -5.256281285558927867e-03 -5.259510448863543783e-03 5.752153416359590335e-03 -2.594249679731452842e-03 -3.005515313374162827e-03 1.355625137533883430e-03 4.740463310975486996e-03 4.422900897314282565e-04 -1.679075410825293197e-03 3.281099736596951831e-03 -1.452203362162896895e-03 -2.376877148039017410e-04 -3.508196883457639827e-03 7.938090782515463311e-04 -1.852961515628208725e-03 3.582074395434340416e-03 9.380237768040416242e-04 1.375943172212989226e-03 -2.160929598777068528e-03 -6.733895669869233809e-04 -8.810067650051729390e-05 -1.114721687146814216e-03 1.437230515265056161e-03 -1.160685191757106834e-04 -1.003484644196914145e-03 6.366470022256055013e-04 -1.463892324556678032e-03 -7.463511227721446881e-04 2.387332272730971581e-04 2.532406517078854193e-04 1.219816673060668185e-04 -1.445953417782906182e-03 3.544237687782216158e-04 -3.243105030324508345e-04 1.103900728485784606e-03 -2.548787932659511311e-04 -1.025946642060900993e-03 -8.535802276768308895e-04 -1.103905587708127033e-03 -3.739735223928182853e-04 8.257478472631086782e-04 -5.838524650729266146e-04 -1.790482558681684173e-03 -1.534300158547894592e-04 -1.479756912270886748e-04 1.524275448463346819e-03 -1.490175853292710411e-03 7.936207738996334856e-04 -2.089447758849208704e-04 -3.828346859158631441e-04 -6.083064904060560144e-04 -3.024211693476483009e-04 -4.469345008982770259e-04 -3.632639686431785335e-04 -1.529749015306222930e-04 1.280572691887411300e-03 -2.540085490473861806e-04 2.154998502181112378e-04 -1.701224003664062422e-03 -8.268734439234561506e-04 9.427682536331962295e-04 -5.115601354226267678e-04 -6.340123776720126827e-04 -6.023056480028006433e-04 -9.947362225243557379e-05 3.300191994323870806e-04 -2.719720916454855704e-04 -4.259589008217628766e-04 3.612981812047461771e-05 1.257556360052940756e-04 -4.720963891291962331e-04 -9.746306974903908406e-04 -1.038151657634213540e-03 -7.793574047851662681e-04 -8.443555289443587745e-04 -1.670406601215824506e-04 6.178080912434090596e-04 -9.449768825568191167e-04 -1.551999243545233601e-04 -2.570384031351262075e-04 -1.460176792613894318e-03 -7.704049754021601156e-04 -1.132941481524510959e-03 5.518679463718574466e-04 3.197537428594263566e-04 -3.570587703634153613e-04 4.253754860384577167e-04 1.519741325748647203e-04 -3.074011620501448483e-04 -1.486112122662314921e-04 2.375777147765470248e-04 -1.346709930468756051e-03 -9.002688343490420795e-04 -2.446632718243395115e-04 -2.487196173689149546e-03 -1.936832588011071609e-05
-4.110955483577347080e-02 1.771033924032320780e-02 -1.856474820976525275e-02 -2.259133035913741747e-02 -4.715728214386029522e-03 -2.000035927989817983e-02 5.554276312907543110e-03 6.052448862133774296e-03 7.084768018498720753e-03 -3.725528451741330193e-03 2.643252113352803287e-03 -1.479929412354293126e-03 7.792238183415800502e-04 1.264735974373158234e-03 -1.873601555008052449e-03 -2.702297409010111467e-04 2.637504365896678124e-03 -1.960170335401273823e-03 1.836051262639140907e-03 -1.365324138249500289e-04 -3.133431704769790160e-03 1.263760976231979210e-03 1.159672889518498619e-03 -5.102209961506952744e-04 -3.055628150122777719e-04 7.264448044836691607e-04 -3.520425865919409839e-04 -1.378171666131111292e-03 -1.377267208263472384e-03 2.319660364747465169e-03 1.443717127118394547e-03 -3.127548037588226762e-04 4.144510521345463015e-03 2.421345655201680982e-04 -1.076660890212081468e-03 -1.160598245332769172e-03 -1.650950067871710084e-04 -6.250544070314042913e-05 1.405784770502069899e-04 -1.170755736323508752e-04 1.069231767917376086e-03 6.611528836719404462e-04 -1.649457697013303418e-04 1.119407422101992679e-03 8.812689833664565618e-04 8.138184880753893558e-04 -6.967242848241275190e-04 1.092436629301044666e-03 6.314415253933885726e-04 -9.878027379425667262e-04 -8.908080268309834118e-05 7.632479746755362364e-04 1.267499072512145650e-03 -3.569530158028509669e-04 5.422397352288358448e-04 -4.298257071398437499e-04 -6.075713789561833830e-04 1.990346622914729985e-04 -4.901956776743761606e-04 5.982522294542917934e-04 -4.748263116118991230e-04 -4.276876424366134421e-05 7.420604412231601200e-04 6.281964140844526270e-04 3.452312901056046207e-04 6.005423248724725896e-04 9.047551638655258442e-06 -1.380386834073894851e-04 -1.537852696859688206e-04 -3.981414278561981384e-04 1.587169587827776346e-04 3.801914439844929347e-04 -3.573520057998565971e-04 -1.149707228350640943e-04 8.956144069345338746e-05 1.526680354158262598e-04 -4.943599170646459980e-04 -4.264690435009658866e-06 -1.824756222187137310e-04 5.605385514370883398e-04 1.622770805717779329e-04 9.898180664116029985e-05 2.255362598235034549e-04 -6.953805065094666388e-05 7.860075769127681253e-05 -1.223026822468408316e-04 8.430783256846277119e-05 -3.788477396630333775e-04 -2.664482313242898904e-05 -3.970455483845573320e-04 4.988265061668682063e-06 -1.225630383821897998e-04 -6.478938203808575652e-05 9.576759807748393355e-05 1.020080603851942846e-04 2.596559006986823791e-04 -4.650955612631768360e-04 -2.475590201247496376e-04 1.197426188810201276e-04 7.436138365677952451e-05
-3.733538633430961984e-02 1.554482178375075907e-02 -2.207103131993868803e-02 -2.492782053447003404e-02 -4.799805919740929121e-03 -2.019052510306906453e-02 4.959486832463778395e-03 5.195445023557842233e-03 7.792100314462428907e-03 -3.533829587834606129e-03 2.546677231983911910e-03 -1.235328373278371267e-03 8.436343444977516487e-05 1.414142756604086851e-03 -2.288138815718743745e-03 -7.154994434485593144e-04 3.621223364687080684e-03 -2.261648011570481769e-03 1.535524494301517386e-03 -5.256460857920713654e-05 -3.154039289990025023e-03 1.307649552899182305e-03 1.005563343879648398e-03 -7.782423482871090670e-04 -1.277021953391236926e-04 3.376330582692633813e-04 -5.748311867077490192e-04 -1.461081247929365114e-03 -8.928828820869120922e-04 2.168639189185320171e-03 1.244613687676974709e-03 -6.079768259664124609e-05 4.190986506597467812e-03 6.587802798459577993e-04 -1.124628909871077699e-03 -1.371841735950241016e-03 1.967325643074860743e-04 -4.533213893071525607e-04 -3.638132660238495362e-04 1.920355121186123420e-04 9.456410888937249494e-04 1.046644551236999192e-03 2.924843558914507228e-04 1.489613499671723360e-03 8.155983156366089244e-04 9.733833644773299100e-04 -8.428388229376504752e-04 9.973826259147861462e-04 6.418814021501242527e-04 -8.872410454786933869e-04 1.449254777475206406e-05 1.053558755183614873e-03 1.341116023699692869e-03 -6.024922807825831015e-04 5.060569265645540942e-04 -3.304828010462180707e-04 -8.321053092044571530e-04 1.850452774521162689e-04 -1.365421596396077344e-04 3.508228153453905651e-05 -6.553271703584566529e-04 -2.315284409961519999e-04 8.909212411950115850e-04 7.970174122884997976e-04 4.803105589118608718e-04 5.811762244809424950e-04 3.589607083823958113e-05 -7.383912271032982153e-05 -1.720648658941548105e-04 3.378198453703932478e-05 1.742684235836388057e-04 3.601690991679192379e-04 -2.048539151125704227e-04 -5.483121422477849126e-05 1.930147078887732126e-04 1.149040404631417175e-04 -7.221708956400904730e-04 2.103055898829777096e-04 -3.877726871124242904e-04 4.074466812037914019e-04 1.443693255366673245e-04 -7.762079675603665476e-05 2.649421204445013222e-04 -1.165731120315482061e-04 2.821548601075874298e-04 -2.448755792192194381e-04 1.516464889595842114e-04 -3.062608149078659982e-04 -1.899966733620931910e-04 -6.222981020957605268e-04 3.380701937217368879e-04 2.863607472915599749e-05 6.761645382653131125e-05 9.736472913478272763e-05 3.070685577185110985e-04 -2.689175848479656030e-05 -5.645979663719298677e-04 -3.912840984025276522e-04 1.961114216829562193e-04 3.385617865934551114e-04
-7.268955272384554356e-02 -1.260832428127820447e-02 -6.504123272804214657e-04 -7.083256213351400146e-04 -1.044210661301531000e-02 3.586306241707238034e-03 -8.510334063473448327e-04 6.874451932377270182e-03 1.675109397454756753e-03 -1.879296650039765911e-04 2.630815646741928131e-03 6.779233668465872676e-04 2.807170008730369183e-03 1.772836809791821454e-04 6.123998863108397325e-04 3.376180055388737326e-03 -1.322001467288146277e-03 2.580768985052468191e-03 3.087687692365903742e-03 -4.417700876372247548e-04 -1.039619062556743729e-03 6.981174394397739007e-04 -5.305391949587313525e-04 5.610593468845340463e-04 -2.555243166703602322e-03 2.781901727340404303e-03 1.720763123463152182e-04 1.393100948692985262e-03 -1.332472285371684526e-03 2.368379396438122719e-04 1.625173888177744073e-04 2.428741599542521418e-03 -4.951655045241622416e-04 -1.855496578493654554e-03 8.127174195755912758e-05 -4.902345850906472463e-04 -2.320713716338278047e-03 9.876223520412727181e-04 -3.828758585794518610e-05 1.462810091193395652e-03 1.042966508022612681e-03 -1.532174993067334607e-03 4.463690354417186872e-04 -1.538503422771940812e-04 -9.507964234629974780e-04 -3.979958222989181393e-04 1.983655324863466390e-03 -3.563728217770569754e-04 8.231493791165259491e-04 -1.570425309575117678e-04 1.813581667086917534e-04 -5.995964972934690823e-04 -1.215800431376562246e-03 1.230704095642208996e-03 -4.965031255827739159e-04 -1.211262241941791096e-03 7.331169029871704079e-04 -2.594177608779946295e-04 -1.156365905784016821e-04 -7.228912956333599703e-05 -2.174277879228134647e-04 -5.507458727049319202e-04 -1.416384068446446126e-03 1.016866391373587569e-03 6.622003911788256012e-04 4.259868166601341001e-04 -8.828957331086732373e-04 5.454008674492901625e-04 -2.830500875350436892e-04 6.388598333871391144e-04 -1.661126944478860212e-04 9.079848166188897235e-04 7.900570283327195678e-04 3.824210203461011364e-04 1.456973227740761312e-05 -6.681893356676089652e-04 -4.659360369800481121e-04 -1.068148201172337787e-03 -1.860463603908169700e-03 -1.186570743721018437e-03 -5.352456350353805657e-04 9.481651207823559588e-04 -1.202843032226923702e-03 -4.309173309345490322e-04 4.420858015809939841e-05 2.042425117791181379e-03 -9.887768194119766606e-04 6.367540398381852772e-04 1.722917103231549039e-04 6.002774658180143417e-04 -1.825076386238937446e-03 6.072238863604407155e-04 1.018564799235696519e-03 -4.003143674087559015e-04 -6.590494317388972218e-04 -8.261716632239613205e-04 -1.249548765114487673e-03 -2.423296012162714326e-04 8.847713010860286300e-04 -2.197642271230929891e-04
-8.154193792028120724e-02 -3.707613496144166604e-02 2.081331410813628061e-02 -1.828705153943532965e-03 -4.517107148307115093e-03 -2.150784471902777311e-04 -1.185994242510428343e-02 1.022035694857667629e-03 -1.224306315679344736e-03 -1.883948392028623846e-03 4.615392665693583002e-03 -4.027934852708463243e-03 -4.305830043489003271e-03 1.808928115397279634e-03 3.106632767948291126e-03 2.133767275686331791e-03 -1.792061810735503429e-03 2.291547434599213503e-03 9.123159575624934046e-04 -2.402045877858335345e-04 -1.827727253923058922e-03 -2.977452234435642455e-04 -9.010342047340478503e-04 2.497573367637124196e-03 -6.140026550333814795e-03 1.594209735597628677e-03 -1.797643287165788355e-03 3.455163255238302526e-03 -2.490585293881516149e-04 2.772551264925778632e-03 -7.630511618098044296e-04 2.976166475822191251e-03 -5.728731070525402150e-05 -2.037804779787868222e-03 2.101363292003457627e-03 -6.658025231521710581e-04 -1.414000194806210768e-03 -1.161314560194606294e-03 1.800987185155376261e-03 -5.006618529344575557e-04 1.011686749654880845e-03 3.302252027555686777e-03 5.485025110955544971e-05 -1.555542688669737158e-03 1.161575053302180789e-03 1.556381324950474859e-03 -3.707635311099019624e-04 -1.136707681279720394e-03 -1.286229480856350893e-03 1.439788873219550710e-03 -1.616783595908286584e-03 -3.028143865934808734e-03 -3.895353452967833976e-04 -5.088471693712501949e-04 -1.460314263558284672e-03 3.097520352449002149e-03 -1.189608905352356220e-03 -2.637894776617658857e-04 -1.534597642782388905e-03 -2.047846825203896077e-04 1.933259199956156339e-03 -9.591519861548832232e-04 -5.733078978308538305e-04 -4.617090911785808873e-04 3.553332427309300766e-04 1.712872543269209832e-03 4.524653666838332933e-04 8.518152413777246000e-05 7.145960882835180423e-04 2.128308266362877752e-04 1.848892406171231614e-03 5.318019786700435916e-04 -1.215736574210248173e-03 -4.816473547031730612e-04 -5.275036436935170211e-04 1.913355442204104544e-03 -7.445217450564627559e-04 -1.871741920042404493e-05 1.133100858282877228e-03 4.748585285504102393e-04 1.765016916122413067e-03 -8.985348508964136451e-04 1.993312608762027455e-03 5.822687638344540911e-05 -6.376797775273985221e-04 -2.615505566408817158e-03 1.107274284284860298e-03 -9.992648156565372454e-04 -1.518481219711295726e-03 -5.440103670534834641e-04 2.347853551535692557e-03 -2.466785348663673005e-04 -6.593384339977233742e-05 7.366964932849663769e-04 1.578643215907296778e-04 -2.827303894766381950e-04 8.781550851506426513e-04 4.065606007652105658e-04 -8.213906302957779942e-04 -1.088680975844214752e-03
-4.275185622862158474e-02 -3.074779099730265072e-02 2.260369246609968477e-03 8.991468511894186184e-04 -6.193366355394893698e-03 -4.514099150581743838e-03 -2.384592537312659258e-03 8.008176328941614061e-03 9.917434123314402671e-04 -4.042116699824751212e-03 5.995505738742413528e-03 -1.022242740104407259e-03 6.063375138202549853e-04 5.443483842277569784e-04 2.287646960926491106e-03 3.179320554258577639e-03 -2.538470748164253776e-03 2.116951377343899345e-03 2.903225814438772662e-03 -1.888429399312076739e-03 -2.523295039481296756e-03 2.206842455921410417e-04 -1.127012196183398022e-03 1.204415995058219111e-03 -3.945964022914133854e-03 4.784787258958238948e-03 4.499543157722390540e-04 2.906129796214227713e-03 -2.114619305971499746e-03 2.103368789205713359e-03 -8.386571109570223554e-04 4.033867420626707952e-03 -5.643470479207237950e-04 -1.245144254008523094e-03 1.431688591386139032e-03 -1.502364023468461072e-03 -2.745187140590573966e-03 -3.094998357699121254e-04 -7.143999754010088793e-04 1.855030249572958787e-03 1.494879540962418697e-03 7.500652317406426893e-04 -1.337005175413778823e-03 -1.371507084964276825e-03 -1.387810061434605405e-03 -3.224319799719035690e-04 1.181900381591727452e-03 -4.251126840294527681e-04 9.768520414933302878e-05 8.483335358311727779e-04 2.587335969722463666e-05 -2.283334424919495568e-03 -1.430730182455053085e-03 1.322220683922579847e-03 -1.178922526951954944e-03 -8.213438566034350077e-06 1.319595565602576072e-03 9.357479609080497553e-04 -3.779723499091801006e-04 1.235262182898468335e-04 1.674684305949499853e-04 -6.454343577064145790e-04 -2.124850211830175539e-03 1.473978433501266921e-03 2.587950073425713529e-04 2.055523443071944657e-03 7.055082218042502953e-04 -7.412424527078306391e-07 -8.369581995588828245e-04 2.440936928846984240e-04 -2.147369299913786777e-04 9.339429989456506966e-04 1.484373744997044293e-03 -2.449143270854513277e-04 -6.429501622773945270e-04 -1.077323245735269412e-03 1.134061686969063703e-04 -6.438430870267350566e-04 -8.541754967382878590e-04 -1.741137293728174402e-03 -1.163124125080473512e-03 1.276155491267194414e-03 8.946099663102040128e-05 -6.587997384017820531e-04 4.859980587935896438e-04 1.379712978670693917e-03 1.717482315696295704e-04 8.358413704226574275e-04 1.495336361916175085e-03 -1.094285744345420332e-03 -3.097989766998701959e-04 7.247479076904367887e-04 5.352090754138918516e-04 2.191721378608447914e-04 -7.681329123446631801e-04 1.246002495606508050e-03 3.361276452114934747e-04 5.912462335324658504e-04 -4.728021231070352309e-04 1.289684124160331248e-03
-8.596295751084692682e-02 3.351559665410537570e-02 4.004067515092998852e-02 1.522917382769734332e-02 -1.309096107464891023e-02 -1.865244849904880474e-03 5.736726328712545182e-03 -5.230449086659594293e-03 -1.423729434300427315e-03 -1.967842302416389702e-03 -2.198867482971312919e-04 -1.683977647534060573e-03 1.862017242268990992e-03 5.704623243517900101e-03 -8.554479431380222808e-04 1.986355109885625317e-03 1.216329247370168554e-03 5.578055755068445217e-04 4.846253047576031892e-04 -1.144946436224165498e-03 8.122586437462972096e-04 -1.608485685122165807e-03 1.303333969926036675e-03 -3.915891354021361933e-04 4.284257258241813758e-04 -6.156866617311212335e-04 5.464549837575583484e-05 -2.433131398187532261e-03 -1.541241427225925641e-04 -7.439241467332922660e-04 1.103229583573972408e-03 1.193012558233548601e-03 -5.974693652256920237e-04 1.457213164707441650e-03 2.771434838118808975e-04 6.939612794189722184e-04 8.602294792685144487e-05 2.293890657516178041e-03 -4.747520556647766591e-04 2.581940471438868320e-04 3.626033818454619585e-04 1.131581901666309968e-03 -3.673490949605031069e-04 1.253659983316587727e-03 7.148374024915643424e-04 1.170732468054369634e-03 -1.047828510113232251e-03 -9.142041840155106782e-04 -1.560450561158824171e-03 9.504309479058123205e-05 -1.897047649506250716e-04 1.464305515585763917e-05 -1.819714874873216244e-04 -1.242037406734558666e-04 -5.160057291086382007e-04 -5.912836962070095338e-04 5.739187284221269815e-05 -3.124647094506888788e-04 2.929449993949695646e-04 -2.242484651192524104e-04 -3.685019935344170785e-05 1.111630793676505764e-03 -5.922129158985340452e-04 -3.447518685577948255e-04 2.879494928894019991e-04 -8.375208020601785991e-05 -5.134393608058710081e-05 -4.630905197230650804e-04 -4.346208975146713437e-04 -1.893685568079753851e-04 -6.254766679185712807e-04 -1.230777698397737933e-08 -3.329474801882247904e-04 -8.226156752718009977e-04 -3.437591390705726710e-04 2.051248691601033694e-04 -4.187243311157185410e-04 -1.398789167133675606e-04 -6.819162242375402874e-04 -1.181177249903066879e-04 8.728289572449528992e-05 4.369331424021823031e-04 -5.196946636673365968e-04 4.037811224727209589e-04 3.686203443433968456e-04 6.529295155947445342e-04 -4.174638941425197068e-04 -5.412346952319251189e-04 3.528191448240355064e-04 3.563237363055589738e-04 -1.738065509590763042e-04 2.335403547079261885e-04 4.126638555534982889e-04 -8.789074126999883935e-04 1.106206989174939644e-03 -7.168175803259783983e-05 1.084567667235687531e-03 5.934936766711496460e-05 7.054431444601151364e-04 -7.246949700704445564e-04
6.042684967537292895e-02 1.647774494848324063e-03 8.951523299679192344e-03 -7.361111325892042562e-03 1.202271296398177945e-02 1.363644294222736246e-02 1.570963823661525316e-02 -1.241267840615933524e-03 3.703152548413699355e-03 -1.763073746754532326e-03 -1.854650342913568856e-03 -1.931665328335288806e-03 2.506600030145150044e-04 7.280632156450666213e-04 -6.069073804674059505e-03 -1.350300784251424243e-03 1.013708603083264418e-03 5.697185779452856869e-03 -1.380516526484056690e-03 -2.656371000556010569e-04 -2.378330408035876468e-03 -3.193727630280838092e-04 -7.668820153593597063e-04 1.893535596714588992e-03 -2.773382860950849259e-04 1.347126583783418013e-03 4.269413738627690484e-04 2.908724776102137536e-03 1.748757531822087976e-03 3.345908414108206361e-03 2.423260350067348804e-04 9.730725337861608447e-06 -1.821781579368082337e-03 2.377083933823991978e-03 -1.669359342645630869e-03 -2.021639987488628237e-04 2.767217492523321699e-04 -2.265688505462502551e-04 3.319783781995597080e-05 -4.899604179365294647e-04 1.012503786785645335e-04 9.944486640827187099e-04 4.354599065395920571e-04 -6.751183119843128921e-04 7.549785421619065228e-04 1.789500878678546882e-04 5.610175746697047524e-04 -3.192243045511004894e-04 7.187198803994440362e-04 6.412436393274425486e-04 -5.096483837177192980e-04 5.597417315408695403e-04 -1.599748086115024737e-04 3.240376869613249573e-04 5.283422175441676886e-04 -1.508897819596560688e-04 -1.390427071737222785e-04 1.013462780981464308e-03 6.106142587070430847e-04 -8.044496987042987863e-04 -8.212598367119895888e-04 9.144387383877446672e-04 -9.567247295600218209e-04 -4.193762098009354180e-04 1.970299030965504041e-03 -5.802207564611120913e-05 -6.841440167493959522e-04 1.822430337729402270e-03 4.449279012858144990e-04 -1.199198384636524515e-03 -6.620013836843466164e-04 -2.483798795560277438e-04 -6.715298796710501145e-04 -2.471729372371415045e-04 2.143024004795169083e-04 1.121772256776480117e-03 9.478709085474897001e-04 -2.603024179835749055e-04 -1.409283762344964172e-03 7.939820829670155705e-04 1.029870262161706844e-03 -2.055323773584075934e-04 -5.081002725435600849e-05 -1.766416036190194378e-04 -4.566050045636923160e-04 -2.761792766560080387e-04 5.194769708015208216e-04 1.102095145428786619e-03 -1.080948935383216336e-04 -4.700938168779113832e-04 -8.626063520473971217e-04 -9.965753299432335744e-05 2.802406395379134722e-04 -4.610961438517470067e-04 9.261163136960494369e-04 7.100338288194549046e-04 9.605470335834400558e-05 -1.650982893064298839e-04 -3.305530225006371274e-04 4.231608804169117457e-04
1.373588110106915144e-04 -2.371446174326913639e-02 2.031099202847872626e-02 -4.084423315580306031e-03 7.980956384045775204e-03 1.503239167580442195e-02 1.024071464193277922e-02 2.950568978992602898e-03 2.194081639641769742e-03 -6.099905393354569487e-03 -5.518968946938050506e-03 4.898339507380247227e-04 1.758051497891290537e-03 1.569802476869557213e-03 -2.943758604431768837e-03 -2.698550920474359575e-03 1.330392581294323506e-04 1.711796147174510013e-03 -1.826207804276200374e-03 -6.166384739770913812e-04 -7.699721159343848745e-04 2.121660915174371979e-04 1.525250343311115994e-03 1.064060736421696166e-04 2.676149252362470393e-03 2.235171075087710995e-03 1.573928527378346226e-04 1.386785739305233973e-03 -1.155170446982240785e-03 1.401870007375072280e-03 -8.674194436235245498e-04 -8.544199205303032755e-04 -1.035825925965468239e-04 4.737761354172112700e-04 -1.393638303122328231e-03 -2.576823363995332360e-03 -5.831999726093001300e-04 -1.164425050221929011e-03 -1.801088073237826724e-04 6.491741443262768162e-04 1.480221369357455092e-03 8.365686044344646687e-06 1.522011422983042235e-03 -1.663782843368740013e-03 1.396253986229780862e-03 -4.747397079402187179e-04 3.560444794014582231e-04 8.431914631896903633e-06 7.959507851379432879e-04 1.547179604346780608e-03 1.607214844924514832e-04 3.450707126298644490e-05 -4.600341884365050679e-04 2.254774346771811541e-04 9.892602075377379157e-04 -4.356776284951669712e-04 -8.887309719902882887e-05 -1.408928843618045097e-04 2.183193784373726879e-04 -1.834333996416466755e-03 8.746369879002158752e-05 -7.008065845213237027e-04 -6.870144175489104922e-04 -1.040840923034680931e-03 5.967272490711129310e-04 3.001177998208180014e-04 -1.198463228519518420e-04 1.492145914668457354e-03 -5.147913067798090059e-05 -4.351203174761702932e-04 -1.067886098826074590e-03 -2.596979544719403175e-04 -8.071129661795119594e-04 7.165385706622533083e-04 -1.199315773360331346e-03 4.540556909985773429e-04 6.145416377860923006e-04 -7.075370954847793161e-04 -5.947311955435690030e-04 1.499313676913103534e-04 -7.980233985506035978e-05 -1.501199654868171128e-03 5.024987919729496629e-04 2.572020351246035786e-04 -1.033249533510888300e-04 -3.668215930472008965e-04 -6.225472831334441135e-05 7.069884590532360446e-04 3.022870341530350426e-04 -3.674045104981210109e-05 -1.232121963481699265e-05 6.665120756860125426e-04 -1.198819345710913593e-04 3.270279693951921819e-04 -8.335808135350345838e-04 -9.016808187291271105e-04 -7.541203686757568577e-04 -7.303020959791672699e-04 -1.445439012924321521e-03 -1.552008549528283458e-04
-8.157558579024877521e-02 1.515591857709576787e-02 4.819194686670091876e-02 5.219701401211742850e-03 -4.718338512661427939e-03 5.189644559442858126e-04 -3.291487101298341302e-03 -3.272798785609654418e-04 7.192081821318525034e-04 -1.395891748970815287e-03 -3.982174825170837693e-03 -5.521458054470804525e-03 3.662231285129262815e-03 2.490341204230073690e-04 1.699851383243197430e-03 1.962147286976774832e-03 5.081655208634931406e-03 1.341997772660141590e-04 1.621036388927555270e-03 -3.513720391585728377e-04 -2.724548153880380907e-03 -2.504400512801862981e-03 2.696183037490017601e-03 1.905188767140076874e-03 -1.542139646994933799e-04 -1.886017000560332845e-03 2.204303200423548756e-03 -5.966217124605263178e-04 -7.992602219963592172e-04 -1.683376243444886745e-03 3.298177565335152399e-04 7.195845841481055384e-04 -1.082288417475237014e-04 -4.192860323400462194e-04 -7.646792503075243701e-04 -2.177577479550370264e-04 -8.443991089454959799e-04 1.818481306155049547e-04 -7.230849653088275864e-04 4.856733337371805677e-06 4.540953522384991192e-05 3.227876326882637569e-04 -7.158412579376397184e-04 -5.457999307898851868e-04 1.007956851441281179e-04 4.019171307333502599e-04 6.529367645322359248e-04 -5.393398695693977238e-04 -1.452431090083349105e-03 1.217325227199291828e-04 -1.055677506573422190e-03 9.568749307671066450e-04 -9.427819473255439221e-04 -2.073382867856527606e-04 8.636510603893728663e-04 4.665311745876998839e-04 7.098876385363531074e-04 -1.405277802242734832e-03 -7.007525457134879772e-04 -8.035525704313515889e-04 -6.107571272492754279e-04 1.315248481707276859e-04 -2.997385818542042720e-04 -1.454763093119272144e-04 1.773168955031121014e-04 -1.481737134818151332e-03 -1.650609608051204153e-03 -1.719247118275208340e-03 2.162639226348538925e-04 3.811505154941905956e-04 8.338170125628550965e-05 -7.457154938134209115e-04 5.086458367410285762e-05 -7.232686558004134325e-04 3.074793930823790803e-04 -2.350016260034403100e-04 -5.789109862636625074e-04 1.727381328927062943e-03 7.826199238662322373e-04 1.460535626049400412e-05 5.298102969394592656e-04 -9.081050212326488927e-05 2.425887079104972462e-04 -3.059908561244067352e-04 -9.047913212702068941e-04 1.567822153009928586e-05 2.896320133280558436e-04 8.313778481454917784e-04 -2.259550476005090522e-04 2.424200503114160303e-04 6.089180518675587099e-04 -9.264710086271143227e-04 -5.247581609435913053e-04 5.607967559732095035e-04 -2.741318896949732878e-04 1.006464329226154468e-03 -1.323945890676738509e-04 2.935930244196396292e-04 1.036224661287914921e-03 1.116082839824694391e-03
-7.108650368508682982e-02 -6.570216635772302242e-03 4.606364599642079338e-02 -2.807303972748397165e-03 2.328716400592916250e-03 1.939232976679416964e-03 -8.897113511470501265e-03 -1.702142851372379518e-04 2.852802158625060772e-03 -2.389185284182233568e-03 -6.348053562785279519e-03 -7.135209115154802356e-03 1.804768505746479632e-03 -1.390136611103157810e-03 1.864937955391543110e-03 8.233333574687858947e-04 5.206304924452433147e-03 -8.316853580706020082e-04 1.871032161351789038e-03 1.873409494458543045e-03 -2.982708192292831545e-03 -9.376797011720239446e-04 1.510904404652155947e-03 2.105469866358761482e-04 -3.521765454709631138e-05 -2.676388075147330663e-03 2.232289176656216279e-03 1.521349073700090267e-03 1.496317781236497198e-04 -1.529249913154828277e-04 -1.092498863630161866e-03 -1.723274687168060960e-04 3.859789051789364002e-04 -1.056234789479461051e-03 2.637690335740551723e-04 2.096638976897712741e-04 -5.631690832356250453e-05 -3.534494597847127276e-04 -4.865403863326546560e-04 -2.170234947685844998e-04 2.817930506760090337e-04 -1.734573077861212374e-03 -9.745266851953137636e-04 -7.604454743729113959e-04 -5.316726867317095448e-04 -5.829878224133530022e-04 7.101302087672354928e-04 1.824745721279844620e-04 -6.170693965104994392e-05 5.946459157470420894e-04 -1.860889775365585225e-03 1.055791231745429421e-03 5.249040193461937832e-04 -2.369197480047177760e-04 1.219575054663065827e-03 7.317549145520105529e-04 -2.510233532378528394e-05 -8.841148298550438123e-04 -4.317733855689506153e-04 -4.201060456049366624e-04 -1.086612065911566526e-04 6.810623333650560112e-04 -5.581846984278524253e-04 6.120765516085092213e-04 -3.717809848418400726e-04 -7.712448344850688590e-04 -4.835807565182914810e-04 -5.664339656229034443e-04 -4.279243283190608941e-04 -4.204000983713425659e-04 8.876158723519696507e-04 -4.749330135461875290e-04 8.303245268651612138e-04 -4.230863661181847950e-05 3.904682118739141814e-04 -5.529979601856778795e-04 3.457593236878851511e-04 1.099192853126700281e-03 9.361679154365127372e-04 -2.950375272457065679e-04 1.322329617605609521e-04 8.598891886083116602e-04 1.573861773604506335e-05 1.080032383621403174e-04 -1.381877911064447080e-03 -2.026234059608757567e-04 1.427311019290050035e-04 7.196063439641405034e-04 1.849822131973853222e-04 2.129370053647714096e-04 3.915885061309261296e-04 -7.816787925953149613e-04 -5.272024697263563882e-04 2.036919343756046514e-04 -5.163315789698103269e-04 5.240220343594172804e-05 2.700642906454672016e-04 -5.640322861451785524e-05 7.093365733321375976e-04 1.309891539569875201e-03
-5.981187809392971011e-02 2.940072495267100419e-02 2.119195638495278977e-02 2.406195766039009431e-03 4.228628982571765171e-03 -7.267228469365599915e-03 2.372669759967234535e-03 2.309151284544991040e-03 -3.843218504000579577e-04 2.508291326655288055e-03 3.018308668777413151e-03 2.545313942809303395e-04 -1.634630286321056905e-03 -2.418197232934909610e-03 -1.210550619000413334e-03 -1.393269679374131969e-03 -3.218452584587318775e-03 1.404447606222128235e-04 -5.379300450468632068e-04 4.807521509774616980e-03 1.411708081451490317e-04 1.546085739401732977e-03 -2.017816596213262755e-03 -1.200336420254369046e-03 -1.253415240908727387e-05 -1.439857772690338695e-03 2.117119783283034559e-03 1.768430887874422727e-03 -1.210914205194748563e-03 -1.151398731633146791e-04 -2.505188351922794498e-03 -8.109008658910059559e-04 8.665208220551414786e-04 -6.020088646490110405e-04 -6.122274261353831838e-04 -1.269933642833818944e-03 -1.050513251839953503e-03 -1.059936194232204143e-03 7.184333089519574257e-04 2.695080107118474877e-04 -3.875560842010522728e-04 -8.919308557098815137e-04 -7.605101307567779583e-04 -1.642816557823714154e-03 -8.519862120050530777e-05 -5.205811962537304927e-04 7.476465980558969372e-04 1.359033944225522799e-03 3.326162833659774805e-04 1.056148306747872788e-03 4.481345597233003038e-04 1.690134738864337047e-04 -7.476700524226716476e-04 4.340683613125125343e-04 -2.539593607009742421e-04 -1.641589827661897399e-04 2.563421436383584839e-04 9.961867974106557687e-04 -2.702936561984063311e-04 1.583400849311522368e-03 -7.490436383807301318e-04 -1.098931641751629091e-03 7.785800628475399599e-04 1.281508279222032590e-04 -7.885575192955845665e-05 -7.071374932750170133e-04 -1.116527351545415145e-03 2.196843749497021385e-05 9.347234764653076806e-04 6.217021684789093361e-04 -9.473484992995141523e-05 -5.417876949026468811e-04 -4.514472773775322413e-04 -3.009177143561492587e-04 -2.185804821680710739e-06 -1.873753824425187963e-05 -2.342296373105450999e-04 3.986792414864824855e-04 3.392524324809653572e-05 5.953194529434160335e-04 3.316462218851591744e-04 -1.434738848049127143e-04 3.894627270625449682e-04 -5.001506053063626374e-04 5.058314295773562062e-04 -5.095626769695424602e-04 -6.158273615739868540e-06 1.203872777193362682e-04 -2.203430448232732543e-04 -6.804079062747911671e-04 7.556308112629137540e-05 -5.790237797227660107e-05 -2.112519259941468672e-04 6.306571743956843794e-04 -7.214586925371355109e-04 1.493045021304187120e-04 -7.729232138819091581e-04 1.562060351300648608e-05 -5.469129704344545670e-04 4.216841084896388457e-04
-8.597574924123498052e-02 2.939763934338654461e-02 5.049998128346860210e-02 1.406985286548574111e-02 -1.127289339172627552e-02 -1.561491741921833135e-03 -9.017337391864619798e-04 -4.467867006640895665e-03 -3.040148173510533419e-04 -1.363411831287404067e-03 -1.972013731039593334e-03 -2.924251272965220413e-03 -2.999460117242358308e-04 2.229927779588530487e-03 1.054831308814516058e-03 2.627947775270665642e-03 5.524107031543907566e-03 -3.676753409023001827e-04 1.450403860199113455e-05 -2.927814886914027834e-03 -2.139118932363068878e-03 -3.974902376515990904e-03 4.063643643390906120e-03 1.337587762041282614e-03 -2.276455021706758172e-04 -1.706311504929497154e-03 2.368822404129138602e-03 -2.828778435870206356e-03 7.637959230689695149e-04 -1.435474828320915824e-04 5.068338069796614158e-04 2.844604255275139711e-03 -7.704123083527341298e-04 1.342832520954889870e-03 1.066352682855516284e-03 1.091468794327908522e-03 -1.144121944638128467e-03 -7.600947477773545811e-04 3.818551889130996908e-04 -1.168807135338949471e-03 -1.485387589490996937e-03 3.013435993649504763e-03 -2.409844861310288529e-05 -9.613185482667509696e-04 -1.204775620379371380e-04 1.544449017305654344e-03 -2.066690662562005627e-03 -9.560783077674207776e-04 -2.768071981972627330e-03 3.552184822531949241e-04 3.618021081166625848e-04 1.000808984769801678e-03 1.239626376307344843e-03 1.247248714114615811e-03 -5.207255002894645721e-04 2.364780157246143815e-04 8.069678922227204972e-05 5.793317425613842215e-04 4.513156648179759371e-04 1.019804843903646639e-03 2.150006236149388985e-04 4.738895704900052412e-04 -1.235928302391180959e-03 -2.288771255094798954e-04 1.421278138760905972e-03 2.944251036084611804e-04 -1.200058739924989059e-03 -2.209616117368110207e-03 9.562559003578298888e-05 -5.629860119604909946e-04 -1.165319520948227862e-03 -9.571470615197868667e-04 1.539487229475187307e-03 -1.266402568097999438e-03 6.873427801606627092e-04 2.486590405798536595e-03 1.272952742590178089e-03 8.163073833138947879e-04 -3.643186976474647857e-04 3.754251603943033937e-04 -5.429024035792002784e-04 -6.166235644160996407e-04 4.536209998480724565e-04 6.422485272023030749e-04 2.512601544532460512e-03 8.833943324013824802e-04 3.261900626148535884e-04 6.802629093607733685e-04 -1.030118679286768767e-03 -4.109370970768072583e-04 -1.527653068191875234e-03 8.996848985414953193e-04 7.507228419232240624e-04 1.243079168837559183e-03 -1.722080243034368203e-03 -1.537227883045699664e-04 -7.330386653316597586e-04 7.455951640005801986e-04 -2.350606947111681926e-04 -3.848464025824745670e-04
-7.386407137381990895e-02 3.445971502503916012e-02 3.760863021480106982e-02 1.600631254892256189e-02 -1.144161600301792960e-02 -4.596057523394174102e-03 3.343190114152112900e-03 -4.840695848371168349e-03 -1.282215591506449251e-03 -1.010672091935863656e-03 -1.203256434527788955e-03 2.135727567303169743e-03 -3.745201555362165629e-03 1.090603746504758718e-03 -1.617971955771049710e-03 -1.476227989691986933e-04 1.089984015692864981e-03 2.169285824539778106e-04 -1.253374585958457561e-03 -4.667155840787703437e-03 -1.086946571179710122e-04 -3.001757006757788202e-03 2.406495309653910401e-03 -1.481103703850056687e-03 -1.401823915135114239e-04 1.670392587515898543e-04 -1.032220855487779934e-03 -2.363937965133826140e-03 2.494688882461446478e-03 9.413398355251562447e-04 4.329972797537673672e-04 1.306429367327575919e-03 -1.273305280570016784e-04 1.695400922265137209e-03 2.396921028667294874e-03 1.503565269389215689e-03 -1.624643782622291243e-03 -4.773226525595775224e-04 -1.238880248900616409e-03 3.584914755660321452e-04 9.998492752020849989e-04 1.035514395551293725e-03 1.426575925737858354e-03 -2.949232514194414677e-04 -9.180109147277027912e-04 3.579582196139087817e-04 9.983736566998044435e-04 8.993142059707928465e-04 7.036369349073296094e-04 -1.583311954597290327e-03 2.241245823247010709e-03 -1.167700778890916856e-03 1.229319696117155657e-03 3.452119411994983831e-04 -1.522873781181540787e-03 -2.670495442587079776e-04 3.920078560744720965e-05 2.347012899434388396e-03 2.185541671936302218e-03 1.757783943314259129e-03 -6.784728415863343180e-04 -1.271359213478285514e-03 1.346123369900932868e-03 -2.591841427467620872e-04 -1.917736176273188934e-03 9.048817961452164426e-04 7.002243855374061954e-04 3.622564656703460700e-03 -1.228147583979575597e-03 3.045638070492988543e-04 1.657590351318775738e-03 -2.228319482140192877e-04 -1.232881477483504249e-03 1.989189917900282840e-03 -1.461777342840567175e-03 -1.660106577839913023e-03 5.169294916497388891e-04 -1.576144663837224366e-03 8.250870677020792502e-04 2.938148482856286331e-04 6.033153831924046662e-04 4.263074268374372039e-04 8.568069587390303541e-05 -3.369140390113885275e-04 -2.223609983117113414e-03 -6.723350537234291675e-04 2.067752250081031037e-04 7.837180052808401980e-04 1.365737839750947279e-03 9.338056032200383813e-04 1.740634209061260726e-03 -7.029971695346491417e-04 -1.251659002117609274e-03 -6.756475026671397146e-04 9.819449486979663251e-04 -7.261050473808024078e-04 1.200763941659597394e-03 -6.995512296873490805e-04 -3.731644212917338598e-04 1.668768568406342554e-03
-6.588144234563661494e-02 4.418650958936141265e-02 3.546731508742766853e-02 1.399412705993072215e-02 -1.007719702577480371e-02 -9.323197554460578226e-03 4.139623239451535250e-03 -4.020085808262612720e-03 -1.698562143085535856e-03 -6.876789685519359716e-04 2.434445515345721317e-03 5.224096397997399048e-03 -7.208692776442103371e-03 5.825231467341786739e-04 -2.490898262415938876e-03 -1.355301772726466743e-03 -7.441830416878465748e-04 8.779477628030908903e-04 -2.465103041338763748e-03 -2.617948607356926187e-03 1.649778369723264501e-04 -1.311680355251523041e-03 1.394931812106189883e-03 -3.106691078657551359e-03 -6.256928503714254694e-04 -4.424667770453522453e-04 -1.159611541651786202e-03 -9.553608204138693688e-04 3.065186958617444665e-03 2.664554739423403117e-03 -8.960457469180665036e-04 -7.572542092157393077e-04 -5.410606487122512345e-04 4.186521563162632536e-04 1.346580016976452144e-03 -9.451096780244606802e-05 -6.721001357140466825e-04 -2.618044835508755858e-03 4.350483069677096599e-04 -4.077381989545533444e-04 1.134186132003178922e-03 -1.422418197196408021e-03 -1.494679719711737912e-04 -3.715638991212469582e-04 -4.576780035994368746e-04 -3.056556475309999028e-03 1.587474030665695420e-03 8.424723507427417423e-04 2.541984833662614806e-03 -1.034135810838489496e-03 -2.502688646859180244e-04 3.271689024878460879e-04 -1.307380896208243165e-03 -6.164915233583552869e-04 1.166487473413177055e-03 1.110076146686208090e-03 1.081052650606803773e-03 -1.088455951820733233e-03 -2.943670407342326763e-03 -3.513832339837590080e-03 4.934135643331112343e-05 -1.133487079643592148e-03 4.569716668981142868e-04 1.980455835226434182e-04 -2.381457436904506027e-04 7.321563426008448035e-04 6.442124291610616324e-04 -1.219147146235794160e-03 7.581859024924876220e-04 -3.371882588594190731e-04 -8.291624836763094946e-05 1.150873463054126467e-03 4.346621051982384057e-04 5.865612072669495721e-04 1.063015322493851555e-03 -6.429418299228994559e-05 -1.048899415851228643e-04 2.623945082228008614e-04 4.461520125588159190e-04 1.986899018216227984e-04 -1.796863018842503998e-04 3.393539610618816356e-04 -2.518939636201070436e-04 1.035522075598733311e-03 8.238587592159699437e-04 4.002534276093766097e-04 9.454508233761220264e-05 4.132521013654574571e-05 -6.114081352721784665e-04 -4.786507427037596174e-06 -4.655384334084231647e-05 -1.647843967547502693e-04 3.064659411967441457e-04 1.153011606139066141e-05 7.407142717564190815e-05 1.838280684493340939e-05 5.516291546765285164e-04 -1.517567614095780893e-04 -2.658119883892098531e-04 -5.078141110848738844e-05
-6.827477265535374096e-02 3.659706110644277838e-02 3.192357101167405536e-02 1.170365106375129832e-02 -6.730828202289710488e-03 -8.660708944745699675e-03 5.539678811846837289e-03 -2.855168753662538569e-03 -2.095071771383739869e-03 3.180800681003410508e-06 2.762511901297761297e-03 2.820495156145371059e-03 -5.112587046707207580e-03 2.047199832468418398e-03 -3.161311012218853949e-03 -9.460718145797196920e-04 -3.141516544748638139e-03 1.118212252499316533e-03 -1.752315154792540497e-03 1.761382305274781070e-03 6.638175231839998436e-04 2.143836714192200372e-04 -2.211341284785001918e-04 -4.228382030188208851e-03 -6.842665136633394268e-05 -1.914725100469733812e-03 -9.449527490584580438e-05 -2.551034209710507298e-04 3.083767390336432184e-04 1.860035982317435410e-03 -2.802219439599810003e-03 -2.027662189045616151e-05 1.828656617941114534e-05 4.576505354701396753e-04 2.538920608546985330e-04 -4.762783964305867179e-04 2.647018156441333959e-04 -3.019947395215387149e-04 1.215904951232677118e-03 7.840943878014745719e-05 7.840316728255741470e-04 -1.560205300661031717e-03 -1.380214903999770057e-03 -6.269143401492729062e-04 8.380895374677708965e-04 -1.095828938333995653e-03 -3.461360269139393195e-04 5.790281242695022269e-04 7.499068787711159331e-04 7.940120072333089769e-04 -1.262948299195907698e-03 5.522810305269061507e-04 -7.693649815402358368e-04 -5.516607800566244784e-04 3.579629245023753021e-05 -4.889300345813847354e-05 9.009144159394003276e-05 -4.891884733475262070e-04 -1.323368130117061553e-03 -1.622914643666847076e-04 -3.239139697042305965e-04 -3.371167880420950012e-04 -1.108626080139885756e-03 -6.802141590835774233e-04 5.889105813215011337e-04 -4.995140837544035338e-04 -4.152501180988284971e-04 -1.395597614604168497e-03 7.793129740020378728e-04 6.774985954140269042e-04 -5.058736619477411951e-04 3.121737197325124744e-04 -1.346787556284249573e-04 -1.203945627207388206e-04 2.244714127363557529e-05 -6.082432535905509668e-04 -5.039139888635968401e-04 -5.669218589895773461e-04 -1.132582215349286180e-03 2.598913393356014432e-04 1.879739247664277116e-04 -4.864661974871942011e-04 -5.909152525654991304e-04 1.121444717905437007e-05 3.700344289249893727e-04 -7.326591338104067449e-04 -6.653648715198632159e-04 -4.619600935205597065e-05 -1.070818240285216060e-04 -7.454819407692983872e-04 6.432052220187492973e-05 -6.117521735950928025e-05 6.629541325016567640e-06 -4.173997788812661169e-04 2.564533354271248430e-04 -6.446538927842367529e-04 -5.641086432961237409e-04 -3.770483728578962769e-05 -1.347595634676861456e-03 -4.665944150521678449e-04
-6.215016642150296422e-02 3.693939290137131931e-02 1.508025598753077491e-02 7.665230379461883230e-03 -2.715459515740880053e-03 -7.934830415815439728e-03 -1.377106990935121839e-03 -1.636261552117191341e-03 -1.205186693008039643e-03 -9.186686306244995406e-04 -2.526503060164447031e-03 7.254792646892919798e-03 -4.305756415254496580e-03 -9.561922071014533273e-03 -1.329999714843536907e-03 -8.985764052703021235e-04 -9.617309840850124221e-04 9.028193024922682303e-04 1.447724804507182286e-03 -4.132146612781338428e-03 -8.282649410673498030e-04 9.441812259718177468e-04 1.483453614278179783e-03 8.653491123862274521e-04 -4.596073006684471768e-04 3.370006269642441665e-03 -3.464783340936180255e-03 3.832575276065312495e-03 -1.181990887777012011e-03 -4.674761776601700849e-04 2.329618857263085051e-03 -1.457125382576243775e-03 1.957406914178671804e-04 -2.589150320251146047e-03 -5.655461728747510769e-04 -9.993303242800493074e-04 2.331212009873806675e-03 6.610311527103967036e-04 4.168619627212095712e-06 9.914082137868263957e-04 6.506453451104811966e-05 -1.478573260458366199e-03 1.997288793541482799e-03 2.002691801147424896e-03 -9.891190739123009495e-05 -8.621714244258338973e-04 1.879296355119585132e-03 -8.377805317749240002e-04 -1.004498419156444597e-04 1.288887681859361570e-03 -1.230410836837526499e-03 -6.410207960413885804e-04 2.897655053110479838e-04 -8.640726629114643459e-04 4.043601513043922307e-04 -1.012992783169668108e-03 -1.323541556573040170e-03 -4.727790403159695242e-04 2.213887802419895173e-03 2.936867599774342294e-03 9.088756487748954208e-04 1.689291975314858273e-03 -1.087580225722859124e-03 -1.469493463042292761e-04 2.360959166289950124e-05 -1.645976813461354866e-03 -7.512956519812383346e-04 -5.414335254682120383e-04 3.295892030264784196e-04 -7.514108805487373227e-04 1.043117028737883690e-03 -2.106982463125810570e-03 5.725411284811690420e-04 -2.669622607046430018e-03 -6.252519084123674175e-04 7.265245796924196483e-05 -2.332118062353115179e-04 1.403488652419548335e-03 -1.739110573273038561e-04 -7.754728613454508340e-04 1.329608155615387682e-04 -3.110888898347053235e-04 1.469122628987976943e-03 -1.657127145772786575e-04 -3.559853490985296124e-04 2.356302787801164695e-04 1.296078796542944546e-04 4.907690262340603377e-04 -4.909047569573778700e-04 -1.187254964489330416e-03 -1.408134850302677891e-04 4.194369182565964933e-04 1.435788558472346889e-04 2.303482526787131962e-04 2.118136840184873723e-04 6.578957375449889788e-05 -1.335871153327362285e-03 -2.371431000661645722e-05 -5.322014022583050575e-04 1.145827385305614487e-04
-3.998865739865160168e-02 1.471643268291918799e-02 -3.504434836731949027e-02 -5.152476563345789740e-03 5.625187265092815997e-03 -6.035633635953640760e-03 4.706943002564124151e-03 -5.058286655067236945e-03 -4.234373007538909210e-03 -7.020196448235838452e-03 -2.649039401853383636e-03 -3.641565876360107132e-03 -3.328741663754991912e-04 -2.408326267915521495e-03 4.824024789080463838e-03 1.938742212609764239e-03 -3.408363966745142463e-03 -2.414404467036187704e-03 -7.688774164850123351e-04 -2.062038322555733404e-03 3.091671073100258856e-05 -2.876781499426265230e-03 -2.161047042862063703e-04 -1.234728500084920130e-03 -1.689091507471564757e-03 1.092417624148607404e-03 -5.405979188183554669e-04 -3.336747296522980040e-04 3.458657645099254361e-03 2.193442616316686268e-05 -1.440772836266764056e-03 -2.078350097769075464e-03 -1.501125070023850289e-03 -2.280477476674181402e-03 -1.768290356925784771e-03 -7.129260775484184899e-05 -2.428712737163626987e-03 1.105279246545328884e-03 3.417922069151278639e-05 -2.301972164734559113e-03 -8.815255149233848292e-04 1.049665260122290217e-03 -1.771021210650672480e-03 8.363160134698475589e-04 1.622310936321552915e-03 1.126278255447643893e-04 -1.246447085037529455e-03 -2.560806687695636220e-03 8.393712395293714866e-04 2.651013414082632681e-04 1.253429871821518755e-03 1.225938469553439951e-03 4.569366134904388060e-04 -7.436806841939069693e-04 -7.938613260108750148e-05 8.639319771941619255e-04 -3.610909608360994864e-04 1.467456634831766811e-03 2.038082599588462356e-04 -1.382435879110827104e-03 3.056444585228644149e-04 1.424203147138341846e-04 7.520952372623093424e-04 6.783704182300084309e-04 -1.314279537910336890e-04 -6.382214391222950723e-04 2.198684271241044665e-04 3.988629485135745316e-04 1.183954897974677338e-03 8.095970451739196256e-04 -6.111829218001428804e-04 2.608811811067594431e-04 5.560565953894977716e-04 -4.031655791556031749e-04 -4.162105316665034942e-04 -1.924425381441269148e-04 -6.364769355733736244e-04 1.217199655580247612e-03 -8.503266662374640589e-04 -5.752514882807760943e-04 8.904053900605981165e-04 -2.033052750670824257e-04 2.638488648737944472e-04 -2.204141762811730296e-04 -1.848073546223926973e-03 1.468730807514127953e-03 -5.007472087494675358e-04 7.855702768751021659e-05 8.000065855563935451e-04 -8.849865362115909035e-04 4.506535170471711606e-04 1.286731899051758601e-04 5.003123559159126715e-04 2.022558518765118303e-04 -6.490541758399317367e-04 -4.196559250398893665e-04 -8.330622562855702134e-04 -1.478582424444333616e-03 2.942276352044349906e-04 5.581425712975840794e-04
-4.944320940388784169e-02 -2.193129151867654128e-02 -1.678561203826411594e-02 6.765761609495718129e-03 -5.689023564697587819e-03 1.181136416056299647e-02 6.164849043454673693e-04 9.886322389774757080e-03 -3.803566381931666827e-03 -1.768804131782865125e-03 4.440641593799044522e-05 3.962118701158656893e-03 2.975057340777732557e-03 -1.296005177360581330e-03 1.243798689747874274e-04 -1.490584132141811475e-03 -3.433292306202243797e-03 2.451990818130112947e-03 -3.448167771442996643e-04 -1.821914446244386507e-05 -2.951980884695073158e-04 -2.515511968628020029e-03 1.113169301713441781e-03 -8.683629057992984330e-04 -1.489610760341290949e-03 1.803670204872074223e-03 1.788371137336413046e-03 -1.935054603426335229e-03 -1.076411306205730034e-03 -1.235402090449254017e-03 -6.098923701830706199e-04 -1.050144359009171817e-03 1.372174127111258678e-03 1.124784181440795965e-03 4.521862556817631798e-04 1.318809557673361697e-03 -2.306454989863034738e-03 1.299965925942003612e-04 -8.285041754885585073e-05 1.319679562561953436e-03 -1.313467436934298441e-03 -1.189701904920753686e-04 8.851321375136601355e-04 -5.159699110512928032e-04 -4.544342220841037991e-04 9.960155398594690290e-04 -5.058335301173497774e-04 1.838520511176626807e-03 1.015005464756115350e-03 2.439133032815321111e-04 -1.275305296081611283e-03 -8.778414195768326688e-04 2.580565490795140148e-03 -1.872452541215003730e-03 1.120486487532416095e-03 -1.602944534060564950e-04 1.479573162733336224e-03 -9.282498967439710945e-04 -1.096761487436416667e-03 7.136908787271328391e-04 -4.762205812109112312e-04 1.403353691235124240e-03 9.813560483373402754e-04 -4.614081084206030190e-04 1.815780721806057056e-04 6.280358087123613870e-04 1.855179820131027313e-04 -1.958706108655369261e-04 -1.055144516685217092e-04 7.870138544986697744e-04 -9.184681769311075984e-05 1.148171485369564116e-04 -1.607193700619864566e-04 -1.753012656280571960e-04 2.375896807074285937e-04 3.973614089118968485e-04 1.787711713537615835e-05 -4.356481602392002863e-04 9.283046163094330072e-05 1.338648066529671916e-04 4.576727516926349542e-04 2.673901919907065356e-04 5.541855121568416837e-04 1.170676613374845135e-04 3.875569097328388662e-04 -3.300211367298682623e-04 -4.439924260617963855e-05 2.429304840268167623e-04 3.201017518552293781e-04 -2.252732659364824262e-04 -1.308730368403754078e-05 4.986180689721820668e-04 6.758339413533789603e-04 -3.990573332859777798e-04 -3.961096794539700956e-04 6.465394012509741899e-05 -3.155997632113728560e-04 3.583698803111069254e-04 2.689442269722641362e-04 4.559244005312809061e-04
4.350779566966617856e-02 -3.093227221721722014e-02 -9.921867410180718397e-03 1.084577263128554299e-02 -1.012630685216098399e-02 -3.856916855469536953e-03 8.456491644827965337e-03 1.263018095458810601e-02 5.346527066276706569e-03 -2.091773706849857784e-04 3.419486970780676992e-03 1.178532887045239059e-03 -1.888445913720605135e-03 -2.276657834275356337e-03 3.132155805071614590e-03 4.208900289209718468e-03 1.971032379187725656e-03 -1.908479304686661352e-03 -9.309981843279355575e-04 -7.623736608071285262e-04 -1.280806502549997061e-03 9.411200645783134424e-04 -4.832815446324607769e-04 -2.141878607642758864e-03 8.160745887155863377e-04 3.050363924109786903e-03 1.913094083985037840e-03 3.839030493678918712e-03 -8.008909152255496008e-04 -1.671827009030345127e-03 -3.044483986304260658e-03 4.038226608127141321e-03 -4.616173414294265885e-03 2.638632556546941042e-03 -1.571103330504427988e-03 -5.293127526675309386e-04 2.419465225876190999e-03 -4.008951158319630699e-04 -1.120375720908180434e-03 -2.426570199333740775e-03 -2.772827067883817877e-04 -3.394015351724612769e-04 -3.258582044307406587e-03 -5.506569415529590205e-05 -5.718864010926813859e-04 -4.659630368956011143e-04 2.098744172100196984e-03 2.302720980689857463e-04 -1.110341969738354436e-03 -1.840276803323619929e-03 -3.331486395630662602e-04 1.966497019064794224e-03 -5.434736750190918841e-04 -1.744351538958963934e-03 5.420108928123984439e-04 -4.754136866192824017e-03 -4.038673251739077394e-04 1.775296610992288006e-03 3.130093213992885285e-04 -8.434406867014670539e-04 8.633780679167717478e-04 -9.216113268840680139e-04 2.148027164243814565e-03 -2.990169347289718237e-03 4.607952922062318762e-04 2.438686048074868110e-03 3.650276697171912256e-03 -1.204893996652953376e-03 -2.864289905241798086e-03 -9.723239928973352944e-04 6.324231131523954524e-04 -1.185936959630278084e-03 5.358813823135727145e-04 -5.269812756623369664e-04 -4.196097142009118310e-04 1.057790132813471234e-03 -1.815684503109636985e-03 2.650535405131349345e-03 6.856145724253587129e-04 7.571505413457546270e-04 4.607337244351474579e-04 -1.421667312580264129e-03 -8.509872237778475868e-04 -6.413322153636972448e-04 -4.158539647129892936e-05 -1.062869436442413383e-03 -1.048203236059500661e-03 4.937353874942213092e-04 2.639346019527279087e-04 9.903208883140768564e-04 2.413654758844129889e-04 3.118784833689752420e-04 -7.302742830992659754e-04 -1.148598518182280745e-03 -1.231198841740098601e-03 9.478365258777709862e-04 -3.333779771372261027e-04 3.968096684905802216e-05 -2.382318561619226245e-04 -6.287231942711001605e-04
4.213950535376221468e-02 -1.933827790348572467e-02 1.675663349317126419e-02 -9.249820441576090541e-03 6.941511761671435160e-03 1.024638896442736993e-02 9.393752997717604719e-03 1.293137060431527943e-02 -1.491066406492120222e-03 -4.871769092111608024e-03 -3.933675452926276538e-03 4.611448069316730937e-03 -7.992873974946919802e-04 2.790780735134329362e-03 -1.011944672393059715e-03 -3.822764133814567263e-03 5.772561245260571672e-04 1.306645327231693724e-03 -4.883658101857451216e-03 -1.001355221876698218e-03 3.397759740654580397e-03 -2.067362400947253803e-03 1.680925770355770274e-03 -1.682492977121675731e-03 1.110896056795440418e-03 -1.229666224999099859e-06 4.574061991418243325e-04 -6.743158997655430888e-04 -9.803861697873614452e-04 -2.033204652497806142e-05 -1.110519838382619971e-03 -3.582492965824543335e-04 1.778773523723526555e-03 -2.934156856626658001e-04 -1.728302229537354105e-03 -2.049713129928902155e-03 -3.154263617807341125e-04 -1.831337895064049292e-03 1.596806964034722153e-03 1.355767851040200894e-03 2.359451827933645943e-03 2.317499173793393080e-03 -1.887882817132602916e-03 -7.421664446830374042e-04 -8.088552554926539771e-04 1.152747510883257763e-03 1.699595487972876875e-04 -2.698508079906254860e-03 8.315701523791906545e-04 9.138354845574418002e-04 -3.083131739516776072e-04 -6.792200870670999681e-04 -3.731306121957507450e-04 1.122424750320882370e-03 -1.090142909571622989e-03 7.972942355438555114e-04 2.553337388221237091e-04 3.834568034451394216e-04 1.761840192038512023e-03 -9.327153991467577229e-04 -3.126654406703669798e-05 1.211615610631933967e-04 9.363777086640867869e-04 1.529860196523726620e-03 -1.354207111873998488e-05 -1.951064505402112163e-04 -2.296388632928357087e-04 7.248206940751617542e-04 -5.864860872919167457e-04 -2.184004672793351761e-04 7.558945086228217132e-04 -6.189832415807951151e-04 7.084600590841146116e-04 -2.774403901780322663e-03 6.370476241425252482e-05 9.232954730285629092e-04 -2.538237294945872133e-04 1.807167449982603627e-03 1.412672714372533150e-03 -2.933612494823959090e-04 2.703762895303051818e-04 1.333890284025780878e-03 -2.202683014050355916e-03 2.777552494557108888e-04 -1.024854669180443652e-03 -1.750325754710254636e-03 -1.017962224927097857e-03 -2.352903495640646953e-03 -3.207750256330334877e-04 1.165785961991041642e-03 1.994272081772607353e-04 5.431824172097125423e-04 2.130115540992879005e-05 1.905197676854513593e-03 7.313021409914261884e-04 -5.970021203242576249e-04 4.669491253822383690e-04 1.138750940224697366e-03 7.142949835245132172e-04 -4.101462282757446201e-04
7.470424191508739237e-03 -1.246659283720105010e-02 -1.161544242712111118e-02 1.319551950706901802e-02 -9.907698619815242039e-04 4.125646764065579210e-03 3.434730460714466565e-03 1.783833277282740812e-02 -3.845390412358118317e-03 -6.156409612169354978e-03 -2.137604999200900114e-04 5.080328740523949727e-03 2.043733567106199508e-03 -4.595236326685562546e-04 3.489892509430666352e-04 -2.609326541576554789e-03 -2.036054553213007337e-03 2.139700588938793589e-03 -1.822951105664749908e-03 -3.029202454084021839e-04 -6.397354129888412587e-05 -2.287522319174107449e-03 1.664324992838209227e-03 3.505026864119685373e-04 -3.730819862300616130e-03 3.649080721730725823e-03 3.067363937569492563e-03 -6.213190099858445677e-04 -1.532944751777069259e-03 -1.688381932641889365e-03 -6.366783291118289405e-04 -1.587996528735411946e-03 1.306096070983238681e-03 1.636529810422425631e-03 1.725210644513426811e-03 2.428548084614568815e-03 -6.148433230844281431e-04 3.275554155132294996e-04 -1.188830442382967376e-03 3.124136857920017376e-04 -2.264174905066532011e-03 1.221764606613809281e-03 -1.478766392022088467e-03 3.636523241659362889e-04 -2.400641697132630936e-03 8.751983124983754754e-04 -1.582546693321104734e-03 2.574709587364134005e-03 3.048728020048463872e-03 1.608055412130225941e-03 -2.498591721180070183e-03 -1.891540343285535997e-03 3.793924190345276167e-03 -2.857126778335867742e-03 1.549423450357652072e-03 -6.727589107465990932e-05 2.587315474779202686e-03 -5.342512835436748859e-04 2.859201947266959225e-04 -1.235651087354705437e-03 -1.632321583468914378e-05 2.159321167327304860e-03 1.148475198990473551e-03 -1.018861396514588336e-03 -1.058262024012159149e-03 -7.755349365641065742e-04 -3.964711876168386427e-04 -3.681545368543226470e-04 3.513599718519568559e-04 2.347674292781587284e-03 -4.919855032647690645e-04 -2.351561132348321110e-04 -5.173865848005352908e-05 -7.265716073871033610e-04 -5.460175985431015705e-04 1.019975898667763040e-03 -5.693851253043006244e-04 -4.487714407884058196e-04 -9.041501356425947803e-05 7.080257201174855919e-05 1.080514616945109667e-03 7.444006723564278996e-04 1.011421282283205469e-03 3.250778775472666968e-05 4.597239724056942042e-04 8.626288219153760862e-04 2.861904359398089598e-04 -1.292488499861747808e-04 1.642468213379311458e-06 9.713705281123716966e-04 9.795193904387316229e-05 3.229813859532214932e-04 -2.838869112856320367e-04 -6.067042004902347763e-04 -2.091325155144517674e-04 1.435580143824738192e-04 -1.434625460441871778e-04 5.707724878563521614e-05 -2.838506570710823190e-04 -1.999332536070968147e-04
2.912829555917273439e-02 -5.270672707239770771e-02 3.351974304942365729e-02 -1.423147092129343864e-02 7.395363337807193092e-03 8.153788266137032906e-03 4.833563061843333328e-03 5.082941448911375629e-04 -3.061257844730394095e-03 -6.792835393228397432e-03 -7.128226153222240978e-03 5.363652417767751819e-03 -3.377730802572993535e-03 5.572822522860346010e-03 -4.137147334161761828e-04 -3.382806470446725333e-03 1.073211709614599633e-03 -1.479432925452479983e-03 -4.782199381565713919e-03 -1.932096224630423754e-03 2.845305369865987893e-03 2.368923232218202884e-04 1.444381520299610261e-03 -3.550854028923689388e-03 2.696627230861334008e-03 3.100484411051472079e-03 1.213260969105883292e-03 -5.821389440295968469e-04 -2.735165865763296462e-03 -1.050232323363815227e-03 -5.493400110416879045e-04 4.812976745668622719e-04 1.814513686071171248e-03 -3.970866151417338147e-05 -2.637898719193203321e-03 -2.499284200452164036e-03 -1.627667813737212934e-04 -6.382700540652714921e-04 1.954298063933095075e-03 1.100449448237566510e-03 7.023553266032324621e-05 1.937626996682419341e-03 -6.251826863633473479e-05 -2.056079677669542596e-03 1.168040452456545718e-03 2.253424165472524862e-04 -2.642465453127103422e-04 -2.628191241413685257e-03 1.357629620588308127e-03 1.130972940376946505e-03 1.833095808620201748e-04 1.289657491590414469e-03 5.001666198146742168e-04 2.457332802216515878e-03 -1.068626366070387582e-03 -1.347526341440947388e-04 -1.052933584664665677e-03 -3.829214649740126774e-04 6.412103129205468099e-04 5.368811746348840395e-04 2.106130788578630133e-04 -2.554404121698084472e-03 -1.568416209659098887e-03 -6.608725204792504759e-04 -1.302754846935730466e-03 -6.522966347092830873e-04 -5.816638504191274294e-04 3.920352740255377715e-04 -1.199659184658885894e-03 1.076140813865058849e-03 1.754736948005579432e-03 -5.679081768945139002e-04 7.541453265561438987e-04 3.535514753785232926e-04 -1.473498810148795007e-04 -1.296588425176574931e-03 -2.754690326974763197e-04 9.532705226847280585e-04 2.465127645304471000e-03 -4.879581699213687298e-04 -1.784533906828031054e-04 5.641404430625834507e-04 8.419157338166152662e-04 3.405445495577260652e-04 1.574302989842241238e-03 2.041231622548426560e-03 -1.054054252533702515e-03 -1.135505820835522360e-03 -9.545301868500895293e-04 7.843291952733687147e-04 -8.706527412211385831e-04 -1.409995068444464981e-03 -5.989826658405437987e-04 -7.612366321369949717e-04 -4.842869744967692134e-05 9.912018255940822334e-06 -9.918833250413669131e-04 5.381989892336785193e-04 -2.009899177190076897e-04 5.382606288185408979e-04
1.815855799758502587e-01 1.581495789764911231e-02 1.971746844344984123e-02 -1.843217559063321451e-02 -1.045416926268800950e-02 1.470009905568052389e-02 3.746454749029052515e-03 2.720194938095381754e-03 -1.291521487671700927e-02 -4.006479779443186499e-03 2.453688722146152214e-03 -2.525644687366984144e-03 -1.138064606385771069e-03 -1.508488898408052699e-03 -5.899491058197283561e-03 -1.270500968277043325e-03 1.298361075537811512e-03 -4.108933376467388890e-03 6.019114006895799358e-04 4.336435849731673942e-04 4.002960704409963696e-04 -4.887976167100130430e-04 -2.060849884623529391e-03 -4.551360390476381977e-04 -9.847494673785764201e-04 -9.660040625521234569e-07 -7.065043827508061440e-04 1.720763740279401138e-05 6.355676217751399151e-04 -2.262219318356987682e-03 1.198388741817208673e-03 2.020118747138951835e-03 7.994184965907470209e-04 -1.789689180117233318e-03 1.087884563967554631e-03 -3.000777972390298318e-04 -1.392281651076064902e-04 -9.549060021425706752e-04 1.213782795960509717e-04 6.742463645578630456e-05 2.438231914535541277e-04 5.391086923126476286e-05 -1.389651847014221992e-03 1.016882932766359607e-04 8.515917903452686067e-06 -7.441473019215422808e-05 1.027906956281113439e-04 -5.140900385013577476e-05 -3.556776433130010039e-04 -4.853826787109150748e-04 5.895824471163792338e-05 6.939570750570187973e-04 -2.859936204087376328e-04 4.384667312510436986e-04 2.623878416128802918e-04 -1.122418799886538163e-04 -1.050959191199847884e-04 1.059292627957273130e-04 -4.098157711563528102e-04 2.682954310062059234e-04 8.148826505701757018e-04 5.184895164872810195e-04 1.404079302834929251e-04 -9.411416120971014595e-04 3.736935839742659454e-04 -9.936245829288148368e-05 -1.187786745107785233e-04 1.946750408573535811e-04 2.699638471124307291e-04 -7.168063083115953780e-06 3.356280249906094955e-04 -1.396889230457919358e-04 -4.930099059077916891e-04 1.906588371155910552e-04 7.276911283494842350e-05 -5.883657606821296807e-04 9.303931924082688365e-06 -2.192153052237733469e-04 -1.309095522443486017e-04 1.328399197298882708e-04 -1.869075015159202822e-04 6.863017966525841252e-04 2.158369380375578246e-04 -2.343852044678988700e-04 -3.772326198277544665e-04 2.186196963292354038e-04 1.112857886938241737e-04 6.505011048496813983e-04 -8.664361809926525567e-04 3.269314852878955663e-04 -7.417449054471613856e-04 3.107391430256631251e-04 5.870037605811721305e-05 1.852196604360572727e-04 -2.237744722451900719e-04 3.452497378734315728e-04 -2.521256051138917901e-04 -1.260936292702222097e-03 -4.637486250955579360e-04 3.867563267294032796e-04
4.510179273818828299e-02 2.382628541648993542e-02 1.588435904404895960e-02 -1.045840503986174112e-02 2.032739033591554612e-02 1.426604869824029537e-02 1.073490624036392733e-02 1.006347225859403763e-03 2.455132915458243126e-03 -2.346604822833630623e-03 2.935019121276387453e-03 2.067526944552409681e-04 3.706820583434559772e-03 1.513852122045819407e-03 5.159575736984110903e-04 -2.373527653503227502e-03 3.690461617708187033e-03 3.219299397156573806e-03 4.912656520266558188e-04 -1.813457377585912713e-03 -1.294622500546362218e-03 2.091607863231587875e-03 -3.464262309635850559e-04 -9.147348933741364417e-04 7.315101342936439080e-04 5.590034106624462967e-04 -3.232838881394735006e-03 2.329271646191206392e-03 1.931808810542178650e-03 2.160170458201328761e-03 1.866459070972940470e-04 -3.087625287888857485e-04 -1.154324077415090589e-03 1.243289103538451103e-03 -5.871678438375975461e-04 1.117622553849992751e-03 -1.984253033950755406e-04 -1.843952167440150117e-03 2.113699447625567768e-04 -3.388322785795548891e-04 1.579434454935535752e-04 1.353817998649919701e-03 -3.494306115440480066e-04 -3.575684081451600328e-04 -4.976857567290334829e-04 -8.002301632622413731e-04 4.535384974069395507e-04 -1.826715500053732819e-03 -3.769532460122520948e-04 8.234028913792114249e-04 -5.645154708333316581e-04 -1.300185850538612881e-04 7.906351595339143265e-05 1.291765464313535594e-03 1.038398067517650597e-03 -1.795979593806941183e-04 1.944959314439457230e-05 6.790854086948823606e-04 -6.453019648378227353e-04 -2.347066883251310498e-04 -1.329665703187522157e-03 1.027018710371286302e-03 1.472017853252057060e-04 -1.275481714672862523e-03 2.540361340955228121e-03 3.859389582757190068e-05 2.341457216108707232e-04 1.377524678168206250e-03 1.242471745707567944e-03 -2.671538076434213337e-04 -4.516787834797883244e-05 3.386665238180456335e-04 -3.661756398456298182e-04 1.976914793526615970e-04 -7.567996108717151395e-04 1.689282800301827045e-03 1.915862923566668890e-04 -5.141195585766228371e-04 -1.610211713997094802e-03 1.742497507091527375e-03 1.181041268829236728e-03 -8.925178366443914412e-05 -1.348166765919018998e-03 6.565129538646900798e-04 -1.245368953034056573e-03 -6.192107095446348821e-04 1.144606888382704258e-03 2.430190892557615966e-03 9.354709318417888308e-04 -4.206300980138339904e-04 -7.662653613944896613e-04 -3.267471035058760917e-05 1.276649791628450001e-03 -4.364738635581115142e-04 2.301561315731298456e-03 8.819337951739552196e-04 1.415948638010872584e-05 2.271083506313417537e-03 4.604769908985303570e-04 4.446345925135378120e-04
1.147474208980190230e-01 -1.153181812461893246e-02 -1.211843785204136945e-03 -5.976278031286529806e-04 -3.030093069027190410e-03 5.790134861028937985e-03 1.232178341398518576e-02 -3.955462313654572667e-03 3.575453269034097221e-03 2.014776539174402414e-03 -5.284112436541635836e-03 -3.178812167614501315e-03 -3.175215038467103963e-03 -1.991737952159529541e-03 -6.606418634454147391e-03 5.577570739267810173e-04 -4.903579681886689615e-04 5.003086254136811760e-03 -2.735602193139296395e-03 2.308081002072676687e-03 -1.970656397746477564e-03 -2.675797148620516226e-03 -1.851323855484255688e-03 4.510514239256228734e-03 -1.057410033828128180e-03 1.996168606578170926e-03 1.573382209562936788e-03 1.910651997013832360e-03 1.073407619799542816e-03 2.547986938336743723e-03 4.318668162525379339e-04 1.314367563301331674e-03 -1.014646464021357487e-03 2.309684614725280877e-03 -1.727637134939188478e-03 -6.287921142582623361e-04 9.777604325316954000e-04 2.694042599095705995e-03 6.246020577969175688e-04 -1.207227552265981163e-03 -8.218218888993110145e-05 -3.340691748364647937e-04 8.113387508296233995e-04 -6.980150518316772601e-04 1.312818216358522345e-03 3.448617953390817749e-04 7.513497129283115521e-04 1.552581550217728076e-03 -1.855186627725814404e-04 -9.997037334719150738e-05 1.339642774457002101e-04 1.539804747318665370e-03 1.580605134398521184e-04 -1.776649278745590132e-03 4.151052544345256172e-04 1.880792952661261130e-03 2.901735120386467410e-04 3.279091756777009368e-04 5.480238959929414292e-04 2.474658519176715422e-04 4.008103481580055512e-04 2.670292391248372350e-04 8.651230202432998520e-05 1.595871894530560744e-03 -5.001901527542563673e-04 4.004966487241248970e-04 -1.190986023262991357e-03 -1.113516010972180869e-04 -8.474427962077802712e-04 -5.494580474157393681e-04 -1.582770867590335402e-04 1.830338422102382437e-04 -4.818383596336629684e-04 -2.384195557481403737e-04 2.017944889361588962e-03 -7.412290049798905649e-04 1.290974231615231189e-03 -1.121029830690060910e-05 -1.066208558939232050e-03 -7.148514794030958516e-04 -2.291173672520389285e-04 3.526625115053520234e-04 6.681360485317033426e-04 -1.316399276129135180e-03 7.937010288512477349e-04 4.286643096937932753e-04 -9.150490928026196744e-04 -9.383621104938816076e-04 -1.795084632435896364e-03 2.181133273081495272e-04 1.409879052718729505e-04 -1.231152825935434580e-04 -1.446757890173590560e-03 -1.046990052424249867e-03 -1.380608989620134286e-03 -2.953588786191167119e-04 6.885331499203056239e-04 -1.759270439850405075e-03 4.145256058907011696e-04 3.284809425835257435e-04
1.767542565793126519e-01 4.219356770304992510e-02 1.399378944888934190e-02 -2.269244166341953875e-02 -5.826565280245780271e-03 1.581767016528235967e-02 -1.377778315011153739e-03 -2.428904166961299346e-03 -5.422716283202553590e-03 -4.574066190590992537e-03 7.586901472033210324e-03 -3.731643757285654523e-03 -1.398158561688765634e-03 -1.326041000707648592e-03 -4.270658403556981328e-03 -1.030865044073668926e-03 -1.072553230331236765e-04 -2.248876339571870536e-03 2.910803136872031072e-03 -1.756512421218800078e-03 -1.874244584847166092e-03 1.088658398159264833e-03 -2.679243221346458404e-04 2.162631507801880443e-04 3.408752102284035653e-04 2.707500392745462833e-04 8.046018983478527616e-04 -7.007096647928288480e-04 -5.027149675351474034e-04 -1.498422216740169120e-03 -8.661939810743327951e-04 3.725995872896049562e-04 -2.010932939042764118e-03 1.119511902920104687e-03 -2.108221091940110331e-04 2.281705537379065049e-03 5.986193652114216472e-04 -1.262046446520105353e-03 -6.502549214393221538e-04 -1.525014320936098327e-03 -1.661728017956022639e-03 -9.099518562421362103e-04 -1.468123541567562928e-04 1.872687736455568019e-03 7.151994592169887838e-04 -8.318523628888135121e-04 -8.012353577920839059e-04 -1.552194493263350534e-03 7.703139132485678151e-04 -1.056500821941277991e-03 -2.576780323832113771e-03 -2.551614606324059328e-03 2.165661012781831189e-04 1.798718735590336838e-03 2.379977508841299850e-04 -1.580120286367753040e-03 2.113954480907755690e-05 2.671484426018263213e-04 -1.667394768580853469e-03 1.162857558209289769e-03 -4.881220655292289531e-03 6.579876825335937308e-04 -1.705266405898952294e-04 -1.508701821380166886e-04 8.926757811145973748e-04 1.311918143991495185e-03 -1.143809352049742520e-04 1.506826392393673499e-03 4.157606780157255093e-03 -7.607743128853877419e-05 1.427240438446717059e-03 -1.660712192986880985e-04 4.476786277061843046e-04 4.773142912460635661e-04 -2.888992653609415238e-03 -3.205381753947339875e-04 -4.218564924050976746e-04 1.673726578161708993e-03 -9.959563845630636206e-05 -1.094753811772009597e-03 -1.575305637653136174e-03 4.926205942142322316e-05 2.156562697765922838e-04 7.894006331628503808e-04 1.065929747186757310e-03 1.382945214630726340e-04 -1.050560168655882091e-03 -1.340751704551289974e-03 -6.560686668202276098e-04 4.526253872653256669e-04 8.011586914201852686e-04 -7.087278838694786171e-04 -8.641680358199596394e-04 -1.623318620603798011e-04 -1.063824088505711330e-03 -5.710999660037118517e-04 3.671869253761440161e-04 1.851805597924408757e-04 4.608460560884434587e-04 -8.597896133283353755e-05
1.294693068967883998e-01 3.778162816110475480e-03 1.147849303800390665e-02 -1.101950035715538664e-02 2.774136868388600574e-03 7.535841740456055565e-03 9.655132072580705632e-03 -6.256886278418050465e-03 -2.860524736602042956e-03 6.789574309860772284e-04 -2.018880393429432936e-03 -3.432221628140766020e-03 -2.241955157743351270e-03 -1.215242574913411424e-03 -8.226270451457821584e-03 7.991224266521322270e-04 -2.305843793295596930e-04 7.003318635243974306e-03 2.377537570156976307e-04 1.025433044300629211e-03 -4.620075931433036132e-03 -1.271539634394939057e-03 -2.535193206581425399e-03 3.543406283122864375e-03 -1.716335101414772669e-03 1.953248445844282376e-03 1.680246092525329452e-03 1.275000557552092694e-03 2.797398068648283657e-03 2.266654864105322777e-03 -7.455514689109112979e-04 1.703479178892789618e-03 -1.151024660046391082e-03 2.142128036720761502e-03 -2.392262224753241660e-03 -3.181598524726936191e-05 1.170694083574503773e-03 3.354338709219508319e-03 9.134191320713815586e-04 -1.468146425877199426e-03 -8.834427928601417063e-04 -5.745366228574955636e-04 2.362843178316515955e-03 -5.874764199422786212e-04 1.720853922962420736e-03 3.872821585700320741e-04 -1.156645139024885119e-04 1.452645850562624477e-03 5.618792998157486627e-04 -9.070831640915920282e-04 5.232628801269079101e-04 1.033432103367112106e-03 7.883785728007399515e-04 -8.418573061702660067e-04 1.387310113137936896e-04 1.272660612758871532e-03 9.699283656452955908e-05 9.109014640806153930e-04 1.248478041636374167e-03 1.687497767189467216e-04 1.862788559174849803e-04 -1.344283612608872780e-05 -6.439697933196766476e-04 6.573704334694491398e-04 -1.159911804730014845e-03 4.030680789798859152e-04 -2.774091151423273131e-04 -9.678506884454744818e-04 3.179899646862769405e-05 6.456671126136104364e-04 2.293455451534466842e-04 -7.621402242887678877e-05 1.104317952117496882e-03 2.118248894882833726e-04 1.108330977855275738e-03 -6.981824061108560893e-04 -4.159472143673130788e-04 4.166757489218734823e-05 1.195967121501639082e-03 2.239437350575202974e-04 1.039595713879597292e-03 9.424506921805469875e-04 1.429893464366495729e-04 -2.776272931977672429e-04 1.036535312795523663e-04 2.590784824204618022e-04 4.260662523369668968e-05 -4.548134272349667892e-04 2.185257878362949940e-04 2.259326239523984608e-04 -2.804874349253192833e-04 -1.831344417501660747e-05 2.484682165772848133e-04 -7.686559879326084746e-04 5.679546250533113323e-05 9.961559124626129334e-04 4.455406513854709731e-04 4.337405881972329494e-04 4.240698352775506392e-04 -4.091145204443010180e-04
2.006259215525686146e-01 3.109125196961966264e-02 1.601355613631856231e-02 -2.078035442570966632e-02 -1.513869948261210678e-02 1.267792271256652607e-02 -1.213570482964010985e-03 4.969821914121352532e-04 -1.288849523813015777e-02 -3.837936700126129939e-03 5.452439375257986907e-03 -5.260339991370314994e-03 -2.570331299122101572e-03 -2.742551528438446403e-03 -5.940305909632668559e-03 1.027638515059485204e-04 -1.116866314914979723e-03 -5.961827540108642978e-03 2.210361305334787498e-03 7.655700801294715026e-05 -1.411922710065792322e-03 -3.766285443703631854e-04 -1.119785757145742248e-03 8.496760941153002982e-05 3.955699750148509005e-05 2.432506719811731836e-04 -2.605500065586018239e-04 -2.429358465437907730e-04 -1.003905171079011883e-03 -2.519443338205925188e-03 1.694731875070358670e-04 1.555048691334493405e-03 -1.175019009354832250e-03 -5.999850194803191955e-04 2.208417277929592380e-03 1.057340395584468323e-03 2.108848216405411087e-04 -1.068459556877210045e-03 -6.018443400931862853e-04 -7.582211724997032186e-04 -1.179912782929296104e-04 -2.174565297822812630e-04 -2.779029493592369044e-04 -5.632985916277667964e-04 1.541005320562191180e-03 -5.320244370539802198e-04 7.221520965343530417e-05 2.329951461244106684e-04 1.149390432408060447e-03 -1.467018595917229679e-03 1.273026339220362105e-04 -6.921651486320416356e-05 -1.631415062584588220e-04 -3.843614617381920623e-04 5.277302067649526163e-04 -8.142683370907496455e-05 2.999951699899006314e-04 -1.247827088179576235e-03 5.581000094049677574e-04 7.322049197044385544e-04 -1.165581321504234862e-03 1.782191048549886740e-04 -1.506892728225244936e-04 2.693028685180863524e-04 5.418460542595819780e-04 3.642677855397203355e-04 -2.344335868497381939e-04 5.448042915453004580e-04 9.805344597366941629e-04 1.487028491929158155e-05 -4.453665422805430521e-04 -1.038175518493866887e-04 5.923834250964831166e-04 2.053687339986277091e-04 -5.394418329297713663e-04 -2.267070805930592814e-04 -1.571934069022657039e-04 3.442597858640517780e-06 2.382089288548958105e-04 -6.638151662246448339e-04 -1.338011686383370612e-04 -7.904878317211418105e-04 9.082695803268218222e-04 1.730414825579320887e-04 7.833625615244200731e-04 1.351588337140544949e-04 -4.083395028458659880e-04 -1.235748447468866485e-03 4.875151953700244630e-04 6.897274622262706916e-05 7.149767615485863245e-04 -2.864618695737020061e-04 -1.150067906749580862e-04 5.053385288537196388e-04 -1.957516160215142117e-04 -3.835659699808534415e-04 1.213819548254535481e-04 5.225368410047202773e-04 1.988194762858501506e-04 -3.007274184965109736e-04
-5.022969153213288629e-02 8.612195114267730267e-03 -1.288386912161117344e-02 -1.777184085509076611e-02 -4.457533419796229530e-03 -1.031050647527877520e-02 5.507198321311261927e-03 5.495110087100000922e-03 6.935546949431227112e-03 -6.906484685913718462e-04 -2.452118649413847985e-04 -2.016820735868443321e-05 2.365272628781837222e-03 -1.750265390622746369e-04 -3.033085770250402557e-03 1.751912098092076563e-04 -1.125400633437640373e-03 -9.335816248758264891e-04 -5.181644925679531217e-05 -3.809353743616741448e-04 -5.531076654200129837e-04 3.598731015204948932e-04 1.722860877164638337e-03 1.320552159489972726e-04 7.116438987872920723e-04 -1.665668163653800720e-04 6.243935580164627864e-04 -1.871610536133047360e-03 -2.327123328206328874e-04 3.400843714434072197e-04 8.050671056025186139e-04 -1.369300247524088627e-03 1.715239502777685283e-03 -4.839308418996769636e-04 1.487929577096978905e-04 9.441067215891053388e-05 -6.956501106414091432e-04 5.168299213074329128e-04 1.877046397131107132e-03 -1.011698769359520647e-03 1.599157021550286488e-04 -5.105203209203997223e-04 -1.262097560077595523e-04 -1.186989408497251056e-03 1.026500339716285770e-03 -1.177148259263669492e-04 9.805208180404566872e-04 1.070790435620615601e-03 -5.745589511547481406e-04 -8.960686649087975901e-04 3.373459539172528088e-05 -1.541976904139439990e-03 -5.567860842051661468e-04 -4.895121081745292283e-04 1.091609618478432263e-04 2.001512514128682820e-04 4.463668999581803676e-04 -4.296084880945230211e-04 -1.281992081408967268e-03 2.160904246789326771e-03 6.866223646277868535e-04 1.016935829446793862e-03 -7.864454107551812614e-04 -1.197159538771073702e-03 6.947580124948835641e-04 7.150060790867452006e-04 -1.232436941964279204e-04 -3.163086361071433127e-04 -3.630631377422864929e-04 -1.267719234524006602e-03 4.693753810071889720e-04 -6.905603923293342781e-04 2.094944228758144811e-04 4.374835078857394451e-04 -4.022944287568641403e-04 3.765150747856056690e-04 4.231667787285944599e-04 -6.480050256175657946e-04 1.005586479192238127e-03 -7.534835569372639891e-04 6.319017629401702755e-04 4.716125611059027861e-04 -5.127854326371631593e-04 -2.269861299433889601e-04 -2.162186930206735826e-03 8.675688922992366540e-04 6.038183415440520038e-05 6.784943109344224958e-04 7.081692302191370776e-04 2.177169277295447954e-03 -6.023480307259109108e-04 -3.519215873495958741e-04 -1.104435066240773249e-03 1.196432470257631324e-03 -1.791008384126540872e-03 7.901922346284208582e-04 1.684234400042816963e-03 4.307512844656948112e-04 -7.412429988152397474e-04 -3.714294811452213728e-04
-8.137736952658300438e-02 -1.048707841925305626e-02 -8.008437622474733411e-03 -9.412665941911372430e-03 -7.550261491828674960e-03 1.151228718625490165e-02 9.179946903801265408e-04 4.027295356719515218e-03 2.489632134445180119e-03 4.093267928893512715e-03 -1.648698354237414666e-03 2.063525961972015581e-03 4.436660784164448909e-03 3.914752022528186206e-05 -1.107406328084967412e-03 6.316515980866803338e-04 -3.282979799411100789e-03 1.168238365236202005e-03 -1.513555313694347603e-03 -1.163427183132869844e-03 2.027491553841377463e-03 -6.333448417602144690e-04 2.027052399828250531e-04 5.042700237613016506e-04 6.991033538398591781e-04 -4.752948597273389821e-04 -3.322683594241576297e-04 -2.374321656562210399e-03 4.474644601706972394e-04 -1.189413695665140136e-03 2.323187852578778134e-04 -5.379787993304454121e-04 -5.355826278529220467e-04 -8.064700772497852312e-04 4.870171965638715869e-04 2.352862089343153208e-04 -5.920468876706171764e-04 2.691053696659891233e-04 1.512465536611045692e-03 1.223413536447965928e-04 6.081001573522524118e-04 -1.652560763460262207e-03 1.499042389684843331e-03 -6.439562022871379941e-04 1.204742203081167517e-03 -2.949499142069944200e-05 6.224299981433113575e-04 4.255071146466727337e-04 -4.182043392650173748e-04 -1.179687189517995491e-03 2.380775913923006677e-04 -6.403182210368789764e-04 -1.922460078749514256e-04 2.361729113662249812e-05 6.408511191953240556e-05 -6.200047367781449589e-04 1.756753698948665279e-05 -4.623780961342714929e-04 -7.857518784841595544e-04 7.205243426395664067e-04 1.846729475448386090e-04 -5.845676628376107829e-05 4.264266619402380144e-04 1.237518602142926184e-03 8.935902090468362527e-04 6.847927248624341131e-04 2.572157930469714453e-04 -6.002518431058425155e-04 3.994760633915034808e-04 -9.505942602928457892e-04 -2.424032578283329869e-04 4.505926751352986714e-04 5.052287748857131394e-04 -1.747193488450966001e-04 4.510532086369837943e-05 7.117021913126213815e-04 -7.974520645736979862e-04 -5.358626689787080550e-04 -3.280142821094463252e-04 -1.573290982545106178e-04 3.346372358819757237e-04 -1.750625760273512505e-04 -7.784992990938385512e-04 -1.142789559292808069e-04 -1.368598215441546063e-03 -4.993086991837522066e-05 -4.713548500010981534e-04 1.873929716016804422e-04 3.610694490512413360e-04 -3.391055274489620565e-05 2.908186402806511774e-04 7.624456693103304076e-04 4.882481607621588391e-04 8.512478130404497068e-04 -1.110014661632715725e-03 -4.743621854943810140e-04 -5.686563934528407948e-04 -3.788451544182837652e-04 7.049241413748950826e-04 1.934731930746604490e-04
-2.726878424188902347e-02 -1.971426367806251856e-02 -4.760984725884077895e-03 -8.888602584302228785e-03 5.826537963081892570e-03 1.170079259334885075e-02 7.577333841273380284e-03 3.640660178543287783e-03 3.770023837920008069e-03 7.472006251154943634e-04 -3.241879760894828509e-03 7.353768401053834133e-04 1.084673420576440618e-03 5.609662341460050841e-04 -2.838516279120759621e-03 5.738293391887314479e-04 -5.147702926311507193e-03 1.128749323737036789e-04 -1.546215488013454173e-03 -7.602841690624354519e-04 3.258732327025572716e-04 -1.989342865080265081e-03 1.641577589140262149e-03 8.730731952581857400e-04 2.361458065890120923e-03 -8.780677244636438681e-04 9.662352867643993030e-04 -1.325338815320874306e-03 1.077779495746889892e-04 9.623163370153528604e-04 -4.240691146246886555e-04 -1.264445375715946094e-03 6.095278087361111544e-05 4.082421843293968650e-04 6.340471948149845884e-05 -6.667167805320589396e-04 -2.967143393415264620e-05 -1.236206237943877385e-03 -3.486877872297040903e-04 1.886238213327118491e-03 2.682865875875972868e-03 -1.019694664284608249e-03 7.770557289913554736e-04 2.515062257922621395e-04 1.004477670958514590e-03 -7.635168673673708517e-04 5.660352785574166053e-04 2.690427365629088539e-04 -1.103698503066647329e-03 -7.055134401926666660e-04 5.946585026766612256e-04 -4.915718908875958996e-04 -6.192055353948472222e-04 6.101946806501424691e-04 -7.701795208656913574e-04 -5.000279417892985676e-04 8.298424448916270251e-04 -2.288363174963996705e-04 7.005152438000890281e-04 -3.450428675758277961e-04 2.257571134047325654e-05 9.915069921492909635e-04 7.324929357564281341e-04 1.793874834622410453e-03 6.619097730356779180e-04 5.135385647880286435e-04 -1.613177987826820757e-04 -7.248525157310289598e-04 -3.737682023995124773e-04 -6.127686197815755340e-04 -2.357977011851840939e-03 1.036751631313825688e-03 2.925466023948924054e-04 -6.499609551120235328e-04 -1.423956078202394089e-03 2.072309867211232989e-03 -6.816831691485223223e-04 2.374386289878490275e-04 -3.870757437805254675e-04 -4.896756374499645209e-04 -9.149105540262516406e-04 -4.893120123906048117e-04 -3.209440943022433507e-04 2.148002760863491662e-04 -3.571656025072966582e-04 -1.222453079072595341e-03 2.742702711832114811e-04 1.114244560818481193e-04 3.601446975825887118e-04 1.786179883519923716e-04 1.587926211348014965e-03 1.112283056064996764e-03 1.138895466104207759e-03 1.473740998139410827e-03 -1.180741019015438655e-03 -1.487483024033383087e-03 -2.076076080745155783e-04 -1.148259196125610976e-03 7.772827854906556085e-04 -2.942091666494091990e-04
-7.207193795089543442e-02 1.147878878270007161e-02 -1.520442141940039210e-02 -2.076163963986392066e-02 -6.274582626779807645e-03 -8.716378940916296586e-03 1.907119135395928498e-03 4.653555133904741653e-03 5.233453344397918060e-03 1.993760354515857879e-03 8.376632236284452899e-04 1.013796642942631394e-03 2.974354198238144883e-03 -9.535571323368300300e-04 -3.177722917932923694e-03 -1.097299011990730822e-03 5.352761137560272785e-04 -4.728765529146169272e-04 -1.196453586646006179e-03 -7.537639877638997938e-05 1.550734667576721777e-03 9.353393465647626571e-04 6.514521185642671922e-04 2.503996976712903133e-04 1.068446737406056378e-03 -6.316848755859296122e-05 -5.340806776419476914e-04 -2.329618640236850394e-03 4.780134660591419142e-04 -1.164323157965897618e-03 1.356943503922018854e-04 -7.448888892913350978e-04 3.760721796633347469e-04 5.552329656674376279e-04 8.174465542475604918e-05 9.726522379937203909e-04 -7.204390383513675647e-04 6.830986039565111433e-04 2.146243526480329754e-03 -2.099479960121106766e-03 -9.588729701771907992e-04 2.146613507888583256e-04 -1.352351040541534114e-04 -1.725261469220430591e-03 8.301627426170483243e-04 -1.004801831354240485e-04 5.911871921022447728e-04 1.064635972633462243e-03 -3.086353988420286604e-04 -1.049106311090989646e-04 2.516625018075911843e-04 -1.528356704825277598e-03 -1.445871112793102597e-03 -2.596296106007660114e-04 -5.136004899597857581e-04 4.482129750040361911e-04 1.062541428972571620e-03 -3.636711277631592457e-04 -1.647563924486475330e-03 1.279618069602626775e-03 1.267177748158824580e-03 3.202789866482433161e-04 -1.453340513994577600e-03 -1.068479567218443222e-03 5.742950607347694844e-04 7.421302779230580732e-04 2.546737643951353159e-04 -4.204400629481372148e-04 3.437510827101198361e-04 -1.678069121982433401e-03 1.039156502153363226e-03 -1.470929598940786450e-03 9.989075771835395114e-04 4.423376316507575813e-04 3.951414627859731752e-04 2.665878594691968085e-04 4.627566250434482996e-04 -4.844094181751092761e-04 1.069005207435000425e-03 -1.719278769941727644e-03 9.520117638691316881e-04 3.315241146614522410e-04 -3.217451313072464516e-04 -2.964691197413233531e-04 -2.368179016128365341e-03 8.568467051452405671e-04 1.572714411233784451e-04 7.738756084668314307e-04 3.071571371975620273e-04 1.375821971396833793e-03 -6.520307031278509222e-04 3.332550296149008840e-04 -6.234948067461881273e-04 6.362411747069000520e-04 -9.980341700427330064e-04 4.077209996737103811e-04 1.648588319642447370e-03 2.740548651490016217e-04 -4.332933805965234948e-04 2.951128922446522832e-04
-6.078024760431982587e-02 9.295883654368347279e-03 -2.911157953320548178e-02 -1.532881829291236203e-02 -3.497921540081143626e-03 -3.886811934111803098e-03 5.227635231857929131e-03 2.907106987979714979e-03 1.812516051515109146e-03 7.961385055814125099e-04 -1.584508754901136057e-03 3.462461054072186301e-04 1.473467319257261692e-03 9.447944324605639626e-05 -1.241385655098310465e-03 1.276071195199139554e-03 -2.106512099002158089e-03 -5.275822531265859537e-04 -4.561596646114279385e-04 -4.240005276241737959e-04 1.952831747165567947e-04 4.044702540062416400e-04 1.880616888234990219e-03 1.739873586471965029e-03 2.231757811289790134e-03 -3.857904993199580521e-04 1.030693388758035589e-03 -8.869503519632344467e-04 5.946505738284783935e-04 -6.972208212801488374e-04 5.911938604089650526e-04 -6.633177063183251629e-05 -6.294091456044632643e-05 -6.963682650139340269e-04 9.458995978506157384e-04 5.166693014222616988e-04 -4.398555756471838468e-04 9.581716815044538475e-04 1.299004849031194396e-03 5.386484644900315852e-04 6.350766823004695303e-04 -1.799577662993649685e-03 -4.999216485275175632e-04 -9.837009182128082004e-04 5.376733135593522164e-04 -1.140408370549473357e-03 5.543931324276429916e-04 -5.103262325160709241e-04 -1.491060420732263046e-03 -1.014869789212984085e-03 -3.677575506528160112e-04 -2.867546805957325081e-04 4.825099924590140572e-04 3.698115481583088377e-04 8.825517670973247349e-05 8.839187021138820381e-04 -7.149259686717470254e-05 -2.127677337431398055e-04 1.956868732454948860e-04 -4.646778734363055780e-04 4.425797250554094079e-05 7.703408800406562340e-04 -5.381617674927036132e-04 -3.926587971591825161e-04 -1.470017464554993652e-04 -1.152419175864481655e-04 7.148297841472696823e-05 -2.054179044771650415e-04 -8.647776451070122473e-04 -2.582785762626501431e-04 4.190628857679688400e-04 5.007441538017192058e-04 -6.999123422072392334e-04 6.151985334594221042e-04 -1.104236472748067665e-03 4.550060008666099391e-04 -9.100389838102497682e-05 -1.149841723148510635e-04 4.023741119338797474e-05 2.880938973191138233e-04 -5.540299597417386009e-04 1.617686040289015358e-04 -4.621876259610620350e-04 5.738177077406834807e-05 1.850658119146375092e-04 -6.091281397734931807e-05 -1.339279423101987767e-04 3.527751243907430363e-04 -2.522616553701904516e-04 3.150625639546987631e-04 7.482595438694588611e-05 -5.875904122052827687e-05 -1.913511981624259806e-04 2.691346312977123769e-04 -2.561374596066520303e-04 1.073566912558214162e-04 -4.069227653306163638e-05 2.723415864826859295e-04 -2.514863628962454812e-04 -2.273474776901257403e-04
-5.766652449421226512e-02 1.282266195914556241e-02 -2.755493362085396220e-02 -1.599590888054917143e-02 -1.809257229087658878e-03 -3.781449915085103707e-03 4.048161018659065385e-03 2.149788378560832554e-03 4.530615974148971114e-04 2.211939401877483554e-03 -1.027198489269567352e-03 4.541871568664302664e-04 -1.740806784626868159e-04 1.548218961848007785e-03 -9.143866262631532033e-04 2.835282722020202907e-03 -2.190971723813996477e-03 -1.364469279600529677e-03 -1.538722682426674811e-03 -1.099760432164417724e-03 2.873199996770077570e-05 1.867965931205731959e-03 3.136913003458873667e-03 3.862448510572999340e-03 2.546471357817169795e-03 -1.263386025249156955e-03 1.957795050461912014e-03 7.614888084800323226e-04 1.669519280543039922e-03 -9.216461858035412047e-04 7.456048480955182640e-04 3.432257437240270872e-04 -8.039845601658748321e-04 -1.632939124850755954e-03 1.627180498166274280e-03 1.318273677426929020e-03 8.178937493768481020e-04 9.811751933351574913e-04 1.940425171445484074e-03 -7.029100481718040876e-05 1.473056994306674253e-03 -1.453446175779880183e-03 -1.810936270571767651e-03 -2.363009927059406788e-03 -4.479553437850160693e-04 -1.920601364175562615e-03 1.844220026175609299e-04 -6.086952632667450187e-04 -1.739080981048822094e-03 -9.178730523997283676e-04 -7.335469835684596020e-04 -3.805177128574069767e-04 1.808689234670642337e-03 9.805756258866678201e-04 -1.446514855840070127e-03 1.964273446848249262e-03 -7.289621306878029099e-04 -6.343307255779134053e-04 9.869326029115449515e-04 -1.027549698761187581e-03 -2.297958024778883691e-06 2.080559841083089948e-03 -3.061620895699922250e-04 6.729712854175230220e-04 -1.155070738860231472e-03 -2.713097632362615865e-04 1.027683440634279382e-04 1.145400352104403554e-04 -1.385111793875400165e-03 5.916223151306101730e-04 5.967893653687236875e-04 2.635539355578890228e-03 -1.153829478881904713e-03 -5.186952989727645208e-04 -2.312297543698920571e-03 -7.283420251418269752e-04 -1.133234509746427251e-03 1.167267722170131031e-03 -1.477571386723133394e-04 1.232092237778644166e-03 3.685209819108959642e-04 -3.167490409611678742e-05 2.145139599973302168e-04 1.406587461949083961e-03 1.570145266554527587e-03 1.051794034568274668e-03 5.619978889740081688e-05 1.227516612218771666e-03 -1.142863666652531177e-03 8.225765635175024158e-06 1.400580904435711014e-03 -1.851735291689806827e-03 -9.380186330506551807e-04 -1.481333139446221539e-03 1.086293170338149079e-03 1.444575274191060507e-03 -5.786764188142203653e-04 1.586307927064986589e-04 -1.851211453955106320e-03 -4.407433152435458450e-05
-8.409992953453256093e-02 1.017115607794770622e-02 -2.361653308499500430e-04 -1.576703259229078266e-02 -7.615689856193852934e-03 -1.256250485758696276e-03 -3.102860241878087691e-03 4.118089781784378678e-03 4.871676098147317661e-03 5.142605601674207598e-03 -2.630393487424995298e-03 1.400559007007773707e-03 2.150060624719717008e-03 -1.523940343033528336e-03 -3.364758335002980463e-03 -1.236994168643160141e-03 6.105019878468070146e-04 -3.461109486574959876e-04 -1.255743399385089156e-03 -1.058495101177453794e-03 5.201332894404948892e-03 5.635435272076366048e-04 -1.495716311619177310e-03 1.472421548918110201e-03 3.014228657571578333e-04 -3.243918398243505162e-04 -1.357783710307293879e-03 -2.291677496266355477e-03 1.277052747292359161e-03 -3.879537017797940381e-03 -6.727080755805491408e-04 -8.219370366924816417e-04 -7.502980696268960912e-04 1.122525784720880592e-03 -1.019718355202788376e-03 1.647760685029834356e-03 -5.697480419475283033e-05 7.160152279342290758e-04 7.020275664613421672e-04 -2.432708260795436034e-03 -1.832535466547365348e-03 1.154890909473597340e-03 -5.312139044303407307e-04 -1.445926643877840740e-03 6.471617407306510172e-04 -1.210325672212103388e-04 2.314916493116643960e-04 -3.647279752513462258e-04 8.164449936694438649e-04 2.582364185725866731e-03 7.468493392495159080e-04 -2.132120845002256036e-03 -1.164751619035158748e-03 -3.091040759822791576e-04 -1.784154731681632418e-03 7.145003055039388443e-04 1.153258406043162305e-03 1.011072605111193370e-03 -1.224814366067973961e-03 7.774928265322118837e-04 1.546675984357576529e-03 -2.634510194774938863e-04 -1.407427696678359473e-03 -1.168988231209864144e-04 2.283110905827252270e-03 6.396620178453882961e-04 1.478596271430496776e-03 -2.667200161562482898e-04 8.789690973310573373e-04 -7.837382344791225027e-04 3.111515207998779035e-04 3.856654303474357890e-04 2.106450825396323934e-03 3.144845275519497362e-04 1.725612053234546611e-03 4.704936477202174779e-05 8.532294308587453822e-05 -6.190059305766641208e-05 4.531321645609030693e-04 -3.762423790558376557e-04 5.465042949260821023e-04 -3.364238647629017769e-04 6.045892030306019823e-04 2.043574858703117592e-05 4.167006975141680520e-04 5.126348686636008738e-05 5.488318590192710301e-04 3.474422648279004927e-04 -6.935038596078976032e-04 -5.815518344586806778e-04 3.047242801822617553e-04 -8.568424329712064341e-04 -3.801942007332731964e-04 -1.240186293648715262e-03 1.811372506418691165e-03 6.221817382838264058e-04 -9.752658264301322351e-04 -6.797941462957573589e-04 6.221407516717248395e-04 -5.179932428233352635e-05
-8.937180517476464581e-02 -1.005239288441805469e-02 -2.128180687750128378e-02 -7.477199422409527840e-03 -1.172635770973199688e-02 6.042017321988976501e-03 -3.582400949369770747e-04 7.373898822749690900e-04 -2.482381738549608815e-04 3.809373273611871020e-03 2.678326463702529903e-03 1.914365727008061294e-03 1.456187718543462857e-03 2.435147448226881745e-03 1.781741695606716639e-03 2.902154489755940335e-03 -9.316916264020472108e-04 1.208986263248678283e-03 -2.215686863922648544e-05 -9.167905653979473287e-04 -8.303397795089192523e-04 1.981449090783049191e-03 6.767717432726275302e-04 9.330589313236001183e-04 3.891653080411903391e-05 -3.139190955149839574e-04 -6.928642579701799252e-05 1.169058403816738241e-03 1.826446737028059259e-03 -9.460535585656963849e-04 5.379570326846894136e-04 2.220213975180788512e-03 -9.182967384434601119e-04 -1.639905224186732858e-03 8.622176597370066449e-04 5.948653221942970439e-04 -1.010234539497885213e-03 1.564831989132127368e-03 1.823129340720841454e-03 -7.369408732420712656e-04 -6.089177571663167846e-04 -1.897339223928829095e-03 3.251033042464440454e-04 -1.244201803150355584e-03 -5.626751899085837613e-04 -1.125618563534791242e-05 3.657232182147004680e-04 -3.227381514334595617e-04 6.783892174492017378e-05 -5.958771668379790609e-04 -7.036441843633622645e-04 1.808482510696848670e-03 8.471005043948438623e-04 1.340964958602949885e-03 6.819886695495239138e-04 -1.224726084284648688e-03 -4.689929392430092128e-04 1.022611926262158701e-04 1.009013562679499576e-03 -6.064946869411383694e-04 -5.354933748025098332e-04 -1.163974998568883309e-03 5.217185580189862785e-04 5.998613396572734799e-04 -1.949196667236551483e-04 -9.262113166408132052e-04 1.100991221881451448e-04 6.789837976471816772e-04 2.541481793663614920e-04 -2.007434957331120842e-04 1.125685594468041600e-03 -5.012147415551999928e-04 2.072058753550566070e-04 -8.156058484136186103e-04 6.840874832991626240e-04 -6.743301496752988509e-04 6.746098432366468001e-04 -6.892056715872436337e-04 -4.148822442956161694e-04 7.690897541762882960e-04 6.112805681329690167e-04 1.347204995602995512e-04 -1.506892589795237299e-03 6.887211947086707307e-04 -9.272367009592857433e-04 3.136696148611858186e-04 -9.504142608826155435e-04 -1.081314648995412202e-03 -7.560373426099709776e-04 4.568935830691517081e-04 -8.929895412732656405e-04 1.818851455927009109e-04 -4.270174801597188103e-04 4.225433407001958621e-04 3.742747847085217553e-04 -7.693031885607083242e-04 -4.880203453529974268e-04 2.568164315953193138e-04 -6.976007069430041792e-04 1.921540545818991306e-04
-6.594276486154210248e-02 -4.138396070515951153e-02 -5.495481123979625154e-03 -6.556099844213635758e-03 -1.040513483355012987e-02 1.260741145711889548e-02 -4.623221536168455178e-04 4.261050232794385065e-03 2.515902889025705899e-03 4.109578900261891959e-03 7.758159680705838850e-04 2.320074996583830745e-03 -9.355454262801808337e-04 2.578077055315585678e-03 1.909236638315533596e-03 2.303940785864976373e-03 -3.232237611317365002e-03 -9.363864522018016008e-04 1.155468755708347018e-03 -3.172357450603001307e-03 -1.846141110056843341e-03 3.442980778249426057e-04 3.395512351299415608e-04 -9.367691610944270256e-04 -1.319569279749950022e-03 9.758796549124607684e-04 -1.570959726676918319e-03 2.548054225794248867e-04 -2.534177312536580254e-04 1.926162018343301413e-03 -2.189903879501156354e-03 8.224227692524301546e-04 -1.379031341802781571e-03 -4.844872671947466052e-04 6.981691564954099500e-04 -1.103866671706700033e-03 1.351427249432465014e-03 -5.341679855609465441e-04 2.067917719498917756e-03 3.686739848280077035e-05 -3.685254935910604120e-04 7.404828720786117536e-06 5.237237837068557320e-04 -1.890930862829091679e-03 7.874465445133892617e-04 1.656683168410424232e-05 -1.994908172296139259e-03 -4.855611453182541427e-04 -7.956622854778587321e-04 -1.130327626507540923e-03 1.463310311990829440e-03 1.808864462318715951e-03 1.105918907749341411e-03 -6.409951431841357699e-04 4.498408922843419464e-06 -3.932899538471852294e-03 9.141436378252600211e-04 4.766200477827727748e-04 -3.244606224721020686e-04 9.316536112784224713e-04 -1.130701668444452366e-03 5.690658290059069993e-04 2.079665501038640771e-03 -5.517306830225795263e-04 -7.873681937678344471e-04 -1.581327706895184091e-03 7.202675048306835437e-05 -1.481759602850815519e-03 1.954601545083531084e-03 8.071932793580116530e-04 -1.125548589006494056e-03 -3.928528663022115108e-04 8.225674531070518384e-04 -5.290834292744225030e-05 2.737950409489994276e-03 4.628252903030962199e-04 1.084032632902125854e-03 3.179059877445815471e-04 -1.114197574557070037e-03 -6.772559458858556231e-04 -8.809642667885673973e-04 1.490388985125632804e-03 5.177767500268845233e-04 -3.967070377834847777e-04 -4.566386328975995503e-04 -9.484914816978873980e-04 1.320422279487128885e-03 -1.257093488774894236e-04 -1.691737145063972785e-03 3.543536333902883658e-04 1.712406456881772733e-03 -7.148055109512065812e-04 -2.682457630911381802e-03 1.285786833811280354e-03 2.573728011312574962e-03 3.157233890090575096e-04 3.231641755023036871e-04 4.957435688773649063e-04 -2.450626829378025479e-04 1.432876150816606410e-03
-7.911926865829088662e-02 -2.711674873814209213e-02 1.627105174164709608e-02 -1.504532337971338854e-02 -2.688871765882987468e-03 1.220901669050764200e-02 -5.342421406758432467e-03 3.754585798194962337e-03 3.879379933655820265e-03 2.603570473312927409e-03 -5.946583652182944012e-03 1.982898032676803023e-04 1.480492755072614162e-03 8.659438557298002655e-04 -1.007111811597824794e-04 -8.801233056168658152e-04 -2.524172595097386607e-03 -8.770269447661246422e-04 -1.887457993065210296e-03 -1.373655709020101846e-03 2.682441412741025204e-03 -1.763436049253927496e-03 -1.544476194521871406e-03 -1.532176081288371978e-03 -2.038203180692186786e-04 3.529417863446871265e-04 -2.739550387073352421e-03 -3.050402590356089336e-03 2.136498775866404836e-04 -3.934278672563873229e-04 -2.089098327441060547e-03 -8.999192728513777774e-04 -8.821077371288168914e-04 4.600872905689908261e-04 4.306932653447130034e-04 -8.230875739974944077e-04 2.821144382547097988e-03 -3.692443721498792899e-04 1.242513565144511478e-03 6.744500354670018079e-05 1.109167457510360421e-03 -2.397205031423187041e-04 1.310950116571457961e-03 5.156271120704445602e-04 9.773210431563267818e-04 5.422536174594766017e-05 -1.360291866250715491e-03 -1.363651599238879884e-04 9.820039001148083823e-04 -9.264612501274446408e-04 1.141012385004241871e-03 8.039313861627849064e-05 2.366095278932018188e-04 -7.623109217695413220e-04 -1.528625108884181438e-03 -1.519183049754196544e-03 -6.238638644653731998e-04 3.159673995145001555e-04 -9.191642356520527595e-04 1.874193485504626212e-03 9.998797953707157541e-05 -8.284885109231965728e-05 6.220153824216975670e-04 5.112299359330052312e-04 4.080661458547533028e-04 9.064705542903183288e-04 9.527407051400897534e-04 -1.166814440806352533e-03 2.380439571567542843e-04 -4.819557471934738714e-04 3.405411338214204479e-04 8.793530786522646414e-04 9.478763010051273474e-04 -2.331048510972275891e-04 1.855754977925310704e-04 2.381417588178069114e-04 -2.071869334661094139e-04 -1.567856243123074420e-04 -8.217464540239645182e-04 -2.497109453742013324e-04 -1.676567312188430119e-04 2.881123713533617257e-04 1.299160966248752230e-04 2.608375353917955844e-05 5.587519862048624750e-04 6.132433097929876733e-04 1.749170747500479136e-04 5.537494599684649821e-04 1.277281558243284780e-04 -1.476978229917302963e-03 1.069633078998353170e-03 5.637714940308893516e-04 7.770243218917742686e-04 -5.978097969662319764e-04 -3.414077824106508683e-04 7.569330777782671150e-04 6.705375456254331751e-05 4.577476944105972681e-04 2.798546572519762131e-04 8.013402870010443444e-04
-7.288882777688954206e-02 -3.355135466127842636e-02 3.201305091278423831e-02 -9.893340574670417623e-03 2.159166444738809976e-04 1.219138521185912996e-02 -7.500168723056703686e-03 1.544693173898297432e-03 2.268344450843018997e-03 -1.649615257693282187e-03 -8.036972502280748110e-03 -2.126240470270754357e-03 5.145603167550564898e-04 2.863437360648010514e-03 1.272255786559786184e-03 -1.644354622446308686e-03 -2.965925375348555304e-04 -1.142922957634412299e-03 -1.278569308401260492e-03 -8.440330871990211169e-04 2.854051703859269615e-04 -1.890867718448393728e-03 -9.932173459403774874e-04 -1.296319068298992317e-03 -1.115321698154663269e-03 1.427961741140226174e-03 -1.889458722687518445e-03 -8.336794372630881899e-04 -1.099760741394144184e-03 4.578585806265231994e-05 -2.324333262601801023e-03 -1.795193602692028495e-03 -3.494566557835812972e-04 -5.280992790516612001e-04 3.699544459363724933e-05 -1.653908982160834156e-03 3.340199088868398176e-03 5.701334075178826773e-05 1.051092119313214038e-03 4.960374059992589055e-04 2.347583886624866716e-03 1.298171101066567098e-04 8.748545093914527346e-04 4.631906886513321281e-04 9.464116766754021018e-04 -8.011702777417106271e-04 -2.047836956669794959e-03 -3.589071250745646760e-05 1.929486078687665763e-03 -1.126830935498441405e-03 -5.948466331149525029e-04 1.480448699234104143e-04 1.324760158292208464e-03 -9.790676093818370066e-04 3.021425810839062885e-04 -2.634357237166357339e-04 -2.221454040561719225e-03 -8.965780313430866347e-05 -1.396836152230096191e-03 1.348577001079182425e-03 -2.140094540904607934e-04 -1.032975883638103873e-03 -9.050962847928750287e-04 -1.550547423963221944e-03 -3.991548417554429437e-04 5.060133965331181172e-04 7.647385595221355961e-04 -1.025646769670402131e-03 -9.289361573285715009e-04 -1.626596728509697130e-05 1.598006184490538203e-03 3.632142872894781726e-04 -8.773416430667161032e-04 1.075136472627357797e-03 -1.110665245354522769e-03 -1.422766634842865347e-03 1.872790471849772868e-05 -1.105380453160925442e-03 -4.692890616970727020e-04 2.941130778465135586e-04 1.356314342538577023e-05 -1.109845033715258812e-03 8.462381411668684758e-04 -6.572421171413592687e-04 1.610084050075757467e-03 8.765696403012615589e-04 -2.422142004460616744e-05 1.299385551417512686e-03 -3.083210736801251703e-05 -1.503164211845434833e-03 -5.746329955437238981e-04 6.155153179643323451e-04 1.115077096709846853e-03 -5.796620746685920500e-04 -1.351359224941609503e-03 1.129467385536592769e-03 7.898780512927022247e-04 -2.411952163729434175e-04 5.766953647436656163e-04 2.778845123994213933e-04
-8.557045107143033957e-02 -1.802477498437198662e-03 1.969750463204178806e-02 -1.293588070000747936e-02 -6.384564777311277535e-03 -2.587587507105131458e-03 -6.224778399813231389e-03 3.344330794950222362e-03 5.532865721464262122e-03 3.584571825211593007e-03 -2.736977835389153499e-03 -2.631859655265391708e-03 8.024019607572050253e-04 -1.165312051117810017e-03 -1.915426893916797159e-03 1.841167174078320442e-04 6.630856128029684695e-05 4.829158665683942384e-04 4.006226207965652504e-04 7.903266461875768038e-04 1.984840127946159612e-03 8.892883106392139103e-04 -3.100159291490745938e-03 1.448273493525102651e-03 -1.165892886195844325e-03 -9.355469361677753439e-04 -1.232537662754468622e-03 -6.353589034238491147e-04 1.199109146479806652e-03 -1.628545072290901036e-03 -6.115534640655675806e-04 -5.650306792386668338e-04 -9.201677393824084358e-04 1.155929573588973611e-03 -9.813347648503824034e-04 8.725981135088191343e-04 -1.049129334647929583e-04 -4.618791424874738602e-04 -1.506209398342584719e-03 -3.735481130616264355e-04 -7.555907416496035955e-04 -3.866956258444538400e-05 -4.366594365842490534e-04 7.775584503490949552e-04 -1.105664193051976441e-03 -6.613304808761710351e-04 1.303172947431663299e-03 2.717165733017727256e-04 1.148453898228058356e-03 1.351970362807362793e-03 4.199640608124210637e-04 -1.012883836079181378e-03 -1.564268941064684898e-03 -3.209209899559149152e-04 -5.010196031327307249e-04 5.130953782899074075e-04 1.938544858173099964e-04 1.143936371083537074e-03 1.122688627357304068e-03 -1.800741404507928797e-04 3.832706946653164888e-04 -5.701125017355014590e-04 -7.882814996602823844e-04 1.106371152337573419e-04 1.281467607923812528e-03 -1.046310227057782247e-03 -2.556186820218095163e-04 1.026168594728715756e-03 1.758003418600484523e-04 7.458771510017467386e-04 -4.400468112503746381e-04 -1.057530727240736320e-04 4.423556583409469318e-04 -9.635646895095692109e-04 6.417544536390339116e-04 -7.423754044076712839e-04 -3.918670332294225305e-04 8.366224241178256849e-04 -3.778767583496802241e-04 -3.698104527308655309e-04 -1.229256777405921290e-04 -3.086048089968111393e-04 -1.245936608018603413e-05 2.858002292347250686e-04 -3.525871324813270873e-04 -2.220535327426576022e-04 -4.691811301930010937e-05 4.119477447638709273e-04 -5.419843530491209914e-04 1.728173939241786508e-03 4.552542021244688976e-04 -4.501584136400769791e-04 -7.997033521803140156e-04 1.854990504426914401e-05 1.214610387218823927e-03 -3.990800525803707291e-04 -1.417565641183905637e-03 1.489742297586030262e-04 6.664455590962410853e-04 -1.183019582325857671e-03
-7.022054923143244975e-02 -2.371936615048085562e-02 3.868554175771306974e-02 -8.273775398900529501e-03 -1.900338168660353863e-04 1.614997254986508539e-04 -9.707597448430554943e-03 1.683740216719101842e-03 3.515735597237783401e-03 -1.495985429996683248e-03 -4.551328086992759668e-03 -5.303264546553616843e-03 -2.265741633452990084e-03 2.035160739730597357e-03 2.494316349204986002e-03 5.608712460907388283e-04 -5.831153269005845538e-04 -1.517108734919127592e-03 -5.165368455723053738e-04 1.099330441284764297e-03 -7.262253794038170049e-04 -6.265082933624517483e-04 -2.539461049830288135e-03 -2.592911858133207658e-04 -1.875464540744163069e-03 2.583748726979623604e-04 6.756532725244368456e-04 1.210554228782943298e-03 1.566596311771756810e-03 -2.539241756696098708e-04 5.295468452705506986e-04 -1.752762838333551173e-03 4.663192786883083572e-04 8.526321970274904375e-04 4.948569162774183123e-04 1.103003067140503630e-03 1.072276868074454595e-03 1.218938749922151643e-03 -1.313802055925171377e-03 4.943741646110394602e-05 2.157181278018758500e-04 -1.673684417495658423e-03 -2.433616408279209477e-03 1.343896001759728670e-03 -2.098891966334033490e-03 -1.000139761492746396e-03 1.133241715760875158e-03 1.149112957840108537e-03 1.978899648695312419e-03 -1.184640369850209528e-03 -1.197819629552917533e-03 -5.257051683037978823e-04 3.401396995838318273e-04 2.155705061582264680e-04 -8.889318526587263163e-04 1.531552434536281567e-03 5.348142360937298452e-04 1.560147325603212587e-03 3.702103231075406630e-04 -1.759722592862384642e-04 -2.531672365968434596e-04 1.121951329751841222e-03 -1.029325394881403145e-04 5.332073528957504424e-04 9.548237428087864203e-04 1.050396833606873678e-04 -2.570640293709948844e-04 7.543119200095489262e-04 -1.050557606923611552e-03 -1.266833680436449134e-03 -1.922307768209537756e-04 -8.437924878858864232e-04 1.502195781802159909e-04 -1.315235474875357021e-03 -1.549522430682573652e-04 1.789898718634145300e-04 1.191611635656029955e-03 4.011003780720781391e-04 3.475299783749023606e-05 8.607073791173173441e-04 2.028237114769130894e-04 1.562764588859015058e-03 -6.574223303186915160e-04 1.626286685185366352e-03 -1.484953172055945619e-04 -1.144124225930107141e-03 6.933302169165486651e-04 -1.126383695216666035e-03 1.225648037185760953e-03 5.621926804837776303e-05 -2.846281903458941433e-04 -3.126162732555866049e-04 -6.036163557051569140e-04 8.226373293959937487e-04 2.949168723287011831e-04 -1.088575030528621777e-03 -4.866351970854796284e-04 -1.023226368193375790e-04 -2.212984568661605252e-04 3.040420788198750792e-04
-9.072472005217475932e-02 2.260927292045382484e-03 2.939791738320301703e-02 -5.676830122667492380e-03 -8.220965638121493363e-03 4.002639358325870388e-03 -4.563248588839183793e-03 1.744505634855509886e-03 4.806833574761026906e-03 2.176824073457639657e-03 -5.207296142629777060e-03 -3.309080575627807840e-03 3.541399459171006969e-03 8.156793677264653070e-04 6.639529275562085870e-04 5.477080911155327025e-04 8.273546638624576077e-04 -8.002538602135919913e-04 1.335593380966957678e-04 -6.225355174597088865e-04 1.408681707106744637e-03 -2.082172450679296155e-03 -2.259310794280461332e-03 1.529954407441300786e-03 -1.569688142197158201e-03 -5.264318119458014344e-05 -1.966812856587867009e-04 -1.250501564682793580e-03 2.053350023792188499e-04 -2.962249813058985722e-03 -1.538076352995008586e-05 -9.538995766803016248e-04 -9.133359350429466443e-04 9.020879363123127147e-04 -1.088640155534566440e-03 6.894184311363232755e-04 1.232718139201275124e-03 1.666253525905202334e-03 -1.047900477038879365e-03 -5.751765686631960103e-04 2.981140166245594076e-04 -1.784675587305715452e-04 -1.203152142230113622e-03 1.237299988382858928e-03 -7.076144159566732580e-04 3.953065934668916230e-04 4.928177134596842300e-04 5.360662175867576124e-04 2.344802740966693382e-03 2.746416765417921541e-04 7.212529801125616659e-04 -1.070409497695513738e-03 -4.543040628069919674e-04 -4.958788045766665195e-04 -1.200012688840651704e-03 -2.045540029177286877e-04 -1.386250665721412137e-04 2.027296499185646857e-03 -8.043843052131353661e-04 8.843199098893933779e-04 4.446241329771312770e-04 -3.931996991212109022e-04 -5.106405307420054966e-04 1.023678300073116183e-03 1.991072572731322418e-03 -5.095483847586545034e-06 1.082532024077760384e-03 2.294255406314629168e-04 -4.053222176503171685e-05 -9.738701971432719745e-05 -1.661986262278755959e-04 6.964893895986796037e-04 5.850040602441343050e-05 -8.050257422949419961e-04 1.067526594599837748e-03 -6.516130764010720977e-04 -2.088388578965763782e-04 1.563025710851513182e-04 -5.406478175560060781e-04 1.645105027475825439e-03 3.650954876042455683e-04 1.515318144036432828e-03 8.921352676837219586e-05 9.709971552691559586e-04 1.907245584549236827e-03 -8.688121173369749367e-04 4.276927014265898496e-04 -1.604794360712776154e-03 4.409356739112451463e-05 -9.058256816724981472e-04 -1.143885364882203475e-04 -7.934075039654280796e-04 7.258782620981282536e-04 -1.130255518855410174e-03 9.984383051471490151e-04 1.401125181746943043e-04 -1.022657924621485229e-03 1.299474487669488349e-04 -1.553869117645131307e-03 4.467592608999413500e-05
-6.461584722217324217e-02 -3.202168514668374960e-02 4.156322150331471371e-02 -1.066249210969686875e-02 5.687111069632299828e-03 4.353640055765438908e-03 -1.166875621503135792e-02 -1.334943630647335245e-03 3.666083799611273130e-03 -2.750615619682707149e-03 -7.109934885155200918e-03 -5.635416324411353546e-03 -2.382405723168806288e-03 1.345460178458946117e-03 2.411046918127776519e-03 -3.201548273376863949e-05 1.302687734085581674e-03 -2.374614987865056835e-03 -5.832293799583107953e-04 1.508604497423507093e-03 -2.025515289389176552e-03 -7.659269766572427893e-05 -1.295224255865493491e-03 -1.469953507914142790e-03 -1.294284899302551410e-03 -2.532115842668518986e-04 6.909595917836006346e-04 1.642022879178626745e-03 6.679597199634547183e-04 3.501721696650095207e-04 -2.495806852480257003e-04 -1.853280312331339946e-03 4.090575406792625350e-04 -6.748104034015921856e-05 6.117238347756697022e-04 3.031551111277766791e-04 1.965395957237377027e-03 2.854921044028111950e-04 2.044965309613248222e-04 -8.211903570756216918e-05 1.259532533074944052e-03 -2.145698452137579683e-03 -1.154087761075816990e-03 5.515654303847995852e-04 -9.629916651493350887e-04 -1.243822991940734526e-03 -4.370327214417765033e-04 5.234893541148464158e-04 1.169082618923517362e-03 -1.191864861784069614e-03 -1.529781682480003090e-03 1.444368658316291419e-04 1.587278069569228976e-03 -7.712593490474483845e-05 4.399509447203220867e-04 9.542764387234377831e-04 -1.012530964547524301e-03 7.240105963338231169e-04 -1.438797275998695375e-04 2.173020551640554804e-04 -9.501491332752094851e-05 6.600934199652962056e-04 -1.055177346866126775e-03 -5.051214760680363151e-04 -3.835252884442203435e-04 4.187353609301765829e-04 2.955039598531659364e-04 1.750563218225213626e-04 -1.251642780049895629e-03 -9.745885040849019401e-04 9.609889216038790087e-04 -2.962232218610613959e-04 -2.215539066481383859e-04 2.007413314321141969e-04 -9.056433500115730314e-04 -2.672364474375732804e-04 1.070822043194387006e-03 -6.179845663199180685e-04 1.328007417969058316e-04 3.360504071096720468e-04 -5.290413726148454106e-05 4.714137444374295145e-04 -3.334643244310309270e-04 3.719987352510718977e-04 -1.744485865019437256e-04 -1.757842734828396827e-04 -9.712318006363015587e-05 4.054362696784728705e-04 7.782317379803243076e-04 -2.755497458150991193e-04 -1.115684933263893066e-03 3.464833017733440755e-04 5.070242094068238440e-06 4.403316292981652503e-04 -1.020391758553922416e-03 -5.593810612283006039e-04 1.095722697740042105e-03 -5.649521877481307030e-04 5.557726985121881451e-04 3.179176521205142442e-04
-5.557981135969037451e-02 1.066741211346703723e-02 -1.941460819976682448e-02 -2.548598799467163833e-02 -4.598784677283901563e-03 -1.754690521512403470e-02 1.773759107429556106e-03 4.187823814971369275e-03 6.816742851806376936e-03 -5.101660051657073199e-04 2.065189503598278357e-03 -8.949366257982787958e-04 -1.469450466410288280e-05 6.000447710577845595e-04 -2.931127540412688942e-03 -1.202608681697632780e-03 2.925171721337909390e-03 -1.512077499549135690e-03 1.122568130067531185e-03 5.875378172267878242e-04 -1.584508445092764175e-03 1.914238312998702875e-03 -2.760766791250802727e-04 -2.147573799738184319e-04 4.812982190983892782e-05 1.487265646505848325e-06 -7.975676194034598404e-04 -1.392623867185711645e-03 -2.897333231213944675e-04 1.257802591718144023e-03 6.902738038286179625e-04 6.402742706929712146e-04 2.977937630285833887e-03 1.247510504190128301e-03 -1.123747571237779328e-03 -4.686776445041902230e-04 -5.133492797163672228e-04 -1.006399261492197088e-03 -1.145513207189521746e-03 1.768996149232712127e-04 2.045302929401194767e-04 1.098121266839820719e-03 3.367310940525107326e-04 9.669600257306464530e-04 6.959044442142151455e-05 1.086505684665215208e-04 8.500285599902315272e-05 5.713231408544772703e-04 4.790981041980528141e-04 1.182556070121363413e-04 3.376255370482484633e-04 6.372998000595762316e-04 3.459529754915850893e-04 -5.951338600121815550e-04 3.757776848683826447e-04 -2.363084876258690062e-04 -2.354027228936433089e-04 3.398374986540702442e-04 6.671658528434154089e-04 -8.285753352009182521e-04 -2.018814837457619000e-04 -4.036204957784405873e-04 -7.080752031540678271e-05 -2.511393203465326620e-04 -6.845762680250012000e-05 -3.252020388791901991e-04 -5.155614016913276539e-04 6.994090574728152284e-05 -2.066935042650770227e-04 6.553516970906948270e-04 -2.455920348254203669e-06 -1.369888870298168100e-04 1.768314767797763800e-05 4.202527350024192528e-04 3.921625280441729796e-05 6.256004193848790386e-05 -6.734457113869553931e-05 3.570769134186759907e-04 -3.493775778801858144e-04 -4.900671950014498382e-04 -6.348116657210812249e-04 -1.143643556333153903e-04 4.580878105484752016e-05 -1.509671343805756027e-04 6.875016367476143551e-04 -1.751936714998386722e-04 -8.729339836568509041e-05 3.803123457366722020e-04 -6.774399582167873329e-04 8.579615332660429168e-05 4.567632376527279046e-04 6.603003097872191555e-04 5.109322391918194204e-04 -2.425655026103264926e-04 1.805619683533160526e-04 -7.314039686029030068e-04 1.492671880961172061e-04 -4.408049659237991498e-06 2.594149094846216947e-04 4.115126653923355769e-04
-7.179813080172219031e-02 3.231838873151562236e-03 -1.009758149651476117e-02 -2.473398820059046627e-02 -4.981311836744482281e-03 -1.044555344579844308e-02 -2.410045402708350156e-03 3.715261837765336788e-03 6.558096343009869877e-03 3.337055238722967838e-03 4.362520543137326395e-04 -3.227299250486222355e-04 -5.558906397930982396e-04 -5.611171024669990527e-04 -3.110401553127414148e-03 -1.108933427226359205e-03 1.023317616750975528e-03 -7.701498676187863062e-04 -3.707330598513447896e-04 8.274610601536288614e-04 1.437713761259282576e-03 1.921871011656847705e-03 -2.204281200078346895e-03 5.297626001818516199e-04 -5.091776562482014856e-04 -8.289567685958666894e-04 -1.491600363187932030e-03 -1.459765790856170720e-03 9.602287380515450461e-04 -5.332301005261649634e-04 -7.318909163290053370e-05 9.519499207035589687e-04 8.090001073307412317e-04 2.013116295158279886e-03 -1.035320564068101419e-03 6.208543153813680503e-04 -1.027837342616608239e-03 -1.545487274136767659e-03 -1.832538217052230665e-03 -4.227295826380352548e-04 -1.099666534157146477e-03 1.231569456505106569e-03 3.450576316961347046e-04 6.088909196978256610e-04 -8.550929545349769982e-04 -3.175698538022147144e-04 1.030818238959521410e-03 -2.561909569570109736e-04 4.125858227044639425e-04 1.791303321369536183e-03 4.600732465472584911e-04 -8.524342439966830511e-05 -7.369870278469616443e-04 -4.054767221755801792e-04 2.389057009170516166e-04 2.201592167210252580e-04 2.205284486690152503e-05 5.498021763724581477e-04 1.541016221514285300e-03 -1.388982969869495673e-03 4.620877534136329907e-04 -4.961697451371610383e-04 -7.990159162204290948e-04 -7.386409166217226862e-04 -7.182612521433427580e-05 -9.510428825829374310e-04 -6.695513409829122620e-04 2.805907956817435783e-04 -8.994635170290433079e-05 1.308681673004241002e-03 -4.011016125411594581e-04 -2.975207767225234953e-04 3.753432103639531324e-04 3.401150430057003926e-04 -1.058712202068925594e-04 1.046772264391529787e-04 1.600594270160192716e-04 6.783700517601391148e-04 -1.393506265786368748e-04 -1.132039430515471411e-03 -6.983860100505650398e-04 -4.192746326071244783e-04 -1.684506739182152339e-04 -1.499076614009128383e-04 5.597255498075234684e-04 1.633077304585288283e-04 -2.868641040654991751e-04 8.939832310540410214e-04 -5.416915034450707489e-04 9.042821469610558055e-04 6.587427617251232197e-04 5.580459916550314882e-04 4.189902009678496734e-04 -4.139618894851087401e-04 -3.070822606023739480e-05 -1.092232320795967536e-03 7.344109704872928612e-04 3.180091985422855419e-04 1.940711854590509815e-04 6.829225828091383028e-05
-5.200784461114209972e-02 1.118603530512978297e-02 -2.262680752274370127e-02 -1.984151512459482458e-02 -5.575780579256723116e-03 -1.721667821397469128e-02 4.060613879812640520e-03 2.794145496381970732e-03 4.250587410910883560e-03 -4.062863443501275526e-03 2.067422783660482176e-03 -1.777660059385809772e-03 1.147500576649258591e-03 1.732823560560022534e-03 -1.053868078988441778e-03 -1.028381842551715983e-03 3.403168362337068587e-03 -1.860557491999708865e-03 1.103707961468530004e-03 2.065865376198839449e-04 -2.807941040464991163e-03 1.065825926424741671e-03 1.207272750299176207e-03 -1.279452517528452101e-03 -4.414772052436211590e-04 5.994066629426910049e-04 -6.540401223908908716e-04 -1.009448792244341557e-03 -1.287699027413423099e-03 2.235958261032654389e-03 1.169019728069870976e-03 -2.892463141339778380e-04 3.905988252641019644e-03 5.253962595516454577e-05 -1.082949055919934199e-03 -1.316913907779921613e-03 1.878440776643354384e-04 -5.308616822871915731e-04 -1.756227325791662273e-04 2.685100004442538620e-04 8.959370524460712193e-04 8.296234004724267405e-04 3.407581140035488218e-04 1.849860047466647412e-03 1.108395645265445543e-03 1.581912209269898057e-03 -1.089734243783286498e-03 1.032620999799364978e-03 2.045925464977647076e-04 -1.577986517610903546e-03 -8.818003031504156528e-04 8.260543395495284708e-04 1.700461059030376407e-03 1.048880958313127400e-05 7.297508715179289347e-04 -5.457374066818750482e-04 -8.038725491280226390e-04 6.304234083588933495e-05 -4.105087427811036807e-04 6.301850733093927476e-04 -3.477386092997137071e-04 -2.202940940790848023e-04 8.256560765648745821e-04 1.646121137394632086e-03 6.076194248693615870e-04 1.148525496448166497e-03 3.122785200832014206e-04 -6.393336299826303656e-04 3.512247710501768014e-04 -7.749762220062277746e-04 -3.868853980752435311e-06 7.676645967571456937e-04 5.182698259425371227e-05 -4.032974982212549401e-04 6.977891673226367675e-05 -1.306546719393518019e-04 -7.729969504499959116e-04 -1.875725925128532878e-04 -2.776057227644211710e-04 1.738490515430234822e-03 8.009183260737201809e-04 -1.029808928145858188e-04 2.038399452276061855e-04 2.115924062981537341e-04 -5.895102971528250364e-04 -6.250561327420133179e-05 -2.885188160498648467e-05 -8.916265773793428679e-04 -1.128065090873341277e-04 -1.108912322397061397e-03 -1.226464491986171501e-04 -6.008852101952441354e-04 -7.694389178018588198e-04 2.302568131951856676e-04 8.567113794559888919e-04 6.170382207559775003e-04 -1.198255392926778420e-03 -8.073773546633298106e-04 -2.572516718839771730e-05 -6.032112568351791909e-04
-6.440936650879351688e-02 8.134450450670792018e-03 -1.235231405742157930e-02 -2.074557485702871809e-02 -6.114337065676465205e-03 -1.104719485452000487e-02 5.827373511820721930e-04 4.743899665665897609e-03 5.827201217030507016e-03 1.664048359607814016e-03 2.741866629542784903e-04 3.521215681370639772e-04 9.426566207966246592e-04 -4.256698195021749891e-04 -2.237725365020577003e-03 -1.344734427694295104e-05 1.906984422748235584e-04 -8.327246632133260187e-04 1.465641734114243736e-03 -7.336263364831768514e-04 -2.429598399962512698e-04 2.147447967305790833e-03 -7.434184845533041951e-04 1.169288137197847365e-03 -2.343295851032778929e-04 4.777025738840972951e-04 -1.006518755323673915e-03 -2.854354241804302832e-05 -3.507033702761755043e-04 2.581238359942363494e-05 -9.896832440561155041e-05 1.367527262449960961e-03 1.046004261292100921e-03 6.736368173477524403e-04 -7.117524437660888289e-04 -4.638117726228778345e-05 -8.745113770397011264e-04 5.454239332255842246e-04 -2.660254885822209881e-04 -3.281993599138218832e-04 -1.087678312190506455e-04 1.001803265835856261e-03 -1.190630740905826305e-03 -1.939621277337772473e-04 -7.328618897888747579e-04 -1.408500932541462700e-03 8.462448791788992897e-04 -3.347830451645466459e-04 7.750521406290538989e-04 1.441033920899743598e-03 8.250972719865202250e-04 1.927089636098235114e-04 -4.774336819949108837e-04 8.291987738659528575e-05 -2.015302423342302956e-05 -3.536147900120160709e-04 9.022939935972753948e-04 3.909992654502904394e-04 9.849909836296794844e-04 -9.698634238320627153e-04 -1.318235891654895222e-04 -5.031881628941556371e-04 -8.393332105653178356e-04 -1.216902699153795146e-03 -1.370344288766559395e-03 -1.289970109038439394e-03 -2.286625722913567199e-04 1.630658528523601836e-04 1.471661710747426222e-04 9.403905856935125020e-04 -2.744915405203543577e-04 -6.335437494742051116e-04 -2.094893994732072864e-05 7.543151280390195763e-04 3.773307954703533320e-05 -5.054694754079686630e-06 1.056779982606106602e-03 1.012595353071704446e-04 -1.823270859025664774e-04 -3.229185736741548387e-04 -1.592550076070764790e-03 -4.857830743928170415e-04 3.776552566988209268e-07 -1.123014328574340674e-04 1.028984249018089284e-03 -5.849819311388622378e-04 3.464694734978671824e-05 3.615160695692115969e-04 -6.615792220215771513e-04 1.873679699705768100e-04 1.964496540988186902e-04 1.053192736501754869e-03 1.722187068129376730e-03 -9.431652769966921172e-04 -3.242080271827789059e-04 -1.078948934666702905e-03 4.901434152679923694e-04 6.638770100908915556e-04 5.201343776119904004e-04 -3.674552302147175535e-05
-6.338066461957879427e-02 6.983963828708446633e-03 -2.340690977451066052e-02 -2.322287364043720825e-02 -7.644276808812171947e-03 -7.467364330930346267e-03 1.510767149876439700e-03 2.946906000377290651e-03 4.500410037217484997e-03 2.864735415227867045e-03 1.081861171093532071e-03 2.025747041425742662e-03 5.716456328432785059e-04 1.365107324498316841e-03 -1.138624629112623731e-03 1.027779021567878058e-03 -1.899046350498681570e-05 -1.836722664099470562e-03 -1.699911881180537739e-03 -3.009427116511969192e-03 3.288548178442844889e-04 1.044690496733823156e-03 2.526933855590470304e-03 3.125293208448426396e-03 6.060022554820067688e-04 7.940064386829466178e-04 -3.608068126001540095e-05 3.795308779494745068e-04 1.660542633306731804e-03 -2.399953532826117238e-04 -1.458288383718705161e-04 1.042101598942212588e-03 -1.139596620775747094e-03 -2.362125909258598611e-04 1.366966291203875090e-03 5.546592960706307838e-04 1.437183507573099083e-03 3.446435460160024097e-03 3.662923077850623304e-03 -1.979272188931414152e-03 -1.776190318855000753e-03 5.754464282258166426e-04 -2.492969506107980873e-03 -3.465780690819777587e-03 -7.260518924340042101e-04 -2.280621172238586711e-03 -1.759471818273033832e-03 -1.379880394784181903e-03 -1.057875768102365597e-04 1.066374117125993507e-03 -6.756664288987316398e-04 3.033927425300327247e-04 -1.293125738150544977e-04 2.971322096964513115e-04 6.433464882449914640e-04 -1.311404931571570327e-04 1.495287295277183655e-03 -2.207812941252822072e-04 -5.207195606513960765e-04 -1.151627892407079126e-03 -5.665827258283387749e-04 7.271589001494995277e-04 7.740988148031327076e-04 -1.805374318772628300e-03 -3.630917819760957899e-03 -2.554664709507045890e-03 4.708977749825952563e-04 1.556752057690745849e-03 1.222648979580931352e-03 -5.824342916698121639e-04 -5.003584876776122781e-04 -3.334408407745593551e-04 -2.299983642681868029e-03 1.932420944164190909e-04 1.256149360869914975e-04 2.510840095107771995e-04 2.799063988470523387e-03 -2.472844307029263534e-04 1.283238086480351873e-03 6.623718561087940226e-04 -3.733697912515364283e-04 -1.834191692025999158e-04 8.046887743021314361e-04 4.062309420379777271e-04 1.599772509700804143e-04 -1.534839262121581250e-03 6.446948504985705955e-05 -1.690451205446398542e-03 2.786816185527208733e-03 -2.597179690070283275e-03 -9.959047171791571371e-04 9.341184035347972151e-04 1.809514499666872679e-03 -3.981625153187598053e-04 -1.463011641450147511e-03 -3.870221084068156987e-06 -6.007270118066808601e-04 2.024412608012323984e-04 2.799628127233923561e-04 1.311949773208109815e-04
-8.082729592812133712e-02 -1.532482957771207945e-02 -1.355252599609079248e-02 -9.169849772348319730e-03 -1.183498357160947707e-02 -1.335617117874403044e-03 -4.904627390993118036e-03 1.495869114240769770e-03 -1.427434350877823495e-05 4.145843680345981993e-04 3.669459398895829911e-03 -4.736529616977946120e-04 4.825802774803438552e-04 1.249758336286000034e-03 1.536886313823364108e-03 4.894165852181249412e-04 -2.058066072259487507e-04 3.054509539727435444e-03 8.005816013113898656e-04 -3.049772770404156775e-04 -9.757294889259400398e-04 -2.396159916378365036e-04 -1.729644552595937992e-03 9.594645686315488985e-04 -3.000959043646327529e-03 7.043551871828993222e-04 -1.151502274784643818e-03 1.145834149243145925e-03 -6.916658967725669571e-04 1.628613612008118555e-03 6.078638830141953366e-04 3.539813770552363396e-03 1.919319569202757958e-04 -6.466078093428879537e-04 2.837051107882820129e-04 -3.478417397348848843e-04 -2.326420357217678231e-03 -1.251319525872106797e-03 -1.681166318215910000e-03 1.634023429900978387e-03 -3.257577535726362359e-04 5.702361079203782613e-04 -3.932591984958068107e-05 -9.253868933040050062e-05 -6.632615577545599361e-04 -1.149048536447768511e-04 8.026494462984408093e-04 -1.319231463707781294e-03 6.428144707038135073e-04 1.524209732449385108e-03 -1.313121859553107286e-03 8.161612837307566978e-04 2.929451913297920923e-04 2.245489544029922492e-03 7.020452820024722547e-04 7.300515073992643760e-05 -4.359122572023506684e-04 -3.119646534446009699e-04 5.017138657297721439e-04 -5.234315047916815146e-05 -8.729562011115574020e-05 -1.260774784426696004e-03 -2.766039725644540417e-04 1.513582315523093842e-03 -8.151243805150824124e-04 6.281621620676152221e-04 9.395234295271376497e-05 -1.629332255292360269e-04 2.253040368213747251e-06 -6.381376596037867301e-04 -3.796315029018964074e-04 7.670842910269910428e-04 -1.483262157405391241e-04 -7.936837863701050972e-04 -6.272629357574174749e-04 -6.478591946658513422e-04 3.027504910401527800e-04 -8.782598629094591058e-04 2.410582922387653271e-04 1.100448364949578551e-03 3.033731587380102145e-04 -3.802767983733955273e-04 8.955991423542072677e-05 3.536133266822231200e-04 -5.403647678160550857e-04 3.328372225278865781e-04 -1.539040224505883539e-04 -1.116730247660166269e-03 4.905200552970124655e-05 2.412638422741088815e-04 -9.751634766037010861e-04 -8.998902352706700030e-04 -2.013248618407274858e-04 -5.278243413340777358e-04 -6.132046759286212401e-04 3.483243842150699778e-04 -3.597877066942334898e-04 -6.760574330531991848e-04 2.375097033729537451e-04 -1.215194161736364705e-03
-2.597657672663366418e-02 -2.975943496882831746e-03 -2.022066054575281588e-02 -9.138973946744215898e-03 5.744901784832874211e-03 3.611529292308037192e-03 6.663769521700196874e-03 1.074743750404659167e-03 4.876175038891171487e-03 2.320349482952570059e-03 -1.780111126794793651e-03 -1.387546255453980153e-03 -7.391743025398710793e-04 -1.863339284121861119e-03 -2.145370980049131435e-03 5.162077762954491410e-03 -4.917338582375144901e-03 -5.105291467354664599e-04 -8.259060779025411379e-04 1.808516617791537412e-04 -4.966206415104844080e-04 -1.892446181983422683e-04 3.770679205536508691e-03 2.125827161947580618e-03 2.634135992122409956e-03 -2.002605017529736527e-03 2.895224310155657295e-03 1.460712083387725405e-03 2.725878535612868015e-03 -3.404393836272133814e-04 1.125439775352644932e-03 -5.409485368780609683e-04 -7.198783025759251117e-04 3.930801487212592769e-05 2.223471570453906202e-03 3.258355368140268375e-04 7.368270136681145032e-04 -9.254425873108018327e-04 -4.905515305595958093e-04 2.966155960477020667e-03 1.367488941100761810e-03 -2.720209154724795493e-04 -1.681420736479760951e-03 2.001150490487728058e-04 -7.054325973574020463e-05 -1.800366405907169822e-04 9.818468667181759393e-04 -2.987912879481931954e-04 -4.289286191245929259e-04 5.331615960576387798e-04 2.805722083662904047e-04 -1.273827370261170790e-04 2.317573422078360399e-04 2.248921969872860760e-04 -1.519350033402846719e-03 1.073579190351793859e-03 -1.389914921621716783e-03 -5.886980991765554437e-04 3.212744881345022479e-04 4.608560358561367381e-04 1.423294588087603649e-04 9.657095066174755434e-04 -6.121569739031107026e-05 1.082086141651410769e-03 1.760908436431785670e-04 -1.713453232072744954e-04 4.444245477549339253e-04 -1.104677388864398101e-04 -7.281284202200026534e-04 4.969152416140078894e-04 -1.103098456395157616e-03 2.074942452339116009e-03 -6.587654734766938995e-04 2.642611903083835366e-04 -6.231616004131913930e-04 5.160213609281985407e-04 -6.470255045442781759e-04 1.459124085682351633e-03 -4.650924547554052737e-04 2.437477911070060988e-04 -1.199637725166849671e-03 -4.153746665585813179e-04 1.202235274830051144e-03 -2.658046020154053728e-04 1.724334136853397648e-03 -1.242399931256030232e-04 5.994335255766531132e-05 1.374063821708637351e-03 -7.647600770158722661e-04 1.222194518035891325e-03 1.653539486665601141e-03 -4.314392726864722935e-04 3.306959343387344107e-04 -9.725916955785459869e-05 -6.833930310549209174e-05 3.168955714210039735e-04 -1.298889872020052695e-04 -1.654899251493241203e-04 5.714807842198074434e-04 -5.321590561375041760e-05
1.910069113254963050e-02 -1.659901109154290899e-02 -7.600138079076444383e-03 -8.347973324055889613e-03 1.150192539752990274e-02 4.333747785463589776e-03 8.295505947618766335e-03 -1.180523206963446110e-03 7.930388990485578993e-03 4.344446732317952878e-03 1.732657382200418093e-03 -1.702513081219753695e-03 -3.960290171981030102e-03 -2.024644917879283787e-03 -2.862608812002292655e-03 7.574408872042340604e-03 -4.642320604858909613e-03 2.741121383302057095e-05 -1.278021126681854521e-03 -7.689048973631199511e-04 -2.384208472975748051e-03 -5.815603520848960234e-04 4.273005770224038921e-03 9.534582886073922348e-04 1.871751032038778588e-03 -2.960933858151547447e-03 4.652219363796171112e-03 3.603959677324498467e-03 3.193068902504137691e-03 -8.117644621994253009e-04 2.511726842705981535e-03 -1.691779301406653134e-03 -2.763630655352968717e-04 1.137778546532149495e-03 2.233288612848602969e-03 2.065952161646063094e-03 8.968913717394706156e-04 -1.601096080505279079e-03 -2.270929627323647112e-03 3.612165416009524652e-03 1.773290895684141071e-03 5.196331582120901176e-03 -1.390576696938482324e-03 4.253355397018545106e-03 -3.685803998174042528e-04 2.163509033806614718e-03 -1.102050511918319618e-03 -2.416807411408787066e-04 2.677778289890725156e-03 2.934328037390980005e-03 -1.471785287618466130e-03 2.088185329366898987e-03 -3.665278259280716801e-03 -8.144715708796408573e-04 -1.204249958737804325e-03 -7.994048200880586380e-04 -8.365242944663548938e-04 -2.706676974628925182e-03 -1.910209432528164495e-03 2.299205940145506496e-03 1.175599300830544331e-03 -1.020299983191346816e-03 1.657905928652920287e-03 -1.738251745935984324e-03 -2.555033289942888123e-04 -6.263187476012900133e-05 1.111210524726903700e-03 -2.857698328915632348e-04 7.447123386875765952e-04 6.657111230016727948e-04 1.483578341570394301e-03 -1.112799128791963459e-03 7.214842511314480946e-04 1.118613185983410386e-03 6.452869962426424329e-04 -7.257219491120101484e-04 7.403202283920479361e-04 -1.303575520611670703e-03 2.577075637897324739e-05 -1.030688186380236205e-03 -4.027266110084006738e-04 9.677945687201968154e-04 -6.708610221903845393e-04 2.323247933711260996e-04 -9.160856162751572843e-04 9.769946978243210234e-04 2.951670882029847260e-04 -9.221031547213959234e-04 7.377154723652205133e-04 -9.756764757801345564e-04 -1.281320615091487581e-03 -1.022430210514431795e-03 -3.920926895730386707e-05 3.080743317845352079e-04 -1.670032920546959588e-05 5.158451980428471143e-04 -3.142125185143430813e-04 1.443257105622832456e-04 -5.562938793397050226e-04 -4.888282144467044968e-04
-5.041436289461277698e-02 -1.299706076487097163e-02 -2.531649965814788614e-02 2.874471463419238284e-03 -3.591146412834268428e-03 1.533909201874162145e-02 6.122419135508437409e-03 4.398245731551901475e-04 2.833833591146722296e-03 2.949709320945808136e-03 -2.412705732561758990e-04 1.562982437187374063e-03 -1.077875616493922375e-03 -1.549361406598891459e-03 7.532651905725299031e-04 3.977165581775287187e-03 -2.722685108744515858e-03 -1.327980350383027369e-03 -2.926340366262069812e-05 -5.840162810762696000e-04 -1.634674650778146455e-03 6.848888922798356633e-04 2.637939604687355478e-03 -1.327743433567543348e-03 2.135919286316782361e-03 -2.381826354071811015e-03 2.148197276374754373e-03 6.935043518896492074e-04 1.676112971343091682e-03 -1.554390737179347408e-03 7.918840222628901766e-04 1.395166020648201727e-05 1.959588254487834406e-03 -2.424078091633233203e-03 1.311942797164427537e-03 6.335533224482454290e-04 -9.844634336117588950e-05 -3.458001806778592869e-04 -4.467436056056228212e-04 1.907699888220602867e-04 2.413537259674396714e-05 -1.389455619949631938e-03 5.194858771983857379e-04 1.165400151451471186e-03 -7.971981520859914173e-04 1.931717619158012300e-03 7.461724748887858718e-05 8.723023217192802693e-04 1.172010514159811754e-03 5.868819913874633682e-04 -1.752300646091211006e-04 -4.763108784903935739e-04 2.470967139900072558e-03 8.620063522844477206e-04 3.045013591260316917e-04 7.848958711819174847e-04 -2.050524780905265982e-03 1.774425320371484380e-03 2.579851647162101445e-04 -8.101808047920404897e-04 -3.708728873396254519e-04 -1.606470485133888390e-03 -6.336800862562068934e-04 2.976252588339520851e-04 1.465881533161529941e-03 3.672355491645441783e-04 2.558822266636434691e-05 -3.504557404618712391e-04 1.019510601509888287e-03 7.531433340150116762e-04 -4.881556653652603293e-04 -1.098921692424705346e-03 2.871161603008330122e-04 6.577406724736591971e-04 1.356509718523992575e-03 -1.176607200119966041e-03 -2.026509771897973071e-04 7.897870806178210320e-04 5.750367943665129046e-04 1.840039304902607630e-04 6.774677636066981203e-04 -1.290463896121457144e-03 6.825836587878104976e-04 -9.665062695578654009e-05 1.102000588376856818e-04 -1.599674747119204758e-03 -4.638295571374682338e-04 4.133241004734656632e-04 -2.627685494447889580e-04 2.118938951951846892e-04 -1.220025464014749437e-04 1.192229969367922682e-03 1.549755838386558194e-03 -4.665945659568125278e-04 2.807371693457777766e-04 -2.879631800344834903e-04 1.240423991632900189e-03 6.642309247264352109e-04 8.978742676694411937e-04 5.492582202482690096e-04
-7.806097751845618438e-02 -1.161424969411703999e-02 -2.196806991285344193e-02 -3.174366026965873950e-04 -1.083862995482375198e-02 1.374411378249246890e-02 3.075753262489233988e-03 5.316487670107864980e-04 6.357545076376227861e-04 4.945987090136503943e-03 2.097766770842493609e-03 2.781884722223776103e-03 2.801669151322239474e-04 1.722003296685798920e-03 1.108918303402604008e-03 3.617230422689767660e-03 -1.662389887484071703e-03 3.262125115066669785e-04 -4.665261106837140779e-04 -1.286188532408064208e-03 -9.091889213980231020e-04 1.941286289041537850e-03 1.445779904693159047e-03 -1.848515209474853815e-04 5.276323675519067630e-04 -1.534175529303109841e-03 1.105571147785981440e-03 7.311709982058029085e-04 1.422884616437007903e-03 -1.550236321236235504e-03 1.374931186831810249e-03 1.136730983858105738e-03 8.351129728485035203e-04 -2.470008945756833624e-03 6.417514212352646349e-04 5.820811675155480088e-04 -1.027719920098857419e-03 3.513573459050150301e-04 5.795561323411386502e-04 -7.608470005102770843e-04 -8.744012855943877308e-05 -2.818401707938198841e-03 9.132201847435377027e-04 -1.222294782614517480e-04 -8.382227271636669662e-04 1.007264566562806338e-03 3.697790735476012619e-04 7.212288366065253489e-04 5.416522429231891570e-04 -3.887125937464156280e-04 -6.569848628949558978e-04 8.839709542555481510e-04 2.802604221324795503e-03 1.012862266047795780e-03 3.795874356143349375e-04 1.186360562943483135e-04 -1.826578723373026986e-03 1.151805306345382758e-03 7.591114172130970002e-04 -9.013098587105634711e-04 -5.343744770786140307e-04 -1.765750748943266087e-03 -3.042823832728942823e-04 8.972231511067327563e-04 1.471848253515531911e-03 -8.227918490447511622e-05 -5.167154385371288674e-04 9.252054256531207037e-05 5.950991459364405331e-04 6.541417990559600815e-04 6.241185625523493251e-04 -8.398138913142817307e-04 7.769007264244205809e-04 -1.912596871465123177e-04 1.194765455423693742e-03 -2.254748845573759878e-03 -2.664205005087941463e-04 1.744032380250717972e-04 -2.795187816948643041e-04 3.536051067729312355e-05 1.473335557033217174e-03 -1.154643337375478368e-03 -9.283590327611067816e-04 4.432951193881214764e-04 -2.516709225995920006e-04 -1.724527345779855111e-04 -8.389776232362384156e-04 -1.195577545547502052e-04 -8.533482222680171181e-04 -6.194935279585122082e-05 -1.380772867126471700e-03 1.112673261130060721e-03 2.179731390740003848e-04 1.555892718963447713e-04 3.407204153343291347e-04 -7.976455843726729025e-04 3.880069339442771513e-04 5.416890662673075427e-04 -7.958675571948246917e-04 9.152058454439849925e-04
1.284186031007981121e-01 3.145382651241524635e-02 -8.819029650014168289e-03 5.817113707973830226e-03 -2.789957527871714249e-03 8.703835418191223014e-03 -4.661804336749950269e-03 -1.062736237087313733e-02 1.546764568166383164e-02 -3.254006726124748696e-03 -1.683019437888174296e-03 1.786156984402282677e-03 -3.768164527988861461e-03 -7.430156955194052804e-04 3.818700291302377578e-03 -3.025923856367544393e-03 1.284533024761305123e-04 5.385842104938754794e-03 2.115022930007240745e-03 2.627861482210040126e-03 8.074568252562330491e-04 1.721806405584466390e-03 -1.376096912864067153e-03 2.374262883635167129e-04 -1.033324194547411562e-03 2.033766219903893058e-03 8.489499229488721606e-04 -2.910963714302395797e-03 9.849594784375062875e-04 -2.264002306807095122e-03 -7.997765444345370390e-05 3.671677788679006253e-04 2.869900927061637408e-03 -1.583682891050316099e-03 6.577260751519084297e-04 1.420360749351157149e-03 -4.633462917357628313e-04 -5.424641506954570782e-04 1.556708200236192174e-03 2.160482456876666301e-03 5.622945100162210627e-04 7.798479295394828911e-04 -1.969238653348458559e-03 -1.045389319146988868e-03 -2.152441550572773354e-04 -1.889881913891444665e-03 -4.883176832253353911e-05 3.947992446388657911e-04 -1.752154823317307684e-03 -7.654448305446337171e-04 1.831038035619581613e-03 1.012224273920378070e-03 -6.412269563352153944e-04 -1.641383549573673193e-03 8.340971623156192855e-04 -2.453924855943703624e-03 -9.797052809126919649e-04 2.371349568719930957e-05 1.347729732028834669e-03 -5.996877077751960970e-04 1.411016073415809853e-03 4.890583569274408425e-04 -7.035231260154024922e-04 9.406839813579418418e-04 1.489603798201097817e-03 -9.407260459224171871e-06 1.081129810926030030e-04 -5.497407925268543152e-04 1.182688032539000456e-03 1.105855708925860712e-03 1.013641986468178866e-03 -1.350989611081273288e-04 8.683391398169264643e-04 1.464637665562297303e-03 -1.527181267631881351e-03 -2.526651982099228206e-04 6.323629387765490389e-04 6.299904018439900265e-04 -5.302599149003716554e-04 1.271542120186187625e-04 4.557028914676711619e-04 1.658905767612571611e-04 1.805998878726679810e-03 1.727053791469822285e-03 5.476297418524175473e-05 -8.567236904225393338e-04 -4.186568961683968131e-04 -8.325217509238026520e-04 1.019881250472159495e-04 7.034088368502380438e-05 -9.905567271742546972e-04 -1.916218535035138775e-04 2.617194810391307216e-04 -1.235616171926275499e-04 -6.426227031344098825e-04 2.681517712096302838e-04 1.425003824980400715e-04 -6.947035595263814645e-04 -1.623556236096923002e-04 -5.266169902631359645e-04
1.175508958807006538e-01 -9.267660023310043613e-03 -1.278797057097546229e-02 1.049935071325572983e-02 -6.755199675540036162e-03 2.476866266326603876e-03 8.764561249234826060e-03 -7.828461143873267566e-03 1.305112455268037271e-02 3.498991791991315752e-03 -4.509037735622055051e-03 -3.496891814052220833e-03 -4.535658592284203157e-03 -4.349768123327338309e-03 2.938172413285157578e-03 5.116772461891884883e-04 2.042081244869442709e-03 3.772104237539769512e-04 -2.157110662859527961e-03 3.573583118247958702e-03 1.094849086557165467e-03 -6.676560752483735916e-04 -2.456095733518795336e-03 -5.522608931331870379e-04 -1.260884721590826139e-04 4.115596846654874259e-04 -1.573096502398796783e-03 -1.083444288510917661e-03 -1.358395714349468772e-03 -2.738919276287053056e-04 1.077725561999104019e-03 1.921692860338087032e-03 1.188370911665207526e-03 -2.061436843908042663e-03 1.746922416951111369e-03 7.993677626753941312e-04 -5.298817350625194831e-04 7.963280398656464925e-04 1.083205735485741599e-03 7.904993510522768832e-05 -6.995890951741418149e-04 6.730095421682607193e-04 7.082778913812212175e-04 4.509737106013671031e-04 1.351286562315427773e-04 6.635303338670789060e-04 -7.571476823762256269e-04 -8.104253051098544080e-04 1.025395973805912552e-03 -2.708096630357192123e-04 -1.431056848138341725e-04 -3.912369234902300262e-04 -1.086040794693563671e-04 -8.249810581953146912e-04 1.322680147413066035e-03 9.071849179238686495e-04 2.564011070736641525e-03 -6.090266532070489226e-04 -3.262530401826008262e-04 1.641741562996740320e-03 -8.941840322398654159e-04 -8.820186940240140779e-04 -4.830456168423663370e-04 -6.930443527637277076e-04 -2.766270282454768269e-03 2.239168563892616993e-04 -8.375595798004296542e-04 2.643792569647716970e-04 -2.207669185069520358e-04 -1.575365154200587857e-03 1.042508379985069818e-03 2.132741094418730710e-03 -9.621444304034401651e-04 -1.393957031732088016e-03 7.751984439257533896e-05 6.258687550886970997e-04 -1.412852579835567829e-03 -1.982444253711871751e-04 -1.083659209641793346e-03 -5.209036241665804777e-04 -1.451982122438274462e-03 5.500803804887851103e-04 -2.538462266353564215e-03 1.092303522825636714e-04 9.996066799562806221e-04 6.076363948348032472e-04 -6.436250519177657593e-04 7.741308415871841000e-04 -3.345854888139623254e-04 3.614169610464365882e-04 3.524835712581978701e-04 3.303079635812778201e-06 2.537069425050020224e-04 8.227074694041465160e-04 1.049166733889509958e-03 -6.070092486220074642e-04 -6.512906236725204273e-04 8.341771379745741141e-04 -7.219946841708924654e-04 2.415491298419732581e-03
6.902046819420065704e-02 -5.605636540844134014e-02 5.522864091879041860e-04 5.196140651026527092e-03 -1.202350241006259687e-03 -1.013025110832852654e-02 8.531150201197799238e-03 -4.875781295695683255e-03 4.100247124374028010e-03 2.172556595327915837e-03 1.346995683005909128e-03 1.559334453992032880e-03 -2.097943646675217832e-03 -1.907693800985636344e-03 2.597007029588709222e-03 2.161109033723446378e-03 1.137715010328938089e-03 -2.006327426853272370e-03 1.739350007370484236e-04 -4.587904813139530931e-04 5.188311527477681897e-04 1.380297592237218198e-03 -7.067560021818513867e-04 5.665842149310203234e-04 2.541931509054022771e-03 -1.593294710321383834e-03 -3.201914420928604729e-04 -5.782135125017428146e-04 -1.724476466535270879e-03 -2.164658284508171222e-03 -1.341408283826414508e-03 2.683765513554728106e-03 -3.373437293591657459e-03 -3.665231210093888707e-04 -1.410536824656860155e-03 -7.162621788016569190e-04 -7.408004824132947584e-04 -3.389460655279592153e-04 -1.670802733994260648e-03 -1.498121718647681773e-03 8.567060593843851520e-05 6.838365281786968003e-04 4.547632945558060798e-04 -1.053114034777163070e-04 1.102199225705036579e-04 -7.446402802635239491e-04 -4.365699989334091902e-05 -4.020490586456356829e-04 2.005886642361026694e-04 1.681188437517261262e-04 -1.259291794488656560e-03 4.567936625694420084e-04 -2.045498119459991193e-04 -3.203637836876807501e-03 8.518077136931915660e-04 1.065930778537550272e-03 6.121181803177696504e-04 9.197468429593001673e-04 -6.390664904184929079e-04 9.748751260521285262e-04 -2.090982171885732988e-03 7.247257680765392847e-04 1.553602815342520344e-03 6.425416518410427850e-04 -9.357036360469548741e-04 -4.676308633902273614e-05 -1.161656716000585270e-03 -5.329075402210772892e-04 -4.234061580223679551e-04 -1.506701989798543738e-03 2.386385424118842025e-03 1.115290895221391710e-03 1.228227681939970343e-03 -2.999354729568198472e-04 -2.999388755682142046e-04 -4.153291308402522414e-04 -6.628465461525324086e-04 -1.264170424529494248e-03 -1.061929174432226126e-03 1.299112587042720477e-03 3.596117162263606326e-04 3.698876168579549113e-04 1.470276129882842724e-03 1.021695506662488422e-03 4.637751468001274848e-04 -9.356097051211823695e-04 1.422657892136363613e-03 4.851426993010978070e-04 9.584143065883399910e-04 2.369123677044379216e-03 -1.524988777817198144e-03 -1.468708905067971733e-03 2.837667906692503076e-03 5.899427042666887874e-04 3.598949697100449897e-04 -1.885788760385563980e-03 -7.959252726158010886e-04 -3.724000004965849226e-04 -7.491795655263958856e-05 1.419254018341007100e-03
1.186875201313734862e-01 2.005280620086397417e-02 -9.058464890199813616e-03 2.584155651579806909e-03 -3.332292940774718264e-03 6.804952451559410920e-03 1.940410392941368080e-03 -9.133812810489907660e-03 1.351703585547086098e-02 -1.909093462711146686e-03 -3.659636461131743866e-03 -6.286748462130512015e-04 -4.163805416116371852e-03 -1.674360823545540744e-03 3.430612834799303019e-03 -3.167599670358347067e-03 -5.524274221983158876e-04 6.071655919975078343e-03 1.953096613177061945e-03 2.719907589223137870e-03 9.890729891108293939e-04 7.730195086065506536e-04 -8.586810227687799446e-04 8.689697554272807689e-04 -8.214314079372772364e-04 1.520925783524464505e-03 8.845938153529756529e-05 -3.459665711170017630e-03 3.043755488784428173e-04 4.935978427548912199e-05 5.549408620660238947e-04 6.337968309034382316e-04 2.832030941702496502e-03 -1.476541413387862838e-03 1.458441798931322782e-03 1.642488516067316809e-03 -2.778706027962016202e-04 2.196797638304307041e-04 1.669802926360599953e-03 1.242768894682051966e-03 -4.069378748782600445e-05 1.192801907452785068e-03 -2.324738645565844076e-03 -6.609760069145926729e-04 -1.720403439709932000e-03 -7.783736656185349630e-04 4.892810663470734990e-04 -5.900466518025293712e-04 -8.672498352990021166e-04 -1.435486816457151376e-03 6.297328847369309960e-04 5.550755625929216109e-04 -2.364237148835318571e-03 -2.944556452210081313e-04 8.605562814630069324e-04 -1.527961774438288444e-03 -1.513348263330390559e-03 8.530621522292571664e-05 1.086115315839639346e-04 -8.798246002810202826e-04 -5.273076176554490017e-04 2.294583243578436713e-03 1.019875890734224175e-03 1.629320495365577407e-03 1.215704719416307736e-03 -6.863570879930447777e-04 1.833555753619054915e-03 -1.340967953610385953e-03 -6.224312322503937258e-04 1.587219965839598143e-03 5.333603545573634792e-04 -1.256772632281356796e-03 5.917600042109682568e-04 1.230917608122748764e-03 -1.081167975942592648e-03 -4.624695223126055132e-04 5.748671054597628404e-04 -1.260519839540652368e-03 6.491861682331001408e-04 5.732127778877801232e-05 1.122094083720252215e-03 -5.748272690892064062e-04 1.325338984100761074e-03 -1.189565409356169688e-04 1.390969555009224001e-04 -2.027170257329582352e-04 -1.656863317319257956e-04 -6.420675370711689681e-04 8.055432511188804188e-05 1.838436383467367114e-04 4.480428055815641338e-04 -5.828520067486852923e-04 -1.298929476344358968e-04 2.809140492406478557e-04 2.796209829177915477e-04 -6.540847280109548861e-04 3.749963401987587433e-05 1.118101442805007973e-03 4.591922259325605061e-04 5.690859504586733442e-04
1.479520692787870129e-01 4.905244210847738845e-02 -2.974762289269477882e-03 -8.038613606353975718e-03 -3.764975657882000011e-03 9.235996072642629548e-03 -9.569799414629199391e-03 -9.648535614664671342e-03 1.015096998109011814e-02 -5.643313714074004415e-03 2.620378146431671072e-03 2.211479203834357948e-03 -7.129837749138968721e-04 9.198001944169725613e-04 3.213946112103698797e-03 -3.277039274624422415e-03 -3.255435070248485947e-03 3.382091173840914150e-03 3.932855078187694024e-03 -9.018981474495599846e-04 -2.455569132758631022e-04 3.694632002862646095e-03 1.763736473986702007e-03 1.206758883766230169e-03 1.187042041159443824e-04 4.193925459418578958e-04 2.946197491131690230e-03 -3.059092804451580237e-03 -7.984162341886815025e-04 -2.927521858548392820e-05 -2.177411111886387064e-03 4.067152148181748974e-04 -7.056303345824044846e-04 1.185916919550873781e-03 -1.411919086026494066e-03 1.452204172338823404e-04 7.639032503692714518e-04 -9.642040368665783390e-04 5.760768579386112316e-04 -6.214191533535481839e-04 2.243370088613620467e-04 1.242509559681681899e-04 -4.757416313685983644e-04 1.285709905249961477e-03 -2.410752284935005062e-04 2.984270651403218822e-04 1.476318092741259668e-03 -1.289233680058101935e-03 -1.587565396476172785e-04 1.015901945416639279e-04 -4.027651999833829050e-04 -8.110865724905366725e-04 -7.526399513991446216e-04 8.577958398379645355e-04 -9.114576694315517074e-04 1.080876586044910879e-03 -1.730849352471949430e-03 1.366936205137005925e-03 -2.155874327446184648e-03 -7.767257633505203008e-04 -7.115178734765265122e-04 1.713017084115537941e-03 1.553907632600600580e-03 1.262334068805108685e-03 -1.330239656841521049e-03 -5.359834318416301308e-04 1.105333892766655751e-03 -1.155931559901962483e-03 -2.396354789770646729e-03 2.203022073979693963e-04 -8.983471989931135146e-04 -2.093304538170970286e-03 -1.043045158011996106e-03 -7.978561754138722290e-04 1.319922788001319644e-03 -5.063541862515018354e-04 3.565493791664596816e-04 -2.175486886323999784e-03 8.625720673346857137e-04 -1.977353383744418186e-04 1.223727193939088071e-03 -6.809387690290502572e-04 5.398086350540846423e-04 -1.657879905624392658e-03 2.674941142442044395e-04 1.255667541108363002e-03 -3.787096580497069788e-04 5.665987768340822756e-04 -1.473213031459311628e-04 1.358667317107094686e-04 2.474243861702077308e-04 4.217089019197002423e-04 3.449953665049689108e-04 1.398997714049020292e-04 5.305682212115132249e-04 -1.089917090990960135e-03 -7.215022865709613559e-04 8.408005343615924639e-04 -2.170568463313118256e-05 1.438515574797708853e-04
1.050627258290795785e-01 2.917334461059439832e-02 -1.323568504886471486e-02 8.947954549903602839e-03 6.273594984306031172e-03 -4.064552289161842830e-03 -1.144691658386761367e-02 -6.342151451594513385e-03 3.909004163401966214e-03 6.456878829246434854e-04 3.176674482448299617e-03 -9.701936162931553212e-03 3.117079750874275548e-03 -2.759202652981596407e-03 -3.918102974967187409e-03 4.723550769667071367e-03 -8.742372170160726862e-04 3.124704486311671338e-03 -9.986692996821809262e-03 -1.562217802545836330e-02 -3.262076613592349711e-03 2.186465370536092110e-03 -6.343481141537880147e-03 -2.241217705600664911e-03 2.893206663978113106e-03 -1.379899094351526730e-05 5.768666660787440158e-04 4.386808039381336153e-04 -7.704689043868359274e-03 1.211811847386677540e-04 -3.414787956705830733e-03 -9.851871557226049483e-04 2.128235232616766150e-03 1.089165744060584425e-03 5.172632659687230764e-04 1.327761528492423871e-03 -1.330923414637044016e-03 -4.030326643258835286e-04 1.925894133844463767e-03 1.780983239634891663e-03 -1.938686852828598768e-03 -2.797863712053966830e-03 -1.304112870548083990e-03 3.302861114121972324e-04 -1.883468956170828833e-03 2.296031486747837375e-03 -1.414738341188702744e-03 1.380225103794475300e-03 -4.504970476939601704e-04 6.688037730030544021e-04 2.949976395588524598e-03 7.249959133597797152e-04 -6.428814363624277316e-04 5.038277927583419222e-04 2.960267045414073260e-04 2.192436295481070465e-03 -3.519668985779894664e-04 -1.979714037763306844e-03 8.815436946676116683e-04 -9.187494393717195174e-04 2.238659874556725806e-04 2.057285816495048119e-04 5.733073318654766191e-04 -6.900394189885426842e-04 6.366298363361843271e-04 -7.541482131045088152e-04 9.050033891186151863e-04 -9.331580607632225099e-05 -1.672370522496075657e-04 -1.076832713584129943e-03 7.773927032592869730e-04 1.059207137731226948e-04 1.391883356414231796e-04 2.452338085884951256e-04 -1.964822164556988173e-04 -4.178562751092472645e-04 -2.403332873387601981e-04 1.993909764446925989e-04 -8.711470615476718657e-04 2.126257169412098548e-04 3.795808522037139770e-04 7.037213655804589515e-04 4.854036030069219841e-04 1.399301811840619183e-04 7.054919171342153726e-05 -8.570002843656681800e-04 -3.814581253552465205e-04 7.859382997755759946e-05 -3.151016686588789485e-04 1.314168651384145785e-04 -2.087257013670046942e-04 1.365306240249995736e-05 1.521663029150823333e-04 3.729413207553608630e-04 -1.549075214962438011e-06 3.424819663866979897e-05 7.900628724658838125e-05 -2.635857712557065349e-04 1.042288595809496649e-04 -2.281084960131046996e-04
1.320136551063622321e-01 -3.893519137290588766e-02 2.039895273204228587e-02 -5.253824945870610823e-03 -5.176850673500437913e-03 -1.167767374990233246e-02 7.107177597858218773e-03 -1.045401487385105637e-03 -7.030727175194940656e-03 5.558932539533585279e-03 -1.153630666263956439e-03 4.548489306302045537e-03 2.912630212911267863e-03 -7.210838832276092892e-04 4.535030445765352372e-03 3.390323304218931938e-03 1.355796975950679254e-03 9.596908727742034084e-04 -2.054771038928569348e-04 -1.353649093205502299e-03 2.141690421356878121e-03 7.746710277091633026e-04 -3.088683353767593615e-04 3.954454831677727651e-05 -1.936782347763315280e-03 -2.550743380940478119e-04 1.329102996734873214e-03 -3.699745618000356562e-04 -7.094249998550987294e-04 -9.221283647145621853e-04 -2.075440116584395794e-03 8.368881266624742790e-04 5.631534210212683520e-04 7.171644339394783784e-04 -1.350084824721331685e-03 9.926335686206203782e-05 -8.671045091535258161e-04 -1.736193336519739345e-04 -1.382275161719886914e-03 -6.622815143393943416e-05 2.092517173977031034e-03 -7.711413826752274792e-04 -5.942102741615120330e-04 8.574666737057892686e-05 -2.749599222036419339e-03 -7.918183528772085875e-04 -2.193409607543922728e-04 8.129546699917235145e-04 -3.329372261718687234e-04 -9.932385375677856617e-04 4.605250885316618595e-04 4.557869282325096173e-05 -5.577684719149066106e-04 -2.119680280398345256e-03 1.091068535137662424e-03 2.344718722233558091e-03 -4.135224062968122748e-03 1.954490194914111352e-04 -1.526748557118639930e-04 1.038042861348609279e-03 -3.344092174980374055e-04 3.639463102660139187e-04 7.681389697167645934e-04 1.345324143607026020e-04 1.190972433917786896e-03 1.344522967491943452e-03 -1.215433253426618154e-03 -1.122317611993838834e-04 1.067536613466458844e-03 -2.237045339643092357e-04 -2.803923622807325509e-03 2.597784065589961639e-04 -9.134567593717703160e-04 -9.952296671027759686e-05 -1.274974877592776560e-03 1.715163506624185763e-03 2.640969038008209816e-03 6.253543921533251696e-05 2.058378821286432122e-03 -3.069184043877442886e-03 -1.933398005376371458e-03 5.631744834395538906e-05 -9.653541082531451366e-04 1.036909485753526733e-03 -1.483450640133963071e-03 -5.180897549043370727e-04 -1.571116391727047073e-03 -2.413366884229047364e-04 -9.956573105251319191e-04 -2.891709607069747456e-03 -6.558607493650988078e-04 4.350916065827474901e-04 -2.079990692820372130e-03 -2.529036367176949567e-03 7.362425605694142543e-04 -1.030878702494447154e-04 1.053664528218958354e-05 3.964697827289894675e-04 -4.750024868769000467e-04 7.007403837597760620e-04
1.297475938419489216e-01 -1.249177009775531526e-02 9.468267425710281959e-03 -1.309184834942013660e-02 -2.934477825757183123e-03 -5.450391330195905517e-04 9.756113555570631451e-03 2.377137042248763223e-04 -8.649655676590436689e-04 3.009944592845205293e-03 -2.048913468117246652e-03 3.275405466886184558e-03 -1.363642463492499568e-03 -2.331228450266364851e-03 4.261190857109336400e-03 2.356497568642771257e-03 2.189479056103006173e-03 1.179658266632111234e-03 9.225923494835825550e-04 -9.252773657872199152e-04 3.445862114373830342e-03 -1.033586197657728042e-03 -7.298004899017772795e-05 1.319266191233774404e-04 -3.201018204510116660e-03 -2.377310405908157013e-03 -1.359704675771044636e-04 -5.260292762692701709e-04 1.571934656978950717e-03 2.747404632597733043e-03 -7.370584860467368918e-04 -2.229091107593844309e-03 8.060416621404682853e-04 -1.714265605857336983e-04 -1.411200221095936522e-03 -1.479872904796882948e-03 5.729258235233105874e-04 2.313753081187212325e-03 -6.061815778581134805e-04 1.729403348928841132e-03 7.380587349352890451e-04 5.102618164969523239e-04 -2.007125019457004812e-03 1.372255387376057189e-03 -2.720541083143022780e-03 -1.004690277326210097e-03 -2.362080037302901562e-03 2.826851611732348482e-05 -3.370963936912996228e-03 8.691802330506912628e-04 -2.635016793179157453e-04 -3.077618546767299252e-03 -4.161141844785258060e-04 1.267955289638060361e-03 6.874107684796503101e-04 8.325905237432033434e-04 1.764269232792953484e-03 -2.348508766526086547e-03 2.384537311779797504e-04 -2.409442247797410333e-04 -2.496425216915217592e-03 -6.270378177252503536e-04 2.606332924399437471e-03 7.168368534359924413e-04 4.985833975010519649e-04 -1.190418348422307227e-03 -1.564130460898586388e-03 1.561362609269606938e-03 -6.722433766332157118e-04 -1.997255993640215978e-03 3.219519865638854981e-03 3.717024730173248124e-04 3.773495845008991573e-03 -1.109261542583059459e-04 2.058922054856575368e-03 -9.473850075352038217e-04 -7.813141246357409309e-04 -2.349957290291414670e-04 -5.691074809924004342e-04 6.563065711454547707e-04 9.358510484321091484e-04 -2.986500590440308630e-03 -5.857499254337481800e-04 -1.631461609750787470e-03 1.689499027224110675e-03 -1.103241762739667464e-04 -1.930499161276980164e-05 4.476270378114841162e-04 8.350564983393316421e-04 -1.389419428639032282e-03 1.062393965037023618e-03 1.422412039298882576e-03 -1.991723663280315151e-03 -9.689830268650801229e-04 -1.370338600437814511e-03 -6.263853869758487453e-04 9.998686938217768352e-04 2.758276904261863023e-04 -2.687178576594310194e-04 -8.872465643949772147e-04
1.698500929375788560e-01 2.978857816596448826e-02 -8.058224543807460116e-03 2.536125108113709142e-03 -1.757554583942777873e-02 5.106705579198621801e-03 -5.114200945305819902e-03 1.990871577562547227e-03 5.947627898752162572e-03 1.075030354342564011e-03 1.024276964745883620e-03 -5.728044290199853575e-03 -2.415035714142253851e-03 -2.875715666713292255e-03 5.235548608445388281e-03 -1.609906736460128482e-03 -1.596852105140763450e-03 -1.075934503324759870e-03 -1.140803260376987462e-03 1.677256420904753341e-03 3.017111704443563650e-03 -9.897782339817867139e-05 1.791978444919324750e-03 -1.973476569532163234e-03 2.245798518139126461e-03 8.543453190833020508e-04 7.159723068656543557e-04 8.421982329057247111e-04 -2.127081444246853997e-03 1.568710833037041978e-03 2.656373443557617352e-03 -1.291105006385061607e-03 -9.324243200789824454e-05 1.366934678465478665e-03 7.181087545871802464e-04 4.565248156879692988e-04 -1.926436413338613674e-03 1.349211906818649151e-03 4.446618692860439216e-04 -1.059472333108936020e-04 8.764452405304989490e-04 1.435992228126564815e-03 2.062670210982976704e-03 -1.226823917992994270e-03 -4.202620438372573061e-04 -1.361115791583573193e-03 -1.380558112041026892e-03 -9.061648193563313653e-04 1.117173932164066590e-03 4.606741267244449578e-04 -3.188745686506482945e-04 -2.081184796956369470e-04 -1.899468546897268705e-04 -7.447793687914986338e-04 -1.995587299890905404e-04 -1.077879746739904407e-03 -2.491026228777739509e-04 -7.978607027195141511e-04 1.070694225043937985e-03 -3.755806579230719583e-04 3.652769115593771255e-04 -1.265589879985845817e-03 -5.918650958793264093e-04 7.199916707485504641e-04 9.047871262212955640e-04 -9.485314527751154308e-04 -5.175893558039590435e-04 -5.775801158945523739e-04 3.617591509561694568e-04 6.131228372936346153e-04 1.172215478505957620e-03 1.539119341998140995e-03 1.009421318336605622e-04 -2.899930244033062528e-04 -4.746521771230729852e-04 3.888820408474197472e-04 2.131234881725334155e-04 1.780215065200765065e-03 -4.366923356629410450e-04 4.577425185623203315e-04 -1.663014534804912418e-04 7.749500148073359658e-04 -1.606003061518294093e-03 1.863808837025327414e-04 -3.106278995180317896e-04 -1.374854429853869736e-03 2.017104171863666993e-03 3.452912359354127656e-04 8.035177956136689255e-04 3.579031579455270646e-04 -8.519307998050624402e-04 1.889733563713937503e-03 -7.684483427409092475e-04 -1.221982834311294026e-03 -2.450585009298776400e-04 3.177056141796047385e-04 6.887848081639595926e-04 -9.632876260325638502e-04 -7.031115474980013057e-05 -1.159404718420591356e-04
1.741638484630891603e-01 2.521051299918967547e-03 4.101207765156508409e-03 -8.337782481581668386e-04 -1.673180615732883236e-02 -7.635870992297986298e-03 -3.389673935359110643e-03 4.194854589402662558e-03 -3.541587628908271935e-03 7.178668903650226724e-03 1.321649358999413574e-03 -4.308869269001125955e-03 2.652482368807951036e-03 -3.373158094406229161e-03 4.837923947835707540e-03 3.286032580673934646e-03 -8.155896190755660118e-04 -1.591616067018625800e-03 -8.567218538419822107e-04 5.536016546738357870e-04 2.749767296864547884e-03 -1.527907607166660488e-03 1.657417173781425019e-03 -1.712705777300897823e-03 9.549930102267766832e-04 1.171267887013781577e-03 8.747881273314220317e-04 2.575192951315622650e-03 4.372247867327029103e-04 3.132382208487825490e-03 1.593686499101126504e-03 -2.463116993854935419e-03 -7.491009775797772673e-04 2.612904858247271957e-03 -4.817634250662360226e-04 -7.998910068907579864e-04 5.613343500668850150e-04 1.666805927080197052e-03 -3.533700781479718039e-04 -9.043488963975549475e-05 2.557683833759034735e-03 -2.738315469205454609e-04 1.564651582261496849e-03 -1.400151961637492812e-03 -4.338724124168518857e-04 -2.569669349350202532e-03 -1.107240890278661342e-03 1.256437278691675862e-03 -1.744491424994432148e-03 2.246132194424298786e-03 9.166078531485630275e-04 9.355099569702912633e-04 1.328770130136557297e-03 -1.210984917033066472e-03 3.418102817287254269e-04 -7.988285921538345550e-04 1.984760826822684772e-04 -4.850780248946352422e-04 -6.477453408545636219e-05 -1.360172239386907419e-03 -6.211988001999025396e-04 -2.718879025059507855e-03 -5.485042185241025730e-04 -7.137041957115687054e-04 3.408596216019692000e-03 7.495696233589564184e-04 -4.149722501395483945e-04 4.667050776247337195e-04 -1.018438890240744169e-04 -1.364729446072456389e-03 -4.780424055083149978e-04 6.651873807178835423e-05 -3.378725347397314106e-04 -4.734310023392061546e-04 -1.441431142187399404e-03 1.700728794443953260e-04 1.886788486025202860e-03 -1.213730956659325429e-03 1.667199166056357968e-03 2.481854832053988669e-04 1.294106727637216051e-03 -1.735286624174257853e-04 2.706856335646657709e-03 -2.070969845838992358e-03 4.329104793251912467e-04 2.540880400628028283e-03 -1.241529535657879277e-03 -2.225461781484598580e-03 9.853726344426028214e-04 1.710595954109603040e-03 1.693063334931170548e-03 -1.357620751046077680e-03 1.998880558761000330e-03 1.378655327676492608e-03 1.987049070140071549e-03 -6.146577597917232509e-04 -2.628882716898275581e-04 7.858954927484397036e-04 3.175214485843353925e-04 5.802262732272260928e-04
7.015592647576615604e-02 -1.542009693663337622e-02 -1.335823314164683549e-02 1.377969342096107934e-02 -1.290355613814673716e-02 1.334439589190806802e-03 9.646737594104479868e-03 8.240827219904139217e-03 9.666878499111025355e-03 1.087809751001974279e-03 -3.033497475491054966e-03 2.221249142029023480e-04 -1.574690089780940395e-03 -4.214550093623061627e-03 1.919283313320651468e-03 -8.025105521254647723e-05 2.278824274834565303e-03 -4.521551939719693075e-03 -2.323437696586242492e-03 -9.118258485545559179e-05 2.424002128383380070e-03 -3.197210244932743167e-03 -2.383291293880314670e-03 -1.435713089747685982e-03 5.414485451368959484e-04 8.496739679758242864e-04 1.545313949844970671e-03 1.567011030177138447e-03 4.513489886948424297e-04 2.546766743211854259e-03 6.189353224015570936e-04 2.617962645547674145e-05 -1.128269551617184325e-03 3.007328901902974697e-03 -6.759479843622794980e-04 -2.898618283866919495e-03 2.183857455133662081e-03 -8.529155352993415167e-04 -1.656844368436657900e-03 -3.580932078846611310e-03 -1.514382250727396842e-03 -3.040182537272526596e-03 -3.667321766718656308e-03 2.544164703796546016e-03 9.607938534191063674e-04 2.311581311527290995e-03 2.505086838290802777e-03 -1.069154314674941597e-03 -3.751285913553992907e-03 -9.867775265574174485e-05 2.198663991479987527e-03 -2.048562329377081465e-03 1.455779873732383030e-03 4.069991222554546315e-04 2.437439374029146642e-04 -3.856758185036925947e-04 -6.106297909966555562e-04 -3.678375906384633801e-03 -2.667975698743194762e-03 6.794210683955871936e-04 3.943801603877430191e-04 -7.778482967957263796e-04 -2.837247468217026121e-03 2.451404739479498811e-03 -1.587368262320029873e-03 -2.238431174078599553e-04 -9.354540983589135217e-05 1.789658220031915608e-03 8.237313505090943693e-04 4.515808829403577564e-03 1.050639845018392412e-03 -7.704024519887267206e-04 -8.623358427309481657e-04 4.274140773371393892e-04 -2.497776476239496027e-04 9.308254382114285489e-04 1.014441094771601848e-03 -2.128168965316691325e-03 -4.752503037350108077e-04 3.575160404942477632e-04 9.893888169990611853e-04 2.783489571826205304e-04 -2.994119433004532350e-04 2.685146125774715096e-03 -2.533713244119457225e-04 1.937430218547321809e-04 5.661435120642375465e-04 1.388272825993539699e-04 -8.807530279316529371e-04 -3.116399771052745147e-04 -7.805968189741064049e-05 8.896945825876194326e-04 -7.528864833153323642e-05 9.222883685455669518e-04 1.619641662362398713e-04 5.185529403100112020e-04 -4.360150005215270410e-04 1.805716352001300736e-04 2.636074657117606175e-04 -1.024348727918473014e-04
1.774719298451117588e-01 2.562202534613747945e-02 -2.001114295919299065e-03 -1.814771164322867992e-03 -1.646099737767622861e-02 3.949212157371607620e-03 -5.461528249304912000e-03 -2.640335574333407820e-03 3.908218200244149149e-03 1.206666332145986398e-03 1.031655340818342327e-03 -5.740554581613582959e-03 2.731820196298533131e-04 -2.432692835693400953e-03 3.924596220894739813e-03 -2.779873765261741108e-03 -3.016736883185391471e-03 -8.145431183267460087e-04 7.377030301841334394e-04 1.622602996955630796e-03 2.324022999631740038e-03 -1.664581862414068428e-04 2.863405230726649014e-03 -1.420292251998564242e-03 1.354397597727549554e-03 3.047129484026995334e-04 1.415384575753291831e-03 1.636036060303189309e-03 -1.736861841488118686e-03 2.495734321961731467e-03 2.517057588791421496e-03 -1.213250625481133603e-03 -7.205434820287523652e-05 2.536363127232772307e-03 4.749246548775627090e-04 2.561420193327361514e-04 -1.778035004733821917e-03 1.128351585883993324e-03 8.338267652838378960e-04 -9.973575065387366677e-04 2.029173357795131645e-06 4.856936429317192973e-04 3.060682684345540638e-03 -1.601513725017050674e-03 -1.840937822833203709e-04 -1.796948968188210466e-04 -7.474203833171471712e-04 -9.567048190769706978e-04 2.291761782183034720e-03 -2.543272190918791802e-04 9.215957406125998069e-06 1.818815557063520035e-04 -2.180208105364970269e-04 -3.461367007910612294e-04 -1.547952401753581583e-03 -4.567091496614591908e-04 -9.642869601477103243e-04 1.369648311604458873e-04 8.795017402044998881e-04 -3.916695276373285029e-04 1.121567627405648828e-04 -4.394870235041871106e-04 -6.126126520419222007e-04 -1.836841711290523199e-04 3.147236902121480578e-04 -9.809355102169355946e-04 -3.403559209167247445e-04 -1.460749049517358214e-03 3.774788019358491810e-05 1.584888468446291098e-03 4.085740896686829420e-04 1.024941103362181360e-03 4.451994920788512086e-04 -4.834347333882416629e-04 -4.299855729717122553e-04 1.673033658797629770e-04 -4.224294795765511502e-04 1.455685711522123954e-03 4.969991006110729970e-04 6.027660654417477462e-04 -4.685730385741695894e-04 5.165094870199996979e-04 -8.831533989613777344e-04 6.554079874866647803e-06 -8.082298095292522700e-04 -1.090733715058328501e-03 2.010714890995664653e-03 5.594501945657318715e-04 3.404130060516197850e-04 4.819927060881717528e-04 -1.201107536172389559e-03 1.566590165838947909e-03 -8.246257123746518350e-04 -1.006779949390984412e-03 -1.608779708294690600e-04 1.042232571015288363e-03 7.484736295741244291e-04 -1.384561827248183014e-03 -8.724410229404252256e-04 -7.305946483075932566e-04
3.360968674448649995e-02 -5.485730079093025652e-02 1.590900864793437508e-02 2.162664081598754569e-03 6.733396174726854512e-03 -8.209007599618360976e-03 1.115527977762352909e-03 1.710530668859523576e-03 -2.225104935552905863e-03 -4.317976220578283349e-03 6.110186500493407225e-03 -1.225455553246756482e-04 -2.579257467375444066e-03 -4.290594347879246031e-04 4.572758868352076343e-04 7.761627886899802407e-04 5.749773308577660509e-04 3.023969515077699725e-03 -2.170297380938305924e-03 -2.706704532433419825e-04 3.197983889784227363e-03 1.431253653912421993e-03 3.246901105936491304e-03 2.868235366764671380e-03 2.758121627348359556e-03 3.007347472315574297e-04 -6.163908218372332213e-04 1.017776255185971361e-04 -1.524928337359084292e-03 -1.958436487231828699e-03 -1.708276441932514563e-03 1.643453663394818260e-03 -2.078273598949313759e-04 9.268134333137369608e-05 -3.866933966489508458e-04 -1.006327230497807042e-03 -8.662042012584464075e-04 -1.207560644016156043e-03 -2.001156543519362467e-04 -1.692461280396305489e-03 1.387756160683563215e-03 5.801150874793489039e-05 7.336627141612157843e-04 -4.655266832840617786e-04 1.256216658198084247e-03 9.714347883039226505e-04 -3.027802235191095234e-04 6.800350098506813094e-04 -3.159896671420104448e-04 8.064267758867956284e-04 1.125487363267533777e-03 -2.243963669570809248e-03 7.354851420077693908e-04 -2.223638185148491160e-03 1.243944328567603329e-03 -2.110620396177820295e-05 -6.706570036509627375e-04 1.786431441635757261e-03 1.186943036255833171e-03 -8.106163286663658303e-04 -2.640682039288447919e-04 1.249983202847333632e-03 -7.845125568162087954e-05 2.024615297026295929e-03 1.550013168257661318e-03 -9.454923576744866335e-04 1.179647346963096332e-04 -3.873439264388573865e-04 8.109858008298960648e-04 2.021328049911551912e-04 3.475387690859544731e-04 -5.607026101556999986e-04 1.184718488388848402e-04 1.303255978730411647e-05 4.322140208834377665e-04 -2.073209266855538871e-03 5.030631929988089827e-04 -5.516989513889339856e-04 1.112654978981044590e-04 1.115533112488015796e-03 -1.976681277176597310e-03 4.379910532823191372e-05 -1.138758450134924691e-03 1.065926690777108934e-03 9.429848449413203706e-04 1.093158440956161449e-03 -5.831366307546099418e-04 1.287826374016072398e-03 3.223502093750464908e-03 -9.757666287469012045e-04 4.765931807242360682e-04 -1.014782660684399864e-03 -9.773068475688749448e-04 1.983448985210932002e-03 3.135298199005345093e-04 9.619975638309740144e-04 1.271110279179672373e-04 1.292175181423154502e-04 5.840693513099335038e-04 -9.358678673303250225e-04
-2.485104446733447589e-02 -4.778276393459533755e-02 -1.633923500772953633e-02 1.770379513051694234e-02 -7.744937628268950235e-03 4.863600977956960246e-03 -2.915774631233395298e-03 5.335341924307227500e-03 -3.556572766173527757e-04 -2.420985080500199886e-03 7.818547082890028518e-03 4.688223417117251372e-05 5.307063465960889983e-04 -1.719620860374964028e-03 -8.834537473337216807e-04 -1.135890587544763786e-03 2.400507045114133424e-03 -1.932843711477344982e-03 1.703403103246745823e-03 1.052202885522259598e-03 -2.643635641471791132e-03 -1.508214173713252892e-03 -4.968314001090813788e-04 -1.671686829932072854e-03 4.549972321129000887e-04 -7.423015908764728384e-05 1.978585558093706438e-04 -2.031645023497441731e-03 1.931377737856813373e-03 7.668629743198524093e-05 -1.157833275420713836e-03 -7.558417003362457448e-04 8.602028061676414471e-04 2.341223983453247139e-03 -3.405661228571815920e-03 -4.013485969589666814e-04 6.510834730385431238e-04 6.925712479402806182e-04 -3.411394785539162357e-04 2.869613557004191927e-03 -1.507614368368980504e-03 -3.436894975012550857e-04 1.246751412477626860e-03 -1.573334177099016675e-03 -1.470702405328428537e-03 -1.142550974015103370e-03 1.078371123402318589e-03 -1.549211186984248605e-03 -3.072325157440189999e-04 4.782488121466309445e-04 4.650372455995425611e-04 1.080974807022132018e-03 -5.891360340100046432e-04 -2.834599882408343915e-04 -1.219182875229926155e-03 1.107054112039403257e-03 5.956988668871053679e-04 -3.572904869679235755e-04 -5.931151513327929383e-04 1.847300398175084554e-03 5.773259922578889789e-04 1.851904194279913258e-03 -2.799256921990730582e-05 6.624726415563446120e-04 6.001354934005202692e-05 -1.298967530817404618e-03 8.707690777466210686e-04 4.060115903066593610e-04 4.820625828963793916e-04 -1.279190875559085068e-04 5.617154629179526258e-04 1.471222374203435710e-03 -9.082944086981005645e-04 8.173895679735042373e-04 5.369270493448972861e-04 -2.253252844109615516e-06 2.862756896348012570e-04 1.191070915286950851e-03 -5.744385441682198077e-05 8.451776983864080738e-04 -6.528359741838462692e-04 -2.958609983029650368e-04 2.977921999274130691e-04 -4.303518230101893369e-04 -6.843293001607532542e-05 5.609274656878894462e-05 -1.155907187961332551e-03 -7.585697864124084540e-04 3.643949369963164005e-04 -1.155952517318944864e-03 -1.259292845318544076e-03 -5.323160500323160762e-05 7.617078812467826903e-05 9.792507735835620942e-04 1.112024532842308339e-03 4.659256768609859427e-04 1.787476297228252943e-03 4.421120242752191892e-04 -2.708213872983990548e-04 1.286005080390921138e-03
6.647049770843163098e-03 -2.368404768148895181e-02 -1.987235574563054816e-02 2.514624687080134827e-02 -5.708594142652542551e-03 9.065278837074836711e-04 -5.481274095351601570e-04 1.269958164495764950e-02 5.282993331117013950e-04 -3.468242117929397437e-03 4.353003901301699327e-03 -4.026396190688619203e-04 2.367740899089098867e-03 -3.712208606903682085e-03 -7.994721506751530917e-04 7.541347356679419835e-04 3.169322344895875773e-03 -9.307510359401888200e-04 1.328231007955905550e-04 5.309299066290558726e-04 -1.327326504135764584e-03 -5.893699517758441879e-04 -1.364470591172427423e-03 -1.955406238158506182e-03 3.294258749426610174e-04 1.993410213875270072e-03 1.841931972252121687e-03 -1.287279649344494088e-03 2.087658957283381519e-03 -1.454706827972339399e-03 -8.682124422153890235e-04 4.680800214110476896e-04 9.288023283794229125e-05 2.687161881216997786e-03 -1.629168405796133741e-03 1.038910802551810475e-03 1.108204682688694208e-03 4.808405187606891337e-05 -2.688670650113166960e-04 2.307678422970966051e-03 -2.527204727012230057e-04 -8.514161744961108334e-05 -9.122084302227062742e-05 -7.642302286728156748e-04 -5.464699049209259009e-04 -1.491157896837696020e-03 9.906971083062422485e-04 -1.212111338852115512e-03 8.039865775803079319e-04 -6.551494056900277938e-05 -7.060027991573823670e-04 1.223114879129746457e-04 3.639317751274829876e-04 1.571858945639142925e-03 -1.275993733291297264e-03 1.550249970597989855e-03 -1.518773590520453617e-04 5.868588457211661646e-04 8.565919374858201193e-05 1.112148934226992944e-03 1.299227294290733947e-03 1.127699731143479763e-03 -8.951037236777448572e-04 9.036759292379563813e-04 -6.784914416750189659e-04 -2.448478925322091328e-04 7.283030664272604170e-04 -1.464750610102421831e-03 8.619132970456339256e-04 -7.210123831140969122e-04 7.655328372516158851e-04 6.900220403052977156e-04 -6.918888246815642351e-04 2.773160867394989810e-03 2.505841033470752942e-04 -1.576382002941331239e-04 -4.303180798732361267e-04 1.624609619712660477e-03 -1.014250482457675686e-04 9.309745996010148836e-04 -3.196418315668863252e-04 -2.896965304236218727e-03 -1.305345982335100327e-04 -1.689514164819873494e-03 -1.094321625088461611e-04 7.181090547323358293e-04 -3.815626888056353628e-04 1.778261021753957090e-04 7.019495563990259170e-04 -1.405292730134180155e-03 -6.267193210742538550e-04 2.321478641932793680e-04 -5.876950658709278021e-04 1.509575669997298072e-03 1.862391294741419555e-03 -1.477028619754531353e-03 9.616396059558508444e-04 -6.929525059837091843e-04 5.707046436866139959e-04 -5.992462615706697481e-04
1.058784213692973153e-01 -6.218268898190726542e-03 -1.611000013278517801e-02 2.320194161389571921e-02 -1.010334309519918044e-03 -8.298507620986344049e-03 -5.680203049188566403e-03 6.307486238930478002e-03 7.077254675527804321e-04 4.165458008485670854e-03 -1.968296469691087694e-03 -4.926107598995613408e-03 2.673290600196213951e-03 -7.046197516943086565e-04 6.523648657976651192e-04 9.027685742269204354e-04 2.084813339992019812e-03 2.319224829741915034e-04 -5.392268804082156301e-03 2.060417031919362270e-04 -1.283496387647207592e-03 1.422656724453184732e-03 -1.714716397187144963e-03 -1.381933492880845849e-03 1.952942870450462623e-03 1.100905132041136167e-03 -2.604879519162849912e-03 7.012049748556290320e-04 2.824279860980738813e-03 -2.608108465602285934e-03 -6.324943097752874722e-05 2.515408583096721742e-03 4.262905335985866753e-05 4.157502118553783421e-04 -6.935313562241771611e-04 -1.233236790222595010e-03 -6.952083235210445916e-04 -1.148689426454381620e-03 1.483769313762783350e-03 3.220150009124995213e-03 1.045668128570950359e-03 -4.771740529844678016e-04 -6.260478878928926912e-04 2.231314777154549782e-03 2.489389251863033739e-03 -1.679703093730719856e-03 -8.483889012273272993e-04 -4.357518928237721174e-04 1.248222015849363058e-03 7.378153891182950494e-04 -1.030586362442035154e-03 1.067495476855938753e-03 1.636042702536157382e-03 2.434231331453087874e-03 -4.935905028353129069e-04 3.320101281779146130e-04 8.362222553903759115e-04 1.440728860459275073e-03 -6.446299035058633033e-04 2.290868103087600680e-04 3.860752075908434333e-04 1.276349335897616118e-03 2.298717337181054867e-05 1.598642150812203382e-03 -2.235681315471595295e-04 2.060238488477907391e-05 -1.921060756380276596e-03 -1.793212335069040630e-03 1.569646166635327777e-03 -3.113438886976530148e-04 5.993972026913830945e-04 -1.501014026181951089e-03 -1.835956344709697118e-03 1.662810757450415133e-03 2.898407388546957175e-04 1.169255993053354946e-03 -5.318206225984284472e-04 -8.255026455506156609e-04 1.288319575000170317e-03 -6.663736208601385262e-04 -5.155470961682071619e-05 -1.327393150243562879e-03 -4.892256084933703075e-04 -5.795697181280572304e-05 3.749377426998597206e-04 1.255512514758730944e-03 3.852255483504837038e-03 -6.642012367637713547e-04 1.329241228138686864e-03 1.376096915892047363e-03 7.423758157036999860e-04 9.222443443907194080e-04 -1.043447499632663448e-03 -2.225879423709884505e-03 -3.687947972773894870e-04 -4.706846892540853607e-04 -1.494710430853733989e-03 1.204938753388373838e-03 -9.417101037760459243e-04 6.149330652959255023e-05
1.131913185934777383e-01 -3.549365118329780855e-02 1.611875462362111731e-03 1.284482184125871826e-02 -1.142048877208377632e-04 -1.674150369633468569e-02 -1.063797157401142257e-03 -7.797115122330807238e-03 -2.050860138356797643e-03 4.135446375675943566e-03 -2.479605742875404598e-03 -9.671188836633587329e-05 7.653460617505503279e-03 -4.820100347750492153e-04 -1.029082001940340640e-03 -3.538457002469880264e-03 -9.682551515530493175e-06 -1.885548072282042134e-04 4.461119623817619132e-04 -1.119388823675997223e-03 -1.214175231303650125e-03 1.256594297065633577e-03 -7.345279547669460694e-04 2.555316220019379202e-03 -2.903373967564378119e-04 -1.323049841810354033e-03 -1.738288641080974056e-03 1.760633661108563442e-05 2.515752142976953416e-04 -2.039687499409435561e-04 -2.224435464184127797e-04 -3.732018070665627164e-05 -1.148008846124743462e-03 -1.040888636409191418e-03 1.549574491619697819e-03 8.008593409405788399e-04 -2.515242478576962129e-04 -8.232679831506761357e-04 3.403241095871767982e-03 1.060102760822955034e-03 1.848445011763852038e-03 -1.814858737355205245e-03 -8.807561015912833543e-04 1.794637083718338870e-03 2.495325879686502305e-04 7.137803282191669194e-04 1.361374918069236132e-03 -7.195022778184700625e-04 2.119635731575095130e-03 7.640109089854101336e-04 4.416825040146306943e-04 1.284089608807464705e-03 2.222816893327902825e-03 -6.607896396810456060e-04 -2.582554355470238240e-03 -7.900877676135912610e-04 4.972358025955702504e-04 3.429753890382639266e-04 -7.317513846183212357e-04 -1.275876227479098065e-03 -1.410827557309650817e-03 -5.120753528390448389e-04 -6.170861518871431422e-05 -4.549280913186267653e-04 9.985663070771263073e-04 9.720132165064384341e-05 -1.092437731227165329e-03 -2.167604694078094753e-04 -3.900269319722262897e-05 1.922706251111322645e-03 1.846201173435225171e-04 -1.677853114891248788e-04 9.233775562530975849e-04 -7.084408206838596969e-04 -7.184458587399260212e-04 2.596431673395415123e-03 1.466369695224209501e-03 -1.124296569720843525e-03 7.103938105133011417e-04 -7.058246473613145888e-04 -1.259823914066828497e-04 -2.249500719977334893e-03 4.266095846875140023e-04 -1.845256059677138048e-04 -2.320832608166391740e-05 8.376659794407537857e-04 -9.721095031156218357e-04 -1.643019172525913164e-04 5.707245741034687502e-04 5.760413602167908671e-04 -2.783256045559133625e-04 3.455597428547139429e-04 -5.805985594090785082e-04 2.092635207721106616e-04 3.735272516986049007e-04 2.144161917489578566e-03 -4.760131902281996316e-04 -6.335474947704140217e-04 6.640947615080683561e-04 5.263424086777986977e-04
-8.283428911147226736e-02 -3.903250479289115116e-02 -1.137581458140239990e-02 -1.287458296217504090e-03 -8.645584330144511984e-03 7.859431365794103397e-03 -8.718787042859457714e-03 -5.836323468738881725e-04 -2.383068969778281455e-03 2.076938209398142450e-03 4.096556824173290708e-03 -8.799469647787472835e-04 -8.998336196698221304e-04 8.022793717133417822e-04 3.076958932381975743e-04 -3.895571857563002722e-04 -1.113947884733694623e-03 2.605542505943581489e-03 1.541691905142641376e-03 5.464577108125117993e-04 -1.651309761334161406e-03 -7.785880181586771242e-04 -1.128047094574277740e-03 -9.309801383879818268e-04 -2.570229823879536038e-03 -9.630859993294833398e-04 -1.543990521136460016e-03 9.175448171085472018e-05 5.866684887328835240e-04 1.548021985806776390e-03 2.937388756892361156e-04 7.047820229634524716e-04 3.087016950387471348e-04 5.573433344804699799e-05 -6.740292566725684335e-04 -2.952182842996445137e-04 -1.438567402533953189e-03 -4.117941277346778644e-04 5.386576933745383438e-04 6.680310212624793274e-04 -3.295376018522765929e-04 4.266229934620050261e-04 9.284959141189925167e-04 6.221794490136707480e-05 2.733546031648758593e-04 2.697083511422011044e-04 5.919546453870583346e-05 -7.289302388198422951e-04 -1.043092619560669065e-03 1.914023553267743191e-04 2.676454437265409129e-05 1.212874388110989814e-03 -2.853387610111100293e-04 1.624191441021928430e-04 4.285733567210518583e-04 -1.271469708789116815e-04 -3.952671585171104980e-04 -1.506952663146687724e-03 -1.075495663759869214e-03 8.534129542501878813e-04 -1.070095812137570050e-04 1.272830939650568532e-04 1.054350237646917892e-03 2.651010749208250862e-04 -3.993128291793505351e-04 -1.765140549587722449e-04 2.072093466923328428e-05 8.037320621550693217e-04 -8.103965218838517378e-05 -2.550998138077057993e-04 3.264035265638903761e-04 6.993797053689863917e-04 -1.100282459633580498e-03 -7.434802888108690225e-04 3.174387610151137382e-04 1.422711366326648600e-03 -2.495043636553286709e-04 4.257142555980707004e-04 2.854559338638058353e-04 1.607113556969705349e-04 1.415771115430598532e-04 -3.054112533585320508e-05 1.083706706181218328e-04 2.769489135012054033e-04 -5.212861775500555322e-04 -6.548306008955084986e-04 -1.519143526329782743e-04 -1.127712715303562862e-04 7.751008800705331343e-05 8.951410378712288448e-04 -2.512548949553143011e-04 -1.062205871940485402e-03 2.358052925868582615e-04 -1.040400985448518278e-03 -5.797101121316866308e-04 4.847593928486151004e-04 -2.147737524140007315e-04 5.393519775112178916e-04 2.313977989706541432e-04 7.985857564062848147e-04
-1.516296307587589910e-02 -4.256951603210452906e-02 1.230103172397280925e-02 4.383040248409357693e-03 5.197127888322082730e-03 -3.067786103847731493e-03 -8.833564300570221836e-03 6.202254484533833122e-03 -1.612812948859013856e-03 -6.253419868309283494e-03 1.233142356260016545e-02 -3.367301841594790880e-03 -3.101667078334003572e-03 -2.637956349862578473e-03 7.158640006036786491e-04 -1.074851157934191156e-04 2.099543623853939150e-03 4.992852318704256442e-03 -2.412355443509101114e-03 1.946875240999967633e-03 6.731433163858249226e-03 -3.126669459285348358e-03 4.702930516017085963e-03 3.347453034411301733e-03 2.656203273352635442e-03 -9.642781360309763588e-04 -2.743447465385930300e-03 5.959022543864701555e-04 1.650217073827183563e-03 -4.639531818447330323e-04 -2.158685461549899893e-03 1.509713605883602821e-03 4.369589539930554371e-03 -1.304710146078059312e-03 -2.093164658997664820e-03 2.015543307940388749e-03 2.325198492774568221e-03 1.143609145751553480e-03 -3.331495337040086993e-04 8.437423055530351578e-05 -9.371320823971906588e-04 -2.305672146687347095e-03 -7.220265224817198511e-04 1.166841923530512973e-03 1.470471811886621839e-03 1.929376190337329239e-03 1.664107513372771767e-03 -1.341100113766143876e-03 3.213510932247851982e-04 -1.618783331673320910e-03 1.417341661102006385e-03 7.952994512604767566e-04 7.714821834370497134e-04 -5.059707850898653063e-04 -2.054174462606514918e-03 -7.607109442197515937e-04 6.829516655097295739e-04 -1.189862024014188505e-03 -5.509230316449748727e-04 -1.136172851559490420e-03 -3.134996185355498882e-03 -9.546203487554298000e-04 1.611853700777620779e-04 -6.694002641850834313e-04 3.769008598761400719e-04 -9.548210976745205017e-04 -7.415533178640216095e-04 3.666200045678138565e-04 -1.349401221352342778e-03 -7.936000196903370257e-04 -1.283466399796114434e-03 1.095487248439748831e-03 6.725485619554277469e-04 9.219430601388519525e-04 -5.035713443205293034e-04 -9.784578046928981039e-04 1.029625459938875989e-03 6.776204042639212555e-04 -8.713540399970125033e-04 -9.755236154584768843e-04 5.568949863953939110e-04 2.346328533107502542e-03 9.436943822694989544e-04 -1.840966976542038726e-03 -9.170642003844709390e-04 -3.061634631473932966e-04 1.965664015849146861e-03 6.832975812872005847e-04 -2.664876486696042893e-04 -1.218782601581984816e-03 -4.889251157842060876e-04 -4.208076155065584661e-04 -3.260371331005034877e-04 -1.162402426970026055e-03 -6.806933043157762557e-04 4.654491380020000678e-04 -7.841955259409099733e-04 1.781356878548800765e-03 -4.019076727399784293e-04 -1.417303142889574487e-03
-3.596301631020774880e-02 -4.727794948081154303e-02 2.243466124069117690e-02 -3.777266563813813389e-03 6.951660702831424267e-03 -2.786842321433930566e-03 -9.530024898783854420e-03 1.723924890327195808e-03 -3.999336122183053967e-04 -3.104021246585889505e-03 6.764818904751039412e-03 -4.952838743141197222e-03 -6.389953035166308533e-03 -4.821035354753635421e-05 1.341834127103297370e-03 1.908339346290017927e-03 -7.874342137625711712e-04 2.619424526025120135e-03 -1.057375361127172808e-03 2.100106846306089899e-03 1.641586594919659543e-03 8.379574249446443196e-04 2.958178286552481939e-03 1.990151618896940540e-03 -2.067163813052064485e-04 -2.721861279903674356e-04 -1.250883826131314342e-03 2.023328354727312213e-03 1.857514808187533603e-04 1.446948497405425209e-03 -1.823841643069281510e-03 -3.629688045963724753e-06 1.526861754271788708e-03 -1.251695018780870023e-03 1.610049243328876261e-03 8.837971803923747255e-04 1.154502852707979272e-03 -1.503900906594265226e-03 1.888732522452853070e-03 -1.422399596255347586e-03 7.446736751455290595e-04 2.090655222642077700e-04 1.852498846396117204e-03 1.163003869841238228e-03 2.985591205714650288e-03 2.914169919059092159e-03 1.582147153213335792e-03 -5.716322193744595480e-04 -1.818413504662390280e-03 -5.307002471599928280e-04 1.632757110254972558e-03 -3.993813989502552515e-03 8.017978502693103981e-04 -3.165989664497505761e-03 -1.337701895113055026e-03 3.861347852559431689e-04 3.767595367465830002e-04 -7.710693835941133823e-04 6.150663665031729399e-05 -7.991343679812997923e-04 1.396667558820970925e-03 9.638482152105813487e-04 1.460308470778197030e-03 -2.636954097958002768e-03 9.330690473813368305e-04 -1.253719779522603512e-03 -8.411411571198322296e-04 -2.327230218020288519e-04 6.787123963169980345e-04 1.505717247244801947e-04 -3.552732870012440442e-05 -7.844299560893028961e-04 -8.723444790999906320e-04 2.570891856695914791e-03 3.499933026536617840e-04 1.387188586125398407e-04 -1.084106522059184468e-05 8.972947422411269372e-04 2.885061852313274607e-04 9.263677178910722067e-04 -3.744531938968048766e-04 -1.512619844287966132e-03 -2.644997414879081236e-03 2.178471124009139783e-04 9.715029444368750156e-04 5.576596390963790709e-04 -1.592622877716698068e-03 -2.074159940065420371e-03 -5.804603886185031366e-04 1.301819229409084027e-03 -1.113577643224549722e-03 4.720123784338727327e-04 7.802393165410240325e-04 -1.101219731084437416e-03 1.632889227413677298e-04 -1.478141765224793994e-03 -9.615344020167835778e-04 -1.664580211129542157e-03 6.956302136773659817e-04 2.046896285229185628e-03
1.076194185653447412e-03 -3.488941471459742344e-02 1.585629792061842187e-03 8.799118453087182226e-03 9.042050500058154000e-03 -2.732862329312557223e-03 -7.632322549925070303e-03 2.602606468207539075e-03 1.694749191786258972e-04 -4.535964826745703116e-03 1.322513419713589565e-02 -2.624111066397999230e-03 1.402770062808545706e-03 -3.877676055920660069e-03 -1.311420471116983523e-03 4.266680025198247911e-05 1.661113893244496034e-03 4.768684118916582775e-03 -1.194838611255860531e-03 1.214510567262639664e-03 6.192125421367639278e-03 -4.179033377337691008e-03 2.971984838060028923e-03 3.806557613081186422e-03 2.647712914288270509e-03 -8.863280642619491981e-04 -9.871903442609021063e-04 -4.633305111367930717e-04 2.139820143369598054e-03 -1.372093402777309996e-03 -2.601541503027597570e-05 1.045431729355986264e-04 1.962681152514266381e-03 -2.672876377604775167e-04 -1.303839465380156716e-03 1.318349267671140317e-04 8.815934166693048133e-04 2.350924542828791795e-03 -1.924874636036042006e-03 -4.591197961874716581e-04 1.371338584611027985e-04 -1.345992620677089434e-03 -1.406490273725932803e-03 2.917301091368426028e-04 -8.605791818653371226e-04 -1.356940126895627525e-03 -1.924952120383707516e-03 6.021508622934900563e-04 2.803602591503156008e-03 -1.536554528082462829e-03 5.154674266901818611e-05 3.155481300463600525e-03 -4.428780645629084699e-04 3.120367563430669067e-03 6.414567301562397158e-04 -3.789168916676488716e-04 -4.503077511863803483e-04 -2.468530396782177999e-04 1.745979276604184749e-04 7.948578932509254256e-04 -3.552753418747948608e-04 -1.471071999864424990e-03 -1.535139945104517468e-03 -7.125681048027977457e-04 -1.314879861264432086e-03 3.908169031281524971e-04 1.144048688700231983e-03 1.318907954900423946e-04 -1.703398062344461039e-04 4.077965562350388876e-05 2.518755896387570199e-04 -4.753004622792033132e-04 5.844748935719178227e-04 -2.142346191843567775e-03 -3.881979019051229698e-04 2.305618362371628094e-03 -1.164299347397907683e-03 -2.090326333153280560e-03 -8.067768948422953572e-04 -9.200933115253363175e-04 3.173378185808777246e-04 -7.344106546911818119e-04 1.622350609609186315e-03 6.879059908297996580e-04 -3.054136412554940018e-04 -8.892367753556807645e-04 -6.267960533135391241e-04 -9.605612348738207988e-05 -1.401365491979121407e-03 7.442297205384518265e-04 8.957604693539007994e-04 5.880771433224227240e-04 6.783076018150214917e-04 9.079043983828182299e-04 -1.657749457309781177e-05 -7.281970086111747963e-04 1.342706774169752327e-03 -1.393504210871491112e-03 -5.964415297605356412e-04 6.672129903923892285e-04
-3.267791229447657153e-02 -4.191012520914536715e-02 -9.973804334276133859e-03 1.139039951148014193e-02 1.845917297429720263e-03 6.454031592526784412e-04 -6.014260962979988724e-03 -3.615010922930006823e-03 -2.405322010115021553e-04 -2.296605104677346392e-03 7.193665653744884744e-03 -2.644631652855181959e-03 1.945097644979539844e-03 -3.546715060850140228e-03 -3.575750882381868029e-03 -2.783809291507947925e-03 -1.635997773780833824e-03 -2.338006259161083222e-04 1.526810628847438721e-03 8.015394748882095780e-04 -2.609551268528881090e-04 -2.564176874527911935e-03 -5.261381883065923478e-06 6.243628795985382081e-05 1.250847590277439476e-04 -1.168970067969443303e-03 -9.193971899653253371e-04 -2.941227774387574281e-03 6.498459182988394452e-04 2.029658338792173725e-03 9.878006765180050771e-04 -3.290165859035522680e-03 -8.222590851468534242e-04 5.672583934533222865e-04 1.561319906092403342e-04 -1.300981231268488617e-03 2.075204997565926546e-04 1.461460360048651846e-03 1.416499445629736771e-03 1.039029035380489895e-03 5.361283055314834418e-04 9.674870953928488412e-04 -1.158891963805994216e-03 -1.601991298853813967e-03 -8.765839734104520758e-04 1.705211949012191898e-04 -1.087166657169491872e-03 3.188534449207147095e-04 -8.115505387023178550e-04 -8.983372721089096725e-06 -2.916479641854258578e-04 -1.835282763062320291e-03 -1.020069441885410391e-03 1.189551585370192269e-03 3.457733648472865844e-03 9.424975746688100823e-04 -1.853850952174313556e-03 -6.429058302078678776e-04 -4.775804879644944588e-04 1.267277046067594431e-03 9.596145785604691912e-04 -5.419934981332336088e-04 -2.284813256316708214e-04 -5.937525598112897889e-04 -1.404542328257096795e-03 7.518811943394564535e-04 1.072257125359218953e-03 1.658377772051386955e-03 -3.788363948945087787e-05 -7.977894577772118908e-04 -7.073737544180996786e-04 -1.450481628787998441e-03 -1.790392786175196312e-04 -7.769723339489364436e-04 8.266558898686341078e-04 2.536760765390292803e-04 -7.767368846988321899e-04 1.698416024507113254e-03 -9.313725958326699050e-05 3.444437654602136556e-04 -6.128576721972806571e-04 -1.544144262603315510e-03 1.047217383241378979e-03 5.667596683327935257e-04 -3.848924334090211971e-04 -1.092182675651880540e-05 -4.239668910970276683e-04 -4.448105970448239721e-04 -4.328960506594104200e-04 2.395711209027085158e-03 -1.661283900611176508e-03 3.000479378846401314e-04 3.975125339632011676e-04 -2.568177090720145852e-03 8.623104669333355593e-04 2.607000327724598161e-04 -2.019913627098157607e-03 3.627731692268544713e-04 1.300910279204792923e-03 5.147645593761794163e-05
1.307924947053423423e-02 -6.050954850427295306e-02 1.191006987494711879e-02 2.552831496341034442e-03 7.989173840932109125e-03 -6.714401090982537526e-03 -3.005852969830493521e-03 -5.630301428498582852e-03 1.327789495043456324e-03 -4.241921048529846000e-03 8.894118177923595464e-03 -3.740300487666924209e-04 -1.426792467910941407e-03 -3.894777877585117406e-04 -1.734550582022633498e-03 -6.000177560611944438e-04 -1.634237027389749295e-03 1.380886037796497708e-03 8.920983424733473386e-04 -3.418567319194446225e-04 2.648626730587703461e-03 -6.873204977001031888e-04 1.462109340637579840e-03 3.653890917779762260e-03 2.036087663626063183e-03 -2.555234388853103232e-04 -1.431391621764765715e-03 -1.602124489202272622e-04 -1.799786476537893398e-03 -8.628471695979235152e-04 1.157961686266900832e-03 -6.828081800242646188e-04 -1.566298509526394640e-03 -4.372111705835452942e-04 1.443945082673078317e-03 -1.341636408481688362e-03 -5.793486919492188804e-04 4.701321525247954781e-04 -2.177113127695421563e-03 -2.521849467817087204e-03 1.155717456061474075e-03 1.997221373471148517e-04 -3.211464632217196267e-04 -2.158085883431328433e-04 -1.505828203806780388e-04 -1.049371352432605783e-03 -3.660958145473998913e-03 3.173628417941974818e-03 7.451551928503057694e-04 1.221379819488978931e-03 1.138493992416388838e-03 7.362141241980923578e-04 -7.868631041251780483e-04 2.122705231224983509e-03 2.926982708945496340e-03 -1.233499738227744277e-04 -7.629590194897338399e-04 1.515630443712220410e-03 2.766931738853245981e-04 8.071915989917370605e-05 1.263536781306389377e-03 1.048015336135945915e-03 -9.370621314839218483e-04 1.066966018368097546e-03 4.944240849686785044e-04 2.081306989624470856e-04 1.145533460523635080e-03 -8.021826440778753145e-05 6.220968805722803911e-04 1.765933735552283057e-03 1.728986669051325691e-03 -8.404691880464500945e-04 -4.351531749327017056e-04 -5.668234419462953597e-04 1.145482987989201703e-03 4.620261369403752018e-04 -2.641719871372320925e-04 -5.966745308097546035e-04 1.569618364207877887e-03 1.157512609299977306e-03 -6.811955294479670213e-04 -6.170263430526723263e-04 -2.039165204555712114e-03 1.067535957982155941e-03 9.246493051636063424e-04 3.975687877989967181e-04 -1.652411281077307756e-04 1.417261933188860342e-03 1.838756423203810847e-04 -4.711016865042351605e-04 9.340257294997011007e-04 -2.677427263665117102e-04 -1.003109772579117509e-03 2.899173393205019766e-04 1.155269659690781142e-04 1.039094779796193718e-03 4.788686885290236958e-04 -4.907126942924804145e-04 2.886399847748954040e-04 1.292077970878221984e-03
-2.140559273011186786e-02 -5.526319669699777254e-02 -6.233056532402602747e-04 1.180473115335378426e-03 3.167160286150275377e-04 4.527803074654208546e-03 2.582996425408422628e-03 -1.749779421994250442e-03 4.263036592494300579e-03 -1.612416285900586822e-03 2.882909696207823502e-03 1.196022538098895013e-03 -1.434937261883363147e-03 6.611651558459967146e-04 -1.441399479231427437e-03 -1.070060951708062683e-03 -4.753579663072117142e-03 -2.112811831167316860e-03 2.389407783405272587e-03 -1.349304412124784558e-03 -9.748892692032384193e-04 -1.197989371881300925e-03 3.795612924348321484e-04 2.855897862131950176e-04 6.382264927016026998e-04 -5.552187333466109855e-04 -1.557183264941763368e-03 -1.223242353982522150e-03 -2.060173150541751153e-03 2.233473449269503253e-03 6.008611359776146042e-05 -1.025551998552724645e-03 -1.362209410662344918e-03 -4.852530478209086885e-04 3.410868310066162692e-04 -1.637938450018682933e-03 -2.951474485901551463e-04 -9.534326776988742745e-04 -2.125864781585496723e-03 -2.893714302555206897e-05 1.120804175708237874e-03 -2.725489256616520453e-04 6.359088231605684871e-04 1.144386130714202947e-04 -8.066958896003717343e-04 -7.810478419816890058e-04 -2.000007827859619659e-03 1.557634840943120276e-03 -1.927602274261118421e-03 4.708314341687925035e-04 1.365045974671450814e-03 -1.284141565223637083e-04 -1.311745978579347775e-03 1.901800296644403200e-03 7.050979133008274504e-04 -2.882239592880505739e-04 1.602727336552992694e-03 1.443959232259399948e-04 1.250835307605014214e-04 -7.229876685511332042e-04 2.898423856028349891e-04 2.037955509085052908e-03 -1.016392780252487182e-04 1.180461967720983262e-03 -7.451360382846206748e-05 -4.517017939960440065e-05 -1.210740259329877314e-04 -5.399476971271309099e-04 -4.634463459070969459e-05 -2.898555548881799962e-04 -1.304194793726606632e-03 -9.312216314021271773e-04 3.708938505001217875e-04 -1.133406823723946146e-04 -1.086500116446692494e-04 -9.506850488376022523e-05 2.143861108761333379e-04 1.013664594473496095e-03 9.041712918345200375e-04 -6.913308983860327580e-04 -5.801751084167520783e-04 1.958239261206227348e-04 2.193221229991546288e-04 2.011985437986283948e-04 -8.262065833675954249e-05 1.789907055506069657e-06 1.123780326899537392e-03 -9.206775932451509827e-04 7.485428416399311866e-04 -5.904181883161602976e-04 -8.920241739493268898e-04 -1.195713511541089593e-03 -7.674997193931460109e-05 -1.858231672392654261e-03 9.692051562171776771e-05 -1.952893375657175322e-04 -3.106445519130983965e-04 -8.955126419629361526e-04 -8.503133509824956733e-04 1.030958697605745744e-03
4.496300174986252174e-02 -5.638245407731208581e-02 1.288695284407849993e-03 1.199831134833399295e-02 1.825361925167293424e-03 -9.619688136134710646e-03 2.824208485553859199e-03 -1.232242232154642271e-02 2.643775767117798221e-03 -1.395871247639663684e-03 2.763029925964069489e-03 1.017633311058365473e-03 2.663394193608265188e-03 -7.976581302913748287e-04 -3.304126405176875669e-03 -4.606648163159756185e-03 -1.378233197280583121e-03 -2.284521077436694504e-03 3.180875566938499727e-03 4.453506212434371289e-04 -1.596987646359388988e-03 -1.148253249129394318e-03 -8.654542025547381579e-04 3.848314905112326916e-03 1.285491252508327116e-03 -2.805655025909391709e-04 -2.252737135484708404e-03 -2.036934099240335794e-03 -2.490808319487361217e-03 -2.180289842433744314e-04 2.201950540494504015e-03 -1.404978444466502968e-03 -3.934204377143452926e-03 -6.921835566633170820e-04 2.582295268183291189e-03 -1.619760517270227122e-04 4.540503655332680469e-04 1.647797582125944506e-04 5.825493972856437500e-04 -9.678395365179020063e-04 3.723356051161655139e-04 -9.057915582520914468e-04 -4.902969329526510973e-04 -1.836345498477113993e-04 -5.634437789280398587e-04 1.232351310521130313e-03 -8.354646135074272699e-05 1.747650761493274802e-03 6.594149858370897902e-04 1.969189775009753517e-03 -1.050176732832489891e-03 1.148500839106708811e-03 9.675166529995319947e-05 1.729290684203115686e-03 9.267998431447928764e-04 -8.421091808487504281e-04 -3.846772581315204887e-04 8.946934691564567468e-04 -1.116923545737911810e-03 3.246335932596472527e-04 1.370654686312672288e-03 -8.200019202926467745e-04 8.591192342380288066e-04 -1.339214143481607050e-03 1.285936160300511907e-03 2.789631617076278303e-04 -6.417926328926216355e-04 2.024276618030488911e-04 -2.472217186743785010e-03 6.462193210087118682e-04 6.874512352249980644e-04 1.590847114069004727e-03 -8.851316782749193502e-04 1.873924622144899736e-03 -5.655474114703426189e-04 -8.757380511748678745e-04 2.280656647634750345e-03 3.423193198319172438e-03 -1.834319608406404737e-03 5.710536743274557134e-04 2.177120202246013610e-03 1.795937082030671372e-03 -1.274811468006920804e-03 -2.825334856586767538e-04 -4.086212992413304620e-04 1.848335956839392653e-03 7.394638342501099566e-04 -1.875199829390827421e-03 -7.230377647682239509e-04 -1.196014654276966608e-03 1.761106424100960643e-03 2.264792528874043365e-03 -6.393792542101768128e-04 1.222745106619733567e-03 -5.928158348985826777e-04 -2.098948479246761419e-03 -4.639085260232352959e-04 2.439909528306548770e-03 4.995040587342347137e-04 -8.330665845185053573e-04
-1.824991087930901259e-03 -4.434503250133661756e-02 -8.294411053430759614e-03 8.028847220779207830e-03 -6.373537766092145750e-03 4.654569719798412608e-03 7.777473440991413550e-03 1.323367881302284612e-03 7.133331336294046129e-03 -1.500850276045305074e-03 1.711418317574583525e-04 1.890931192808450404e-03 -2.671366626899605357e-04 -7.676601895874756885e-04 -7.261223720312302019e-04 -2.044371915165377196e-03 -2.074784476906050331e-03 -3.245964254379816744e-03 2.945232417772464077e-03 -2.351757526513084218e-04 -1.369812808494058794e-03 -1.890521483367558044e-03 3.893986751783990038e-05 -5.925473369600286902e-04 1.096185014079558220e-03 -1.584563746273843707e-03 -4.651624272374565972e-04 -9.983763523002012023e-04 -1.791274606405276072e-03 1.971351053180582426e-03 -2.533829431675506459e-04 -2.479136599281898902e-04 -1.188927310183531851e-03 -6.854361351765007860e-05 -2.631707077428634091e-04 -1.607137194121067113e-03 5.044605669022422497e-04 -1.460404314498483245e-03 -2.069275096236597011e-03 -2.687284216509840725e-04 2.215534848521460331e-05 -1.840755193554006715e-03 4.631605651592799475e-04 2.137144313082235323e-04 -6.781750632640068171e-04 1.398626850114441551e-03 1.768829495423797338e-04 8.969468203583629473e-05 -1.362075206039428709e-03 -2.515711377300201184e-04 1.179708057952554880e-03 -6.052735936762400348e-04 -3.739771764144958054e-04 1.897804171529449829e-03 -1.225489526413529916e-03 3.932165301595686547e-05 1.860385443863470925e-03 -5.666661281449418813e-04 -3.612604333927446187e-04 -3.581344051306311607e-04 2.978773687944609742e-05 1.662117846421388989e-03 -1.239759700006598910e-03 5.158953054615289210e-05 -3.047067786123904020e-04 -4.512036876399426640e-04 -4.813653081418917601e-04 -5.793811503843223059e-04 -8.887342228451271904e-04 -3.180173886799398243e-04 -1.710832362544502687e-03 -8.864122026739385549e-04 1.132637475322631655e-03 1.280017820145632444e-03 -5.494524652267399143e-04 -1.121670436736766936e-03 4.763456979711524803e-04 1.260886305749552754e-03 6.273141745430675176e-05 -1.559528246099859262e-04 2.926953468127221924e-04 7.799912192678448274e-04 1.557317433315157963e-03 -7.958525882023014507e-05 -6.694690847993773827e-04 -4.241518971901865089e-04 8.728112548287867908e-04 -1.641845292508544362e-03 7.594005243055340203e-04 1.537217972339852904e-04 -6.893838700683614434e-04 -2.081146155022561058e-03 6.814441111561216503e-04 -6.782100960915069844e-04 1.620398430864469536e-04 -1.974591999550891154e-04 7.168338056708031293e-04 -1.395728269850054137e-03 -1.516910236216825834e-03 -5.391269418678407339e-05
1.382572853594723761e-01 1.387783351356659768e-03 -1.479008968863425007e-04 2.278901120566939522e-03 -1.454718263180502201e-02 -3.079911239389874524e-03 2.209141130303100310e-03 3.978648092985874636e-03 4.855633153982742180e-03 3.309837655297302034e-03 -1.355707970375060519e-03 -2.436421414380999812e-03 -1.768292111735230690e-04 -4.088870490404940272e-03 5.036064688854532262e-03 -7.191459472574927413e-04 1.586548308678190121e-03 8.204573626868466151e-04 -1.312413378496397756e-03 2.727263205068046915e-03 2.699727069240870705e-03 -3.056202083579306721e-03 -2.032159800438694075e-04 -1.003030037651901586e-03 1.249399332718175056e-03 -1.862832530768008784e-03 -1.885168674429829041e-04 7.446087936023476931e-04 -3.159683231306633939e-03 3.091448029751220263e-03 2.815748788663883628e-03 -2.711923205199598180e-04 -6.287144531176065308e-04 1.723152138447843831e-03 7.662569813638587645e-04 -1.303080464388849721e-03 -1.454869116797738275e-03 1.239825956154399752e-03 1.716559051007080818e-03 -1.995780140724460680e-03 1.438629495276006051e-03 1.245779809560591225e-04 1.947362251317692142e-03 -7.920934040235099675e-04 -1.678119425808311839e-03 1.029042848581242361e-03 1.558805419246726874e-03 -3.713280234551923032e-04 1.490938366373151898e-03 -1.163099466958077578e-03 -7.066807798194851397e-04 1.022611945320474336e-03 1.410303130777998144e-03 2.059378557087248891e-03 -2.232543916964261493e-03 1.917639034807601525e-03 -2.559603098208545276e-04 -4.795536510082161062e-04 7.118640813157542466e-04 -1.003950111131717471e-04 1.941116567457684466e-03 2.763275734824164557e-03 1.518435890732944054e-03 -3.109145296615307627e-03 -6.098624975880734701e-04 1.521727335156301646e-03 2.045857961855127114e-03 7.832224062199908896e-04 3.323798542597064271e-03 3.106949889497252564e-04 -2.705220637412537616e-03 -1.524622535238144170e-03 3.660619125702957964e-04 -9.909617298867669666e-04 1.856605931404734042e-04 -2.781875532750526913e-03 -2.170748570061637774e-03 -1.147259888070426958e-03 6.463267149701382337e-04 6.977024092287218955e-04 -7.528010339915682317e-04 6.850797999769521994e-04 -8.590033238284668375e-05 -3.689528515927777141e-04 3.074693237941622114e-04 1.476597261001527314e-04 -3.848387541156758607e-04 1.716333801951887067e-03 -7.500166488666228093e-04 -1.798197816674458171e-03 3.083350482775168802e-04 -1.924766659265317748e-03 3.578570932723406967e-04 5.411559235169827002e-04 -1.174908290071639784e-03 -1.612467764743805848e-03 -9.086744600110151140e-04 1.875217246579857213e-03 1.275489090989860488e-03 -6.339420693426338176e-04
1.670805561620976321e-01 5.828767322685574764e-02 -2.065967206876091495e-03 -7.791670176424308862e-03 -8.015466769544725423e-03 5.018840857380041202e-03 -1.728728884402791488e-02 -2.950912005465689946e-03 5.762965445238831148e-03 -5.857547729526054424e-03 4.864824133000730452e-03 1.374475805489904813e-03 2.110221049878771918e-03 1.617314116593972445e-03 2.496879458546812959e-03 -2.520749085225148199e-03 -4.125861481204599369e-03 -1.125368196463140749e-03 2.238320316778498638e-03 -2.929957635819221019e-03 5.848809226246466826e-04 4.150569400268370318e-03 3.473119480243344430e-03 -5.762019290172175736e-04 1.355858529466215812e-03 -9.771077980768498941e-04 3.764798732072483552e-03 -5.331391115409938545e-04 -4.201038512311930221e-04 2.114570355913007315e-04 -1.134294566770429735e-03 -3.483862415054716079e-04 -2.921360454082713286e-03 2.076365059252378333e-03 -1.570986743313095447e-03 -1.375486433947099591e-03 8.596753507768236692e-04 -7.834196417711871254e-04 -1.054643465577658314e-03 -1.266228643493419025e-03 -4.687828199890869377e-04 -3.557142155663332601e-04 1.450333155914147092e-03 1.193280080848663173e-03 8.752115203595457965e-04 1.894413797925513813e-03 9.739471185006907776e-04 -1.053408682363570197e-03 1.273743424066871386e-03 9.862400135104110958e-04 -1.319082568717769560e-03 -1.541998507734429090e-03 1.784340962050441138e-04 5.110891720975074132e-04 -6.369070202960089386e-04 1.749943842168862540e-03 -5.427562345291229344e-04 1.328053092244823588e-03 -1.890423564704137417e-03 3.006522928054281723e-04 -1.004833508169500518e-03 -5.154365184351689024e-04 6.838395760806045484e-04 1.410461690601424144e-03 -2.166056792967797733e-03 -4.487040927403302998e-04 -1.066304438378139007e-04 -1.061813176032367658e-04 -2.384598206353314136e-03 -1.207430649090410115e-03 -5.957201954459068497e-04 -1.240421859139856657e-04 -1.491682432899409929e-03 -1.560794572910512547e-03 1.866224068856009747e-03 8.689156416038810787e-04 1.165435775068135796e-03 -2.319447997262287216e-04 -3.686808334636124443e-04 -3.165088721156327075e-04 -1.366374631656969575e-04 -2.186557896198732301e-04 -7.652259382846291575e-04 -1.033390805292094860e-03 -5.189856044868847206e-04 2.672300873816792319e-04 -3.925883586822730945e-04 8.084701071430324456e-04 -5.100485251931137498e-04 -1.225257784507112100e-04 4.920152570734351825e-04 5.144948887566444485e-04 2.911377419967907048e-05 -6.833282571880479588e-05 2.186243333791015864e-04 2.274701884798796688e-04 -3.575799584997766322e-04 -7.277428407230301195e-04 -9.584161579618687577e-04 2.485853869916604571e-04
5.608295285593839496e-02 -4.169531088001175029e-02 -3.382177060368603012e-03 1.841590905344327525e-02 -7.418650346203239411e-03 -3.958633311720445819e-04 6.983270056663424576e-03 -2.378439653782536776e-03 2.223298924989850628e-03 -1.609393541470184206e-03 -4.157468415273352265e-03 1.710229455488187491e-03 2.936823814997166840e-03 5.580268963295558979e-03 -1.997951214144357175e-03 -1.032685111883518796e-02 -5.398702945189219659e-04 -6.290649963453635168e-03 1.616974709141346094e-03 -2.868291898985350814e-03 9.502873137868186491e-04 -1.946890563330503450e-04 2.333148144260461816e-03 6.125727938014493418e-03 -4.411007131896529931e-03 -1.876411540730617104e-03 1.368310698314722856e-03 5.981765900387823326e-03 -6.328338483024506341e-06 1.481599025731947933e-03 -4.885390486744846557e-03 -1.011955630061079628e-03 3.375250271569213076e-03 9.494142572947640406e-04 -3.117070885379944162e-04 5.348847643800413477e-03 -9.519127902794008011e-04 -3.297031472892234449e-04 -2.932422887076046800e-04 -8.456248820786622889e-04 -3.132090278806357476e-03 -1.351673762118756327e-05 -5.970440443771851116e-04 1.559746553027312839e-03 5.553877182445225193e-04 -3.225690069955740660e-03 -1.205340085831847329e-03 4.062500956157778093e-04 -1.753526900390100628e-03 -1.124452408866268927e-03 -9.910842227444647320e-04 -4.856665324743139850e-04 -1.054875438309649087e-04 2.300338026122054956e-04 -8.237158831997219450e-04 -5.608146129036944592e-04 -1.733894270444431319e-03 -2.324236608888197164e-03 2.241816281747605055e-03 4.758016919696712670e-04 1.859988916313737913e-03 -3.536417754574656264e-03 4.279812649116751370e-04 2.141454421798286503e-03 1.179761814074756698e-03 -1.097391967735027608e-03 2.355142524423814009e-03 -7.127174630457992679e-04 1.363199290060699252e-03 -2.023717208320369599e-03 -8.815917896520162299e-04 -1.209567941871431043e-03 -2.373945997569197087e-03 -2.132920129203448242e-04 3.088184708659792201e-04 -9.151164935569791386e-04 -1.194956180507327241e-03 -4.583339886000834733e-04 -6.098072723799707624e-04 -3.521428324803373817e-04 -9.417941315967977246e-04 8.176897207982542241e-04 -8.875740441565754466e-04 -8.365512135315069774e-04 5.396469233578237573e-04 6.985873049823269074e-04 9.664115634885352656e-04 4.413257258962368442e-04 5.290861902944391784e-04 7.834346246713281810e-04 1.634609924049380770e-04 -1.887104745119772648e-04 5.632629709510090761e-04 2.031980739151985349e-04 -1.906968597610667212e-04 -4.211787974382785217e-04 -1.115736929188378548e-05 4.869531601569238402e-04 -4.984368692813014512e-05 6.574459134693594982e-04
1.272441903941471664e-01 4.290820155234315730e-03 -3.333095099797411549e-03 1.194180241741267003e-02 -6.769694808542837429e-03 -6.268910818653231944e-03 -7.250939025709993678e-03 3.663653964775059977e-03 6.214705419069410305e-04 1.929499197207805038e-04 -3.906397783011356095e-03 9.069703375810742041e-04 8.224672810510863866e-03 3.968464726154045420e-03 6.455947781536531529e-04 -6.519594919733506452e-03 -1.782815726261432164e-03 -2.995084359635206885e-03 -3.466576065071733017e-03 -2.637535686396338518e-03 3.471203770161758548e-03 2.462883415983354880e-03 2.515829346019854505e-03 6.158406309519029063e-04 -4.249608352607027115e-03 -2.398129371518062988e-03 1.828679049774787745e-03 7.969111113526754914e-03 5.728936123913704395e-03 4.429395340202646903e-04 5.803833476418342272e-04 5.313352936795671770e-04 3.293878372221691053e-03 1.469878747912123492e-03 1.531797807782312717e-03 -9.936178584422658642e-04 -1.469239000963472796e-03 -2.532666704404737922e-04 4.113916613513950811e-04 1.903214582938453879e-03 -1.975704734147045241e-03 -1.292885756094303831e-03 1.965597983715301408e-03 1.758867970670692916e-04 9.791131751942438663e-04 2.441972977726063025e-03 -1.472637973122760706e-03 2.500265629290320370e-04 -2.773529080001117006e-04 -1.131739048400440218e-03 2.262230373326565031e-03 4.290223380265680399e-04 -3.909781685761286492e-03 -4.502530097519886186e-04 2.555595472963671181e-03 -1.851042162213192756e-03 -7.731758540384154775e-04 2.689791283359388441e-03 -1.280054920517760412e-03 2.969023805233192187e-04 -1.188046197649429052e-03 3.864513090635081013e-03 -2.094038525655322110e-03 -2.217593472521631106e-03 -1.652565452237365114e-03 2.078295685439658126e-03 -1.965168749145745648e-03 7.144608899610040750e-04 -1.494832618071183618e-03 4.525657787037425345e-04 4.246095278295638023e-04 2.119516596746317399e-03 1.660860290549344247e-03 -1.088225094803046066e-04 1.020862730873207860e-03 -1.306317446371431336e-03 -7.892949529023923641e-04 8.328217270697939930e-04 3.339836388910646632e-04 3.876325371309425390e-04 -2.463760054609942605e-04 -7.955680540477062758e-04 7.592619060834263946e-04 1.249512872817859369e-03 1.269245003864199822e-04 -1.649363064528286025e-04 -7.661210374347664741e-04 -7.019310846375409387e-04 2.056930761888838531e-04 -4.256553001697021264e-04 3.362933722918757542e-04 -2.138356572553440100e-04 3.471481118517464291e-04 8.295997626434906602e-04 2.104605167955058722e-04 -3.467477491926825072e-04 -2.428558784518604254e-04 6.038250538790739452e-04 5.337252632642017561e-04 -2.358507749640156078e-04
4.350638206863930574e-02 -3.845727762543937889e-02 -3.453817621606029321e-03 1.501735967490946781e-02 6.113215170303637480e-03 -7.367289959308766928e-03 1.238869651567289570e-03 -7.897359997720447555e-03 4.875032822302108847e-03 1.227060911125923926e-04 -1.845012884262521753e-03 3.609637137808000430e-04 5.072496093661086822e-03 5.047863797894429653e-04 -5.039470602589992548e-03 -4.253401706600509410e-03 -2.422875889926551403e-03 -2.505320450328143815e-03 1.803172071796682987e-03 -1.957429539401007914e-03 -3.542178181436843516e-04 2.932474726326736729e-04 -1.259662510708055207e-03 1.238285778133012011e-03 -1.113598938754328110e-03 -2.943826967743137877e-03 -1.677778042659393049e-04 2.985694278416791249e-04 -1.150437046824818359e-03 -3.100723669308109260e-04 7.903667653705123307e-04 2.960132485900983487e-04 -1.090024907356107551e-03 -1.212618010838947087e-03 1.678978628372379761e-03 8.433615443298698793e-05 -7.426614419994962855e-04 -1.041222782793509551e-03 -1.303965788783670353e-03 -1.180497280900120625e-04 7.405512936320080225e-04 -2.053599990026433149e-04 -6.509240038041946884e-04 1.224726806726101052e-03 1.588536408591344283e-04 -1.257005612875936040e-03 -2.300365542374723004e-04 -8.043208948098401262e-04 8.628213483311352556e-04 -1.535929134994820340e-03 -1.103185957497892594e-04 4.329214452135359166e-04 1.181118062618498376e-03 -1.931722432416553602e-04 -2.652812149946540913e-03 -1.274370757730181915e-03 2.593663902247694050e-03 -2.749049941886823572e-04 4.469850348059186762e-04 -1.184611951180461562e-03 -1.214771234096987361e-04 9.047324272381245414e-04 -9.199743437139671709e-04 3.646539134727790738e-04 5.085846090605206267e-04 -1.647180977664119679e-04 -7.138427820496632149e-04 4.263326380935542558e-04 4.530284044936307695e-04 1.584769348337285860e-03 2.506331654617806673e-03 9.946499507714086624e-04 9.844887552831584412e-04 -1.378253352121680574e-04 -6.680931567544935289e-05 2.345144506311147483e-03 -9.204284605476431710e-05 -5.831017079123544276e-04 3.110635699622974620e-03 9.850259820407792580e-04 1.332483686730626333e-03 3.669299803164764295e-04 -1.208495916945551141e-03 -3.934855165992251318e-03 -4.849039568414601929e-04 -1.636477156120508996e-03 -1.826315492947631946e-03 1.449789998176961815e-03 -1.569061613751193164e-03 -1.498067219008943855e-03 -1.238933798898299949e-03 -2.069693713153127317e-03 5.298947144766753522e-04 -1.601395449857807504e-03 -6.304460239764691403e-04 -1.619141343695426442e-03 -1.123839609806910709e-04 -3.645709613885745855e-04 6.983497489094942249e-04 -1.018394002071428689e-04
8.854912262584580321e-03 -8.054052857419504233e-03 -7.687755366388908905e-03 9.692253982226109107e-03 1.498776491629645255e-02 -3.350099899029757695e-04 -6.425239113410907525e-03 -6.706727716834582145e-03 4.131444758457307985e-03 -9.356726473821434667e-04 2.181460617420717500e-03 -3.551834560447643396e-03 4.659354721438370948e-03 -1.199415955981336093e-03 -9.317104391562670840e-03 2.402710951612727162e-03 -1.484033480435865190e-03 1.948250743985654445e-03 -3.542086661168793605e-03 -4.849099414087513354e-03 3.543083668831477004e-03 -2.598316600587098971e-03 -3.832458879198928896e-03 -2.529110201925534665e-03 -1.613764706417544314e-04 -2.394039171377038144e-03 3.584514743314959079e-03 1.062694197417813766e-05 -2.671211153799514515e-03 1.040857872409065629e-03 2.211810023401962911e-03 -3.542221092518734555e-04 3.837518589352856713e-03 -3.892024823019834146e-03 2.809584870034212488e-04 -4.794255726296896628e-04 1.773158098034629615e-03 8.167946061166687097e-04 -4.274504499214092090e-03 -2.326464150867190578e-03 6.188001176681251058e-04 3.397346281689762968e-03 1.463037744253403846e-03 -2.018255093733491504e-03 -1.930144777801884055e-03 -4.290803188394130309e-03 1.992610287780317933e-03 -3.167072485744806733e-03 -2.831963652974756572e-03 -2.984368815191193892e-03 -4.871187195382186905e-03 -1.070113816474178555e-03 1.536481831409849518e-03 -2.007763540784353578e-03 -7.506733150181621505e-04 -2.889446424855780272e-03 -1.366808476260085578e-03 2.445921495890795647e-03 -2.044611579406289872e-03 -4.074476645347389946e-04 1.761280622612625135e-03 -5.341624405957854684e-04 1.954646372445869977e-04 -3.058978492830782868e-04 -1.283866633165185690e-03 4.915215901501167485e-05 -1.891345938916486882e-03 9.108295903541590481e-04 2.268687714357652267e-04 9.098940208783369956e-04 -1.709384546004412029e-03 5.678021564408760507e-04 8.937874821810981628e-04 5.461615901509344999e-04 1.550037639843652006e-03 -4.619133359995285411e-04 1.700330941931156451e-04 -4.138977195896915290e-04 -3.473646589231356896e-04 -2.024117435998212821e-04 -8.954199909800538625e-06 -6.763020186158650790e-04 -2.965533583958332117e-04 3.123758847512362940e-04 1.823217388372092593e-04 7.225183555046604420e-04 7.002470788531303843e-04 -7.013574243968248665e-04 6.429222436588017753e-04 3.138354792656512468e-04 4.625966582313874873e-04 3.393158801257582704e-04 -4.035694353291646415e-04 4.501785734966715102e-04 3.500540858383488323e-04 4.677355041817591067e-04 -1.691948732448940180e-04 3.240140724054211955e-04 -3.715952369729442063e-04 -4.409882789982013458e-05
7.370816639752206245e-02 1.195120883415384458e-02 -8.509721223800859394e-03 8.513043718367958521e-03 5.822689458640857747e-03 -8.704305720831110801e-03 -1.205420961428267136e-02 -3.401997373766313393e-03 7.364379660406183623e-03 -5.136620475472469284e-03 -2.199008170473900747e-03 5.582670796485537761e-03 7.742190799440845476e-03 2.493432784522492830e-03 -3.743968352825440601e-03 -1.884241434305617498e-04 -4.745199629992363582e-04 -3.346625381180513142e-05 -2.295826935105440940e-03 -1.030250427668737579e-03 3.959556510292328718e-03 -2.633407166653001122e-04 -2.244371767119841387e-03 -4.149258922985964854e-03 -4.389011595883341756e-03 -1.959470146474433325e-03 2.963412779985639782e-03 1.616789078294278165e-03 4.551927008621744694e-03 1.072546765665211097e-03 4.043757284527872871e-03 2.848687620409050877e-03 -5.388290393782017634e-04 -4.361386212210712626e-03 2.628759966931496503e-04 -4.742995788170227718e-03 3.280655262173692854e-03 9.523897486330393410e-04 -2.476115643444438009e-03 -1.660246699037597759e-03 -8.966072454480975050e-04 6.069991854117524595e-04 6.898716566113909055e-04 -3.965694650281136741e-03 1.598751886771143313e-03 3.320963273260790858e-03 6.713324004364666078e-04 7.658683933140456729e-04 1.112403293445788375e-03 -1.980097836232246533e-04 -5.621310666891062794e-04 1.417642645811232661e-04 -4.362393140091960276e-04 2.118554687045366052e-04 1.198979376661284601e-03 2.642556229006198885e-03 3.013841916438564101e-03 -1.821255309950630622e-03 2.181718067528011420e-03 1.466027897877007725e-03 -2.140465463190288457e-03 -8.142960314058450989e-04 2.684649196614429922e-03 5.737687139120656397e-04 2.818936924012262722e-03 -1.310640487628123929e-03 3.524530617669493788e-03 -2.331310081387509212e-03 4.758236289126347536e-04 2.869266711490699238e-04 4.719510848833198503e-04 -8.234801831736886972e-04 -1.052010990170276859e-03 5.242630833886135783e-04 -2.658936546685792320e-03 6.508679101166460967e-05 1.025982079700237014e-03 4.714899772058127542e-04 -7.173724916755873718e-04 -7.373800547704189310e-04 -7.245202676517529562e-04 -1.783482121506608294e-04 -1.953666652509611563e-04 4.776283024311392292e-04 4.649233114872427988e-04 4.287980527968620801e-04 3.307841214585856981e-05 5.330236992212543379e-04 -6.615932696126520618e-05 2.656274668298548255e-04 -2.897079827940450894e-04 2.610408337351695798e-06 -1.574664973049851556e-04 -5.432934082557337209e-04 2.715664943876425815e-04 -4.167328309990822165e-04 1.819807396714037326e-04 -5.273280277411726438e-05 2.947447203056180646e-05 -1.556016026591522676e-04
9.762928792522738985e-02 4.324838162971364822e-03 -2.110774671518860293e-02 2.101841210072996971e-02 4.506749623039169733e-04 -2.977073673151948031e-03 -3.757776569083328636e-03 3.199532233086412741e-03 6.932995844897686492e-03 3.959408468659008501e-03 -4.086562383836355242e-03 -4.913146837900642279e-03 -2.741211868124868774e-03 -4.097785021590047189e-04 -1.146436631353180916e-03 1.671717288937996006e-03 3.660974723979101928e-03 -5.371951988187591677e-04 -4.830090542000072852e-03 1.396961523092206652e-03 8.301027145312582598e-04 2.960160836884437058e-03 4.811982099408761219e-05 -4.375447958257462286e-04 -1.605906808830954080e-04 1.116761337556099361e-03 -2.298180148869699482e-03 -3.949200164800650273e-04 1.304519488844433110e-03 -2.341328468508663881e-03 -4.702316198494808702e-04 1.666870961360528711e-03 -1.162343788098317218e-03 -2.533067287396325012e-03 -1.420657649253285115e-03 -7.143426088279494800e-05 -4.080327191887415592e-03 3.837706663800644850e-04 9.959121627837481255e-04 2.003388148567236248e-03 8.214540757247774678e-04 8.584805268444110947e-04 9.334837993834002199e-04 3.025769062665248626e-03 5.391030934365013093e-03 -4.596332791007039231e-03 -2.389661859954826922e-03 1.229867473130166929e-03 -5.814179939547386988e-04 -2.646853825889024171e-04 -2.550504421998967767e-03 -3.548823755809710385e-03 9.917477028904427526e-04 2.329981103312714786e-03 1.008089283890116917e-03 -1.063626265855548673e-05 1.538707952973335496e-03 -1.462984066922777939e-03 -5.853618375043696288e-04 1.321333538859879083e-03 -8.342977768528949583e-04 -5.252861714737505888e-04 1.961920066631053349e-03 -7.562243501603596943e-04 8.888048912666389250e-04 8.814265468606270271e-04 1.010262691406850228e-03 1.626918384145779406e-03 -2.884326170580443424e-03 2.792540317865300527e-03 -3.087094582642975395e-03 -1.440812475941020618e-03 5.825135386637277020e-05 -7.233397350794429879e-04 1.542958671408956300e-03 -1.135457513229195126e-03 1.719776690200920406e-03 2.116723910372222527e-03 -7.632138740361023906e-05 3.995883001503316555e-04 2.534280653700248637e-04 1.006633330741189261e-03 8.971385803757948559e-04 3.028714733410975131e-04 -5.706164065462343126e-04 -7.062370254047434888e-04 -1.745968349863712306e-03 8.776848674264107510e-04 -5.186760087038592808e-04 -8.155049887777595296e-04 -7.648093342995320419e-04 -6.638917930517686814e-04 7.131058801586140795e-04 6.144225154056466489e-04 5.595801257843618275e-04 6.681571306340869420e-04 1.459336325827448452e-03 -6.799600869397550524e-04 -3.043084337674352067e-04 -4.011887482224162299e-04
-5.137651562581754643e-03 -5.976480488711369277e-02 3.315187370543309919e-02 -1.026726735990591936e-02 9.123691926709321873e-03 -5.534436996191969410e-03 -7.178964281652127320e-03 -3.707520611416442822e-03 -1.848450176952723487e-03 -6.540184817587049379e-03 -2.734280871938841832e-03 1.322612941809782859e-03 -8.396279620023545942e-03 5.239163045116126786e-03 2.036886312475355825e-03 6.855351575449144261e-04 -2.148927079321754589e-03 -2.682841217489448805e-03 -3.290862383808253709e-03 3.231727451979761771e-04 -8.270106558021824003e-04 3.160065585560991718e-03 -4.968350549939391401e-04 -2.611677260452325688e-03 1.805505389691074982e-03 4.257453453703446793e-03 2.532845207488932868e-03 1.292400451445227527e-03 3.123828400934795281e-04 -8.870819285541497621e-04 5.972719527469675174e-03 -7.107024949326469629e-04 1.029318638257160001e-03 1.658834219452606784e-03 -5.086667235063070691e-05 2.591627706346161675e-03 -1.655234605322301617e-03 2.807429655151005236e-03 -4.904635922965804848e-05 8.120617956694053518e-04 -2.231693675569382859e-03 -1.194820305614836906e-03 -6.893621833144517302e-04 1.010959766185341160e-03 -8.132572253007627023e-04 -9.517640245160882868e-04 2.631442883008311331e-03 6.861447123361299376e-04 -1.552646912726369935e-03 -3.927552292740564490e-04 9.625897016823051374e-05 9.600473317083738816e-04 -4.116974409019520317e-04 1.861888970457781321e-03 -7.424688700938716608e-04 -1.376808637361529909e-04 2.638611265629282367e-03 3.809240813478194723e-04 -7.750353435667878483e-05 -1.531848842051558460e-04 -8.364354597724730882e-04 -5.288619059330350411e-05 1.208032029904426317e-03 -2.566117084788615285e-04 5.209414001778211361e-04 1.048279122375260584e-03 1.520939679240833661e-06 -3.343378956491693940e-04 6.535757979439874585e-04 -6.326898161024818983e-04 -1.623618167961150046e-03 -4.546216311533317431e-04 1.226781673580350489e-03 -3.367881496340866714e-04 1.864306161128688282e-04 1.318832313731877967e-03 -4.003521612326342094e-04 -1.344178354682407052e-03 -4.089751831870186752e-04 -8.505063570782928290e-04 4.448340214766219845e-04 -7.262958450100422559e-04 -5.715123207299565222e-04 4.577212800062598411e-04 -6.435631670173428721e-05 2.232645350282134740e-04 2.951826224453716740e-04 -8.617749377890642241e-04 2.339479447399158297e-04 -7.122202606043644309e-04 6.052331598983449416e-04 4.779780769667101286e-04 -5.123816215687208766e-04 -5.749884957458048854e-04 5.069823818643156730e-04 -1.334532339018884121e-05 -4.312767702216677179e-04 -6.656362437248783273e-04 8.490152806622518504e-04 1.262918581403153512e-03
-6.587430470471952737e-02 -3.363382456489306255e-02 1.821798627441762602e-02 -1.519606992082245256e-02 1.990701861939597761e-04 2.993266591872591805e-03 -6.644188836758816406e-03 2.131874925124401746e-03 4.528014225702997435e-03 2.004821811122352825e-03 -2.046581223005198083e-03 -1.207602720162759399e-03 -1.291244347336136401e-03 1.043477856357932169e-03 2.438805879398322878e-03 1.919013046238788635e-03 -2.793159231116179499e-03 -9.897101894031754173e-04 1.522055059341024738e-03 -1.308530170191897274e-03 -4.806833130686640702e-04 1.169355215024420322e-03 -4.369494846048278987e-04 -6.945138984756201936e-04 -2.458087899346167275e-03 9.067403194501929512e-05 -1.706790703226138258e-03 1.125246618490411982e-03 3.837366840360164960e-04 1.584147184801163030e-03 -1.428653870635348318e-03 9.769342018500629717e-04 -2.000990484457608378e-03 -4.462093192158861832e-04 1.002724429598723975e-03 -1.030658777025204864e-03 1.561202606546176598e-03 -2.663472578803858853e-04 1.200780824560573499e-03 3.887886710890455454e-04 1.182276931155226609e-03 -2.306066083938406038e-04 -6.165372286093621359e-04 -3.193961167540018686e-04 -6.357306428990246389e-04 -9.087356693164241493e-04 -2.025435008071605793e-03 2.919843056845821544e-04 1.182163677242310156e-03 -1.056943057143613918e-03 4.117380506299217848e-04 -6.446915639647014306e-07 1.835354864573975541e-04 5.071236815364450670e-04 9.054482361489907651e-04 -9.754827304893197047e-04 -2.598354564791108601e-05 -2.389523764237612598e-04 1.543039529641525038e-03 1.699657357546367439e-04 -8.534843598513832319e-04 -1.033710416044138534e-04 -1.736646041509855016e-04 -6.900108680101232125e-04 -2.187245109484503916e-03 -1.483129507776583932e-03 -1.040922749677684195e-03 -6.713103764983721329e-04 1.422205358417313360e-03 1.015831948905254094e-03 -7.314180808032551013e-04 -1.072242180819244287e-03 4.303766473536153750e-04 1.278034303004506626e-03 7.341027084666276346e-04 8.302788868984777764e-04 5.787460137419677330e-04 -1.251526124902831551e-03 -1.208999131953111730e-03 5.641510510673394168e-04 -1.220473611905746689e-03 3.033488894575406505e-05 2.801524944507131042e-04 -1.303440665969741053e-03 -3.883090866610907233e-04 1.055402754745890558e-03 5.285860505742834194e-04 9.650915155977628961e-04 -9.629379400627834486e-04 1.409153798603968773e-03 -7.610702015475137886e-04 -7.120855277500509053e-04 -1.184496492174919469e-03 1.290661844042252345e-03 1.645193054565798150e-03 -9.171786774745389718e-04 6.945514246642387358e-04 -6.797202307533031611e-04 1.663038899007055794e-03 -3.428567364430296690e-03
8.366522419783886666e-02 -4.294950440599482056e-02 2.474999277787371180e-02 -1.055848515920455519e-02 7.392025168013380103e-03 -1.017562380644475815e-02 5.253418760985426733e-03 -3.054628360750218530e-03 -3.219841016627694643e-03 1.321467018987681000e-03 1.322125699043602629e-04 7.062548171331475139e-03 1.055486413019350285e-03 -1.675430568103202606e-04 5.100679631618061129e-03 3.738242365304075745e-03 2.418481940120433861e-03 2.179746950386869230e-03 1.971979788163736539e-03 -2.117611813080283803e-03 5.777933996779540922e-04 3.146532446043571931e-03 -5.959278158216922130e-04 -1.992944782974996869e-03 1.066203959893823630e-04 -1.148266820321524467e-03 1.855407190071120408e-03 -1.066649586979122235e-03 7.169677659221807085e-04 -6.726428318735142887e-04 -4.080667068089508377e-04 1.852107721859728648e-03 -1.829126841411264377e-03 6.856888893462671471e-04 -9.889233359307908391e-04 -9.558868890870456060e-04 -1.709880120323239430e-03 8.158892057443902553e-04 -7.785041534095361176e-04 -7.091298762933775620e-04 -7.932135356694803945e-05 -5.186014274645220487e-04 -7.449090152133130104e-04 -3.596246305136801776e-04 -1.607870673211881166e-03 -6.585403130057027304e-04 -2.382522096497376261e-03 -1.479005531376243387e-03 3.778639100941850234e-03 -4.314461888028005634e-03 -3.446653270020818465e-04 -2.289143990466134451e-03 -2.045596963385028656e-03 -7.252516868501226750e-04 1.664941080889386846e-03 7.757239660286743442e-04 -1.889048220851343666e-03 -2.874424403564335151e-03 2.275234167608352655e-03 2.518101024941065726e-03 -1.314648130606222473e-04 7.308704246268385744e-04 -1.685874766390543442e-03 -9.827567111652669421e-05 4.163568721018573058e-04 -6.801284261332388344e-04 -1.572547705096186176e-03 2.732115249280462721e-04 -4.215893756967310140e-05 -2.320678039603695224e-04 -2.707192162216523826e-03 2.887715272695886713e-04 -7.653397303527286789e-04 3.577402889147707210e-03 8.138938792932315369e-04 1.046499218537208726e-03 -1.319742607140540367e-03 6.373398427107676003e-04 1.160622645547630801e-03 4.200343418978092825e-04 3.261535959624047628e-03 1.426779627810516662e-03 -5.661319318312901805e-04 -8.853677815385025025e-04 4.648521401315914171e-04 3.249370235188898753e-04 1.042921745187082869e-03 -4.181275568884902541e-04 -1.037850866067850349e-03 7.187437438254516307e-04 1.039761533044756278e-03 6.139463958472428763e-04 1.725720606821795101e-03 9.991611405266750782e-04 -2.861774067446347532e-04 9.490142570658711713e-04 -8.863016883700355984e-04 -3.829724394116206746e-04 -5.796913012055806766e-04 2.676065383704882578e-04
1.292701984943273874e-01 -4.204811966636706061e-02 1.949575950096150978e-02 -1.306260108460302258e-02 -3.959464855155813562e-03 -1.164315783061193460e-02 6.117394519712069344e-03 -6.499908107667031094e-03 -5.105380572188338885e-03 8.077528693887531253e-03 2.463568121951036690e-03 4.091504853120105090e-03 7.608811446749242030e-04 -1.978579116114470744e-03 7.429802977358252597e-03 7.870588674730366607e-03 2.871875024584244224e-03 4.183207005662445757e-04 4.707390345533852931e-03 -3.418168500365638754e-03 3.057269198448256571e-03 -1.246116312657973534e-03 -5.162071171496830473e-04 -1.806040400529864342e-03 -3.116205525625473632e-03 -2.104105095071163826e-03 1.673194795495501095e-03 -7.464907178726461374e-04 -3.227072770982411260e-03 1.164034117389267349e-03 -3.333063133865114564e-03 -5.463985666050680950e-03 7.276315913465979503e-04 2.508378143177932744e-04 1.672885857759149556e-03 2.853488444378451949e-03 4.914296982043393075e-03 -3.386995408675269039e-04 -9.108174321739271695e-05 3.935641197860465131e-03 -3.331549136886636630e-03 3.897340124987533783e-03 5.485394086603226100e-04 -2.338171033901682242e-03 7.377511000135661239e-03 -2.607809992920330261e-04 3.649193451053361990e-03 1.767827338615233102e-03 1.206283327396336005e-03 -7.740050201627666658e-04 -1.059141029606992628e-03 1.184917748169454516e-03 1.533410763913389276e-04 2.961097865836395410e-03 1.011685413816625946e-03 -3.026072134734606811e-04 1.528195612466562480e-03 1.682966233179028753e-03 9.777650701710998479e-04 -1.729181992879236501e-03 2.025026383705654681e-04 1.733175516241729263e-03 -1.583586381015687642e-03 9.691786806046082722e-04 3.419567625405347069e-04 2.713270747358635746e-04 -1.471466691811751944e-05 1.074804251788554800e-03 -5.885983569231484445e-04 8.624511824281713918e-04 5.084033533892067230e-04 -2.891134687012091053e-04 -1.092716282400105340e-03 -4.733327365222310358e-04 1.777002304835487330e-04 -4.387771694846081551e-04 -3.232567621359541828e-04 -3.585260508091169126e-04 -4.500861210942926744e-04 -1.742010577064390141e-04 3.043544052953287856e-05 4.118599268928408564e-05 -3.797691258570632311e-04 7.563390501122560028e-04 -4.776934126122325841e-04 -3.389629474695150064e-04 1.988932565090620189e-04 -3.253590186057319993e-05 -7.018198385303177833e-04 1.970653308325008102e-04 -3.082707223495360633e-04 3.082119131521408916e-04 3.274086168579889576e-04 -2.262594400729092421e-04 -5.839458354449602760e-04 1.942211109044497230e-04 1.934224862764002560e-04 -8.929624613209160308e-05 -5.532518709895388671e-05 8.514984935043908205e-05
-7.163726032233820595e-02 8.351323908470932936e-03 -3.968970442492529560e-02 -3.222550057943796269e-03 -3.995249102740148182e-03 1.399088001505469948e-03 4.267069557678356473e-04 -7.023866821645928515e-03 -7.951041026995247021e-03 -1.257878736069881079e-03 -5.039946493880981043e-04 2.668759623112773442e-04 1.270658619843422063e-03 8.486027010389682540e-04 2.438407184525823949e-03 -1.584894123492939936e-03 1.859072588623410238e-03 2.036163244456566657e-03 -1.785049368991373621e-03 8.937220093101684191e-04 6.284665465448330962e-04 -7.477537867434069481e-04 4.671142441800879607e-04 2.681502389792288273e-05 1.647271648280475157e-03 2.418870931902975029e-04 9.572519885331075848e-04 1.039212091341929108e-03 -1.198635364866519788e-03 4.310203468281296552e-05 8.657466184805638295e-05 2.939229669064793711e-04 -3.868231226520921565e-04 -2.985066064200537239e-05 8.742255702800173951e-04 -2.424973985440609728e-04 3.570431059505187882e-04 -3.875805086365551825e-04 -4.714411522651304237e-04 3.428991087644838267e-04 -5.823240764845343263e-05 -1.234312725142831628e-03 -5.626822626729392849e-04 1.505201083117747938e-04 -1.254144739230284955e-04 -1.109604136690725697e-04 6.475130138047569851e-04 4.464555373429469464e-05 -5.576452742731369218e-04 -1.043023651698422568e-03 -1.186737466227184455e-03 -1.117363261559528202e-04 -6.764683348606264799e-05 8.197359598242056136e-04 7.578665442123029864e-04 -2.331418488656760433e-04 2.172454376677505092e-04 1.077239737923538806e-04 -1.256514758805719618e-04 5.461325662869824299e-04 -1.773621547200362623e-04 -2.415912118057625835e-04 -3.317976532282451989e-04 -3.358203792090057966e-04 -3.133421686725964888e-04 6.170125514948651094e-05 -1.829271122950429692e-06 -5.484412120231593269e-04 3.372583949839051774e-04 -9.833498801951195967e-04 4.137920631738785208e-04 -6.353372094016957773e-04 2.202852817908126037e-04 3.328630767737784978e-04 1.364088092895972498e-04 -2.713782322803830953e-04 1.089960476701206347e-03 -7.102046642326406570e-04 5.772820584687005097e-04 1.741858066289752325e-03 -7.713309894092239055e-04 4.517038206328985067e-06 -7.602812878468906584e-04 -4.804771895555113572e-04 -4.815541559347960858e-04 -3.614356876407709147e-05 1.231317102942881868e-04 -1.076713591269591640e-03 -1.124787967281003941e-04 -5.664875775035553519e-04 -3.913014134203461202e-04 -2.473297365674470257e-04 2.209339272998394883e-04 -2.435349480069048733e-05 7.002222816289491300e-04 2.781610373285498873e-04 -5.287002930877455912e-04 -1.420041352144935532e-03 4.805874933391487058e-04 -1.778515278000459719e-03
-6.615306467864857931e-02 1.083105170564841596e-02 -3.899359057968393438e-02 -1.225642287936535950e-02 -3.183040761296092400e-03 -4.333460938932083041e-03 1.084721073806050110e-03 -5.037918158163142909e-03 -5.173986591404946059e-03 -1.483932570422173778e-03 -5.239538952795265827e-04 -3.783568029232130996e-04 1.087899541632238003e-03 9.094620511734753839e-04 1.517288529171412735e-03 -2.814124490450489128e-03 2.272442100940120797e-03 1.645234115781617342e-03 -1.479222006756721356e-03 1.970347964026860407e-03 5.327784970345325914e-04 -7.549295398232520665e-04 -5.408550057298447920e-04 -4.236509906806763532e-04 1.625584517668228176e-03 4.300296269626935797e-04 1.150683089641765366e-03 7.017580904684582715e-04 -6.204245132650925993e-04 -1.104273344339242066e-05 -6.342259876327422784e-04 7.513920685191706212e-04 -1.798414383156930144e-03 -1.204920034510330903e-04 9.439801749341397361e-04 1.081377288677897705e-04 1.417583374741045632e-04 -1.195278395850209304e-03 -1.722727377925601039e-03 1.560350919602344856e-03 -5.036929325360803940e-04 -6.657546452487839378e-04 1.031035220466496212e-03 3.453285347129603222e-04 -1.738956581418341096e-04 -2.566614178032196753e-05 2.807447229670137641e-04 -2.963960358197278663e-04 -7.261952431122366226e-04 -8.490326584645824454e-04 -7.503793541528697023e-04 -3.106386606244915694e-05 5.616649549632083722e-07 1.444647884552172578e-04 2.425531959085121302e-04 3.164829132063142077e-04 -2.860331938951163431e-05 -1.718458673924666417e-04 2.694031292360603118e-04 -3.924483210024973094e-04 1.821137706371855447e-04 -4.331246901260412839e-04 -6.063416675349630027e-04 -7.275519364777605731e-04 6.802409308333061920e-05 4.189679122188992024e-05 -6.825053600193622754e-05 -6.864633977692850700e-04 2.165607873245818934e-05 -1.619182580982746764e-04 5.785160060115481949e-04 -7.465714670810876929e-04 4.921434139286328053e-04 5.682922272051271892e-04 5.295690695567549120e-05 -1.343228228579919554e-04 2.984562819546773284e-04 -7.163986798027827856e-04 4.098302906545141537e-04 4.951217395926092203e-04 -4.583203676972792164e-04 6.636595341845449424e-04 -2.824619388333450684e-04 -1.507599185283393917e-04 2.389357588501202082e-04 -4.548016599647800484e-04 2.198261967082206002e-04 -5.537416233106475178e-04 -7.945036316044397622e-04 -9.641238899735067808e-04 -1.178644736596488245e-04 5.619024656167782893e-04 -2.122897238709304006e-05 3.034957751409801370e-04 9.778479018402259828e-04 2.493849225519630011e-04 -2.385079977682149789e-05 -8.101655022150534586e-04 4.028422011384364624e-04 -2.280068728331126153e-04
-4.239177461049902645e-02 1.546282155568579932e-02 -3.768752280566581292e-02 -1.443136500245683664e-02 -3.888693495379085116e-04 -1.157050560805551395e-02 1.143177183170646614e-03 -2.708223117783393769e-03 -1.408343060984551011e-03 -3.460982832533142286e-03 4.892076787317493593e-05 -4.918140676406842094e-04 -4.642468467101799152e-04 9.269708121654008466e-04 1.421462095430213663e-04 -2.796251930955544456e-03 2.753601454877905360e-03 6.849253588100686447e-04 -5.481011135599816791e-04 1.756961682461733853e-03 -8.337139342578145894e-04 -2.076670819525567712e-03 -2.333511175189595117e-04 -2.001064325993032742e-04 4.851675339736059986e-04 1.583834392977026030e-03 8.783067546075947569e-04 1.127985582823430111e-03 -4.585583553038443121e-04 -2.934712964215123996e-04 -1.224640045900043678e-03 1.269647709332238179e-03 -3.470451353543270445e-03 -2.307093359567775372e-04 5.192879287283821803e-04 4.444276194959362173e-04 9.909090763248239522e-04 -6.531701599353987014e-04 -1.716797721050058578e-03 2.617890170084396975e-03 -1.335082345217738099e-03 -1.219987666644370742e-04 2.284759423525884424e-03 -6.395695202878193264e-04 -9.531261593689140024e-04 2.368655308503247743e-04 -9.036917914607959677e-04 3.893708929780873721e-07 -7.831960089934629846e-04 -4.182581017985849349e-04 -8.230887689683815149e-04 6.556588721134174423e-04 -5.200151941315347146e-04 -3.867253848183401519e-04 -1.081246439734618193e-03 3.999723794714548676e-04 -4.482238808980629706e-04 -7.017756893213484507e-04 -6.373933941430259299e-04 -1.457987402937432333e-03 1.274429752952982073e-04 -3.352468869222322533e-04 -4.189201464154386728e-04 -1.816227321535949461e-03 7.647544969032195024e-04 -4.726074564098194943e-04 -3.548573082108483711e-04 4.869224578897988153e-04 -1.245290362769828742e-03 1.498120774500316882e-03 7.345357519856699413e-04 -1.826093551152707878e-03 1.403322351451199935e-04 -6.212755439856086919e-05 3.874043744380303519e-05 -3.553761757064977122e-04 -1.211221170874465195e-04 -1.243886204085097383e-04 7.101760852659196488e-05 -3.286547100056237073e-03 -2.370663499874161337e-04 8.801705421691217697e-04 2.693513048681682844e-04 4.310472906088152323e-05 2.313084980025742390e-03 -2.296524518812655905e-03 1.190837090874566047e-03 5.641178772363012253e-04 -1.430158998777784657e-04 -1.247955184488448417e-03 1.092299810672459418e-03 1.181257774885655218e-03 7.472403088082018099e-04 1.122357209474030611e-03 1.375064157518340879e-03 -7.818262853353579941e-04 3.997472583993492740e-04 -8.929698076819555727e-04 6.687562725310308969e-04 1.882245683650859503e-03
-3.465231889555453471e-02 2.197341271504492724e-02 -3.704671009358146555e-02 -1.225686844585223596e-02 1.486849174885921656e-03 -1.011471299595824956e-02 3.580255596548766617e-03 -4.710261056120421119e-03 -1.526006716937213480e-03 -5.419763056768103424e-03 6.745997473858430030e-04 -1.607269549746305698e-03 -4.039836774099398397e-04 2.161141448510113701e-03 1.781615575855714957e-03 -2.161674717691791994e-03 3.447369740256701030e-03 -5.253991373656393326e-04 -1.659594367018246220e-03 1.411330499877647441e-03 -1.819118302511505043e-04 -1.800516036456290296e-03 7.378942113380035275e-04 -7.144625099638053601e-04 9.653330473196672498e-04 2.145973813854560371e-03 7.584590231221287338e-04 9.224187881406039312e-04 -1.106493613250695050e-04 -2.017732145066481559e-04 -2.218251849009420136e-03 -4.623843213506977166e-04 -3.749996604106002433e-03 -2.081596548061934171e-03 1.772496615719691519e-03 -5.460481852296821823e-06 2.755735867407820526e-03 8.975502320479095304e-04 7.317140860078593170e-05 3.456517837597397787e-03 -8.040032391415446403e-04 -6.958181548616487440e-04 2.431540257931616000e-03 -1.321946067007338322e-03 -2.061364030936044516e-03 -2.381787288712531702e-04 -2.338492325411922410e-03 4.629161488713094425e-04 -9.182300167670989083e-04 -1.591045228193636646e-03 1.287776131673553379e-03 -4.309815904882066022e-04 -5.778759715269118089e-04 -4.153379301136575865e-04 -1.366111640556247082e-03 7.068437029989132819e-04 -4.339279877429475137e-04 1.943740297664048962e-04 -1.512174760090550856e-03 2.057728402692265751e-04 6.544671192845675145e-04 -1.667057686355480697e-04 3.324573698716466351e-04 3.572300992780356554e-04 1.399447612158871181e-03 5.517020730417070661e-04 -3.874214304776014170e-04 1.188972200395369081e-03 2.336603680197614301e-04 1.529178777807937810e-03 2.214057033964452956e-04 -1.157353241314711638e-04 -8.800752752139438849e-04 -1.235215678470474691e-03 1.460145459860529146e-03 5.905616531044324867e-04 -1.081768315157549893e-03 3.265630629006601414e-04 -1.154981046504163170e-03 -2.348082364894049905e-03 1.401478836887364151e-03 -5.446722328356598834e-04 -7.343304616290847282e-04 3.966589265525920661e-05 2.621779832147359129e-04 1.915385396806702648e-04 -2.828837405454928157e-04 5.784334794612509172e-04 1.486108899167314914e-03 1.624780809986300185e-03 -9.062656465432947705e-04 -1.490843171553616741e-03 -3.975897811532981920e-04 -2.607853671471348288e-04 -7.812949583257408973e-04 -5.777504684987028617e-04 -4.693445300132964462e-04 6.495523808442531244e-04 -1.889696101087754712e-04 -1.039628918716446141e-03
-3.399551236064790594e-02 1.587463941741322146e-02 -2.970494548483662220e-02 -6.937304495756105045e-04 8.764558488627772342e-03 -2.597456901197789728e-03 1.801158440769827507e-03 -5.758278410826274396e-03 -4.476480625236289521e-03 -5.644052890727693089e-03 -2.398449077797919129e-03 -3.850543566984024509e-03 -9.692113858931188791e-04 -1.499925079217688442e-03 3.693612116888746275e-03 2.118745461176409564e-03 -1.902475079591561032e-03 -2.427741226482092382e-03 -1.165414358104993608e-03 -2.706822410499907725e-03 1.825547778650591117e-03 -1.182391996357893410e-03 9.824429385687572566e-04 -1.067412145519609171e-03 -4.658020844307652459e-04 -6.709471760857130393e-04 -1.807099253805435598e-03 -1.217905581356828240e-04 2.162541601379781939e-03 -1.917864285088666677e-03 -9.807774129722674449e-04 2.220466440437355790e-03 5.273031525057992382e-04 -9.512281321603905217e-04 -3.773742488367108974e-03 7.510920312723027518e-04 2.239162417740195136e-03 -5.760647215461198151e-05 4.602385803970968428e-03 -3.077823713958644306e-03 -6.303334053648251053e-04 1.608957976520844057e-03 2.177109582450542646e-03 -6.082944290860354750e-04 -3.303599023140311661e-03 1.496056869881664045e-03 7.821412698174650064e-04 4.946144226727781923e-03 9.199438449496566807e-04 1.724666240534397654e-03 -3.038072566924073393e-03 7.273245729760334315e-05 -2.559666678761401189e-03 6.594173052778577130e-04 -1.327827429693453302e-03 -2.621258737455148171e-03 4.439546666419829746e-04 -3.003261000314660315e-03 -1.985519183883891988e-04 -4.247231214809984979e-04 8.439685991717415809e-04 9.751228465592872222e-04 -4.657462750986551825e-04 2.793382109528601970e-03 -1.397865833804347324e-04 2.795904402750402570e-03 -2.679618286677484633e-03 1.059140704015653581e-03 -1.140177370786466882e-03 3.399499873153631808e-04 -7.516671829666630045e-04 -1.434680865136544678e-03 -6.489551942253161650e-04 3.938302541706756245e-04 -1.478028262060845834e-03 -1.566826432779859751e-04 -1.690569445423019867e-04 -2.487998093072178274e-04 -5.745555985944325161e-04 2.272994524074088349e-03 -1.812329739225314318e-03 -2.815449669733634144e-04 5.641107333703501161e-05 -1.029840486623061040e-03 4.747919100840253541e-04 -3.682153832484402777e-04 -1.353038881058029035e-04 -2.945256566204197289e-04 -6.908304054163357270e-04 1.086039461849818495e-04 -2.312021228754734272e-04 2.914978586214938281e-04 -3.655238536108636107e-04 -3.064043525402021929e-04 9.012976866975351119e-04 -5.627443370349888573e-05 7.803986427100717592e-04 6.202424879632091343e-04 1.283792003478425898e-04 6.761103617104996088e-04
-5.643795925684888526e-02 1.275710257323305064e-02 -3.174225015755475360e-02 -9.589911078388779417e-03 -5.433679598305716889e-04 -7.030848140222393725e-03 4.440576699008234006e-03 -2.150833443153554649e-03 -3.745314885298511171e-03 -5.612097695596300097e-03 -1.421766123929927390e-03 -1.487211970099425705e-03 8.495908782383248398e-04 -3.129335587864087937e-04 2.513587097756684111e-03 -7.812574885842653218e-04 -1.619221518407829149e-03 7.447081839699481749e-04 -7.104686203269083454e-04 5.494759749295022614e-04 2.703481085510992693e-04 -2.808050848803771930e-03 -1.930743080167563624e-04 -2.581184223777876368e-04 4.016413288484458688e-04 1.075242654163916737e-03 5.592956851562966248e-04 -6.231325097250712435e-05 8.379115442453653490e-04 -4.646887798851640373e-04 -9.521971792043197906e-04 -1.225488464300585664e-03 -1.613445240980831020e-03 -1.538571164932010403e-03 -9.189480828690317301e-05 6.630130270849187834e-04 -1.777262717881094136e-03 5.137788531612157194e-04 -7.840685610836748169e-04 1.071103213809186617e-03 -6.441091990561348792e-04 -8.246860407258015677e-04 4.737761749429071916e-04 -4.756022237811728367e-04 1.848363570453451026e-04 7.566352559970186090e-06 2.253519322883888677e-04 -2.176120816145519794e-04 -4.801954221118038906e-04 -2.282529188292816715e-04 -3.185346379961204351e-04 1.237199130945193190e-04 2.225434268301630788e-04 -3.014241717600528014e-04 3.528855313151312077e-04 4.494478874179403012e-04 -1.059072053084789724e-04 -4.732730928549753839e-05 -3.048568167109675145e-04 2.554645170600638075e-06 -7.808390761734585416e-05 3.937789247178531357e-04 -3.746245336556097705e-04 -4.078542322428303562e-04 3.583113871091649191e-04 2.447091106113676311e-04 -4.930688388465325899e-05 1.878399563975224321e-04 -6.484377456881179960e-04 -5.063686118356369378e-04 5.845099494855850826e-04 -8.390021545247295341e-04 -3.875059429602685274e-04 2.166158590728744951e-04 -3.347132056625495909e-04 -1.279915387291745670e-04 2.457201621226914640e-04 -4.406109789430904069e-04 4.233886007822104582e-04 -5.884227417291829277e-05 -3.646187734369787264e-04 -2.407075401680150583e-05 -5.431025065954516964e-05 -7.473385593150994499e-05 8.497376063846868608e-04 -1.817991981906510502e-04 4.488989540108316340e-04 -1.821792787754287720e-04 -2.144604831444948468e-04 1.901167606900114901e-04 -2.751296277855724295e-04 -1.401084475817865284e-04 -1.069246947476917278e-03 3.649661945694921252e-04 7.439044391388137303e-04 1.458414477420632216e-04 -2.508257585711456072e-04 7.883838827177545535e-05 -2.293807357177099287e-04 -7.580988709093087726e-04
-7.958032860010133547e-02 4.467551002328262744e-03 -3.025969240838142019e-02 -9.657584013300411427e-03 -5.792479980063850072e-03 1.211429009931580059e-03 -1.469111688891143507e-03 -3.469916558560495138e-03 -5.152857510564183216e-03 1.603930333380301169e-03 -1.854026044479419001e-03 1.427140405730798053e-03 1.595494583594297923e-03 -9.724047642983219605e-04 -2.438646928725139628e-05 -2.758583500551455969e-03 1.190353370605686390e-04 3.106256689268581828e-03 -1.922220057378395963e-03 1.550022405035576551e-03 1.799122989684981758e-03 -1.416226923719727474e-03 -6.260046848925030546e-04 2.586162292953321572e-04 1.471882014819719765e-03 -4.882304288710982818e-04 8.136554716389515687e-04 -1.919561030481670486e-04 -1.167423182419731806e-04 -8.836416744739337406e-04 -2.536281832117216642e-04 -1.934913807893733485e-04 -1.954953604009357446e-03 4.348695003118007774e-04 8.897133622244924635e-04 1.521597097848887813e-03 -1.808942699207138384e-03 -6.768996222453795833e-04 -1.268684483739004974e-03 1.239825366826722815e-03 -1.126858557269663037e-03 -6.771835354227458918e-04 9.191842522632784904e-04 -4.476855805905824675e-04 4.671160950831906205e-04 3.241125831697847502e-04 9.268996545720805834e-04 -3.107879542504057759e-04 -1.095390126055482581e-03 -8.637388565355375817e-05 -1.257067491267485843e-03 -2.796608973909389524e-05 2.628198599307837182e-04 -8.986884414738008676e-06 1.027487097413195887e-03 -4.688316663900527289e-05 1.203257638523321019e-05 -9.508290666558081921e-04 -1.885937740990386419e-04 4.291217248976249721e-04 1.738391685058116400e-04 1.014972008717671034e-04 -4.099971777286701038e-04 -7.751225124360995719e-04 1.330331451832007870e-04 3.845326049245219703e-04 5.215455363422878243e-05 -9.453399613720192475e-05 -8.650941316199361499e-04 -1.307180887454382785e-03 1.055745336268865478e-03 -9.014563754769932711e-04 -9.689346547253164860e-08 7.292052259594232868e-04 -5.659630893890018992e-04 -2.481598962301890415e-04 4.531494318038792953e-04 -7.724723374293142666e-04 1.064018552200304271e-03 5.958189396491238299e-04 -1.952914437245223736e-04 5.459152391827888163e-04 -1.975696369010546062e-04 -6.602410948930911567e-05 6.121200454789643046e-04 -5.339297766586049857e-04 6.543019132122958586e-04 -2.592779727401005774e-04 -3.717903119754399372e-04 -7.918474397548845621e-04 3.027515170899737875e-04 3.527529445115448899e-04 -7.343602152318375433e-04 6.593640449701296822e-04 8.756151629625358790e-04 5.297333610084140314e-04 -4.696024067093033418e-04 -1.023050707971929736e-03 5.028893160695604601e-04 -3.269143408872271723e-04
-6.820493537053759492e-02 4.919079691181538899e-03 -3.697221008003770404e-02 -1.651068531612144390e-03 3.417900375549797615e-04 4.542880145742778097e-03 -1.962723286183844403e-03 -7.776547630167802462e-03 -7.949510397486999821e-03 3.359648437523054913e-03 -1.842101272352475276e-03 -2.735082345347685027e-04 -4.820731440561031641e-04 5.175072850227001612e-04 2.266540425343254155e-04 -1.167751643141383541e-03 2.281291201335482102e-03 7.050213727028866578e-05 -1.359043741675541829e-03 6.155330255874915746e-04 1.559738500569293014e-03 1.636139848982298738e-03 3.919957771740874178e-04 -3.744977969310665507e-04 1.323797598268722361e-03 -1.363526440711686216e-03 1.246033885726716920e-03 2.787671401880848507e-04 -5.379349797028042373e-04 -1.647806917331388183e-04 -2.378012029571431661e-04 1.148395477192043447e-04 -2.399022274154704421e-04 1.894260409128458583e-03 8.344508323432190148e-04 -1.636871845763241805e-03 -2.148784946005872099e-04 -1.381243307777837385e-03 2.414783120805862483e-04 -8.872867151839177726e-05 1.487211223751198777e-03 2.389950399150424741e-04 -5.839519211525113444e-04 9.042680122091393624e-04 1.069166012598995715e-03 -3.824090448859761792e-04 1.210934877097615773e-03 6.384665279651474809e-04 -1.247712626060472774e-03 -1.279994748114478146e-03 -1.958598954840411904e-04 -1.984930448316795347e-03 -6.945819470277367173e-04 -2.443626345245648651e-04 1.387033030649337641e-03 2.139440896366245817e-03 -4.295217778822975124e-04 1.822355496302041893e-03 1.726992077735681717e-03 -9.473648676723823124e-04 -4.185072850441831386e-06 -7.821373077678138615e-04 -8.074134484423509507e-04 -9.330360270098422143e-04 -1.113811539202572056e-03 -4.911895253491136608e-04 9.381984107888645180e-04 -9.912747936043032546e-04 3.202927917112177595e-04 1.096549659536888042e-03 1.056572068699834213e-03 -1.054583706451607712e-03 1.632784712903034971e-03 2.188829255007764896e-04 -3.470994582541413035e-04 2.834174636088250716e-03 -1.838292308203749031e-03 3.178245553892390727e-04 -2.666056972215794397e-03 9.704140350888286080e-04 -1.554977613716019332e-03 1.712747722886636976e-03 1.622980599477830002e-03 -2.170385736539593574e-03 -1.217216326879488886e-03 1.399040543244508454e-03 4.415062039857363808e-04 -1.694797124409626321e-03 5.046410071491948734e-04 -1.433826877258310506e-03 -4.982207934218314468e-04 -6.521399648928533457e-05 -1.586341812690090255e-04 -6.482419720361574326e-04 3.392339024208915221e-04 -1.206835931452879550e-04 1.246869538944905473e-03 1.451398475490113006e-03 -5.114275857277167164e-04 1.635335576405912497e-03
-3.821879247009044023e-02 1.961932316522357542e-02 -2.952751092500125601e-02 9.076334905491255031e-03 1.145885667471038816e-02 3.010661450810795899e-04 -6.944902163687213066e-04 -6.642498626928934266e-03 -9.890897849994086458e-03 -3.854775194159728181e-03 -6.183330626787923549e-03 -2.534867160956523393e-03 -4.668417279330351502e-04 -1.841861311663154461e-03 3.668547616204922892e-03 2.008401349644409715e-03 -2.785777503374468108e-03 -2.256348163806986672e-03 1.882334324055271379e-03 -5.174290135000555882e-04 8.649963062567979540e-04 8.212535983731284774e-04 -7.894194616861858896e-04 2.096421244406192555e-03 -2.142398639004416277e-04 -9.274552991385002013e-04 -2.644359896148111653e-03 -8.920368927886674531e-04 -6.391128155384693870e-04 8.662676380106710877e-04 7.690947303112368382e-04 2.927612353277587315e-03 2.440288427826379017e-03 3.471423374928365654e-03 -1.001384998841217547e-03 -1.053696652577955665e-03 9.031703518923107693e-04 -1.491269896337731179e-03 6.262475422198509375e-05 7.826495395517331333e-05 5.440655255018588682e-04 4.872099433619745323e-04 -4.255464055911858078e-04 -5.387186871401425164e-04 -2.841986645699497898e-04 -8.194670117280164999e-04 1.184161255854323603e-03 2.502828368126279262e-04 1.059303445442416722e-04 5.082054610960435800e-04 -3.123995474076918092e-04 -4.034205165888700797e-04 -3.490551852679326934e-04 9.440215607683642186e-04 2.605243937323229375e-04 -8.034222885972051951e-04 3.809349423817100840e-04 -1.081872704137784828e-05 5.035186721018337138e-04 3.051041489335017056e-04 -7.280427677269530077e-04 -2.934903972319231197e-04 -1.962891966578846287e-04 -9.921403468489604395e-04 -1.418378391624633579e-04 -3.837635265623790047e-04 1.102444033085402857e-03 -9.671938426311317344e-04 7.749313402592015359e-04 9.638107536263019307e-06 2.199910769991713364e-04 1.315695258616835601e-03 -2.674540169701043898e-04 -1.918942226746836672e-04 1.138621576701763635e-03 -3.722286878822162501e-04 9.139683455373854085e-04 1.604048956624504608e-04 4.513748581290180856e-04 -7.087273337847541013e-04 1.044744423678085465e-03 1.124924530267423605e-04 -4.922033019263596498e-04 5.164011244513622926e-04 -1.335339629612576325e-04 -4.756359168073482149e-04 -2.101322403956474530e-04 2.918089484683000019e-04 3.592884206075566298e-04 5.930311896241119256e-04 3.525126019878914224e-04 -2.648338188288274186e-05 2.942209364488657022e-04 -3.313304447128252814e-04 -5.209322526821635966e-04 2.599422472353109855e-04 -1.683516723560902519e-04 -4.313908475148546572e-04 1.572956666535207210e-04 1.270415817938025252e-04
-7.996672259302682606e-02 -2.658457685916147673e-02 -3.145288976638857537e-02 1.099731635203810877e-02 -1.132962574379491917e-02 1.658310851934308161e-02 -3.567003751901279968e-03 -7.011729252855828688e-03 -5.916719280212972588e-03 3.187087768156448946e-03 2.229848114191830457e-03 3.219767445693702979e-03 -6.972685877307760677e-04 1.516239387119372103e-03 7.160375271034227470e-04 -4.895371361888205958e-04 3.672217825311037149e-03 1.001133454501632264e-03 1.212363020739479734e-03 -3.482352099484878642e-04 -3.643757253547453938e-03 1.573602431554812619e-03 4.011589978226876864e-04 -2.344701228770104673e-03 -2.055988707186411015e-04 -1.522231852204482738e-03 -2.479635862983608171e-05 3.642157803151961745e-04 -2.632100882214620323e-04 1.171234138490453861e-03 1.546893775654726352e-03 -1.270354997807884075e-03 2.211997989263370708e-03 -6.221725938722151225e-04 -1.733218449709354736e-03 -4.826423166514415362e-04 -4.639589563300078518e-04 1.197669745038576136e-03 1.238920452403576098e-03 -2.246031464969877600e-03 4.927181163688431178e-04 3.175594806301044972e-06 -4.931469702921633183e-04 4.683195432583541276e-04 1.183017906607151948e-04 2.413747947737057611e-04 -1.134902781955535476e-04 3.807783415899251476e-04 1.093128255366568238e-03 -4.272802395093709834e-04 1.033073273267803589e-03 1.346201032711087306e-03 -4.221671044226420135e-04 -7.184806315597431613e-04 -3.208088601861808654e-04 1.592533953080441534e-04 -2.031168124561881803e-05 -3.576746122722830357e-05 -9.955310922718143413e-04 2.297794981753731292e-04 -2.096982622175112986e-05 4.155577592631473551e-04 6.476707765600882988e-04 -3.863402888667163992e-04 1.196835709202448981e-03 -8.070967997179114527e-04 -3.524597944688638595e-04 2.249892720107295272e-03 -7.886399668855666699e-04 1.059901759410589780e-03 6.891936276242746542e-04 -7.770653693169010234e-04 -5.313126337752266740e-04 -4.757498113054703165e-04 3.241476666602729367e-04 6.134858557506377629e-04 4.593084881084729255e-04 2.240814342012161311e-04 2.112549457229334984e-04 -1.516555183716072246e-03 -4.532041416032608211e-04 4.536266999571495298e-04 -8.752457102039422863e-04 3.230501349853650813e-04 1.319465516726835283e-03 -1.690038022407476363e-04 4.664364217125715789e-04 5.293187026847099826e-04 9.357821115069094118e-04 5.898462717447064798e-04 1.420075138463918960e-03 -1.134395279829711984e-03 6.340031494915181849e-04 5.885211944619124459e-05 -8.727999463989463561e-04 2.056320477417619588e-04 -2.344282587175901972e-04 -4.145293955056693000e-04 -3.567155453254829199e-04 -1.137207164400706044e-03
-7.245557507243037543e-02 -1.139220781090959957e-02 -3.326172951064173405e-02 7.702456433649675950e-03 -4.924940065383342017e-03 1.312512480227807227e-02 -2.173789566399407167e-03 -5.859648389234053262e-03 -7.131178523168277099e-03 3.332571315874117979e-03 7.335586220027953382e-05 1.260598393499448881e-03 4.107622685868556186e-04 1.063183714751122317e-03 6.731664506243912076e-04 6.758243126309598564e-04 2.215746198138619002e-03 2.184621353218018833e-04 3.730562789301323286e-04 -4.895070739621702922e-04 -9.475002425638734925e-04 2.232254885662470368e-03 7.932198121606338394e-04 -1.157515646008025088e-03 1.777558489387440381e-05 -1.835832196976026984e-03 1.352540913784665722e-03 3.401938785690656166e-04 2.989624660032554082e-04 3.110874634415787174e-04 1.621215984533087937e-03 -1.651021278976387476e-03 2.218115507128154678e-03 3.550522490584227722e-04 -4.538594450464521440e-04 -1.036700227947756365e-03 -8.785052304889641971e-04 1.252590543502380836e-04 1.033974985774191446e-03 -2.745040907541505294e-03 1.417891038796813101e-03 3.880261631578790001e-04 -1.707785377049236743e-03 1.228083119406173573e-03 8.787179854683272720e-04 -6.704269386814807512e-04 5.532111867974335998e-04 1.617040878871274512e-03 6.788855541094063108e-04 -5.881141896097934023e-04 6.011697516917226779e-04 -9.527549362730918176e-04 -4.864909794396755352e-04 -7.229608306441990704e-04 4.199840032845988122e-04 1.217040356024241734e-03 -2.787595203614368880e-04 1.324838494678293828e-03 5.765411093629929130e-04 -2.311706401181604878e-04 4.509077520961120170e-05 -5.019078049360315699e-04 -6.202873968790250350e-06 -6.525884705849293753e-04 -8.294543325690628959e-05 -1.559560651962054855e-04 6.558820728056601209e-05 4.692923515898091385e-04 -3.248403858186427271e-04 1.162063442189100512e-03 1.088810896596106989e-03 -1.031980641811349559e-03 4.855969210995925720e-04 -5.023439021042649163e-04 -2.912343027483180842e-04 1.844412759341357072e-03 -6.061261640033076964e-04 2.016220904799535959e-04 -1.565390173301045443e-03 -6.892067007270782919e-04 -8.045160437052090684e-04 9.454552648005412965e-04 7.075687163692060333e-04 -8.521680015961980445e-04 4.052049474260737837e-04 5.938053236136124537e-04 2.217515824936592487e-04 -5.274912404113580797e-04 5.594425135274064178e-04 -1.271711342566617022e-04 2.358561613375531531e-04 -6.762030967742514850e-05 3.830815487922548178e-04 -6.498151877276358299e-04 -5.223919433525253068e-04 -7.261050140042244036e-05 3.587633980145901112e-05 1.232837557787505069e-03 -6.802054400199434659e-04 -2.341997379443776814e-04
-1.105941523427122868e-02 2.024541695561304921e-02 -2.356258618408691927e-02 6.175224090089028242e-03 1.810596015246520793e-02 4.360067378238975319e-03 -3.145193661872134911e-03 -1.221256764960842057e-03 -2.313856386307935279e-03 3.286648021543138454e-03 -8.386784250598577906e-04 -1.215872863092711236e-03 -8.446819591105479393e-04 1.655310121574725228e-03 -5.094866025579005905e-03 5.510498675029998870e-03 1.877705834742896245e-03 -3.856677376061672883e-03 3.712658374865380898e-04 1.366174677865548579e-03 5.681269963701747819e-03 3.589694913475573873e-03 5.482431182787632536e-03 1.868167820553439436e-03 -5.459114302048916414e-03 1.995834762139290196e-03 -3.346011718636991250e-04 -1.574105203441225793e-03 -3.578178549131384029e-03 2.870470062652299113e-03 -5.343039991755801346e-04 1.630017205084086530e-04 -1.646471085965971366e-03 3.078753274904799490e-03 2.012006778645095985e-04 1.343350093391181607e-03 1.085736705425230939e-03 7.658232595960079957e-04 2.996000420903614011e-03 1.156260429998222242e-03 7.440440425840488294e-04 -2.496856699978161360e-03 3.766662471222035073e-04 2.306501047111475609e-03 -2.632714351160370721e-03 2.218996216435809368e-03 -1.118594616949036445e-03 -5.349211788425611673e-03 2.978273611748755091e-04 -1.883648532858597877e-03 -9.357829404360435126e-04 2.132172539759536432e-03 -6.231383045818193701e-04 -1.129990411961395323e-03 3.797150013466390767e-03 7.858213384718132095e-04 4.688758355768121028e-03 2.649343974847863208e-03 -1.226945623536523965e-03 9.946560116716651658e-04 3.286285123695069713e-03 -1.345517425532815866e-03 5.162235868204870671e-04 2.008199022753130985e-03 2.045399557819875189e-03 -5.106867685739311649e-04 -8.028805178334151018e-04 1.013297870900512539e-03 -5.261542296996344530e-04 6.007636822150593274e-04 -2.474586034365674667e-04 -1.389658079378410958e-03 2.189251368017454099e-05 7.680602927298583538e-04 -1.656627401055508608e-03 -1.280676755637539209e-03 -6.199319552596581568e-04 -1.608933100110976637e-04 9.121415965140763004e-04 2.659724346617951709e-04 -9.697463645529115755e-04 -5.221953481395444656e-04 7.755030952486194080e-04 4.604390732217206661e-04 -5.753709159479234803e-04 -3.856880806164032804e-04 3.891415437422873812e-04 5.636558366901483000e-04 -1.159352748932007552e-03 -1.641743703334050863e-04 3.881373257589019912e-04 -2.443154634207163396e-05 3.915660091750292645e-04 -5.387480274590282416e-05 -2.835224385021809369e-04 5.140187904147101346e-05 3.282582654610204076e-04 -4.102532012281664308e-05 -5.196430315026631880e-04 -1.218125042917680447e-04
3.830377181818768201e-03 -4.951563033991528834e-02 -1.650040764021345682e-02 1.635109137038195937e-02 7.193410065696863873e-04 5.775205769087532644e-03 4.665019210365374709e-03 -3.945640768047667390e-03 3.705323727303525948e-03 -7.930208853197657061e-05 4.048862163722175000e-03 -1.081836608826434228e-03 -2.844139862311007624e-03 -6.075080666503830055e-04 -1.560726249438092921e-03 1.799468196127640798e-04 1.782583745642555423e-03 -5.778287930817973053e-03 6.073609890834121092e-04 1.037545249927878592e-04 -3.654032475337533857e-03 3.787836986030747224e-03 9.375733966907482059e-04 -1.013813846349439010e-03 1.418518904813786952e-03 -2.230793739555611641e-03 -5.903648430433136671e-04 -3.078489780139756840e-04 1.506233344033028679e-03 -1.653676368472896700e-03 -2.810507411952407799e-03 -1.339482635028013918e-04 -3.085612613252583644e-04 -9.790356971464684362e-04 -3.484214478288393500e-03 -5.277507528006057137e-04 -2.875077368541792324e-04 4.367635423281639368e-04 -2.982877422524481429e-04 7.305761943932499031e-04 -5.834274678689808317e-04 1.200502302445740970e-03 2.916534155974674723e-03 -3.687122458471512335e-05 3.546033057601529750e-04 -2.372399856581718612e-03 -1.336963932639863599e-03 -5.306804098217515753e-04 -6.942331947576531933e-04 4.171888930467933124e-05 -2.683449263002762875e-04 -1.116445641000310754e-03 -2.359745206503821319e-03 -1.748274799457732401e-03 -1.021347287519632158e-03 1.545300211279680702e-03 1.069915480879146024e-03 7.757079696785593908e-04 1.364271530233002487e-03 -1.255991543816630321e-03 4.237944742865267346e-04 7.278924874021553684e-04 5.330400914640534863e-04 -1.794519842695967106e-03 1.745309188306440681e-05 1.713470719948603750e-04 7.078449286937517912e-04 -9.946037548684560914e-04 -1.931229223821670363e-04 1.432197423635696092e-04 -4.026817742677692592e-05 7.700831981445812203e-04 1.177137740109151457e-03 -2.232098363640372656e-03 -2.634682944238978843e-03 -4.756378687843735437e-04 7.927010954979396735e-04 -4.005577843073135358e-03 2.261904756693861981e-05 1.682453350685050430e-03 7.729801187060054632e-04 1.469462583287724266e-03 2.806868421863782962e-04 1.348289088418994043e-03 -5.679117853170775800e-04 8.526149862882099768e-04 4.712687851282623187e-04 -6.679977851263279188e-04 -2.270213863538116973e-03 -1.314523114641611346e-05 4.618159076408442335e-04 1.828137113052858819e-03 -1.887568659190542054e-03 2.642023867331330959e-04 -1.178509390798470084e-03 3.180007608207163555e-04 -1.745521847017380808e-03 -1.047956467037112414e-04 9.029316049377488114e-04 -6.370457317778169823e-04
1.788019157578047552e-02 8.559356115882953142e-03 -2.915338246925624002e-02 1.849178666081201933e-02 9.313018834871636398e-03 7.240565390147208832e-03 -2.834227487712577282e-03 -5.142079259580959079e-03 1.910278996386640142e-03 2.101906529867132115e-03 -6.996977212655482560e-04 -2.047567597229015945e-03 -2.120029313840015878e-03 9.419988613734254839e-04 -5.988953685360675315e-03 4.911128569007723599e-03 6.932268639137348192e-03 -4.213170006526545386e-03 -2.512487304362191146e-03 2.049716167168743296e-03 3.293153423266929371e-03 6.715148858190560927e-03 3.602111531131858401e-03 1.721169712670334679e-03 -5.445289021967988051e-03 7.582097272452588584e-03 -1.388794159133496364e-03 -2.948021721627595241e-03 1.492584260502569093e-03 -1.302641008432173795e-03 -5.605315912053015180e-03 -6.156694748342106047e-03 -3.747367513347867832e-04 8.376874450131104998e-04 5.573179756798018504e-03 -4.973692858323192946e-03 -3.837034241934323287e-03 1.833254618977337358e-03 -3.359104175403917428e-03 -2.458578809625611237e-03 1.231298148222882997e-03 3.805206347489110616e-04 7.895206564017211073e-04 -1.196496298063485370e-03 -4.278862697171875382e-04 1.864137739640745655e-03 2.587054044391419883e-03 1.597425958698578830e-03 -5.396409206750946239e-04 2.899218176301596541e-04 -1.390787507724688997e-03 2.017105927520585883e-03 -5.112335304991646057e-04 1.428532255615055100e-03 -2.588057112661186748e-03 -1.145048338603643677e-03 -2.219138670908457102e-03 -1.827496144336847881e-03 8.312505751514613541e-04 -2.054973263309249165e-04 -1.662310256028316996e-03 1.076727821127058038e-03 3.892801087738172915e-05 1.039083335776301537e-04 -9.081941065662178444e-04 -2.002438278812887918e-04 -4.119601006828939403e-04 -5.540872504076906589e-04 9.168153646094942587e-04 -1.233911664291599672e-03 8.360427451818405796e-05 6.869252476089508265e-04 1.095387121065163259e-04 8.218358522235239905e-05 2.849959052316097959e-04 2.109148063444404983e-04 -7.379904682294537177e-05 -1.215502999082523124e-04 1.477932438334378829e-04 -4.443951859585713936e-04 6.789714123876651420e-04 2.841570831722915877e-04 -3.145067994958195240e-04 -2.258554256651360448e-04 5.822755633081850820e-04 -7.460666208070293546e-04 2.397966379369072579e-04 -3.914339222580145365e-04 1.635365088061330641e-04 3.317142253705678999e-04 -2.802075210812466559e-04 1.144091146961023939e-06 4.019796284783347037e-04 -5.181930601047767909e-05 2.293378937042673323e-04 3.550366017065978842e-04 -2.063846936423724894e-06 2.203428974225274297e-04 3.909809934772202227e-04 -1.844656131696439960e-04
-7.506607032452901340e-02 -7.274451720886599901e-03 -3.771171233031488795e-02 6.785679418927549958e-03 -9.009667902156032887e-03 9.144316488788365241e-03 -3.901303938169010423e-03 -7.620477572203907153e-03 -9.299934148210248913e-03 5.069773836913087951e-04 7.396377353236974596e-04 2.560345511597260110e-03 4.496717688933169203e-04 1.670171584290472367e-03 1.093611639830746954e-03 -1.774656731608420654e-03 4.766099504087786473e-03 3.251033085836314580e-03 -4.858285803138024349e-04 9.302245018005378928e-05 -1.581147620914351163e-03 4.197781727175011542e-04 -4.497583902763099936e-04 -1.422738833519061712e-03 4.029128973409899328e-04 7.789396889500935662e-04 1.188709544296661811e-03 1.772168892068916530e-03 -1.719650139532918507e-03 8.510223305007122993e-04 1.534151404339154047e-03 -9.862528344032994547e-04 9.747097944093491024e-04 -2.640115618438957929e-05 3.602150900629602832e-05 -7.205499261183507794e-05 3.653938634937623766e-04 1.226567236372556532e-04 -1.905315070681013975e-04 -1.190264818425709921e-03 9.886679747674684965e-04 5.090264817080779281e-04 -2.471528308640225102e-03 1.867518625434592386e-04 5.429119463670395093e-04 -5.603221279515098810e-04 9.650944087556561669e-04 9.277497987869022479e-04 1.170198750540263734e-03 3.986723130379202728e-04 5.102080447643240341e-04 -2.055499279753236655e-04 -8.301227889610342855e-04 -5.736709698913950361e-04 -4.656431467179941047e-04 -6.561416337604853398e-04 6.005316157026228518e-04 -1.105680504743977895e-04 -2.897868288986732172e-04 7.745903652451353741e-04 -5.035281865635816891e-04 6.055907870389995451e-04 -1.356098410205122608e-04 4.385228657441865726e-04 2.335541529086265907e-04 -1.897026132750350108e-04 -4.863505734165557513e-04 4.012556021868930083e-04 -6.920108649005698477e-04 -4.677748977712756803e-04 1.044245365294703626e-04 -1.143705222866711483e-03 6.724235219316594681e-04 5.543304943778969238e-04 9.390545621212352317e-04 -8.809071762157847220e-05 1.234483797961098651e-03 4.022173027921068867e-04 9.759624271950852192e-04 3.655454984000522378e-04 -2.035507924214380142e-03 1.372530989397193412e-04 -9.891771917250021320e-04 -1.510781732750479482e-04 7.465099209868291362e-04 -2.427728375442855661e-04 6.310459815841509834e-04 1.041854565679594139e-03 7.577244556176940564e-04 7.050160428196752555e-04 2.528821837570099321e-03 -9.364864584993767491e-04 1.572740260190114668e-03 -9.728877681672559036e-05 -3.538133348361757356e-04 -1.833335622235967406e-04 -5.469410895206994541e-04 -1.753227602601048051e-03 -6.560525743206504579e-04 -2.121067942181287334e-03
-8.843503990740331222e-02 -7.985088157369705369e-03 -3.725753285906509976e-02 -1.644049715652986816e-03 -8.927051080978637074e-03 1.022926035740165385e-02 -5.493630580750080185e-03 -9.315644985252433119e-03 -7.509130024225881862e-03 5.516875171650049287e-03 1.155353487856771713e-03 3.268907002478010568e-03 -1.063532461618363822e-03 1.301880059265237734e-03 8.132331337332974509e-04 -1.700369713125198402e-03 5.677732928583422399e-03 2.865401783081253980e-03 -1.324922289587240985e-03 -1.487830514719892892e-03 -6.441775131524547825e-04 9.917239001091177932e-04 2.359381318403126369e-04 1.002471835402809217e-03 6.050490364403632868e-04 -6.622294508565625517e-04 8.700759750914376003e-04 2.340680665172936627e-03 -1.539664215546222631e-03 7.368144432415331272e-04 2.536386761705684053e-03 -1.499924940599850964e-03 -1.658465044527515002e-04 -5.969621926899367414e-04 1.245879979523753641e-04 -4.037308598755996909e-04 1.652604685423102616e-03 1.146047656711553871e-04 3.404028161870928577e-04 -4.145190881401151703e-03 1.567538621205886475e-03 1.539131484299851530e-03 -3.768213795810105605e-03 1.191159991176004998e-03 1.952342855786739139e-03 -1.099208228542685817e-03 -2.111957946624717225e-03 1.736973208623700536e-05 9.926107943870230658e-04 1.493036234174422361e-03 1.170379310310357092e-03 -3.482327633337180348e-04 -9.809904347382288666e-04 -5.445948192007222556e-04 -8.830530919509370618e-04 -5.646782615654353165e-04 1.531891166143856554e-03 1.702865929848865515e-04 -9.890477645442936026e-04 -3.569649464920882976e-04 4.654501062183211504e-04 5.533093604365997131e-04 3.055512190059331691e-04 9.698865417226744130e-04 -6.400617219943546387e-04 1.306122126555014787e-03 -8.250589374030600559e-04 -3.255595970550007674e-04 -1.051911445203842967e-03 -6.565337470982049667e-04 -2.093059398092464787e-03 1.594292460058986107e-03 -1.336531489948156008e-03 4.345712371242775943e-04 -2.501500195996731683e-03 -1.459323498423796594e-03 -2.459163001693021045e-03 3.028500848978874557e-04 4.002155815323831098e-04 -2.596195324273374572e-03 1.601146085683555643e-03 -9.930956112896474185e-04 8.091294680725406993e-04 -8.727710111136714483e-04 1.054914157364770415e-03 -9.615446915675314801e-04 5.588351386191984073e-04 7.796485348492239106e-04 -1.168498262929256383e-05 3.959671958884102005e-05 -3.596037612125095682e-03 4.526749127069147898e-04 -2.603079684712468912e-03 1.738226633131475900e-03 1.395816459711029687e-03 -8.427061389481743962e-04 2.678071634734985242e-04 3.332274068298450532e-04 1.203071111970935563e-03 9.089714612272607654e-04
-7.689603939149373957e-02 6.600278499961466545e-03 -3.565311038292745538e-02 -5.072210441422628224e-03 -4.768439080106098155e-03 3.208826051485022535e-04 -5.140647288470194705e-03 -7.597918724084291170e-03 -7.631417471270369665e-03 8.497567393430362432e-04 -7.248989926419812779e-04 8.000972828237652148e-04 -1.971240239297079953e-03 1.231837538010507839e-03 7.156573116042076830e-04 -4.378667131788035495e-03 6.179524870168364055e-03 2.705105751282332101e-03 -2.672562112439645990e-03 1.247917738524455863e-03 -7.500540199163734534e-04 8.792141912346972284e-05 -3.463363669773640097e-04 1.320105104818092810e-03 9.485061338988975055e-04 1.056365153682738492e-03 1.816113682062880409e-03 3.105177794579252418e-03 -2.789570064444529037e-03 1.124581821504590495e-04 1.475704409876545944e-04 -2.936279529948893552e-04 -6.104685593955428780e-04 2.571353167587094556e-04 1.932175746484728583e-03 -4.313172668248274415e-04 3.225282420432176809e-03 1.580623253534573294e-05 -2.734549012816848458e-03 1.102103718493753970e-03 4.530964210158491367e-04 1.279557818713529223e-03 -1.500403211920923064e-03 9.594091790058800404e-04 -4.593936473657044971e-04 -7.383471785616416930e-04 -8.116052212110877158e-04 -5.089743375062709060e-04 1.623985936830044195e-03 2.183231645771905021e-03 1.977345879461724076e-03 -1.325090483515772898e-03 2.755417417750738430e-04 -1.249642194384713051e-04 -1.595765183312341726e-03 -1.030689090040216383e-03 1.786658794990043410e-03 -7.597967499751374682e-05 5.027286290175752518e-04 1.559207659141047470e-03 -6.073446853946298362e-04 5.906988113759850233e-04 2.009328836946739890e-04 1.414929235013402719e-03 -9.067028737203732935e-04 1.561815446967251847e-05 2.326967232000002207e-04 -1.803245935420573877e-03 1.474866725160022332e-03 -9.206740888161616884e-04 -2.285219328460012019e-03 1.608226907631094124e-03 1.039529028877437958e-03 4.580875584641960914e-04 3.055599526671602261e-04 -1.689236615725587479e-03 1.581073204450713634e-03 2.923602968646973476e-04 4.834218327686712335e-04 2.514560984166176825e-03 5.111375689602506669e-05 -1.119391448845155016e-03 6.131039316737744126e-04 1.311872034865152600e-03 -2.757695747105580204e-03 2.281396990185146538e-04 -1.679442783523680573e-03 4.634023972473934197e-04 -1.814295043294462690e-03 1.230942579859468661e-03 1.610170103315908307e-03 1.751584880825013662e-03 1.043936536158703238e-03 -5.160648275152334178e-04 -1.172680778920338982e-03 4.629459336595517782e-04 7.198683214840667166e-04 9.736617456355160186e-04 -1.622980716823259383e-04 1.521029653027940014e-03
-8.170359937059346045e-02 -2.545486978596908992e-02 -6.873056914277525867e-03 -1.705471309192559473e-02 -7.761175160449095348e-03 2.879959962861459045e-03 -8.653052261307856916e-03 -1.286322315675485434e-03 3.759188840874446141e-03 6.089243640776969939e-03 3.010194158782211011e-04 4.292925627689574207e-04 -2.254759090310391820e-03 2.962660856127438355e-04 -1.852679119791829105e-03 -1.281959274747217648e-03 1.579875022849956906e-04 9.833668642130199977e-04 -2.301617470271170255e-03 -2.235325946443049612e-04 3.074131190415053429e-03 -7.728116807222502264e-05 -3.390268427614351147e-03 -1.480035487950240964e-03 -1.064997482116315005e-03 -2.147381224473444029e-03 -3.302946675641199852e-03 -1.825162969845782425e-03 1.310031186830348847e-03 4.542450760661052362e-05 -1.007188918425857942e-03 1.508759460908292360e-03 -1.651672994693287235e-03 2.192101216112680388e-03 -2.161251419899045973e-04 9.085681058661865912e-04 2.984580901810422477e-04 -2.476173531493724815e-03 -2.255539789923106941e-03 -3.794322066799347450e-04 -2.247234000387149377e-03 1.515245025963820854e-03 2.413852500913563418e-03 2.263635458692559149e-03 -1.026061128955511837e-03 9.117063788470425789e-04 7.737712264398697052e-04 -1.159700478520524040e-03 -3.962962789455719650e-04 1.888473551636306617e-03 -1.449747404694415385e-04 1.907355995150526772e-03 -1.281939898525221843e-04 -7.298079537205677308e-05 1.496627513989169309e-03 -2.999259415463816992e-04 -1.343902387715951259e-03 -9.733554825382496672e-04 2.263460518912379336e-03 -1.509365460270770858e-03 8.759723721646956623e-05 2.903595571867077590e-04 1.144017470009827927e-03 1.233053494952419775e-04 -1.041963926965937736e-03 -3.450055583058966391e-04 -1.100419752368715122e-03 -4.206281800257103884e-05 -1.919950182300461964e-04 1.515377787102413672e-03 -1.413969610054496883e-03 6.650289260060287090e-04 -7.219657808212571288e-04 -7.372657525320517246e-04 -1.391825360073360414e-03 3.944794010592876025e-04 -5.186086140777817263e-04 6.553899915557564841e-04 4.823535455119601833e-04 2.591383859094460664e-04 9.449924884441763488e-04 -5.727062555777973985e-04 1.815811336276475707e-05 -4.703895502078028469e-05 2.796031954577611004e-04 1.612595246497756539e-03 -7.875686571314118858e-04 2.775586786040501377e-04 1.613915493015797295e-03 -2.333913070985856313e-04 2.324925910130807292e-04 -1.163855889990721192e-03 -3.476414584193625161e-04 4.908846274512723880e-04 -2.005060552304480277e-03 3.281216105863596420e-04 1.799489757353009553e-03 6.030643131795704369e-04 -2.180399595124612750e-03 -2.862512800788234225e-04
-6.660405073831947298e-02 -4.717640887570150043e-02 2.599994891693307650e-02 -1.201042059791068359e-02 2.055269292405025299e-03 5.328136726951897631e-05 -1.355155805400205284e-02 -2.021437108248276722e-03 2.835834295041407289e-03 -8.739373092486156253e-04 -2.570934275637370113e-03 -3.352944351373417838e-03 -6.308282749706161860e-03 2.357150735502382653e-03 3.481308068101237447e-04 -2.900657257904141464e-04 -2.093409293908517817e-03 -1.281916905116583594e-03 -1.203190830827904553e-03 1.548396797292458894e-03 4.742608852090425173e-04 -6.406267671814505984e-05 -2.720046355395973770e-03 -1.244997917482080618e-03 -1.281787595546321186e-03 6.531746631232430208e-04 -1.156916770760861839e-03 2.056883636307750541e-04 1.771244316213390702e-03 6.865867555764583767e-04 1.581238807645484563e-03 -1.259544695913637942e-03 -5.280992072950943658e-04 1.641769220966696500e-03 7.139558381964338689e-04 1.017156613204980029e-03 1.757825888058464625e-03 -1.663437894327849330e-04 -3.982483343184597697e-04 -1.003442321689276514e-04 -7.531565656801735443e-04 -6.646435104074095062e-04 1.826818645095403925e-04 1.904646954675070841e-03 -1.080086753671140971e-03 -5.736306438529520683e-04 1.758841991055536168e-04 1.476774426108576300e-03 -1.311214392226632249e-03 -5.959975212835621258e-04 -1.704015958100941705e-04 6.481274489920290727e-04 3.668846802198713077e-04 -1.816301786060357305e-04 2.041356825421728285e-04 1.329305727469595874e-03 -7.322531444139041045e-04 5.494668589315391486e-04 9.479842717127458587e-04 -8.725504866118820139e-05 -5.951601394679310875e-04 1.120684972464734653e-03 3.090280015498984303e-04 -5.177513745575467591e-04 -8.180764020687430105e-05 -2.980264695930864307e-04 -6.231178485589991805e-04 4.895172976543516559e-04 -2.068575996137320811e-04 -4.363515703555622148e-05 -5.818056685828671467e-04 -6.806765382594987058e-06 -8.485591101446454980e-04 -5.038183761093963060e-05 -6.077598025356677289e-04 6.046621218858721147e-04 -1.376448875802685045e-04 4.172640921471698671e-04 -2.493836287461726061e-05 -2.820839711912169956e-04 7.055028637593389244e-05 -5.152927048878219252e-04 -3.730349227112256835e-04 -3.976856447832387894e-04 -4.408400527707764783e-04 -5.862601857571536515e-05 -8.657540093388204532e-04 9.443403854200087353e-04 3.509475025920291377e-04 1.159599214466077799e-03 -7.585030516685397793e-04 8.410817113004116167e-04 1.101516479505062205e-04 1.019222080297884194e-03 -2.897988345595309921e-05 8.512203100030407872e-05 2.370904689761376230e-04 3.156515303988379319e-04 -7.601590011453280248e-04 -1.067835506161749935e-03
4.945386008044098253e-02 1.330921854606488541e-02 -9.142981682292950982e-03 -7.450599476126938681e-03 1.662657775912933927e-02 -2.858014826534031189e-03 2.778902641884241267e-03 4.508235739671626876e-04 5.248906194180499168e-03 6.202727696157435411e-03 6.444073778689712352e-03 2.634799539029599336e-04 -4.002338780910628079e-03 4.060661416204254352e-03 1.642680616791255101e-03 -1.869642820529943822e-03 1.976403461248110727e-03 1.896636896483797291e-03 2.166508168535623540e-03 -7.314637778829875293e-04 -1.815318460909563780e-03 -7.592318957094892733e-03 2.237933130969749045e-03 -2.761173661094976084e-03 -5.634000505829022017e-03 -2.510390472107576921e-03 -1.801423057130341603e-03 9.022492317338254211e-04 -3.081138891767055792e-03 -7.254928307228191570e-03 4.281344160123813809e-03 -2.074806679358207062e-03 9.717332030958826831e-04 3.276258048112776558e-03 -1.548685674056528262e-04 -3.393189406281948636e-03 -6.683104947798317735e-04 -1.021071494329104257e-03 1.160271340229218759e-03 8.739647317835436699e-04 -9.761148981893242801e-04 -6.129771815816347641e-03 -3.668957318968427226e-04 -8.618881105413335724e-04 2.415616960444109430e-03 8.453610479647346004e-04 -2.014476495935104902e-03 -1.326553504370650560e-03 -9.066411259666039236e-04 5.194260682107465369e-04 -3.264171783502078927e-03 -3.354312463885215315e-04 -2.642814596395958067e-03 -2.021147584544708692e-03 -2.614446572540255094e-03 -2.232215416043489169e-04 -3.960809801627943961e-04 7.984157601342446297e-04 3.074279865328372833e-03 -1.638743189142803864e-03 7.775138696594209413e-04 -5.185977770829847469e-04 1.243511341613303496e-03 1.162929794012886302e-03 -1.969737054119877900e-03 2.741346304582845464e-03 8.703155985801527611e-04 8.699902487998594685e-04 1.367010130625490776e-03 -4.046269787998442338e-04 1.094326790877870801e-04 -1.562261293065522868e-04 3.176947994024726957e-04 8.044278193227550689e-04 4.535476150471409837e-04 2.737842198555032213e-04 2.574755159834558101e-03 1.817284120497591733e-04 -7.493223818752332236e-04 -3.719497428878825026e-04 7.524610715767908855e-04 -6.812988845578536084e-04 -1.399871031598696168e-05 -1.084242917659209164e-04 8.334802099483267857e-04 2.776992226394256794e-04 2.262305846774149433e-04 8.766665228209256705e-04 -1.743062670293019578e-04 4.839148683165960365e-04 -2.495293359323603956e-04 -2.615193001629164825e-04 5.127961402865167115e-04 1.832805008292523853e-04 2.087328464688026775e-04 4.752796034009220565e-04 -8.605731711631444238e-05 1.120413462263863128e-04 -6.854645235473537943e-04 1.500970103782877166e-04
4.979335722706066530e-03 2.814856469876475878e-02 3.990415145173926460e-03 -9.294508176878364539e-04 2.043869833321952309e-02 7.221027009228907223e-03 8.217603153397808752e-03 3.566950154261357641e-04 4.181015995545342943e-03 2.057990772796959664e-03 6.653394566011840670e-03 -1.988939243260560898e-03 3.390046093909452121e-03 2.313670525838664154e-03 2.392457920672096464e-03 -5.076390474493979767e-04 2.270552494274497967e-03 1.121155432565831660e-03 1.390204912862428579e-03 -7.491476282370176671e-04 8.468339948827043918e-04 1.135179465229757328e-03 -3.618322995159450601e-04 -2.403913259902547110e-03 -1.548561724640277418e-03 1.629241532336834575e-03 -3.821678016194515574e-03 2.843551708365501824e-03 2.092001666903096566e-03 -1.203000445877246442e-03 2.105839776874568123e-03 -2.575554362671773553e-03 -1.281979481032452083e-03 1.634123034303515670e-03 -3.929672723498323366e-04 2.690050802802019126e-03 -5.816445315016546217e-04 -3.569435043384929472e-03 -1.491108516950537710e-04 -1.075083885148337337e-03 8.173614888835417864e-04 1.122503911877554324e-03 -6.242593403884076197e-04 -2.720950803032250696e-03 -1.134620391054036405e-03 -2.865347570733323742e-04 6.748444476891172963e-04 1.301213825616738236e-03 -6.925380316929484253e-04 -1.420687940720516797e-03 1.020958320632055607e-03 3.094767313229566637e-04 1.972260110511623709e-03 -2.486058782703099357e-04 -7.547403637884224012e-04 8.888338025185308017e-04 7.437358470486651841e-04 -5.178232298578368037e-04 -8.757609541186660773e-04 2.000971261404934417e-03 -5.620521638112091229e-04 -8.033366978224455333e-04 -8.851432450699769179e-04 -2.993261973799956894e-04 6.228346004174767575e-04 -6.598552675443708710e-04 -1.143083164334802527e-03 -1.806658234423166257e-03 -1.445429184379181439e-03 4.849332704841608941e-04 -2.997254394194757759e-04 -3.690371323816819620e-04 -1.822011203210709498e-04 -9.705104116656865145e-04 3.359054579822071205e-04 -1.235647549674705583e-03 -3.002477792507458128e-04 8.117310816619699085e-05 3.967428470947149065e-04 3.395008035849827479e-04 -7.733961905274613002e-04 -5.223923133596085474e-04 5.197634078903110629e-04 3.559040544045219705e-05 -1.966842677939796482e-04 -6.740215343934851007e-05 -1.674773281857781793e-06 -4.749947797771130104e-04 -1.266518013941445172e-04 -5.433619539040015958e-04 -5.726395573803869663e-04 -6.569730099088475460e-04 1.501461394439745510e-04 4.029438758857849159e-04 -8.055685804962041613e-04 -8.496656537509571141e-04 -1.007885193992944569e-03 -3.455506307302687644e-04 -1.064240936227041140e-03 2.569922154581668196e-04
5.800630559625565008e-02 2.835202509988886399e-02 -1.661100718091241754e-02 -1.813950205115008249e-03 1.869074430631319922e-02 2.733303119908879114e-05 1.521603983554857412e-03 -6.619976890352763160e-04 4.658641069803112766e-03 3.488551039607663828e-03 2.003603227335397103e-03 -9.194007186866077434e-04 -2.612674006348673049e-03 3.827433115914399483e-03 4.629419652601096604e-04 -4.348544623200813956e-04 4.246142428282865286e-04 2.943679067494457333e-03 1.760695986074832737e-03 -1.613267551467292230e-03 -2.448775314325348992e-03 -3.149617217077917662e-03 6.089699108713756163e-04 -1.770443908528627564e-03 -3.081731667335129744e-03 -1.628136766850195837e-04 -2.202207115832778995e-03 9.812725175996981752e-04 -6.440039831884574947e-04 -3.359319000826801668e-03 1.459293372468237638e-03 4.817489034367918987e-04 -2.180002241605204921e-03 1.298886563013229101e-03 -2.450974419310565297e-04 -1.661236802645526178e-03 -4.238859181995831369e-04 -6.773822776048784569e-04 7.579739790069392122e-04 -4.979363133282963168e-05 -7.545918215418108031e-04 -7.962644242603620628e-04 -1.273264538292524567e-03 -1.103775985746568771e-03 -1.555006157025767171e-04 3.887792392484028806e-05 1.109967078765491721e-05 2.398697854985150368e-03 -1.147844354417114875e-03 5.467129091066500737e-04 -6.326656145997655318e-04 -4.328597857898878131e-04 1.224876427416891336e-03 -8.723420779706891675e-04 -9.240976201715809992e-04 -9.981387333233434321e-04 -1.125212636378896628e-03 -1.236635973873578549e-04 -8.793765420906812270e-04 3.543777946319805628e-04 -1.795147015585461716e-03 -3.748960561343462998e-04 -6.844652054033021011e-04 -8.384081024391952693e-04 1.951967865286253438e-03 -4.357699173457448526e-03 1.215025147598900986e-03 1.624288608535571750e-03 -2.186479697731765880e-03 1.736883585975244719e-04 -1.049086880474211624e-03 2.236157196590820781e-03 -1.854515028770105649e-04 -4.367936617961830576e-04 9.964390511184066049e-04 -3.888810620323341228e-04 -3.983786321928067115e-03 -1.151771122846737124e-03 3.131484553066091539e-03 1.451146375939997937e-04 -2.693662889196839737e-03 -3.823805595642276712e-04 5.829476607770708646e-04 1.305708263909069987e-03 -2.125304817861950642e-03 2.218769835764080982e-03 1.903176755694898498e-03 -1.236271197708242297e-03 -1.149787907446922497e-03 -8.804556400506631172e-04 -8.213524814204224537e-05 8.891186722982361186e-04 9.465339382578074657e-05 -2.809799966160146981e-04 -6.473876849462141406e-04 -1.329328136763591401e-03 1.307818040523822884e-03 -3.839751100879524757e-04 9.807593330692760368e-04 -1.540736135181883064e-04
-4.479111876954348925e-02 3.022894249031661887e-02 1.379978042293803463e-02 6.101000912792193913e-03 8.806558191148951623e-03 7.916038153304178621e-03 1.040276128132001238e-02 -2.187082794397182065e-03 6.594670167864423059e-04 1.546253867471202817e-04 4.431598506840148978e-03 -2.280497356533325252e-03 6.674689683363011286e-03 3.642040842608427510e-03 2.930046880748372624e-03 -1.219575905505481955e-05 3.132593752070686791e-04 -6.009369510530796540e-04 2.104230730322588332e-03 1.279063473823624909e-04 2.263512751448521539e-03 3.737500557553152022e-03 -2.155348530281864499e-03 -8.497645446791455680e-04 1.633567637074522958e-03 2.235874302326126481e-03 -4.202622493230129090e-03 2.811414840995691417e-03 7.036948240260855816e-04 -1.120318002081298163e-03 1.588367747043570484e-03 -1.363860285400245696e-03 -3.714008571012899253e-06 2.032539115715511475e-07 -3.636325801963925753e-04 3.206918916950868541e-03 9.214613821476813843e-04 1.604806051939014304e-04 -1.227844428839286635e-03 -2.670973924175337375e-04 8.610442312524371668e-04 1.485623803660537793e-03 1.337094308656464146e-03 -3.253142785285330785e-04 -4.553914468989315751e-04 7.396086865481445042e-04 4.528553766957110825e-04 6.992600729263280046e-04 -2.220616946773688925e-04 -1.413435357309778114e-03 2.006805448010605571e-03 -4.505209005933059202e-04 1.302598569503774948e-03 3.918823743543178623e-04 -1.792904299756818763e-04 8.711425087738614622e-04 7.763664687465914418e-05 -1.088047104657827949e-03 -2.639077303992050046e-04 -5.137538554855537471e-04 8.061089670962014479e-04 -2.162975421845896571e-04 1.681520052432723894e-03 6.232768070420555530e-04 -1.471022733675817146e-03 1.102196135881197084e-03 -2.129955619996836215e-06 -1.339966057975739387e-04 2.229799221189219854e-04 -3.103738961817047106e-04 4.583590164876002733e-04 -1.929152408416278828e-04 1.201197124643884609e-03 6.933334435414274062e-04 1.081697090594844948e-03 5.954219372911135960e-04 1.628783090025134449e-03 6.090654250793994112e-04 1.229607219748504732e-03 -3.316287670703418460e-05 -6.380063057428642841e-04 -7.601519059190534576e-05 1.296707977435688185e-03 7.603376969151564788e-04 8.291687000579530406e-04 6.840297902083685268e-05 4.705802509282869489e-04 4.967852436084751024e-04 -9.460161273015518313e-04 1.347802970974883283e-04 -8.641515274246472107e-04 1.741122742522575303e-05 -8.484855353939846313e-04 1.284883410988614571e-03 -8.667691281216952006e-04 -1.686479654912317145e-03 -5.280440547907700941e-04 -1.078755455831658777e-04 -2.683116829886150832e-03 1.750425043647609567e-04
8.166992491456680561e-03 1.683167278090196006e-02 -1.745343793947552388e-02 2.233921573585399920e-03 1.867119077907011815e-02 -3.268349330262915794e-03 -1.320637244177696014e-03 1.357060061349033703e-03 9.880562153099555888e-04 6.179577846775269161e-03 1.278056714666559509e-03 -8.078922920459555030e-04 -2.668878429992539367e-03 3.648793381734665147e-03 -2.725071594728451299e-03 6.359921972016589113e-04 -2.949595191537054506e-04 -4.880960712742378515e-04 6.075677692835764268e-03 4.030982040189873142e-04 1.190615320618692956e-03 -4.581384254087411678e-03 7.561876467053785548e-04 -2.630775165100681517e-03 -1.734817501279230408e-03 -1.033775950357620523e-03 2.173034528508405346e-03 2.576806153509351126e-03 -1.163703760490512017e-03 -3.207791699036641707e-03 -3.007370557506863253e-04 1.768232820814950737e-03 -1.508200373945617269e-04 3.608347303421011220e-04 1.155815663590862739e-03 -2.594587147580016111e-03 1.917092395045144235e-04 1.452448675821463742e-03 2.228726632440043362e-03 -4.694892703836685293e-05 -2.334371417364907841e-04 2.387799936017529889e-03 2.759703742355493119e-03 2.982466560106325926e-03 -3.861463969732743741e-04 -1.222899047411212057e-03 1.539993990232701310e-03 -1.818492701809731481e-04 3.226402397354669526e-04 2.946057837630248338e-04 2.134242796654042384e-03 5.138106428586398716e-04 1.534266592933028689e-03 1.201502895960022662e-03 9.641031863563645932e-04 8.330586484753032053e-04 7.181673304737169652e-05 -4.618147250088859416e-04 -1.683766221792258556e-03 -5.355666726881362204e-04 -4.634120138898896327e-05 -6.020921160999908759e-05 -1.607725601893721665e-03 7.316596388219894029e-04 9.896157229158117303e-06 -1.794237334606110139e-03 1.224180060024932567e-03 2.366427187480022387e-04 4.989058582400460965e-04 -1.375550014062954267e-03 -5.272715019304060387e-04 4.560339439237009237e-04 2.393852257162455525e-04 1.685713200636204841e-03 1.567172195929028187e-04 1.335817499470372824e-03 -6.314396585716002723e-04 1.208217381568350412e-04 7.871385202750030364e-04 9.644530381950470500e-04 5.929614502595590515e-04 3.290485342535638853e-03 2.053966442045816569e-03 -1.758374495571499873e-05 1.240825216517437747e-03 -1.626833973622568040e-03 -3.444684544815507753e-03 1.158146912564173405e-03 2.960493501550155813e-03 1.096766786413911308e-03 2.574557333184444006e-04 2.252179678485794010e-03 -2.760511960263726822e-03 1.033393850659453919e-04 3.835258352627503070e-04 -4.714740332463905506e-04 -1.854927898065089229e-03 9.272434664133570050e-05 -1.802075418503996636e-04 -3.233279395637424984e-04
4.928745154429383345e-03 2.144823536770157010e-02 -2.171311274110681797e-02 1.334881087260315902e-02 9.672734751187246627e-03 -5.331185562332555958e-04 -1.143967973232465829e-03 5.128416999594617373e-03 -3.194189060068858797e-03 -2.878905826255446620e-04 -6.543201171972183247e-03 1.048519580229898126e-03 -6.252314120075046396e-03 2.591292113673217355e-03 1.115578341347811444e-03 1.850678428229553295e-03 -2.141581133179352569e-03 -1.475712384072379703e-03 3.177537799011836972e-03 -1.010261516559422552e-03 -3.041314199994166125e-04 2.520263466908620725e-03 -2.738940865468515468e-03 5.729181165739239030e-03 -4.283586073471483163e-05 -3.380588972751450479e-03 -2.184564505874665025e-03 -1.307290640954245639e-03 -5.384417586468296735e-04 -1.922680044011873914e-04 1.366607649834241040e-03 1.710507636203879508e-03 3.476410346474219631e-03 2.839203560261430344e-03 2.529660915561696751e-03 -1.085384762494458416e-03 1.751409202068949025e-03 1.894277788498062833e-03 -4.870824657457918129e-03 4.700459416450992870e-04 -9.014898162312314769e-04 -2.246706273789570666e-03 5.585482704088067483e-04 -5.001155563766856299e-03 9.158855692330646189e-04 -2.564008730841692719e-03 -1.188614876220958801e-03 -3.889018879161923112e-03 2.227868323764502657e-03 2.877260534637789309e-03 2.724333164197161299e-03 3.245109287596035889e-05 1.508066321066078635e-03 -6.949095822248052166e-04 -1.092124862696146814e-03 2.119942006307063743e-04 -7.438355427988619381e-04 -1.767724631641591927e-03 -1.457587157933907694e-03 -7.603239922936384570e-04 -1.189436724802663296e-03 1.165971966936496171e-03 1.902864623752143890e-03 -3.550387952698116586e-04 1.709946427608073031e-03 3.458890652700073731e-03 -1.813621007897250632e-03 3.228836466485485016e-04 -1.327190623008578114e-03 -1.536825460626020404e-05 9.706057849843307194e-04 -3.764651270280048711e-03 -1.157148441930138955e-03 5.610683734986155694e-04 9.486826166725140057e-04 6.624509545583736171e-04 -2.636317110624504783e-03 1.138610836631751558e-04 -6.959505177228951294e-04 9.232867215685341402e-04 -1.057242509125778333e-03 1.170428373961443025e-03 2.306176645253190131e-04 2.863921922583646156e-04 -8.658548740540192605e-04 5.597004068967311504e-04 -4.379616127094454665e-04 -4.673562273237114929e-04 -1.215012997979323978e-04 -2.710750029552139975e-04 -5.619193934864847402e-04 8.349490609919092005e-04 -4.037627278280379655e-04 3.479935594755672744e-04 -2.016310000424018404e-04 3.172796387449726679e-04 5.931416505998608014e-05 -1.655240385261370429e-05 -4.170348943060998967e-05 -4.009675529095137040e-04
-4.680958427069597388e-02 8.490019950262921861e-03 -2.987093235904086930e-02 -4.218185651888922347e-03 3.635530187659425858e-03 -6.329524931917115960e-03 3.671252879528998959e-03 -2.827937760736360176e-03 -5.211775491611331593e-03 -5.974103597538434236e-03 -1.973714902378520108e-03 -3.222526613169107799e-03 4.766338781445178378e-04 -1.488856337222109385e-03 3.106762719353344145e-03 -7.107789743318512879e-06 -4.043066223801172580e-03 2.278374307919317162e-04 8.791971944834707422e-04 -2.746231062230316690e-05 -1.505861395130684676e-04 -4.079164836599230570e-03 -2.038820848993217524e-03 -1.103773636031514028e-05 -9.456489151599511804e-04 6.584266577604987788e-04 5.225581469177952108e-04 -2.776351921870209437e-04 6.969369864106775281e-04 3.320745891512317258e-04 -9.940858677277386417e-04 -2.843548557390507877e-03 -5.224353679776439288e-04 -8.222726376315662306e-04 -1.022115886056751497e-03 6.179319415995354603e-05 -3.368808141635408742e-03 -2.941266321308293663e-04 -1.340588201753644369e-03 -7.043375704986960025e-04 5.969390131446782695e-04 -5.332236233995307686e-04 -7.387279025789455058e-04 1.405907486916959737e-03 1.799395266899925412e-03 -2.090727888084361382e-04 7.772653796970863463e-04 -2.001112928114214592e-03 5.630638019180904096e-06 3.355755257062115931e-04 1.201123022496873843e-03 6.707733149389307793e-04 2.727825772825918514e-04 -1.621295664800863625e-05 7.768093512898232352e-04 -4.506768539741559361e-04 5.877146687288405634e-04 2.298364119524241313e-04 3.911727357244266005e-04 1.161042197545085475e-03 -6.043473818941667543e-05 2.891770363362580038e-04 4.362940140891245549e-05 -9.754611332631189140e-04 2.270307197634332483e-05 -1.319350923966464487e-04 4.687343324759692836e-04 -6.805960280303574410e-04 -5.501533934218635034e-04 -1.195262216256016453e-03 -1.117895915532964832e-04 3.388752468099918611e-04 -2.628964144018809050e-04 4.499881164858450739e-04 1.542021775528759240e-04 -9.883860777572604621e-05 8.020246912211582502e-04 -8.664756038482160187e-04 7.699569372562817260e-04 4.981577489098500903e-04 -6.642918938745082796e-04 -4.043989662649992065e-04 -4.868943056550234581e-04 2.771875353011972226e-04 1.179267012487940055e-03 -4.998464046389556681e-04 2.299797794836016087e-04 -2.351429276236792243e-05 -1.178696016100699243e-03 8.250910811238371589e-04 -5.080027191918749102e-04 1.061553038192069779e-04 -5.399100333866008834e-04 -8.259375725222675810e-05 2.052795866748062807e-04 4.040273093333577968e-05 1.107661038010923204e-03 1.858695840174569725e-03 -6.051910954911876974e-04 -4.903526752562772147e-04
1.045346852065357109e-02 1.764324803571862277e-02 -2.636205938984275202e-02 1.109755380254519308e-02 6.380111098718148181e-03 -7.409472704470705141e-03 1.517804936163324580e-03 1.093160880985101155e-02 -2.548178831400349509e-03 -6.754126268972657568e-03 -3.512017404227839226e-03 -3.138357779512844395e-04 -2.199672057171357664e-03 -1.320518758661764443e-05 1.627165042522718064e-03 8.322504916908940367e-04 -1.130285043308965542e-03 1.360610459930510071e-03 9.243850937468389662e-04 3.961181454851434003e-04 -1.868287106370501108e-03 8.526073913416093095e-04 -2.859118372641120988e-03 -8.133518139439679701e-05 -2.383090113185912934e-03 -1.303886374056953791e-03 1.386991362444274858e-03 -1.739958763822254794e-03 -7.851084743249939603e-04 -1.473447960235911092e-04 1.092675069047791122e-03 -1.299765974656321831e-03 -5.693082449856049681e-04 -6.313294958775349155e-04 1.384118417836856197e-03 1.939286182316268554e-03 1.973675426028975808e-03 -8.530797634497777572e-04 -1.714243821222767366e-05 -2.483614287077687017e-03 1.787944621954830381e-03 -1.358555709984563117e-03 1.938029617940211120e-03 5.457480283316119927e-04 5.884406864952418078e-04 -1.049137771619512176e-05 -2.054438809286803489e-05 -3.945890155333806656e-04 -4.482177417766091527e-04 3.730483790186813592e-04 1.013406141161217596e-03 1.838590498889977886e-05 -1.516857862334058688e-03 1.316674982602493394e-03 7.631461855152228951e-04 -1.242975534720039193e-03 -7.448000054787372532e-04 2.185133971449173618e-04 3.246135505039138476e-04 6.563219522442943418e-04 -4.805475763639409544e-04 -1.227678929616046093e-03 5.938655217658585532e-04 -7.684520261548320784e-04 2.895895288473612295e-04 -1.318202461157770913e-03 -4.647715562555539332e-04 4.427611196321223626e-04 -7.422411276784988878e-04 -2.957863946768204987e-04 -5.522118700612591935e-04 1.237825966529104704e-03 3.606213964947629002e-04 -1.349558261009036104e-04 3.070630159846367345e-04 3.434009536119488450e-04 3.524190551565041757e-04 -9.614579032144204450e-04 7.600533873894919131e-04 2.251134146002221935e-04 -7.800097474986303955e-04 6.237545483278485311e-04 2.098939264408106545e-04 3.371564118710919421e-04 1.302617024601830827e-03 -1.149219263754168614e-03 -2.922560990209764923e-04 2.843284277213479019e-04 -2.653848758164449400e-04 4.170357382473141995e-04 -7.767010660953053112e-04 -5.767285196023914798e-04 4.278503492285868769e-04 -8.580223987402904118e-04 -5.055802054599507371e-05 7.647816736139682837e-04 5.915740841660016265e-04 1.670755483090349738e-03 -2.179025597686660867e-04 4.482598422954453109e-04
-1.119482378923290083e-02 2.673861944144301228e-02 1.288497037692420272e-02 -6.678030171119121207e-03 2.179774227449278803e-02 6.724292689188964348e-03 6.885524620827888735e-03 3.209284421636285529e-03 2.973347251376957760e-03 6.423811456309508165e-03 1.049533796291999589e-02 -4.618852364778928470e-06 2.479536775575328419e-03 4.107720910020459630e-04 5.612266915979835687e-03 -2.331249750931152411e-03 1.420551119254834889e-03 -1.496080185852064967e-03 -1.253288788634523542e-03 -1.905808336533433870e-03 -7.212587174813695759e-04 -2.742473948773683579e-04 -7.699954264106112370e-04 -1.695557621308244045e-04 -8.903099427801166059e-04 6.372045723470334214e-04 -2.638534923865204929e-03 7.789810092790713141e-04 1.316814229048392368e-03 -1.483592969419028499e-04 1.833271884737192612e-03 -2.151026040564407629e-03 3.978247515109273455e-04 1.028395528798245083e-03 3.872382835122618796e-04 2.726529475490665176e-03 -8.125699485902528616e-04 -3.029232362055388032e-03 -6.474879918200256070e-04 -1.295238342058078682e-03 1.259207980131356753e-03 -3.818246346420429743e-04 -2.554095566528553278e-04 -1.944777603163751548e-03 -5.364503172871702263e-04 -1.145037449716131963e-03 3.367430521325492248e-04 -1.303729236097894706e-03 -6.788541791241561570e-04 -9.595037432170323019e-04 3.847029739581052507e-04 5.891381268413488489e-04 9.577746413675787790e-05 3.284519167517456462e-04 3.730453250383052076e-04 1.672693162774622176e-03 1.158453118362794219e-03 -5.931109331417305439e-04 8.694123659935538940e-05 2.463994316981075669e-03 6.458335062981136309e-04 -4.831747785875380348e-04 -2.004782695110132794e-04 -5.424155036131787777e-05 -1.674923274301540936e-03 3.617456864658614903e-04 -1.592424880775291079e-03 -3.314981906543081752e-03 -1.387413558789079996e-03 1.743228042700129769e-03 2.033662776577153188e-05 -8.517195904378009955e-04 -8.224475014578367564e-04 -1.065740167546373827e-03 -5.667362731862275217e-04 -1.439113947253169677e-03 2.739170942589221600e-04 -3.281038047295817446e-04 -1.953531997786176269e-03 -3.053142277387253909e-04 9.728155882919104413e-04 8.756190998982879992e-04 -6.713648159670852723e-04 -7.674662289270392859e-04 8.945900399014860985e-04 -7.002692596016968016e-04 -2.323734830752319409e-03 -1.076243021619974205e-03 1.358552817635665187e-03 3.412695862741084180e-04 1.633895880960057516e-03 1.634539793063346017e-04 -3.745326393317055893e-04 -1.827617769699141576e-03 -5.955893300915072075e-05 1.163957892371530155e-03 4.124512952263318646e-04 -5.610147478207098493e-04 2.917113982805528624e-03 -4.253112428548179013e-04
-3.435758059330235731e-02 2.336353472810463738e-02 1.887874409976505671e-02 -2.659599106504632274e-03 2.268725757001949228e-02 6.634134624063139571e-03 -1.104102625635285584e-03 2.066275923731571932e-03 -1.565966602078379139e-03 9.418653108283889588e-03 5.208666535558814127e-03 2.829479433409448717e-03 1.038424600912379132e-03 -3.050454360680231961e-03 6.236597687498985666e-03 -6.242652453097728184e-03 -8.492507233035350833e-04 -5.966405049395951884e-03 -4.632283184331969020e-03 2.040968054575951172e-04 -2.599258325271942751e-03 -1.399145318492617121e-03 -1.384356602551740922e-03 9.361631779916559752e-04 2.283879509524667356e-04 1.527609284413994611e-03 2.297985465386771439e-03 -3.418033407584953210e-03 3.975129496524555618e-04 3.229171613628807353e-03 -7.141156039329964698e-04 3.739240366703830074e-03 8.502037004935543343e-04 -1.036282533440178663e-03 1.289128728682944558e-03 8.574547384086909701e-04 2.148278135801438826e-04 4.142261461652686945e-03 -1.531073207413434067e-03 1.385674981905817276e-04 1.230708589695023343e-03 -4.314950391583643238e-04 3.440067994800034661e-04 6.586571334389663577e-04 1.502986304733657788e-03 1.151422270492422767e-03 4.222414344029975261e-04 9.723790382705626038e-04 3.501157171447297407e-04 3.680379466289694797e-04 -7.997450556223740376e-04 6.937500889330482665e-05 -8.692679566034722813e-04 -4.862225101465251424e-04 -1.239981417614941189e-04 -6.306632273358226412e-04 -3.037610085002226011e-04 6.028679432937850829e-04 4.097358954312607074e-04 -4.564660778909952928e-04 6.741931641828813890e-04 1.386955169566157656e-04 -2.388865743530477637e-04 5.423461306385441187e-04 4.162775177724827654e-04 -5.242567370474453909e-05 3.005405650103893517e-04 7.233378086015743733e-04 4.229914629608802468e-04 -4.323009656218031031e-04 1.587621281075054342e-04 5.959892456094692748e-05 1.962888401836317077e-04 5.356615368848359525e-04 4.660685296514081649e-04 3.073025156498444040e-04 5.025373223574686838e-04 2.086136107721956942e-04 5.578301792424679179e-04 9.979605547327731647e-05 -1.059550434273128340e-03 -4.100747095170580257e-04 7.288929160266759263e-04 -1.095443868898388984e-04 9.527910524954559047e-05 -3.669087864665390199e-04 1.203423013586704611e-04 3.162049114108027282e-04 -4.191170969963310981e-04 1.152623159443114120e-04 -5.499607170464405068e-04 -3.317533919226134018e-04 -4.981817861101587317e-04 7.136900410881860278e-04 -5.003953257693298561e-04 -4.181723394171410610e-04 -5.386634570205221101e-04 -7.238589449614558934e-05 -1.129539206594489930e-03 7.128844205840355352e-05
5.384243872327053315e-02 3.122794342113031224e-02 -1.028161319468542251e-02 5.701358841499010351e-03 7.587324046782482727e-03 -2.255127110588911726e-03 -2.298460653681329117e-03 1.978344604427626635e-02 -2.257334840219218583e-03 -1.774028025857837332e-03 -2.118159924079450647e-03 1.798753907593094586e-03 -6.542469743164939719e-03 5.711176099803517113e-03 1.032679405633030309e-03 -2.805542291478899781e-04 1.152554794109741368e-03 2.565677529308556335e-03 -1.250921384274925139e-03 -8.109052659009093663e-04 -2.007671079769589740e-03 2.485852695565997795e-03 1.753586237353417206e-04 2.618559460755669633e-03 -4.223216297512112183e-04 -6.691303465082873263e-03 -1.495508957253809633e-03 -2.125940005092308727e-03 -2.223111432224836922e-03 1.216107410252035594e-03 -6.061395954055800962e-04 -2.965140261179982813e-03 -3.004319498744522331e-03 -2.928423486526444009e-03 -2.565788517736240001e-04 3.789380071945812984e-04 7.520318616272716030e-04 1.782124479800844836e-03 2.416580013393062796e-04 3.137873870592112975e-05 -5.593175267861141180e-04 3.663600183197773179e-04 -3.261099417681201850e-04 2.313750214955047845e-04 -6.156477727110886734e-04 7.112215874736963709e-04 1.783742665638417269e-03 -8.613769196782631926e-04 -7.115427650909927427e-04 -9.744438909146270868e-04 7.159733869015846202e-04 1.552836108856630020e-03 -1.020942943821319436e-03 -7.004203961697276579e-04 8.930073007616602838e-04 6.500889243510408599e-04 -4.053083720197537100e-04 -8.715876961789589383e-04 1.270835571378241323e-04 1.268332916532682051e-03 -1.256677408874070550e-03 -9.671521775209904062e-04 -9.655355927003827013e-04 -2.574710718429325924e-04 1.814913895811160794e-04 2.442696467560468050e-03 4.149378236924153697e-04 -2.975628491335354257e-04 1.218364222765979483e-03 2.194424143573237874e-03 -1.752077276318009269e-04 1.474012191952983261e-03 2.791875651647420138e-04 -2.136764625547046218e-03 -1.488236149441612337e-04 -1.007510322450243896e-03 1.768575644387928312e-03 3.529764919350989014e-04 1.669887221129129871e-03 9.046812670795567743e-04 -1.144560515046979653e-03 -1.286401405309274321e-04 4.673633378818941664e-04 -2.299618899550630834e-03 2.571815019561818501e-04 9.094001473279394402e-04 1.599775013840905747e-03 -3.387922524703843659e-04 1.507434579811765644e-03 1.355834376284107161e-03 -4.023583240405887535e-04 1.472404563653482903e-03 1.410514203151411736e-04 2.182900689390491567e-04 1.074471659937402922e-03 1.016650398467423742e-05 1.523537935607331402e-04 -9.391923471194848919e-04 -4.613773552803504519e-04 8.160523873488974766e-04
2.600014385059062905e-02 9.368222595418957896e-03 -1.996610670142710819e-02 1.991060076850482627e-02 -2.416742487487630493e-03 -4.226957271558971427e-03 3.832077409058996667e-04 2.091216095584753562e-02 -1.486167060505323018e-03 -6.456900432917379688e-03 -1.913484360765857744e-03 1.205420059577068772e-03 -3.055883966793261023e-03 4.178877094476776124e-04 1.411911167799290807e-03 9.086666366190724849e-04 2.030484719304671316e-03 1.726005216535511384e-03 -7.868113428213249294e-04 9.082150580889163582e-04 -2.372765791661902469e-03 2.751231699862666767e-03 -2.934133427793480988e-03 -5.120550757471168741e-05 -1.715320243965483011e-03 -1.541150615352567758e-03 2.588369606195739959e-03 -1.737835290443824230e-03 -1.591119138568563196e-04 -1.400194084343170040e-03 1.381026811351425757e-03 -8.278254417327523965e-04 -7.120057163982025173e-04 -2.152512534364834317e-04 2.350243675251625138e-03 3.736449362823687521e-03 3.730989716834797777e-03 -9.205770859132057001e-04 8.985063724027339549e-04 -3.430498147481361032e-03 2.006638986301754069e-03 -1.385826949615914436e-04 2.950507727545261232e-03 -4.989287700362701039e-05 1.709349088231840869e-03 -2.567875081017839201e-04 -1.432707130610972202e-03 -9.526198119720781510e-04 -7.414596686126647762e-04 4.336198515553529214e-04 7.366361370482490912e-04 -1.181149053298474809e-05 -2.188406716544496859e-03 2.311519224185547457e-03 2.432055344392969624e-04 8.952572532062793458e-05 -1.478532368383443391e-03 3.730382711471132140e-05 7.367830418812767361e-04 -3.374406995659278048e-04 4.432748025683743462e-04 -1.525738408855817265e-03 1.010717088207881652e-04 5.065394795857532410e-04 -4.832653523599605202e-04 -1.315620318758147032e-03 -1.877271194151489933e-04 9.221932415721103768e-04 -3.346281600621940850e-04 -7.130177006188087715e-04 7.366943346327612567e-05 1.089454240985274821e-03 1.385605933618707774e-03 1.288607832764996058e-04 -1.230994325987321404e-04 1.264037931440365782e-03 1.124661656921296574e-04 -1.503780334294091187e-04 -2.595546969551587894e-04 -1.636050511176664315e-04 3.349117598747238726e-04 2.367076586450665287e-04 2.461679399485867275e-04 2.910522036044546710e-04 -1.204547892351723369e-03 -3.372970021507536620e-04 -2.638784720335240813e-04 5.976755242021207157e-05 1.833330558071061571e-04 -1.552934717867342131e-03 -1.312562515985408616e-04 -8.849079892999397014e-04 5.916007435931241011e-04 1.671061722681804764e-05 -2.350538154886606631e-04 -4.015698689548809273e-04 -9.826170169958997787e-04 -1.306378128257036902e-03 9.789058297248994303e-04 -3.094433101793970446e-04
1.012654370221307276e-01 -7.718021563978461411e-03 -9.071800191880684608e-03 1.535694419581627203e-02 -1.439107278242141962e-04 -1.096879098892129811e-02 -1.721324045085303968e-03 1.277616508114571420e-02 -3.106314588920304660e-03 1.194449737181055337e-03 -2.648674783826378970e-03 -1.334777475832439305e-03 2.148200569424653979e-03 9.808901439005328696e-04 5.070624798361464750e-04 -1.584306411126629979e-04 7.227978440533963612e-04 2.926055218057251831e-03 -3.617827951491781307e-03 1.624128232897539435e-03 -1.364991510397492794e-03 6.546745725463438319e-04 -2.094805254546652784e-03 -3.688713034452287417e-04 3.639030416483724699e-05 -1.035251256099934715e-03 -8.754715383978513201e-04 -6.616525407972612344e-04 1.879352988063441544e-03 -5.776976287874261611e-04 2.072567603675243460e-03 5.991030755646520019e-04 -1.533133211342137259e-03 -6.081225944526575658e-04 -1.808779066270554633e-04 7.634990030040999555e-04 1.048991781507655451e-03 -2.161665769558166438e-03 7.021658445653367574e-04 -1.067232746029000067e-03 3.361884004946531345e-03 1.203307093531212673e-04 1.497375195677013663e-03 6.994111736590405328e-04 6.260658928484609401e-04 1.504626126320536723e-04 -7.319642006553738140e-04 -1.376733045776426425e-04 -1.275587157415364716e-03 1.808024889431176097e-04 -3.476265737064118807e-04 7.994425450615350037e-04 -7.613246681252022622e-04 8.520491059282596672e-04 -4.380968204977174181e-04 -6.673326474020997842e-04 1.816083720911999334e-04 1.800485391283316184e-03 -4.941048060458719731e-05 -3.819814176398261926e-04 1.456299167809763952e-04 1.339716672329425984e-03 -6.412415101190958042e-04 1.730031069619250616e-03 -8.628866249226519207e-04 -1.345486935642506519e-03 2.511616707480761844e-04 1.371674847624841653e-04 1.107494503653414647e-03 -2.239967445907387229e-03 3.038209022249380989e-04 -1.734061117274693494e-03 -1.141000070572977454e-03 5.533199918983530913e-04 6.409089676780638017e-04 -1.274793058100723861e-03 -1.314467765364203591e-03 -6.424932181177089559e-04 -5.179671980749196757e-04 -2.169202180635015909e-03 6.187024199189153405e-04 7.250656782375913042e-04 2.797728845607634334e-05 5.990761882778012628e-04 3.803156544501424554e-04 -7.549416124774874226e-04 4.703580702374675197e-04 -1.505858379408928213e-03 -3.232993067506048797e-04 2.388510704798371296e-04 1.605385816161580131e-03 4.143104979162908624e-04 2.334410391712737854e-04 -6.878782479731796991e-04 -1.587827653422496004e-03 4.488600268747694678e-05 4.883570366857666479e-04 6.969070872215354148e-04 1.439857537433424377e-04 -7.699513630375492493e-06
8.294514484823861666e-02 3.644927657019894629e-02 -1.724892948180043947e-02 1.304622783810596709e-02 7.310236866214778195e-03 -1.502271867029935704e-04 -7.284377448461670443e-03 1.093222096471961093e-02 -4.489813943861229784e-04 3.434017518993011473e-03 -4.119980633925548856e-03 4.340484886102753703e-04 -6.273985468896329902e-03 6.377494264969787476e-03 1.700977561622197317e-03 1.682012832851276262e-04 7.323410029994830003e-04 7.139731323608169847e-04 3.863510706673331518e-03 -2.020928773158837694e-03 4.392019797275809761e-04 -9.129259957185542715e-05 -1.463638719675123710e-03 2.365846062802486310e-03 3.570959967420408825e-03 -7.829615286298009444e-04 -2.202330105542849373e-03 1.100828464889043153e-03 1.327232374563405053e-03 6.206597161853338786e-04 3.779256385326225940e-04 1.076749940759214562e-03 -5.530222058708567307e-04 6.984253321929577343e-04 -4.514979645653251585e-04 -2.254470280076295661e-03 -1.735097099881915137e-03 5.428123181050830120e-04 -2.089408168980000195e-03 2.550574059368992692e-03 -3.296444390012992758e-03 6.418263993256324200e-04 -1.165480443189591568e-03 -2.014040091116406014e-03 2.123942221057293321e-03 7.517674468795791046e-04 -2.881656056360587222e-04 3.085574925602992038e-03 1.392534235862674837e-03 -1.510942125391592436e-03 3.284575037897573507e-04 1.913073022299664121e-05 1.361184807817020399e-03 -4.929917798307855824e-04 5.531508428857203957e-04 2.416722145910177996e-05 -2.115705744012390168e-03 7.984882292296833876e-04 -4.245272337939480674e-03 6.488487437927719943e-04 3.917448377558666213e-03 -2.660949405578676781e-04 6.903483030993487046e-04 9.488125226553362690e-04 -1.323862484565166940e-03 -3.202380805522193549e-03 -7.086742630906394010e-04 1.383497957534817737e-03 1.013819447242453146e-03 -1.698329266661455879e-03 -1.212255430193497118e-03 -7.149147390486411662e-04 3.899478275260761292e-03 -6.913466762583233378e-04 -4.691579678334687441e-03 -1.758541213702110011e-04 1.142084402021360887e-03 1.556934451209365713e-04 -7.373912012396303213e-04 1.068078181222012875e-04 5.581150166588200266e-04 -6.815411655482839833e-04 -2.370482801268175219e-03 -1.666840995930572332e-03 1.017381437715810790e-03 -4.182116473987430513e-04 -2.950741593577229142e-04 -1.554281348147583863e-04 -8.162067386265813235e-04 3.711570237213868313e-04 3.300662877424059187e-04 -7.756818880927421030e-04 4.026956101267723529e-04 -3.170812486130486409e-04 9.247128995343534231e-05 3.721228673102039202e-04 5.045088350430300319e-04 5.481257497054205750e-04 1.796496533371143224e-04 1.570978257580085246e-04
1.772740690292889942e-01 3.099432840822716542e-02 -3.157839925209151872e-03 -2.200355915210499592e-03 -7.554004866768502906e-03 -1.081232087536249196e-03 -1.066349517751052391e-02 2.322636700172526613e-03 -5.148725625049233555e-03 5.876892463081258983e-03 -9.551619418936428858e-04 -3.425218532751795209e-03 -6.698762065281059453e-04 3.559400132508879194e-03 7.730068037617659300e-04 -4.281721705292006706e-04 -4.981336290605890317e-03 -2.107683894353289133e-04 6.421445213212802899e-04 6.140908989239912035e-04 -2.735665651751606649e-03 -3.659243006255293685e-05 4.782376671768856329e-03 -3.408451809490305466e-04 2.588189175778245546e-03 6.583047570907983289e-04 -2.246389207765179304e-03 -1.583519462547971633e-04 -1.000246701135675334e-03 1.261298617971691721e-03 5.753318966143318501e-05 -2.351768090117220718e-03 -1.041572502484994960e-03 -1.004911664327132626e-03 -2.687335468868286108e-03 -3.901597396767784347e-04 -1.265307579658958548e-04 1.353304521100659420e-03 -2.490556395568090976e-03 -5.418026204364734385e-04 -8.114008203274382380e-04 3.934609059204228153e-04 8.021316538854851271e-04 -9.465996427121485925e-04 -8.146954071184318944e-04 -3.093600014340499877e-04 -8.225818911099284046e-05 4.820257999399260064e-04 6.689733745312461928e-04 8.246728026947543417e-04 -6.195286370905380346e-04 -8.583231317266978291e-04 4.972753908490446829e-04 -1.192201664864575008e-03 -5.165691373184731414e-04 -8.656488182872555583e-04 2.080592556368904104e-03 1.562489039838081911e-04 2.066366131332804043e-03 -2.231174994975950853e-04 4.663621019675217791e-04 -2.332167049969512043e-03 -9.298360603921894786e-04 1.206049410247218628e-03 -8.895866015216950199e-04 -1.366682334728524118e-03 -6.881213582125722148e-04 -1.082214631210890810e-03 -2.267929040644327873e-03 -9.498334919326944202e-04 4.881217761853006007e-04 -2.738168321356887740e-04 -1.978068388039312171e-05 3.055910339604423799e-03 5.289155372592340906e-04 2.225047237722686550e-03 -1.001604427076442693e-03 -7.626023750810400400e-04 -1.062343720916936489e-03 -1.032038679614633546e-03 2.916501238760848603e-04 -1.025613448701242700e-03 -2.815795110727064079e-04 3.069281950365883305e-03 -6.335757768262841169e-04 -9.539366012700080215e-04 -1.818976618345864889e-03 -2.808170068678835998e-05 -4.894316977291760006e-04 -1.611966266305572262e-03 -5.164223954092126388e-04 -2.743725557718592473e-03 1.113398572060394262e-04 9.747952525942592912e-04 -2.244526921918116660e-04 1.148406322404024304e-03 -3.123645464163430870e-04 1.676879379501195703e-03 8.314765009817058194e-04 -1.574589852704524331e-04
5.730762780313067989e-02 -3.652815422470109125e-02 1.533503142844834868e-02 2.116884136733224002e-03 1.420304194830872453e-02 -1.458940970690489509e-02 -4.009533796537067228e-03 -2.177105127330891850e-03 -3.724668723011766332e-03 8.247226934975179389e-04 -1.552890019349424536e-03 1.494135397868765229e-03 3.768659966304951144e-03 -7.446987820393315312e-04 -1.877386739406110326e-03 1.405153222807769761e-03 -1.358717053289821728e-03 2.866115535074900428e-03 1.737318751029987181e-03 1.488314851161509677e-03 -2.560830572584050970e-03 2.998600619401013256e-03 -5.140480356573247714e-04 -1.586747446047766978e-03 2.473559509367782936e-03 -1.212117338373465284e-03 1.060968858940218021e-03 -1.671949779597044954e-03 1.879467792702143843e-03 4.681738329643649684e-04 1.596821960043738305e-03 5.110550960544684752e-04 -2.499931447787176637e-03 6.875766809537295658e-04 1.752263335858176771e-03 -4.227688983398348818e-04 -1.737753939245706685e-03 -1.659023290444199428e-03 2.936476607386460095e-05 -8.801158871491544843e-04 -4.871547286455897520e-05 4.251938109375903870e-04 -4.314273699972299178e-04 6.405140355067504400e-04 2.305753746070859727e-04 9.260292036938725128e-04 -6.016443370064725616e-04 -7.552575293665432857e-04 1.472937077183949020e-03 -2.851324021244551390e-03 1.104761182849226323e-03 -9.976693475145851069e-04 6.606448177011352632e-04 -1.934705712225206434e-03 -2.204038719753168701e-03 -2.290625069092992738e-03 1.387723713610994726e-03 -1.503090372883528637e-03 4.884379569496614254e-04 -1.202662228969181030e-03 8.940126657406046980e-04 4.164383980127755016e-04 -2.155667732160643311e-03 1.278066047296828791e-03 1.527767065107559343e-04 -9.847830291984883879e-04 6.531948931546713777e-04 8.326768981411479011e-04 1.250593554389100963e-03 -1.257213971782534731e-03 9.920221481017129240e-04 -1.124553178593516852e-03 -1.678269487933538003e-03 -3.268590789882648909e-03 6.070531450883374794e-04 -1.956066454818993459e-03 9.395108084820228745e-05 1.853044601881285568e-04 -6.238464546694705336e-04 6.078348415927099313e-04 -1.818225661031746675e-04 -5.208761280473657657e-04 8.677953996848705763e-04 -7.876564180744208624e-04 6.143852461117329427e-04 -7.792476650550278147e-04 -8.846163131438192131e-04 -1.463446070617509644e-03 3.776312319717532924e-04 -7.824285586921419719e-04 -3.824816994885286764e-04 1.016447637440244653e-03 1.049706262652946750e-04 9.576065208571929400e-04 -2.350070095643180010e-04 1.463081206211000939e-03 1.497489613024053897e-03 7.595514535200839201e-04 -1.027909785331032003e-03 -3.173353098348762578e-04
1.161117243245341213e-01 2.558158268061409054e-03 -7.456445601225842462e-03 9.327574272930939936e-03 1.032820711487179985e-03 -1.038251490339483531e-02 -8.785213038165737981e-03 1.062485576510064245e-03 -2.517937450098138488e-03 1.306002579471941295e-02 -6.248378262453279340e-03 -7.209570653602379899e-04 2.373277079009675564e-03 6.148324274995350426e-03 -3.646751925115199449e-03 3.876280136505378358e-04 -5.053802851379038917e-03 2.659139141452080551e-03 2.353261207752853107e-04 4.172501350954408231e-03 -6.548776365671141013e-03 -4.716578868933654980e-03 5.793103383798306472e-03 -2.675364666062157205e-03 3.438650340490922042e-03 5.607401054195982476e-03 -2.508439412552276523e-03 -7.064125351516735299e-04 -2.651412490406461118e-04 -7.421550332851015478e-04 -2.336689395472672272e-03 7.898002680360705595e-04 1.638759973946337040e-03 -7.973979427308670398e-04 -1.195381204347265589e-03 1.295236690237259178e-04 2.439524272654930957e-03 -1.192283255821673452e-03 -2.068066664937096618e-03 -3.496892097785540224e-03 -3.258586177529558276e-03 3.331648024458868621e-04 -2.901973575190555307e-03 -2.980817113007523219e-05 -1.254974827512746053e-04 5.900551045707184321e-04 1.016215446436989373e-03 -1.738088687028367836e-03 1.014078127168826539e-03 -2.463907836775817463e-03 4.241160561156931907e-04 -2.285005402660718679e-03 -1.634285003332603152e-03 3.989553840790455337e-03 1.790544512311502499e-03 4.181366103453877246e-04 -1.077896851871011944e-03 -1.079167003694150471e-03 1.297043454714261581e-03 -1.769431532184806985e-04 2.587193333680981935e-03 7.828784033627730682e-04 2.763435070146285331e-03 -1.523764566484224481e-03 1.997688134675058499e-03 9.672824962626204882e-04 -2.664802328561248490e-03 -6.344478972112750073e-04 5.349496778156508873e-04 6.205859340175305227e-04 1.821622474550944285e-03 2.293959933565127042e-03 -1.946950687181152285e-04 -1.293761861138657170e-03 6.451714820840061173e-04 -9.130528735401520230e-04 4.942712050518908431e-04 -1.021286732445407866e-03 -1.414192910810440295e-04 -1.047189181183241742e-04 -1.048308879843895406e-03 2.867743882353320553e-05 1.197862675136898269e-03 -5.010807278426674229e-04 -4.529669870759364626e-04 -1.875008602682995255e-04 -1.208686450647584537e-04 4.424623537651891465e-04 7.600141932590047649e-04 1.555706608681234324e-05 1.379548702590831677e-04 4.668277334138082085e-04 2.735256214717984966e-04 -1.546084062103137661e-04 4.555278196846986472e-04 -7.038047804496959034e-04 -1.643616645756759784e-04 -2.648621689444422434e-04 -1.899806390077596503e-04 2.010748101835697075e-04
2.563738878378322202e-03 1.857155131480142315e-02 -3.066811035188668402e-03 2.267006363205199195e-06 2.016606794620656035e-02 -2.877585885240618001e-03 -3.570516515842209800e-03 6.335581099508351931e-03 -1.636039082637707109e-04 6.008609456119838772e-03 2.202836197849262264e-03 1.397878934629188464e-03 -7.870243654718616418e-04 2.021526297133348360e-03 -3.267605152999467945e-03 -2.732286095136204906e-03 -4.967040959981041531e-04 1.031636808913610358e-04 3.194905713348402971e-03 1.141068056153103508e-03 3.164788121126439665e-05 -3.857397453427392243e-03 7.915554508625421721e-04 -3.566440401250941042e-03 -1.937227739909614180e-03 -1.637466104544012301e-03 3.804897436495342268e-03 1.401937319134828825e-03 -1.858884345556946656e-03 -3.920737622626012039e-03 -2.768836441076149776e-03 1.499342538164897057e-03 1.346872005481566267e-05 1.251732742725200761e-04 1.580502268470107162e-03 -1.320320385430610215e-03 -6.896375651346227983e-04 3.669104455225693801e-03 3.236025408862211027e-03 -1.748025550885431295e-03 5.993075020169121849e-04 3.588960632990048812e-03 2.504589641749917737e-03 3.288381923691535095e-03 -2.674353057079335155e-03 -3.462595980137173415e-03 1.850127196128908058e-03 -5.390735822100221029e-04 1.515985293550086875e-04 1.141510077555422248e-03 4.739168735046146545e-03 -3.038343142860660900e-04 2.375048518789005074e-03 7.131983633348646474e-04 1.818917593563844750e-03 3.222245265100195260e-04 -3.623866773082628297e-04 -1.230142532714752993e-03 1.514311325424975876e-04 -8.405105203382181927e-04 -1.473323136774107789e-03 1.221218705202672993e-03 -6.092517037672636479e-04 -2.749598825925509316e-04 -2.670139343375147194e-04 1.911638973327810069e-03 2.047203025464914455e-04 -9.739205527734177232e-04 -1.008446476968797873e-03 -6.686046618639058560e-04 8.704714697536159373e-04 -8.458437240646294198e-04 -4.042061147524050597e-04 -2.254761130758557882e-04 -1.126003340861422624e-03 -1.106748215657770784e-03 1.135011362524144174e-03 4.495107713113582321e-04 -2.110462725484949908e-03 -1.138738269508286381e-03 5.934280576569305648e-04 -2.087622489028304312e-03 -2.389633719352426966e-03 1.270678643390749172e-04 -1.036940235420748518e-03 6.427989424017219882e-05 2.589225120960539882e-03 -1.193987610375245876e-03 -2.161245414024693008e-03 -7.417959803756301327e-04 3.523991362759286775e-04 -2.012808172151465871e-03 1.270753205427473326e-03 3.488479657949577367e-04 8.278503380490849918e-05 6.112966929843096893e-04 3.940261843718911926e-04 -5.573475060861339666e-04 -1.403005340107532620e-05 -1.524083918254602967e-04
-5.833579539657943874e-02 1.362636759563307098e-02 1.033122251635396407e-02 -1.556556173797617312e-03 1.038659775065788396e-02 -3.992421004879204149e-03 -4.566375927339126617e-03 2.117417658192704676e-03 -2.910655203525628048e-03 3.741460710709426478e-03 5.514209362070736191e-04 -1.011049040064893896e-04 -1.077103156354021355e-03 -5.437399445315131870e-03 -2.081379245644013332e-03 -1.057190411943839019e-03 -2.610619036090358787e-03 2.859274305300971977e-04 -4.121673736720145000e-05 4.842277949619057734e-03 -9.462207812331923989e-04 9.686159398486069621e-04 -4.360977454845879424e-04 -5.506782190504114650e-04 2.323133244985923812e-04 -2.492465554719313151e-03 3.516901646807841023e-03 2.249408296539301844e-03 -2.553875762970614360e-03 3.956729993012584028e-04 -2.981231872151734932e-03 8.497293004262148795e-05 1.061306672427381930e-03 6.014944056057010759e-06 -4.835667422677475901e-04 5.041977290281173451e-04 -1.756701999087590923e-03 -5.665870703074228762e-04 1.113867530142354650e-03 5.937147104715427776e-04 4.406162133638996930e-04 3.348462527956029447e-04 -6.031371452937956670e-04 -1.900741401495075096e-03 2.022330011003185260e-04 1.070160056884770020e-03 8.499774657004615080e-04 1.110205349672786562e-03 -1.028487514068350409e-03 -1.540579652696620529e-03 1.750907844069463310e-03 3.366776852570038800e-04 -1.091253780937997790e-03 7.361157483221487897e-04 -1.617823307181994038e-03 -2.056019533311873038e-03 1.013693447139912092e-03 1.397278935690096646e-03 -2.162316050969466396e-04 1.997509344827519580e-03 -4.830013765054708900e-04 -1.237692082602886426e-03 2.673078278233008420e-03 5.643620680259318944e-04 -1.097640540456169605e-03 -6.757998539335779683e-05 -2.071835252809373432e-03 5.766575382434742641e-04 8.116603690302257208e-04 -1.094425377740582735e-03 2.805973624401473360e-04 -1.282320439597852031e-03 -1.060377821051960946e-03 -1.254619820400622006e-03 -9.685072109070384317e-04 1.589078010045452813e-03 -2.470604582678327622e-04 1.163889923590065954e-03 1.263617990932980285e-03 6.081952803396355797e-04 2.954007059572931037e-03 1.052697315479758861e-03 7.735637025415574878e-04 2.974388568070627549e-03 1.471633150735678032e-03 3.502811023054389766e-03 3.867217748725528675e-04 1.997207865151492522e-03 3.170005784833095476e-04 -1.676992804024906745e-03 -4.508287102307438599e-04 8.218829714511231193e-04 9.112800550466254503e-04 -8.954068396922290098e-04 1.667872420076867536e-03 -1.336742885568978963e-03 2.326744769923020685e-03 -8.713590408037725143e-04 8.101580311934534779e-04 -8.689182700574886236e-04
-4.363517340524600968e-02 -2.461226355657596815e-02 4.945122001991468334e-03 3.871192827565712272e-05 9.994877272610834182e-03 1.808165062001654711e-03 -9.310491685938960746e-03 2.409206392448648339e-03 -1.273149596979046604e-03 -4.644977365699043954e-06 -3.330002045850112211e-03 2.809109156814119262e-04 2.660708867984740850e-03 -5.311293245295895492e-03 -2.719326364258629111e-03 2.032477674311472364e-04 -2.128037991459250794e-03 5.880693713666655924e-04 3.720320509070652870e-03 2.327177450460657208e-03 -3.046536505846153130e-04 1.671152411622039372e-03 -4.913858866524100201e-04 -3.413178484217768097e-03 1.608761503914549196e-03 -6.442780700603854176e-04 -5.258599283189909542e-04 -1.410872944513492239e-03 9.868156045360458335e-04 1.386807299870820766e-03 3.621916831036444393e-04 1.687121087641795273e-04 -1.364743015483867302e-03 1.855959916223277060e-03 1.218878222161914361e-03 -5.426298649098055442e-04 -9.098586264746904174e-04 -5.905852016383628241e-04 -2.282020801032536689e-04 8.684882814084601702e-04 -8.729281701625908607e-04 1.778852439074577081e-03 -1.354032635913086100e-03 3.759206042274232146e-04 5.354049053040341698e-04 -2.999326823297313320e-04 -2.351311863430573159e-03 8.748422190140607091e-04 -1.195303819573940171e-03 -3.337514246063707796e-03 9.570081786310435197e-04 5.742532760634860281e-04 -1.308598832887131831e-04 -1.896728443026384110e-03 -1.965667539799203969e-03 2.595569224381934085e-04 6.991209405399862950e-04 -1.980344291707787901e-03 8.806768552800757618e-04 -2.193344321706912695e-03 -6.407569904354742246e-04 -6.205424839344288483e-04 -1.031737260518823330e-03 7.106679289103996679e-04 -1.064904431942738936e-03 8.969167473070480470e-04 -2.199015888527908698e-05 8.102609541457931209e-04 -7.878421173252808619e-04 -1.291953688871801164e-03 4.324702431108586585e-04 -8.878999480136690221e-04 -3.818468393724846338e-04 -1.348647924794191223e-03 -2.103523048241892678e-04 -1.760323576176504564e-03 4.524375950351171180e-05 7.572127767924564760e-04 -7.378668485870406419e-05 -7.400183987478645359e-04 -1.703073824018143259e-03 -8.347461415820488532e-04 3.421914696536430605e-04 8.847154277783342421e-04 -1.090044612734053465e-03 2.851437367180998457e-05 -3.344630973923930998e-04 3.121265117919084673e-04 -3.958656436167578359e-04 4.615250563999343886e-05 -5.220358700094298535e-04 1.425566655197965833e-03 4.487300323843427066e-04 -3.749153843202915446e-04 1.106888023591120910e-03 2.935635155434284174e-04 -1.514416837957486585e-03 1.226954029837707977e-03 -2.610813436763065190e-04 -5.236054090235004116e-04
-8.064209076482886651e-02 2.055588866370802389e-02 2.892215870146185031e-02 -1.104368900978667481e-04 3.286588788997903479e-03 -3.986349952247397396e-03 -5.458857806961924485e-03 -1.658436486315380005e-03 -4.617941390231864265e-04 4.002577781264747558e-03 -2.842812285441462684e-03 -2.721217795296754075e-04 -2.973062105833567878e-03 -5.583201716132996963e-03 -1.604335505717296084e-03 -2.120229889803479546e-03 -3.660564315886450509e-04 -9.288167913695263931e-04 -6.706559815340802861e-04 3.698129105464606752e-03 -7.703836885591830051e-04 1.524614264603718150e-03 -1.048481207135607907e-03 -9.702688902307934481e-05 -9.567323321872698389e-04 -2.534291050219898266e-03 2.488164231875049717e-03 1.833900595954009085e-03 -6.795039785754199450e-04 -1.774100011683458263e-03 -1.970581479922889952e-03 -6.626886710622186330e-04 -1.252208353807339317e-04 1.894648405837841927e-04 -2.394188907187836789e-03 4.860154446828790216e-04 -1.434364275173900197e-03 -5.070209593367750118e-04 -4.372735796256011637e-04 3.267854890284941412e-04 1.275920581952699837e-03 2.269914977019928007e-04 -1.221210327181538506e-03 -2.774576284203452391e-03 -1.024097767287909713e-03 1.688560082618070779e-03 -9.117360916558086073e-04 8.532222719957895498e-04 -6.315038219101401550e-05 -5.230041680919881187e-04 2.919673554061861620e-04 -2.835687067888142086e-05 2.129501145048995933e-04 1.547467006955604999e-03 4.776058879713453306e-05 -1.398476333485792209e-04 7.486668121741064420e-04 1.295171815046457535e-03 -6.192252661156690463e-04 -3.817885375986852250e-04 -3.006217579863674052e-04 -8.519149855235368584e-04 1.329557086108544214e-03 5.316764100173987460e-04 1.110828764736789041e-04 -1.084847500171161761e-04 4.076252261121908753e-04 1.198989465939568093e-03 2.922361474119826029e-04 1.086697895487817546e-03 -3.297803867730906093e-04 8.655023738673800699e-04 -6.496016791026901823e-04 4.610241143161504952e-04 1.242627812108083743e-04 3.492905726214258196e-05 -2.496817889064461074e-04 -3.948417628812942652e-04 -3.188357735059596477e-04 1.856555138506000473e-04 -2.772929092933567566e-04 -2.253491398740804308e-04 -1.116262484826310961e-04 -6.900638934844069948e-04 -3.089954891880200398e-05 -4.560014149222382102e-04 5.181631684154151644e-04 -8.556759147018093816e-04 -4.449675633329292380e-04 1.658919567503452507e-04 -2.824379837551914234e-04 -1.995549915731222024e-04 -3.280733457765014132e-04 4.897270495372408683e-04 -5.374945185058743182e-04 1.063728837386482967e-03 -8.207845316155138382e-04 -6.457736091285087670e-05 -1.463190855790594330e-05 -5.789093460895568033e-05
-2.684857195679170912e-03 -2.276760490499187776e-03 -1.184060963441970274e-02 1.676719590375887886e-02 1.486035548898651925e-03 1.153952018382830170e-03 9.270867570366578964e-04 1.906393953949605397e-02 -3.722760245920176889e-03 -6.945535212335781847e-03 -1.209049718704260186e-03 2.266130877540931728e-03 1.376971073244905638e-03 -2.153233083570234557e-03 -1.679671778102911895e-04 3.928815490364602654e-04 6.584717244815575278e-05 2.877380790466348755e-03 9.781152007470625236e-04 6.851157193889062221e-04 -1.483742594031303881e-03 1.437237964519762949e-03 -8.311882026575802360e-04 -3.938236637048445152e-04 -1.477928887728666065e-03 1.654695740748544832e-03 2.391554421152366616e-03 -2.305319447842528804e-03 -3.074843369767916437e-04 -6.268495412758498401e-04 6.487835884789105653e-04 -1.142438496952997160e-03 2.175139935444267870e-04 1.463169924032266776e-03 2.622492457038292767e-03 2.787741500945752592e-03 1.212935995515465257e-03 -1.198953296816318917e-03 1.072632483965243300e-04 -1.575862162256764371e-03 -4.116701059003386766e-04 3.867638175980781987e-04 1.069180157212280390e-03 3.239403716296869224e-04 -5.347064353201262188e-04 2.829040571464727215e-04 -1.690785818750090283e-03 1.834983055102373719e-03 4.767151941473305420e-04 8.699140895437316751e-05 -1.216426273024414761e-03 -3.235130619348438002e-04 -5.365001669847462105e-04 -2.234405911426282716e-04 -1.798258275874892273e-04 9.701773485432409454e-04 1.394822643597150443e-04 1.330540226135827630e-04 1.056578136469732074e-03 -1.557618255361233007e-03 4.050372134542111393e-04 -6.883744790127568208e-04 -1.126291460982705751e-04 -3.923230183040644589e-04 -4.035209978831106009e-04 -1.022968028435103415e-03 -1.312187341720145919e-03 2.632358021717479818e-04 -4.041289059300369512e-04 1.817761347572518279e-04 2.479744256787952536e-04 7.753515855098520523e-04 4.407453279341293239e-04 1.329228808812864509e-04 -5.019317161269266957e-04 -1.176745020925196319e-04 4.384962805481964609e-04 2.093216108256617562e-05 -5.584291993942082193e-04 -2.970745043478458983e-05 2.836996613269545113e-04 -7.487936876465319316e-04 1.742170315501396464e-04 -5.441179261683003047e-05 -2.565418373062162733e-04 1.211497873700934482e-03 -2.606757886904435004e-04 5.775804502470841461e-04 -6.777018913904170544e-04 1.184093932955068094e-05 5.892982576685908450e-05 -7.727164934952871758e-04 -1.075272186301339970e-03 7.888764862114392611e-04 3.173678989999890749e-04 2.111845528554094859e-04 -7.665370104137382004e-04 -3.967867750015042480e-05 -6.560792474066601048e-04 1.134908930721710649e-04
-4.536445316094278590e-02 5.382043513232324678e-04 -6.242644034671011172e-04 6.716074360684432670e-03 5.091223869001289086e-03 7.030925202270493259e-03 -2.650019734272572852e-03 7.552598425510075736e-03 -3.112291248731521159e-03 -1.524297770668090737e-03 -4.723814405295151397e-03 3.530965601507180061e-03 3.551660445317645059e-03 -7.101589048928463876e-03 -1.464149994260409557e-03 3.332877563276978811e-04 -2.071805508896944030e-03 1.560968222378146747e-03 4.497943222545648483e-03 5.791902640838821622e-06 8.712060171495592453e-04 1.903126377534409977e-03 6.802838841633975040e-04 -2.142108016746431271e-03 1.033234027335887522e-03 2.652541432993195565e-03 -1.251319765951079991e-03 -9.088530560408353775e-05 -1.662460227476939565e-03 3.718733734865089678e-04 1.071697930604769171e-03 1.328426364988688534e-03 7.806090435240438863e-04 4.027757018461377040e-04 1.953152047935148572e-03 -4.364098346263668954e-04 -1.300368299563618420e-04 7.501597952455619188e-04 2.901420341175557600e-05 2.488703763769644739e-05 -2.458625656827222259e-03 2.124021007657146427e-03 -1.375953503084406887e-03 6.474467607352413830e-04 1.458701797847098683e-03 1.416024489137799594e-04 -3.017885418314290424e-03 6.049804911967465509e-04 -1.545163551828755439e-03 -1.868168763548105080e-03 -5.003162617771621202e-04 2.036506572794035286e-03 -1.635947642465299286e-03 -5.561816906831190893e-04 -1.990400207780617173e-03 2.778464720991274516e-03 -4.424604283646080966e-04 -4.691774033259532941e-05 -1.072407598837748751e-03 -1.815980106839991956e-03 -1.672177939039122020e-03 -2.576840384473941779e-03 -1.365810781411715786e-03 -3.480054657930888593e-04 -2.710312631420126023e-04 1.412198546616492446e-03 -4.354563346523898106e-04 -5.218525015847357180e-04 -4.531963683652626119e-04 -2.333585033219912606e-04 -2.344615495196828673e-04 -6.384466256735735852e-04 1.828812667373525555e-04 1.192163232911893538e-03 4.292999748486120014e-04 -1.024611948697044892e-03 1.278225980878322596e-03 3.326615532852978318e-04 1.431643042927160112e-04 1.475729928672761364e-03 -2.341481081992020615e-04 2.063579941265079507e-04 -5.035544036767333406e-04 1.343724381278113382e-03 -9.045409898162822242e-04 -9.012603545418074663e-06 -6.625845919170337871e-06 1.557289492985340163e-03 4.104450173698559381e-04 2.170263110129891447e-04 1.707342110846156837e-03 -5.678943027317604440e-04 -6.652806363644736759e-04 -1.293116718841194872e-03 -8.465074984182853273e-05 -1.252049788389430433e-03 -2.152395629311991496e-04 6.283177995719839079e-04 8.726611087377855389e-04 6.100375513117876859e-04
-2.947680517096170488e-02 2.423268190830656088e-02 9.933826353648270158e-03 1.474446251268276718e-03 8.631235372883501109e-03 3.575700691720234709e-03 -2.775287469251601531e-04 7.814796714099519689e-03 -5.301821130996101084e-04 -1.251372236752112434e-03 -3.141321044428502414e-03 4.944083652308976090e-03 4.256006568242135316e-03 -7.924939913995208279e-03 -3.439134840435911235e-04 -2.548751413492656272e-04 -2.837114886346784768e-04 8.838284770087033925e-04 3.938829844687210396e-03 -1.300564978162171851e-03 1.481181293531030462e-03 8.183912918978697177e-04 1.595411406067948719e-03 -2.045318916236203244e-04 3.178987168544604794e-03 2.370327407430679236e-03 -2.914257111004878859e-03 1.285629204849352263e-03 -1.356489475493516525e-03 1.209531999968110503e-03 1.084310887140613145e-03 9.298284072942665122e-04 3.893917459840233594e-04 -1.564571751801464893e-03 2.794868237155449624e-03 -2.511513711940549422e-03 1.090700509345192979e-03 9.196908695537318879e-04 1.729691983534454398e-03 -2.261818338894619528e-04 -5.031110667147419002e-03 -2.524811774701465807e-04 -7.679342824472043614e-04 3.096936624429336583e-03 5.515720418130896224e-04 -1.770213047484103753e-03 5.673405143401849711e-04 -1.733540214396367082e-04 -1.005495283849228974e-03 7.654394997450431190e-04 -6.783537370636248979e-04 1.708365611432320240e-03 -1.905562643499602964e-03 -7.681231552481876824e-04 -1.253128526466350603e-03 2.777333857181874845e-03 -8.721865614399815832e-04 1.994734625480112759e-03 6.481808307597897276e-05 6.788632271672159551e-04 -1.102609986622259640e-03 -1.122735540143768394e-03 5.518473783002563046e-04 -1.729878825430584521e-04 1.094971034891838906e-03 4.997441905025571882e-04 -4.414009206344316405e-04 -7.669062983126318997e-04 1.032590014591165954e-04 7.947054768080450207e-04 -1.912630283101790724e-03 8.250775852457807808e-04 -6.479814366107969435e-04 -2.935819841289486081e-05 7.410316682551031228e-04 6.644324154186786882e-04 -8.103237975370830874e-04 -9.413588892401729196e-04 5.547358744696852424e-04 1.362910191738481592e-03 5.064076108240741060e-04 -6.254855627275133015e-05 -1.292922901581364638e-03 2.427131891163638233e-04 1.712234546433166488e-03 -6.710483636501897572e-04 3.047970642100712767e-04 -2.254921693175758121e-03 4.667653236363935709e-04 4.330184487574795476e-04 -9.191488355175471327e-04 -1.534204965230050784e-03 -7.186743262798513197e-04 6.883827836509768703e-04 -9.692305997531428354e-04 5.657275138841860718e-05 2.347506709889653643e-03 -6.021399780576212370e-04 1.696630000261981921e-04 3.058110952857761395e-04
-6.646087505551909191e-02 6.950534937948680062e-03 3.102973704627518328e-02 -5.123122246836169912e-04 1.204938715769082692e-03 9.172769428485216814e-03 3.467897167176679785e-03 2.535565818809965618e-03 2.135003190113666464e-03 -1.923406467395987482e-03 -3.306756848242960786e-03 -3.314213175550477682e-03 7.320214098913281446e-03 6.183527445373949169e-04 1.582643948626518814e-03 -2.246717599243018343e-04 1.726389692448202775e-03 3.555839620346924962e-04 1.502967196093408240e-03 -8.476253776406378804e-05 -8.485510400859426093e-04 9.086689244218316259e-05 3.804420754967334181e-04 1.373198463698606809e-03 1.600956254536404057e-03 7.147778142575585050e-04 -4.671062120709273979e-04 5.985798143137899176e-04 -1.829478216808047043e-03 -1.408751840348457457e-03 2.655030849961654359e-05 -6.604924996769321460e-04 -2.370488083352636447e-04 -1.121024999001490234e-03 -1.030664205390674449e-03 -8.478170567224775763e-04 -5.376547068577795969e-04 1.026255084454979474e-03 -1.040683693172608218e-03 1.024204275420543707e-03 1.664025211442982880e-03 -1.038661634298941247e-03 1.425293616312549392e-03 -2.192686301431214142e-04 1.154117927111421782e-03 -5.092893149075954518e-04 1.339249543508049803e-03 7.714266305329523172e-04 3.804221005859072225e-04 2.617357480932317034e-04 6.464591050372281000e-04 -9.667891685963145515e-05 -2.307538168408204086e-03 -6.008834878018858797e-04 1.593449358227599748e-03 -4.214556170033601293e-04 2.572345027017280202e-04 -7.547313948902916033e-04 -1.083489783080215669e-03 -1.522857587680687174e-03 -3.660009750119286494e-05 -1.231842959284972124e-03 9.599271406431687283e-04 -1.038849461639663888e-03 -1.011533001859176882e-03 -5.540922946601638428e-04 -1.104237699195010746e-04 3.568445411136703517e-04 1.311909637769771882e-03 6.245031737930989381e-04 -1.001459787338125396e-04 -1.815369314397437121e-04 -1.200841298069544975e-03 7.959024353475473157e-04 -6.408542178336187108e-04 -4.939693999472663044e-04 -7.412991751872061641e-04 -5.919183585737302581e-04 -3.768771479229691924e-04 2.141776080330361578e-04 6.014706811617879302e-05 -1.377115851009653742e-03 2.751589121301717508e-04 -2.536879059676474179e-04 -3.958541229578915440e-04 -5.429825991450699420e-04 -3.136647176840862161e-04 3.723134346360452919e-04 1.514295281207610341e-04 -3.929225787620362108e-04 6.251822103023669435e-04 5.049415264699529896e-04 -4.009169267672446201e-04 1.280983638827946837e-05 -1.397929130216082612e-04 -1.892417490062254636e-04 -1.888351353747318479e-05 -2.750444069959749108e-05 -1.050572118288753843e-03 2.361437752204350107e-05
-5.060598354327466158e-02 8.269378431293019499e-03 3.351241485375677093e-02 -3.357142839371142495e-03 7.955236928603530086e-03 5.939696968507244407e-03 -1.974696536555983414e-03 5.742546548516818186e-03 1.749096013927674666e-03 -2.361674274696425188e-04 -2.947630246043311288e-03 -1.185068591788526879e-03 6.284849971682489149e-03 -5.872489413038887648e-03 2.144060489011665512e-03 -4.229591832666980281e-04 2.355898278712792362e-03 4.794373301986412541e-05 1.408165140460798442e-03 4.450524110634519748e-04 8.366476264579723984e-05 -1.316061008296614740e-04 9.573123465198594495e-04 6.120267541628748344e-04 2.889559190089719450e-03 4.916300430887376365e-05 -3.995533549498802802e-04 -5.691423653690398394e-04 -8.432687018790948740e-05 1.179940462702498260e-03 -7.021835720268896101e-04 -7.334880635768699191e-04 -3.214040930089247412e-04 -9.464746750067418992e-04 1.614096299062372716e-03 -1.642050421048320274e-03 -1.232695433033552553e-04 -1.414375532758650831e-03 7.104744027754796368e-04 -3.606421735679194709e-04 -2.312974429363163706e-03 -9.363809855355885794e-04 9.805309707813767458e-05 1.856852375028779823e-04 1.398239750600994947e-04 -1.530151224099058314e-03 4.765517364001411950e-04 8.124160874422998698e-04 5.496390671326779843e-04 1.157692279433684621e-03 5.847044992661275904e-04 -8.159826480977660547e-05 -8.000337839781345968e-04 -1.182365932212306155e-03 3.906761070023345760e-04 -8.306939642743544803e-05 7.148964636970557085e-04 6.417031043061827015e-04 5.257544236711755295e-04 1.087302316473632733e-03 3.649633300202057115e-04 -2.203746583158939186e-04 1.989005596058818041e-03 1.068558773055836410e-03 -2.256165407181128521e-04 8.002818665949738581e-04 5.332590560533352706e-04 7.682707318274433058e-04 -2.943526959901494140e-04 9.231333823438185246e-04 -6.544215986223645429e-04 1.366067017285431872e-03 -2.748846535888141256e-04 7.175994292257983215e-04 5.058682974306886283e-05 -9.221879362682791452e-05 -1.346266556298895446e-03 -1.047454016972788806e-03 -1.763182733439950503e-04 -8.988053455362236821e-04 -2.947898130800254536e-04 3.043648401629616711e-05 -3.899459467721293313e-04 -6.383246996601460183e-04 6.892872679463463333e-04 -8.321329066090703361e-04 -1.254502973729391122e-04 -1.951685837270599301e-03 -1.243366958812924057e-04 -5.506861092133912526e-04 -2.056000235393945377e-04 6.330771916280018884e-04 5.567507443778921782e-04 4.548629521894871121e-05 3.807024218589410785e-04 3.571557937817907368e-04 -3.992545390663293178e-04 -1.134836705386109076e-04 -4.388075713984563165e-04 -1.511178476822011519e-03
6.089434037627223725e-03 -7.464428389976134059e-02 2.613014650719656246e-02 -3.604624852042897024e-03 5.491483013575584361e-03 -6.480415132114168350e-03 -4.376940348058851009e-03 -6.357474971070902620e-03 -1.665980358564997420e-03 -4.883697550662717893e-03 -6.812721058730318233e-04 2.610789115228497395e-03 -6.587660230215114723e-03 5.169631292677015488e-03 1.052880404653038686e-03 -1.494915140622504832e-03 -2.962722373706812556e-03 -3.196178321280259815e-03 -1.224270522772802220e-03 -2.789456652247122902e-04 3.043700123485124998e-04 1.704171955436820790e-03 7.491930980535529830e-05 -8.567985698731257716e-04 2.589566986664394894e-03 3.347074601520751841e-03 8.686471319935125347e-04 -2.569050644872770983e-04 -1.288904893240479851e-03 -1.788442463327246258e-03 5.041084004292496409e-03 -3.712578964651775900e-04 -2.737634841843686524e-04 1.116350956464072551e-03 -4.906969312406137484e-05 1.825415218038653259e-03 -1.013327705169926422e-03 1.262709009235678508e-03 5.170747464406104561e-04 -5.989413677056299118e-04 -2.045891486921670287e-03 6.034871552509067389e-04 1.048844731363448050e-03 -2.337054024701585046e-04 7.098368860879018761e-04 -5.046134946090179152e-04 1.233769044270726636e-03 1.358608756215323298e-03 -3.703452028934199093e-03 7.629488657239979696e-04 5.163861198014241781e-04 1.315470420729606110e-03 -4.947433007250324035e-04 2.689997054807829677e-04 9.292706155428907995e-04 1.076494973230735690e-03 5.047636178853415027e-04 3.839614812210267233e-04 -1.034483472723799879e-03 6.039854857815969398e-04 -1.120577900198622447e-03 -2.435549628269669919e-04 6.949049835552832113e-04 3.825693423884227108e-04 1.175544525970425192e-04 -1.651836636823744188e-04 -3.324452238016805902e-04 -3.027928218485834069e-04 1.785417588899850623e-03 6.135079847332446058e-04 3.779504144489212523e-04 9.186241502017548346e-04 -1.084397432772890785e-04 7.965551944192812445e-04 5.453757717617329324e-04 -7.914883662784636363e-04 -1.718522903330824744e-03 -1.342258256416851709e-04 2.490492844774391573e-04 -5.993508705783261300e-04 5.060719348080096195e-04 -2.546409262257706566e-04 5.599943360360339246e-04 -2.056147293202751063e-03 -4.960510506856098548e-04 -4.915472573993248922e-04 -4.387962771168528258e-04 1.227777636962754017e-03 -1.198825929012499241e-03 -5.189372679427292244e-04 2.669124325275693791e-04 9.033511716140507066e-04 1.790793840329875939e-03 1.812753954036619626e-04 7.005838214009678161e-04 2.274264893762159567e-03 -1.074395083805740195e-04 5.432665161483853566e-04 -1.020814563443222947e-03 -1.467484682799884144e-03
8.763727628709869211e-02 -4.500604773261998592e-02 3.187073846587679810e-02 -1.389140840626200239e-02 1.214477176202432424e-02 -9.820409274165036589e-03 2.762010546904392506e-03 -7.047623476678326407e-03 -8.061419177239896594e-03 -2.264050841071674636e-03 -2.466767185622101375e-03 4.921571008481919612e-03 -1.168010632284915756e-03 1.863671692320317081e-03 6.876170191642021938e-04 2.251868795991161191e-03 2.801755619717725444e-03 2.657241590320390083e-03 -1.119552893737117141e-04 1.218192356178311069e-04 -6.777936966110456422e-04 4.861622552526707886e-03 -7.605109868817567023e-04 -1.326264096975840511e-03 1.562194618958348590e-03 5.227348182462466511e-04 2.933817019446037250e-03 -1.405401410442186447e-03 1.580628112477752310e-03 -1.021350880555244034e-03 1.652163273876237556e-03 -5.802838669706783135e-04 7.579336741404757785e-04 4.107778646984849890e-04 2.557709070444174389e-04 -2.295540741522379300e-04 -3.020655724133840692e-03 8.478237285625819450e-04 5.815812562578706775e-04 -1.081053129574654160e-05 -2.272035527028440360e-03 -2.105502936273071207e-03 1.978167258260281076e-03 1.661954209463747392e-04 -4.312699910081403167e-04 1.119917891546760467e-03 4.545962722795377116e-04 -2.110766682692532311e-03 1.400564320052898439e-03 8.771688382930460919e-04 7.075102165280236543e-04 -1.679300638006662148e-03 2.210096986206105919e-04 1.889152137642037695e-04 -3.394606872105109148e-04 -2.991286838174763221e-03 -1.675216556596010589e-04 -1.368616200924094653e-03 -1.516708318144393934e-03 4.626084121571969756e-04 2.307676222392924647e-03 -1.493074106771591402e-03 -1.074214147176830820e-03 -2.138470972751046388e-04 -2.576413731021899535e-04 3.792960757812716203e-05 1.623743419854769849e-03 -1.988171991070861828e-04 -4.498099031542189086e-04 3.467849035470042438e-04 -7.848511747425658330e-04 8.385343356999068291e-04 -1.368411836416555090e-03 -1.273732261043468601e-03 5.478480669407558663e-04 6.215241620368960884e-04 6.781522483159631775e-04 4.876130923520368473e-04 -2.381345749466242095e-03 1.471051571430329183e-03 -4.371581919008019350e-04 -1.028438822830428584e-03 1.828044402331709855e-03 5.737970912182973829e-05 3.118070703174727018e-04 -5.719091535004078080e-04 1.697151021040013306e-03 3.826792968646726824e-04 6.939928514574994966e-04 2.941983965711109832e-04 6.108526582073178042e-04 -1.955559996123366027e-03 -2.027107414182721321e-03 -8.662574280591505685e-04 -1.422949544226304605e-03 -2.314861323010450507e-03 7.982368374049300316e-04 -1.913128687137540494e-04 1.602446300212144632e-03 3.796600459236757039e-04
-2.922768572234933984e-02 -2.434152226719063419e-03 4.309287660868971886e-02 -5.849617479363155605e-03 1.463665890461759121e-02 1.849722302708743096e-03 -5.032933712911000917e-03 -2.361097926205036539e-04 3.075412050249000948e-04 -4.102698687712746234e-03 -2.919066958783452480e-03 -4.934379263308592833e-03 2.796037662152552321e-03 -3.482655983795925232e-03 2.238442982223660255e-03 2.550344556856682472e-04 7.147900756845486023e-03 2.303394630916331335e-04 2.166040153912882592e-03 2.096575292676344359e-03 -2.777860821458298136e-03 1.901126742324908301e-03 2.682129025180679267e-03 -1.858983843999371726e-03 4.057351948824098123e-03 -3.276498038069999060e-03 1.274173865750110029e-03 1.498776977045459787e-03 1.068601059566651494e-03 2.915536345424192110e-03 -2.163415324070782058e-03 2.526322682228023431e-04 3.767184937573212779e-04 -1.086782169908948135e-03 2.844867312480009371e-03 -1.402639688447297121e-04 -1.275398859467192364e-03 -2.840847266402456162e-03 1.839115451821984664e-03 -2.682889125706256102e-03 -3.017725111122676780e-03 -1.773117034951186529e-03 9.189175627755932687e-04 -1.508725502926954679e-03 -1.904082501080719251e-05 -1.162222426833506772e-03 -4.769007860679286758e-04 -1.169304644377137069e-03 -3.775873040658797087e-04 3.305601278945079734e-03 -1.243141177678278898e-03 1.233241675635845169e-03 2.263082014046090707e-03 -4.062864850721701541e-04 1.822936386395590915e-03 -1.079445642819232797e-03 3.397996207717364275e-04 -1.348073767811904531e-03 9.393764051709910636e-04 5.710469527787444309e-04 1.833047776319619675e-03 1.718399059087982348e-03 8.628329115130166588e-04 1.820812266173273304e-03 -6.500246021940404243e-04 1.311704498637292823e-03 2.291107779948046812e-03 8.033983450334247723e-04 -6.918274143076891779e-04 -5.789160408689214045e-05 3.864506457226037387e-04 1.387628261650031194e-03 2.637995996569441302e-03 1.080926716949887328e-03 6.880245474504044240e-04 2.031998817889673009e-04 -1.563395801805275308e-04 -1.030596149676105654e-03 3.356507173522549630e-04 -2.604307906284856772e-03 -3.971040122842830859e-04 8.607272623425728372e-04 1.620744412779352473e-05 -2.714915327630930547e-05 -3.988805894095732887e-04 8.386076997216299241e-04 -1.003193645255679497e-03 -2.853625955490874722e-04 -9.171197968160866762e-05 1.016845670313644461e-04 8.090789637074068119e-04 6.969542918368189883e-04 4.652982781479320985e-04 -1.714131365176132854e-03 1.296766105966941363e-03 -8.142911431512244629e-04 3.300888730215118276e-04 -1.065620112470620794e-04 -1.341082584753616790e-03 -6.327622547688462485e-04
-8.993556487635789853e-02 -7.539227843147477959e-03 -2.301911091943475290e-02 -1.026661452476677894e-02 -8.625614110660944148e-03 6.924312410111361712e-03 -5.203870122208963632e-03 -3.477460647211717739e-03 -2.723731619299197930e-03 5.564372738893167726e-03 -2.165819171681147631e-04 2.321110420899280199e-03 8.484083167003609628e-04 -3.457194312768718282e-04 -1.613486771881037082e-03 -2.298345114060163039e-03 1.275200780719316657e-03 3.631535566160942752e-03 -1.455444264082526862e-03 1.583079344852194367e-03 2.615359594042607899e-03 7.642113247400337921e-04 -1.733970393653561613e-03 -2.431636276349661240e-04 7.942569744645444499e-04 -1.627968766737730418e-03 -8.209667597206199777e-04 -4.154161949813261101e-04 3.852520180925760930e-04 -2.661834205244250381e-04 8.129694953890800738e-05 8.255982262652548833e-04 -1.765129146074311114e-03 1.092127086625693192e-03 7.544981453294639972e-04 1.178388543410825934e-03 -9.857842599335791840e-04 -1.580873312568846891e-03 -1.585224000217536587e-03 4.491235309132813854e-04 -1.306112094449780360e-03 1.839845692609647749e-04 1.656475150400203711e-03 1.073145545190494921e-03 3.665987321066197283e-04 9.441088011823632175e-04 6.922035999765545084e-04 -1.273288274920397452e-03 -9.682588522477842243e-04 5.866970958815058163e-04 -9.256948722000971031e-04 1.001556117583643794e-03 1.798544895388079446e-04 2.181690714381349396e-04 1.275083536962858932e-03 -4.419069975302033983e-04 -6.521010048940178994e-04 -1.576246707224184494e-03 5.193665473907281777e-04 -5.909996873562471534e-04 2.359974760538770071e-04 -3.926279317351174928e-04 4.176142527589329413e-04 1.011063071670112180e-04 2.860617345534960431e-04 5.191696285743875160e-04 -2.236126625504043103e-04 1.462190851228289826e-04 -6.362375302008150017e-04 -1.123609222445870774e-03 2.509250351977435241e-04 1.124457097364025952e-04 -1.116783616295989167e-04 2.312554236076597538e-04 -6.255818405759682593e-04 -4.112980127813371236e-04 -4.769679905609341291e-04 -2.016477796481756931e-04 8.461231076769731895e-04 6.862825615545630224e-04 6.491246645136647441e-04 -1.957868672981205883e-05 -5.806637226616260091e-05 2.243282273068359354e-04 5.506050902893705484e-05 5.285479446733420267e-04 2.505414703826166386e-05 -2.870284011553379420e-04 4.102438853971489578e-04 -7.940997609209161619e-04 -7.674089394585291673e-05 1.435103791359297230e-04 -6.615909969897859622e-04 3.038579875066830757e-04 -2.655461937337290053e-04 6.195774619417074953e-04 -9.882147086819291753e-04 -9.208785592254304774e-04 8.613711950273244666e-04 4.488630048664646278e-04
-8.880231745304821567e-02 -2.583222696203795951e-02 -1.552890086310127621e-02 -2.456190836008871961e-03 -9.205599103723403204e-03 1.246342101595484912e-02 -5.493326204415911913e-03 5.867404283351443546e-04 -2.962472732773194402e-03 4.546166714397369309e-03 -3.196347014785087533e-04 2.512995530524126438e-03 1.825935126240470002e-03 -2.023347248101447962e-04 -1.027830548648382561e-03 -1.122698436638517325e-03 -2.490909963761085179e-03 3.204935773637777874e-03 -1.525208696375145981e-04 -1.937783533824638692e-05 8.234938617902574400e-04 -1.549422655511874768e-03 -9.594442638445337297e-04 -1.199000216140516922e-03 -7.051676051558883242e-04 -1.056972936676901613e-03 -9.018799724808278153e-04 -1.667425221349534562e-03 -1.500788823316161311e-04 4.253282060661418699e-05 2.178567156497733244e-04 3.500438694342197782e-05 -2.579745527370599055e-04 6.568834705474253842e-04 -5.884776131681253239e-06 5.426997369967075883e-04 -1.768453777943201953e-03 -5.601232601004661662e-04 2.361163451052268668e-04 6.866347943693278978e-04 -9.178841771322089615e-04 -1.860134504535513136e-04 1.495071042546341177e-03 4.419725785466839790e-04 8.093080058416754615e-04 8.886653017112276873e-04 -4.094770174022861514e-05 1.128612992147684703e-04 -9.441158175523488814e-04 -3.443684817551757979e-04 -7.419750848162319154e-04 1.220166663205203171e-03 8.486648114662554690e-04 -3.801528802072840960e-04 1.033904847441495002e-03 -7.927028625612847143e-04 -2.721256579984676844e-04 -1.555556483928494972e-03 -9.884541711391444611e-04 8.813642031691504893e-04 -4.996782146870618925e-04 3.925415828408428576e-04 9.682399559206405744e-04 6.190207021208121935e-04 4.044003885319802610e-04 3.924179181384408657e-04 -2.517474659592041508e-05 2.062353174138035268e-04 -3.083204536208058511e-04 -6.702544060650444469e-04 1.765798109312695136e-04 2.383915463097015122e-04 -5.077763243397894399e-04 -4.429465587727186306e-04 4.300940173285506553e-05 6.688991865580070327e-04 -3.508397480856692910e-04 1.567117178657254252e-05 3.035663287312134881e-04 1.698659228650421717e-04 4.236546818315042678e-04 1.571435952986807889e-04 3.686349551007833821e-05 1.446359983346701410e-04 1.895685666235915918e-05 -1.282121453669454487e-04 1.358476333593578280e-04 1.850113217023848183e-04 7.315628891323920071e-04 -3.260152087358919354e-04 2.517889500773430470e-04 -4.537590850612871463e-04 5.341134256784851913e-05 -2.682758608693646741e-04 -5.265989167791982131e-04 3.892025168741718860e-04 -1.010674664429966809e-03 1.269283674593115225e-05 4.479031837240168325e-04 6.909871441628364025e-04
9.796669412157786583e-02 -5.782854307444380837e-02 1.014675626017743672e-02 6.872364954369739216e-03 -2.931005692065326036e-03 -8.941724849917436629e-03 7.459793287902982857e-03 -1.631635464250912439e-03 -4.151111348088937746e-03 1.755838978772698540e-03 -3.246941034098710984e-03 4.418254046070158036e-03 1.833264691780559733e-03 6.793276386134652466e-04 1.264686906398447943e-03 -1.390334568653786617e-03 1.105727670277876367e-04 -7.631575140521825330e-04 -1.380969871688605532e-03 2.809079398997608917e-05 1.849687906024703862e-03 -4.971922389041906259e-04 -6.239471048527919368e-06 1.700234362700126130e-03 5.751333015560064271e-04 8.932666590168162517e-04 2.185608704222521189e-04 -7.243578361543860904e-04 -2.184524983388154516e-03 -2.692025150025479686e-03 -8.056813890100258924e-05 1.589276159692454716e-03 -4.485592591580464354e-04 -1.315680519941914481e-05 -8.717545470596760717e-04 7.295567920561683937e-04 -9.426039122432585543e-04 -1.152966290554631196e-03 1.171752006465654860e-04 -5.390242004568392056e-04 8.670660720727804650e-04 1.193127191958766580e-03 1.182329242253307640e-04 -3.740276171935787175e-04 -1.573419801227902168e-04 -1.856185602294876757e-05 7.364548191053709803e-04 3.553362106205286007e-04 -9.148046499854122458e-04 1.482132977637495852e-03 -9.115513398943140026e-04 1.838490706290056087e-03 8.466496266932537059e-04 -2.325038090344114759e-03 2.720026813664854523e-04 1.965913607590481955e-03 -1.915038128702827892e-03 1.099152360580583562e-03 -2.639627712445518672e-03 9.418073450580765303e-04 -8.553534682283464976e-04 -1.718236118798479890e-04 1.137653218715287172e-03 1.647995156951141509e-03 -6.271818661247041682e-04 -1.244795147527936248e-04 -8.111752747776959562e-04 -3.234971387510322664e-04 8.603304917634766987e-04 -4.585769723673512781e-04 1.587464024779056864e-03 1.191081905340046071e-03 -9.754656098054205818e-04 -2.117770610836858139e-04 -6.720800947629900195e-05 -4.646381823224136963e-04 7.319065602735740040e-04 5.745097705208729744e-04 -1.449413013271060339e-03 -8.772664353743890196e-04 -1.735586475792777255e-03 8.032348697497074773e-04 1.444872206558151266e-03 5.821591266876298496e-04 -1.758809848737963441e-03 -1.488297893929492249e-03 -4.642344370998411859e-04 6.557790175310766311e-04 -4.485493072137551043e-04 9.939916926374986299e-04 -9.645174534087781011e-04 -1.328831052713981607e-04 9.350610849808429440e-04 -2.308003448047539756e-04 1.955087967669276081e-04 -1.106573165240077499e-03 1.185872434101273298e-03 -7.455348004672942089e-05 8.720006335307162225e-04 -2.215141875882397325e-03
1.412155233154581968e-01 8.233010245164340893e-03 1.135262309078241029e-02 -7.725445865123302912e-03 -1.745753860184373878e-03 4.057299514503894672e-03 8.982210522116471606e-04 9.835968871091142415e-03 -9.382140306695109164e-03 2.067473250851956242e-04 -2.660739898165499838e-04 1.483224804190496531e-03 2.501261686783300218e-03 -1.169128409211350750e-03 5.376472915833948370e-04 -2.138331845102889350e-04 2.077767216243592806e-03 1.379688131613393152e-03 7.752808401875561017e-05 2.072994487026171440e-04 1.500516578197355361e-03 -1.211064811948205506e-04 -8.834438427810947542e-05 -7.428584715970826691e-04 -7.334550931905877780e-04 -1.364693244682360900e-03 -2.131105518146686473e-03 -6.834461420518022755e-04 2.378206305905170449e-03 1.298120482671771738e-03 1.400996601617272765e-03 -7.280696357369179951e-04 3.156753249088271266e-04 -1.382071107193594186e-03 2.137127256699608243e-04 -2.585257292726073075e-03 -3.685335108955884657e-04 -5.858708666151660758e-04 2.882004247831680709e-04 6.425265062019824922e-04 -7.145574911444506263e-04 5.167602566407231103e-04 -1.821868387028533279e-03 1.949631477288389864e-03 -3.128934441806961557e-03 1.379273630368768556e-04 -1.332254297105048627e-03 5.584094856332884110e-04 -2.758863448465134673e-03 1.272242252341691197e-03 -3.171295530318179643e-04 -5.119406243541765487e-04 -1.228333704699087154e-05 1.669396753756037695e-03 -1.323414276054016856e-03 -9.933278509846466941e-04 -2.421307764227071475e-04 2.781043684994064912e-03 -6.917293226937480015e-04 -1.884216449941871711e-03 8.453873625483709518e-04 1.009608096756103943e-03 1.060130912243012523e-03 -1.344894128186556112e-03 3.788541713290889657e-04 -1.165186532608132857e-03 -2.867983089878025217e-04 -1.204131140389055627e-03 4.575165027928688511e-04 -1.119673354173898391e-03 1.343152992135704989e-03 -6.303828131776649307e-04 -2.315791152173054743e-03 9.763722682975199251e-04 1.681121690954700404e-05 -8.168697761639625438e-04 -3.270667799408549445e-04 -2.286032548245216115e-04 -6.907823867718026556e-04 -1.054722588493142932e-04 1.968034808439398124e-04 3.018119719011625075e-03 -1.214105450802816969e-04 -4.226047921637982431e-04 7.669908338103247135e-05 6.029233808203308910e-04 -9.577616045541588029e-04 9.049452103410422082e-04 -1.917856228399980037e-03 1.220777523390483878e-03 -6.363369264132147374e-04 2.329405374963456927e-04 9.290907102255493077e-04 3.413492204394398283e-04 -3.005709391634091006e-04 1.608743993338739107e-03 -1.454341455342677192e-04 -2.035749519410213950e-03 -6.189568120532451100e-04 6.692128727626269011e-04
1.572686293544696134e-01 -1.348428026980350719e-02 2.133795336771085460e-02 -1.533235077291607469e-02 -1.640001567173432874e-04 -3.907329635685420285e-03 2.649554276153983940e-03 -3.280639806107182432e-03 -1.067860509775858668e-02 3.483090085629499469e-03 -4.417646816311875091e-04 1.702906021714354397e-03 3.005699529625757010e-03 -1.740269505817051456e-03 5.937671132805258378e-04 2.821553418544960491e-03 2.862260632262206717e-03 2.452813772965345678e-03 1.949215062137373390e-03 3.681538984334369372e-04 9.651406883647809399e-04 6.651850255670267893e-04 -1.601388550232269500e-03 -7.752388363226779197e-04 -1.657874876104818403e-03 -8.018326924378100422e-04 2.100060642170914103e-04 -1.869112216540221114e-03 3.036164019404216565e-03 1.098761618616253023e-03 2.068860601785965734e-04 -1.773045001353195770e-03 2.266823793281337162e-03 -7.555484810741731026e-04 1.296620575440746007e-05 -1.050660740001542384e-03 1.073411779124674607e-04 7.675507306634846670e-04 -2.601780519256493966e-04 1.121260756618010224e-03 -8.128253876771674791e-04 -2.069628327678760000e-03 9.419117883906327543e-04 1.106647451078319327e-03 -2.367669573923846579e-03 4.327774430238630446e-05 -1.206402853040333765e-03 2.631909729385905933e-04 -1.682288529435700675e-03 2.026632035481432462e-03 4.897996622344351130e-04 -1.924945290803697917e-03 7.075363215376678392e-04 1.328874181685566619e-03 -1.238494655542924988e-03 -1.865205882213666691e-03 -9.941227528509511021e-05 1.138946989650715599e-03 -1.936337683011939972e-03 -7.413109003626242076e-04 1.493844726330103298e-03 -9.368652634629742520e-04 1.037589998633128233e-03 -1.292948569275133037e-03 -5.392017247764647591e-04 -2.867131509987810422e-04 9.043600579325813613e-04 -1.559019953204054129e-03 -5.460536175242716381e-04 1.424634565692321092e-04 6.842201720614148985e-05 5.389621407185397201e-04 -1.075488995250994777e-03 -3.348821509413717570e-04 -1.191850450486947816e-03 1.643786443356391963e-04 3.834917761751796485e-04 4.121792187241429492e-04 -4.591359581564702906e-04 8.402019159699719098e-04 -1.372619203726540248e-03 8.735591214632713961e-04 3.220753342419220718e-04 2.499889729029781569e-06 -3.389766710538413483e-04 -1.413012597325437488e-04 1.106315887945924601e-04 1.232058908023913506e-03 -4.315327029909369889e-04 2.073458903966448436e-04 -6.573592968753672180e-04 -3.972085855690609280e-04 3.114153325179527874e-04 6.098574145986188902e-04 -1.260918951629524942e-04 -6.364287449762697998e-05 -3.558817699313143994e-04 -9.463329966089002558e-04 -4.674697691313976018e-04 3.359695149595475329e-04
-7.581407658431893459e-02 1.278080470107608932e-02 4.168243094947878674e-02 4.188973201934747051e-03 -5.037914065443080749e-03 2.483879972192170986e-03 3.066069470387981430e-04 1.320016357300277283e-03 2.259496479278850709e-03 -2.186529134356708908e-03 -4.541211170123822874e-03 -4.490204442249013696e-03 5.500068120258829255e-03 1.309111674859379055e-03 1.306838839346081841e-03 6.137866958653798123e-04 3.299193923533794755e-03 1.060326123568580551e-04 2.035020408206068571e-03 -5.568973069981653784e-04 -1.630221028715798676e-03 -1.917875761194557348e-03 1.717216512561103728e-03 1.595870416362984339e-03 -7.338363446056286691e-06 -1.053042769704734321e-03 1.272065241590544186e-03 -7.507887113262727953e-04 -1.512902705870425258e-03 -2.602679069214366113e-03 3.065314144839810691e-04 9.586991892632149676e-05 -4.204813553658613999e-05 -5.688334009615432984e-04 -1.266359035864923549e-03 -4.817211447799433013e-04 -6.785680645500524223e-04 1.563711583230121063e-03 -1.434598355126850055e-03 1.036903514183110629e-03 1.544140459035128320e-03 -9.237129546004276036e-04 6.911899726900058640e-05 8.700104633959487019e-05 5.042370539175873448e-04 4.067510957611092295e-04 1.785738499903961147e-03 3.442947676952602069e-04 -2.415973414800747106e-04 1.165974167058991112e-04 5.607570875426523245e-05 2.106494300712321080e-04 -2.447344864442944044e-03 -3.881093699861323690e-04 1.238713725895747384e-03 -2.317362156927933704e-04 6.969353907419551571e-04 -1.280601180851218684e-03 -9.162254150470214948e-04 -1.518845238061449247e-03 -7.824887839032855117e-04 -6.293258764112829792e-04 2.446090053559420510e-04 -8.397559259737422078e-04 -5.019348936957801358e-04 -1.624384175630425552e-03 -1.109035558581020599e-03 -8.575347822360577946e-04 1.108180349799351219e-03 9.353304465817559006e-04 -8.540413200430827922e-05 -6.663884580684870758e-04 -1.087055287524524337e-03 -3.950564947942700298e-04 -5.141569092296962277e-05 -6.961257439407689263e-04 -8.702170903450663414e-04 7.159582611461828491e-04 1.793311312597305641e-04 5.520793011954805820e-04 2.800543231914239938e-04 -6.099027067939974097e-04 -1.246811125804713068e-04 -4.834375898108850007e-04 -1.005407304035498212e-03 -1.635778176253085048e-04 -1.564690145898422829e-04 2.173835398117478348e-05 1.681414444295506580e-04 8.789062911143349401e-05 7.358717469875740392e-04 -7.636557707717009326e-04 -6.367464702640454697e-04 -9.377381042559093248e-05 1.601673265362574922e-04 4.334194631513070659e-04 2.417155680984884504e-05 2.560115637884604689e-04 1.758972045083341158e-05 7.148905151855799956e-04
-8.216163906405142547e-02 2.877447539899864043e-02 2.632215774949081544e-02 7.503182487077784957e-03 -4.011216691755445200e-03 2.701069699840798980e-03 6.318897459643777435e-03 -1.473168367313929233e-03 -1.534526247985044858e-03 3.128178995425656521e-03 4.657375152235370200e-03 -1.351537173934429454e-03 4.836335638612030211e-03 4.625372291750406810e-03 2.566848829606499863e-03 2.059396681383933014e-03 -2.172682502083175381e-03 -1.529662456644213103e-03 -1.219114956039293830e-03 1.079918081561395465e-03 1.565446394094590797e-03 1.956429563625267098e-03 -2.913337623875746421e-03 4.067376695596236144e-03 -2.677533268520226298e-04 2.563108510947649347e-03 5.339204866750569276e-04 2.293759695592302431e-04 -7.371830379564920949e-04 -1.350139731713994934e-03 2.441393155894857822e-03 -7.226679373553852306e-04 -4.628526412183810515e-04 -5.093676351373016293e-04 -1.884767091682125733e-03 -4.737007780829858672e-04 1.103293583466060171e-03 3.833515287340409075e-04 1.096049919281536319e-04 3.548980395801662685e-04 -7.996896217442591792e-04 1.741426682940490529e-03 4.525630789997620376e-04 1.323860569695896848e-03 1.309592831154694000e-04 5.481890487869980205e-04 -1.237803818510176731e-03 -9.951140069163714064e-04 7.509904186625602314e-04 -1.611500252308617443e-03 8.697425955846049177e-04 -5.283188739605770368e-04 4.240132294600842283e-04 -1.824999270497301425e-04 -3.387893435853542713e-04 -1.192701800750528321e-05 -1.645554751592368664e-04 -8.328379632061556860e-04 3.601471555213276880e-05 -1.342886582954295896e-03 6.133075032729007857e-04 5.676677828033096932e-04 4.893368292610774956e-04 3.782428101057753642e-04 -1.100359851634613280e-03 5.073967226150735916e-04 1.426076453183452867e-03 2.535935229838052248e-04 -2.705945618524055072e-04 -5.277409790257810845e-04 6.123677464163874117e-04 7.055897847313811772e-04 4.305019859787649595e-04 -6.803154451774273052e-05 1.491241442629434159e-05 5.091124290981812904e-04 -4.572602571734183806e-04 3.867462800420369638e-05 3.244257449500473800e-04 -3.058177235409112698e-04 6.178917799367464499e-04 9.425785766019620458e-04 -3.701531102783059825e-04 3.597658486702723585e-04 3.227249598951669146e-04 1.186177330783918116e-03 -3.620966308572156527e-04 -6.567500598342289331e-04 -4.102711522384952774e-04 -3.082701067465282711e-05 8.214753183578881249e-05 2.651809689150804979e-04 5.609878925293677833e-04 -8.896242770436669708e-04 1.030799012347341243e-03 -6.914090721521983125e-04 1.803400973141808814e-03 -8.187167220641801890e-04 -6.473819362500370664e-04 -6.974005496688120238e-04
-7.694387363868368523e-02 3.522849320876868251e-02 3.258172603837618947e-02 1.296019777442176946e-02 -3.986407767817309704e-03 -2.213705010593149027e-03 4.642243132286870584e-03 -2.286904604720992225e-03 -2.726841220535214036e-03 3.676085655767715680e-03 4.899649518299056296e-03 1.145227802057855018e-04 -1.028917550107310902e-03 1.444292883232672344e-03 1.929240258677682824e-03 9.323721754297998069e-04 -2.675648025846653899e-03 -1.450613806806539015e-03 -3.002672164499199051e-03 2.750541194873830191e-03 -6.760514670134471155e-04 8.303412423878005428e-04 -2.296364336364539911e-03 5.107343148573314541e-03 -8.270461670715952831e-04 1.535472511563725374e-03 3.183809462767273404e-03 -1.546458751971055206e-03 -7.260163564325163238e-04 7.277185646021139774e-05 1.674310212426944125e-03 -1.776401302107963364e-03 3.408779955449374585e-04 -1.111730491929306544e-03 -1.714774838771676536e-03 -3.728430236115905499e-03 1.268662010542969971e-03 -3.511853911334478044e-03 1.561435196891195311e-03 2.091424211254524601e-04 -2.864786973747888120e-03 5.895684666080764540e-04 5.312312025602300468e-04 1.104339448062876703e-03 -4.805993761126373565e-04 -5.264616806245652663e-04 -9.321440262350447203e-04 -5.421559762009981864e-04 -5.026344781690624095e-05 -8.078401445074227284e-04 -4.566314966245034425e-04 6.544657557288037714e-04 5.677252150873788325e-04 2.460355749696041866e-05 6.268204912123743978e-05 -1.636012818240994927e-04 -3.928335461204996641e-04 -1.063505512732572725e-03 4.823182790031801774e-04 -8.998531663526016617e-04 -6.242325730837498983e-04 4.528730982839704387e-04 -6.841621365059830442e-04 -6.096135455972246861e-04 6.931663849671326587e-04 -1.899766718246052096e-04 1.382279730392136188e-04 4.968003772512124064e-04 -6.426011462914273456e-04 -6.597558331505700606e-04 -1.919788774970675866e-04 -3.681597345580798456e-04 4.245007008166404696e-04 4.213532069859591504e-04 -2.050565644252087295e-04 -2.741121685419838300e-04 3.295357271300874730e-04 1.284741964623370266e-05 1.038265824169798293e-04 -1.541293604584583301e-04 -5.489894636693927552e-04 -2.916793951905169587e-04 -2.089180135885918888e-04 -2.491233297296501252e-04 -8.917707723461888031e-04 -2.093562983531416504e-04 4.152219293628532366e-04 6.076253453634849729e-04 7.874393170160021204e-04 2.941300403023328460e-04 1.596570092673982159e-04 -2.563345749792540307e-04 1.441191005092546805e-05 2.879963762400899511e-05 1.708567080189943906e-04 2.303389552515782129e-04 -1.843296577122215758e-04 4.895624901234737342e-04 7.983314973063460572e-04 4.910575768475836274e-04
5.177727322380212827e-03 2.755942300360443228e-02 1.406281811249733039e-02 -9.320011432077024774e-03 2.956651636327145907e-02 8.117381310967989108e-03 -1.333397559744610959e-03 2.395424052540168994e-03 -1.122804271945568528e-03 9.880990673268891245e-03 7.322124688584941837e-03 5.011823550945655736e-03 3.084374463400677447e-05 -2.795150479230476201e-03 7.160272772014359202e-03 -6.877687149494140541e-03 9.605828718380913850e-04 -5.518753505308114302e-03 -4.898203688251348553e-03 -1.876809605121457399e-03 -4.082535878583480257e-03 -1.655138000033735826e-03 -8.120887154995554179e-04 -5.388368017694002230e-04 4.274604849695541023e-04 1.349347105387557495e-03 5.327685809202870049e-04 -4.179554124743105857e-03 1.182200456135975783e-03 3.684799126382415704e-03 -9.874478347587402338e-04 4.602945551305594706e-03 4.557826905714423230e-04 -4.457245614865172644e-04 2.108809564331056829e-03 2.015347038346049224e-03 -2.210553121267370307e-04 4.484638232584347607e-03 -2.148580119966263680e-03 -1.275667666436365859e-04 1.906046416697191074e-03 -4.508003514156162859e-04 -7.962082313363345193e-05 1.166412226682515775e-03 1.988973755597115041e-03 1.151779157338723557e-03 3.867185169254721330e-04 3.135823625430091436e-04 -2.542786944752093077e-04 7.892283154557716389e-04 -1.423745550287766008e-03 -1.015845065149094238e-04 -9.430845029252626997e-04 -4.004992710981169525e-04 -2.330803361915487594e-04 -3.811485043511365282e-04 -5.015709673060078731e-04 -6.939473920883327098e-05 8.303582025114235180e-05 -8.301814949936336865e-04 5.866580897113674508e-04 4.864897045844441170e-04 -9.492979294196714213e-04 -1.906783945801968376e-04 8.623067072897155861e-04 -1.031203460003285964e-03 1.115776718731063507e-04 3.177315009506483925e-04 -2.441956579987405659e-04 -2.216997543143517369e-04 3.562246342318121798e-04 1.888685541451401971e-04 1.146616742847416542e-04 -4.455310028175919041e-04 1.467877238834884460e-04 -2.970665230795629724e-04 -2.547917782256219456e-04 3.628722072619239639e-04 3.333172940721374302e-04 -3.819100862998668644e-05 -1.532871961836047869e-04 9.563184215592723542e-05 3.237618458330368499e-04 3.737189656710731097e-05 -2.566625785089680418e-05 6.242473828563539079e-04 -1.613292877104519931e-04 3.719987746852731906e-04 -1.419912675588636041e-04 3.897615266941106588e-04 -9.304993790399396767e-05 -1.354094272049980114e-04 -8.687623748137182037e-05 -2.449192263329182453e-04 3.537562555660633671e-04 1.645171350996323654e-04 1.352473744892824199e-05 1.368596833717188033e-04 3.222151415519333055e-04 -2.073259439724955055e-04
-6.893859101077630391e-02 4.750241017505295316e-02 3.449925045987609767e-02 1.330242596173211549e-02 -8.834576886367618426e-03 -8.235988119924110215e-03 1.681374017106652919e-03 -4.060467023740028936e-03 -9.817192488607536568e-04 -5.154534478330999759e-05 1.576763298071985836e-03 6.473489737639856120e-03 -7.901886559722879483e-03 -3.528989422139836712e-03 -2.259053907962746237e-03 -1.426162698416729531e-03 5.570789771781605674e-04 4.016082413350496763e-04 -1.321512990539554840e-03 -4.190880567221307376e-03 -6.059447440030093483e-06 -1.349071013727168788e-03 2.061965029158301880e-03 -9.801424725284009921e-04 -3.498440838370924129e-04 9.637995888589945444e-04 -2.282124918433490676e-03 6.150908046760254592e-04 3.089378416309395206e-03 1.698815064036490090e-03 6.650135776390495457e-04 -1.180571094302969564e-03 -5.874337529586675819e-04 -6.411630581377316491e-04 5.092900840220505182e-04 2.462755339850010287e-04 3.747246477722021422e-04 -2.355890706674983095e-03 2.160746473103789553e-04 2.925072137142980589e-04 1.158934447196132474e-03 -1.451595631847521755e-03 1.548327997048961789e-03 4.502007943261239660e-04 -8.443798856034640714e-04 -2.359815948509601941e-03 2.020497360651859076e-03 2.756560322735501431e-04 2.350181880202392107e-03 -1.436860409931644709e-03 2.028295363108730909e-04 -1.918925157058246544e-04 -6.456642867037244585e-04 -2.482739250650902569e-04 1.818934590598860965e-03 8.910800644776799631e-04 6.820397834527281008e-04 -9.840147446615577463e-04 -2.113124353322299014e-03 -3.355147065416416805e-03 7.026480364626633453e-04 -5.696278040894254277e-04 9.630454392443825581e-04 1.252519164741190422e-03 -3.751575173941314851e-04 5.620186048923783316e-04 7.973002516035391368e-04 -6.735108881381771453e-04 6.855943464044945892e-04 -1.072659143438201533e-03 5.102055258254377824e-04 5.572755814946582856e-04 3.585761247432238245e-04 -5.129231170947955382e-05 1.286991000355564452e-03 5.358387214731063705e-04 5.739288193906750055e-05 1.404943076172971437e-03 1.046043056488388375e-03 -4.470604330197857851e-06 -2.400972065470626177e-04 6.722046208989937086e-04 4.054284331018671904e-04 9.257230840332386331e-04 6.225496696424748450e-04 1.063905208908407472e-03 5.280938490728238639e-04 2.271621125563169597e-04 -9.642757169475744483e-04 7.584256486286398567e-05 -7.036942585493649030e-04 2.535712135853107488e-04 3.332999177174425206e-04 5.292820485503451191e-04 -4.203505129248633889e-04 6.060163464749533484e-04 2.229433340878213417e-04 5.218136780421758856e-04 1.219725452968520828e-03 -3.069012948360456548e-04
-7.790148605535784920e-02 2.539465730374760796e-02 2.086111531286430690e-02 -3.499794116025197453e-04 3.283462352228960421e-03 -3.328580247293818056e-03 -6.758991341276076627e-03 -1.475140410532670794e-03 -7.793021976092655940e-04 4.807201655260428044e-03 -5.266930982009913019e-03 3.576998634976115161e-03 -4.633419390768881395e-03 -9.769560635585865238e-03 -2.178905390258969749e-03 -2.949572379718158957e-03 5.186732841466619144e-04 -1.245537109235438956e-03 7.347246738673326701e-04 9.346094592727585866e-04 -5.680333423999719966e-04 1.884702840392680828e-03 -2.453535958399868000e-04 -5.415743818153340584e-05 -6.607805854125941864e-04 -8.390445456856943833e-04 6.124981232003241316e-04 2.563766700385463910e-03 -3.429236882629342446e-04 -3.375635399937466485e-03 -5.499262923004301232e-04 -7.348772641836637601e-04 -5.687894873755073482e-04 7.146334674481535356e-04 -3.948232150681979351e-03 2.113550523304943713e-03 -1.125153708989936252e-03 6.098442731705394767e-04 -1.742150979716609741e-03 2.250650762355438524e-04 2.153274098394141953e-03 1.452236976418745098e-03 -5.155515443312973191e-04 -2.832302516431200838e-03 -3.387350442087221341e-04 3.896425305619684743e-03 -2.728159163485542344e-03 -5.637511062079602090e-04 -9.240308704292916333e-04 -1.480677404854675297e-03 2.890909884124836268e-04 1.235177950637239401e-04 1.702424059294159551e-03 2.278196155463122104e-03 5.197192684933825586e-04 1.314803535075929712e-05 1.967103714256311696e-04 3.082970544011528731e-04 -1.238369805166160105e-03 -2.344038324029999992e-03 -2.122877108802554271e-04 1.901575539448026688e-04 5.421493580679805557e-04 6.253640583632162761e-04 3.316467364605169758e-04 1.096626197521360447e-03 1.533902092017686188e-03 6.537687340294433399e-04 -2.682937188002440044e-04 1.048052639713621973e-03 -6.954917002034453682e-04 1.885971709837475649e-03 -5.297676654448537324e-04 1.838518690684989593e-03 3.886184264388537640e-04 1.171752009299189455e-04 7.738237726026077660e-05 -1.582236504353791906e-03 -7.120464638584616569e-04 -3.539271011567937447e-04 -1.021208573783220601e-03 5.202106686065849817e-05 -9.396963653141287296e-04 -1.446322402693158218e-03 -2.138565399172751548e-05 -5.114320537529136110e-04 1.476778049401860141e-04 -1.346504732701887547e-03 4.177249528493472358e-04 1.007357454981930561e-03 -3.996147129154094995e-04 6.485767132398680204e-06 1.739478497335929306e-04 4.760970545366987033e-04 -6.103890434742797588e-04 1.147749022579425083e-03 8.956667948685744841e-05 9.085643080486873315e-05 2.574379230350789887e-04 2.216439419313232418e-04
-7.262701214897958335e-02 3.813656469156832124e-02 4.072933490490843883e-02 1.740311246305541182e-02 -8.066644129247207973e-03 -1.580748759394014994e-03 2.505438145718037919e-03 -4.956060431123461563e-03 -8.841368496054082633e-04 -6.925741413725948915e-04 -1.309622057268177049e-03 -3.675884289403645827e-04 -5.660704440639439342e-04 3.266468814317069090e-04 -2.810192645294597798e-04 9.978101275236713266e-04 2.674473441245683349e-03 1.294354459404168463e-04 1.381399651147339938e-04 -3.154156383163921572e-03 -3.530679428388453400e-04 -2.973822773267462312e-03 3.168377340821449187e-03 3.244577716003537067e-04 6.297645680343983777e-04 -4.510245217404050674e-04 6.363666873416097070e-04 -2.592256012918776106e-03 1.052508141559744788e-03 -1.385711782240138469e-04 5.828729955052699193e-04 1.687515138556945106e-03 -4.114407254757187831e-04 1.352408280195973450e-03 1.378510098220792719e-03 4.702932687698488704e-04 -1.118362565759146695e-03 -6.214337732645889819e-04 -4.460078818284028343e-04 -1.061441449919663148e-04 -6.774464223040099634e-04 2.152066785469178203e-03 5.438035171078362982e-04 -3.736733788279513607e-04 1.996845802705601324e-05 8.345101101841110799e-04 -1.592122554022595013e-03 2.174256787391749303e-04 -1.700603704794564691e-03 -5.167493674258103126e-04 1.876709875912759050e-03 -9.873783155570598033e-05 8.952228009413198745e-04 8.637022179086679356e-04 -1.024540310725748733e-03 -3.815125596913479847e-04 7.503623247947052060e-05 1.770546674303274687e-03 1.434322539855819581e-03 2.116683597422284666e-03 -4.910965631243801362e-04 -6.081622577839891240e-04 2.599872363578429550e-04 -1.808171133161664006e-04 9.725536692957469954e-05 6.392502841047742728e-04 -1.899193408457199841e-04 6.120492042492760559e-04 -5.406159982481475957e-04 3.170164934932079293e-04 -8.293538081100014546e-04 -1.185442852141746067e-04 -2.437298085839552820e-04 6.584826437951643704e-04 -3.387253304849338598e-04 9.244430605096771829e-04 6.008359130738540228e-04 -9.426208708784385073e-04 -2.622655292298808633e-04 3.636480205161493249e-04 -6.829142395754922174e-04 -6.546860780603691761e-04 -1.407384525231824798e-04 -4.904382415025185541e-04 6.601806963885771323e-04 -4.696769262246125042e-04 6.493800055417130132e-06 -1.849552472193203125e-04 -1.322755088689536512e-04 8.962236221431411508e-05 -8.154912516913341179e-04 7.689061896576287677e-04 5.131164643323617429e-05 4.399776125613462981e-04 -1.104294447097889549e-03 -3.031495785762790707e-04 -6.624322796496694317e-04 -1.465350283134716765e-04 -4.512662959925884434e-05 -7.019394317438255350e-04
-7.545620551998717673e-02 3.283411935394175279e-02 3.406273070570416117e-02 8.903131801904280718e-03 -6.225072777198992560e-03 -3.678543143159028299e-03 9.550017961297865799e-04 -1.745816252968683405e-03 -1.281650906647178567e-04 -3.880116686584994420e-05 -1.923160379089023991e-03 2.894899460783039152e-03 -1.142301429725708440e-03 -5.616254566604651430e-03 -9.966531188635818599e-04 4.097080351858758615e-04 3.570574025355454577e-04 4.338593319970790061e-04 2.348539905158660880e-04 -3.350080967390867571e-03 -4.534162371451922607e-04 -9.910942601062029417e-04 2.288589888405127837e-03 1.756325640457419507e-03 3.011894770458079049e-04 1.640524599946518221e-03 -1.388668797238219038e-03 6.233662323621876316e-04 5.640615463043286305e-04 1.068816811197660118e-04 1.655960107420163200e-03 -2.217828257599063204e-04 -5.266320921431619922e-04 -9.915701395443387526e-04 5.293515573175753977e-04 -9.664795011387298119e-04 3.250282304767049876e-04 -5.539120691956093577e-04 -5.500630208796037594e-04 1.041731756704462495e-03 -8.929976743000381982e-04 -1.755063290647610591e-04 1.423606513930016602e-03 8.481915158089381890e-04 -6.750319015217126238e-04 -1.118244467872884108e-03 1.586962805545624484e-03 3.760719975450234841e-04 2.834162512152165825e-04 3.715238347445911716e-04 1.316242489986203974e-03 -1.138150970547934871e-03 -8.046892396361035019e-05 -8.218885461699306817e-04 -4.620364807405768289e-04 -8.230337774914840959e-04 -3.727106776316742439e-04 1.332519751603088685e-03 2.331015833983439683e-03 2.827801518460842413e-03 -1.226531511866009103e-04 -7.945579758390204455e-05 1.388556006998950673e-03 5.216261617487135674e-04 -9.926168070343388636e-04 -6.868806136557248235e-04 1.227154781371515485e-05 2.302236752790953744e-03 -4.162731216268253549e-04 4.282927987250250692e-04 1.135529585648246183e-03 -6.097763179562296207e-04 -8.334678457760431218e-04 -1.343914892473878635e-04 -9.960624556702298796e-04 -5.714159102753335476e-04 -2.529119906576975086e-04 2.725880182130546942e-04 1.743468546410570353e-04 -4.473262309949372142e-04 1.772027296728843990e-04 -3.406058677705686277e-04 9.266352703158108398e-04 -1.089465321215242304e-03 -6.681051733927910116e-04 -5.205219093040298851e-04 7.450725864803015496e-04 -3.600813533668967487e-05 -4.160278031118328076e-04 -2.609248085886450397e-04 -1.592146491255303430e-04 4.211115052900139323e-04 -2.810401363407856457e-04 -1.065958313002810182e-04 3.814613333588273036e-05 8.879759452806899270e-04 -1.544453149100855462e-03 -6.134417926573235917e-05 8.044573479764591294e-04 3.530010168156177328e-06
-7.620924608266198275e-02 3.158558652402408684e-02 3.014139704194451416e-02 8.882691136152370479e-03 9.430762772579611049e-04 2.060014627610864089e-03 2.575221987973014964e-03 -1.343225106212388902e-03 -2.697668441342580825e-03 4.908447504878881568e-03 5.293589489146807714e-03 -5.898848128155863681e-04 1.613969296576448116e-03 5.748035624510783662e-04 4.019443507721609694e-03 1.360761435366093916e-03 -2.124446171013446780e-03 -2.793866849792157533e-03 -3.877790823682142774e-03 2.562661858671973734e-03 -6.202989096531478673e-04 1.025788571698342012e-03 -2.890106001212432423e-03 7.552270957899768003e-03 -6.600960041326162228e-04 3.061955051551548505e-03 3.280737837939938940e-03 -1.575306117962391433e-03 -5.369755333805040177e-04 -3.636642611139973198e-04 2.748814825510178042e-03 -1.480680125377290208e-03 3.498061328438347058e-04 -1.629083894248236578e-03 -2.284925249700444500e-03 -3.777370854266396284e-03 1.734908473838921942e-03 -3.434630266290455113e-03 1.426945692887542907e-03 3.278329437865643231e-04 -3.257966662906753522e-03 1.283311616158469169e-03 1.095706812677428718e-03 1.286551947949957824e-03 -8.929926565211985211e-04 -1.632304887461004427e-04 -9.815918786332058794e-04 -6.441851541338925249e-04 3.995687400716609571e-04 -1.473030916304634121e-03 4.888384637334804058e-05 2.486816175751066136e-04 1.108167971466282164e-03 7.905182750204317848e-05 1.985187412936100047e-05 -2.610977476973996652e-04 -3.685712039510564476e-04 -8.943541255198832066e-04 4.550548553606831455e-04 -1.297067226751423465e-03 -3.626151698187876095e-04 6.627188285660243509e-04 -2.567940553987851904e-04 -2.607521538549810013e-04 4.140410459971544110e-04 3.333775073331629374e-04 8.282471341129647117e-04 9.159570600329696019e-04 -7.414394086434082697e-04 -6.658733524110895538e-04 -9.434359690794997950e-06 4.366601586557498980e-04 5.541192267766338738e-04 5.701569243430642695e-04 -8.413893850118667661e-05 2.006012081605932675e-04 5.599035251208356453e-04 -6.980592140045125760e-05 4.674239746244673540e-04 -2.882112745894995984e-04 -7.010585200686775308e-04 5.656376779822402739e-05 -3.586681072176235350e-04 1.651760864418779667e-04 -3.945128191757047743e-04 1.686659976362058226e-04 6.965717426674570417e-04 3.776611838176280041e-04 5.536052827643504369e-04 2.466900244181709743e-04 9.061200074091632672e-05 -3.602573340663491855e-04 3.445323314322995610e-04 -2.171799516007837561e-04 2.292155441250069399e-04 2.425003582953449304e-04 3.829828034788052720e-04 2.207020619799625869e-04 1.075667377364002879e-03 2.380244601256924743e-05
1.885852330710706404e-01 1.907834067097403594e-02 1.502514523578545383e-02 -1.452688947781538911e-02 -1.664179314198943604e-02 1.023461231237519052e-02 1.842080055672946947e-04 6.389969249393655584e-03 -1.507151989980652987e-02 -4.218646950512265625e-03 2.634512506424548008e-03 -2.191347910475747486e-03 -2.648409527560299705e-03 -6.070414947813626951e-04 -3.911797304048316749e-03 -1.266547614968848443e-03 4.605336265665348249e-04 -8.274401043408968065e-03 -4.689726289216537510e-04 1.673434836443513964e-03 2.289498901788676339e-03 -9.586733278236657298e-04 -1.083403443925175409e-03 -1.377343636292631488e-03 -3.924912849271467840e-04 -8.889776392126417983e-04 -1.961646785214609962e-03 5.265566132032988662e-04 -1.124099736838698712e-03 -3.582791882040193155e-03 1.419901037157166339e-03 2.290787705699280120e-03 1.021944671650351980e-03 -3.376493585276206348e-03 3.143332701837801835e-03 -6.872239243169850830e-04 -2.077010415259113944e-04 -2.090131415111643690e-03 1.441936271098503833e-04 1.578140368247226560e-03 1.896425786632089305e-03 1.187686237615557519e-03 -2.687032839734644889e-03 -1.232689344654643287e-03 6.625561836461809078e-05 6.545088310813559039e-04 1.688534766475701917e-03 2.285331064365194039e-04 2.574776097736410736e-04 -4.051596810206027459e-04 1.670223858585209199e-03 2.262287699360439764e-03 -5.831465034166152415e-04 -1.976721536892524656e-03 1.248165614314626594e-03 8.339594105239810226e-04 4.892710030695033495e-05 -1.497703653361889733e-03 1.203602821317144083e-03 -9.517766924051692680e-05 2.820436643343918453e-03 1.199308109750637889e-03 6.187499419474016236e-05 4.481967298807171068e-04 7.306629840311402958e-04 -1.278622160723306934e-03 5.950070210158753774e-05 1.297735786368792730e-03 -2.410826881571408349e-03 -8.747166620928063536e-04 -1.577083969049861362e-03 1.592752994333065822e-04 -3.670350783498272079e-04 -7.707504967845188546e-04 2.603056484875908381e-03 6.097820981288918502e-04 8.675884279506751971e-04 -1.982589030691740695e-03 -1.361088615844972339e-03 1.074068970889770344e-03 1.227969598436024889e-03 -1.012780791855203170e-03 3.034108813495715548e-04 -7.957828625381407157e-04 -1.312870812472906659e-04 1.017922106743877967e-04 8.537986236367544474e-04 9.487499957992658875e-04 3.645506741104286084e-04 -6.887269180044512835e-04 -2.506639360109748187e-04 2.965878025884818511e-04 -1.947476262681413473e-04 -7.055668413095973193e-04 3.095784486685832122e-04 -2.846265141886953945e-05 4.434239411611004696e-04 1.419956901726142752e-04 1.494330954298981457e-04 3.429933681022057676e-04
1.660518242077761719e-01 -4.250476846903676956e-03 2.267339932571764763e-02 -2.076372285489821654e-02 -1.406386489968845365e-03 5.462458431945002232e-03 7.117301174015934831e-03 -5.963485360411698889e-03 -1.242712371160649421e-02 2.696072720757039217e-04 9.090481953349644319e-04 -4.713856785003687913e-04 -9.840941691578251448e-04 -1.815072390956886045e-03 -5.658541431505759514e-03 2.621641199891720439e-03 9.228921735091348208e-04 1.421389816731676329e-03 1.455785952238178521e-03 4.570258105358325664e-05 -2.162343932684146659e-03 -8.849166323372690494e-04 -3.338155014726217843e-03 1.615542682885795413e-03 -2.723642802798801037e-03 5.355309850448618583e-04 2.530999853668164184e-04 -1.592130167735793548e-03 2.622540854858872086e-03 -5.531929780580824253e-04 -1.286362811699648997e-03 6.343794955404432256e-04 2.350002499458769389e-03 -7.086899612504887975e-04 -3.010552948315075661e-04 2.393604888507235853e-04 9.114924157509878564e-04 1.764481109996933689e-03 6.604333131770232250e-05 3.700060479566688089e-05 -1.333206947116312164e-04 -2.160485312937075741e-03 1.338107873530502544e-03 7.347392341392492083e-04 6.415919826247395551e-04 3.242840480697025025e-04 -9.928876940981422664e-04 1.034356537880112576e-03 -8.252425034450556205e-04 2.607286924176325637e-04 1.113910076164548483e-03 -4.030458204004476507e-04 2.630245284586847925e-04 3.049160409434884195e-04 -8.779834293309015996e-04 4.811922339963246734e-04 7.254782688477078717e-04 -3.951334920590550642e-07 -1.840309707033113088e-04 2.985131841097994339e-04 1.624006104312837118e-03 -1.607615353010693115e-03 6.586143581153910400e-04 2.477519131928548239e-04 -2.707149263589548899e-03 3.709155828495305026e-04 8.040558713196314889e-04 -3.162670829868343986e-03 -1.419669919026080853e-03 2.400340769416254606e-03 -2.054417389254865542e-04 -2.046478180091788608e-04 1.298529109192743045e-03 -5.831405589877919305e-04 -1.228694630976850640e-03 -4.152800684441211473e-05 -1.139900971632710385e-03 6.360546841994023674e-04 2.663248792809515958e-03 1.087304625025225922e-04 -4.865391028171495136e-04 -4.497948351218886316e-04 -1.907196103372365463e-03 3.765638233050539667e-04 -1.241349196839931389e-03 -9.819333323693140835e-04 1.148622341170895322e-03 7.220530371948309352e-05 2.323518176975207603e-03 -2.426807409945497100e-04 6.250221240852004551e-05 4.091909426088705462e-04 1.866296168515479059e-03 1.204801493229937931e-03 1.518960486618382280e-03 -3.197427905866682637e-04 -1.237228209598501688e-03 1.521803300954452940e-03 -4.213516187922785781e-04 -8.673646582282098106e-04
-6.417551222786185838e-02 3.172059674124066281e-02 2.072297914234746616e-02 3.506545654800575541e-03 6.176192360368346762e-03 -3.134612700945749522e-03 3.226330694967620254e-03 1.749142540565198477e-03 -9.278298847875227854e-04 4.868303445918523500e-03 5.265366775206717018e-03 -1.728619323397797994e-04 1.966561167189117664e-04 -1.585788430822875289e-03 1.249331048548544968e-03 -1.269290816039038384e-03 -3.141502957869763552e-03 -1.394708949039995391e-03 -1.777191661650826373e-03 4.023901319369330327e-03 3.377869396930709362e-04 1.454054688950997144e-03 -2.643629930617811315e-03 9.042645131051358547e-04 -5.573738892323678662e-04 -1.873302192052706721e-04 2.826396249993349055e-03 5.837941015057473851e-04 -9.505257205635639188e-04 -2.977065160918055341e-04 -1.028320290156654231e-03 -1.208159673202909316e-03 7.362168900359904785e-04 -1.242551366118660721e-03 -8.524913372214792907e-04 -1.554337468067861416e-03 -6.360794941905828850e-04 -1.419472964562117643e-03 7.617592212837208214e-04 -3.673937487799845605e-04 -1.251396056958606340e-03 -7.695831909116033196e-05 -4.933070002715546820e-05 -1.094002593139284385e-03 -9.936246313322338322e-05 -7.689790891773402469e-04 2.741511008061271563e-04 6.870001293126312431e-04 1.588921790678451019e-04 7.239941703014148369e-04 8.661363274039556069e-04 2.882668007654701756e-04 -5.104246293084978812e-04 4.022493661303931786e-04 1.503912522719103289e-04 2.458696392401889534e-04 -6.324235263853581932e-05 6.440403552528454990e-04 -4.886545385780642002e-05 1.129191819759474153e-03 -5.471205625335693202e-04 -8.507673168581941911e-04 4.555169276982622790e-04 1.424230794488273472e-04 -3.492019430540843606e-04 -3.117643361453180341e-04 -6.444226954702903703e-04 -2.273359535857297253e-04 5.595313494479199753e-04 4.230476552793612259e-04 -1.766752384041969626e-05 -6.693272300121284272e-04 3.537409940409365708e-05 6.910324178423018896e-05 2.095060470065533904e-04 -2.016367465274595790e-04 -1.768052366789398054e-04 3.784838484881912620e-04 -1.096086926655488855e-04 4.817007310790046796e-04 -2.960470034242476271e-05 -5.797398778182650988e-05 3.371895318032693900e-04 -8.992043722944497363e-04 1.195383226721964502e-04 -6.709905744280107980e-04 -1.642134854888645994e-04 2.574956577589726620e-05 6.553090723124789453e-05 -2.284250936982716172e-04 2.086288142679546399e-04 -9.672316557964227097e-05 -2.811797614219617219e-04 7.205882427096727601e-04 -1.379780977096514531e-03 5.558780839007693543e-04 -5.474649017683643013e-04 8.349890873718953473e-05 -4.109118984012740793e-04 7.941656941553142807e-04
1.042440001451257897e-01 4.530419780622379350e-02 7.885763501513244459e-05 -5.846311601689278999e-03 3.047495074578848414e-04 5.857923381115897644e-03 -1.623375262304251054e-02 -7.588975294101849185e-03 9.449878627330002279e-03 -1.285186910349356455e-02 1.772880050282146401e-03 2.126636227662779058e-02 6.349692795298688547e-03 1.699604434892488516e-03 -1.236975800128616758e-03 1.256540304596142320e-02 2.366991059282529120e-03 -5.462142782336468737e-03 -6.657580634052439640e-03 7.951041007019822929e-03 -5.019663838751919210e-03 -7.570110019842701821e-03 -3.945628671751925422e-03 3.222624256983904097e-03 2.364441604809618298e-03 -2.654368489155575252e-03 -5.392014224777147077e-03 4.165697938300628490e-03 -1.881772408126467172e-03 5.131434136026685831e-04 -1.495397546654734589e-03 -1.539531013862918208e-03 7.161216024659319704e-04 2.642169851189999329e-03 1.027577269122923603e-03 1.527161966690694043e-03 -2.338755870790078586e-03 9.706484337153164360e-04 1.473897210879592705e-03 -3.326443802727013441e-04 6.639649551699576828e-05 1.061093846845239915e-03 8.429338582469109598e-04 3.041574641127465476e-04 -2.078017418763861677e-04 -2.362812829470596859e-04 -4.171842690546208364e-04 -2.796423535297568237e-04 6.067881221344915038e-05 -5.130415189432976182e-04 8.446475046084573875e-05 -1.096386561597565085e-03 -3.921221172495497611e-04 -8.720490634572244590e-05 -8.100669926496598230e-06 -5.270488174103358289e-04 -6.447370414193872787e-04 6.100611551560824932e-04 -1.068862221030998205e-04 -6.886885480011744037e-04 -5.529906972698987776e-04 -1.043682004728830730e-04 -3.574445181954248856e-04 7.635083987314522430e-04 4.881357322593565996e-05 -5.915043979100776837e-04 -1.871440587361211465e-04 -4.939695956468385203e-04 -4.554182238819232771e-04 1.846331019550940991e-04 1.697989914043189670e-05 -1.742426648278864174e-04 2.567931570443412960e-04 2.983934942766971955e-04 -1.650257181193115876e-04 9.295463672509280805e-05 1.723189624669343905e-05 -4.620082730071220755e-05 3.417590694856375319e-05 1.466618644750218104e-04 -2.460069888674721759e-04 -9.090810320114405961e-05 2.996174769184183464e-04 -3.321377922272394120e-04 -2.891078555784723091e-04 -6.645763727550380192e-05 -2.564451158036096506e-04 1.620664678760177241e-05 -7.026824247343993902e-05 1.812269246206900874e-04 -6.433191379910565676e-05 -1.445931259908471661e-04 -2.630136236430107521e-04 -1.431764260612100343e-04 5.137306836295819554e-05 1.170231918196477792e-04 -1.751167115911927443e-04 8.413875382326055385e-05 -4.497884629638321442e-05 1.649211575426315574e-04
1.345845623618089348e-01 4.865238839397031251e-02 -3.172433984640307333e-03 -2.889886814073440533e-03 -9.169368668030304257e-04 4.760677630397005915e-03 -1.561739713701399725e-02 -9.496710202613145232e-03 1.153624362820376316e-02 -7.659098862100097507e-03 2.850273654607796310e-03 9.618503622296771874e-03 3.101766778513938803e-03 2.067019382150711484e-03 3.598591297512617349e-03 -2.041660695546011295e-04 -2.139079739182745288e-03 2.601114141132926383e-03 3.292450579621792987e-03 -1.176374214525982911e-03 1.217763286380442895e-04 2.587214245743192295e-03 5.365638141956232407e-04 1.202189308758082028e-03 -8.108962668718402425e-04 1.030727551695050483e-03 3.205438032007755945e-03 -2.152893509174160207e-03 2.682059508570353891e-03 -2.580582524941902114e-03 -2.858206395686748846e-03 1.139991492464719099e-03 -2.571783696938351660e-04 -1.463636791668590043e-04 -2.269519645287938758e-03 -1.547781499061880390e-03 2.321592636867761579e-03 -1.455284600071983471e-03 -9.325819122566294302e-04 6.949822413401372410e-04 3.487633048727508973e-03 -1.122198247372253790e-03 -1.446928092130635255e-03 1.438710812189541262e-03 1.194006557976084451e-03 -1.075451089476553608e-03 6.548980578003251037e-05 1.791292212553235964e-03 -2.462017194139550728e-03 1.763564801977203413e-03 5.345301244534525010e-04 2.804618994708063789e-03 3.211648808975535539e-03 -4.843526325664338720e-04 -9.129947785833647251e-05 1.279397836382823719e-03 2.775797335561330879e-03 -1.390321605820807067e-03 1.626810487324621213e-03 1.072356557586643527e-03 3.766191808036670891e-03 -1.575052202186835379e-03 -8.216977874514022921e-04 -3.257129401872858876e-03 -2.932941530113536291e-04 2.423412633428876847e-03 -2.384229793523382282e-03 2.683944226625374890e-03 2.571478678461643942e-03 -9.698772186366121355e-04 -3.649648196322449528e-04 1.378313717975358571e-03 3.416675077456970294e-04 -1.996750244145209031e-04 8.004572712167959533e-04 -4.339010335196132376e-04 -1.115457838590673285e-03 5.824238421881458181e-04 -1.559335651581257825e-04 4.745550621599380439e-04 -4.733625569051290666e-04 1.254768839860206627e-03 -6.595010827597095129e-04 5.899814598195662679e-04 -6.778759212264191336e-05 -3.860849167187580585e-04 7.953397120211194151e-04 -3.287860174808250754e-04 5.501730004555217346e-04 3.180160725516846163e-05 2.271686345394923791e-04 -1.794995683465771684e-04 -1.465644777374741615e-04 1.108352891943688697e-04 -2.082893763806989982e-04 4.241421216201910426e-04 4.263459994687535939e-04 -1.110521043489619053e-04 4.512735326648048702e-04 1.819985083609280006e-05
4.840234338953371997e-03 1.090711081960069224e-02 -1.368222314282726768e-02 7.506627137016304643e-03 1.493776901117910456e-02 5.019015264638986007e-03 -5.075976614112681987e-03 -2.388747955878204807e-03 2.311102061048155021e-03 1.860943115856065295e-04 -1.842923148668192557e-03 1.452432712970061273e-03 2.507411867100759004e-03 1.813289461963051952e-04 -7.083264869058156742e-03 4.564437763263412724e-03 3.834909249829074156e-03 -3.673286967320604692e-03 -6.578381083410832827e-04 3.746305537439722187e-03 4.934616781654976164e-03 -3.006562812769763768e-04 5.109782013367082827e-03 -3.098694875002518286e-03 -6.550630683062799026e-03 8.140343446977996470e-04 1.896222103775377756e-03 -2.569529698102857723e-03 -4.163816271834903417e-03 5.920887319043231616e-03 4.522264444171894375e-03 2.913416400296074769e-03 -4.495975740382065697e-03 -4.098772032917242375e-03 -6.036145341209844806e-03 5.729410845955199005e-03 -3.469485548433045197e-04 -2.191720354089918277e-03 -2.504082746153397780e-04 2.062805250746124839e-03 -1.573011349329900971e-03 -2.750961438906495901e-03 -1.741994681540589337e-03 -6.680476757936585101e-04 1.445391694523009713e-03 -1.613394722527684150e-03 -3.772008480982151440e-04 2.067032593452882219e-03 1.423676023974779431e-03 2.485691033583320962e-03 3.212708694041473481e-03 -9.221631856067763000e-04 5.586015597816453406e-04 -2.633281408583427411e-04 -1.408403680098706864e-03 -3.201512963449868170e-04 -3.800381746244547304e-03 -3.367665610785001290e-04 2.639470510859916099e-04 -7.184410441622384293e-04 -3.471122076304282108e-04 1.381161192000096268e-03 -5.058864717508034886e-05 -1.276869760364045736e-03 -1.578676744168053562e-03 5.485578375454870387e-04 -1.138462770313797094e-04 -6.645063302250509008e-04 6.284090436989949640e-04 -9.313033711903237824e-04 7.139631163326502945e-04 1.797542562819691035e-04 3.868448136368962047e-04 -6.970952918251133428e-05 5.170045388682472775e-04 3.987035351452900955e-04 -1.605772040948107854e-04 -3.935631403858812910e-04 -4.244822937404003362e-04 5.566018307306374842e-04 3.504040567098915719e-04 1.584066470785469008e-04 -5.458986341930079610e-04 2.057355845220524995e-05 9.958967987042448256e-05 -3.062761004991811542e-04 1.023370948808316456e-04 -7.426898649727244582e-04 7.717358156246399399e-04 1.011028616134900502e-04 3.516348174340056042e-04 -1.035831131712199209e-05 -2.163748461453337028e-04 2.524831089874633294e-04 -4.851001695049459144e-05 1.956468253111709975e-04 -1.111010598772934233e-04 3.654390272047099565e-04 8.252585443691071024e-05 1.868580942063676473e-04
-5.200503307222284488e-02 7.262261517010940894e-03 -3.442618009674008189e-02 3.300104982293075757e-03 5.138167739760909555e-03 6.085836149751428989e-03 5.460029898539004193e-04 -5.209835410101931914e-03 -7.508655659772068940e-03 -1.460597495848427695e-04 -3.752817191428192613e-03 -1.015284057298091814e-03 8.596328458873977096e-04 -1.721404795908561443e-03 9.635206025480725711e-04 1.239143990122892587e-03 -1.768319489818898083e-03 -5.318683232505866821e-04 -2.556632478979481288e-05 8.542016879177380352e-04 2.284360750126338685e-03 2.521239173739632912e-04 8.251451521683396710e-04 3.474693560631280818e-04 1.261660036101497177e-03 -1.434634400898275250e-03 4.289915129571865871e-04 -6.004641987727576827e-04 -1.902910834183928646e-04 -1.826120814853854888e-04 3.629003610628106025e-04 1.304390695453780608e-03 1.160747443844049138e-03 2.592731572036338899e-03 -3.233776742776138502e-04 -6.511992761231548150e-04 -1.925232750211757003e-04 -1.204022720016022186e-03 8.981272837695999153e-04 3.822577782220159593e-04 6.960833842715168519e-04 -3.850545192751083897e-04 1.040536022857558430e-04 -3.206285607941529572e-05 -8.366144401452139598e-05 1.807449348167672584e-05 1.612695549707301524e-03 1.461474949807760803e-03 -7.753527840821056519e-04 -1.420766543164457595e-03 -1.136909848718928870e-03 -1.283061823933111245e-03 -1.839644501837760021e-04 -4.204838218856736873e-05 8.624945590600253779e-04 8.560780855957189064e-04 -9.004266521032373090e-05 8.484286737909356186e-04 8.275734058573918153e-04 6.747586511422105102e-05 -8.004807936572605779e-05 -3.403185575891140850e-04 -1.130621720893733653e-03 -7.201101314464585781e-04 -2.507641018302488229e-04 2.442515826042502875e-04 8.257271103923892984e-04 -4.578765633690617064e-04 1.615481300468868799e-04 3.118734261297946455e-04 8.455565571859906173e-04 -3.248953425077729155e-04 6.407561981463554728e-04 2.257846346565574834e-04 2.529469836239694254e-04 9.086130049125009170e-04 1.460376707643248461e-04 4.274302006365841345e-04 -1.055113746727322872e-03 4.237875073434640744e-04 -4.588008551063221070e-04 5.229057086118408040e-04 3.954368918420263224e-04 -7.639848133088011613e-04 -3.084340142049478819e-04 4.224892886785662537e-04 4.605871969232725968e-04 -5.060708317695569421e-04 2.006515936054007420e-04 -7.526076963119131573e-04 -2.134415434830234828e-04 -3.749632869507010693e-04 7.194929689414355926e-05 3.687635846379523413e-04 -5.697602294960316008e-05 -2.046724374098794568e-04 5.811995359638441643e-05 8.239973569199761914e-05 -1.917114446855220831e-04 1.683140260917240249e-04
-4.549168863586649375e-02 2.140898955463767933e-02 -3.790320947958077807e-02 -9.501610502955460877e-03 2.402941283926589722e-03 -7.373090641816712303e-03 2.223104939881759279e-03 -6.605367268232186471e-03 -4.136304541497303963e-03 -3.857792729973660156e-03 -8.835056802617568964e-04 -2.282095830721153368e-03 -6.376159457542047819e-04 2.037845570563479643e-03 1.910183079590637226e-03 -2.932643504294318512e-03 3.929513840406953160e-03 -2.435042605611331267e-04 -1.720214476864528408e-03 1.862681745530387137e-03 1.002535435044970408e-04 -2.197228956856237274e-04 1.008161213175275215e-03 -3.513097593896745766e-04 1.975696472415500258e-03 1.151454663544167418e-03 3.875941159703633608e-04 1.338126243161045364e-03 -2.069063582328827032e-04 -4.144145922599117883e-04 -1.905909969562680261e-03 4.462814604242160924e-04 -2.038749452729882953e-03 -6.755646518517512047e-04 2.022633489316017635e-03 -9.329098987123935621e-04 3.545634512360380883e-03 3.786621731772047686e-04 -4.908242538115276240e-04 2.936132729816844696e-03 -2.664532904148331238e-04 -3.037204678640898089e-04 1.661549660343765791e-03 -2.658539956610031117e-04 -2.258425009433533484e-03 -1.633079167895190977e-04 -1.295531199159862153e-03 9.198502712565012531e-04 -1.017648740418557884e-04 -1.441069239733122143e-03 9.594275069476258062e-04 -1.208712820132188965e-03 -1.868307000983827210e-04 -1.211241656142590157e-04 -1.134077210989522773e-03 8.409733379309198599e-04 -8.586280209852508968e-06 4.856200983336039301e-04 -2.960646410778682708e-04 3.199364601740021965e-04 2.484148942940961574e-04 -5.193844887605839934e-04 7.334377367192520961e-04 8.698263192478178276e-04 3.164996972175614424e-04 1.561163546111195695e-05 1.862726283059177592e-04 3.378636865271030573e-04 1.679419240746563447e-03 1.543640779675349876e-03 -4.012575547152392075e-04 4.561847088807702679e-04 7.816660095441116288e-05 -8.813687758913774008e-04 1.312995663633455875e-03 7.251942741708483197e-04 -2.154635798021501223e-06 2.605769027417850252e-05 -8.348429083674283957e-04 2.276896191665464520e-04 8.329000191988587820e-04 -1.140250180472807855e-04 -2.872421710398505757e-04 4.685466110294421276e-04 -1.422992471317175052e-03 8.496004731271874361e-04 -6.040599376423607791e-04 -5.864955128027024567e-04 3.487059777766787858e-04 7.799036287113600766e-04 -7.809337620625215245e-04 -1.037894551018883008e-03 1.779653129360358164e-04 -9.686936939635360129e-04 -9.567580057439227428e-04 2.874901786645037648e-04 -2.272322142523549684e-05 1.313122969696858952e-03 -1.754282086750586932e-04 -3.603514685409575711e-04
-5.542255675008481153e-02 -3.578076408582301499e-02 -2.406728513369795278e-02 1.819690152620951143e-02 -9.547204758691358109e-03 1.264108381962489314e-02 -9.948845196075281443e-04 -1.350915241194355779e-03 -1.420493580003134165e-03 -1.264218203826367030e-04 5.158097924904612476e-03 9.847420572028922018e-04 -1.263428105391279071e-03 -1.566673008676094003e-04 -5.726572315368542131e-04 9.979853298601143279e-04 2.821143181034446029e-03 -1.878768913440254052e-03 2.377020175951564170e-03 -9.567911019603367068e-05 -4.606515661141262659e-03 1.764598484185147306e-03 -2.975148264908957126e-04 -2.972639706712317149e-03 3.003365792605392263e-04 -9.306138373992186002e-04 6.601961062872998632e-05 -3.235263578938060952e-04 1.474750588823099369e-03 2.467438347627962732e-04 -7.120076828009863938e-04 -1.265618044145995708e-03 2.263016315047250947e-03 -9.701306457444434147e-04 -3.852686878990761385e-03 -2.605704888605349053e-04 3.513854680355816293e-05 1.619172010199323259e-03 3.125328961071182189e-04 5.132106116492154892e-04 -7.798878819684493865e-04 -1.430874275241734192e-04 2.184872008096489220e-03 -5.580449387067909538e-04 -1.197648184806340528e-03 -8.784558204606474378e-04 2.490165037321140340e-04 -1.206064700458359248e-03 3.371332224925758353e-04 -3.858224816645853530e-04 5.424448952683634572e-04 1.272735250119770263e-03 -1.292814125944594366e-03 -8.858782387169747809e-04 -2.205988617143068292e-03 1.631133679617355120e-03 3.627339868556098829e-04 1.961447773224031792e-04 -2.464072514243200850e-04 6.429559492413881427e-04 7.803606005414030810e-04 1.310584130095925406e-03 -3.720234079956617496e-04 -5.873906653012377381e-04 1.818668172823770766e-03 -1.167534517262531655e-03 3.374834633154165982e-04 1.388609506976092034e-03 -3.439135093442508028e-04 1.029570835817250748e-03 9.736877402896881558e-04 6.273099913243745246e-04 -7.114151142040113377e-04 -1.376125853482401059e-06 8.035153757208106449e-05 5.421266396539884476e-05 9.364642644956765790e-04 -1.334151420930212507e-04 3.551296182373709460e-04 -2.397711745245093787e-04 -5.268051764915580035e-04 -4.177955898434780905e-04 -7.516599483979088253e-04 7.636718503084246375e-04 7.535424304513038902e-04 5.325895907653121911e-04 -6.873525456355988926e-04 2.605286146156552958e-04 -3.141415670619050683e-04 9.783570149589491569e-05 1.232781470733352322e-03 3.947095548521766060e-04 5.807525694413967314e-05 2.833429433932015151e-04 -5.325494561903301944e-04 5.186108411272837872e-04 4.847581591785107683e-04 3.063883750590129214e-04 2.341829958873383496e-04 -2.782740936761689938e-04
1.026090907311336398e-01 -3.181352239819951883e-02 5.894902108747976377e-03 3.974575308659245021e-03 -3.370646106037559521e-03 -6.547498232959253137e-03 1.120923006291102593e-02 -6.924985299375357659e-03 2.388929319731318817e-03 1.195425425583264986e-03 -5.049772635168241035e-03 3.058846911421923224e-03 7.565344947260477845e-04 6.179079832151039564e-04 2.096685331154341837e-03 -4.704168801894075339e-03 3.382655629024891347e-04 4.907690664994395846e-04 2.636438462346452852e-03 9.334031027782525641e-04 3.970868794417919045e-04 -6.686989366905612834e-04 -8.890420723801682008e-04 3.144286213952328553e-03 -1.778604176311929718e-03 -2.422034930527791532e-03 -1.912756394729645719e-03 -1.541213843105749106e-04 -2.884875831203798785e-03 1.171353461323592368e-03 -1.278447380846607336e-03 1.378696752145310012e-03 8.693464976146399853e-05 -1.683533726121382934e-03 8.041181966716673835e-04 1.226658959645162425e-03 -1.144101372268097440e-03 -7.043898821231716354e-04 1.535523898140119794e-03 -1.873951792886534426e-03 5.623405922508817323e-04 -1.834852290663884931e-04 5.966876107216865892e-04 1.031209552504234149e-03 -1.500065939704144872e-03 1.587271737304082496e-03 1.498317586219852487e-03 -2.677333360127690881e-05 2.007136731573742634e-03 -1.279018603647251581e-03 -1.565952666604898029e-03 1.380557721710133417e-03 3.186970742177462081e-04 2.234094578413379963e-03 -3.245229259369711988e-03 2.277848527868193019e-03 4.472418562912948924e-04 -5.493984307923167366e-04 -5.996399709473256966e-04 4.602589636117802234e-04 -7.034601069548022099e-05 -1.500524806961207045e-04 1.356021520189191207e-03 -2.547128600005753047e-03 -5.174631128918945246e-04 -1.213048011676206217e-03 3.804415708661775431e-04 7.498030962590415942e-04 -7.941192210811110234e-04 -7.803310143255962582e-04 -1.038600811155184021e-03 -6.120326589891928425e-04 2.434518237775265288e-03 1.369987046866933756e-03 -5.157229857040053364e-05 3.469541280793811519e-04 -8.691345128533982346e-04 5.705401783584682085e-04 -1.918482235956827861e-03 -1.902662607574592422e-04 -7.214189800944912799e-04 -2.472566501076304407e-03 1.519027193004742664e-03 2.324176647868540346e-03 -7.733274392494101507e-05 3.799521967223123465e-04 -2.898369068714807097e-04 -8.774026179532029308e-04 1.422304939026728656e-03 9.935296409660215183e-04 4.156268894821876607e-04 1.099444506319189252e-03 -2.546723778062604015e-04 4.625045374474310439e-04 1.102361677335209457e-03 2.834851572902539422e-03 3.169842650044005575e-04 -1.127610168951396954e-03 -5.904958500633426506e-04 -1.425121477337749139e-04
1.856578434140591927e-02 -4.475708185272908590e-02 -1.410509342688337324e-02 2.358233639392222358e-02 -5.541988865024668077e-04 -1.005115457737785871e-02 -6.044512849197325455e-03 -4.876831938313076417e-03 -2.102857442040259942e-03 -1.781051922218158468e-03 4.986483114482395673e-03 -2.335607963427816652e-03 4.756467245223394008e-03 -2.366236661087588612e-03 -3.623568740244220276e-03 -4.777582296753363905e-03 9.169465271520715324e-04 -3.635408640692524337e-03 1.786820422199515311e-03 -3.754741594013101617e-05 -3.959233843843936070e-03 2.539712253247478719e-04 -1.770107448819633299e-03 4.788618668866914132e-04 7.964101145502472173e-04 2.861281737627183750e-04 -6.331302064204265192e-04 -2.222935951496024867e-03 3.866925842721662208e-03 -7.358475752090096590e-05 1.822064731437300460e-03 -2.481133091112304716e-03 -2.824508364288792154e-03 2.200930945105231303e-03 4.644723945308403511e-04 -2.706496120714694392e-04 2.304112354280033349e-03 2.220699871646449053e-03 5.327791536272430233e-03 4.108307973087192699e-03 6.328526950185335478e-04 2.103150591185989297e-03 -3.114088223619120716e-03 -2.195605165733644035e-03 -1.463128493745188027e-04 2.370281701206140585e-03 3.039185591519770469e-03 -2.354454196390384606e-03 3.068047601862522564e-04 1.613276382071690334e-03 -1.966753567286295154e-04 -2.678489546835167469e-03 1.243115225266432176e-03 -1.158396418835739216e-03 2.088762003367930584e-03 -9.877769798584074088e-04 -2.674806702547108655e-03 -2.575924688147402395e-04 1.643602730071578796e-03 -9.646448856859926070e-04 -1.460086194130712353e-03 -2.611241786807872150e-03 1.200180513520447429e-03 1.384353864501470144e-04 -4.436509268320957405e-04 1.120805205143808299e-03 -1.588244426629889126e-03 -7.524511257018014080e-04 2.712774028611706907e-04 -4.348942591986664505e-04 -2.167453258445490877e-03 -4.881352657591395226e-04 2.144634333892972162e-03 2.433472614013240616e-05 1.846631295635915691e-05 -1.125463984342198621e-03 -1.486351320216257061e-03 -1.480773394142720313e-03 3.790806727230067045e-04 -4.669256698606375866e-04 -1.024167695707163328e-04 1.740740515400451436e-03 -9.605988764341986605e-04 9.235656953776722172e-04 7.892182694778228196e-04 -1.133261791778174049e-03 4.318232618635553511e-05 1.329456594355021490e-03 1.663996679109902858e-04 -4.481715384480217676e-04 3.619106231639597341e-04 -9.396548508802334042e-04 -1.206376509300473212e-04 4.665471610293674565e-04 -5.244731412171884603e-04 -4.754917260705164594e-05 7.874894441251279993e-04 -1.108896090962126343e-03 -7.696421811325024039e-04 4.217410863057102451e-04
2.178971279480625134e-02 2.087958606069908671e-02 -1.855220196534489163e-02 1.231821158833293871e-02 6.111746242873940943e-03 -1.295650687766133511e-03 -1.000269092556011451e-02 7.162230168396191421e-03 1.592660008805059195e-03 8.567541744375302415e-03 -1.771309165537152987e-03 2.394793434151953199e-03 -6.765923845895086691e-03 8.145526371295610732e-03 -3.949412593020226910e-03 2.095583415595935958e-03 5.702743188980128122e-03 -3.626384882467525560e-03 1.197842686982453740e-02 -3.411746981385304408e-03 6.873845069394840523e-03 -6.159343641603122477e-03 -8.147297380178063902e-03 2.607826645921820091e-03 9.355643278207622163e-03 5.408615374508709932e-03 4.363302561424710867e-03 1.348799342805886677e-03 2.398085783363181501e-03 3.361709302982023202e-03 -1.406889985046846534e-03 -1.319628307434110061e-03 1.028608356177442007e-03 -2.880466794747543312e-03 -1.039028784849929839e-03 2.154012061350585490e-03 -2.077644961388394260e-03 -2.141980432518184388e-03 2.105936840927115361e-03 1.457336460380046193e-05 2.360297402123899633e-03 -1.387070084789761813e-03 3.958842271105445561e-04 -1.086580478896938132e-04 -7.028310556288265305e-04 2.650899279320182832e-03 -1.388625544578145918e-03 1.368664309294478063e-04 1.958628587419071899e-04 7.965252831641961599e-04 -2.067691129767905596e-03 -3.027979933228713795e-04 -1.317510779162332996e-03 -1.103239217235650908e-03 -1.848245823103803079e-06 -2.909496898813584563e-04 6.354175631054542923e-04 3.733580078008845167e-04 1.682857640716080077e-03 -2.130577717734803388e-05 -1.752892658985711520e-03 5.585729573549031617e-04 4.576648245604396224e-05 -6.591651301877665681e-04 -1.707789955271915366e-04 8.587158656352380983e-04 6.652388417229569489e-05 -5.479504307011716238e-04 1.842776654067006505e-05 5.074935333726303789e-04 2.605210678966784544e-04 1.489452181018786436e-04 -1.210997287109976967e-03 -4.465399601850007652e-04 1.117407472671288343e-03 6.301468624420629363e-05 -1.209483367185299927e-04 -5.421164847264296066e-05 2.945889528057294760e-04 1.023921623140944888e-04 1.852551166767644152e-04 -4.715205773376129504e-04 3.061105794310845559e-04 2.575547296790350296e-04 -7.523947495477571745e-04 4.102098089804157802e-04 2.404427537205775954e-04 7.390928396711761536e-05 -1.812574762811019806e-06 -3.305349907038941421e-04 -7.157403568444530190e-06 1.772828680843401138e-06 1.073702359754452628e-04 -2.802173922739429604e-04 -3.779201795752230321e-04 1.236325993716158817e-04 -1.581058940560819536e-04 -1.834300838906092730e-04 1.361899758763655767e-04 -6.503750982385536779e-05
-2.747108932417507976e-02 1.832165708510235039e-02 -3.625324215565074726e-02 3.888349477091385207e-03 1.169591320739827439e-02 -2.284713811361082769e-03 1.259766859944358398e-03 -8.237774161845992996e-03 -7.073556477446572670e-03 -6.039307794911152362e-03 -4.550664056732769795e-03 -3.347676651420727206e-03 3.518445459773267996e-04 -1.608983706957426655e-03 4.222954858284227661e-03 2.033760021482632421e-03 -2.657633688185929207e-03 -2.588900558001902379e-03 5.046460360515483360e-04 -1.075202656170282101e-03 1.358772461177797835e-03 -1.844334187720110063e-03 9.513833772088297995e-05 -8.774330515950400349e-04 -4.972541906741547758e-04 -7.223674490154088565e-04 -2.122968303709994904e-03 -3.693889825056550212e-04 1.134456664718661457e-03 -7.919641185882995082e-05 -7.135062797280215981e-04 2.728504024587452385e-03 8.995204136082755658e-04 4.100560563741951939e-04 -2.113756828608009519e-03 -8.915134402161925737e-05 1.646595771212027663e-03 -4.529789033692143796e-04 1.418766880772733517e-03 -1.205047834206349070e-03 -6.479503449324282164e-04 1.373534448159488292e-03 6.535389170258947304e-04 -2.808194772803762683e-04 -1.202784163972785364e-03 3.771214539053421963e-04 4.034978405307979065e-04 1.586964845377825855e-03 6.555935578327088406e-04 7.383255134722210844e-04 -6.348014666179086418e-04 2.457472223318276348e-04 -9.380153573612079508e-04 3.421686364419652721e-04 -1.066520663458035961e-03 -1.837798287287279548e-03 1.037942247776872293e-04 -7.697142981823257377e-04 -4.598094925013609707e-04 -3.631979419798996803e-05 7.093651562600035215e-05 4.920105663172690132e-05 -1.954244140593186833e-04 9.098943981385089908e-04 9.734267651978186289e-05 8.050740444191074137e-05 -6.584784864799888811e-04 -8.354700546982999753e-05 8.188353416756737188e-04 2.924458238746469540e-04 -2.812629488603579663e-04 3.648249350260493462e-04 -1.770138746675359168e-04 1.855131975337859836e-04 1.749905336122989364e-04 -8.089133839023031477e-06 -1.261542154886483404e-04 8.743474881810492513e-05 7.653550229562563686e-04 2.452338620544397354e-05 8.031857025755878652e-04 4.121502887338246261e-04 -4.908049645463199431e-04 -1.804677273892189447e-04 -5.623955621630561622e-04 -3.299419832549443064e-04 -5.991403870851525187e-04 5.987463409721772946e-04 3.112165593846358985e-04 1.415455177627601368e-05 6.194440707932578937e-04 2.582678138167870301e-04 9.067383445198213404e-04 -2.443249791577789738e-04 -3.729087270564454592e-04 2.736228383179269618e-04 -5.722502633876590727e-05 -7.612516953164012506e-04 4.651707716431489480e-04 1.262438843813242808e-04
-3.562959135508905056e-02 1.385657263041284448e-02 -3.379363257032786533e-02 -3.539185718427771514e-03 4.833085947353991246e-03 -5.888967672355573287e-03 4.242386105464314265e-03 -5.955684330511213168e-03 -3.994521052763746506e-03 -7.548016720033925986e-03 -2.830569988268313332e-03 -3.918582253669032275e-03 -8.196685432166733168e-04 -2.843254024351504240e-03 4.927750923343983576e-03 1.387584553922434913e-03 -3.865074157827079124e-03 -1.483825251990902568e-03 1.531343758942782431e-04 -2.041664945306733824e-03 3.053856360852163230e-04 -4.018341835924693108e-03 -1.256515728089169616e-03 -1.849932787820299978e-03 -2.083968184910747149e-03 1.655601426332006408e-03 -2.438622200588116853e-04 -3.433745179202257725e-04 3.292258994992038577e-03 -9.702700561862941347e-05 -1.522406634615292411e-03 -2.934979019251218561e-03 -1.649263150616909123e-03 -2.340568176352489371e-03 -1.397473293610657042e-03 1.725142164609737880e-04 -3.718470144748243968e-03 7.219553130915010034e-04 -9.059084022646754280e-04 -2.429010475748179677e-03 -1.099102397906312738e-03 7.956657417856846139e-04 -1.924726502599673986e-03 6.705356139966036581e-04 2.132862372712541511e-03 3.580598725409270245e-04 -1.162885508767820411e-03 -2.966356915542739999e-03 6.614994877004329527e-04 4.976159189516019595e-04 1.458827875938365458e-03 1.764984330213012357e-03 5.575095394267753609e-04 -9.568443403905624051e-04 1.505551967150411995e-04 8.400917882592667287e-04 -6.107858004482342529e-04 1.363263999877070221e-03 5.895764059145525208e-05 -9.388775437104372040e-04 4.795864934284942973e-04 1.658095760797377030e-04 3.280831994090406675e-04 2.837092994884205985e-04 -9.454700085478618668e-05 -1.546676119663809056e-04 -1.090697968899887387e-04 4.019817749486782389e-04 7.446170295263980802e-04 9.314770414728768628e-05 -3.891858851877383839e-04 -2.031622356290442750e-04 5.591469549819595621e-04 6.826689661618457763e-05 -9.028939246775342117e-05 -5.991059119423327965e-04 -4.813883018059342137e-04 1.167815966677718340e-03 -8.910491215608343013e-04 -1.659346591708668573e-04 2.354365414628255585e-04 -2.601397532704907939e-04 2.959321111909154686e-04 -2.507547100272795437e-04 -1.202167606892809090e-03 1.206896716529330714e-03 -1.295354889274378553e-04 2.521767640663754965e-04 4.005353552042844288e-04 -6.696567701387582403e-04 4.763694510000752633e-04 -3.718158584230968371e-05 2.972795951680480488e-05 3.925010125207720863e-04 -2.797282352867140783e-04 -2.981656005927169192e-04 -2.949412777012493732e-04 -1.051996070376625238e-03 2.742774470840104211e-05 3.796094858555315241e-04
-4.616693740247898581e-02 1.007814078836783561e-02 -2.597701313154865757e-02 4.599838813539573355e-04 3.646472634632566545e-03 -6.942573731764318905e-03 3.275293134856737190e-03 3.996503299772212036e-04 -4.938147881601543006e-03 -5.971985774988156082e-03 -1.689160232955090428e-03 -2.221181307248563420e-03 4.987073386997194560e-04 -1.939078021912112862e-03 1.934573892252886571e-03 4.319371611607429216e-04 -4.207279831521724273e-03 5.435601542100319036e-04 1.117070821093841095e-03 9.793835066553302233e-04 -7.086480915450081011e-04 -2.383064388814439688e-03 -1.994517763873551123e-03 3.256305007781946665e-04 -9.033513646561200155e-04 1.301491837538294575e-04 1.248667300180081926e-03 -7.368775273437894440e-04 -3.306571453636012988e-04 7.018835185009027373e-04 -3.740364406813405482e-04 -2.137174331955531137e-03 2.875500734748165864e-04 -5.739038208895575659e-04 -3.870844204214185405e-04 4.222454185939973756e-04 -2.336304393341155639e-03 -4.256997573832726122e-04 -9.140110200360695384e-04 -6.144076277422353912e-05 9.994567679883308280e-04 -1.309366086324125758e-03 1.070397210462356883e-04 1.076101224549934733e-03 1.074812949462714906e-03 -3.227659122402842112e-04 1.057045793071798067e-03 -1.231043503518553916e-03 1.176291673904577179e-04 2.314635335515797924e-04 6.967112962761160856e-04 -1.227953740363806671e-05 -1.646104085936389420e-04 2.894182465439798383e-04 7.953617120580199320e-04 -6.490767537228955700e-04 4.286418539582269446e-04 5.023348076784001862e-04 7.241923890136277558e-04 1.593863849362086140e-03 -2.757167965904065536e-04 1.040038205293126708e-05 1.430385070054040857e-04 -1.312685164283526520e-03 1.297758929699346193e-04 -2.414545136060802419e-04 1.790500163172858625e-04 -5.377250573147331113e-04 -7.574428396933234348e-04 -8.705831856109044363e-04 -1.452290427740790394e-04 2.498544529910270507e-04 -3.934298723195808170e-04 4.473082511982441655e-04 2.009044774008186243e-04 -1.289596832688219975e-04 8.727247843592676009e-04 -1.228655618254154841e-03 9.700609038259273148e-04 5.310766949981564735e-04 -7.861481579270993177e-04 -6.689323095750917831e-05 -5.711633928668138080e-04 3.720297003401494378e-04 1.583856789716864191e-03 -9.052567045775463794e-04 -1.082009352071189274e-04 1.564123607201640584e-04 -1.228292510150211106e-03 1.195154647066266158e-03 -7.651980210201007274e-04 8.157053058014247749e-05 -3.624557986996915335e-04 -4.220142258125552477e-04 1.999142931657369230e-04 1.495825839748277152e-04 9.546151687257069295e-04 2.335275365427851545e-03 -4.592493893983142189e-04 -5.305871407383883987e-04
1.215611181978190763e-01 2.844557309419810595e-02 9.139072347652209792e-04 1.447114818573265807e-03 2.446771560101206663e-03 3.780349079218352486e-03 -3.219861573927344962e-03 1.418214835061370506e-02 -4.977752073393884938e-03 -4.408168431289927452e-04 -1.864891610903772262e-03 -6.362907607223447851e-04 -4.589685086616578959e-03 5.854019655231816957e-03 7.623610660426590000e-04 -1.879516838726272808e-03 1.485304337580069050e-04 2.305307382935409873e-03 -2.830064440654478809e-03 -1.154704250205789351e-03 -1.508922653363594562e-03 2.593310301045135147e-03 1.024113942903255364e-03 2.907579040025895338e-03 8.124817491494389782e-04 -6.240821673476867719e-03 -3.983661438755261609e-03 -7.937214651428244842e-04 -8.664439792526663128e-04 2.229081857531574774e-03 -1.129381769344244501e-04 -2.918633672513132760e-03 -3.473987598966408151e-03 -3.717117971740358569e-03 -3.025190983850663783e-03 -6.009940266047497474e-04 -1.924436022159012110e-03 2.809417880742540348e-03 -7.394015339723711928e-04 1.417338837735812769e-03 -1.678767171945459886e-03 2.582652328261296568e-03 -1.611876952317014677e-03 1.166182509272158064e-03 -2.043052816262520312e-03 1.082831844717060650e-03 2.403003899835062709e-03 1.512267918982684737e-03 -8.638908630097378617e-04 -1.144421958730094295e-03 -1.001775646674330075e-03 7.050370970356194950e-04 7.552574051955368009e-04 -1.312861808725811165e-03 -1.201756432403707246e-04 -8.861837894239826948e-04 1.040739645307173092e-03 6.241335026724469841e-04 1.317169475071058643e-03 7.303214872268120944e-04 -3.932584819388922309e-05 -1.594423761824817604e-05 -2.089675714381775563e-03 9.665813398450203645e-05 -6.420281853073539881e-04 2.602360912196951832e-03 1.388397525441973550e-03 -1.096360654515050664e-03 7.299395515231203377e-04 6.255564473824588639e-04 6.406446452664444442e-04 1.293749477653182106e-04 -1.238709589986644122e-03 2.193915090014016914e-03 1.032954094941353164e-03 6.066593274256976186e-04 -3.335074053671385958e-04 4.410098034475135628e-04 -2.297195900799204737e-04 -6.489692987906306920e-04 2.511569735963344583e-04 1.315726996297513429e-05 7.406191965843518564e-04 1.173414891064081689e-03 -9.819468149981036250e-05 -6.440874726100453913e-07 -5.869135263761668256e-04 4.552630033151477116e-04 1.694987542966095166e-04 -8.380946557194244532e-04 3.753724744314209717e-04 3.019286424045300433e-04 -2.128847080844041431e-04 -1.253193378058944604e-04 -3.699329155456170296e-04 -1.316182740625424646e-03 -5.640982652645619086e-04 1.370339801188021254e-05 1.784299166413190506e-04 -4.833192024678713110e-04
1.551466514961418186e-01 -1.218582097845141189e-02 2.267700228994141021e-03 4.145882250558019684e-03 -2.852482329192202945e-03 -1.300960196738802123e-02 -5.318951798512252561e-03 -4.265875951530580593e-03 -6.633141637718529410e-03 1.084459968932698255e-02 -4.835910720385068993e-03 -2.400649058404290986e-04 5.829963772440638001e-03 3.857585637529432638e-03 -2.624413520754200640e-04 1.800092448707910336e-03 -3.955152568330251757e-03 1.435594909313145503e-03 -1.570304425701839245e-03 3.152419365518536933e-03 -4.986352010207066414e-03 -9.224163028949095792e-04 3.851140985834831595e-03 -1.122747067434908246e-03 5.946186899943877889e-04 4.532436279675715676e-03 -3.047307539200419958e-03 -1.511077988607133866e-03 4.056129190444143209e-04 -6.056124728287693576e-04 -1.504274814688816297e-03 -6.615940106193988557e-04 3.859115231492901872e-03 -2.544764720050820758e-03 -1.499362415726271456e-04 3.200017107884987281e-03 2.461080685796725002e-03 -2.963308725170961042e-03 -1.762871679157148111e-03 -6.419537158465210688e-04 1.743612956654706260e-03 -1.268289313203977537e-04 8.417360729287198589e-04 -1.417292261635669194e-03 -1.868440500835309281e-03 4.346533320310888896e-04 -2.363825498720422552e-04 -1.274886016966830750e-03 -1.816750504060568898e-03 2.523334119953822823e-03 2.850812850228735926e-04 1.367932831485799789e-03 -1.036006083431319919e-03 -2.189295745962307940e-03 7.246443442494259314e-04 1.281285631667761346e-03 7.301560339177640309e-04 3.063614954909542592e-04 -1.326571954996728746e-03 8.276744222404738447e-04 -3.224502291365290586e-03 -4.712208968288987196e-05 -2.885009224094750580e-03 5.358639340935910256e-04 -1.983568746517457883e-03 3.766723296012777908e-04 4.301006520459335798e-03 2.862298045467611112e-03 5.184467726343543800e-04 4.620897131576214988e-04 -2.014698262995346083e-03 -2.048708452492535841e-03 1.431652303787982238e-03 -9.853392896881013401e-05 -5.839100883645597945e-04 2.627671824047619897e-04 -8.921955668120451401e-04 1.408116202809553711e-03 -2.788242776182506526e-04 1.871659077075155629e-03 1.614924745087072989e-03 5.536557073511908693e-04 -1.869491384534088417e-03 -9.954688321398424966e-04 1.206614224168989962e-03 5.393667093779379003e-04 9.386818210588401866e-04 3.694337411560365660e-04 -8.683508096940668322e-04 2.386851726857602861e-04 -5.535088846103166120e-04 6.128582941764813309e-04 -6.800298464166580799e-04 2.346589914783082562e-04 -3.296890898860103990e-04 -3.744797854858419417e-04 1.347189446634857075e-04 -9.410806553206235671e-04 -1.768612127566433843e-04 -6.498298331492859592e-05
-2.608960041114428627e-02 1.140169808491677851e-02 -3.040017726112163518e-02 1.027343715173223773e-02 1.381694491465637956e-02 4.468013278465232489e-03 -1.093962137626628816e-03 -3.947057295573001313e-03 -9.478543842865356367e-03 -1.725458457982292308e-03 -5.971247605355373307e-03 -1.652617367530934394e-03 -1.282658024449267586e-03 -8.888785885137242540e-04 1.693843858118233370e-03 2.783765387310702718e-03 -2.359334805483482254e-03 -2.147993600622776292e-03 2.066498961572684704e-03 -2.459716730472087795e-04 9.688541740487739869e-04 1.144447640263722074e-03 6.426498488730490212e-04 3.842304096264021872e-03 1.739460811531330056e-04 -2.193171215511286170e-03 -2.200432516620664213e-03 -1.903329506618521268e-03 -1.127201380533854845e-03 1.413481385771910145e-03 5.176183282773645644e-04 3.421705325827177450e-03 2.942098646943832902e-03 5.471938689311584350e-03 -1.064289722456758427e-03 -1.158248539147828772e-03 5.476664317061590318e-04 -1.666269155594263555e-03 3.633512415517416278e-06 9.994563704886598454e-04 1.304522562528263570e-03 1.166004040239365820e-04 -2.430088776095589603e-04 -6.974190890388435845e-04 -2.050245840298530104e-04 -7.064707612697292789e-04 8.456725556768275804e-04 1.144093230104163044e-03 -1.262310455122942149e-04 -4.324035289072076767e-04 -8.450864909913202933e-04 -1.114956524082986273e-03 7.834150271317085346e-04 1.873928905983736782e-04 1.146950949651619157e-03 -2.852070436064261909e-04 6.449307026189666364e-04 3.941598752734281903e-05 4.749555189520897379e-04 4.000776853685046640e-04 -7.214921234455083827e-04 1.794303776466643215e-06 -5.965001805877037785e-04 -1.892081023608367316e-03 -6.566270149524723522e-06 -1.067787120159371765e-03 2.492512807339770670e-03 -6.451119073303842981e-04 8.786984342078393026e-04 3.526598149432572040e-04 3.763068946614698792e-04 2.392871336771744146e-03 -6.887690264613441750e-04 -1.516937040856575821e-03 9.352486931529274856e-04 -1.513433937123310601e-03 1.537631904664223982e-03 2.805985538534183274e-04 -1.125857265593734666e-05 -3.182036457752761976e-03 2.950723728462092445e-03 -1.329531327735726260e-03 -5.892012357932346813e-04 9.564104396395190031e-04 5.974009855181328056e-04 -2.310088738187625817e-05 3.809880260594529001e-04 -5.478217576333431189e-05 2.807986985385338375e-04 5.755386736496148685e-05 -7.545324378073154986e-04 -5.459800335729053612e-04 -5.742329317625926872e-04 9.649147826291241438e-04 1.135961040680801367e-04 -4.808364321222754643e-04 -8.402729681814409242e-04 -8.604993746703041430e-04 -3.993203133416139728e-05 -1.262970051143348323e-04
-2.777003281408812595e-03 -2.916558224316730813e-02 -1.727146204918360295e-02 9.384158262747289286e-03 -2.441182587479498716e-03 1.241896480352472701e-02 1.258447410162573214e-02 -4.465313351515331868e-03 1.000146239059664273e-02 2.710556051467326907e-05 7.233147979530999382e-04 2.965907238944237383e-04 -4.297402120917122315e-03 -9.795094140467627396e-04 8.599504759690024432e-04 1.259874358476532116e-03 4.836122202024830964e-05 -4.243978887541930388e-03 2.849205817886799248e-04 5.295764401442678475e-04 -1.728209666468031669e-03 8.644631404203322565e-04 9.862362374999642835e-04 -2.776603463376498080e-03 1.024909703796881948e-03 -2.639249275655571481e-03 -6.333408197325675554e-04 1.184925448638242282e-04 2.149309210548977468e-04 -1.333809798219068787e-03 -1.098650809590154091e-03 1.536434855258660863e-04 1.357137327057594996e-03 -3.526945234522474003e-03 4.017818447664929580e-04 -4.468585778749838231e-04 1.366212597727129406e-03 -1.182505218441959978e-03 -2.226496943073778476e-03 -3.666262276598271841e-04 -2.224166951841080857e-03 -8.872962595924841021e-04 1.347085585004401728e-03 -1.100571413167343631e-04 -1.301245493190532386e-03 2.772143933249653254e-03 -9.296123638467349839e-04 2.179892648368893465e-04 7.200533505041331085e-04 1.240170030018127815e-03 7.066032072524915195e-04 -2.515449286774040175e-03 1.339126514236091588e-03 4.137258924204476399e-04 1.473781035012658317e-03 4.385018839919945085e-04 8.593512058595850810e-04 2.232990257163332531e-03 3.075359432680210944e-04 -1.452180056633189638e-03 -2.454886439325405952e-06 -1.374520596124457691e-03 -2.080978986282976985e-03 -9.686710903106623190e-04 -2.908729996443219258e-04 6.793942127228849281e-04 -1.253628555151225241e-03 -1.216778360885302935e-03 3.428667159516105446e-04 -2.056051275932791519e-03 -1.443032170100871014e-03 -5.266171027002459343e-04 -4.739495458738864964e-04 -6.894131131051043238e-04 -4.448155162365035665e-04 -7.295105525463972543e-04 -2.719864628837448102e-05 -7.160941102445115636e-04 1.273117794483380385e-03 -9.768729630633219557e-04 1.342813350446245800e-03 -2.825138074933252136e-04 1.296132271980139118e-03 -3.143182495627095362e-04 1.022852014709978174e-04 -8.358938979668318475e-04 9.711120653681943595e-04 1.080642047360806966e-04 7.183626814514713736e-04 -2.208467648951306249e-04 1.616319811744670301e-04 1.930985119035860079e-04 -1.581708637301063839e-04 -1.521079958125196637e-03 3.818022639814370664e-04 7.540659586189944578e-04 1.240037137059466898e-03 1.525611020054411270e-04 7.911053269108533773e-04 -1.380655763346475386e-03
6.355236345633885620e-02 9.992615206931899398e-04 -1.884838121640631733e-02 1.121058044415183808e-02 9.296875918936352377e-04 1.023948976213740446e-02 1.048776829033451832e-02 -7.166659690895788200e-03 1.519470968210902100e-02 -1.724710953661618763e-04 -2.769356332358449083e-03 -3.102057070589644885e-03 -5.366642939489889991e-03 -2.233390542532894939e-03 1.579412065353725993e-03 6.580089201217195858e-05 2.388786137744743944e-03 1.163179274346443212e-03 -9.398957157472604502e-04 2.293808255997762963e-03 -3.183124297981220550e-07 -3.570347499031915157e-04 -1.366165998705784002e-03 -5.586343555406436028e-04 -6.104199757024355785e-04 3.591226497601831256e-04 -1.421109043709600436e-03 -1.023397757729096590e-03 -3.422547012401750918e-04 -1.234357931250458420e-03 5.957997223845818867e-04 5.907025202543872292e-04 2.084143312565460166e-03 -2.131884980030888596e-03 2.741620144766566090e-03 6.756531457586360812e-04 7.356170466121069026e-04 -1.603473864850136989e-04 2.733682524211519761e-04 1.160986964693496446e-03 -2.615751917840124577e-03 2.883465433241982749e-04 -1.495322697369092695e-03 -7.993228988304605697e-04 -1.076214847040588745e-03 1.531362416261254286e-03 -2.728505347144074953e-05 -3.447711016856300865e-04 1.210684913293505124e-03 -2.462821345382444887e-04 7.408248906790864275e-04 -9.985809664675611430e-04 -5.771633558193711765e-05 -3.797996283723321953e-04 1.497544553957707138e-03 -9.605206064926770154e-04 9.981441979732186189e-04 1.184074353219591617e-03 -6.168583266195061489e-04 -1.361779167911563045e-04 -5.615354037479859412e-04 -1.503910115822071781e-03 -1.876037493947690146e-03 -7.497179570478310724e-04 -4.938161775899645471e-04 6.236571028641996976e-04 -8.451171407572898497e-05 1.798959016372169123e-04 3.291851918402301301e-04 -2.587206688375099425e-03 -4.970491281702029166e-04 7.869994852713292285e-04 -2.820860593393296426e-03 -1.099324621520196684e-03 2.636234718691124078e-04 1.896891668227900256e-03 1.777009720365405965e-04 9.013383697490299053e-04 8.295147123781373283e-04 -8.181588630961657543e-04 -1.734150857251643861e-03 -2.211819758890819286e-04 -9.972620825043571405e-04 -1.619890080296869980e-03 -4.639251553182236832e-04 1.614938096890227185e-03 -1.368504879462249108e-03 -2.763085962863196486e-04 -1.860383722196738080e-04 -1.144101155628681615e-03 1.418755344457483429e-03 -1.027987048013518246e-03 5.379411055301656049e-06 9.856744519996041634e-04 6.402651321988404127e-04 7.407317199796728925e-04 -7.635551955100419296e-04 -4.657026180238986262e-04 -5.344956487684434385e-04 -8.144381014945463937e-04
