-5.176396153543601913e-02 1.219850840106836976e-02 1.291195618499142196e-02 1.211889473642926117e-02 -4.243256471027034263e-04 2.736549923957985221e-03 1.012266425182324972e-02 4.330605403656625878e-03 -2.357893090253756086e-03 3.790048360625742664e-03 1.765130550650738719e-03 -1.939537828478069209e-03 1.634485350216479489e-03 -2.512631376143189491e-03 2.256109638003865082e-03 -1.332574983678422352e-03 1.760740978453495531e-03 2.561471972832493442e-03 -6.271419287118418099e-04 1.396577155057501969e-03 -3.946037331059319177e-03 3.593251630987242054e-03 -1.907611050609585562e-03 5.701953430461851983e-03 7.074931561762900101e-04 6.397238124957795871e-05 1.771211087171145485e-03 3.782578815358174189e-03 6.483687126030679947e-04 -7.041573868566585381e-04 -1.121914942906530746e-03 -3.433103392215931349e-04 9.651365756081880772e-04 -1.726970504161503975e-03 4.191545964305482116e-04 7.698534428621525792e-04 -1.598889944516261033e-03 1.295960318478591453e-03 1.835724853333249931e-03 2.136249535891726614e-03 -4.248313290914391841e-04 -1.022674431163144122e-05 1.018732687671072270e-03 1.575130578839271380e-04 -5.807362900731367255e-04 1.041890365650151393e-03 5.222891162371787362e-04 -1.369070611249738117e-04 3.721469768934158894e-04 1.451249330623684839e-03 -4.751269814501013424e-04 -1.308508919740854551e-03 1.152794695063762793e-03 -1.511326327515628018e-03 1.094780360282613264e-03 6.648941577273474257e-04 1.018445971027584496e-03 -3.774493153636260256e-04 1.202063182460693432e-03 -1.271531635065315229e-04 -4.154505539708956197e-04 -7.179892593192242290e-04 -9.143532160174996969e-04 -7.860098852387688469e-04 -1.873491244088547033e-04 -4.662814031425710059e-04 1.042416134668488169e-03 -9.027492881424109723e-04 7.961283481378426691e-04 -2.961936886300958055e-04 3.992555442300495337e-04 -3.717375763155894033e-04 -4.188685959356610905e-04 -1.400204990402442945e-03 -2.875368830653305687e-04 2.347124784687041222e-04 -1.008413160719015024e-03 -3.038187593023008819e-05 -5.076894541136057928e-05 1.228396456814861634e-03 -4.018511260662502109e-04 6.414411944478966678e-04 1.353096879737736248e-03 -9.624192215217746132e-04 -2.499639554581839442e-04 5.973688342494075013e-05 -3.910865504918197878e-04 1.706594292167312830e-04 9.624535184882447385e-05 -1.223275465954796679e-03 5.855895508614736983e-04 -1.004105773962838842e-03 1.570309016067034189e-03 1.016798120672420588e-03 5.890280854341390510e-04 -8.446748364455217975e-04 -9.832227000405764639e-04 9.431171999343988333e-04 1.154915268235079639e-04 -9.959874102400572467e-04
-8.063996818999510929e-02 1.302343188034991994e-02 1.409094959907663397e-02 1.192010239618275817e-03 -4.253414144891827010e-04 -6.630628966321189255e-03 -2.378594492306406079e-03 -1.319947111701490422e-03 2.008222073481765856e-03 -3.014767726099339303e-03 -5.271997570454390106e-05 1.471680098102374915e-03 -8.952266061237461889e-04 4.358117856670718632e-03 -4.584097672010565769e-03 2.164367683942200503e-04 -2.779562822084875179e-03 2.413817094231653256e-03 2.143373184656540125e-04 4.577267621640090304e-04 -6.933666250352425861e-04 1.096018834926195491e-03 -2.311219380442415517e-04 -1.090583368884828069e-03 -3.411976292308490722e-04 -7.626253161926511200e-04 5.705487142598805565e-04 2.664394525926606569e-03 -7.388967030613077477e-05 1.378207096917433930e-03 -2.309475462032825372e-04 5.059493603206728250e-04 -7.212869440402138593e-04 7.689550749929465173e-04 3.355923187210998679e-04 -1.865371583631867010e-03 -1.006253813988848035e-03 8.936715922954491936e-04 4.364182500130230828e-04 -2.482946044342674804e-04 -3.787047823143989693e-04 5.296039988896644420e-05 9.778749002446393557e-04 2.731659713422706325e-04 -9.994814768432974672e-04 -5.136522034780157623e-04 1.042678280814422396e-04 4.727005170659257178e-04 -3.231312826339375688e-04 2.730321816963339064e-04 -5.721430863372961454e-04 1.204043283884307004e-04 3.504316743301117754e-04 -6.024773917525228081e-04 -1.244056293962861055e-04 2.398463561912174279e-06 -9.440209799372886268e-05 8.959323450782651164e-04 4.537451824916622712e-04 -3.751478706016320505e-05 2.918156240410373341e-04 8.122374956107135163e-05 3.364904721531779904e-04 -1.449475473827482386e-04 -9.289024316122973122e-05 -5.313815773250895089e-05 -7.580622054516157290e-05 6.885212390207135305e-05 -4.382663420115601128e-04 -1.303632756063905049e-04 7.159842013525961847e-05 3.637410560486195750e-04 6.184815817931791878e-05 6.996453995665694340e-04 -5.543579953071341875e-05 2.265651919565404490e-04 7.058244537469766206e-05 -1.657879273455810799e-04 1.577451719920815621e-04 4.083642855215703171e-05 9.470358026856479723e-05 3.223287388588506560e-04 -6.051585515451758050e-04 -9.925792102783098994e-05 3.238786656606810815e-04 -2.374783629125916124e-04 -9.145270123336593428e-05 1.159739037900296688e-04 -2.726062278601574986e-04 4.293839837018566035e-04 -3.041286258102264203e-04 3.041996518000920414e-04 -3.356890143092546453e-04 1.107869827097133879e-04 -2.452266618298876125e-05 -1.712367388556534291e-04 -6.519568331297032233e-05 4.071642285887759394e-05 -2.057473333191410265e-04 1.461644312854809937e-04
-8.331862937260556268e-02 1.174113867664243471e-02 3.666086479267497561e-02 1.232175093957769453e-02 -6.304395914550348611e-03 6.969860723210169300e-03 5.385341815588915067e-03 5.371654688378462968e-04 -2.749850263716471186e-05 3.967138467615975066e-04 -1.231712456687556519e-03 -3.229873117424706536e-03 3.905594916975488242e-03 -2.371151795708104602e-03 3.639390473951368762e-03 6.117803928015829546e-04 2.515912805398274905e-03 -6.333321624995481196e-04 -3.891721425172256889e-04 -2.229121353318990850e-04 6.081351701182108500e-04 -4.322528049058941006e-04 1.248659782290114685e-03 -1.848264436965794131e-03 -4.175706014713137558e-05 3.527413990818080219e-04 -1.750284392388437615e-04 4.429776606809697828e-04 -1.904071797504215896e-03 2.399731932998241599e-03 5.078973949446501102e-04 5.916051634992550807e-04 -1.306411301991246190e-03 -6.501558804696346179e-04 5.892921991628479383e-04 -5.790394724471374524e-04 -4.034115949081403863e-04 2.969196863303439379e-04 7.338390384380789108e-04 -9.969901422173881554e-04 -6.273337144067914206e-04 -7.542424445698360427e-04 2.786858822280893354e-04 -4.268734163157333829e-04 -1.472036331922067657e-03 5.591094985781334666e-05 9.532276748303869507e-04 7.110545461074843469e-04 8.388660279865510798e-04 3.758908571329186584e-04 -1.780895528401573423e-04 9.380917883885080697e-04 -7.544087941486492168e-04 2.575334308727681310e-04 -1.030314315593080154e-03 -3.830046158487559918e-04 -7.796986362660928468e-05 -1.397269991701034471e-03 -3.856674681004148403e-04 1.089722922984156118e-03 8.510947606315252606e-04 4.167696502557436127e-04 -2.038729249218477319e-04 -6.812316219631719613e-04 -1.797512473792114290e-04 2.776347411344804654e-04 -8.790643573171679718e-04 3.329486884263171574e-04 -4.279051806674013581e-04 6.328048121557104623e-04 -5.698234085182107643e-05 -1.369169624811339111e-04 2.904553805531716131e-04 5.622443318210095181e-04 -3.376207593856738192e-04 -4.104893405368728360e-04 2.666394290581977633e-04 -4.450544395482343017e-04 -3.428535526466784797e-04 -1.140785577419877600e-03 3.265856018913912786e-04 -2.616432046572421508e-04 -1.024335217670403129e-04 -2.201067938775417990e-04 6.466136069409887709e-04 -8.764808061907324553e-04 4.057016580342370283e-04 2.459132453402420543e-05 -5.503419189596706019e-04 5.251020864153169068e-04 -2.815819167856062929e-04 2.608066030649997761e-04 -3.922836492464315170e-04 -6.518293629045431503e-04 3.397229595799918390e-04 7.197571256960608871e-04 2.012936502309815921e-04 -2.988705469542556124e-04 -2.283938940973601344e-04 8.216072755767418962e-04
-6.262475211509350992e-02 1.395455564742750440e-02 2.111892451571970378e-02 1.076738002794231860e-02 -1.401885558286406538e-03 1.276240329423719306e-04 8.646351860685698096e-03 4.299839121493135609e-03 -1.163650163166227072e-03 3.310678518537918391e-03 2.299526890260388499e-03 -1.765806742462490767e-03 1.698999409031890038e-03 -3.064104162190919769e-03 2.091461839819194410e-03 -1.800070117887755516e-03 1.202078443824096269e-03 2.220104743294301197e-03 -7.241072265197419670e-04 1.842648866625006682e-03 -3.695104426975712869e-03 3.441598660395837981e-03 -1.198970198017671428e-03 4.963546055549409794e-03 7.093691466662406259e-04 -1.839592529552369485e-04 9.706945320644242304e-04 2.674006956916229021e-03 9.338592267561649429e-04 -8.535648634752895491e-05 -1.022718709408416277e-03 -7.252007413642998744e-04 1.023347876870422815e-03 -1.044613539835155102e-03 8.426086523070770674e-04 5.973016106418629271e-05 -1.181588501913393135e-03 1.129479828664360511e-03 1.708611228226171322e-03 1.600091866178196542e-03 -5.087513451351518981e-04 -1.420036244901195306e-04 7.315429269275054106e-04 -3.709090956145523227e-05 -2.572014618483537025e-04 1.226322219945876575e-03 9.001892979412230179e-07 -1.328626627768478654e-04 2.907823066130978758e-04 9.473598003298770720e-04 -2.318323511897396822e-04 -8.060556316215172074e-04 1.272014361879255642e-03 -9.322641303319732179e-04 4.435486838943132398e-04 5.394525414791825077e-04 7.525468356485584759e-04 -4.372738187761588107e-04 7.328468375322796371e-04 4.123198540182011762e-04 -1.936083088394802555e-04 7.153627236997496357e-05 -5.151424641291456070e-04 -5.906788084472437998e-04 -2.389238743451711235e-04 -2.778408277176283884e-04 8.913172395544665186e-04 -8.510051943403650369e-04 2.000229470769866898e-04 1.758016547870704636e-04 3.736988798007107450e-04 -6.724199290217669055e-04 1.684173416181592949e-04 -5.255149212520380175e-04 -1.915139549327658992e-04 -1.659858217197484828e-04 -4.617386916786637291e-04 -1.524184525956200293e-04 -3.931164300232889588e-05 4.030028048587343086e-04 -2.146778958979276804e-04 2.198438078174472145e-04 7.759005766557055487e-04 -4.498994662609442658e-04 -1.023990480244325006e-04 1.456679887058761626e-04 -4.944219961480387192e-04 -2.875400609700704720e-05 2.817593187770826087e-04 -4.388912034562069699e-04 5.157661310937996287e-04 -6.623307961880777438e-04 8.439152788318781458e-04 4.092318784554673026e-04 9.857686870665110102e-05 3.450889070782254387e-05 -4.662157685616383435e-04 4.728616941162536082e-04 8.448304263586987452e-07 -4.597553456923485042e-04
-6.921191680713353889e-02 2.084903737438990878e-02 3.037815115675450775e-02 1.712307585735459853e-02 -7.724454659743349751e-03 -4.037529227876107511e-03 7.239272927954579218e-03 1.248103738805424147e-03 4.117170601265049325e-04 2.514955455084360095e-03 1.506979081673081363e-03 1.445353426692357144e-03 -4.953936255594363963e-04 -3.180579865340758036e-03 -1.368483200807068005e-04 -2.090842280184609762e-03 -4.286766335910016179e-04 5.127704234514134313e-04 -1.152664954062057297e-03 5.788602550698677312e-04 -2.032160688890705634e-03 6.780054608427959692e-04 -1.572889712318495696e-03 3.045142875703515158e-03 2.028541707849538123e-04 7.197930227572139038e-05 7.708446253123971527e-04 2.307692030554735576e-04 1.252890429805971189e-03 -8.716846529875527669e-04 -3.164501492894843874e-04 -9.956137816464604579e-04 1.572938911539670638e-03 -1.317328967085853336e-04 -4.312168492103524826e-05 5.427852901163811696e-04 -5.035902123730407517e-04 3.919295032606875256e-04 1.491429845261683842e-03 5.533986251300608648e-04 -2.193234293012951428e-04 -1.007622923856282636e-04 5.077340443520386715e-04 -1.332149173719438060e-04 6.760236393999945279e-04 1.225365733777144259e-03 -7.216019268773917784e-04 -4.896954805323453126e-04 -1.577354528271477068e-04 1.933631902177311861e-04 1.299747888208825414e-04 -1.640866144154098807e-04 1.117074314807593206e-03 -4.473883407933442889e-04 -2.329169640286565487e-04 1.640263366981335985e-04 2.473953594508520844e-04 4.854678178881720709e-04 -4.887718187166641658e-04 7.557127222988350729e-04 -1.748086385590860443e-04 4.979356204532347108e-04 -9.353090161633413082e-05 2.806812148718673878e-04 2.410190329568189459e-04 5.795162746598170789e-05 1.880384883467551421e-04 -6.799087944759544351e-04 1.337772362146400417e-04 2.509572576729072655e-04 5.053928086700065162e-04 -4.355622108063472741e-04 6.266551903335142453e-05 1.108060320232794098e-04 -4.157906742602124437e-05 -5.029806679761074633e-04 -2.751845161877138494e-05 -4.277247550236174521e-04 7.108279809894791322e-05 -4.143166246817767606e-04 -1.128971826456660340e-04 -6.459987227345548788e-04 -1.961578826772107816e-04 2.724623178719190616e-04 -1.230431464412094268e-04 -1.256456019570448323e-04 -3.825633278475403377e-04 2.277107909745388508e-04 -6.467571762082388923e-05 3.250592688754440373e-04 -1.533056061861847412e-05 1.502302093671798464e-04 -1.309101302916935907e-04 -2.918033725577933563e-04 -1.230740889238441803e-04 5.060603541905962484e-04 2.943660007443399266e-04 -4.330008672510353711e-04 -1.402508584165924139e-04 1.894591538335270290e-04
-7.456024996552224060e-02 2.386694588442194939e-02 3.908692650670658741e-02 2.151054972182796232e-02 -7.476952843520456859e-03 -4.057532953482770148e-03 7.462194546998967941e-03 -1.585168127723906076e-04 2.265698533173975040e-03 1.245703772538486005e-03 2.051822641694496172e-03 2.730350745089609680e-03 -2.330359405770749195e-03 -3.120322144110561618e-03 -1.123752300353455429e-03 -1.878016495169290050e-03 -7.448385263601249194e-04 -5.491249998837507843e-04 -6.926848197302412028e-04 1.934645802245116557e-04 -4.066195722743840132e-04 -6.859216169133606003e-04 -1.411383895545899152e-03 1.523539548499165328e-03 1.046378997736012288e-04 5.656588588366982893e-04 2.754769130269720911e-04 -9.711756136790028080e-04 1.118986970659058104e-03 -1.275255591049184734e-03 3.731745609669367362e-04 -1.165355880420336976e-03 1.299640013963156713e-03 9.108702086023288361e-05 -9.968874877459138733e-04 5.383899954949311834e-04 4.560993613557139451e-05 -3.096241248723957781e-04 7.377830676330598449e-04 -3.374778154054998837e-04 1.705526090145262580e-04 -1.474296376823523171e-04 3.543601084587420032e-04 1.859256208787861615e-04 5.331310698472179095e-04 5.762596027887020638e-04 -6.926105813925860629e-04 -6.161647518664838856e-04 -1.296561883683247836e-04 -1.792649725564151187e-04 4.213991179204624386e-04 4.481785331083931821e-04 4.187532338451565163e-04 -1.200414692361967410e-05 2.044676425201747663e-04 1.597833841382642866e-04 -4.927784692456242677e-04 4.859546900714299331e-04 -7.292981970372515010e-04 1.215913043487321110e-04 5.050329338627113622e-05 3.250084590107144906e-05 -4.311384696869802180e-05 2.481491862432873654e-04 2.476206446528205905e-04 2.003761765756179177e-04 -1.049791080333748475e-04 -2.732334382638260052e-04 2.669428834081119008e-04 -1.217137076406162347e-04 1.515242537610243139e-04 -4.807419456754575762e-05 -1.032013910510124708e-04 2.775477755446389841e-04 2.825493635997641697e-04 -1.453642795359178365e-04 5.347607874022418069e-05 -8.714726895376766116e-05 2.361554089079196685e-04 -4.689246988610539998e-04 1.589395821249082585e-04 -4.183412480113806635e-04 -3.144933061768631047e-04 1.804562988467347476e-04 -6.790971285731679883e-05 -6.028844013764429700e-05 -6.965739939512749913e-05 2.538150793307451607e-04 7.431569520154236589e-05 3.551046251798306683e-04 -3.923938670724180376e-04 4.941389653497937863e-04 -3.204597992759845252e-04 -5.625296429513433236e-05 -1.878433978038084864e-04 1.444333780100787146e-04 1.075620769640038121e-04 -4.445687011391040271e-04 -3.945051054800623928e-05 5.680232767532056044e-04
-7.185469347967299303e-02 1.890057135662791959e-02 2.607964611171542310e-02 1.676917062743250864e-02 -4.636457952600325089e-03 -5.957935646699928992e-03 6.029758349182491595e-03 1.318252243713309525e-03 2.094269573799576161e-03 2.301631185302182615e-03 3.917568591124084322e-03 5.851756856725099341e-04 -1.425580778481274312e-03 -1.942906988057520237e-03 -5.328442659512705373e-04 -2.487842848254850567e-03 -2.314853190016828407e-04 1.627508084286910734e-03 4.383928657535101823e-04 1.613629816197850730e-03 -1.335491636500172295e-03 1.638118546551560993e-03 9.175878937703105644e-04 1.572820772375947869e-03 -1.278743896389319208e-04 -9.499257502822734938e-04 -2.946145956299323749e-04 -2.040925116732430925e-04 1.113496150113822691e-03 6.560682852034438635e-04 8.228469418538455007e-05 -1.725793816018324786e-04 7.545629743973444577e-04 -2.075744882055914067e-04 -1.677762384411106205e-04 -1.803543365126352880e-03 1.703436915736020134e-05 -5.045291550269606498e-04 -2.694526890492344941e-04 2.932025689344158168e-05 1.642732695480797836e-04 3.665985652626684217e-04 4.942034688245028584e-05 4.562691883629837444e-05 5.183659739848233642e-04 6.906582307748502386e-05 -6.275952591432757376e-04 -8.202753061299557788e-04 -4.939550930192730937e-05 -2.347176617724760746e-04 9.045228078524276917e-04 3.636353924156203541e-04 9.712425647021617498e-04 -4.838645305131876071e-04 4.770390488806851553e-04 1.366222552065847950e-04 -8.139854427881813717e-04 2.599209951904411417e-04 -3.627997231103870734e-04 1.663037697103770293e-04 9.416697989552242579e-04 1.868472523046190131e-06 5.858389251592553953e-04 3.823816991682768194e-04 2.464467471663626258e-04 -3.779694755466640309e-04 8.563796613880039288e-04 5.347841533986536508e-04 -3.685999821865541468e-04 -2.835300180777790648e-04 -2.143053847558388942e-06 1.464000880370984253e-04 7.990134065251158996e-05 7.215130370460229488e-04 4.085636552896302546e-04 -1.433348046968378981e-04 7.706966775453120326e-04 -3.471494231396124257e-04 -2.321016412185480048e-04 1.619809816347233541e-05 -1.770845485066605159e-04 2.045341983995009334e-04 -4.245816046923449631e-04 -4.642238387609729931e-04 -1.399974258943048166e-04 5.640823932634069036e-04 -5.177252718147668962e-04 3.723119301023899161e-04 1.499096400333088132e-04 2.211196777386409873e-04 -3.351225751336061936e-04 4.175851421725673869e-04 -1.825483069678534404e-04 -1.282265400965497068e-04 -5.613252074803490874e-04 8.106310171227069572e-06 -5.439511110259570743e-06 -1.527878505814876688e-05 -2.174252672141778811e-04 3.083652385996327877e-04
-2.924250023386512284e-02 5.667097287342513778e-03 -1.118903037523612254e-02 -1.508882519026781555e-02 -9.452863901087548912e-03 -2.104716489491456274e-02 4.291477937581013834e-03 6.016327872059815118e-03 -8.087980769983073651e-03 5.042706173926572027e-03 2.886457390952939443e-04 -1.165564972541398335e-03 -2.554011185122739315e-04 -2.036540111808486393e-03 -7.167208445190122396e-04 2.569224897899926013e-03 2.241230641528628269e-03 1.288081046290287524e-03 2.102461080871524234e-03 -3.668185451677722373e-04 2.056489386651474613e-03 -7.565497191949806114e-04 -1.116341042496601802e-03 5.165097973443547779e-04 -1.888475145474205301e-04 9.738723590381669027e-04 -2.773614390040762584e-04 -2.080768025407925964e-03 1.201815959152365698e-04 7.367008784080101387e-04 -3.225397916980852434e-03 6.359473966902496472e-04 1.643397175381835790e-03 -2.804426930276428644e-04 -1.168761763535520982e-03 -7.146805043299449744e-04 -5.786008200296789770e-05 3.560916432614487896e-05 -4.713882333796991318e-05 -1.138877563323308952e-03 -1.518642302467502385e-03 -2.642429769000086766e-04 7.803431447773321239e-04 1.685942731543257130e-03 -1.323740620767849784e-03 1.389329499694716506e-03 6.151078453994004861e-04 -1.042408446377940130e-03 7.590380366769641654e-04 -3.344542993490572948e-04 -2.890999589744337891e-04 4.470509919023125077e-04 -1.284010311325336530e-03 4.900172700560350781e-04 1.105371812535160423e-03 1.860358859802409282e-03 1.016888413543197813e-03 -1.235473652545457130e-04 -5.018150836147971259e-04 -1.424426052163610249e-04 -1.615906484424823025e-03 -8.434483190647407798e-05 -1.516467127253244692e-03 1.266333552116815503e-03 -1.311811000744774651e-03 -9.510881251402769371e-04 5.263475857303962673e-05 1.939043983738650972e-04 -1.125088670939492982e-03 -1.347228183562555249e-05 3.522130089270790031e-04 -3.403803118391227111e-04 -2.097878383152949379e-04 3.671814084771716634e-05 3.144420655337480880e-04 -8.108821087082576391e-04 9.120657260232991953e-04 3.543991890060892418e-04 1.629013284767768946e-03 -8.607902251355979391e-04 -1.582969806533518617e-03 1.260255238962221160e-03 3.827586253159539348e-04 -3.531890853648677990e-04 -8.718335058386722991e-04 5.822953437593985856e-04 6.105542882931784424e-05 -6.085095630334532183e-04 -5.386531952268886316e-04 -7.840590342864300682e-04 -4.105049678004483684e-05 3.575517810733328352e-05 -8.596792805614853058e-05 -7.531729111049607689e-04 7.789602169154519456e-04 1.252996773274819104e-03 1.137752685620006419e-04 -1.272630449731344468e-03 1.066474617083818270e-03 7.029426747832173868e-04
-2.567214731719329179e-02 5.295000962397308775e-03 -1.730079641711908256e-02 -1.694272083129930162e-02 -8.771790381343638754e-03 -1.820410662304567176e-02 4.610556390864055561e-03 5.446697709437075402e-03 -8.727796042679451458e-03 4.850484995242220626e-03 -4.335460101247370804e-05 -4.109734261511519882e-04 -2.942058911111961918e-04 -1.953241331060724499e-03 -3.515226686438105127e-04 3.284405029191521386e-03 2.260305353662801081e-03 9.666177397018079626e-04 1.769067913001382865e-03 -3.576628277289635146e-04 1.931256405597237338e-03 -1.331071204400053601e-03 -1.181285706986878780e-03 5.788954357292878895e-04 -2.465121018166475616e-04 1.064100898643247604e-03 -2.021954277786082834e-04 -1.562921820123259770e-03 9.983300594765600071e-05 4.395549099702892107e-04 -3.073054255776004086e-03 -4.216165091649556776e-05 1.628795566988147344e-03 -8.940016227591879219e-04 -9.245551343777920700e-04 -2.783524767097215503e-04 -4.895251477554250687e-05 7.156946222169138793e-05 -5.179620258258863094e-04 -1.442464483706562724e-03 -1.312291210193399730e-03 5.073516429011727972e-04 1.685796032155300705e-04 9.850654376823771326e-04 -1.154185898760852480e-03 1.368175306696705045e-03 4.678175635611646777e-04 -1.209971666862727589e-03 7.251204116626647819e-04 2.309614107659172519e-04 -7.628799039116050153e-04 2.499312143777953038e-04 -1.280986775148465831e-03 6.870779319831364119e-04 1.615618828741720303e-03 2.146545378420393248e-03 4.798997224928618099e-04 -6.042964276139538380e-04 -1.029405503232930751e-03 -2.907977305559929530e-04 -1.309886310306979237e-03 1.724520168692822517e-04 -1.128185324228865192e-03 1.057543839790090964e-03 -1.196700749731066269e-03 -1.087222702798753540e-03 -2.205607530412756197e-04 2.226834072081446678e-04 -8.805752872208687026e-04 2.293176190411278339e-04 3.943345151683802681e-04 -6.090912119761506894e-04 -4.728090688436736876e-04 1.750604700100746777e-05 8.502110983459462094e-04 -8.734871784198928405e-04 6.324328256837162153e-04 6.981385250549316645e-04 1.119175438690738064e-03 -6.171695611488999022e-04 -1.459601974094998280e-03 1.302204638224939209e-03 7.799183896700403714e-04 -1.231557158387665816e-04 -1.130355028740290518e-03 8.760084401705923096e-04 3.966105631741175148e-04 -6.474245909472314299e-04 -1.778250846815653344e-04 -9.906643102232178151e-04 -2.484750231551642098e-04 -6.974491381076008186e-05 -1.111315994966728752e-04 -3.599989613215572883e-04 4.996198166162194986e-04 1.347299498432667905e-03 -1.754930950251743426e-04 -1.801538578575051465e-03 1.042320909749876569e-03 5.990141796616327199e-04
-8.702321639056416480e-02 -1.214759187540959302e-02 -3.903431914847103846e-04 -4.189331234522018798e-04 -1.107186624946774299e-02 5.036021046832822243e-03 -3.516871346897958248e-03 -7.313491336068664089e-04 -1.096031846042737302e-03 -1.079169910393926310e-03 2.303748741612370466e-03 -5.990046710251129567e-04 2.264572086542427157e-03 -3.534854495639055331e-04 1.038491028878887239e-03 -2.443729000445700721e-03 1.371819869661229565e-03 2.511035515859994915e-03 -9.653897333164754508e-04 -4.780781829446613179e-04 1.342742414909183629e-04 3.334202698934150334e-04 4.564415639392204924e-04 -5.258183925977370343e-04 -1.658626168124160711e-03 -1.650827479903900150e-03 1.136733561779675094e-03 5.515869443329859002e-04 4.365278818563029977e-06 5.952234649955739226e-04 -1.504233485400958254e-04 2.202762907835166398e-04 -2.342892169927397305e-03 2.356451391489600795e-04 5.791314465491944133e-04 -4.284688597173911271e-04 -9.092565664296248804e-04 -1.294186277364880750e-03 8.475915726190565245e-04 5.222038096895741241e-04 2.167162246949873240e-04 -8.004043466088948001e-04 -2.595458941659024767e-04 3.865495010346977549e-04 -1.166474975093374777e-03 -5.075513144589986281e-04 -9.360398996392203796e-04 1.965092433420665544e-05 2.193339514748992238e-05 -3.315872216237317855e-04 -5.078303239492893990e-04 -2.055913407718714184e-04 6.050437672355269423e-04 -7.785074346684962973e-04 3.820094459470714060e-05 -4.729406702186367013e-04 -9.006565780035104014e-04 7.206313479419211576e-04 -4.466589608971012590e-04 9.391698410524393695e-05 -5.452003325760322767e-04 2.049766054382575224e-04 1.178004336068427934e-03 -1.617961365812514566e-04 4.180506474898039850e-05 -7.168560156502066984e-04 8.873216495288315962e-04 3.808460798950959159e-04 -2.764947748429567365e-04 -1.652333711000767834e-04 -2.638982138246269768e-05 9.625644081404357904e-04 -1.063666505102011300e-04 -3.566252340597204781e-06 1.195180285677134786e-04 -1.344179449287953771e-04 -7.464073125798564596e-05 -8.024684983517751859e-04 5.873356711850203499e-04 -1.765636466931881730e-04 -6.357135258449547006e-04 4.744545218282360255e-04 -1.274095213523807675e-04 -7.337020485485697900e-05 4.524929293338697642e-04 2.195060205131246008e-04 -2.036046005708270216e-05 2.215679391696765525e-05 -2.130993219581176780e-04 3.587693502530211326e-04 2.447777800926614859e-05 -1.255797343706963184e-04 -3.558850824470230706e-04 5.366950587115970367e-05 3.037626258287825240e-04 -3.569310160358686389e-05 -2.685524411575440076e-04 -8.175685084689233909e-07 8.149389006626620144e-05 3.270874494428440468e-04
-8.669850867649607495e-02 -3.319593728716472431e-02 1.638630394298356760e-02 -3.599257824165279229e-03 -1.989031748249853616e-03 -8.418071831268106710e-04 -1.042499010128341078e-02 -5.792823678892869768e-03 -1.060391573710979703e-03 1.208098436049667409e-03 1.231664166042621212e-03 -1.455924149898410892e-03 -4.698192468063838896e-03 3.555098113403208290e-04 1.844973917122187624e-03 -1.168903678654969460e-03 5.297027401218300929e-04 1.447115419803523227e-03 -5.370596886818893977e-05 7.277178818947064708e-04 -1.159764269809651811e-04 5.563714201165893201e-05 9.539546446204671612e-04 -1.120410524036692798e-03 -2.008833783950900523e-03 -2.183510262679668433e-03 1.807817392658595066e-03 4.168090588355335318e-04 1.557085392442455639e-03 -1.674122031749620187e-03 -1.521763034799683946e-03 -1.757232491204632427e-04 -4.109374180811946092e-04 1.695915784842311354e-04 4.345035366417638874e-04 1.003377218426214174e-05 7.421270561758530095e-04 -1.180503338241823720e-03 -5.318905269466063327e-06 4.323842305660238056e-04 3.238717263149020918e-04 -1.351359209456985937e-04 1.068558827395412435e-03 -4.317010629538296958e-04 3.161762979715027674e-04 -1.477747457470633978e-04 -7.396509328127774956e-05 1.823327973963032858e-04 -1.541526776808780860e-04 -3.932504460454499693e-04 -6.239517675617240085e-04 -3.023577215300230717e-04 -2.123821104886973476e-04 -7.064037344377167849e-04 1.088292528435180848e-03 -5.462274505455904598e-04 4.040876523917403298e-05 2.450513173630088472e-04 -9.550423436568241569e-04 5.459101655230075550e-04 -5.613028255089406787e-04 -6.543821378775311801e-05 8.760518375434537045e-05 -7.315633284732994115e-05 1.032501877044197805e-03 3.258550987531289413e-04 -3.680722703654339752e-04 -2.620743894945006154e-04 -6.842581888667765818e-04 -4.253612900111928717e-04 -4.016501109208262806e-05 6.825434955288152200e-04 -4.206908306374321943e-04 -2.616018189437143609e-04 3.081892995297583096e-04 -1.351726162318038927e-04 -7.737493916007954727e-05 8.967015013686219517e-06 4.158162263955904304e-04 -1.021284411878619144e-04 -1.049971995597210814e-03 -3.199647586308395188e-04 8.022977155743250474e-04 -1.023065788306093719e-04 -8.574037273462575945e-05 -3.251076874717272262e-05 -2.791995470272862017e-04 1.132088796117537054e-04 -3.610149139586401571e-04 -3.029505998234360018e-04 8.279815089710309704e-05 -2.765045799770928891e-04 -2.956353321012720309e-04 3.308763084298756282e-04 -5.437377463180843471e-04 -3.853074921202281292e-04 -3.165123483701654189e-04 -5.055879621410245493e-05 2.712371847813731710e-05 -2.896882404031733563e-04
-6.972058259825801574e-02 -2.515923025050511783e-02 -9.001620292284562763e-04 -5.167143206293362727e-04 -8.081740774336475600e-03 -5.268007361786008168e-03 -4.866714654140058376e-03 1.101497412994393568e-03 -2.223772365846626159e-03 3.999941847848799761e-03 3.241920850163240286e-03 -8.682776349375275577e-04 -1.272876296871554725e-03 -1.701371790777378012e-04 1.658380180382723395e-03 -2.257877062210026774e-03 2.037504116130104109e-03 3.364701493688182672e-03 4.138402854349443522e-04 -5.467528788707649683e-04 4.592313659496166873e-04 5.339715893187970503e-04 8.220173193167959599e-04 -9.604204443261250704e-04 -2.326780278679746027e-03 -1.044653921528905689e-03 1.713384262644386579e-03 2.561897104794410500e-04 1.916335594859120426e-03 -7.050741958380597231e-04 -1.564830556071103787e-03 -5.908734299252327900e-04 -1.551028920665773305e-03 -3.229880247439822182e-04 -1.098470309639086362e-04 1.482843336422472175e-05 -1.136411310508518568e-03 -2.301564186118492013e-03 4.049187369578207654e-04 -4.513385201023501522e-04 1.023970090497251751e-03 -5.981198090789629357e-04 1.038826328956213470e-03 1.483858461729353057e-04 -1.386499405064750209e-04 -1.589239689957623039e-03 -4.735038265948424965e-04 7.602399315100349161e-04 -5.811703554480977070e-04 -5.230932986843353765e-04 -4.703470994357514907e-04 -7.340439464031478858e-04 8.911882191794390359e-04 -3.542585999378731793e-04 2.931981682496511842e-04 -1.797435380332881947e-03 -5.430103812986137023e-05 8.981934546102241781e-04 -7.407311809990254530e-04 1.394540043155967455e-04 -4.711333324654292548e-04 1.708823947521328048e-04 1.198907068236165340e-03 -8.537842628125769681e-05 6.603719695082625816e-05 -5.592608999239711805e-04 1.055085304689582469e-03 -6.344673130053013607e-04 6.195477919696114420e-04 8.849076394801575645e-05 2.607945572430743399e-04 1.349415161967081099e-03 -8.140424582592110242e-04 -1.864109052735825496e-04 3.933955644011411087e-04 5.044972839930793969e-04 -5.346346871839657410e-05 -7.992380453081571494e-04 6.139980384808101576e-04 -1.061444249387835751e-04 -2.915284140257245029e-04 7.353544530984720655e-04 -1.953249249540273808e-05 -7.125939896855479772e-05 4.007819012921201031e-04 -3.050459371343340457e-04 -4.073684089451145001e-04 5.424472309511864983e-04 1.693396989694438877e-04 2.023559752953598773e-05 -6.293483022078846487e-06 -4.587656878032716156e-04 -7.554424237604548354e-05 -1.014214539684127781e-04 2.702706590521320677e-04 1.786654866172005527e-04 -2.104308210923414740e-04 -1.893011379716242877e-04 -9.200365067843041360e-05 3.994532042441586669e-05
-7.840191673350836721e-02 2.267600778038397075e-02 4.675248759143422334e-02 2.187883372442905525e-02 -1.118934513600806230e-02 5.990780763019625367e-04 8.068663771478270380e-03 -2.172943271661595659e-03 8.411749390195003744e-04 1.676011106522687843e-03 -4.736241271740940272e-04 -3.221055792155752356e-05 7.779078034805463017e-04 -4.357995839903599719e-03 1.009062289751399112e-03 4.895190076548275098e-05 2.756787303925968286e-03 -2.238675024980193995e-03 -8.943315548901911412e-04 -1.213806080832855816e-03 1.286445172126096138e-03 -2.504320347971379559e-03 -8.940805687544306013e-04 -1.009507747005271424e-03 2.511662661003022617e-04 1.169559860560756255e-03 -3.314869277398969807e-04 -1.510045389383890590e-03 -9.631203090622683259e-04 -9.620890963110633018e-05 8.864961242164035114e-04 -3.877205987313316385e-04 -3.869631310088903018e-04 -5.300043080888844176e-04 -1.509305440432128984e-03 1.757892354002233174e-03 7.076792527700530560e-04 -7.854904904400499162e-04 5.059701262606491889e-04 -7.164460601075651157e-04 -4.876471047568427556e-04 -8.805960818191591781e-04 2.761768001908652221e-04 -3.240092731391624862e-04 -2.100308500922653187e-04 -1.937125598078127812e-04 8.383423622967807421e-04 1.325218022988400215e-03 7.082027733386116880e-04 4.273520823419158215e-04 3.991023406713449902e-05 7.859158172164541073e-04 -9.190960491547660836e-04 3.371324572988911614e-04 6.561710593493921438e-04 -1.822443045972538310e-04 2.250488956701365460e-04 -2.267359890928339662e-04 2.653562055160967742e-04 -2.624602777084192535e-04 9.057526065684911925e-04 -6.316715061871583685e-04 -4.300728007387508438e-04 3.604450507963226423e-04 3.832475326457121761e-04 4.096733857168417597e-04 1.136783111250163123e-04 9.334266057958215239e-05 -2.611838052718818467e-04 3.512680969907738094e-05 -2.240310904989421044e-04 1.185467352101101990e-04 6.438365811036441061e-04 7.997199269213159118e-04 -2.415040427504840039e-04 4.325319685914929234e-04 6.099037930622944019e-04 5.675748794863668149e-04 5.042519610116452016e-04 7.261404507411558899e-05 -5.564292874133735590e-05 2.217456526946047426e-04 -4.626025280225893569e-04 4.363602272486801089e-04 9.595539449804585007e-04 -8.339663472257714686e-04 2.765563540182751573e-04 8.838969584026764572e-05 -6.620396190711840001e-05 -2.214902626463430106e-04 -2.140547728797973599e-04 7.034339779102731028e-04 -5.401231000281223873e-04 -1.164237900891497104e-04 2.226482113560445503e-04 -1.298942441955119832e-04 6.075703394884139283e-04 2.717909248518525435e-04 -4.923690582323903605e-04 3.697440388107984090e-05
7.719717908271492290e-02 1.254496095118280783e-03 1.505654338619464780e-02 -1.559067314572690210e-02 8.363163127713558326e-03 1.683094194562890361e-02 1.579738139497132918e-02 8.702757230277394576e-03 -4.642291073820874539e-03 1.494376822734615629e-03 -3.558086049921401015e-03 -1.127748061593929207e-03 1.703778980399371906e-03 -4.462967132078906815e-03 -3.380811011988788927e-03 -3.336998822628436923e-04 -1.664972487396680113e-03 1.776274560474096383e-03 -2.504572243091302778e-03 -1.344975361749543939e-03 3.559081864338238966e-03 9.151176386172981628e-04 3.555485672371140691e-03 -2.017127830181266520e-04 -1.131777886602677819e-03 4.803324363944538660e-04 -5.784702004625682939e-04 4.960129353201011486e-05 3.773623725064958849e-03 -2.445287730769131820e-03 1.456156908635918793e-03 1.892297714485584228e-03 -2.610483195293423824e-04 -7.772235331153557435e-04 -2.840241648120610425e-03 -1.171939004318854182e-03 4.050796487514773188e-04 3.046261622407511684e-04 -1.056147701157423473e-03 -4.137903532590556685e-04 -1.089797178020194277e-03 -6.443612012835627130e-04 3.886519862671915086e-04 -1.656414398528707581e-03 -3.292394055604780465e-04 -1.193969382321381605e-03 -1.661181521418172610e-06 -3.476031402589638253e-04 -3.215746007307146654e-04 -3.390762667366337070e-04 4.374769675734853738e-04 1.180829730781477209e-03 9.430461497637863434e-04 -1.622576768354274659e-03 -3.612551929924665678e-04 -6.470754683449397556e-04 1.021176226872221472e-03 9.348893675591499457e-04 -1.336651741230167854e-03 -2.522313364214140170e-03 -2.312853926754554847e-05 7.520075676919949327e-04 -9.986818639517000724e-04 -7.535811754226230631e-04 5.427745171723708916e-04 -1.780716975794758910e-03 -6.807625089279276988e-04 -4.723747508384006913e-04 -1.889816715530257766e-03 -2.123685375647089112e-03 -1.505116369685429107e-03 4.979118221227057928e-05 1.611810270761394187e-03 -9.485510015957103859e-04 -1.978846715151853352e-03 1.912404986255105289e-03 1.977881952075751480e-03 -1.252489041339744421e-03 -4.563783213422402656e-04 1.601186181081351405e-03 4.144302353282606501e-04 -4.442284433540225649e-04 -1.780063704592029601e-03 -1.165882509613541283e-03 -4.776520417672300148e-05 -6.820636683633898118e-04 -1.487452444291196066e-03 -1.608462178736668434e-03 -1.613291580459640193e-03 -9.106327214204984043e-04 2.132170200028684227e-03 4.679770475478130264e-04 -1.756404990060194673e-03 -3.807632711773190439e-04 9.415601600339391485e-04 -1.218877900131855709e-03 2.089349537293712237e-04 -2.339864987654066697e-03 1.693074306895805785e-03 -1.535117499496885599e-04
-2.220737636548955271e-02 -2.144461974997982634e-02 2.222709454709791144e-02 -6.920176546597029896e-03 3.451605506975167527e-03 2.071758928378724524e-02 7.217131111662093527e-03 8.361587236387192992e-03 -3.450157924526263409e-03 2.042747435068336965e-03 -8.393488428753852898e-03 -2.474480474270234561e-04 2.950289179739077391e-03 -4.046645147404895337e-03 -3.836756916242288506e-04 -1.312739081709477071e-04 -3.180724699720878686e-03 -2.183263638843897445e-03 -7.887788297553714701e-04 -5.757024586084214055e-04 1.396039702507932646e-03 8.756971869807618622e-04 1.171342429819395049e-03 1.125597646439258586e-04 -2.831337854024938293e-04 3.317120595779979395e-03 1.343842477899462827e-04 1.238606542545298136e-03 2.461415332008902467e-04 1.049849523332521250e-03 -8.971170333179241674e-04 1.197128549947567731e-03 1.216773013292709585e-03 6.806399247613871767e-04 6.578441021679873801e-04 -2.042177856834330538e-03 -6.145693774647102356e-04 -6.081852849522443281e-04 -1.710617068777570225e-03 -1.203603964020121680e-03 1.806771940724339991e-03 -1.194759982683974656e-03 3.980757244550101547e-04 1.411628725485118219e-03 -1.037249681152788757e-03 -2.176257102871537261e-03 1.240303103113877680e-04 -5.987711039423752185e-04 9.164161230839181415e-04 -4.725322387130517212e-04 3.765100031273519322e-04 1.916591133039360169e-03 2.120146390020538271e-03 -1.322574771072714060e-04 -8.974233679399400750e-04 8.788990837767450244e-04 -1.160786602330779243e-03 -1.274394664871368772e-03 7.490955881202834539e-04 1.352845723903513720e-04 4.540456290583389821e-04 1.019955395281966354e-03 1.382925882687232677e-03 -1.174965250755034775e-04 1.079705648266953821e-03 1.791007530435832686e-03 -4.227136220378859520e-04 7.168916335067245004e-05 3.217239768058150493e-04 -1.251286534202439228e-04 -3.308901481039349356e-03 -9.057143765558151299e-04 -4.739522900098199019e-04 1.265971992912375867e-03 1.793393081467864686e-03 2.179290679366071605e-03 -1.845446007464409668e-03 5.978702797955656430e-04 3.597970267796974622e-04 -4.991989400092172751e-05 -9.489837372957159395e-04 1.654260562612279960e-03 1.703285505733425102e-03 -1.782683730648503689e-03 -3.421008531376757062e-04 1.385791455335653229e-03 2.712907717459613391e-04 1.874936247790092488e-03 -1.796991925550574503e-03 1.254695251092862547e-03 2.097416496994552017e-04 6.048199186856530879e-04 -1.076210592102388140e-03 2.349132851256712992e-03 -5.688569767668042018e-05 -2.682543693636220417e-04 -1.811665285503028400e-03 1.047235115171725765e-03 1.219134290164002174e-03 -1.593550998868394466e-03
-8.487834626507025082e-02 8.078811578219585038e-03 5.261509371948627084e-02 1.079619308085755930e-02 -4.182617133126063577e-03 1.153061522364811058e-03 5.434928960556924612e-05 -2.774081727432486499e-03 -4.937757156859302459e-05 -4.660225186100746078e-04 -2.093429400042574971e-03 -4.440846442267956662e-03 3.265194861606185396e-04 -1.989112503115205821e-04 1.846690506385414944e-03 2.365878200703550645e-03 2.850076698531794472e-03 -1.754836387287441986e-03 4.788408640740076163e-06 -6.066438645114236957e-07 2.448554142391864280e-03 -2.782969752894381976e-03 1.061408872141087227e-03 -2.940844891140862241e-03 7.342727484541444792e-04 -2.112924993435684158e-04 -2.156212695149044029e-03 -5.825312556616813429e-04 -1.330795668147814704e-03 1.351342761275354555e-03 1.161244424675991283e-03 -7.070166995726802567e-04 -9.412792704243610163e-04 -8.687000433466908478e-05 -4.748377112072119728e-04 2.801691095605111969e-04 -9.603831537207527984e-04 -4.776899013337845184e-04 -2.473585860712623069e-04 -3.283129428270978984e-04 2.028937436634314234e-04 1.520827877003210924e-04 2.862259972321998442e-04 -5.600799662632952904e-04 -5.487436604977431699e-04 -9.172027800301218656e-04 3.874649258166152819e-04 6.509598996940370438e-04 -7.596421723603797552e-05 3.540291196131795039e-04 -1.603756544321032710e-04 -5.133125043807230947e-04 -4.211974448237967741e-04 1.413940860963444016e-03 5.038717040622714432e-05 1.039055353659157554e-05 -3.707744119383731538e-04 3.598196372103153748e-04 -4.008864281384543599e-04 -5.869328979517277013e-04 3.335456203560164807e-04 5.702954737773479036e-06 1.214722919302160765e-04 2.580327296078214778e-04 -7.618176515293797373e-04 1.576704250504958309e-04 -7.388082604703114214e-04 3.980439954652215356e-04 -5.230121822157493246e-04 1.147488339397903772e-03 9.672566899281720442e-05 -5.963774991828681496e-04 7.301193853129439798e-04 -7.712053094292904720e-05 -5.504366985094210534e-04 -1.753109145396185959e-04 7.781070121495463386e-04 4.392598028148358128e-05 -4.173786135252233426e-04 1.198628916376933378e-04 2.607553162626770641e-04 -5.904905374498796780e-04 6.288004941228903335e-05 -3.630695627131186581e-04 -1.014345122848291916e-03 9.023587030874169229e-05 -4.739130374463696008e-05 -3.230847062035132147e-04 9.602186676584164845e-07 -1.766086510765282761e-04 6.135265737948604556e-04 -7.658504718102325873e-04 5.025978156854986638e-04 4.394038301556742860e-04 -2.635068911240288914e-04 -3.326879722865919175e-04 8.071285055588999749e-05 3.625860693889363837e-05 1.180209665512327527e-04 -1.843476225065485217e-04
-8.450900251532778018e-02 -1.274205484396806129e-02 4.684397183666687975e-02 -2.537220404871377930e-04 8.552342156961791975e-04 6.035255409987353315e-04 -6.589069536532965107e-03 -4.916394342899556118e-03 -1.185217803278426543e-03 -9.695395248891239747e-04 -4.218146879548410541e-03 -5.882462533670865940e-03 -2.150898058605911836e-03 1.098209639169631015e-03 1.667344280675734465e-03 3.185916860042700260e-03 1.974284696003893603e-03 -8.687144639845799550e-04 2.830608648209257186e-04 1.422607654724025424e-03 2.122262560978270540e-03 -1.144058596562795354e-03 1.292719096381981505e-03 -1.049218932622210344e-03 5.704308252630885777e-04 -1.302580566220299394e-03 -2.036962016140105546e-03 8.296106743472005237e-04 1.088997199558275418e-04 1.234613743504968386e-04 1.136869898752889102e-04 -7.048009348731657528e-04 7.254834519377698879e-05 -9.958866312702220212e-05 4.497318160724049995e-04 4.007584092431000885e-05 -7.859613805797258882e-04 5.175678504475970292e-04 -8.816135740827615028e-05 9.546401583533826877e-04 4.847376150268555115e-04 3.944305173678066124e-04 9.826121951831585932e-04 -2.689074745966485804e-04 1.935012820865646133e-04 1.812217541410698148e-04 -1.264884234047270904e-03 -7.699079168731403581e-04 -4.498654252573770860e-04 1.592908091352156718e-04 -1.277393765467485932e-04 -1.365739571354093306e-03 7.153897319456418774e-04 4.990671245725968779e-04 -1.721211948334267503e-04 7.845926235066383271e-04 -5.567769917737361990e-04 6.936497224312484621e-04 -2.575370677089244701e-04 -3.797720726409347801e-04 -1.262263288541302681e-04 -1.630062205012448580e-04 2.506058555409791970e-04 -2.316168024692149652e-04 -5.142538131958906142e-04 -8.276020553691394580e-05 -1.667330588167422931e-04 3.145684879265688190e-04 -3.710118165884273319e-04 2.814235788078222472e-04 6.637182886728768254e-04 4.203218239585848089e-05 2.672084287210746531e-04 -6.398133089359405584e-04 -6.585470684481684609e-05 -3.811701069738733473e-04 -2.632872903030017796e-05 -3.869238587896617343e-04 8.371231784877224602e-05 3.794315337655174689e-04 -2.177851412636219101e-04 -1.364420717478200527e-04 6.220455435672706162e-06 -2.718061778711820635e-04 -1.150239378593966673e-03 -1.879362477859596628e-05 5.433126129461619168e-05 -2.288864583310445619e-04 3.446153757332976581e-04 2.560242490084476915e-04 2.378307293640241919e-04 -1.351620552723797766e-04 2.611442304525624070e-04 3.941570026877609981e-04 -5.068640738626769247e-04 -2.267021305475095012e-04 7.000281886690941824e-05 -1.800533577891923491e-04 6.775356692891301366e-04 1.101240454518725086e-04
-6.744295193283936229e-02 1.548721765595044778e-02 2.421821131855904363e-02 4.855392347074020606e-03 2.770751703238808015e-03 -8.503184273314923214e-03 -9.226933183757021414e-04 3.639053436472704066e-03 1.299309670391860308e-03 3.063418324585544684e-04 3.432571702075673352e-03 1.438565733421847770e-04 -1.879619218612960324e-03 1.416161921325342823e-03 -2.140521268398416169e-03 -1.844119006081632885e-04 -2.092797780632645738e-03 2.014666313983079580e-03 2.005749687723328565e-04 2.443709969285974906e-03 -1.139373892500936169e-03 1.837270825897905843e-03 1.434634917622121687e-03 1.433624749675625277e-03 5.178969252199763741e-04 -1.004331466012583791e-03 -1.282504844221143796e-03 4.967583466383821995e-04 1.617410309213799429e-03 1.454266441013707389e-03 -5.315694617534392694e-04 -5.344596446123437957e-04 2.320146752738716555e-04 1.030314301723678216e-03 7.754339350276274415e-04 -1.714147298841137016e-03 -3.187313536704445421e-04 -1.252643561612273675e-04 -6.377783025656865671e-04 6.310632550465061167e-04 8.234530360647150486e-04 1.194013840206093998e-03 -3.460461695474434407e-04 8.302689306192655681e-04 3.195249552788572236e-04 -4.202477071311002603e-04 -1.193088058782791703e-03 -1.282575776785017702e-04 -7.727024918057789384e-04 -3.081981251354988386e-04 -1.008404581372578297e-04 -5.572900092900187315e-04 9.807275390150977778e-04 5.606141660623312813e-04 -2.299871056005804639e-04 -4.722868763374591262e-04 -3.652300869333597737e-05 5.279892938746282753e-04 2.200678848118042884e-04 -3.539288816827869367e-04 -4.443723100367198285e-04 2.648902947498525564e-04 1.150112131086413868e-03 9.773340730169929012e-04 -2.754737927038532794e-04 2.878344280472753007e-04 5.035198348395983998e-04 -2.577668429008326124e-04 -5.390972867494147865e-04 6.164733201817409070e-04 -3.502645829526052209e-04 -6.409883520864504856e-04 7.432046016855839736e-04 5.010011816803937616e-04 1.877025122652045523e-04 4.867649025150986154e-04 7.536321526375905659e-04 2.216178664901074645e-04 -2.656486144060440555e-04 -4.272259544495003811e-04 -3.420822629598587036e-04 8.057457595066405134e-05 1.188419911959387313e-04 1.029518177523962725e-04 -1.169063106788995125e-04 7.853180827659421220e-04 -3.227628615232092015e-04 -2.810081631228640293e-04 4.903888478629896911e-04 -1.073735127700356371e-04 -2.888604051902873512e-04 2.055022330003374606e-04 -7.607570320201421606e-05 -7.108040565183272564e-06 -1.142712295207220531e-04 4.191195597068468658e-04 -6.157663975999524595e-05 1.622600184357926687e-04 -2.237332395490292071e-04 1.157693390274454223e-04
-8.323072018288955876e-02 1.925607984513432944e-02 5.376680842406462990e-02 2.149718353712000429e-02 -9.436106335396913028e-03 5.088488666613771757e-05 4.703849086360131250e-03 -4.424888983683601673e-03 1.493139881441449875e-03 4.313717275164407000e-04 -1.313449051317558229e-03 -7.691177876418253938e-04 -9.477963450989788973e-04 -1.960897222963618129e-03 5.964809001987970505e-04 1.664033669865454214e-03 3.098156880739580139e-03 -2.802875142729680750e-03 1.472870443631681796e-05 -1.421561884311594226e-03 3.103382987333235150e-03 -3.925117612212048086e-03 -5.656486345117562632e-04 -2.604142438643648142e-03 2.251674794077343706e-04 1.432804443133232778e-03 -1.492974943661339818e-03 -1.818260634456438053e-03 -7.147941832747923023e-04 -5.118192299680772960e-04 1.531465403303348266e-03 -7.955304896799749760e-04 -8.624996528258478201e-04 -1.939200222395900998e-05 -1.831975957016522679e-03 1.899155751062736553e-03 5.027844005909941219e-04 -1.836011663865650193e-03 -2.709989044311707403e-04 -4.865932110332094160e-04 -2.223801867280962509e-04 5.054618298455278463e-06 -2.850932183602470282e-04 -1.256802343274712210e-04 3.702022185574011036e-04 -1.154865300120288575e-03 6.631052021278545892e-04 1.308912662904886766e-03 2.615116851436795537e-04 4.725317113035946851e-04 1.084762617934345965e-04 5.451321053204015270e-04 -9.237860637305802831e-04 1.088004270981704578e-03 1.191062436842430829e-03 1.258586815470692831e-04 3.651378946568957241e-05 3.710689930524867642e-04 9.399430781658848393e-04 -1.418643713368177928e-03 4.162511177428953181e-04 -8.279837966720755491e-04 -2.465823189467005578e-04 6.104631104261360082e-04 2.053682678187011791e-04 3.956461691828189447e-04 2.308729364234890654e-04 2.410233291179455833e-04 -2.501487056613358470e-04 1.225243114204148951e-04 -4.867631311692920907e-04 1.337559111584668147e-04 8.305621998767214777e-04 6.295222497474729003e-04 -5.329152261205416866e-04 7.649893015597619608e-04 2.031017803117119661e-04 1.193473879057131790e-03 7.528326287700541890e-04 1.416501994213031261e-03 -1.299580733475469538e-04 3.052859970765512895e-04 -2.285677623695943968e-04 4.133409005182897078e-04 3.081050993873293451e-04 9.689891021570936995e-05 2.083342218176006250e-04 -2.585917574849812793e-04 7.566579383890550080e-05 -8.350839950647383171e-04 7.183587064865079629e-05 5.001424506250480014e-05 -6.409794051114114206e-05 5.714845251465139808e-04 1.120566655211444729e-04 -7.449930268340034445e-04 3.395247967024523934e-04 1.123399952017022693e-03 -2.795168567394956433e-04 -8.205766948207875470e-04
-7.586549043781420920e-02 2.418435078581324463e-02 4.439007929834715843e-02 2.232936312823660327e-02 -9.712551026161302115e-03 -3.187647684925300554e-03 5.895827605153457912e-03 -1.437036119996083642e-03 1.641593194588807959e-03 7.454106594621375198e-04 -7.891585848610532328e-05 2.807642574250984388e-03 -1.663845166826209915e-03 -2.087298667408081509e-03 -5.619544888333546885e-04 -1.063887109617629576e-04 -1.808816963697433414e-04 -1.886764260498122181e-03 -1.770143932875308207e-04 -1.965692441635556471e-03 1.527342080528006248e-03 -2.787933403214234822e-03 -1.105290063944108130e-03 -1.590460080135293070e-03 -2.933709620857473778e-04 1.180011251098308286e-03 7.344322137364414193e-05 -1.836812357753071475e-03 -4.413730854264353524e-04 -1.757582017476818541e-03 7.183869841777515593e-04 -3.686568418719434435e-04 -1.670095632595927214e-04 5.899077037800777015e-04 -1.353007286733317683e-03 1.943803329307212816e-03 5.898653955722682647e-04 -7.086096089125077822e-04 5.289112708575581756e-05 -8.602793656988434214e-04 6.422454265147411155e-04 -7.929789743348368341e-04 1.677830737142612671e-05 3.497981954328125255e-04 -1.539240981849195034e-04 -3.304315397037842217e-04 8.877286459585890632e-05 1.724736584822875228e-04 -1.836704292368626418e-04 -2.850443598639824483e-04 2.610126491923272546e-06 5.777263103233877322e-04 -1.109879768939382467e-03 2.541789725990547112e-04 -3.191692581057223213e-05 -6.465017908259805025e-04 -1.705847613119363900e-04 -4.973615985417164720e-05 -1.315184622218515701e-04 -6.147406728643295881e-04 -6.555606414112441233e-04 -2.460875270325043121e-04 8.825627578248291323e-05 -3.939084056156417113e-04 1.996785268201577103e-04 3.866482751405870871e-04 -4.341578119470144623e-04 -1.035049184994899977e-04 3.771744447080127420e-04 -8.944272118628484659e-05 -1.100654418211620373e-04 1.634397814762722620e-04 -4.159494064380765384e-04 -3.445471262000002178e-04 5.576537704891117164e-04 4.105114615149535462e-04 -6.767155428878240389e-04 2.169284434261314532e-05 2.535618404130603448e-04 -3.082740780866539336e-04 2.055882594515461145e-04 -8.936868660258370973e-05 1.180594559649960854e-05 2.218096478487315058e-04 7.634339114164921843e-04 -1.197635759603562431e-04 4.341690971656614589e-04 -1.473282297072684073e-04 2.472423930582399836e-04 -2.076451880098663914e-04 5.402401208828806956e-05 4.688516682071974199e-04 -3.250928158392279587e-04 -6.174038183058974465e-05 3.488527545249507926e-04 2.826617733380922632e-04 4.780218508388256736e-05 -3.924449955542165243e-05 4.049593129727113525e-06 4.247524294975614056e-04
-6.212428714484947989e-02 3.148095233432946644e-02 4.034642611009749830e-02 2.229068842180886856e-02 -9.032543225399819117e-03 -6.940136934495785836e-03 5.208889866312264513e-03 -1.681395392843534447e-05 1.349764326104713804e-03 2.362122234932828319e-03 7.716769456001793242e-04 4.820515123406421409e-03 -2.337389261557490557e-03 -1.930949778108604405e-03 -2.057021781338797938e-03 -5.908529803105403181e-04 -1.380976305091959197e-03 -1.180460796024561517e-03 -6.513685506162609617e-04 -1.135996206117807945e-03 1.210786912115620600e-03 -1.984546299273818627e-03 -2.362708390874701352e-03 4.103995483427596929e-04 -2.122132531673952196e-04 1.077977667613799675e-03 4.603582398644439667e-04 -1.529644020821126866e-03 6.520713287325073052e-04 -3.000459567350529863e-03 4.597691073370645520e-05 -1.228817448148265454e-04 7.748395619706114701e-04 3.670378554712587353e-04 -4.163879595826741132e-04 1.733178647992992530e-03 1.251064512442835643e-03 -2.405590243857202754e-04 -4.257475405078452158e-04 -1.301787473258054595e-04 6.411675180801560282e-04 -3.747617119038076992e-04 -4.078017764267393699e-04 1.463002610804619967e-04 7.276411994278446892e-04 4.278257341933250639e-04 -1.331945098465337840e-03 -1.214466580242533691e-03 -7.469352898630925164e-04 -9.869016081738412466e-04 6.847273448028647460e-04 5.639805321678537878e-04 -1.358865948817263101e-04 -1.556359386138578033e-04 -7.742493235836300173e-04 -1.864122915767178450e-05 -5.716369493234099621e-04 -7.055761035959219564e-04 -5.995117468365585792e-04 1.803765050221865546e-04 -6.692002892709943140e-04 2.551859792286653890e-04 4.539215886289595732e-04 2.065051753939907290e-05 -3.135298575024604768e-04 2.386653055377306338e-04 -7.732313430576152847e-04 -2.326602740221460504e-04 -2.765830816052428112e-05 -1.301744608635165294e-04 -3.435054867518942418e-04 7.624857833557344752e-05 -5.775128624654575276e-04 -2.095968507323620967e-04 8.168097787022667771e-05 -3.588373913416734022e-04 -5.119404345171076325e-04 -2.276187270868282059e-05 -2.038992056818252302e-04 -3.219902700404648414e-04 9.204396950008269910e-05 7.145321075619193954e-05 -3.217759672272888232e-04 1.644011423142092726e-04 1.137163236594777117e-04 8.636186323638084999e-07 2.599852876230808007e-04 -1.992461180991068653e-04 5.111419431058483139e-06 -3.824877061510286819e-05 4.873234119517222694e-05 1.378883338640393455e-05 -1.776332146115953796e-04 -2.052036426397371000e-04 -8.186851505603831569e-05 1.428500501594661559e-04 -3.647958232664103045e-05 1.154628319835496268e-04 1.724975738946033334e-04 1.361209391547353890e-04
-7.052310427119981573e-02 2.084373094431688292e-02 3.597874987825217669e-02 1.637288673285848886e-02 -7.193471350412603341e-03 -6.197919140808348139e-03 6.139684748190493355e-03 1.754058586264938468e-03 1.274014815533855254e-03 1.310117206462393805e-03 2.065733500725691531e-03 2.666636292886919151e-03 -2.833911000349004401e-03 -2.174404723588991249e-03 -2.096502888107254058e-03 -2.170558613126192995e-03 -1.404149895503967139e-03 4.349045799680282555e-04 -6.734536885585235303e-04 1.113177263359939025e-03 -3.130453503659151224e-04 4.913298108783930636e-07 -1.200375549104529911e-03 2.173380930456015551e-03 1.832083436198530830e-04 -8.308133021841372599e-06 1.536609703459474352e-04 -5.609946181389752163e-04 1.743491764752655524e-03 -8.341618446173600316e-04 3.152537580857447476e-06 -1.049496702994132981e-03 1.454957667362842284e-03 6.720366930423372649e-04 -2.187409151069749885e-04 -4.584361744940322332e-04 -4.735973234564456818e-04 -2.980920471240922445e-04 6.654438118775309616e-04 2.714842032817687016e-04 5.502069937199278744e-04 -2.973340034410888543e-05 6.510737026944592122e-04 4.263419682499385087e-04 4.873991391301407444e-04 3.885241041045423786e-04 -1.134107077665107719e-03 -1.259368946810246817e-03 -2.139696166315230481e-04 -5.686655423164745961e-04 5.897496731016122970e-04 3.402709934025979814e-05 1.227475780639824708e-03 6.503544844335094888e-04 -3.411392479520393406e-04 2.259499433080268795e-04 -8.213587265946765753e-04 7.747263935825495764e-04 -1.317780895960481103e-03 6.393844909354835663e-04 2.886484307370524899e-04 3.472596127185816452e-04 4.824254876603535354e-04 7.208908982998012615e-04 -1.836219935721559689e-04 3.004492255617601296e-04 -1.351910728623691876e-04 7.136934748409203802e-06 -3.427031024168800729e-05 -6.531885099286084207e-05 8.368111096984801663e-05 -5.476378940798090237e-05 5.158974496938325195e-06 4.463292362596337393e-04 2.121522597982328782e-04 -4.349183552341823601e-04 3.086629717382078242e-04 -3.400362999910103672e-05 1.953991572332456467e-04 -5.060669303268458367e-04 2.088883324157973450e-04 -2.038198520217662313e-04 -2.646458326743817953e-04 -3.107381936519390130e-04 -5.664709867626771186e-04 3.214614006053765531e-04 -3.762517953711877754e-04 2.213216675906873928e-04 -8.529222005096502145e-05 6.728595832237055938e-04 -5.407301221807040391e-04 2.178311571731021787e-04 -2.707583378686590609e-04 -5.689638652272361647e-05 -4.726462295876381948e-04 -1.490250271869474129e-04 -1.227450390019578367e-04 -7.265674251428210243e-04 -1.353190652467659164e-05 6.494364875143825763e-04
-6.713915826464413039e-02 2.305804195602064940e-02 1.377626196725058663e-02 6.685106670149408743e-03 3.505722715436294912e-04 -4.968431146819268264e-03 -4.857304243859564708e-04 -1.314171760683046112e-03 1.359785785802583450e-03 -1.353650079959011279e-03 -1.127108357205580365e-03 2.945070063668133852e-03 2.884336399884420104e-04 4.839616940522660331e-03 -4.235950294877418969e-03 7.155652953077095303e-04 -1.925523136011808535e-03 2.339136540936956592e-03 -2.400854087829804467e-06 -1.101763901770274950e-03 -7.280249295481505505e-04 6.719111071895242631e-04 -7.102264179587342453e-04 -8.035586057130879832e-04 -5.382833609450578824e-04 5.947131886836468009e-04 1.208695748826786901e-03 2.301290880341511601e-03 -2.893548011572864078e-05 3.060629324691028119e-04 -1.295254142346574872e-03 1.681621524728373930e-03 -5.284304637562808622e-04 -6.170498407783309028e-04 1.071229087338788260e-03 -1.435941348579895674e-03 -2.993789571962535666e-04 1.120313881787717881e-03 3.200017453688974777e-05 -4.280708773081480707e-04 -4.353461410298339993e-04 -2.721844876854913504e-04 2.480401450358891589e-04 -6.241227596234236912e-04 -7.167474526623045586e-04 1.986460511759033539e-04 -2.490397680132548793e-04 9.784050012327951242e-05 5.068026386577832243e-04 3.618894738280669559e-04 -5.000774770849901419e-04 -2.473492354310598534e-04 -3.274052964794283696e-04 -9.167216003805077947e-04 -3.035068376899102672e-04 1.345150358591453875e-04 1.297361750866169773e-04 7.049625138869239848e-05 8.229876718925953393e-04 4.431124084133316731e-05 1.175443500684682273e-03 2.260166461923804467e-04 -4.859466402290549508e-04 7.290079915476606776e-05 -2.527857086444408163e-04 -2.364378093772084974e-04 6.922219819406112045e-04 4.646437083527092692e-04 -6.978276896538157569e-04 2.310033696107435385e-04 1.029566224700191601e-03 3.882861214603113204e-04 1.231454735243713125e-04 5.453834988769593614e-04 -6.790001507723408174e-04 -6.263575757000290102e-04 2.281372891946370702e-04 -1.384054092325815789e-04 -4.216960420829827107e-04 5.157938571301431876e-04 -7.353749907026197504e-05 1.059831939414640923e-03 -3.978194369724094223e-04 -1.989977038519145832e-05 -2.116016057273638654e-04 -1.252606596150897386e-04 -2.206468248123040021e-04 1.888507870536929804e-04 1.117942700620208900e-04 3.675782303482276578e-04 6.620345495367482033e-05 1.073803995446051020e-04 -2.398581203544459457e-05 -4.475294850260324708e-04 -1.033948324139750903e-04 -2.188312828698251171e-04 -7.327062768612518484e-05 -3.370673668769140247e-04 6.162621150918620554e-05 -1.872451966331801164e-04
-4.645795567824041045e-02 5.573765492600822602e-03 -3.536126458090084468e-02 -4.249295674650981937e-03 4.952843196489184474e-03 -3.807051923762642866e-03 6.409951471296674967e-03 1.171668787929419902e-03 2.783157708194876519e-03 3.968808641459297890e-03 -2.426834428542503676e-03 -3.239547423327657823e-03 -1.116787314299225696e-03 1.678564556233589581e-03 1.690091482728383427e-03 -1.323264789800085352e-03 4.794265920040485123e-04 -9.648043034778141548e-04 1.733231447559233388e-03 -1.320896026064755449e-04 -1.832557939750296743e-03 -1.009515249474775365e-03 -3.099605123851891485e-04 -3.302903699968808005e-04 -5.862258569944988089e-04 4.727274646793275031e-04 -9.858271008377371327e-04 8.178818783758966607e-04 -6.010841485023289167e-04 -1.413153324721386824e-03 8.083053702451417763e-04 -2.439876671011142106e-05 -8.621388364895022629e-04 2.434862863461230344e-04 1.232050267662898949e-03 -2.304907722562260866e-04 -1.281258749850384222e-03 -1.023484515726923259e-03 -4.475936621253248193e-04 7.685606040434436823e-04 3.537099742511233633e-04 1.005891672142705286e-04 -1.678415497695116344e-04 -9.263413552799243085e-04 7.774941990285691180e-04 -4.062540599753325246e-05 6.996973965383133541e-04 -1.122275723618625359e-03 -1.564345477826653921e-04 5.096037794977018118e-04 4.081466836661202624e-04 1.410080836714383818e-05 1.114027506322445686e-04 -1.746957097317486255e-04 2.249606714948159563e-04 7.490986471761170752e-04 5.745280814764774056e-04 -8.321350254375405433e-04 -2.424402888549582796e-04 -7.952640478972091559e-04 1.638815295459820410e-04 -3.127915048245825079e-04 6.442570349116308456e-04 -3.941083917564538303e-04 2.819748235431691463e-04 -2.913692132079270434e-04 -3.439985941943256688e-04 -1.381568178690344433e-04 8.941110852234538959e-04 4.664755598779139908e-04 -3.722810620218433585e-04 -2.561336241751716405e-04 -5.070744322322824540e-04 1.694190671676173055e-04 1.087554317798081405e-04 2.919540219638448904e-04 3.020070235469792235e-04 8.331298628292840662e-05 -7.261599924383250809e-04 -8.324302156509515204e-04 2.152974408562485429e-04 -2.072667587816631567e-04 5.333583674174865704e-04 -6.886121380871242136e-04 8.514873687974121796e-05 -5.216073964797162408e-04 -1.912003921655415625e-04 2.394142515777888426e-04 -1.018428626255266653e-04 -4.592201192808222912e-04 1.833586570991662323e-04 -3.299490779286405997e-04 7.083708627787943133e-04 2.105124716032835718e-04 1.146780738312088354e-04 -1.331122957804317859e-04 -1.965335282123385438e-05 8.336645465895831033e-05 -3.321563617395036495e-04 4.318384378253890397e-06
-6.882786975539559315e-02 -1.463084087110949616e-02 -1.738304846423496114e-02 2.040571773852339552e-03 -5.034593364777480325e-03 1.318178473357463180e-02 -4.672970667800349989e-03 4.139161221448620434e-03 3.191342409618961803e-03 -8.823395057175254701e-04 -9.944063831034948703e-04 1.812711232858095706e-03 3.269087569896033524e-03 1.087063629596784521e-03 7.824714772308964802e-04 -2.392031299919178660e-03 -1.548894283126577183e-03 1.711158535295511209e-03 -1.875943038570207283e-03 -3.203249087733832921e-04 -5.967348930557669472e-04 -8.864315152641714154e-04 3.933749307027672602e-05 -5.845629485482467351e-04 -6.156239772110403156e-04 1.101361510057872377e-03 -5.995886373468887727e-04 -1.178791881870636408e-03 -1.110673075968871557e-03 5.028884296943249895e-04 -2.775220032996402819e-04 -5.989764736532610144e-04 5.942638500937305829e-04 9.178775023725177116e-04 -1.712267712745991902e-04 -2.278216967932740532e-04 -8.819222156381655714e-04 -3.023401104116775853e-04 8.754137917049717790e-04 5.375092229917788301e-04 -1.031331587107651384e-05 6.113116308008851750e-04 -1.578793749611537333e-03 8.987407305167304178e-04 3.717279574227859906e-04 -6.072066833834939992e-06 -1.394775353263635149e-03 1.182041301569574591e-04 1.176362487840491551e-03 -1.284238919014851353e-04 -1.184903271470871995e-03 -2.015274424667409098e-04 -6.214233636831666607e-04 9.301038533296729230e-04 1.138906084776783102e-05 -2.020535002527073121e-04 -1.133246850666802920e-03 1.779601827075329244e-04 -1.650259288912844661e-03 1.616214962130690100e-04 -4.270661324781179196e-04 2.379765700465982629e-04 -2.319536530332151159e-04 4.064950007231106889e-04 3.830076904080320014e-04 -4.008675068276953816e-04 3.453851213372211688e-04 -3.192043571222682422e-04 1.458744203400815821e-04 -8.863572086290204700e-04 3.186336421030521219e-04 4.737034181179049512e-04 9.897230690352059614e-05 -1.349405314616230610e-04 8.075591707755024745e-04 -1.864295719867565702e-04 3.402897685012832478e-04 -5.210552423335333173e-04 6.109888371589882079e-04 5.196565296145107347e-04 -4.534041308090362623e-04 -2.394642517437554766e-04 3.169387764916619375e-04 -1.138836024223203823e-04 2.859672008889655457e-04 -4.541035148224028335e-04 6.095342952995806956e-04 -3.375160095129303727e-04 -1.661573208272071962e-04 -7.320672981853259143e-04 2.457264830510993154e-05 4.296004074569104224e-04 1.073771822789748446e-04 4.173346791613476029e-04 8.209946085306442983e-04 5.519075585074758629e-04 2.917319190561024241e-04 5.129592166223924474e-04 6.529917947695467340e-04 4.927041557019327424e-04
5.192641763891553408e-02 -1.601114867666618771e-02 -1.536892642281483500e-02 1.582855151407993807e-02 -1.703063836795803629e-02 -1.819539045284056461e-03 4.989567240152392204e-03 1.439323311208737591e-02 -1.070822055136922551e-02 3.204857529170433467e-04 5.573196899784769358e-04 1.369077200234353848e-03 -1.553334945087898964e-03 4.710885234631852735e-03 -8.188796075194305999e-04 1.934990728904824233e-03 3.925473392755418102e-03 -2.169728978481678602e-03 2.254646922300871867e-03 -6.319169285938250422e-04 9.092242796571313630e-04 2.989583135018051836e-04 6.084135595450520335e-04 2.650381205701227583e-03 -3.178005229681576515e-03 6.174786502951944015e-04 -4.572033197444152911e-04 4.536044919603414612e-03 4.113126120544339202e-03 1.385417700048139147e-03 3.429933783429783747e-03 -2.223246054123093930e-03 -6.280567727973298100e-04 -1.948455398065859117e-03 -1.673205432712973617e-03 1.275201663905798288e-03 -6.754769877400662202e-04 1.180040153556419138e-03 -3.710181872506917739e-03 2.643355607677494706e-03 4.513070995632254153e-04 -1.772147044645777702e-03 3.059653137613059688e-03 -2.221166228890100128e-03 -2.666622201371281740e-04 2.220598529825409517e-03 -9.347165858374948755e-04 7.484877744289155721e-04 -1.247387268284373641e-03 -1.664463193732303344e-03 1.834718722444270578e-03 1.137317427132608031e-03 -1.864170355680671827e-03 1.353439740541426475e-03 -9.413896056463576592e-04 1.149573715232716023e-03 -2.229485442757450999e-04 -4.335719302728213947e-04 3.064075420029962506e-03 3.435002781822008001e-04 -7.833613126344259395e-04 -1.082584321101179569e-04 -1.561596872312765805e-03 1.813081064356645688e-03 8.671331855496460352e-04 -7.333975848507537625e-04 -1.626869188207840993e-03 2.773533077451358162e-03 5.852443942113447293e-04 -1.327132847790188711e-03 1.037147177729964191e-03 9.003184146748313601e-04 -1.645386732967346740e-03 -3.776641821969210105e-04 2.589336139791540130e-03 5.825475324902725698e-04 2.195029761724342707e-03 9.685452837831253804e-04 3.485155574784123706e-04 4.508620653095850588e-04 4.681995516570392575e-04 -1.276124865232599118e-03 -7.139260333485717694e-04 4.083550904229230581e-04 4.032331016854681714e-04 2.890008434378898202e-04 1.190151359972793296e-03 6.126521896748771383e-04 -1.176445862317696987e-04 3.598002831932246934e-04 2.138456701700670610e-04 -1.183676979607206159e-03 6.267148534261138531e-04 1.202629575752155134e-03 -2.296608888454078324e-04 2.786760244145886772e-04 -8.443363795871056728e-04 3.642972939041848150e-04 9.416816502313165834e-04 -2.256783496130979831e-04
3.074768154183899968e-02 -1.809946281117263273e-02 2.240303099304802661e-02 -1.540284724628940630e-02 3.155132738245710819e-03 1.082647114104033984e-02 2.261336534270975192e-03 1.736938849922746789e-02 -2.838144126762801121e-03 3.637532486431044494e-03 -6.380513323760500163e-03 4.244527430457816636e-03 1.566444639184310251e-03 -2.314087321245539113e-03 4.484045856938745963e-04 6.814641173447051397e-04 -3.485420850643219416e-03 -4.548072300612293097e-03 -3.364134604688665420e-03 -1.596823251560615907e-03 -1.737454517278134102e-04 -9.686827709298539242e-04 -1.074190109731205500e-03 9.118386667110476912e-04 8.390993805309226875e-04 1.425051677761471174e-03 -1.391478159983090173e-03 1.966931046069913180e-04 4.048908112777136088e-04 9.472523717325019750e-04 -1.712512664167751631e-03 -1.490640280284190712e-03 5.322900989696681146e-04 2.459614602626659235e-03 -9.221671332455892538e-04 -1.027370594740249559e-03 -6.088384015445109671e-04 -1.788843490704520667e-03 -4.527586175624736435e-04 -3.009713586328155530e-03 7.935733803144650331e-04 4.330743742166051667e-04 1.357643348887789493e-03 -1.561869928711713019e-03 -4.851009055373510775e-04 -2.527418469985305473e-03 1.272480909619087396e-03 -1.507983189163827680e-03 -2.119056321100924300e-03 -1.051566931312702285e-04 -5.079686158254837327e-04 -7.647525910013270320e-04 5.845007678521320880e-04 -9.549562862205857212e-04 1.921764863804731804e-03 -1.775978961715492938e-03 1.761996302223940367e-03 -3.713779798500697264e-04 6.719717445801779441e-04 -1.517867557233679122e-03 -1.282762408328317130e-03 5.048154471064344876e-04 -8.101577282179360821e-04 -7.380928840455159168e-04 -6.960662940824521427e-04 -1.277483986929378804e-05 -1.043618982200070688e-03 6.890022774900973887e-04 -2.132737246657464419e-03 3.017448834505010065e-03 1.569143503297599400e-03 9.337063935257792048e-04 1.337388838794573902e-04 -3.052895773772881620e-03 -1.929419449853530925e-04 -1.009403587741924437e-03 5.283111730614872912e-04 -8.482267028763123759e-04 2.948099143163959127e-04 1.525655298193784662e-03 -1.968556150688870882e-03 -8.562589076741610253e-04 -1.989285743658948419e-04 -1.801456436299890855e-03 2.982482213318216665e-04 -5.546830525120492218e-04 1.446726865294154429e-03 -7.658991487322754175e-04 -2.345012617970647633e-04 3.628486402843409341e-04 -2.840346265361437788e-03 2.500416289718186604e-03 1.204846288346974204e-03 -4.754099637348689145e-04 -2.250117011880389730e-03 2.169384828053535195e-04 -4.643518460172086000e-04 -5.280025001030364202e-04 -1.938180235030928381e-03 6.018952899720602078e-05
-1.775131626598585102e-02 -2.025008184222032177e-03 -9.570724623948659304e-03 9.880559671114352155e-03 -4.825298461600813563e-03 6.701498908171135693e-03 -3.867791351143549765e-03 1.537649358793794288e-02 -1.627608374339103124e-03 3.646231542052744915e-03 -4.269341936794701121e-03 2.693944737714373296e-03 2.675236533229938610e-03 -5.963289238970331243e-04 -6.151627807195452630e-05 -3.273634388859420234e-04 -3.005805462547885259e-03 -1.181225457558485615e-03 -2.018766739954508654e-03 6.032736298225379636e-04 -4.875800625784850275e-04 -9.417617964405197066e-04 2.787837053844934411e-04 -3.203546752832949450e-03 -3.730312922579189210e-03 1.616875329695587711e-04 -1.239599758882340298e-03 -8.077427840459777924e-05 -6.264524736363001004e-04 1.153530258269130958e-03 -1.257928276291998999e-03 -7.805638768675564982e-04 6.241753586498666748e-04 1.530146284247754914e-03 -6.240872388941924630e-04 2.422141970894862387e-03 -4.641890877866431861e-04 1.286631043654422844e-03 1.053796061298040088e-07 3.165681948758219499e-04 -9.198592790710514002e-04 4.030239942860386684e-03 -2.188664459426769519e-04 -2.364893118581766983e-04 2.209309517045038741e-03 1.483448751300860070e-04 -2.490722816088122762e-03 -2.546945470896545827e-03 1.150269192945138370e-03 3.326980052585313489e-03 -1.802007928716011648e-03 8.585754001632431569e-05 1.978824860346557735e-04 5.875806249715456340e-04 -1.785508610249705473e-03 -5.000474789689772102e-04 -1.560163168750889175e-03 -3.283423443731864019e-04 -4.336401770172758395e-04 1.023239321179497500e-03 1.904215536525273545e-03 -1.476528776183701685e-03 2.549825113695947327e-04 -1.436122972924572033e-03 -8.990578071019620678e-04 5.658596489466017959e-04 -2.061119806072228208e-03 -2.045841194175689916e-03 6.206664122613832039e-04 1.192363281457720298e-03 4.400731447227656992e-04 -6.139982983070933677e-04 4.121717050728957604e-04 -2.880981024440958278e-04 1.133099121162940427e-04 3.686155826307498324e-04 6.346394190702536438e-04 7.541594259838920551e-04 6.487624852199519931e-04 1.972434413166240005e-04 -4.578391187719147533e-04 1.618887504084700149e-04 1.223966219080793380e-03 -1.356464879282892795e-04 -9.918414837568832721e-05 -2.376350336612277603e-04 6.782399062013087310e-04 -3.434008950665809099e-04 -6.289426365902764339e-04 -7.844098077697994175e-04 9.121340382348394399e-04 -7.917058272489201055e-05 -1.283551739388637464e-04 5.365713671578526333e-04 -2.407511807679887797e-04 -1.014373804317545997e-03 5.580823955684496331e-04 4.424186295387091722e-04 -1.511374387114084556e-04 -5.571109571400516616e-04
3.810119421730030938e-03 -4.996387203872443283e-02 3.291577695008313098e-02 -1.685548917260232954e-02 7.595793451412952146e-03 1.019112756172298184e-02 2.301465744507626924e-03 9.268949753598038424e-03 1.349847390899987882e-03 3.293203761490515365e-03 -9.413327255735669599e-03 5.565511123436727402e-03 -8.265895199702706945e-04 -3.362933612811973717e-03 5.461724405037849664e-04 4.133950098523943675e-05 -2.703752139783761194e-03 -6.947834563649157684e-03 -2.031548979109088719e-03 -1.035653110931749341e-03 -5.069190384790502307e-04 6.965685351930430433e-04 -1.914474131958318181e-03 2.948805433909747632e-03 -8.379765439574586540e-04 4.187300929026692084e-03 -1.045661920469192867e-03 9.336491326947608240e-04 -2.649475394240418617e-04 3.490266699380016688e-03 -1.723937845884738595e-03 -1.200077228905412552e-03 -5.107363164429275498e-04 1.248604558648707102e-03 -1.211621961249796956e-03 -2.601855505066728597e-03 -8.233128742358811506e-04 -6.969130416226059291e-04 -4.516217443642540777e-04 -1.807339934166296656e-03 5.709777965143747800e-05 6.516370672853286170e-04 -1.110830700678192267e-03 -3.166084701140280708e-04 -1.691466596909470830e-03 -2.449325393161372409e-03 1.279360191419479011e-03 -1.687580979366559578e-03 -6.681998362344085049e-04 -1.474522273277198859e-03 -8.228684194535182883e-04 2.649469885206675104e-03 3.029980936707873419e-03 -5.006181319482159406e-05 1.972574665972914778e-03 2.216468192890681051e-04 1.494223383594997002e-04 -4.012177466801053233e-04 9.683030718527187641e-04 -8.526771664007770906e-04 1.843325378878301387e-04 -9.632936053022328644e-04 1.383388525090384086e-03 -4.721043034997557549e-04 4.216153244331537035e-04 1.027869497430615193e-03 2.490937838955385557e-03 6.744060441450139319e-04 3.440796073849632986e-04 6.478264259614146875e-04 1.382526563704742847e-03 7.648691815376506328e-04 8.455968224662930958e-05 -1.069247102887041717e-03 2.350140790087613626e-04 2.859640037946058395e-04 1.926718090347537943e-04 1.272090491269401271e-03 4.899756859177537992e-05 -2.163135726458640697e-03 1.193814011563111219e-03 -4.732802495821819295e-04 7.921644647037462275e-05 3.487038952453667831e-04 -4.985951448056216012e-04 -5.258484233300099193e-04 1.078807432952839148e-03 -1.986578950672662953e-04 1.480640270184499421e-03 4.094776946456061151e-04 3.636244832140035545e-03 -2.522488054640927447e-03 -1.304276257816504303e-03 -4.276961145469136000e-04 1.407609080533622509e-03 -1.926643138353012496e-04 1.582067020237215267e-03 1.187204758497777254e-03 2.082717764108442117e-05 1.141383052210984822e-03
1.956722170913695602e-01 1.830487613775479486e-02 2.474222256022971800e-02 -1.548038608259511006e-02 -1.486120676267928091e-02 1.428047090389930780e-02 -6.747668165574523345e-04 3.040643328113532863e-03 1.313666437737878549e-02 4.507008457169290119e-03 1.736418528615622184e-03 -1.852262221867781227e-03 -2.210085926126364488e-03 -2.850981608410115952e-03 -5.473558935442112555e-03 3.064403626816432791e-03 -9.879436069243931456e-04 3.344766044275019733e-04 4.026029386838465320e-03 2.118810473656306502e-05 -1.822384146808217953e-03 2.973600368953462471e-04 -5.198112963356573074e-04 -1.184332482956495668e-04 -6.587521349324098338e-04 -2.055641085304757160e-03 1.404170214925639943e-03 1.447489347797317359e-03 -2.145102485800447472e-03 8.227316429286654327e-04 -3.346571109484056594e-04 -6.839600221639126907e-04 -1.441916547040650743e-03 -8.478528527301772274e-04 1.317056751539832579e-04 1.485291433806467656e-03 8.015073084368115955e-04 -1.482625111098371824e-03 -7.998076357046147436e-05 1.191708617828875227e-04 2.127309374603717374e-03 4.676375851629782621e-04 3.609949246710878064e-04 -4.803450199059748410e-04 8.092987522944276695e-04 9.537983969430607282e-04 -5.077655576923956562e-05 1.105579233874766078e-04 -5.652940379394527258e-04 -5.478493578107193054e-04 -1.105545690530028788e-04 -4.793995958840848956e-04 -9.110460982265088407e-04 4.635487470792074038e-04 -6.578713162827033462e-04 3.653939590455649580e-04 -7.340238637368771491e-04 1.294491198511199819e-04 -3.569930172798156556e-04 4.110958964634790183e-04 3.694266668464054704e-04 -1.405169797996946737e-04 -1.068884530342414279e-03 3.093286102882922229e-04 1.194893791730899062e-04 -5.436887428184698908e-04 2.906996849461766026e-04 -5.912771336753906324e-05 3.803676197664933875e-05 -2.015806876049188086e-05 -3.407298107696105842e-04 -3.524964690441957844e-04 6.017148086128545643e-04 1.257921111925759303e-04 -1.408161280410256868e-04 9.843602391628682895e-05 -2.174556051161655331e-04 -6.072309743851410932e-04 -2.398881802452430248e-04 -1.130110811232670591e-04 6.641827146498287130e-05 5.290995149798677745e-04 -1.710876028054090473e-04 2.405229834303494014e-04 3.541822520696119060e-04 1.935866665392768019e-04 -5.377374390658228075e-04 6.849496981534082584e-05 -3.230484069241764712e-04 5.041883331952935857e-05 4.397786959128695836e-04 -6.225358277193409999e-04 -4.360057704450538349e-04 1.296804450700587345e-04 -6.222334424749085505e-05 -2.370416129500873160e-04 1.309420634033375602e-04 3.040265671403850488e-04 4.397846785203940348e-04 1.483826372574783030e-04
6.149955647982497525e-02 1.827004107539797334e-02 2.305369663461987254e-02 -1.785151528982629673e-02 1.455073651277583903e-02 1.434234874078225974e-02 1.055967328098802484e-02 9.490890857232529843e-03 -4.733511084173492103e-03 5.878809815979696603e-03 -4.775665808386754573e-04 7.246995764671459181e-04 3.805657165606581450e-03 -1.339805471380780448e-03 2.016876360230747487e-03 2.040079598035639437e-03 -3.691257659130322839e-05 9.390755452883717920e-04 -2.244478495539295633e-03 -1.694780071650874801e-03 4.810743945901204723e-03 5.213496246363459553e-04 5.374533463764077321e-05 1.400532078101087785e-03 1.840889725031465921e-03 -6.160528201408670742e-04 1.107060963004120446e-03 1.622123448040399974e-03 1.239780210711728670e-03 -3.268631588612075888e-03 -3.961166529026845674e-04 1.653108395133380364e-03 -1.915539002282284832e-04 7.620760103064701816e-04 -2.066636097544724202e-03 3.358892757070706405e-04 8.818925388495547175e-04 5.233133562110500996e-04 -8.249555511250800804e-04 -3.448547088829839583e-04 -1.412343125608837499e-03 -4.388982939054632921e-04 4.939316973714110229e-04 -2.565900479917720880e-03 9.706660833815151457e-04 -2.045596828842255032e-03 7.131453081431968211e-04 -2.963671572380212316e-04 -1.484712004692665755e-03 1.148737120987208468e-03 1.142033849844734496e-03 7.656103412173731601e-04 1.941171854761485982e-03 -1.024356638258480711e-03 2.187612065915479475e-04 3.748314554789883507e-04 -2.140939425613715835e-03 2.202608516313255167e-03 -2.284931104181159821e-03 -6.548280984920555343e-04 -1.424392259435598024e-03 -8.874784867479134894e-04 -2.040258792408245012e-03 -1.601592772068304298e-04 1.053750107621282545e-03 -9.555535639995662786e-04 -8.213126893123964822e-04 7.748250373656086903e-04 -1.908772958877705955e-03 -1.576257170065931785e-03 -1.861119401918612812e-03 3.649029399572809116e-04 -1.990260489870050113e-03 2.309332844112658555e-03 -2.327519536122501544e-03 1.712294558707505663e-03 9.369219822148357885e-04 2.966608681056595912e-04 1.548606611066850663e-03 -4.546001667803587745e-04 -1.583078146371726612e-05 -2.827982756697787915e-03 -8.277090978479820357e-04 2.377693822500298072e-03 2.112409309297987872e-04 1.125828837917267061e-04 -1.148602049445870662e-04 2.906595180660254189e-05 1.000140661113426430e-03 -1.751521651919828258e-03 -2.450979570314110005e-03 -4.956068443572048121e-04 1.536934896542862519e-03 -2.432785022546361288e-03 5.161655950433416016e-04 7.615755428870395888e-04 -3.316975166488791613e-04 1.713436107318154619e-03 -4.139150598368022851e-04 1.695412691433777457e-04
1.443844110524656887e-01 2.557844359271661989e-03 4.755696430479591872e-04 -6.361419343656145309e-03 -3.524823501244928655e-03 9.865224665109013566e-03 1.287754491959383629e-02 9.157523984658913962e-04 -8.557778836131330231e-04 -3.532575139297305499e-03 -2.965961184276904965e-03 -2.859190351814146561e-03 -2.114172047135190816e-03 -2.420403697175020630e-03 -6.207489199337815414e-03 -1.978116494541390293e-03 -2.711137307914179579e-03 1.775459873207938747e-03 -1.805740585259425031e-03 1.104834491386844260e-03 1.870457282941309120e-03 -2.637697052772179900e-04 7.050736554286244663e-03 -3.052877118677011208e-03 -1.648120595208436455e-03 -9.447190838022294845e-04 6.314496019693291657e-04 -1.197594587940037109e-03 1.509135767281893827e-03 -1.449324852184491908e-03 5.424396677506903826e-04 -7.048106674897526482e-04 -2.152109418038431051e-04 -1.982138775387781368e-03 -1.864661281003749662e-03 -2.051120369133229652e-03 1.769161037950554589e-03 4.397737308811335206e-04 5.023456722695579090e-04 1.464405462115908694e-03 -3.531525971418882602e-03 -1.054086454519824207e-03 2.876506803584939070e-04 1.624586676670528116e-03 -1.472684004174500789e-04 -1.069031505228838818e-03 6.783656578996756026e-04 1.869718397520224451e-04 1.393150966745521427e-03 -3.206159470120687046e-04 -1.976002820460308232e-04 -9.975176690229965726e-04 4.184572683154983141e-05 1.421689449623075819e-03 4.013770874160172580e-04 6.405525556931278676e-04 8.961616451772354492e-04 -1.287370304108430849e-03 -1.547026783955564484e-03 -1.693392150545426818e-04 6.298199975750819971e-04 -1.684457209817405519e-03 -1.739635333463695793e-04 1.321098460409924529e-03 -1.563402856940405549e-03 7.389662010072876094e-04 7.094881481127059998e-04 5.198758477619579025e-04 8.215107813853244050e-04 2.694082322269787666e-03 4.724061539693612168e-04 -3.815505118789816160e-04 -1.066671832718877515e-03 -2.046668242153541328e-03 -5.930336437191042239e-05 -4.584233684478101968e-04 -2.302263108318935124e-03 -1.908513348162967993e-03 -5.079317415676066778e-04 -3.904537404820537360e-04 -1.322623502498805354e-03 1.526936613071024290e-03 -1.243754874602197216e-03 2.500872922239210684e-03 2.861625230507083926e-03 9.393994564241644639e-04 -1.810881254420789854e-03 8.012019765943632953e-06 -1.272268426687107315e-03 1.109932185947538940e-03 1.583468926642612453e-03 -3.085305733259135477e-04 1.546593589809050961e-03 -4.640368115946774772e-05 -1.482183941294118370e-03 2.030401078840252886e-04 5.831359615669479525e-04 9.927227672467506432e-04 2.985310849158048481e-04 1.465408028768826372e-03
1.940170300500440870e-01 2.989412384622768676e-02 2.289290129940549021e-02 -1.947114683938390087e-02 -1.176218452264431516e-02 1.433971293961632323e-02 -5.101234752163802660e-04 -3.286105125716308993e-03 8.469112889769909655e-03 5.805023087369893739e-03 4.295149290638131459e-03 -1.624997918345259199e-03 -2.800330155608295526e-03 -2.234260100681546932e-03 -3.935402709231690041e-03 2.339727842808541486e-03 3.839858683989737058e-04 2.904673252344497705e-03 3.175506935686948310e-03 -1.174719471837528534e-03 -7.606792053355234317e-04 3.621144279684145278e-04 -9.219013819002529935e-04 -2.242920455865443456e-04 -1.057539929363281563e-03 -2.746434947804083553e-04 -4.171600370165044151e-05 3.125386076640108068e-04 -9.311808145321456018e-04 1.045449385017187564e-03 1.217419699032261078e-03 -1.409565412048103096e-03 -7.522443888246512986e-04 5.625042012654709982e-04 -4.730171418745459668e-04 1.356533550818696688e-03 6.412845961238702050e-04 7.318714022951342034e-04 3.323123675727890892e-07 8.569054986878991715e-04 6.006062896230100930e-04 1.205921743324907583e-04 -3.657302980916023291e-04 -7.690663149332522186e-04 1.086192916728361555e-03 1.249812369097221421e-03 1.073668121437485780e-03 -4.748377520408801253e-04 5.615053117300212570e-04 5.369799653140339309e-04 1.013947328398246599e-03 7.639322547575204078e-05 -1.571187999396516917e-04 -6.919078577619882427e-04 -2.850088598511047659e-04 -1.175922624400179816e-03 -1.208610969927216170e-03 1.426940727865973028e-03 -8.248406974875981384e-04 3.747475828060196261e-04 -1.966664261177453708e-03 3.564467680619080284e-04 -9.578073012414489674e-04 1.590327618133158911e-03 -1.346806378304134851e-03 -3.036524024818518957e-04 -3.753688669573248876e-04 -4.618556370431415475e-04 -2.940577959915182163e-04 -1.677727103564677401e-03 1.744324252971757696e-03 2.472897293884690397e-04 -3.502060151055856607e-05 1.517769897952077904e-03 -1.266816264239159235e-03 5.281960674267878767e-04 -3.129634446565593810e-04 4.085576692425799041e-04 -1.286886447337832681e-03 -6.087954169770525107e-05 3.909766721922323419e-04 1.484325099370882714e-03 2.149548499346404327e-03 -2.156464545214728697e-03 8.303172860857913539e-04 1.229952608109541974e-04 1.881676586538364197e-03 -1.882645257710366784e-04 1.082857781988420635e-03 2.384407607526174613e-03 5.371374451495879035e-04 -3.797032954566246675e-04 1.671582869523775372e-04 1.373262882512110575e-03 -1.405900187731157084e-03 2.583245356203466210e-04 1.719552154038852480e-03 4.101733515836389430e-04 -1.173508660894982377e-03 9.367488476743480834e-04
1.608449219566803756e-01 7.771073665306302974e-03 1.682024841959504566e-02 -1.553075490801422535e-02 -1.131217274657879022e-03 4.529863601046246920e-03 8.673762048824362747e-03 7.453905597600458954e-04 6.652271817068575524e-03 -2.293966476688890168e-04 2.520425784758575038e-04 -2.122281650904205702e-03 -1.565912984556951841e-03 -3.197433983473230330e-03 -5.200244080079993551e-03 -1.702667547894733862e-03 3.052191106411134783e-04 4.211278475498560388e-03 -1.234318177999964034e-03 -2.610545874487990082e-04 3.074738372771577966e-03 1.366298621355737969e-04 4.327325782813794611e-03 -1.174591512184120640e-03 -8.095647534489902944e-04 -1.831082387600612782e-03 2.185951358339945007e-04 -1.617443804825995004e-03 1.263117490735411741e-03 -2.532712710491605984e-03 1.835320184187463769e-03 -1.300666799774983671e-03 -2.856617512481250025e-04 -1.306243820249207649e-03 -6.855174938899175324e-04 -2.460747086689716277e-03 5.224863648021060153e-04 9.892356855435114824e-04 7.657623140161029605e-04 1.725596663363993758e-03 -2.163943596697313725e-03 -1.166825863804227172e-03 -7.448661122457899807e-04 1.435800464976155766e-03 -6.313532426925370445e-04 -1.897048003798415712e-04 2.070054326779555717e-04 -4.402975384006341101e-04 8.899525129141385230e-04 -2.729373786793729125e-04 -1.184899436173904828e-03 -6.324691338250185363e-04 -4.414583414930555003e-04 -6.167285905538169837e-04 -3.629159440317822750e-04 -6.491978464357903936e-04 1.025042526036851545e-03 -7.225376370444835548e-04 1.593249244983609494e-03 -9.694169145509026362e-04 2.521454456150561997e-04 -1.188433879813552549e-03 1.428446668615686354e-03 3.257593007471388451e-04 -8.894519211015556844e-04 1.416649405719538229e-04 2.056228388616365710e-04 -8.968895281126610221e-04 7.783241202351183540e-04 7.348698514833876781e-05 4.173499197326840200e-04 -1.882906695425674403e-04 1.314870539041629088e-04 -2.173973017525119807e-04 1.344339136159234012e-03 -2.242819795259294677e-03 4.702255200101681230e-04 1.074913446595122902e-03 7.449746236617540486e-05 -4.743638948968079139e-04 -3.014095093703509525e-04 -9.358574346039528775e-04 5.665499072524095509e-04 5.869997496973654348e-04 -1.924657694353586104e-03 -1.158172513300887536e-03 9.932883840829162363e-04 -2.448548798563334860e-04 4.159136661848212972e-04 -3.111039397129131351e-04 -1.334647873970474337e-03 -3.542421603857884185e-04 1.003557306939259356e-03 -5.867886655501522962e-04 9.521847720557677494e-04 1.572473908060204192e-04 3.752787293441714228e-05 5.017105419328812127e-04 -4.602896286070152468e-04 -4.495150626089363137e-04
2.116974593651075598e-01 2.428683150488758491e-02 2.175023726638315724e-02 -1.549128657808050528e-02 -1.869934001024653458e-02 1.091390382186331609e-02 -2.868272293796080182e-03 -2.000858596340394924e-03 1.299762116787048921e-02 3.318105542741708793e-03 4.010179914924446101e-03 -3.043706741042979339e-03 -4.074613825624444179e-03 -1.841699182305714172e-03 -4.767903736920115626e-03 2.207564001454730401e-03 -3.215106477159917391e-05 1.425863482637488655e-03 5.178883179560302835e-03 7.085015109104085692e-05 -2.504220465376157459e-03 -2.172674713596620144e-04 -1.314352590672612352e-03 2.503646350916905990e-04 -1.226396412498125324e-03 -2.235397322576004506e-04 5.638184160153931427e-04 1.307844126963464545e-03 -1.791622609975494036e-03 1.690691288387713258e-03 -1.847824925717443185e-05 -4.713065330084698296e-04 -6.933048090032809798e-04 -4.725084102272103384e-04 1.313161319481845573e-04 2.215349698137225251e-03 1.281460439718634875e-03 1.413522895531760845e-04 -3.145701940885542208e-04 9.095121741278893151e-04 1.805877259172184151e-03 -7.924373671908341646e-05 1.876960912350536645e-04 3.594546133468927971e-04 6.052732136815515418e-04 6.857800214478872863e-04 1.032713972524911721e-03 -8.940723385429304388e-04 4.412819306228879610e-04 -4.752553376112868570e-04 -4.498091546790863415e-04 -7.857932238213980369e-05 -4.448965198056834859e-04 4.881341315565888503e-04 -7.039714995471736594e-04 1.385671226074932261e-04 -6.921376330517244350e-04 -2.815796592425937850e-06 -5.061042418900008185e-04 1.057755886349564340e-03 2.870759123944213796e-04 9.683531581463342749e-04 -5.531119532465935415e-04 9.550380405049055952e-04 -1.720194227439195763e-04 -5.396591533086288715e-04 7.679149783710508079e-04 -7.471924706258812948e-04 -6.820496439786892236e-05 1.452804226744311455e-04 1.103570328830948751e-04 9.800179785384214269e-04 2.884880833989935962e-04 -1.971105344996066722e-04 -7.083325817968499482e-04 1.076582069887534318e-03 -1.756849297012597240e-04 1.910499018766719155e-04 -6.530736730665177760e-04 4.146484169391555013e-04 -3.396062490760447700e-05 5.710546722922313096e-04 7.445186809167672008e-04 -4.924582732682142435e-04 -1.455854877213581149e-04 6.435313925835516339e-04 5.583709793523474645e-04 -6.562228091001633395e-05 -1.831282466150044449e-04 3.706901669247188559e-04 -3.428486506487447562e-05 -4.829872161480184585e-05 1.482499590987974348e-04 2.969157155095430252e-04 -2.215391201934046347e-04 4.228782172115372350e-04 7.358460052992864698e-04 -2.838483262982233689e-04 -4.821822488617588903e-04 4.331859879453784398e-04
-5.742000959093299106e-02 -2.361705434503691241e-03 -9.817853732042828782e-03 -1.514163118017672512e-02 -8.645596600160211642e-03 -8.988867106771514584e-03 3.006856766162245218e-03 2.825465138282906487e-03 -6.662206872493858789e-03 1.012700806078282957e-03 -1.585049250653828255e-03 -4.378646342528673971e-04 2.376652044595722445e-03 -1.660467673770661332e-03 -2.248492198822229018e-03 -4.958178394594079785e-04 -4.855864818213632798e-04 6.220585016486808059e-04 1.148609080254154105e-03 -3.060329114541016733e-04 -6.249992571399521236e-04 -3.836548546369127630e-05 -6.094139175085159415e-04 -1.049457810165684490e-03 -5.170996622745806524e-05 1.293227479989863486e-03 8.291951883727847561e-05 -1.405479500578765781e-03 -9.669159186734977828e-04 1.474629477856477132e-04 -8.950806957858818474e-04 5.154065240097357135e-04 -5.904828894650504707e-04 1.342285390885291502e-03 9.042447733278852467e-04 -1.440633630310113756e-03 1.785114448604124021e-05 -7.469761986501669525e-04 -1.262006196824711401e-04 1.259197495674103419e-03 -8.624672430574273829e-04 -7.054891700536179775e-05 6.413336562380624875e-04 7.928331422044138837e-04 6.511692050075914683e-04 5.510190751462878782e-04 -1.523664708753096617e-04 4.353878272873631505e-04 4.883789794621215758e-04 -1.132575432919218300e-03 1.941685486308046744e-04 5.467195964433217828e-05 4.529889091649343439e-04 5.478794658411123520e-04 -8.645330323642734906e-04 -8.413632078297757699e-04 -4.570175242359947212e-04 7.148617241869549901e-04 -9.040411755988648351e-04 1.647551315393248764e-03 1.656776644031821141e-03 -4.415990228501462931e-04 8.050646713353593216e-05 -3.731365257648670678e-04 7.392253151504987263e-04 2.581859029927789347e-04 1.261670818626848059e-03 7.416259299352291785e-04 -4.579240731902151887e-04 -4.493659524382736126e-04 -6.688992835376352452e-04 6.735708479130403077e-04 -5.854889790187842299e-04 3.748016833847046380e-04 2.111636467768462976e-04 -1.904938198980969731e-04 6.939876025082853100e-04 -1.001332520090248172e-03 -3.817524067754601174e-04 8.342970368239064575e-04 -1.976307117157970184e-04 -2.632479480106253325e-04 6.678985655812947914e-04 -1.281584099991987672e-03 -5.139229616030608402e-04 1.079407857936348321e-04 -5.576285564881315170e-04 3.237544686567455634e-04 1.101213766323485546e-03 -7.637648915202489017e-04 6.718143122603743118e-04 -7.583878653440414468e-04 2.349492404047298720e-04 -5.865575037869024148e-05 -1.411930783718694368e-03 -1.187859858584599561e-03 -2.463535919503578083e-04 4.537571185693308937e-04 -9.199214329891635972e-04 -1.317648528164437789e-03
-8.699139648101129885e-02 -1.830654260773634245e-02 -6.825327275552240704e-03 -1.148411008433299595e-02 -8.389707003919499861e-03 1.057609136247854124e-02 -5.515392160827745256e-03 -2.482037044665815406e-04 -2.149289672348397850e-03 -4.826618003279057982e-03 -3.239916824748046245e-04 5.456343561949897640e-04 4.090382191221544721e-03 -2.148569608198459715e-04 3.736789502058797006e-04 -2.723711974563208533e-03 -1.277521549591384767e-03 1.747846648637662681e-04 -1.448708306573550774e-03 -1.146178617682904475e-03 -1.302343732574372985e-03 -1.971109825081618122e-04 -1.484040396343559753e-04 -5.640883990251874822e-04 3.620926016140790316e-04 -3.484064550705531240e-04 1.264059931047815770e-03 -7.917425766004968510e-04 -1.518729826988877681e-03 -1.715790882872215463e-04 1.440039511341345514e-03 -2.432156421798102727e-04 2.390724735170390869e-04 9.229386949683495702e-04 7.331551879714955566e-04 -2.768263605504546541e-04 1.199031397118461304e-03 -4.691570702788403586e-04 6.739243298019500800e-04 7.178502507032449680e-04 3.328800100148426584e-04 -3.778003982746670655e-04 -9.004255465841343436e-04 4.296496215115747281e-04 -5.389997270617324010e-04 -2.473035722617126131e-04 -3.132210678215686483e-04 9.914953900745293786e-05 8.048612688415669866e-04 -3.077355988752039921e-04 -3.450672897164098877e-04 7.058450320274252832e-04 -3.757622396330805481e-04 -5.596541072793131781e-05 1.612028382620744925e-04 5.020492571954882316e-05 -3.954053389506958930e-04 1.089842801209808939e-03 -2.592397024950482599e-05 9.941019314318433851e-04 -3.984500237598553114e-04 2.592111514711557905e-04 -4.243270149977465934e-04 3.239627596353556079e-04 -4.585724568826679559e-04 -9.081753325065360831e-04 4.351599063085581621e-04 2.003071883553225686e-04 3.554732051867865372e-04 -5.567637609824212241e-04 -1.356661829131763843e-04 7.837176553676065017e-04 -6.524886173959263801e-04 4.597668967686502394e-04 -2.402374351234409918e-04 -8.919404039730521958e-04 4.759763190562613620e-04 -3.166128799185298276e-04 1.641364365092124313e-04 5.040957630013839482e-04 -5.314106255965252764e-04 6.182235572496861667e-04 -5.860749203504154667e-04 -1.771116376254209472e-05 5.616013394998321698e-06 3.805041500728278503e-04 1.336368509459866271e-04 -9.954600970462054222e-05 1.028514842202066373e-04 -2.264771547153836728e-04 -5.228618790176463305e-04 1.400553802708964909e-05 9.391486533464031030e-05 2.514767257323332673e-04 3.658324405681519101e-04 -9.058483336026446184e-05 -5.445947057001193506e-04 -6.164197595157418523e-04 3.751510935468206263e-04 8.270485823991142191e-04
-5.218201180103618914e-02 -1.802712950141197729e-02 -5.366758689129798483e-03 -1.513962148265598877e-02 3.708332372620322566e-03 1.430606089160072446e-02 2.616631237241837625e-03 4.458790239248961590e-03 -3.985590191038202411e-03 -3.616480900996633680e-03 -2.476649395215698313e-03 5.119007801808046461e-04 2.234660881281007230e-03 -1.142781009011187461e-03 -3.395683674943594322e-04 -3.275189325220576996e-03 -2.156439422814004307e-03 -6.481892283417072746e-04 6.630046653185846456e-04 -2.433250871119212519e-05 -1.890748817504381068e-03 -4.117299683979754716e-04 -4.282758594558212241e-05 -5.959186901497351809e-04 1.432971681525059158e-03 2.131001442203424908e-03 -7.866397507898434914e-04 -1.575879278279982039e-03 -6.608693628871982820e-04 -2.766012077845484275e-04 1.159389179830820057e-04 5.449426785871557335e-04 1.188145971888589399e-03 9.346171082323799810e-04 5.682064614069398103e-04 -7.323508692440022913e-04 8.192407076311828676e-04 5.957999738932278413e-06 4.711502991728703290e-04 -1.184075200637933062e-03 1.790949784411381565e-03 -5.228334893651797807e-04 6.035610332627712980e-04 1.247464367335620900e-03 -6.061829907207540559e-04 7.518885017742823161e-04 -2.833459053092802376e-04 9.379293680329434200e-04 1.414589431478303558e-03 -3.158886694236262408e-04 -1.051705025695112705e-03 3.891795859609797383e-05 -3.021015463157781383e-04 4.692012337843283042e-04 7.384014561067993596e-06 -1.746613333877344929e-04 -6.796387391377982628e-04 1.350759775244509200e-03 8.798962488255391862e-05 1.100344058083927053e-03 5.934452928941625445e-04 8.678094608695789214e-04 -7.543796981120312996e-04 -3.356582255647758053e-04 -1.194285937156617941e-03 5.267912874867151842e-04 9.624983813860559011e-06 -4.676109818425331428e-04 8.053570037209069723e-04 7.983824085556849841e-04 -1.757101351837807432e-03 7.694041012787070002e-04 -1.381779284505245614e-03 9.556058774764933719e-04 7.432859123835912005e-04 9.237250338100475586e-04 7.446624089081176458e-04 7.180681170907137357e-04 6.084182868561688112e-04 6.700426421607557021e-04 -3.576579943920467808e-04 1.148565040530889671e-03 -1.417543535000920848e-04 2.870252878153659384e-04 2.816880004620790417e-04 3.054114671855914353e-04 7.476493786914962083e-04 4.550382636828228123e-04 5.771563583508569108e-04 9.014391464133960285e-04 -3.056584367044810555e-04 6.750775881382693700e-04 -3.001577688280818255e-04 1.920566528271155406e-03 -1.126755354863820846e-04 -8.260922865358705019e-04 -9.396022681316679040e-04 -4.757546589267476912e-04 -2.061767931059052224e-04 4.648663875001494039e-04
-7.671634465556619042e-02 -3.934337175479299918e-03 -1.354361708278185687e-02 -1.732097683470596935e-02 -7.921958306444997627e-03 -7.728332308634552894e-03 -3.013572611667609310e-03 1.386642384983758627e-03 -2.562916466870162474e-03 -1.306290439022944399e-03 5.540660524277791089e-05 -1.713163935006788434e-04 2.896582772663169967e-03 -6.521868272325069072e-04 -2.544632100547627312e-03 -8.341339218085170280e-04 -1.396681622257225875e-03 -4.034345948696797606e-04 -4.916142557584921025e-04 1.282387635276651392e-04 -2.195175076107051435e-04 1.856675297495620491e-03 3.196317480271891978e-04 -7.350629380257843026e-04 6.879370739941133642e-04 1.202433595791049158e-04 6.449523763100582698e-04 -8.757395380445907049e-04 -1.171298894820001170e-03 5.479362087611414642e-04 7.016444871444753317e-04 -1.134345796664482765e-04 -6.287134903079891245e-04 7.572278989863382445e-04 -3.677276736026536749e-04 5.262972350747866011e-05 1.822176279586623985e-04 -5.298295250227004439e-04 5.210766890205580397e-04 1.331625516767747644e-03 1.610745090096437704e-04 -3.060932647720989515e-04 -2.997464915367350200e-04 1.063920444799580271e-05 8.066488157099060670e-04 -1.066696512861352785e-03 5.292654145531663261e-05 4.154422006544256627e-04 1.721429848693717315e-04 -7.663776820583017083e-04 4.563967832731095388e-04 4.167969383180697126e-04 8.293681875689738400e-04 2.997147322965624432e-04 -1.016572524526795571e-03 -9.569683018888082123e-04 -2.004588102703667638e-04 4.326374006407533593e-04 4.999998421560798928e-04 5.182227341438250907e-04 8.911042919193953252e-04 -4.057701511210698268e-04 6.693392458352927926e-04 -4.665290197383577904e-04 1.117944632044300850e-03 4.685051998304846530e-04 2.779888627093435338e-04 2.233703829567932546e-04 2.520894230271339843e-04 -1.058315454567368983e-03 3.746897278715642806e-04 5.766267134563141062e-04 1.687547490407457064e-04 1.404001265813743403e-04 -4.047160044504076589e-04 -2.129553126674549931e-04 -5.735848159778474944e-04 -5.521172967381836934e-04 -4.669918468126794822e-04 6.771924465679720175e-04 1.105569398973929915e-04 -3.968486837945959167e-04 1.999628516330263144e-04 -2.205470758565262481e-04 6.510091319643364046e-04 -5.435394461521644762e-04 -2.980791240231879091e-04 2.580369273906310394e-04 -2.212230321659814324e-04 2.386888963397347236e-04 -7.175211979281237505e-05 2.036145282080840621e-04 1.116663365250454988e-04 -5.752831367840578226e-04 -2.249340559387340169e-04 -5.148378978509744264e-04 1.832570375813172465e-05 2.839091506445979196e-04 5.102696700060311549e-05 -1.186639391036960509e-04
-6.642282411123934249e-02 2.631200602317084868e-03 -2.646032232882286617e-02 -1.304899059393326011e-02 -5.974900847451799710e-03 -8.314897945805935220e-04 2.428985626718964744e-03 2.431476250397302842e-03 -1.065268901409964107e-03 -1.894222363303884249e-03 -1.295907199311366678e-03 -1.498313210639448624e-04 1.604231283107527672e-03 -4.052220154646196605e-04 -9.873356142727036586e-04 -2.167561634233133600e-03 -4.114666538993852485e-04 -1.130382224854271575e-03 2.918257727097233606e-04 1.273008175715871493e-04 -8.181736630501573694e-04 1.056525813127677385e-03 2.453862447062658825e-04 -1.601305382572460606e-03 7.965098314265354074e-04 1.550668600209181673e-03 -1.112711180457999624e-03 -4.283460179179466080e-04 -1.141187714056239805e-03 2.242016759374690729e-04 6.804351010623428068e-04 6.422796065900894047e-04 -1.353440722258900499e-03 6.688052986138610326e-04 7.026891553387684805e-04 -4.238015609058295448e-05 3.376222201133249065e-04 -8.398918437466141066e-05 1.074450147267495088e-03 1.193663613800050906e-03 8.276862308413484269e-04 -7.383938475537209483e-04 3.452133496261697884e-04 -1.642918886967586014e-04 1.632061498922396858e-03 -4.588137858404890625e-05 -3.848958805928577543e-04 3.740013494088562313e-04 4.790481736635201267e-04 -1.306868883816975644e-03 -7.483745084803786803e-04 -5.984924615566474503e-04 5.637727889732140540e-04 -4.625276213379536476e-04 -5.046596303258865050e-04 -2.855597285247363546e-05 -9.766418163215273996e-04 2.886818109771689331e-04 -8.009489557674501583e-05 1.675380389903599122e-04 6.403138423541642789e-04 -1.882870904739279727e-04 6.271951889052238081e-05 -6.746863029606930701e-04 6.722845311235646059e-04 7.969874828831794919e-04 -5.331284273268979430e-04 5.886005739568732353e-04 -6.422776582355278416e-04 -6.737142083556600441e-04 5.336015196480473326e-04 3.652006418171506279e-04 -2.309744807713279963e-04 -1.847509922112751553e-04 -5.966386156340148112e-05 -1.067051721757574320e-04 -6.893673355433209676e-04 4.498087402917827363e-04 1.840401113499193632e-04 2.006578381039724802e-04 -8.354160969197728923e-05 1.598345565565217907e-04 -8.298902913293486230e-05 -1.187437916116492218e-04 -2.742529043748280124e-04 7.840793826578275967e-05 1.425690743935731938e-04 -4.774362280850435016e-04 1.824667324578475728e-04 -1.649230823593179668e-04 3.753929430482863257e-04 -5.391224498568402074e-04 1.940666246853508666e-05 -7.822931820016849761e-05 -1.441738780782378230e-04 -4.197559131203203045e-04 3.186983640623973794e-04 4.209378709462433736e-04 9.477480394991541984e-06 -7.813487767814587771e-04
-6.030113078438189417e-02 3.134052915975152082e-03 -2.542266489251918810e-02 -1.294609082884562966e-02 -4.686345606964566028e-03 -3.405755560998218259e-03 1.331657457744559250e-03 4.177040444760430661e-03 -4.593071546972370611e-04 -9.580151757678451521e-04 1.412179991838388546e-05 -1.117848018066328606e-04 6.540118977694775980e-04 -1.076591996789859861e-03 -2.343493385107938743e-04 -1.648335308987550077e-03 3.221134302331152581e-04 -7.762668594325288982e-04 7.918853387411163049e-04 6.563804347164578458e-04 1.934842592842590949e-05 1.495869772469161051e-03 3.090932362863756415e-04 -1.301983116876747476e-03 9.572424938352344995e-04 1.680461431486220516e-03 -1.456892723880949319e-03 -3.415725277208962263e-04 -2.172183682375836340e-04 1.166672810360204639e-04 5.399484978728439190e-04 9.637867278071670773e-05 -1.275196832969609012e-03 -5.902977635102962632e-04 2.705673626739988919e-04 3.966486773331741821e-04 7.819933473970724046e-04 3.814813144394506485e-05 6.533786194806637379e-04 7.595265411501494904e-04 1.683317576940371058e-03 -1.097435412617111606e-03 6.504381150941180830e-04 8.234256242950150143e-04 2.033134593383661461e-03 -2.957238842503000036e-04 -5.198912735346552941e-04 3.741970028673489860e-04 -1.611084100467746413e-04 -1.833375767033240678e-03 -1.134585556097519020e-04 -1.997194823866387751e-04 6.567998148261008093e-04 -8.054883538819377882e-04 5.242977149495487398e-04 5.506894278566933922e-05 -1.372940568663688198e-03 -5.741132257000610816e-04 -1.825631412909788898e-05 -1.027885714410571149e-03 2.318053507127336692e-04 -3.319201059985790346e-04 2.443977889760824218e-04 -6.849451930414687242e-04 3.965148104736620788e-04 7.292597930727651254e-04 -9.425276845992647257e-04 9.383110473974841262e-05 -9.188353493886687205e-04 3.109372680493727452e-05 1.212850160923595755e-03 -3.230691157186658165e-04 3.678944302295642394e-05 -5.047911635987119283e-04 -2.142218464572462626e-04 -2.976778793082186748e-04 -1.215440826755228437e-03 2.289271199267008388e-04 1.385019388810382031e-04 -5.237913382869578130e-04 2.306848943454056647e-04 3.126389113119035549e-04 3.588531928822391668e-04 -3.292580113707751686e-04 1.269474914266206995e-04 3.521763686150210996e-04 -3.976071216832220007e-04 -2.169866833679421887e-04 9.106938150862453141e-04 -8.827450270503018779e-04 -2.379110370935381676e-04 -7.338472656605379840e-04 4.429573810491282395e-04 -4.992417551958017131e-04 -4.527221379801798872e-05 -5.849062197364049073e-04 -1.141117861171333766e-04 7.375448087041721484e-05 1.847748021369527969e-04 2.128888116777721395e-04
-8.630784001572534836e-02 -5.437376241052486840e-03 4.185459237230656007e-03 -1.416589820939414580e-02 -7.644822509105500714e-03 1.448556880406180996e-04 -6.587832980562824577e-03 -1.441784477413910913e-03 -2.817897468164516032e-03 -5.551181183202217803e-03 -1.663729897602066752e-03 6.839662469326998639e-05 3.060600864341994805e-03 6.002377937693153523e-04 -2.584050820882371688e-03 3.964164023375340510e-05 -2.764892881193116003e-03 -1.016129079752226038e-03 -1.677245202463770960e-03 -9.890688075281004431e-04 -1.545746339746896384e-03 1.263176675231492867e-03 5.073372437333919334e-04 -8.453017900596167039e-04 8.118242263859777250e-04 -1.117886478828750748e-03 1.882372414309466287e-03 -1.170510277432597172e-04 -1.841563644002680231e-03 3.920052195625354282e-04 1.770374272176115753e-03 -4.429644527092090511e-04 1.460515401228722784e-04 1.276226327311201243e-03 -3.270996374352487025e-04 3.957666705421523804e-04 4.764462508747826434e-04 1.043732756463092159e-03 -4.960452055118060033e-04 7.500620352870786137e-04 -6.792712766437686116e-04 1.991572172020246402e-04 -6.462541715623988051e-04 -5.071753545097638927e-04 2.982037120528259130e-04 -2.310444152236525454e-04 3.397452420800586566e-04 3.196274313584899509e-04 3.917968763742874037e-04 7.412338867720105274e-04 -7.290385294520025801e-05 -3.043611470227752564e-04 5.542652422813681111e-04 -6.403182009461612584e-04 -1.147281443773228013e-03 -1.134811034148005496e-03 9.064756312308129647e-04 1.137317272562958850e-03 -1.082080794212613204e-04 8.961473099408847221e-04 8.860012690889391496e-05 -1.725936817437102102e-05 6.883985556757568234e-04 1.486180992249347117e-04 1.057402305134805048e-03 -1.324594694039453739e-04 1.746173239305646215e-04 3.898185119583957620e-04 6.622255259073419904e-04 -5.380871631241301162e-04 -2.007078994924871686e-04 8.965611280544714696e-04 2.284224420517290595e-04 1.377072220370933163e-04 3.745575763672566818e-04 -2.290833633140568334e-04 2.428269038875839982e-04 -4.596929239474379161e-04 5.305923437916121267e-04 6.906429367241694690e-04 -5.748178533513697468e-04 5.668484590827618276e-04 -2.655057397518326254e-04 4.701616147370983297e-04 1.596976391425733520e-04 2.470804748451810241e-04 5.281880719005390898e-04 1.019313992592106913e-04 2.375774283513166623e-05 2.628280044355788014e-04 -1.501852632217607394e-04 -3.224043775102537280e-05 -1.242997205345112305e-04 1.713836646300621902e-04 5.301899451451262549e-04 2.187494796356553460e-04 -4.849271633298000571e-04 -6.193095194958104805e-04 3.967239008500868312e-04 6.801159933100058789e-04
-8.642539615924038632e-02 -1.739386105542090402e-02 -2.204981608115521435e-02 -8.854966872145641002e-03 -1.028482201886666419e-02 5.361024027427756071e-03 -2.845812289768366934e-03 -2.691004722610190747e-03 8.590542907316182962e-04 -1.899928713594290159e-03 3.649264307120163222e-03 1.318795439353870336e-03 1.313752032166241521e-03 -5.612456576098595086e-04 1.659782227376979278e-03 -1.794914384174443661e-03 1.521754971986304323e-03 8.231338244907477914e-04 -7.669448152719235195e-04 -5.404313545837808111e-04 2.184166530441410386e-03 7.744758529728253474e-04 -8.745680226743077906e-04 -6.964270340489018326e-05 -5.265390687197013650e-05 -1.031629850624179220e-03 5.785737007902475330e-04 6.856153876555470816e-04 4.331718934580466320e-04 -5.548842288763045820e-04 1.343315773366492031e-04 3.491416086251984403e-04 -2.031672574514187517e-03 -8.308135666046295503e-04 2.435056476318923490e-04 -1.650191495238978122e-06 3.600260726400502233e-04 -1.495261829408687897e-03 8.095528082800847397e-04 9.851850845602032076e-04 1.117880546335060061e-04 -6.865995136340856527e-04 -2.452927235843815217e-04 -2.023509193639396993e-04 -1.680706976233789951e-04 -7.759097935040789326e-04 -3.699689275983427880e-04 -5.473991132290077213e-04 -9.086774249102311197e-04 2.241206471531654904e-04 2.946733170113018823e-04 8.937880142925835707e-04 7.539787660681297049e-04 -1.735847689043989561e-04 4.287552471394335488e-04 6.885053280085859590e-04 -3.551050848306890593e-04 -1.147895557880264567e-04 1.390435070907964808e-03 -7.513325496205322009e-04 -2.890090525729474167e-04 7.315999311999336907e-05 3.985642443375291195e-04 -3.635772059331700040e-04 -6.618235582846283480e-04 -4.789067387987993988e-04 1.348157673883814257e-04 7.137539375388067021e-05 9.558824429799617336e-05 3.846951962782419799e-04 -1.494489144786952151e-05 -1.231118906289275356e-04 -1.917067604788913774e-04 2.361043094404794535e-04 -1.193563943715464414e-03 -2.021481812046296736e-04 -6.143981682649177819e-04 -4.232057820500398506e-05 -6.177836939123077182e-04 -2.918532498023508007e-04 3.233678619305225838e-04 -2.407562611570226942e-04 -2.551837356540261666e-04 6.360157345342904627e-05 -2.006205074362680401e-04 3.522344372946723586e-04 -3.229308240611899724e-04 -1.945857110462134395e-04 -4.191041561025296157e-04 6.989771497310604898e-04 -1.099794344140849844e-04 2.894899924988547277e-04 -1.334555385291274490e-04 -4.814982988910534176e-04 -1.211195634691493407e-04 -1.595096305311289166e-04 -9.389574939726355845e-05 -3.727831347971713211e-04 1.231284419566027074e-04 2.438263085112370577e-04
-7.704367120101669741e-02 -3.678476423027036979e-02 -1.327679811483277288e-02 -1.014793885758160166e-02 -8.676083693281684897e-03 1.347902981713849056e-02 -5.404847247417595042e-03 -1.374851550843962525e-03 -2.860761504925955507e-03 -4.005557031271833948e-03 1.479984391823088675e-03 3.329433192131424184e-03 7.198340953391759323e-04 -7.812642736854472905e-04 2.187689945825866018e-03 -2.538251799280875909e-03 7.881274782817853904e-04 1.192482374558363842e-03 1.211205896604686683e-03 -1.404611072193202425e-03 1.710792861060327790e-04 -1.001064072828886011e-03 -1.633436618855777650e-03 3.430443893943399374e-04 -7.787617078667630286e-04 -2.343745271273744676e-04 2.029330180079937703e-03 -5.325475845390314046e-04 7.498738178201896833e-04 -9.852157857836078923e-04 1.323077823359655389e-03 -4.422696944756264372e-04 8.473994094470536096e-04 2.181916892561839324e-04 8.032227156895064939e-04 -1.082615326505919186e-03 9.171594044434851776e-04 -5.293082835835043708e-04 6.086982504440580349e-04 -6.144903966636391978e-04 8.474201253491249475e-04 -2.506682261614288378e-04 -7.826544559994370268e-04 6.656799342439338090e-04 3.772534859631679555e-04 -8.185127818743407431e-04 4.040339028832142914e-05 -2.021375686797824292e-04 -9.172647636813834493e-05 1.233285190870352598e-04 3.104986940227871372e-04 1.564150882930133782e-03 -7.682943384263819569e-04 1.408946763445050997e-03 5.790611448296718736e-04 5.451184953329685787e-04 2.258149338616909833e-04 5.186693703491394077e-04 1.570424100608350379e-03 1.294207345120376360e-04 2.862821164010473916e-04 1.277280694463364522e-04 -1.018810834220939708e-03 2.471057399605059140e-04 -1.080494521328677696e-03 -9.921827219372815303e-04 7.796931256051896917e-05 -1.993959288868854573e-04 2.963899277634032500e-04 8.628467547931783837e-04 2.718817334800397475e-04 -1.585658078500777265e-03 8.344698725219987256e-05 1.273877626113730606e-03 -1.302946959498402744e-03 -2.484354403838364759e-05 1.307228093564219700e-04 3.267373284644318815e-04 -5.222541858548330335e-04 3.397801352512873048e-04 7.449526828317113184e-04 8.038616923221583764e-04 -1.074620051334222335e-03 3.827370193029055383e-04 -6.288179077089177350e-04 3.188649831459429949e-04 -5.920171685114627253e-04 -7.404543176400029325e-04 8.450672688697451716e-04 -3.986384699694225779e-04 -1.002160634907575502e-04 -3.694843286953440565e-04 5.860659114305515624e-04 -2.983064329461103045e-04 -1.762558411342972494e-04 4.223221500510934440e-04 -3.500808131984803242e-05 -4.974148408935952388e-05 -1.277316382079132824e-05 4.544873925415663101e-04
-8.664360775844776041e-02 -2.980404225826863499e-02 1.213257414875588622e-02 -1.469388673974256383e-02 -2.985547228659998775e-03 1.073613778159141115e-02 -1.018270234984650253e-02 -1.781878878882933639e-03 -3.820056502670973915e-03 -5.472405078637894438e-03 -3.688691229792132823e-03 1.682533872322062240e-04 1.561999987661189708e-03 5.071180420132957072e-04 6.838785676212393591e-04 -1.057415229486081531e-03 -1.714581112824109825e-03 -1.157694386488414533e-03 -5.226802223106964121e-04 -1.444271834538776418e-03 -1.884165278173203367e-03 -6.636936287307202949e-04 -3.826601603803381321e-04 1.178670430898041575e-03 -7.757978548581044966e-04 -6.554025122945911046e-04 2.994750160169531734e-03 -2.861755269241255382e-04 -5.892163105359300235e-04 -7.860745091489678826e-04 2.298283706486634742e-03 -1.142570863738932895e-03 2.525759884072690305e-03 1.086996406693642100e-03 8.932594489674233317e-04 -1.704486388880821328e-04 1.420843170243178038e-03 8.881774904712729478e-04 3.391793737800540541e-04 -9.284982070823568365e-04 4.908785170790201571e-04 1.306415665348113579e-04 -6.169194564674754244e-04 7.110230382549505030e-04 2.742259154371531763e-04 6.481833584267505033e-04 2.420316024306185746e-04 -6.704120757005800320e-04 4.701174344616329960e-04 -3.151068480601594253e-04 5.399141570345859179e-04 1.170410370430746390e-03 -8.722051406654746314e-04 2.533727809433730378e-04 -1.468116301188559386e-04 1.515194138082752441e-05 8.197152448811495865e-04 1.689338943297319243e-04 2.364264764005143094e-04 6.135022894257470766e-04 -3.550469905453117647e-04 -1.576090523919648051e-05 -5.835727013483073137e-04 1.293202446239491779e-03 -2.754255068169588296e-04 -6.475291693112093534e-04 8.061000522159068610e-04 -3.609152719123057780e-04 1.107626612979220344e-03 -6.283757617281021711e-04 7.067593474104191722e-04 -2.976739294803492153e-05 5.466503604412235726e-05 1.037277701597082808e-03 -1.721818023061833598e-04 -3.952284117054184190e-04 4.207870351325750124e-04 -1.480607772484025804e-05 2.921168987077307723e-04 4.390481881461558698e-04 5.469686042207428820e-04 8.018690401720959858e-04 -5.182168400048181448e-04 1.512726631114811281e-04 8.481298489254941210e-04 4.298310708203305960e-04 -7.305166173482141720e-04 -1.863443400200752095e-04 3.587330459925783667e-04 -1.148240344407312806e-03 -1.053386913892200103e-03 -1.013154867862300332e-04 1.918255307569193316e-04 -1.833711020948038464e-04 6.423338080427300895e-04 2.319261534996786814e-04 -2.442652234516816032e-04 8.217407118791236590e-05 -4.898718095090688401e-04 2.258465422153398258e-04
-8.495218802816603687e-02 -3.354424404933795123e-02 3.078902002141011007e-02 -8.745434710462667710e-03 -1.067783059255179422e-03 1.093098400265993773e-02 -9.685061181659857313e-03 -2.361995881649215853e-03 -3.246153329298505016e-03 -2.635344987994728532e-03 -6.968034279218732890e-03 -2.281424434092437122e-03 -8.143725627345811029e-04 -2.605690912494378476e-04 2.944410041888873182e-03 3.560723324996065988e-04 -3.013052288296119187e-04 -1.879518988212828135e-03 1.416491171105644493e-04 -9.719763170818410819e-04 -5.916468794161089684e-06 -8.916954098561672001e-04 5.405405916067114805e-04 8.320693816571309801e-04 -1.817411567222445776e-03 -2.077322669964652973e-04 1.530009559194782419e-03 8.562478753601069671e-04 -5.750278100548540140e-05 -3.856332645637263129e-04 7.917817918043291081e-04 -4.520888871989102702e-04 2.273538362147059164e-03 3.391202861178623049e-04 1.545866050539180820e-03 -5.397581250612649376e-04 5.119160197299832274e-04 1.171000617938738105e-03 7.352652823477315953e-04 -1.404963082493951732e-03 4.182551412850995316e-04 2.603519300303110931e-04 2.066098650896548998e-04 7.091880214242998618e-04 8.329187564645204557e-04 1.042389598059870410e-03 -4.527957047317708551e-04 -1.802249786558515277e-03 2.567243442450712547e-04 -1.230908207578034798e-03 2.882823358571607155e-04 4.614934501974939703e-04 -2.753782603701907450e-04 5.369181329990945238e-05 -5.965955145794287666e-04 8.311517823334711426e-04 1.679548947105420349e-04 -3.374122383502115713e-04 -2.319197824749909698e-04 -4.983860973405279806e-05 -2.802351730946278673e-04 -1.846898800424152769e-04 2.757636835311012087e-05 1.413866140093572761e-03 4.395755140946429871e-04 -1.901962739226858642e-04 6.704313132817753913e-04 -8.373337498738981928e-05 1.258355969637645847e-03 -1.285644656913926317e-03 1.639047120392883626e-03 3.053160773715495177e-04 -1.409077353474258660e-04 6.961801897718061446e-04 5.842366937427315908e-05 -4.666853673566631502e-04 -7.872506400398389175e-04 -2.884316259091987823e-04 1.869480436732738051e-04 2.967515447145712380e-04 7.612965680209401358e-04 4.444448565025201688e-04 5.359905995943253310e-04 -8.113855285072328486e-05 3.662552241477997771e-04 2.344548637062866825e-04 -1.113744822426650282e-03 1.350271638415204628e-05 -2.695319289797513517e-04 -8.899609637731777708e-04 -7.629323243217288894e-04 7.723283465056750058e-05 7.437857990303926945e-05 -3.189591589299431060e-04 5.061111045004731144e-04 -7.036137189869947110e-05 7.326459824392814602e-05 8.544661263428053729e-04 -1.775479963541365782e-04 -8.586848064447311643e-04
-8.845343505853138499e-02 -1.361136691913707869e-02 2.180961569734500907e-02 -1.111922230236402249e-02 -4.508849804027249830e-03 -3.429623711964566429e-03 -7.732796547246035927e-03 -4.072710055904207697e-03 -3.737246305906770892e-03 -3.546278773335856220e-03 -4.272119896890756870e-04 -2.791959298267588253e-03 -1.006381554020019733e-03 1.296423357072991344e-04 -7.909685960510727228e-04 4.520710276051249075e-04 -6.424547548227857495e-04 5.967001602548721194e-04 -4.105370818677861943e-04 3.049348828007142896e-04 -6.072841549593531105e-04 1.559329563664855166e-03 8.958928133948681908e-04 -1.996325731627265248e-04 1.236538025731870978e-04 -3.316124270420685131e-03 1.473947662119279517e-03 1.100238269008591138e-03 -4.771556542640421352e-04 -4.581811775286594667e-04 7.749093806804777584e-04 -8.402010898385884469e-04 -3.290559013645708995e-04 6.983837706202707324e-04 -2.130072344728235376e-04 7.785761841940342732e-04 -1.474999213392091274e-04 1.208999314810212068e-03 -1.177004437123147949e-03 9.687372446948440906e-05 -5.870511659147112241e-04 1.918727843492734056e-05 5.190415732048382288e-04 -2.127640130609930130e-04 -3.053183106675383049e-04 4.123460533946253764e-04 -2.855887416417328124e-04 3.604877301783439286e-05 -8.964306443010748755e-04 2.715800787064625698e-04 4.152343970468107422e-05 -9.608176691579289235e-04 4.255103642259671325e-04 -1.124332237437906381e-03 -6.775103216515443580e-04 -9.939160448544654813e-04 8.057917952167927347e-04 3.649934994657909174e-04 -5.854574777155720179e-04 -2.956193354366933311e-05 -4.677435363931190600e-04 2.153818010080323130e-04 1.161253952366674350e-03 4.180414554959419537e-05 5.519620618680329662e-04 5.899490321502449220e-05 8.140517944026676059e-05 2.921365203094827508e-04 -3.121835010257713837e-04 3.916692706092821954e-04 -8.254337447478393361e-04 3.530898338486850399e-04 5.098407712371522777e-04 -3.579773458470222902e-04 5.287308197911102549e-04 8.432973737307247666e-04 3.675025516820062499e-04 -2.144875009266826427e-05 6.973481732690384183e-04 -2.555172351561095642e-04 -3.370499301977022489e-04 5.629833671536173777e-04 -1.401588319882962998e-04 3.226345646418805348e-04 4.117671519880182571e-04 -1.023918810972523582e-04 5.611619836118154946e-04 -4.123252896808236336e-05 4.037127415649953096e-04 3.265148871046709964e-04 3.734660350049272661e-04 -1.000577983321906727e-04 -3.270182000604582090e-04 5.205164499424913072e-04 -7.893093304105819796e-05 2.817262039398269326e-04 -3.016214455630875828e-04 2.603841321998112779e-05 3.211190336426773345e-05 1.317551267476082329e-04
-8.503955900894955011e-02 -2.407227517471367470e-02 3.916480495993557992e-02 -4.483981500655734483e-03 -7.118881640819788373e-04 -1.556648510232635759e-03 -8.582590045398274733e-03 -5.879462703129427308e-03 -2.957743232454014028e-03 -1.151295870626829190e-03 -2.719523614536611001e-03 -4.021261420523154426e-03 -4.150332737343533085e-03 -6.525753234700613296e-05 1.937607079520855657e-03 8.131097362355794566e-04 1.041768012962735910e-03 -6.156520244624104571e-04 7.817738160985208311e-04 9.887717770954037016e-04 3.937028242807430055e-04 -3.393739933593160462e-04 1.192957045630883535e-03 -3.860220054964982471e-05 -1.130290443542011219e-03 -2.540702722657694687e-03 -1.481995407269468458e-05 8.660877011834571936e-04 4.824760173563735202e-04 -8.657333637561193422e-04 -3.557515881400967537e-04 -4.628953824402911926e-04 1.100909421005554840e-04 1.055860420956311277e-04 1.589277691857101933e-04 4.649704676165821089e-04 2.854730972040681207e-05 1.187708790106641130e-03 5.592371554706825916e-05 3.651057630222716223e-04 -4.064231953957751840e-04 1.101159701701319194e-04 1.739775055478338765e-03 1.051987929220890903e-04 1.378841764674780914e-04 1.547486353161125171e-03 -1.194676178069800643e-03 -6.413468328806444388e-04 -9.141295153247046366e-04 -8.711106233838071663e-04 -9.303468632751026339e-05 -1.790468383984311065e-03 2.508152035406299241e-04 -8.645923787981288963e-04 1.840518562791189437e-04 -9.150770469272499351e-05 6.103531729522840884e-05 1.098393268585918505e-03 -1.316660615690323907e-03 -6.739616594247148590e-04 -6.445624546527674737e-04 -3.856097740180393601e-04 4.036566296417414814e-04 -4.758847610300147762e-05 -1.537137687590910096e-05 2.714301363509034632e-04 5.485466982691339095e-06 3.589501579174108887e-04 -6.866990525872213947e-04 -2.809860686860612294e-04 2.080129165845378560e-04 4.598267021475697805e-04 6.964759149036049452e-05 -7.445279466401944369e-04 4.496662441893503815e-05 8.736294972914894345e-05 -2.813775995895543571e-04 2.678074877856219504e-06 1.080598679883995345e-03 -1.345116098999906730e-04 -6.100563089269213585e-04 5.909351511260077240e-05 7.707118400627931056e-05 2.697770456807437088e-05 -7.322395936549076561e-04 2.061429719859982928e-05 2.859348187039709405e-04 -3.078445593550720692e-04 5.735668401935560762e-04 1.125287113309365541e-04 -3.277223446755753573e-05 1.846582380071928181e-04 -1.701335959851128159e-05 6.607082251793344654e-04 -6.217568926916297112e-04 -2.955259551951541883e-04 -1.278290966221345135e-04 7.148910144177416282e-05 4.759349332970572188e-04 -7.061500852465414136e-05
-9.485184591913829733e-02 -3.912490915546033322e-03 3.576391860689406149e-02 -4.440147442797352768e-05 -8.173192913575759444e-03 4.813840261057345665e-03 -3.640228259605012527e-03 -3.834991032043408993e-03 -3.019785599002882976e-03 -4.643626152768472008e-03 -3.127977224253445342e-03 -3.135936826555948010e-03 1.572039646717483937e-03 2.558219067616160315e-04 1.298652108426331681e-03 9.424072574432068670e-04 1.333101837607260842e-03 -7.817561855630460362e-04 1.832349113072168100e-04 -1.037811094328427042e-03 1.651033706899342006e-04 -1.042766383034190829e-03 1.149174226775894272e-03 -1.517112195183968528e-03 -4.715979289557817420e-04 -1.627628513340287266e-03 3.323409350069111761e-04 6.566735487985705857e-04 -1.442767165879405011e-03 8.500118914993757494e-04 2.072228017669537885e-03 -3.697998822843973214e-06 -7.226340825135014502e-04 2.837653840268253725e-04 2.407442039129561659e-04 1.975770349516181741e-04 -4.566846149625732217e-04 9.370429988180085717e-04 1.607141277060798214e-04 -7.149502799176254324e-04 -7.762167138870714562e-04 2.253367248301257149e-04 1.103993531905743137e-03 -3.616691284250125367e-05 -5.190219982899718903e-04 6.322652578133364535e-04 5.084217037397827056e-04 -2.649979549033047005e-04 -4.148405585849231948e-04 1.003676438948853370e-04 -1.464790479611044124e-04 -6.085327312437883475e-04 2.313812130890044081e-04 -7.145026613595781024e-04 -6.762171959241967956e-04 -3.830455572879506933e-04 1.062999444320214320e-03 1.374954240902481620e-03 -1.235362314236123499e-03 3.764757653925272741e-04 -7.346014301142626563e-04 5.008054123533487324e-04 4.786786454251754498e-04 4.546902840666853748e-04 2.517640549032187686e-04 -8.514202020279430707e-04 -3.827184169330937803e-04 2.128060678227801697e-04 2.023317406504603262e-04 7.752281933371415286e-04 2.164602515776973114e-04 3.856861062759960263e-04 2.039462340877817262e-04 -1.113548529453863901e-04 2.585745161657932345e-04 -5.034570188708280920e-04 2.089371506492915937e-04 -5.568220363155127741e-04 7.818608539861731169e-04 -6.739212570261619243e-04 1.711460216960046434e-05 -9.827522193822860858e-05 3.859729182836602767e-05 5.383569919458553506e-04 -5.385581493760203042e-04 5.901236859781955942e-04 -3.977550905877879787e-05 -1.105107290015844106e-04 6.697362489816662164e-04 1.181104241307001711e-04 -8.848000479294137327e-05 -8.133196739198686508e-04 -9.831057309113014678e-05 1.413192570337109318e-04 2.268204356803805262e-04 1.332394314136915844e-04 -7.221115577744176891e-04 -1.000092884934638974e-03 -8.156576152918245575e-05 4.894970091381626448e-04
-7.826613167084933709e-02 -3.601859694736028739e-02 3.908032302645742667e-02 -8.847163142149750206e-03 4.569000926202104740e-03 2.706764629340768259e-03 -1.039984320240437861e-02 -6.248323346410847128e-03 -2.572767989638558711e-03 -4.841257738928240279e-04 -5.602977655611012832e-03 -3.644099109691377545e-03 -4.842286713518943048e-03 1.393254645006939427e-04 2.435783189008863207e-03 1.223280188313704241e-03 9.876457595071456465e-04 -1.946056222873931377e-03 1.119089386601747988e-03 1.014450080963542585e-03 9.179545275351993485e-04 -1.794762772128308162e-04 1.028774687236324367e-03 8.758365487012704630e-04 -1.565736435146398596e-03 -7.595353187854006222e-04 -3.903232391727231134e-04 9.599783615364543147e-04 5.137305491397176418e-04 -1.175408308872080655e-03 -5.760380012435560018e-04 3.675139345666736997e-04 1.240859841419629907e-03 -3.019133110783002796e-04 8.581198790318363221e-04 -1.504580344294862955e-04 1.125206615104276664e-03 1.440227378672907354e-03 5.067762271088693772e-04 2.906637826498267613e-04 -1.014176125923089056e-04 -6.945741743320074864e-06 7.467411883730428433e-04 -5.252269335341219693e-05 1.366105695442287361e-03 1.730558417704830890e-03 -1.321425670066463023e-03 -1.227332309744013023e-03 -1.894374094618987226e-04 -9.637213239653840986e-04 6.648763408424468045e-05 -9.023618590327555896e-04 1.330357968138552564e-04 -4.578186075142506297e-04 -8.231276223442407795e-05 1.123905910535706858e-03 -3.173368689874121241e-04 -1.828188811143184264e-04 1.658626069398103867e-04 -5.697644537288126072e-04 2.531477652905728365e-04 -5.267943729127150558e-04 -1.757693970962054362e-04 1.028477608821375827e-04 5.061710195979808201e-04 3.452980824064716338e-04 4.123997557078575450e-04 4.033609242533244964e-04 1.119961746544213946e-04 -1.367209593627747742e-03 1.366282113879976976e-03 4.004050903483483224e-04 -2.828131441621628160e-04 1.065729821669595096e-05 -3.381337755570049255e-05 -1.884910505613761258e-04 -9.229172093532771052e-04 -1.902306951398254758e-04 2.046587356701451952e-04 6.084912366770804529e-04 -9.412007901911080771e-05 2.402051756261995184e-04 1.248213153517847005e-04 2.708217387031656073e-05 -2.360639045890002832e-04 -5.863095134193827733e-05 -2.398776207050153477e-04 -1.508078502878509061e-04 -2.843987016881198909e-05 1.544108742621941679e-04 -4.297875621164828604e-04 6.570366193357362900e-04 -7.691751984583026418e-05 -1.687618871500821889e-05 -1.480115482450172586e-04 -2.522538314746389492e-04 1.335629957654248885e-04 6.497778957162322335e-04 4.421714755291922955e-04 -4.047666727787424187e-04
-5.982913897594032554e-02 -4.219373975554789082e-03 -1.384429069390604589e-02 -1.990274879411653083e-02 -5.381670081367354551e-03 -1.614133234570680822e-02 -2.375684008087849920e-04 1.000382255241639203e-03 -5.194147121548923357e-03 2.085431743860237299e-03 9.420875525138443360e-04 -1.236457298594321845e-03 3.105521985939523901e-04 -1.372988141002176414e-03 -1.798560391607462216e-03 1.505552860945030390e-03 -1.218743613648611088e-04 2.900897766538950524e-04 1.077134983427668717e-03 -1.353542668907459321e-04 6.487023675460878817e-04 1.098203383752925557e-03 -4.117815788779977354e-04 2.351350927312333410e-04 6.903431916526772899e-04 4.850514007896386342e-04 6.956534799866480453e-04 -9.237758874844262781e-04 -3.708995598880607735e-04 -3.304945161150759942e-04 -1.358072743415701710e-03 -4.844153869665544787e-04 -4.332018760572979143e-04 1.058461525255241959e-04 -8.038774843279920335e-04 2.001325656181325184e-04 -1.425382797783883654e-03 8.927897437365526500e-06 -4.838661036946756812e-04 -7.740269299020571900e-04 -2.409367104162283386e-04 3.034822099277569734e-04 -3.164555339928832689e-04 3.458877423300406621e-04 -7.757620382060511873e-05 3.660668592344459241e-04 -3.834685401938981667e-04 4.127368472133906697e-04 -5.344770313480864520e-04 -2.670511275173817196e-04 -1.229287325855229649e-04 5.978643340790184982e-04 -1.665819033430517926e-04 4.546612128297554227e-04 -6.212003456587264971e-04 -4.736867189030722898e-04 -2.521085244676211532e-04 -7.225618217786621911e-04 3.457426401531384086e-04 -8.275695651685976897e-04 2.581579452962280826e-04 2.773365766560200699e-04 3.087246292991969207e-04 -1.274701131401252772e-04 1.111532389057646216e-04 3.374624134799760904e-05 1.806542039383326743e-04 -6.209943419396250905e-04 3.849032898362667737e-04 5.820696894249614015e-04 -3.774353064707588936e-04 -5.894041738205737894e-04 5.073181595046015674e-04 8.442661420827445197e-06 1.430698677413790585e-04 5.581700653223694523e-04 -1.594932873068634664e-04 -5.013263294940847577e-04 -6.788460913910818618e-04 6.398241179697296797e-04 7.147920490195512318e-04 -1.083588313498361948e-03 9.951950358548472097e-05 3.971490431530577485e-04 9.412674893921976369e-04 -7.331720266437211173e-04 1.781027114435224448e-04 4.250252121965042142e-05 2.706225899811434059e-04 -1.377204170125381647e-04 1.750471043465182759e-04 6.668284645947048905e-04 8.237473307548800268e-05 2.556760271198200984e-04 -2.399507301805053926e-04 -3.022444161666291138e-04 5.691098139325646193e-04 1.224594604205954656e-03 -4.769568898541893089e-04 -5.745982181429409429e-04
-7.438341845488764814e-02 -1.114400166234112699e-02 -8.014623227285223861e-03 -1.948992597550594161e-02 -6.313137288582348905e-03 -8.959863437845870873e-03 -4.772956499241627279e-03 -1.621022164538639832e-03 -4.630721631501439652e-03 -2.167125685476911125e-03 1.121650327928056965e-03 -4.255266809405454506e-04 4.337106315473685664e-04 -6.561755495918442007e-05 -2.549774067364228222e-03 2.985209982950138554e-04 -1.222741855911801566e-03 -2.288500576240951989e-04 -7.968372330979027972e-05 -3.063938309644899448e-04 -5.684779107695406893e-04 1.790552164224619089e-03 -1.464347281664053475e-04 -3.064927729024685406e-04 1.079631959698232509e-03 -1.219786006823530070e-03 1.681286701182085419e-03 -5.992576409707050730e-04 -9.853563540311821405e-04 -8.058416110586062329e-04 5.728455552069051308e-05 -3.993808975894699419e-04 -1.854706695992850611e-04 2.824769435692479468e-04 -1.370230080862412528e-03 1.282193791018880653e-03 -3.182203863536594863e-04 1.207188247172330552e-04 -1.589729098792810750e-03 1.773626181274185268e-04 -2.184855214091421870e-04 -1.349634379643710363e-05 -7.615048542679133314e-04 -7.535180070036175256e-04 6.115798213944308864e-04 6.326799269295034544e-05 4.698219111213167940e-05 6.852328622825390198e-04 -8.244480807309926152e-04 8.004833192737224228e-04 2.604787318059787935e-04 8.820436840614967358e-05 5.643617931436253074e-04 -7.928784048769577054e-04 -9.266885958434821404e-04 -6.145629553544305771e-04 2.797867940177178078e-04 -6.654236014478019916e-04 7.083697427649065809e-04 -5.509201745873524864e-04 3.576441727538169548e-04 4.021161315275161431e-04 1.019012831734035724e-03 -2.921289947359577270e-04 4.868936884151168652e-04 5.392893644006517767e-04 -5.838475367897859021e-05 -3.108824058015517678e-04 1.120488346362886285e-03 5.435870979407688829e-04 -8.868561707540141125e-04 -4.660909336890426986e-04 4.884675417716235731e-04 -2.902572264338414945e-04 8.192978230636048737e-05 8.938407840620467542e-04 -1.062913658374301494e-04 -3.749816159087091048e-04 -8.601849445918018609e-04 7.581479202089983600e-05 4.295726780328118890e-04 -6.321403184788133107e-04 -1.237208167922153128e-04 2.489008161304818588e-04 8.523352283751422197e-04 -7.729911989653436575e-04 2.774739832445730862e-04 5.196830706984839100e-04 -6.853042336493946963e-05 4.395010175637971699e-04 2.510710559533150155e-04 6.125823510166583099e-04 1.567125520863911839e-04 2.768963435760375745e-04 4.272711127699822180e-05 -2.356645637773485756e-04 3.024812083552139478e-04 8.965743012977954408e-04 -3.507905362444984254e-04 -4.476370361142518041e-04
-5.884975369061849065e-02 -3.047329305453915296e-03 -1.974904421338984084e-02 -1.411110633308837632e-02 -8.027229853682297037e-03 -1.484888428174151349e-02 2.892989527008388208e-03 3.480667729476691081e-03 -3.538187625728454657e-03 4.325220773484596964e-03 5.763520987461403068e-04 -1.297368637137819849e-03 -6.761308065623149110e-07 -1.994452250153025755e-03 1.736136571547654251e-04 1.396413242704363979e-03 6.676297085199321647e-04 4.217939463710349826e-04 8.640676208512507736e-04 7.985278583800608718e-04 1.876888408975348112e-03 1.011964654321868351e-03 -1.093023373311520708e-04 -1.137028112611973698e-04 -1.093561302470693025e-04 7.568109050600610888e-04 4.179318442131383813e-04 -6.984570387540432529e-04 -4.592772978610081572e-05 6.502333995874916284e-04 -2.520425869857969257e-03 -1.320731166535825938e-04 -7.985276868716243228e-05 -2.886845136464764698e-04 -1.061286459246475744e-04 -5.811602682412495783e-04 -5.430141944953321411e-04 -2.570997021776736714e-05 -8.784544915526195741e-05 -1.414699459788029213e-03 -1.746541457921132166e-04 4.914075968117365524e-04 3.195387513200834205e-04 6.172678138320483125e-04 -5.683441976776269040e-04 7.116800806127235443e-04 -2.212331326723284872e-04 1.684231853689018249e-04 7.739314458669508366e-04 1.333452216356977146e-04 -6.409748247747003519e-04 7.313898701911654768e-04 -5.810461110020868555e-04 1.094686783466182191e-04 -2.159350560521152047e-04 6.750363257975916563e-04 -5.160759180044362021e-04 8.387402732446386222e-05 -1.643118910711662006e-04 -2.350936697416454370e-04 5.681069713173652183e-06 9.764229698709563977e-05 5.183834460446498649e-05 -4.385451265938655817e-05 -4.106921020651619226e-04 -2.407377838531737577e-04 3.371759621043957686e-04 -2.641409054056126815e-04 8.705238049524771779e-04 -4.553849875713580539e-04 -5.294624440347990221e-04 1.158411765364979109e-03 -4.827337354329683228e-04 -2.991530470852056078e-04 -8.034578633767747386e-04 -4.348042084895476812e-04 1.167234433478677228e-04 -2.182171752214519733e-04 -6.539499865717238614e-04 3.360764269975696121e-04 1.418470306851533349e-03 -1.361996459918944158e-03 -8.863548183485639399e-04 -2.101205466112558251e-04 2.003262218086610306e-04 -3.003033997947588503e-04 -3.995383726027623467e-04 -2.796824758730601513e-04 -6.518671834123492036e-04 9.874603879925741672e-04 -1.511372626509376743e-04 -3.309271655740400045e-04 3.338784208873367193e-04 8.771645787722444788e-04 -2.837722655917820263e-04 -1.608202695783092799e-03 -4.819251699872128549e-04 1.233079651390153611e-03 -6.275295872255004731e-04 -1.879752466645974408e-04
-7.158817775674822248e-02 -4.150454842911601881e-04 -9.293068717570239154e-03 -1.500373923232163446e-02 -6.618968064800685898e-03 -9.631268064861423644e-03 -1.907056638525066444e-03 -3.508139526527383830e-05 -2.974749048750434301e-03 -1.307812882937036628e-03 3.916769796938040908e-04 -3.714478390628514893e-04 6.618964950354787888e-04 -1.570005473631778622e-04 -1.181966260218145649e-03 7.623487798269181414e-05 -4.941428906521835559e-04 8.540678466420535773e-04 5.976867473771050243e-04 -6.803535435471552793e-04 -6.453821629911497739e-04 2.040356951875613167e-03 -1.758389410441180026e-04 -2.593955840338138703e-04 2.412779472865090008e-04 -6.777382609222113493e-04 1.172468536593367257e-03 7.117838809713726870e-04 -1.585081549885153157e-04 -2.526174008674441761e-04 5.030557755844757397e-04 -3.471187471459057376e-04 -1.824544479924365215e-03 1.127063706248925858e-03 -3.939469219487748094e-04 5.060061451065872616e-04 -1.324583848250527381e-03 1.401740192217221855e-04 4.660907308572593199e-04 5.321434817524475086e-04 6.526043424344849984e-05 -3.963934304476369910e-04 5.880348998858941554e-05 -2.543585994592965937e-04 6.330818676717053914e-04 -8.706602101891424469e-04 -2.454216123198804623e-04 2.877890335031952187e-04 -8.006679711188068125e-04 -4.197228380072168729e-04 -1.930207751712935470e-04 1.077758135060755362e-04 8.895446955671834199e-04 8.102052305849729219e-05 -9.994648387934195258e-04 -8.539158734774947735e-04 -2.223953746952741714e-04 -2.747475706412576529e-04 7.941200531392287416e-04 -6.184757865594293002e-04 6.476602423275902749e-04 -1.352850405129492811e-05 8.122152706312415127e-04 -3.928797794940889630e-04 9.394218476013404227e-04 5.942260714125025380e-04 -5.262244148828399245e-05 -3.116913041153680417e-04 -3.356501416584769409e-04 -1.489422263410228028e-05 3.646846596988970656e-04 -4.438781077886719576e-04 1.104031010079309675e-03 4.674965426665738657e-04 4.062325675538385849e-04 5.308853743213711373e-04 -7.719366670875367703e-04 1.897691289981285093e-04 -3.407570705533379289e-04 8.129314428647507577e-04 2.949508812092823968e-04 6.980098424605750201e-05 -2.912939143122346246e-04 1.244435436039364887e-03 7.331801656180131702e-04 -1.351780152555752987e-04 2.445374400586046481e-04 -2.365300146332134374e-04 4.576767745391895808e-04 2.136032179427555932e-04 3.831427107261777790e-04 6.459792981946526486e-04 -8.594582623212959887e-04 -4.046099561507503196e-04 -2.471913360932797925e-04 4.711882844602482598e-04 8.904610002365523662e-04 6.829944264588072057e-04 -3.267330526113296847e-04 -7.108508615593536577e-04
-6.391033268979011417e-02 -1.197211430660922310e-02 -1.932671446923899666e-02 -2.012467950481145601e-02 -7.948722143098725657e-03 -6.745336132100393338e-03 -4.147450292493962544e-04 1.599356768170748493e-03 -3.900657633040914476e-03 -6.712963075286291267e-04 1.258933107428033974e-03 4.038657387818889058e-04 1.245253130000025053e-03 -7.974812051787626014e-04 -2.225273315620951680e-04 -1.823362260829543703e-04 -6.501271882746813724e-05 -7.654818980034121213e-04 1.579499496500166335e-03 -5.736086492605371257e-04 6.760551268156230571e-04 1.410667091880460269e-03 -1.146749140550812384e-03 -9.420681065605162772e-04 9.882589781478360539e-04 1.305375606951497637e-03 3.339565549222648223e-04 -3.482262085612711547e-04 -4.160941773111664996e-04 -6.494051251401072953e-04 8.353172959826039032e-04 -1.595172487354649211e-03 -1.573388229534005247e-05 -1.006810534523686724e-03 -2.699024320188706341e-04 -4.364402636280761451e-04 4.820850019022542769e-04 -8.545296649158120022e-04 1.871173899855187606e-03 9.568538358095158040e-04 -6.153917469531452415e-04 7.465389766046221908e-04 1.092371684889381449e-04 2.998975025290306413e-05 1.668990131906746780e-03 -1.529972868532018327e-03 7.548797089743467534e-04 -3.761683517513960437e-04 -9.757882934267334343e-04 -5.201618642643095290e-04 1.347704582119451083e-03 8.386775268555239637e-04 7.859456529857134855e-04 7.890913225950777236e-04 6.090702221859882167e-04 -8.544423950019604643e-05 1.059884119610878797e-03 4.019302153179782323e-04 8.607708559155590909e-04 6.057479747530896042e-06 6.663883495923664116e-04 -8.727420877243070125e-04 -5.113274081642685568e-04 -3.206450965334612822e-04 3.281282189174085742e-04 9.613908354542557804e-05 -8.327598385627479676e-04 -9.677461039153976768e-04 9.974526341737742757e-04 -7.992722282077147295e-04 2.846511535779790177e-05 -8.483505864261277037e-04 -8.742293041502063444e-04 3.770150716747316011e-04 -1.639233598077782100e-03 5.436478306326221130e-04 -1.255913670137937107e-03 9.414639704048989827e-05 -1.265591178188541931e-05 5.973347569111667026e-05 3.455564659499923990e-05 -8.823837556510983737e-04 1.024916995099503351e-04 -3.404942762167666864e-04 -1.332877886939458616e-03 -4.857990538657786200e-04 -1.706106124174903581e-04 5.545535763564915597e-04 -5.680833711834806961e-04 5.853752540412157559e-04 -5.886022704625987418e-04 7.142731484769125920e-04 3.203744823579054144e-04 1.007256167385755152e-04 -2.849102692443021274e-04 3.805694612866802212e-04 -1.219586796770951776e-04 -8.254562959800604673e-04 7.750561247397757874e-04 8.501579347215979052e-04
-8.231492399967575702e-02 -1.576726496633999719e-02 -1.422056233322365436e-02 -9.122212833228724935e-03 -1.126416072002668634e-02 -3.499317633866845349e-03 -3.916357431236716993e-03 -3.485015814881846623e-03 -9.118109450122842321e-04 2.756561983772565618e-04 3.812839193761377327e-03 5.521625663494465373e-04 1.903710586545145380e-04 -9.364524218719897600e-04 6.635623568226489298e-04 -5.705996758681565559e-04 5.987782323303944033e-04 1.351643515071665903e-03 -1.104842136033556792e-03 -5.145903644812951797e-04 1.374159642986669564e-03 6.767160818928636421e-04 1.716412001637519660e-04 -2.535332062988055260e-04 -4.388154019373960782e-04 -1.910541440184063003e-03 1.796933207161658611e-03 6.443000336480479110e-05 9.438809365274675785e-04 -3.530784850944660032e-04 -1.489687436064850634e-03 3.792053285026517561e-04 -2.049219129953328174e-03 -9.087815802856920007e-04 -4.530211166393645198e-04 6.761472775128713961e-04 -6.856806899441977290e-04 -1.751399570561639222e-03 -8.209600733945939238e-04 1.976421575741391372e-04 2.407600258776110540e-04 -1.288870757495844490e-04 -4.370574249062477465e-04 -6.159675443676181821e-04 -7.575251298262116254e-04 -7.528438208798105252e-04 -3.298893004391361739e-04 -5.967805712273127540e-05 -6.297910089799699674e-04 7.208840267533629578e-04 -4.706228863751156879e-04 2.587522670381655655e-04 1.114215230151051859e-03 -9.254043171297101928e-04 -1.044819411323170890e-04 4.430621586040831895e-04 -8.715993640475646915e-04 -8.213996631231008374e-05 7.734506503882581860e-04 -5.562767771240117055e-04 -2.757604886599930198e-05 2.081164490272889545e-04 1.024700555031130781e-03 -1.191177044620497479e-04 -2.844327516122579906e-04 2.548227069926253937e-04 2.567626278345593038e-04 8.473060247362534730e-05 7.199366871848538471e-04 5.753046399832592106e-04 -5.393427677741803334e-04 8.812563201002070494e-04 -5.852559883393873476e-04 -3.299105282903510173e-04 -5.988846183763510411e-04 -1.473859467646123050e-04 -3.382713857288162525e-04 -2.749995787157864476e-04 -1.001611954273455519e-03 -3.877385411337034324e-04 7.191656986431526786e-04 -4.101227195737620814e-04 -3.427615994931501294e-04 -2.349703169227143715e-04 -6.819041578542598238e-05 2.887559696170738561e-06 -4.480123335752422636e-04 6.444374001894958095e-05 -1.012536903624071264e-03 1.111374565834077118e-03 2.750156903885042680e-04 -2.332580136814421776e-04 -1.917852880012307275e-04 -1.036982175751711558e-05 -5.879571730039865251e-04 -1.549060724430156161e-03 3.720821489495731814e-05 5.215601491613842131e-04 -4.336705508090895689e-04 -3.799070185811464617e-04
-4.147060357405693565e-02 -1.075818095219816667e-02 -2.545680072848079817e-02 -1.169213626467639419e-02 7.057730122442731208e-03 3.718354205594832495e-03 4.794106663632178959e-03 2.454277647001532146e-03 -3.110488727410536548e-03 -2.168635426955690341e-03 2.809452249612674974e-04 -1.489863880888842897e-03 -8.866469523953180408e-04 2.759961261707650571e-04 -1.479968577958419313e-03 -3.626555188238684679e-03 1.571110297849644165e-03 -5.087733098086139868e-06 2.695697849179505296e-03 9.720451107516307884e-04 -1.715151079005399273e-03 -1.089109464560273195e-04 -9.445972294456496908e-04 -7.983896852076589933e-04 1.155472244254553919e-03 2.223219558308689014e-03 -2.859154449278358476e-03 -1.869870929687886230e-04 4.544262401961440237e-04 -1.170583172207392440e-03 1.212098770387703061e-03 1.007782987203808970e-03 -4.003778875656207638e-04 -8.810886683368607123e-04 4.569289075801747507e-04 7.365456020745443167e-04 2.728833971742240338e-04 -2.681454076520999714e-04 1.388364665874614566e-03 -1.009511363489514792e-03 2.311375005014857514e-03 3.150199456203435174e-04 7.956591991025825043e-04 4.759268780330180881e-04 9.103841794211612812e-04 3.648821699960268792e-04 -5.484577170917669586e-04 3.008665561043861211e-04 -3.781162271146316901e-04 -6.342434983518229624e-04 -3.296975761260734412e-04 -9.168592532100608948e-04 -1.511593829074888860e-04 -9.655258174034423053e-04 1.171596429877447667e-03 1.586383619679732082e-04 5.428506378008576957e-04 5.675504319035046047e-05 -5.554751769370598525e-06 -6.377117022096232197e-05 3.128291493788385455e-04 -1.153326315848908316e-04 -7.158629321420483882e-04 -1.479351711001408850e-03 -9.333047438808442188e-04 -1.203138045165302297e-04 4.664632919242745444e-04 -1.360398648750211180e-03 1.733816602149269306e-04 1.623687850369259777e-03 -9.560759188849794147e-04 9.931077268289368438e-05 -9.989515721574666798e-04 9.284132290332515686e-04 1.576544579798937412e-03 1.328607488908188118e-03 1.362968332318203329e-03 1.070267184284535701e-04 6.893212553901650799e-04 -8.680567253576758043e-04 9.719185510051935126e-04 -1.212487109498539732e-03 9.332781199950054190e-04 3.373368593459776074e-04 8.264630255339270150e-04 -9.089706592721096077e-04 -1.453784093741140784e-04 4.212840633932369628e-04 5.628417885656421607e-04 7.504149462253890599e-05 9.683454150294632835e-04 1.704374393616078407e-04 1.169551992612947550e-04 9.478345885803924785e-04 5.205990023761901267e-04 6.352868549245407632e-04 9.620716162630358259e-04 2.194673808241261040e-04 -9.916275590467315670e-04 -4.499393194705747669e-05
2.694424391454156714e-02 -2.016141609710785099e-02 -9.546443260391402827e-03 -1.617743118800397603e-02 1.473518424764624912e-02 6.140324909040099661e-04 1.035192492908298782e-02 3.297609271600138604e-03 -7.458633733193556319e-03 -1.419277620081890170e-03 3.339741124478808575e-03 -6.543647283236827747e-04 -3.260564793632059893e-03 7.316954622610803054e-04 -2.758950422518328949e-03 -5.216416424920756328e-03 3.199109341668034470e-03 1.089293328538308613e-03 1.399090407391408337e-03 -4.572664412267344794e-05 5.579228957942475656e-04 -1.796296411801872293e-03 -6.159490532034544129e-04 -2.125989201293754021e-04 1.554183388219564131e-03 8.019244142095872854e-04 -4.883421345348977483e-03 6.844768730637509034e-04 8.075724355095064951e-04 -1.101972075819064459e-03 7.884739575362242859e-04 9.590379833893825524e-04 2.025153957852361903e-05 -1.372283254569762155e-03 -2.192060791724051785e-03 3.528478766605789088e-03 1.205702079238354062e-03 -5.725005302368155928e-04 8.587878813536909458e-04 -3.808658116626495709e-03 -9.222343780565226041e-05 3.296502661690205865e-03 4.621159410870656734e-04 -2.077593451494573907e-03 -4.533830636929068493e-03 1.352857488452536292e-03 3.833310612535457398e-04 -7.457583055230371108e-04 4.803343439959512437e-05 1.291706765146895600e-03 8.045994390090343380e-04 1.717850170923962470e-04 1.558680973988288681e-03 7.605074347048045708e-05 -2.572790074952196289e-04 -9.401401651050994134e-04 8.790396874555852667e-04 -1.214211956240401945e-03 -2.777744413781382490e-04 3.065291321663645742e-03 -1.999151194783713420e-04 5.387985500573919421e-04 -2.572531070304537662e-04 1.718209906303970512e-03 7.114856439312772056e-04 4.076967228978398226e-04 9.107705036230080795e-04 8.882112655872121320e-04 2.516656236205723745e-04 -1.252716344279808727e-03 2.450409456018097162e-04 -1.189027159815529569e-03 1.393930388209968767e-03 1.911884161405065345e-04 -5.453578198576291636e-04 -1.161596146469521824e-03 -1.238289502225456374e-03 -3.498910136925320949e-04 -9.103429038530561404e-05 5.730427605027000329e-05 -3.635482285376027381e-04 -1.956024783556736165e-05 -1.104507771068927256e-03 1.766975679276290708e-04 -8.690748144422270460e-04 3.339905430585210500e-04 -3.133373224939732158e-04 5.302815449134796414e-04 5.809447107123365435e-04 -4.580602568035812639e-04 -4.608812174838145480e-04 -8.442282425800155723e-04 1.447946828597970921e-04 -1.022013412662511151e-03 -4.170539678144627601e-04 -1.531360137161933885e-04 7.830844678771352546e-05 -3.876178383810784133e-05 3.930286056714714913e-05 -6.228725481425955585e-04
-5.784411478169184523e-02 -1.508008031961175291e-02 -3.070440517895348456e-02 1.256938958838617858e-03 -3.576203796033650475e-03 1.413145288175719598e-02 3.413834132720049500e-03 1.491249530095912308e-03 -9.352894161437170974e-04 -1.604116909576777010e-03 1.778957450213769324e-03 2.008374015034312607e-03 4.778101153894747841e-04 1.537233774150580925e-03 4.856756674327699958e-04 -1.333883862501512385e-03 1.602397184597786038e-03 9.414904791265827147e-04 1.617734666110130825e-03 -2.659010869536768308e-05 -1.144933914797977736e-04 -7.988515651521924587e-04 -2.391833495938913094e-03 2.310609451823128426e-04 7.908102174710105728e-04 9.857632568980212624e-04 -1.561152941158119650e-03 9.637122327953059593e-05 -7.976714448291495488e-04 -9.984758590578361216e-04 -5.562373976437219938e-04 -1.637975142486039362e-04 -3.371361350425163190e-04 -5.778955865207375045e-04 1.127437915392890625e-03 -1.322672752206643324e-03 -6.022451466866262293e-04 -2.046593995378033883e-04 4.904064677855122373e-04 9.101322265258904049e-04 8.532632555241736983e-04 5.336832086623503847e-04 -2.975923309935313093e-04 7.061522891081789500e-04 -2.251991409825902497e-04 6.195518979017619263e-04 -7.437630153032531721e-04 -6.027573948830231877e-04 -1.222538990999101204e-04 4.984371545312209478e-04 -7.762300369438858167e-04 -9.868265713776486463e-04 -4.340153455869619854e-04 -6.644480508176670150e-04 6.028354794005016341e-04 4.985152143248801565e-04 -1.772916900398362184e-04 6.325368651302161124e-04 -9.215094520005001144e-04 -1.879777931857489186e-03 -2.782069780731835868e-05 -4.897519910787172161e-04 5.833860643055409009e-04 -5.136411196117466249e-04 -4.247527993024005546e-04 -5.188521881024397509e-04 -6.830176717099568180e-04 2.585690783438478451e-04 5.035340743127828499e-04 1.093327804168649236e-04 -5.567857776807937477e-04 4.808122854258426734e-05 1.086406915718756024e-04 -3.423939590820944769e-04 -7.639224615185463295e-05 8.147743293106429795e-04 3.077021428100332515e-04 5.557893419704792786e-04 -6.957529423840911210e-04 -4.815524820072535550e-04 -1.963959993994310023e-04 -2.130211260751215668e-04 -2.059946917792456969e-05 5.482422353208541658e-04 -1.710746610288291090e-05 -2.845569576276079531e-04 2.406516909981230433e-04 1.332032472295403391e-04 8.513151130346273973e-05 6.290505005244189252e-04 -5.924440574274287196e-04 8.510045722273323985e-04 -2.049086412983089822e-04 7.287106137160204210e-04 5.598739908242932831e-04 3.367311421187148528e-04 2.835560950025055576e-04 3.274011988038517495e-04 3.398919036973824855e-04 7.578312874490898557e-04
-7.768619484984146117e-02 -1.449961534531607477e-02 -2.444257023175891441e-02 -2.314225202598925966e-03 -1.072070172158861093e-02 1.181205793070068052e-02 -1.102679393466567993e-03 -5.322261109036722148e-04 8.860138327225240218e-04 -2.782570833011348537e-03 3.276273696650546397e-03 2.745636716285705312e-03 1.479809087066013586e-03 -2.175375746704446005e-04 1.303951499211173076e-03 -1.908236934171760784e-03 1.651920862274059310e-03 9.073926429658961575e-04 -7.996204245563275038e-04 -1.171255287889666485e-04 1.956737647699757169e-03 1.607765029213040285e-04 -1.192088479722947783e-03 -1.971147840989103631e-04 5.917442176090634368e-05 -3.364111355297209655e-04 -5.023182185705113781e-04 -1.166403908427375769e-04 -1.531333037735149000e-04 -4.760219597852028675e-05 -8.951337626973180587e-04 6.168881931760359380e-04 -1.363484859532230207e-03 -8.273931735485858191e-04 5.809009528246233175e-04 -5.724433584057689924e-04 1.476169565793002451e-04 -4.226164621408842704e-04 1.773048027438460679e-04 1.119147101928357054e-03 3.043688293610673549e-04 -6.537524348257161893e-04 -5.660852349629561268e-04 6.737333292237891085e-04 -2.334590575985993541e-04 4.997700147013983771e-04 -9.958503923656809084e-04 -4.991313136533652049e-04 -2.582090057320529826e-04 1.532313869400891656e-05 -9.810429320771432270e-04 2.683359124648036916e-05 3.238598495967469218e-04 -3.902867801443756922e-04 4.622003389765830359e-04 3.759437840848836652e-04 -8.075679246832615215e-04 2.878180913827058335e-04 2.046885265358732407e-05 -1.219558734618011965e-03 -5.520579639825630479e-04 1.872888913634284075e-04 5.628024046826167861e-04 -5.265399536010222786e-05 -5.064745568487273152e-04 -7.301696871072699746e-04 1.112391567554919249e-04 8.033361603266199078e-04 -5.937330863934386156e-05 1.092750230089497360e-05 -1.319268285167286500e-04 -8.227156940781618470e-05 1.767824846872267442e-04 -4.124919869967687844e-04 -5.750306308413942339e-04 -1.903653173650574765e-04 -3.966741271474091010e-04 -2.152564289040915916e-04 -6.375266649894610876e-04 -2.045697431681354963e-04 7.067027984449096159e-06 2.185585981797971895e-04 -3.368898989904214858e-04 5.612441405404294413e-05 -1.439235170922318371e-04 8.437261617977761781e-04 -1.558357954739439527e-05 -3.924627165036802235e-04 3.490905437641773690e-05 2.653032591149551232e-04 -1.165152488969271215e-04 9.655520852141875952e-05 -2.096568497379406421e-04 -2.883400912447019735e-05 2.307795766142637902e-04 -3.451881602299024417e-04 -3.064215225004685364e-04 4.444926732640445575e-04 2.459290924841635935e-04 3.033807560651057716e-04
1.611490391353332940e-01 3.722507675619367296e-02 -2.811869504225737813e-03 4.488211898419327411e-03 -3.683196391141934506e-03 1.088572313558551323e-02 -5.211920960491966655e-04 -1.377373154453056213e-02 -1.007972551931367484e-02 2.730239375812724013e-03 -3.484982584275353543e-03 1.945738730847569337e-03 -1.505875292075666439e-03 1.615888825591866576e-03 1.729178553902436339e-03 -4.826823420290045764e-04 -1.771901846515398131e-03 1.250981292619504116e-03 -3.630158866494917567e-03 1.810506665185661031e-03 -9.642672774837081730e-05 2.937715759096573391e-03 1.727757402460869222e-03 -4.520914976620427658e-04 -6.110802663107686413e-04 9.287155423486630375e-04 3.795540699472499694e-04 -6.248815700999999596e-04 -1.370979959205638130e-03 1.850406056990580518e-04 -1.121375188729223848e-03 -2.006027158257193445e-03 -2.015183403784341718e-03 1.857603562932488373e-03 -2.328064723353573027e-04 5.141880191152349523e-04 -3.840504048046409634e-04 -1.559765270693237423e-03 6.043446095981485841e-04 -9.922375058255808369e-04 3.495673394281245054e-04 9.733748656313229641e-04 3.022026959284802665e-04 -1.144286474225793699e-04 1.253176675939296665e-03 2.573172889423999709e-04 1.117714522585786478e-04 1.852766244425404227e-03 -1.138332144555340066e-03 -1.177853335005518091e-03 2.880787806819311986e-04 1.981487789102182398e-04 -3.044263556135442088e-05 4.941392588268640144e-04 -1.172942308277299906e-03 1.740906499042454460e-03 -2.904124280067833189e-04 -7.038500942033496617e-04 -5.238804535799596214e-04 7.383594995708978427e-04 6.869226168584889516e-04 -1.356990792214319891e-04 -6.100645195854546366e-04 -9.143539461922997689e-04 -7.845324702763432608e-04 -1.363180581125286641e-03 9.333373457048447543e-04 1.545105570814428887e-03 1.967565501599646480e-03 5.638301673651235782e-04 -1.914496348703835081e-04 -7.204537448171837539e-04 1.030332578922417723e-03 -4.086034310147659289e-04 2.382932480311812499e-04 4.411286652512119689e-04 5.206003248469234183e-04 2.044102922782589443e-04 1.027955635184029824e-03 7.371733360524412295e-04 -4.829382104653700565e-05 3.239779294978978449e-04 8.778382182224213955e-04 2.761510400577549978e-04 -1.047562210149417111e-03 -4.149349832721553155e-04 -1.348598612844111456e-04 -8.219896304177330649e-04 -1.326437980020779344e-04 6.819043872675690284e-04 -3.138297248190012666e-04 6.047402428053541107e-05 -1.857427471202122930e-04 -4.070889203087623602e-04 -1.822838142504829462e-04 4.100525300656135234e-04 -2.259173150283147805e-04 3.916600564474411773e-04 1.458205750339250546e-04 -8.949963684763084196e-05
1.449592574862348660e-01 7.836071409656829301e-03 -1.617034741227200284e-02 9.521857014067111949e-03 -6.240969266662228614e-03 4.482162163653101959e-03 9.340709980461351855e-03 -4.427476578734421131e-03 -1.043149824664126035e-02 -3.487700403535292249e-03 -2.688696036495563050e-03 -2.560147774390601587e-03 -2.614142347401183630e-03 4.665046282710967433e-03 -6.764075879882644861e-04 8.287602541598231790e-04 -1.205220819033943217e-03 -1.237721452118516240e-03 -3.041263760703650024e-03 1.439191687345946257e-03 -3.274735701570527827e-05 1.136222675536910798e-03 2.480357044173600849e-03 1.387128303715860680e-03 -4.614726056909120196e-04 -1.866596632984691235e-03 1.651733605180712248e-03 3.600601597834100732e-04 7.045774941742561086e-05 2.444143277836690036e-04 -2.016782701503365329e-03 -9.037182539947599810e-04 -1.200797475737092708e-03 -4.090453679687641535e-04 1.551453671254003175e-04 5.273345776200202449e-04 8.002089601801605934e-04 -2.429394708473934985e-03 2.019327790632715995e-03 -6.861415553472096545e-04 -9.299298468779573215e-04 -1.609140442356257533e-04 -1.019967089730476617e-03 2.031413311640943012e-04 1.937805988531971521e-04 -3.074800626492320515e-04 7.462132118400713289e-04 4.527747475018737794e-05 -9.155946957211833978e-05 4.463286836461952231e-04 -4.768066664265488484e-04 -6.825461900641464083e-04 -4.137022574726996861e-04 2.160281946353838616e-03 -1.110078014863369669e-03 -3.008061620454756906e-05 -1.106008438331711760e-03 -6.406596935205400613e-04 7.348920129033719578e-04 -1.439594583979845099e-04 6.139840278002533461e-04 3.960589525942179384e-04 -3.926502366358950455e-04 2.237638226674808282e-04 4.523953568001187688e-04 7.269328915488160138e-05 2.855066571197346437e-04 -3.251241676461228379e-03 -1.025816163671432451e-03 -7.137971867041627196e-04 6.399904277990387099e-04 8.076680076809136235e-04 -4.328093755646442533e-04 -4.731090371598289246e-05 4.271925859964616537e-04 -5.688071845387385151e-04 2.774892884584153696e-04 -9.865913594635019202e-04 3.262558756963214045e-04 -2.398057318282018676e-03 1.103215577805042799e-03 -3.583406425412613149e-04 -9.815569426246441038e-04 -1.828678703768670324e-03 -6.165701467273982576e-05 6.701365570078463094e-04 1.403854356811297258e-03 2.669478752064114303e-04 1.900508252762177479e-03 -1.589706017469776685e-03 4.921488443669368211e-05 1.098612146182191465e-03 2.068934332503366883e-04 -9.226538033664366111e-05 -2.199183260531136115e-03 2.909944724034578089e-04 -9.972507967663077517e-04 1.965896414817021841e-03 1.956326018482795574e-03 1.428677253571986050e-03
7.518244761214756822e-02 -3.983559924822491216e-02 -1.495548082084658358e-02 6.562327720536572859e-03 -1.385710625614934273e-03 -1.170907885981914247e-02 1.078318207350733096e-02 3.674595392902871380e-03 -4.715075452764988691e-03 -9.002431561855312033e-04 1.379197319758760244e-03 9.781492273424636369e-04 -5.245869190534033222e-04 4.624073172457643897e-03 -3.576494795687873277e-04 6.548891204106514720e-04 2.355398840752448431e-03 -1.302454031052014674e-03 5.409529157790651365e-04 -7.617349383285004251e-04 -4.313864912708213523e-04 8.964810142137441930e-04 -6.485385211568120856e-04 5.008432815173094119e-04 1.714294678258911379e-03 -9.720584123634049608e-04 7.274904274475850474e-04 1.940792089164365339e-03 2.928647500293357782e-04 2.875612352862690069e-03 2.831846403006808757e-03 -1.474032563428498421e-03 -1.389224712110449268e-03 -8.790679764010829022e-04 3.183778298017542782e-04 1.469972327156262313e-03 3.503447042353148577e-04 -5.580613608401250279e-04 -2.652045893207080791e-03 5.308260052183674891e-04 -8.211701840678770157e-04 -1.064886984518290808e-03 5.656896288651559919e-04 -9.061773305606091395e-04 7.703081688299186170e-04 -8.291041431244693029e-04 -7.431147039153838951e-04 -2.483226375817188403e-03 2.505948512802674485e-03 5.229249693972737398e-04 5.908353429761926436e-04 -1.452100756882452985e-03 -4.963002524787116319e-04 1.661497196333708466e-03 -1.049643047244478572e-03 1.098579479976603736e-03 1.420912093795257455e-03 -5.137532559211803376e-04 -1.112174531686964916e-03 3.616141079596119101e-04 -2.178474109887114721e-03 1.409712094829221113e-03 -2.083236011931233374e-03 2.059686292168089227e-04 -2.596737795900855642e-03 2.697363604449849479e-03 1.113066399349268727e-03 -7.811489668246536034e-04 -1.033331842118374996e-03 -1.459647419096619068e-03 1.464714283582444843e-03 5.109413183044789111e-04 4.617528312719253788e-04 6.660095182238123454e-04 -2.127460285417067710e-04 1.675625809689458361e-04 6.416629643990354398e-05 -2.143110469639167119e-03 1.263131664214633184e-03 6.955734537177687624e-04 3.392987919514775714e-04 -3.357400445431814881e-04 1.465888284942863619e-03 1.255219224103590195e-03 -2.181444679429860728e-03 -1.087858700085036091e-03 -8.677089481481509419e-04 3.170205663311715175e-04 -1.125606029229535374e-03 -3.574595532890071335e-04 -3.526633476590002291e-05 2.897475529072045882e-04 -3.695256876634051002e-03 7.000352274251023525e-05 4.534490100179383305e-04 -2.922503662742984435e-05 -3.066042852181728555e-03 2.332533968399001095e-03 -2.694161179303436286e-03 1.915535330401051464e-03
1.502623495763404649e-01 3.148349285138816317e-02 -2.523430035924812721e-03 -3.492733807429066460e-04 -4.554896786441338385e-03 1.128405971225483230e-02 5.353279407419951792e-03 -9.835211250440482542e-03 -1.121738822436953685e-02 1.574146483036196987e-03 -4.199887602448212215e-03 1.775920102321733177e-03 -1.583513180114044057e-03 1.954231612683745168e-03 1.235339203061754489e-03 1.286432914871348389e-04 -1.765642412274631094e-03 2.104110113861081335e-03 -4.581267847329917146e-03 1.825874196935652798e-03 -1.392965289591719985e-04 1.571352916329519459e-03 2.688168226976325216e-03 -8.372566815399256051e-04 -6.884235075454824947e-04 -5.365454817407175282e-05 5.220141346738867410e-04 -1.905502874800560223e-03 -1.541075510263167046e-04 1.585843186388248235e-04 -1.431770993708542062e-03 -1.127841349696075569e-03 -1.037857178043943189e-03 1.366810296149249208e-03 -3.053895793725032470e-04 8.032801162476429883e-04 8.571175362286998032e-05 -1.414040804058423664e-03 8.342141169847663894e-04 -3.839173673802852142e-04 -2.859208666733088571e-04 8.185082761658508390e-04 7.335373711350438473e-04 -9.662802483600273391e-04 1.046984579287056627e-03 3.687800759733362541e-05 -2.654065800828426950e-04 2.241352366597660056e-03 -1.911467535218653062e-03 -1.130706696406688595e-03 4.179739923174513854e-04 5.377514804946659281e-05 -3.154212081768771321e-04 4.445765165310859362e-04 -2.630009025736390334e-04 1.208886411759246219e-03 2.050006239133111475e-04 -3.878786739450644982e-04 -7.771669892400711850e-04 3.204589658002215632e-04 8.768438688933619714e-04 2.069482099196619056e-04 -1.242208416491597141e-03 -1.223873184635079900e-03 -6.725243665845396070e-04 -1.952941430815390445e-03 9.987488808231073363e-05 1.051579947197822749e-03 1.688961293990168906e-03 -2.780257306306010458e-04 2.869426226496884732e-04 -2.551445556583579305e-04 1.029779945700260270e-03 -1.041915342136440030e-04 3.193120726303989637e-04 -3.264044687886192794e-04 8.713690100418631319e-05 5.035515278736308513e-04 5.515242625349647560e-04 -1.908909815009673168e-04 1.937302039260226918e-04 8.161603732285654771e-04 8.713836462931967911e-04 1.259136074780613831e-04 -3.547174917682980656e-04 2.956986711379582509e-04 -4.244218104972467581e-04 -6.080977040335415777e-04 -6.142173459066236751e-05 9.575706726436439449e-04 -4.956446726457423011e-05 -3.744215753050192798e-04 -4.600505447717720062e-04 -7.424848235374507359e-06 -1.239572049705103243e-04 4.096600606336040992e-04 5.499779958356384481e-04 1.703800910618385490e-04 -7.243873836700530323e-04 3.623484830693001857e-04
1.753757593482878352e-01 3.699919322493043505e-02 7.756053475805431245e-03 -7.492267900079930230e-03 -4.400302997108174706e-03 8.276188560263998684e-03 -2.334624185511149398e-03 -1.341614805862533996e-02 -4.706154858868409271e-03 4.664399932433452127e-03 -2.422925742629330949e-04 2.289618124893582664e-03 -2.693220236360055952e-06 2.847492074478257299e-04 1.999541808811869121e-03 -1.194288861219281817e-03 -8.607902752243674427e-04 3.465237299030833867e-03 -1.930196480881723456e-03 3.892268143716261816e-04 -2.764702300879812885e-04 1.649147592308923159e-03 -2.257337264763736211e-04 -1.042354969934415881e-03 1.326762878862645522e-04 8.393576970657889817e-04 -9.087508813053428837e-04 -1.627700970908068073e-03 -1.287433400664145732e-04 1.344862000459608317e-03 1.193185417646678128e-03 -1.831463191147130647e-03 -7.248203081900666091e-04 1.889920836390018236e-03 -4.328566554713520858e-05 -2.018267319158638016e-04 -2.968191123255119342e-04 5.739129683927401190e-04 -5.349605841751188832e-04 -3.507375967433173035e-04 2.565209429658232674e-05 -2.532589695740807651e-04 5.204421247832451266e-04 -1.008706074529801169e-04 3.584713795676250695e-04 9.360786845514761784e-04 -1.126865188837875112e-04 4.468484815199518564e-04 9.524641613552705418e-05 2.502897669088356464e-04 2.253328692064223500e-04 -3.172269062451647825e-04 5.943249738032601670e-04 -4.252097364926452457e-05 6.791461549006690525e-04 -6.763304548088320048e-05 3.135364682247261908e-04 2.052825728167809508e-04 2.767219691495387875e-04 -2.423987840980487295e-04 -3.309549029611262832e-04 -7.638545559120101186e-04 -4.888468074274862282e-04 -2.048029207616482367e-04 -2.327956901364232388e-04 6.855769668059961790e-05 -1.048872800689662531e-03 -3.112528240551608945e-04 4.754558098959140128e-04 -3.927173339881868800e-04 2.282579262451301760e-04 3.158071643881417510e-04 3.802137857504215559e-04 -1.021710996787161222e-04 8.190875138924256019e-04 -4.722159036141273213e-04 -2.104818614949187979e-04 5.835987406279560639e-05 -2.521242431708010413e-04 -7.546588582324767957e-04 2.056376259900916548e-04 2.285360795085687914e-05 2.395295790457152292e-04 -1.467839111459339505e-04 1.661306285703846358e-04 4.092628708469692427e-05 -4.578752546178326260e-04 6.685599759589714826e-05 -1.061747017627503445e-04 3.030332301019443043e-04 -2.678314683872160614e-04 -2.461258669659166791e-04 -4.464752306588134437e-04 5.527615393397676866e-05 -1.887808185349136147e-04 -1.760190913307114362e-04 2.938722070644669533e-04 1.322560711873714567e-04 -5.358178973906410278e-04 1.471166523993687459e-04
1.467386181931818745e-01 2.710635972919264378e-02 -8.009120022328083607e-03 5.717579810303653580e-03 6.227861308894670593e-03 -7.631047895860342684e-03 -6.471757224997967163e-03 -1.018557713233502957e-02 -3.075542282834057943e-03 -2.247754621116091530e-03 2.385260078533089911e-03 -4.634843903453402837e-03 5.155191967747644330e-04 -7.460683619616735379e-04 6.863104312389723544e-04 -5.903533597092328576e-03 -4.167894776522278666e-04 -9.440403095544019083e-04 -7.714519563608416858e-04 -5.747772857905799303e-03 5.280944799164870654e-03 9.343222353083055183e-04 -1.118243732479048871e-03 1.340353050386736307e-03 1.178590460173885952e-03 1.140057901803632703e-04 9.261146706131966099e-04 3.133252487247750826e-04 1.746436930610812885e-03 2.763539239226695064e-03 6.912289679480636100e-04 -1.116670865197365520e-03 9.310974369742833429e-04 1.355124269660105312e-03 7.275429477982809886e-05 -1.972238384252750134e-03 -4.513707506542798749e-04 -5.363472253433844617e-05 1.555774549960572744e-03 9.569263816160516719e-04 3.801923066156694402e-04 1.434783680785758084e-03 -2.176145435210162168e-03 2.217616726605608959e-03 -2.188377682184195882e-04 1.090907056421657395e-03 1.252750297388722980e-03 3.958051679571139786e-04 -8.394844579404102435e-04 9.555864484568238901e-04 -7.767420016605538265e-04 -1.179158467902519710e-03 5.083653256141510823e-04 -8.185654436961986450e-04 6.704128900246629150e-04 1.580206474428848151e-05 -8.100923189957133031e-04 -1.432644742460639472e-03 -4.672417551106101291e-04 -1.786713352525357316e-04 5.014084420889018982e-04 -1.206087603907715964e-04 -9.234820572631396432e-04 -1.343544561531421089e-03 4.497883566575374445e-04 1.374886537759936267e-03 -9.162215465836266075e-04 4.152598232785780852e-04 6.206943658802825366e-05 -4.936371141146922545e-05 -2.907065925595541094e-04 -6.349024558759669000e-05 -1.711317014668139005e-04 -5.951343985284620599e-04 5.180642293290594643e-05 -1.012125614339858692e-04 4.130224308201918895e-04 -7.585147203746267670e-04 6.511569660591023543e-04 -1.571068105426938998e-04 5.469630687435888389e-05 7.340256626710644724e-05 3.465141002030599571e-04 2.287348215546400961e-04 -1.086371023769601234e-04 3.612058335311656610e-04 -2.122318371915985792e-04 -4.509886171079329365e-04 5.352696849185438650e-04 1.390193917814105007e-04 -1.086756328201436976e-04 2.769845408871383311e-04 -2.262398782256253471e-04 1.535038849410842894e-04 1.296329047256586701e-04 1.338455100638648089e-05 -2.953575148838448136e-04 -3.186489721620244819e-04 -8.000364545796199403e-05 -1.702430256498830316e-04
1.540007061214387629e-01 -1.846044084784242978e-02 1.733668870649423752e-02 -5.524481266319809444e-03 -7.913750495586407627e-03 -1.164018302906384174e-02 5.595139650651194223e-03 4.765367921390312525e-03 8.263524615127158801e-03 -5.533740788409791111e-03 2.101103190564880280e-03 1.429947587923343895e-03 2.865300312043026279e-03 4.965983890915647882e-03 8.474821258963662366e-04 -5.153957983480995236e-04 4.251412519007400845e-03 -1.191889750299224672e-03 -1.617111268430728669e-03 -1.514958054370989541e-03 -9.331429434917546447e-04 3.222775686545413472e-05 -1.496892880739407830e-04 -6.440854929146334505e-04 -1.241280593180414497e-03 -2.243564312009532335e-03 -1.089251072765882143e-03 -1.045977838747605025e-03 1.747454996148334024e-03 -1.124356000921905016e-04 7.493252821086260774e-04 -7.767063041949471723e-04 6.168171628190209340e-04 8.228831532710829478e-04 1.174775293900855990e-03 1.369916792056881285e-04 -8.476916854606749005e-04 1.970580217853645701e-03 -2.677424409050876259e-04 -7.435703681663954120e-04 -6.074652735222296719e-04 -3.402081071072048796e-04 7.066181310071572739e-04 7.551647276111912504e-04 1.117491793350746803e-04 6.379057246908056544e-04 -1.260757344784766429e-04 -1.014824658136931481e-04 -5.940016408288131171e-04 -9.537750928535120108e-04 9.905879646941754754e-04 -1.465807775036763894e-03 -2.843299328608010247e-04 -6.644999297767413115e-04 4.998240467799972518e-04 1.377921700517117454e-03 -5.040332437597897820e-04 -5.260349912910704815e-04 -1.171854780118237755e-03 -2.747357265369040620e-04 6.659233938163773093e-05 -6.422091597910964010e-04 -3.924970331448379549e-04 3.941309936863328931e-04 1.459358666249228160e-04 8.803972577665001957e-04 3.542904983553364336e-04 -6.110813649356049279e-04 -2.062844703880275122e-04 9.974052415463463290e-04 -2.916076151256573323e-03 -3.863699863929488882e-04 -1.170519002667647643e-03 -2.127847171570606665e-04 8.864164043468806360e-05 -1.005062605060618071e-03 -9.401348776386778995e-04 1.380484444537794344e-03 -9.896633477645560856e-04 3.682675560489557815e-03 -1.305547089256510387e-03 -3.133260744932935341e-04 1.057242375382864508e-04 -3.048084530368630040e-03 1.576044933828578209e-05 -4.584840338610732064e-06 -1.793379894025528198e-03 1.179328389079549498e-03 1.402172498548278972e-03 9.551107816084607963e-04 -5.355017972618911302e-04 -9.299193867641599223e-05 -7.963394515321021473e-04 -1.195039628053939538e-03 2.163351191716971714e-03 1.005976223628337364e-05 2.190585548515054659e-03 1.265714835289918211e-03 2.375743686489907927e-03 1.880056256321690393e-03
1.549142208264069065e-01 3.251485532215187425e-03 9.445946272319474465e-03 -1.481991518701022623e-02 -7.347943140680761320e-03 3.944252895449433874e-03 6.752891933316402910e-03 4.399152903487397667e-03 -1.079509228050358092e-03 -2.185802726479071489e-03 1.030063208656261222e-03 2.275256203283950243e-03 -3.049198809501313780e-04 4.785404057160982591e-03 6.935061271509860127e-04 7.829027604813513196e-04 3.585174931149742814e-03 -1.192616362112211385e-03 -2.130788333448159922e-03 -9.704285064232715495e-04 -1.637094661791921139e-03 -1.396750040647347455e-03 6.120411900591759885e-04 -2.096382916728241862e-03 -5.888591302187386320e-04 -3.395507592610673940e-03 -4.600399861050365798e-04 -2.022697368873512848e-03 1.281285496033286774e-03 -2.258923935733720464e-03 6.734267337491632620e-05 -9.206124743272181424e-04 1.934256386046052413e-03 9.106590238220474941e-04 6.456838980321595719e-04 -1.454481696144967065e-03 -1.829047017498432702e-03 1.015834744247585400e-03 1.968402536148669470e-03 -1.843757354589582427e-03 -2.394473490056826109e-03 5.609009686672852997e-04 2.214122032400945867e-03 -7.836645908204534303e-04 1.600942519936318338e-03 8.711393244544715316e-05 -4.819872013631348439e-04 2.714577820953560042e-03 -3.502414239918859220e-04 1.193435907495714061e-03 9.807639150794422896e-04 -2.751763892099656577e-04 7.443683006104549575e-05 6.820690724800940749e-04 8.640854473706224316e-04 -1.132615319894714461e-03 -1.818075726585993354e-03 -6.660242810994577078e-04 1.130761088152671019e-03 -7.142516382923388540e-04 -1.376335887116480767e-03 6.504252948858974329e-04 8.607415473504452324e-05 -1.316683618445430850e-03 -4.347233727294257523e-04 1.350289551558747419e-03 1.954968925084044594e-03 6.913962636302921220e-04 -1.562635810228619375e-03 -1.693496914071441432e-03 7.260846781887167695e-04 -1.114092509152485051e-03 6.154355629132050951e-04 -1.095281914532737115e-03 1.283457643185166857e-04 -9.154428374961847423e-04 1.061934770430508074e-03 -2.189346753247065416e-03 -1.160731638221865897e-03 -1.086486897919800368e-03 2.251756142923794484e-03 1.426228578291695434e-03 6.324955592825790788e-04 1.221245622302300328e-03 9.657642681862634850e-04 2.548477284158318350e-03 2.211336367141800846e-03 5.528710423231857811e-04 -2.435704036155723288e-03 4.836241071534190620e-05 -1.162679088008288387e-03 -2.076365220972436251e-03 -3.651441269912799855e-04 1.041126759777808233e-03 4.669835347695264292e-05 -9.471117328791415352e-04 1.402554777752966497e-03 -7.833632262808378453e-04 6.295884978513450461e-04 5.579235563767440381e-04
1.922097842840672088e-01 2.899371708497263875e-02 1.599588177565947067e-03 3.431837962762715119e-03 -1.812060970532452381e-02 4.343898910307702164e-03 -5.951273263370474714e-03 -6.355223500291247787e-03 -3.031521381211331294e-03 -1.542092032155055860e-03 2.031310397413613449e-03 -3.951273224768059138e-03 -3.583078450349940023e-03 4.865682627446180596e-03 2.351718940939031156e-03 1.205296403566526701e-04 -1.224251662235871377e-03 -2.330745423019107976e-03 2.410706644716284301e-04 1.645922931291321370e-03 -4.005533203915397945e-03 3.949731875189540467e-04 -1.450552896335408157e-03 1.688222256765497609e-03 -5.254218104600396656e-04 2.992874015400054030e-03 -1.479847337515878590e-03 2.900129411498997951e-04 9.064940387282754541e-04 1.449934414038676553e-03 -1.558780052061730422e-03 1.684174949079284868e-03 1.171323332429031073e-03 -2.621242235199698124e-04 -1.930356628160115329e-04 1.434610226933938880e-03 -6.597401154970196314e-04 5.685020312891574893e-04 1.240940394882015163e-03 -3.128057269840885265e-04 -1.203484615580201070e-03 -1.508454386906862453e-03 -1.140884390986348544e-03 7.218165761865436968e-04 3.318370351172644848e-04 -2.811988514555209279e-03 -2.769838496780002821e-04 -1.356919442389670953e-03 4.696305308417147843e-04 -2.552531124889644227e-04 1.132637403517066743e-04 9.499865457775049987e-04 -3.637210294528973246e-04 -8.669997004972537606e-04 -8.792414309100464215e-05 -5.667808360191157156e-04 -8.104485015707587389e-05 -2.786777770766213271e-04 -2.375426901297478743e-04 -1.270146735585265000e-04 7.672543404328526807e-04 1.215569378268079080e-03 9.627392627891222764e-04 -5.081300046294582500e-04 -5.670470407566644217e-04 -1.013110988972635944e-04 9.916043490012078042e-04 1.159346412172265186e-03 4.244453862849128221e-04 6.142010322734740239e-04 -6.555857140300387414e-04 -6.894648301185874600e-04 -9.343871035128850145e-05 6.467513374827792865e-05 -8.005677129849430793e-04 7.253274835713660043e-04 6.008614900842518865e-04 -3.532193377213266468e-04 2.037351439671216443e-04 4.963271959159199550e-04 -1.215832927962343926e-04 -1.103860996396439226e-03 1.343839377445983261e-04 5.476807386358225780e-04 7.488910927373392207e-05 -9.705433916575216622e-04 4.609429624591051362e-04 -3.730082893486804632e-04 6.016113954686480873e-05 -2.541607104024163830e-04 -1.493581170098823817e-03 -6.992808364012528767e-04 -4.385683812358627228e-04 8.489124382207393791e-05 -4.028949251419465527e-04 -4.946363767196297872e-04 -3.385324761467410170e-04 4.376212843553555225e-04 2.163723199796478616e-03 -9.504611628027355864e-04
1.964413024075375991e-01 1.528986653568795671e-02 7.538410102466374524e-03 6.377389364270293418e-04 -1.807474195694196845e-02 -8.929369847381919342e-03 -6.844765681292734084e-03 -2.387093702680826574e-03 5.723045502545921065e-03 -5.832780396351605265e-03 4.982753465440403588e-03 -4.499744850759513151e-03 -1.992384177811164702e-04 4.242687358083895195e-03 2.404548921294129369e-03 -1.325350220997812811e-03 2.039587386705241871e-03 -2.268353467613043635e-03 1.743824134791951194e-03 -2.739752846015619812e-05 -2.304928663284730016e-03 -1.077318660535540396e-03 -1.769381683455660114e-03 1.195151937718859792e-03 -8.303480124995786960e-04 2.068654852179365334e-03 -1.540288823050149636e-03 3.543867198182335475e-04 1.758892939600021667e-03 -5.876354653247096256e-04 -6.229905722567133939e-04 2.205760879702194956e-03 2.375834673381677954e-03 -4.241718302284953695e-04 9.012706427432925311e-04 -9.339085562991847811e-05 1.964126514498829186e-04 3.375555880631839287e-03 2.500927192654206510e-04 -9.582627636157293322e-04 -7.870401100315628810e-04 -2.067694447970462937e-03 3.788509424105450754e-04 1.903293832865753056e-03 -6.520076045414870949e-04 -2.089052158581790157e-03 -5.743586558161003922e-04 -4.385057917423236160e-04 2.852325297791832599e-04 3.017952892357818008e-06 -8.480156416681607762e-05 1.262200201761778722e-03 1.644811311599616915e-03 1.050716903450508348e-03 5.995961989921591595e-05 8.414794794745771326e-04 -3.753449329687165003e-04 -1.358831549673402295e-03 -4.847180820154661177e-04 -2.745261492455217372e-04 8.581038149042218271e-04 1.827942554377672826e-03 2.023611787852218173e-03 1.213935077101448487e-04 1.278024722680825990e-03 1.531300388990536484e-04 -3.914482623721725823e-05 -2.121782543239901584e-04 2.169217764147012950e-04 -1.211633423861833373e-03 -2.116589479180437400e-03 1.357410380725618867e-03 -8.775506824132085684e-04 -1.315781697105854403e-03 -1.545001995818213320e-03 5.733538188091422041e-04 8.272900329954305547e-04 2.283656349879338836e-03 1.796376734874193589e-04 1.795666969181689563e-03 -9.251596676646780442e-04 1.242400137819618894e-04 8.656485330629238835e-04 -2.682393019967649751e-04 -1.471753259721753125e-03 6.814653387964209530e-04 1.692224723915791284e-04 -1.485870981083811117e-04 -3.307147948165406730e-04 -6.445214469390011126e-04 1.650391110282492307e-03 1.276800289742937135e-03 2.030659539272017863e-03 -4.218524429763842107e-04 7.956647639212838328e-04 1.196376795002709794e-03 7.913081990299176624e-04 -1.058522876510248822e-04 -3.227670716111474564e-03 1.262444177050749648e-03
7.448480412319614941e-02 9.801077741613213926e-05 -1.979397702079967875e-02 1.522874813616573522e-02 -1.577820685705050643e-02 4.958636645605835926e-03 6.824066667114174825e-03 9.874440251048553427e-03 -1.357659938091704960e-02 -1.806053781960710765e-03 -4.149404454695432114e-03 6.874674656241544501e-04 -1.219536206061766839e-03 3.525537167699231266e-03 -1.990655117389616719e-03 3.506399175474142482e-03 -1.932188754019664029e-04 -3.658907501380405380e-03 1.133268097662182587e-03 -8.948003463645020326e-04 -1.539898048811358866e-03 -1.056706680262975212e-03 2.149179048032024298e-03 1.357162007402766416e-03 -2.249283820172849700e-03 -6.139252651140006053e-04 -8.719059982887503515e-04 7.388332430982607517e-04 2.955247611603766585e-03 5.033614028153311337e-04 7.584526459656417167e-04 4.291214594538238637e-04 1.828665936639046639e-03 -1.810319261505952647e-03 -1.697156091305990992e-03 -3.935881256722322777e-04 -2.847873609018213362e-04 -7.337990906695775715e-04 -3.786174002332227083e-03 3.036122114380171606e-03 -1.574468123849288284e-04 -1.974323089595689858e-03 1.819213109724998265e-03 -3.026247310372205072e-03 2.745109549367636694e-04 3.752379086611922192e-03 9.559469670935104692e-04 2.691940018249720616e-03 -2.044228656648165460e-03 5.803936383509736546e-04 -8.851486049627619495e-04 5.300768928837992170e-04 -2.231839143972024408e-04 -4.387468065891014487e-04 1.840429973363047261e-03 7.259206904225536713e-04 -1.326709106994169735e-03 -5.001971530167620980e-04 8.300337996196106372e-04 3.293207245349252018e-03 -6.451533960530153426e-04 -6.987007258114873165e-04 1.448269938335703267e-03 -2.208832028032057940e-04 -3.337912637099274332e-04 -1.945605875339193481e-03 2.431565889108375364e-04 -8.370752912554934146e-04 -7.655145566814277507e-04 3.584170765951387948e-04 1.678764584728240344e-03 7.717121406318830108e-04 1.001699293495688032e-03 1.345273626419571508e-03 2.799309926980230248e-04 5.675730601804990748e-04 -2.762183127372168021e-03 1.014412024602634075e-03 9.105749054137070482e-04 -2.309765320941581282e-04 7.543565470941552154e-04 -7.012846519470553042e-04 -1.842392512155566534e-04 -4.572050981068724769e-04 -7.617651765679562691e-05 5.068972864291089149e-04 -3.998722517916720488e-04 -1.594857356850334310e-03 -3.809214321314706832e-04 4.617019565977246065e-04 -6.780508346402704459e-04 6.304501269944980980e-04 -2.537891169463523202e-04 -5.128741919312610007e-04 -2.857451718165570105e-05 -5.172709957773689946e-04 -3.145671215668739435e-04 -3.590917944117730395e-04 -1.188900862267898499e-04 -2.743743086943285347e-04
2.003732761612904700e-01 3.012664429024330959e-02 5.150881959135635881e-03 -1.842581476697571644e-03 -1.476803314133908439e-02 3.983371486246545939e-03 -6.435648910145032667e-03 -9.889169943482335398e-03 3.308233710111345752e-04 -1.067359859597002882e-03 2.269832961628796830e-03 -2.962364485115658898e-03 -1.898233446326057314e-03 2.145194113179500067e-03 2.793817248767560026e-03 -4.446086350377332643e-04 -1.965288318241138234e-03 8.958016074684552014e-04 6.730402059197857466e-04 1.620135028554875239e-03 -3.413674649570004344e-03 4.781008967226242352e-04 -1.954537134613382621e-03 9.469780369056095216e-05 -7.134904737176518035e-04 3.871273230869213666e-03 -1.568107935799591037e-03 -4.493132461039833422e-04 4.715345971628196972e-04 1.125967667947823641e-03 -7.337406799754372629e-04 9.516325735016624996e-04 8.061731760556675296e-04 2.036621332676495904e-04 -3.936342787605877797e-05 6.672718090398828189e-04 -7.333390062942622646e-04 1.405327090188721127e-03 5.400594948560705639e-05 3.130231784890658139e-04 -6.509494682201331884e-04 -9.706513409206967303e-04 -7.134521068553072078e-04 4.654255491095402779e-04 -2.444437241806763673e-04 -1.729297102529331678e-03 -2.154881584965233137e-04 -1.550151296308512278e-03 6.979983905981568129e-04 3.779241698189880500e-04 2.785810667124194104e-04 4.299630827264418567e-04 -1.990798135121588509e-04 -8.348080830120040976e-04 3.259977034083767549e-04 -6.236638985063147015e-04 4.044042894906195451e-04 -1.410311997229327845e-04 1.441201982534998213e-04 -3.746145349514685410e-04 3.891144331974181786e-04 9.735817535723783819e-04 9.200126373251764659e-04 1.327948415253188733e-04 -4.478485777028321717e-04 8.171997422309067345e-04 9.516425183043358046e-04 4.832691805391541398e-04 3.082378383773231277e-04 1.213719652476329082e-03 3.989513701826854315e-04 -2.219807515353784298e-04 -3.769031603807872026e-04 1.637355042138767091e-04 7.340234984688527988e-05 6.353581243666696701e-04 1.413751460693156133e-04 -2.991683078125139143e-04 -2.392845293651922600e-04 7.710630893455416438e-07 -2.549271297056678173e-04 -8.536547444001523280e-04 -4.811399653250382773e-04 7.068170160540303846e-04 3.643387513353940946e-04 -4.774328587604211916e-04 1.653063040099637341e-04 1.707197937905462095e-04 -2.357739610565146441e-05 -3.265352201192963559e-04 -8.064697385184161054e-04 -2.229347046095660233e-04 -2.892604671405897792e-04 -1.886821257448521058e-04 -2.098071104179142653e-04 -4.692577204291904216e-04 -5.166754067572777850e-04 -2.107725213311470149e-05 1.436419174192459479e-03 -8.384166417734855142e-04
1.834174601466781115e-02 -4.942529264555109436e-02 7.133240202924379450e-03 -1.685030422145011343e-03 9.652900669971651790e-03 -1.274172135202842997e-02 2.152426984521294603e-03 5.451601310075394544e-03 1.210728366113764630e-03 6.128472494863451692e-03 1.506660727792983809e-03 2.136242602084614372e-03 -1.274909634985313747e-03 -2.767588891421264032e-04 -1.208223932799285969e-03 -1.896223614390353312e-03 2.771735079183936749e-04 -2.251014715318659740e-03 -2.117035925657873453e-03 1.401013048650080544e-05 -5.167786534367255907e-04 2.451520986582903048e-03 -5.896056182831710705e-04 -2.107134424210880055e-03 2.084074786102103980e-03 2.928764793068467168e-03 -4.573690392000214345e-04 9.611237282498276630e-04 -9.692133857194340594e-04 2.258360322388326593e-03 4.099581599060634685e-04 -5.535461244695755179e-04 -8.060398424529096912e-05 -2.563131975090564025e-04 -6.381292665394302588e-04 4.564722501346008877e-04 6.026624756568290395e-04 -1.467193764112365928e-03 -2.308441651025934602e-03 5.237635636525184374e-04 2.831110163953263472e-04 -9.461010861464804389e-04 1.228199611036092298e-03 1.232236697818211253e-03 1.219105168710033849e-03 -1.003086968780768752e-03 7.628375886979007993e-04 2.445631257363844080e-04 8.537098063213428324e-04 1.706803204836739810e-03 -1.002626883832022928e-03 5.342539656901015019e-04 -5.520981925091311389e-04 -1.352236416426082569e-03 -1.028411548323798167e-03 7.785505969857647824e-04 1.173512449688455129e-03 9.757797551775203131e-04 -2.856926449739332231e-03 -1.033646408126171357e-03 4.422383954090803324e-04 1.069395193718641933e-03 5.096113070128560933e-04 5.673398678266317746e-04 -2.196032938754706888e-03 -1.763500070309307081e-03 7.001221297196204242e-04 2.798914695709249435e-04 6.852395364627505547e-04 -3.281248237870132726e-04 2.314936509701691412e-05 -5.437256152694941013e-04 5.028083833827028505e-04 -8.694845514676616954e-04 -9.068914458163849493e-04 -1.825081311317902329e-03 -1.796897622976919608e-03 -5.996145716762362387e-04 2.232172853510635581e-03 -5.275749708519701609e-04 3.430270723871157047e-03 6.821684610823922426e-04 -1.730257399916333141e-03 1.993974895219560403e-04 -1.272647111725195516e-03 1.058134074326486226e-03 8.650522853540595523e-04 4.068185538411303592e-03 1.378959616481617838e-03 -5.976262264580834869e-04 -3.461873267650061371e-04 1.680398999356795499e-03 1.033299647385554562e-03 4.460214530893748339e-04 -8.318422195255628301e-04 6.673625630405983144e-04 1.931339460152364795e-03 -1.934454523453819734e-03 -3.615919977804072077e-04 -2.237348330014645933e-03
-4.711144346666825550e-02 -2.970516638402062939e-02 -3.103221341699629113e-02 1.506982243029217003e-02 -6.211995571138801721e-03 6.503766126867562697e-03 -3.310933627426306935e-03 1.128031374913667862e-03 3.973329365744174908e-04 4.365438802727470563e-03 4.528461782480983772e-03 7.725945284372331360e-04 -9.315656490087232311e-05 9.342342601742117513e-04 -1.811665319038637206e-04 3.060377853505951654e-03 1.655787759934926546e-03 1.338757473827051694e-03 1.888006829509099880e-03 -5.663849035790929128e-04 1.930679347957793904e-03 -1.535746141061305158e-03 -4.869719248817982061e-04 9.575090367045465713e-04 -5.552191498135795357e-04 2.425437542955049207e-04 -7.007745952636949263e-04 -8.113643271306155303e-04 -1.102142378964182049e-03 -9.992911598198778427e-04 7.504900631295685545e-04 -1.776812071355197585e-03 -5.464878278804351187e-04 6.096257084960485370e-04 -3.956675668192317875e-04 -2.206513387817594235e-03 -1.602235381627617992e-03 2.155912005317041791e-03 4.139778235563013856e-04 -1.590155740564582528e-03 -1.020060565106328690e-04 2.785495695106207973e-04 -1.560482359966225419e-03 -7.599888400001815697e-04 -2.035946376388872772e-04 -1.515552750228578134e-03 -2.920702283359376283e-04 8.636143942180518542e-05 1.034526031168708559e-04 -8.949580147401864534e-04 -5.335142739458592848e-04 -2.216876897580793981e-03 7.288060493151867283e-04 2.517921031193492997e-04 -1.513340308285289774e-04 -3.074895197687089587e-04 5.500878012453944621e-04 1.163534285120061137e-04 -1.967003037795678904e-05 -4.752276684136577515e-04 4.233118538396751784e-04 8.633059203632686453e-04 -1.118552375192620766e-04 -9.910482843472020499e-04 1.599553077305736334e-03 -9.542603413887848236e-04 4.013523453429312829e-04 -4.266547047415041385e-04 4.534922442560598778e-04 -1.696245513572517121e-04 1.045992148282382829e-03 -9.691410800193972193e-04 -1.097539752883208247e-04 -4.796952571768807916e-04 -8.320620411253174019e-04 7.544306558340994288e-04 -1.070625839741060070e-03 -2.880510679073921632e-04 5.950414597986295471e-04 -4.587537358399926745e-04 -1.875910236943788701e-04 5.908676885122005062e-04 -8.597493937507460224e-04 7.233506634854948349e-04 -4.997792020961721541e-04 -5.845882045639569542e-04 2.494923211234506685e-04 8.005153009953032417e-04 5.911467817642213594e-04 6.627246168622951371e-04 -7.355610568340861842e-04 -3.001335913856156162e-04 7.198439313200448051e-04 3.509640122859925319e-04 9.172258634248657040e-04 5.361619069235499906e-04 -4.374135169232218866e-04 3.629814832547793461e-05 4.822586189244761263e-04 4.271841045724358832e-04
-5.900110384949433517e-03 -9.590723963456749060e-03 -3.200714151404415730e-02 2.759924098491719699e-02 -6.963840288136404280e-03 -1.909098223638653572e-04 -4.162952067514715318e-03 7.109813776898770560e-03 -3.100279099649062495e-03 3.378599795936127262e-03 2.365258539045310415e-03 -1.083503360519379091e-03 1.291603285017409088e-04 1.403779021437597105e-03 -2.401051597676655096e-03 2.845475470639913414e-03 2.594401728660483599e-03 -6.288278139813072588e-04 2.051640304962000505e-03 -1.386478954688450489e-03 4.962990122898755649e-04 -1.416283723254726514e-04 1.030804897624092642e-03 1.684530559876028406e-03 -2.555822072669168988e-03 2.130725549997842443e-05 -9.876313269701311910e-04 -1.693177740576392936e-04 -8.712115140708465372e-04 -2.279229896391936501e-04 1.717800196540776939e-03 -2.450980350093402791e-03 -9.209590730904973618e-04 9.007519005648575864e-04 -1.615840692392918288e-03 4.610642390299551875e-04 -6.595293414726162765e-05 2.916351042257698829e-03 -1.206969008053541351e-04 -2.297930953471479833e-04 8.450030473000358366e-04 -4.833642893786608608e-04 -7.673740923169494700e-04 -1.173079592662817986e-04 -4.112943159826633029e-04 -4.063776501309978402e-04 -6.421996837629134855e-05 2.112302315180553190e-04 8.000135408963667850e-04 -2.731507810038480508e-03 -7.568230733787286585e-04 -3.433720829703706262e-03 1.830295357622998718e-03 -2.082537074989524329e-03 3.464631288416238184e-04 4.299640416815841471e-04 2.421424522451895694e-03 1.357138426837813713e-03 7.619544658592798799e-04 -9.655296664381403144e-05 4.489312852826671881e-04 5.688257137347336578e-04 -2.608120895648584825e-04 -4.053218637744660608e-04 -2.742277096556355680e-04 8.089077447385977892e-05 1.297180140459816512e-03 1.999036458420146503e-03 -2.402076282667538605e-05 -1.996757440527015086e-03 1.351953494860208289e-03 -2.140777070499852875e-03 -2.587088630484121049e-03 1.615877593446490889e-03 7.655634485891380870e-04 5.702423322788950383e-04 5.614701955610829553e-04 1.338741243572739081e-03 -1.298106650330808779e-03 -2.127699439308569813e-03 7.458881666812767434e-04 4.221537313045556849e-04 6.224342832052592086e-04 -5.685618288881199049e-05 -1.815113633154701608e-04 1.476778626309364602e-03 -1.397241124705851352e-03 6.187513123486592650e-04 -1.858659893896653882e-03 -1.200102722779149231e-03 -5.588420417731221253e-05 2.218764357764864414e-03 6.237076738018474710e-04 -2.184961288941071611e-03 -5.694709402902904888e-04 -2.101249479803336730e-03 1.240298179190037079e-03 5.243365781134992675e-04 -4.445287969232387541e-05 4.308969415090531233e-04
1.326775782417334015e-01 1.004292867209353665e-02 -2.105794367226674832e-02 2.262058594050092228e-02 1.023855650033296451e-03 -1.122431626494206115e-02 -8.177202451653577120e-03 8.695707810450590972e-04 -2.174682469740336303e-03 -5.380645354755737679e-03 1.222590966065025464e-03 -5.667640627376191627e-03 7.311262140057314500e-04 7.139018794494938818e-04 1.158955168222661853e-03 -1.917864868531844345e-03 -1.255653379233851103e-04 -3.768797854297442195e-03 -5.523110213383926326e-04 -3.679500121072122858e-04 3.605468826803325151e-03 1.288537293664863883e-03 -3.610327187847073814e-04 3.475433273382915259e-03 5.333377421541088317e-04 -5.251510190789604850e-04 1.480326625825174576e-03 3.179740664014813097e-03 -1.487974690230465863e-03 -1.361938062068319922e-03 2.778963561654375532e-04 -3.052428687948612507e-04 -2.110123488707492216e-03 -1.001966290727666301e-03 -1.186452121177742486e-03 -2.090457603138284100e-03 6.447453466597396045e-04 -1.599097793712264161e-03 7.295758950626762048e-04 -3.103050950764632814e-03 1.867370336378030172e-03 -1.020701786100034402e-03 -9.889377231035909564e-04 9.575888181372389394e-04 2.271843552737671558e-03 2.340201639434347138e-03 8.743624495382447924e-04 -1.038333935134735930e-03 1.775474549916654723e-03 -1.419692348952990757e-04 -1.119837922505883496e-04 7.173052949286076903e-04 2.329833614377640680e-03 1.040767554063852475e-03 -7.337417764727280681e-05 -1.223420751413418703e-03 -5.639019233949745316e-04 1.138783479179853765e-03 5.585890401475484407e-04 -5.735366659238778139e-04 -9.722765759881978921e-04 -1.515073188571146355e-03 -3.714574504590821493e-04 3.018766957590059315e-04 -1.675088703413918400e-03 6.214375951594955459e-04 -1.621750002719588317e-04 9.643971431060637586e-04 -8.712936823153162071e-04 -3.402525376661394424e-05 -2.590845506644753101e-03 -4.956654103490901620e-04 8.215261178222422458e-04 1.689172697390995065e-03 -9.674766026239309995e-04 -1.940886524866835931e-03 -1.128829411500366581e-03 -6.887052970029123493e-04 -6.181370235830475641e-04 1.136458609105419444e-03 4.666107151525719339e-04 -1.383780029917823409e-04 1.016039104355733955e-03 4.627525998644858602e-04 4.728243004670281010e-04 -2.604681851712084724e-03 1.721122915979833926e-03 -1.478357617378793130e-04 -8.560966825786369338e-04 -1.604560318032825870e-03 6.864897447316170662e-04 -9.407928115118266779e-04 -2.859270697930037350e-04 7.179654750935919507e-04 -6.471574022148530959e-04 1.165506952267996192e-03 -2.851279150424022922e-04 -1.154281711534247161e-03 3.811865994084952296e-06 6.753097350720667141e-04
1.397266614098406357e-01 -8.663535508622532966e-03 -3.984495686313123744e-03 1.119350033401864640e-02 5.437498119820317541e-03 -1.891999842797581835e-02 3.401943956416728413e-04 -5.357071235437087069e-03 5.420319379088303115e-03 -5.511521477046124953e-03 -2.709036590072865847e-04 -2.514003470874960448e-03 6.722652145151771647e-03 -7.633848461940659705e-04 2.174634185744040750e-03 -1.049702164924026272e-03 -1.562959510451488636e-03 8.359652073009896708e-04 9.064231340374370927e-06 -1.251953893431878269e-03 2.764018676792034338e-03 1.189437633015879518e-03 -5.690019330188314343e-04 -2.986659787769070586e-04 1.550683589104277045e-03 -9.727981587427586086e-04 6.132651793941366891e-04 6.663434195133595027e-04 -4.186424036451191544e-05 -7.771934738119704771e-04 2.046581060183238717e-04 -3.665365104337800842e-04 -6.862798696819934468e-04 1.257069033053840896e-03 2.726013505603406585e-04 -2.046572369829811715e-03 2.114710040685187104e-03 -1.011092772421029375e-03 1.491938079100420169e-03 8.642953146317289054e-05 1.972406523570957321e-03 -6.979373345214744681e-04 -1.271732818601114656e-03 1.077946830343180074e-04 -1.272306723662709901e-04 2.347073823334218812e-03 -1.387958209297732908e-03 -1.421024973857010340e-03 -6.646759999284119775e-04 5.276178032550496878e-05 -2.207023764404199891e-03 9.112453111055163289e-04 4.759224391108678263e-04 4.878111191858281403e-04 4.250146821092581624e-04 -2.178122413715867880e-04 1.388381089384532275e-03 -1.120548079834660224e-03 -1.397192133169165157e-03 -1.969765171537447065e-03 -2.258512970109883099e-05 7.228824508412673086e-04 -6.103485650066295138e-04 3.028209490390920276e-04 -9.746910244840698782e-05 -3.378189720345399732e-04 -6.854218086115462880e-04 -1.199549369188583842e-03 1.300904497222957765e-03 2.581239104416550856e-04 5.277881004569436084e-04 4.267585233446636217e-04 1.331032355101361515e-03 2.942687653872482455e-03 7.754687324867508020e-04 2.238789559893277284e-03 -4.964017911100789687e-04 -2.022245851022347091e-04 2.887134473054108765e-04 2.287318347348865806e-03 -1.286568383750699273e-03 2.927632479086787493e-04 -7.365849055377265975e-04 -5.333044874486371880e-04 -5.979352923621898642e-04 1.711221098288349431e-04 2.974762091466963496e-03 2.629139723258763165e-03 -1.870890222406078199e-03 8.319801389531247902e-04 6.693872165971792316e-04 -2.938977322359930151e-03 1.077769169076180696e-03 -3.287181156694555465e-03 -1.409382217872081093e-03 -1.179292217552903831e-03 -3.575284501818982931e-04 4.116393371389323792e-04 -2.133501227207522974e-04 6.270618800973900859e-04
-8.702145048320851506e-02 -2.875936653321681941e-02 -1.906708047854277152e-02 -6.021218880466640624e-03 -6.781931657631558308e-03 6.959701361432336746e-03 -7.633939874771650258e-03 -6.895412507183107213e-03 3.151446000174345369e-03 -2.241565643010196354e-03 4.090198848548497711e-03 1.597529453365767113e-03 -4.432857850481594772e-04 -1.531669668805164775e-04 6.403666506232773281e-04 -1.153730494503460045e-03 2.112230169068590442e-04 2.323132026792437514e-03 -1.301812185142868115e-03 -1.130499874412715526e-04 1.664414026558076395e-03 -7.267780710205765451e-04 -7.161198964071473824e-04 1.056642178667883654e-03 6.246754481367394871e-05 -1.776436086086841159e-03 9.894457180034755064e-04 -4.925030367472088295e-04 8.347626021288124826e-04 -1.144962199573642137e-03 7.781372638917150465e-05 6.881818001300083138e-04 -3.797106796378263861e-04 7.313645394761566175e-05 -6.029462833341801570e-04 9.570346999596987894e-05 5.916704779695793667e-04 -1.533065712670952105e-03 1.435921626348904488e-04 5.320033442983964831e-05 -5.313418692455836685e-04 -6.108838101583959892e-04 -8.248580994874086907e-04 -6.692324560388144238e-04 -7.582313508365601598e-04 -9.347079796242411089e-04 -3.894044366871075500e-05 1.557174004670470427e-04 -3.706066901698197818e-04 3.652468834091626682e-04 2.457302151842775083e-04 8.074379883595049576e-04 -1.298584605734296848e-04 3.662438816618269707e-04 1.080824207298596235e-03 1.376338266968076289e-03 -5.045031938886794217e-04 -5.424755754112058244e-04 6.508160547945807898e-04 2.051620455376983935e-04 -3.546700177562651175e-04 3.433208501767240914e-04 -8.142797472835347494e-04 -7.725583010201158825e-05 -5.339347055470762896e-04 -3.321238440416519238e-04 -5.839309349985202731e-05 -2.637456568268273195e-04 -9.538199459899621016e-04 9.323938299208228220e-04 -3.075726410097145351e-04 -6.548024265402162432e-04 -1.079495097964640148e-05 -2.136578797205762836e-05 -1.431534607301800305e-04 -4.434296362647671772e-04 6.782373284992130252e-06 9.037344221753750126e-05 -3.976246840130985083e-04 1.068109305430886991e-04 1.277432664501389030e-04 -6.560964536644122444e-04 -7.867215625903017831e-05 -5.186811323171699735e-05 -4.749809673451964678e-04 -3.232506898637731320e-05 -2.522124416630636286e-04 1.308414976281303290e-04 -1.907493694798987564e-04 1.362224968121088654e-04 5.245762908535351720e-04 -3.916269159312918652e-04 -3.202230818163309185e-05 -2.048332597433806350e-04 -5.980773922150712119e-04 -2.569126955018641317e-05 3.045581686601077104e-04 -5.290625596982116707e-04 -2.206606691089847358e-04 -3.596779821515776556e-04
-5.487044276169768947e-02 -3.453568485612638905e-02 1.264828778835862429e-02 -4.504527747094291519e-04 9.829634954009756898e-03 -6.852942062757523024e-03 -1.039701317115177687e-02 -4.234609923149698467e-04 3.650917975073111714e-04 6.790686029100450986e-03 6.321650792538611834e-03 -2.175455262082051124e-03 -4.516936215610631820e-03 1.196989181992367656e-03 4.190667306194031960e-04 -6.269631369200274848e-06 -7.120602222637854297e-04 -7.913616961520358395e-04 -2.725384140281872022e-03 1.807281170747393213e-03 -2.319025122654501305e-03 1.778890578602304183e-04 1.015835038957881931e-03 -2.355454559902079876e-03 1.136081483408165217e-03 1.045052750822101414e-03 1.140355681201342527e-03 1.147236413831676655e-04 4.559252794227024066e-04 -1.858796599057661782e-03 -2.090452373495249507e-03 -2.429314398778512508e-03 -5.634056912219962028e-04 -6.440853884800078980e-04 1.377417533706650410e-04 -1.532911141105732867e-03 -5.492522812377652460e-04 9.069921385145168248e-04 6.504257097164343245e-04 1.236232615712246465e-03 5.988524618659883583e-04 4.185231201896314314e-04 1.982626049560793106e-04 -6.577852726842381773e-04 -4.458230946969186860e-04 1.007536433081014258e-03 9.332242117928001707e-04 2.007498569416424686e-04 -1.897933122795421811e-04 -1.717266118394004352e-04 -1.706660215026390825e-03 9.353634395894672941e-04 -7.787567341646286362e-04 3.234023778914808887e-04 3.808751531309117339e-04 -1.344243124105631761e-03 -7.311711092833864545e-04 -1.789150856376327313e-04 -6.922027988029303205e-04 -2.477148840732122680e-04 -1.425018431020634070e-04 3.693043275259755114e-04 -7.280424153829634110e-04 2.343193277373104933e-04 9.665505598539838586e-04 1.172116365861363297e-03 5.352115745249723920e-05 -6.931566341939665501e-04 3.971178462309162319e-04 -3.433506991338989645e-04 -6.347596339356700022e-05 1.030321299056809715e-05 2.437455850359488763e-04 -1.500960704937877692e-05 -2.093081783737300481e-04 2.610198176964290432e-04 9.454476139561211615e-04 -2.681095036939763841e-04 -4.437811970393447185e-04 -2.011305474315841881e-04 -1.264488994674657770e-03 -4.670237091794500863e-04 2.604650802321971685e-04 -4.678034257469574166e-04 -4.297631258296289954e-04 -2.395524199047037266e-04 -2.696688493543671463e-04 -9.449996072162854688e-04 -6.165998539074404536e-05 -5.765316081765528740e-04 3.372280674368573314e-04 -4.895046883327896191e-04 -4.156786082635015246e-04 6.297733372457223178e-05 3.894423419329115532e-04 -8.336163918447342001e-05 1.329499876814479304e-05 3.363574871438271946e-04 2.982308411342730415e-04 4.084993514615065926e-04
-5.626461579574856819e-02 -4.561499180931436609e-02 1.528605177123113813e-02 -8.236910149068028819e-03 9.187007054930614383e-03 -7.398552789920225664e-03 -8.792768151752615099e-03 -5.241632477393805452e-03 -1.224117131862291312e-03 4.960985632218054171e-03 2.826894423135764643e-03 -1.028949207782351143e-03 -6.763036857108623706e-03 1.936766182930322179e-04 -1.347735933709316052e-04 -1.756896567675579482e-03 2.634714131866757771e-04 -2.553254870422607282e-04 -3.257244943045855992e-04 1.529537049321692214e-03 -1.671028329404207003e-03 8.801009859759718543e-04 6.695731675312536482e-04 -7.958333406551996005e-04 -1.102677910450058186e-04 7.160742635584938518e-04 4.905550813617666570e-04 2.673108543505350204e-04 7.215934120858770060e-04 -1.789909135817407569e-03 -2.135172659408541077e-03 4.021399934509298441e-04 5.713377882064635260e-04 -4.719936735809682161e-04 4.684166712561563272e-04 1.149639468824836932e-04 1.275243783896054745e-03 5.814165845373563894e-05 2.785488313864720129e-05 1.343070572407974346e-03 -1.318944844412610806e-04 -2.492830656251587276e-04 5.194655716485579045e-04 -9.067131559048374517e-05 5.585917128722154602e-04 9.103859767406531937e-04 1.205970747141013773e-03 1.611831084979032476e-03 5.288335939804363799e-04 4.006447808046990217e-04 -1.038216853004979810e-03 3.857575762881700434e-04 -6.508533231422596521e-04 -1.589113776226733893e-04 1.503330449932779925e-05 -7.223927698188004802e-04 5.598871755640543032e-04 -7.155879894127169629e-04 -8.261095795331559492e-04 2.952637826069986647e-04 4.254231603384885487e-04 1.284497523000958518e-04 -7.152326270937192903e-04 -4.694433043233445712e-04 9.932425024739275667e-04 9.735581083024104614e-04 -8.363947269096566692e-04 -2.467748167772860501e-05 -2.320265074820717505e-04 -8.500736592019792620e-04 -3.915805473794787541e-04 -1.255377278458707927e-03 2.831222887252525999e-04 3.938052046928437852e-04 1.621497104551048710e-04 -7.293464805273005332e-05 3.606170854335338707e-04 5.054673981632537821e-04 -1.050793777971920128e-03 -1.168289357897308613e-04 -1.204380915676303646e-04 -1.233533117105355993e-03 9.719393758656459594e-05 4.053119564637947718e-05 6.664701930881726825e-04 1.188439347948340289e-04 1.882468954235078150e-04 -3.690416780510442593e-04 -6.208679785230989648e-05 6.074259190096030833e-05 -4.178365511697194964e-06 1.420241966890080246e-04 -2.774463812257896376e-04 -2.748230966490338226e-04 2.141935588814693092e-05 -4.342558262209338820e-04 -3.642007640096395866e-04 1.045037015770410629e-04 7.783442872564144157e-05 1.308718612794146970e-03
-3.427036474633835678e-02 -2.643542405860545980e-02 -3.766130728955860429e-03 3.335128711967459084e-03 1.565792557537115659e-02 -6.297851798210993106e-03 -7.281274442991851441e-03 1.271473550087752870e-04 1.781650301341571561e-03 7.479761982716047128e-03 8.064871587031795935e-03 -3.172636144264870395e-03 -4.483574510264898413e-04 1.120148685238494483e-03 -1.517941789379090170e-03 7.332870935087498982e-04 -7.067075901022380107e-04 -9.020865817542193105e-04 -2.258844986067368686e-03 5.327070513734287254e-04 -2.771022759638418730e-03 -9.146132445223959493e-05 1.357247039029519644e-03 -2.850843721503174954e-03 1.545311958401165888e-03 1.400097344771621512e-03 2.959017752702557602e-04 1.976770956608715562e-04 -1.148967640756982716e-03 -1.694719437865658141e-03 5.938953861999411591e-04 -1.708109479260181860e-03 -4.457135044348408824e-04 -1.997316744775836338e-03 -6.062808919070135794e-04 -8.968170615690895103e-04 -1.853543306129551644e-03 7.111554947208800293e-04 9.838250038511128087e-04 -2.271766748757498699e-04 3.606352919787066125e-04 2.636173559805189952e-04 -6.079238271089658580e-04 1.314059274645369181e-03 -1.635173332437317873e-03 6.683969473988269532e-04 2.603164338989791033e-04 -1.689185240507647384e-03 -2.482658504974779440e-03 -3.807500359702991797e-04 1.050342737053973959e-03 1.021172258836494434e-03 3.587738666572313335e-04 -2.474288671676373426e-04 1.968662881903898823e-05 1.154030114483128606e-03 -1.529479496501022625e-03 -3.220875436467534095e-04 1.960717838323940056e-03 -1.417104024041748386e-03 1.096012347037577951e-04 -8.173696336251898059e-05 -3.391280921287816098e-04 -2.902252176498825668e-04 2.167671739800958533e-04 1.205404369489934885e-04 7.890810772536693525e-04 -1.019957544333029327e-03 -4.745568845850366775e-04 2.891942655409130390e-04 2.128719609415535179e-04 2.033467641155241919e-03 5.765924235005711034e-04 1.336412207508206728e-03 4.341401444598732228e-05 8.682115839700242730e-04 4.528072106399893410e-04 -9.032933396496636456e-04 3.388152572328732002e-04 -1.682307360923070963e-04 -2.260051157280944408e-04 1.105595578465533952e-03 6.574173907244009515e-04 -2.998276071945463390e-04 3.989280522792426208e-04 1.511771726902727325e-04 -1.539284644212976505e-03 -4.064042074655957221e-04 1.845201866711055364e-05 3.682260479196357967e-04 2.532915917664893784e-04 1.705249975512522097e-04 -1.685185011072735570e-04 -9.258664335470808467e-04 -1.306647422027103775e-04 7.475516910560812273e-04 1.380877340724362542e-04 -3.445768288753133044e-04 3.983731241367531118e-04 -9.414912754032927567e-04
-5.977691940645461083e-02 -3.036424907540243023e-02 -1.899943742675105560e-02 2.734745775629940714e-03 7.500265310578057079e-03 9.458112792871939184e-04 -4.359800336886155737e-03 -7.333467466048096579e-03 3.087109566041809118e-03 2.089619833515342275e-03 5.334983595143126360e-03 -2.310031622868410212e-03 -7.074031816377699322e-04 4.111740639077674691e-04 -1.915211787957204906e-03 1.214779309549173110e-04 -1.748043389542209593e-03 2.581940765655627457e-03 9.096547679812601577e-04 1.439573932710516604e-04 -1.472516448835637813e-03 -1.756246445297808545e-03 -1.168470579812121179e-04 -1.784467898219299371e-04 1.914258591442806251e-04 -2.540045353824751722e-04 1.552631887486877345e-04 -1.433140315264346595e-03 -9.106144129729340812e-04 -6.438222452283273939e-04 8.578422442326927083e-04 8.957315236226587752e-04 1.500652690139286753e-03 7.907495518654655310e-04 1.701347862020493643e-06 -5.026543081667287369e-04 -1.920892659415803319e-04 -1.137137880131226667e-03 1.245797501344816666e-03 -1.184701462670489838e-03 -2.133242282116362860e-03 6.536200289736169558e-04 7.766245143606358538e-04 -2.326208709719848611e-04 2.885602602327607302e-05 -1.946960566034223799e-03 2.791148761662671000e-04 6.194421960878543918e-04 -8.378896363369029571e-04 -5.955820453165008681e-04 1.172490731207147556e-03 -4.986674328462836108e-04 -1.942456322140167417e-04 -2.874121939428274201e-04 3.246913363888221781e-04 1.553388985874480308e-03 -2.070006044513373613e-04 -3.028411012722454550e-04 4.185839893503670258e-04 1.473457345696490596e-03 -1.852680324100641163e-05 -1.134100484444003441e-03 -7.185373007571057387e-04 -2.888360786226974340e-04 4.362983930062389374e-04 4.613145259450357276e-04 -9.631522557713004034e-04 -1.170718111368477437e-04 -1.897470467827679650e-03 1.449967651975486813e-04 -1.494404436472137525e-04 1.412774602932358224e-03 5.340776870001665965e-04 -9.563488217055336792e-04 4.300174441041087255e-04 9.735967844122020431e-04 1.144621646408107016e-07 6.204409099672769743e-04 -8.943826808701656845e-04 2.662648305716164179e-04 2.399113431200266004e-04 -3.742641509757830567e-04 -3.909029629315630919e-04 5.220493050520129625e-04 -8.490450384722227897e-04 -2.365064749594432154e-03 1.170779844980742710e-05 1.351754856993036148e-03 -2.965886233450430363e-04 1.068240151144691629e-03 3.252672311380004643e-04 -4.526460396960263759e-04 -2.009266404596195634e-04 5.357898561459121427e-04 -6.058978786941412417e-05 -2.673412533732561738e-04 3.121471554460476675e-04 -3.075241276097205254e-04 5.433586101080293889e-04 2.503982545482958907e-04
-1.524310607249205855e-02 -5.358423280771585501e-02 1.650752537933434898e-03 -3.520955310773999074e-03 1.394550591161163727e-02 -9.209723252621161357e-03 2.648648032726661633e-03 -3.995933182286550561e-03 -1.067226782608373184e-03 6.494913466413767579e-03 4.916245688143513169e-03 3.680031345737504113e-04 -3.099777695284943509e-03 -1.737333959766655667e-03 -6.518887761032870955e-04 -9.296974743155994375e-04 -2.601048932794110952e-04 2.778427334705101722e-04 9.914055187387139836e-04 4.773305789296503521e-04 -1.811509448192650954e-03 1.370125470987397336e-03 -4.324152121325280278e-04 -9.698612753270918849e-04 1.966612118758371153e-03 2.669095880088117635e-03 1.129566255089093924e-04 7.158424402349745138e-05 -1.058787057477278198e-03 1.097863974080575018e-03 9.671577457891171589e-04 2.278998684992485872e-03 3.907438237679208837e-04 -2.254493626487091146e-03 7.612001750395793647e-04 1.675289460715562433e-03 -2.322927549098317130e-04 -8.149359904598282248e-04 -4.096038399922840917e-04 -7.059616251036474326e-05 -5.313536977554764781e-04 -6.527203357790386596e-05 1.663544213194655759e-04 3.099094279794886199e-03 3.785342706179929987e-04 -4.648958647831815880e-04 1.892157721843831450e-03 2.913107817173864883e-04 -9.072146613651038954e-04 1.926382824682168612e-03 6.480257604169434868e-04 3.855920804721618429e-04 8.399658627023696370e-04 -6.084815865761058476e-04 -1.832173946235951664e-03 5.450665358961164116e-04 9.263378682859294347e-04 1.359257587950723860e-04 -2.586530114692708101e-04 -9.760742883272962352e-05 -5.725470275013479519e-04 -7.644837124896610662e-04 1.047012047071890165e-03 -4.368408534864618689e-04 2.034851549748055790e-04 -1.856457232064958988e-03 -6.382404155818975503e-04 7.968811731013983844e-04 -7.880165901039600527e-04 -7.262510326190517972e-04 2.841895752260446524e-04 -9.226256538953248737e-04 1.522577777680301668e-03 4.681171591543726684e-04 3.282510087628677628e-04 -1.172418604839984245e-03 -2.197225380888771882e-04 1.882489931107316243e-03 -9.154053836117445782e-04 7.642458466168009553e-04 1.193219524098510821e-03 -8.415448115784970656e-04 -7.179241615909687886e-04 1.095798879469112377e-03 1.079478183289741492e-03 1.075139830489486989e-03 1.026702736982713785e-03 -1.008292992871468244e-03 -2.586567377721243834e-04 9.492645458878068649e-05 -2.836395798368367203e-04 3.041888567252683056e-04 6.899882964682436124e-04 3.240590616057726974e-04 2.642343696864975176e-05 -1.625841513933082771e-03 -1.296243976861259726e-03 2.817709629921807696e-04 4.144713137074928946e-04 2.079964479163563546e-03
-5.638055091029127441e-02 -4.332822592366697423e-02 -1.275940934285876675e-02 -5.706785907469484782e-03 1.217218637033748614e-04 8.115940012454010352e-03 2.891621090186493400e-04 -1.017036924092336314e-03 -4.266626405317389820e-03 5.048720859116215265e-04 1.901410368693203217e-03 1.779094514054331165e-03 -1.020858121810547031e-03 -1.492675807100213433e-03 6.151329464242339101e-04 -1.812278176535746157e-03 -4.223194816319152784e-04 2.664361186283608837e-03 2.431539916335254126e-03 -3.430883072111663560e-04 -1.758428848583669509e-03 -1.601550559727038352e-03 -1.317658474800243373e-03 -1.694967179946493493e-04 5.758216246934676512e-04 1.126699101938965402e-03 1.651117246491160288e-03 -1.317343916848065467e-03 9.054549066376531719e-04 -3.675277908984792832e-04 2.914926782806085120e-04 9.342500157960886885e-04 1.878369393132191039e-03 -4.017812971953046964e-04 1.652698962688996199e-03 -6.860658005294884270e-04 -2.502419715834130662e-04 -6.378836997012264339e-04 -3.885592753293327559e-04 -1.230068547312800509e-03 1.897923673589463865e-03 -1.846826469136835425e-04 -2.022179339716826318e-04 1.952704381745184277e-03 2.891810576731506603e-04 -1.333298651428830054e-03 5.579903560035169921e-04 1.228132387725955343e-03 4.536419800742888856e-04 1.201925068270824062e-03 5.806356901303353930e-04 -4.191261706697465899e-04 -7.049317785247103058e-04 3.896661420865000017e-04 -8.068528850237556083e-04 -4.456688898449921005e-04 -3.670957163164294658e-04 5.623659463492087411e-04 5.925727845376902152e-04 1.496777831530836942e-04 1.276735488897966361e-03 -9.920177560888774736e-04 -4.628115611547636995e-04 -6.175112688100219344e-04 -8.331702459874734939e-04 2.146717120538207100e-04 -9.106488851644103152e-04 3.478720878214393492e-04 -1.927260863014398690e-04 8.356734685112029168e-04 -2.157105268467973962e-04 -5.897657421752488995e-04 5.707333618499325304e-04 1.038354823328590620e-04 -4.741502914587774199e-04 4.083228048928053177e-04 4.171626804440428551e-04 6.073134648815942159e-04 -1.410758180425973661e-03 4.889889590799167095e-04 8.404327298419826458e-04 5.482936645137886575e-04 -5.370846154927914548e-04 1.518938728310406834e-04 -9.036633287640951284e-04 -1.047776739264331004e-03 5.157346599564654587e-04 -5.073138089461476027e-04 6.557451455556494602e-04 -1.463065780921003887e-05 9.618425715036809385e-04 -8.329815576423280380e-04 7.768516428052849726e-04 -6.030021227551181882e-04 -7.350509855749966194e-04 1.897897393413253803e-04 1.496684007730861223e-04 5.285772559748064736e-04 5.923373762255771313e-04 8.400829551268538262e-04
1.887278333179050541e-02 -3.408927960133306678e-02 -1.450624254431047422e-02 1.486627730815189181e-02 6.566545079755902424e-03 -6.397779299966739955e-03 1.275690244853561368e-02 -5.544885790512912339e-03 -3.377953782266040518e-03 2.801331418733479534e-03 -1.118985354836455649e-03 -8.852284867902277584e-04 2.572281869932788179e-03 -2.621014761506769170e-03 -1.877174748137594960e-03 3.247473799976765239e-03 -3.644135567054074872e-03 3.856628062107019580e-03 3.194517439458361644e-03 1.963279773735292699e-04 -1.213509059090802549e-03 -5.668933406844133601e-04 8.072527483234656414e-04 -5.543846296683987984e-04 2.092653213488296794e-03 9.444107718511654667e-04 2.165958471191303369e-03 -5.233143997678674480e-04 -7.818895794545788506e-04 2.752772012504092931e-03 2.444318779884359794e-03 3.414085955807449110e-03 6.328077776324978788e-04 -8.012529249492894882e-04 1.145769136091651444e-03 2.433611531147647153e-03 1.162669531233579768e-03 -7.452302252104268509e-04 -1.007836022965634810e-04 8.713914963298232752e-04 6.491121631527286607e-05 2.417897550239937504e-04 8.589779810153723699e-04 -1.007617864134656178e-04 -2.014569804990445087e-04 1.094820784162392827e-03 -1.315179572031209814e-03 -3.078415418660514278e-04 1.808813750227361778e-04 5.293207399440997066e-04 5.412632706403796255e-04 -1.554138651561781681e-04 1.354407865121971203e-03 1.741079310517112651e-04 -5.048867346380716929e-04 -5.025435654497086924e-04 -2.976929958556278960e-04 6.879955758661249155e-04 4.149896633218150581e-04 7.284616628764143938e-05 -7.702169325777485313e-04 -1.230238255556750059e-03 1.238011774046466045e-03 7.185284977215176082e-04 4.574597081504071412e-04 3.134434749119421838e-04 1.974001688858053466e-03 2.201669148890108424e-03 9.551778547557607246e-04 3.984226634525947844e-04 -1.246155700197213020e-03 -2.138153281536747316e-03 -3.345437974569657330e-03 -2.291103086629544747e-03 -7.012522071277824554e-04 9.811882032471747582e-04 3.713614132066376454e-04 -1.040418957091150242e-03 2.437779965326908847e-03 -1.760327498753637247e-03 -2.606080770440024914e-03 -1.124015650401878532e-03 -5.839213643922775776e-04 -2.604676019843050160e-03 1.224537713498197118e-05 -9.186116732969384436e-04 8.563024659770808976e-04 -1.870019686774725739e-03 -4.025694999803795002e-04 -1.844342365195663757e-03 -9.722047837669716298e-04 1.080603477692558762e-03 -1.898646287284901091e-03 1.335767234371218470e-03 -9.571143486108147605e-05 -1.160779568586013362e-03 2.415968993104251721e-03 1.623265693453776915e-04 -1.713876059446507857e-03 -3.588469735997113896e-04
-3.307753721181594386e-02 -3.180880314727147634e-02 -1.862202170978985091e-02 4.876144870832275005e-03 -7.340082928134894838e-03 1.122673850863710118e-02 6.719811931997964928e-03 3.468698054275306565e-03 -7.943809347708984461e-03 1.187995050720247947e-03 -5.032122005023297517e-04 2.271740019487903869e-03 4.115805743994032447e-04 -9.734100832949542327e-04 -1.396686739730415659e-04 6.864074052564011260e-04 -8.708960691960001849e-04 1.451019766733016494e-03 2.739034499098898928e-03 -5.157338029273252035e-04 -1.916601747204421799e-03 -2.944988189954984847e-03 -1.333581403157766201e-03 4.659181447278205553e-04 7.282699921231101502e-04 1.356872041279400540e-03 9.630396274402654947e-04 -1.206034452003616536e-03 4.308220886829525046e-04 3.422896241146281579e-04 -3.177103700193439365e-06 -2.848812508937927329e-04 1.358637796077870287e-03 -1.336876356785258319e-04 1.844896311808413457e-03 -7.104985299821487158e-04 -2.143731411285136872e-03 1.513313837843980681e-03 -1.197435081688729298e-03 5.512034635998998576e-05 2.068245745069882766e-03 4.374236140826618800e-04 -6.827029661572958609e-04 1.392981068403745942e-03 -3.729912352584967457e-04 1.499857859735495580e-04 -4.519381904767779410e-04 1.676281780081332815e-03 4.817447767325196936e-05 1.770259344751446296e-03 -1.717238006204722988e-03 -1.154757026342251042e-03 -4.569263438163050930e-04 -1.066279077024972176e-03 -6.021445242504807954e-04 -1.689162383353714353e-03 -9.052830319622525053e-04 2.324290811813142874e-03 -6.157846840868899164e-05 -7.242381009620647587e-04 7.952058341280108036e-04 -1.595870996859547050e-03 6.485483525943221595e-05 3.578382772248992578e-04 1.518980890400918973e-04 9.057888034905845409e-04 -7.324580114824857111e-04 1.272400494862519806e-03 1.287969098944972794e-03 7.259045706206634398e-04 -1.391426845691274357e-04 2.407156429795821631e-04 4.117026812562561157e-05 -1.493123379768370460e-03 -1.524302803316842736e-04 8.045387980805759507e-04 5.046036861961428286e-04 -4.981233939918521111e-04 -1.089660863062951726e-03 3.920966737256660303e-05 -6.219529581953992707e-04 1.462534169720972011e-03 3.821234131965472905e-04 -1.407635384888972381e-04 -1.592781282927913881e-03 -9.921130132465765580e-04 5.264052250417435670e-04 3.804774004931028158e-04 2.806655031411810458e-04 -2.252094341822567488e-04 5.318237705929762093e-04 2.372729196637550768e-04 5.214948312993621972e-04 -1.365746621615978890e-03 -3.538580766368141627e-04 1.317039680242240891e-03 3.739453739823811809e-04 4.900836321531810286e-04 4.786347520326883183e-04 -3.364852347713723473e-04
1.721003012965089951e-01 1.846584773045406580e-02 3.740294489491217435e-03 2.998954784553282439e-03 -1.534034352024599146e-02 -2.661942258587522529e-03 -1.942395659977225186e-03 -3.238344804287160731e-04 -1.887708112605279145e-03 -2.687408654492134605e-03 1.609338714496388141e-03 -3.273128684297280881e-03 -1.284126405228047533e-03 4.009871466127433448e-03 2.610075625984329805e-03 1.621422844987338097e-04 -4.113787872048034087e-04 -1.883263125274572220e-03 -1.307513029404222711e-03 1.140296357372133250e-03 -2.599057682737419221e-03 -1.142231302577191663e-03 7.156537025145580692e-05 8.475986098771357436e-04 1.290528106985890187e-03 7.097110517772540561e-04 -5.297692694598138668e-04 -7.902212583973108407e-04 2.249545750495612634e-03 7.700916874781902439e-04 -1.354702474843538567e-03 1.850438049760381185e-03 2.570171292734189754e-03 -5.570352816520806683e-04 6.146168778456688898e-04 6.168547125776226809e-04 4.483138365097167861e-06 3.291874879527803858e-04 9.115796896301094554e-04 6.529470466617918296e-05 -1.968807333235601809e-03 -2.465751774405700123e-03 -5.151270205638317683e-04 5.715336902761504120e-04 -1.050811313039272691e-03 -2.562091499541478343e-03 -1.406769425195348753e-03 -1.512811572079449107e-03 -7.043907706428574134e-04 -1.979113422196881848e-04 -5.390916694276588197e-04 -8.051514259876677102e-04 -1.175709340175663613e-04 -1.350805546049886792e-03 7.627856291218854286e-04 -1.231586343443761503e-03 -2.388323292589207667e-04 2.235635249017975108e-04 9.670004828852876147e-04 -1.180242088071483666e-03 7.537986818989772476e-04 -1.068270001353896666e-03 -1.241594830782926772e-03 -3.785411077750860357e-04 1.848278398806485956e-03 -1.360182305116922541e-03 -1.358523016769350817e-03 -4.805873974816784154e-04 4.521888897914727221e-04 -4.438872311589442681e-04 -1.964229093193726669e-03 -4.927394772033497116e-04 4.287361843428220227e-04 1.770893977693087948e-04 -5.389110547648091063e-04 -2.475762146913671174e-03 4.831158490410701416e-04 8.092822210538947337e-04 -1.057719240568618047e-04 -1.223347841600641020e-03 -2.691450655065844087e-04 4.737620112818783941e-04 -7.938264559157474009e-05 2.960512110866892811e-04 8.257809412281784302e-04 -7.279857292340215062e-05 -7.779027783340337465e-04 1.276123770819693548e-03 2.171828425159138144e-04 -8.200482228527818075e-05 -1.682375728369906874e-04 -1.367181090175795082e-03 -1.897921766353290619e-03 9.527560928989857285e-04 -2.123232828910252411e-04 5.025898780032732576e-06 4.078619318406896704e-05 3.339607776530669625e-05 -1.617716827822349027e-03 -5.087554822785261057e-05
1.898704858975988896e-01 3.800066355203920304e-02 9.230125070842573609e-03 -3.965884650167285710e-03 -1.038235309212474922e-02 1.993338627822575058e-03 -1.174229007166322641e-02 -1.169452842336854773e-02 1.261603220783265452e-04 3.015093140430791935e-03 2.172062055938720881e-03 3.311983866962135118e-04 3.662473064126437849e-04 3.566756169717936239e-04 3.190184198291274881e-03 -1.266814308369516992e-03 -6.852229192951035620e-04 1.252701797488664677e-03 1.612849119367119020e-03 -8.646119710179019557e-05 -1.355120948472680192e-03 1.608051970112576090e-03 -3.608757182774563477e-03 -3.912395720292225593e-05 4.792433724185592809e-04 2.660390880996709936e-03 -2.310544024542039721e-03 -3.122573363346298810e-04 8.008517372616238148e-04 8.855876945158431277e-04 1.732486251744725422e-03 4.425312134052166433e-04 8.496031554676046005e-04 2.425051370737695271e-04 -3.936971807826535584e-05 -7.008517014324763946e-04 -9.184346023396677090e-04 1.465190749786823669e-03 -1.356996504780274724e-03 4.832426178193889634e-06 3.246852681093005612e-04 -1.183437105425248249e-03 -5.479844289327888678e-04 -2.389178087638711982e-04 -5.822687523149033427e-04 1.407463107182022500e-04 -4.529646162486829648e-05 -1.084033920596665828e-03 1.324482253705466881e-03 7.765827701949712218e-04 -5.656859617366010923e-06 1.656127846778803023e-04 4.250100581785899007e-05 -2.898768029277753208e-04 3.434668250389532880e-04 -5.048520069468462801e-04 8.078443580529630916e-04 3.974398050975977751e-04 3.394137618577398700e-04 -1.075846300521729557e-04 -4.711054860155510296e-04 -3.144992477596686149e-04 1.379420188942172146e-03 8.950623602755748524e-04 3.864598032330622242e-05 2.124259354727911411e-03 -1.952737745093983599e-04 -9.386735984013812924e-04 -1.186818438927276544e-03 6.205007949082867215e-04 4.246453664901740080e-04 1.661009533479643999e-04 -9.434877456314991586e-04 -3.707060742812774159e-04 5.216167160112937951e-04 2.736898524902253585e-04 -6.539926145472324884e-04 -7.014927468135717702e-04 -1.458729557343292854e-04 6.047393251353168613e-04 2.941834208988876819e-04 -6.643216232997777287e-04 -1.105311556820945569e-03 -4.857854191449059830e-05 1.244465585121081515e-04 -6.737461986512356758e-05 -1.087235919057794313e-04 3.207094438736976397e-04 2.795316682178531994e-05 -1.001418758117934979e-03 3.174379685829474660e-04 7.611842811310768958e-04 5.460766135122908232e-04 6.659681288754950646e-05 6.386235956707034646e-04 -3.915898694816208922e-04 -3.710852236409777549e-04 -4.871105544500833016e-04 6.453485475770875295e-04 -3.726198034736320601e-05
5.158849599735783331e-02 -1.838047806674743267e-02 -1.733557825094697233e-02 2.251383007309497308e-02 -5.038143026378095156e-03 7.757659021137772171e-03 1.172622215182079000e-02 4.166519715554672411e-03 -5.522732934968375106e-03 -3.246683600626252934e-04 -5.681291141616574142e-03 2.471649826572524643e-03 3.608404346001181651e-03 -2.536767360074152888e-03 1.823279195023295388e-03 6.939647674688850104e-03 -6.213053862071392201e-03 -1.102203481237475600e-03 4.558467356582550020e-03 2.838133383811948106e-04 -1.193365670982492275e-03 2.113320700408256696e-03 1.267421847727146530e-04 -6.002210093395731264e-03 2.535770610929181067e-04 -1.007321698903067839e-03 2.401326993223318925e-04 2.958462496844701042e-03 3.658504404060629496e-03 -1.729336918235849056e-03 -2.173540721809190390e-03 -1.755347629859539292e-03 -1.214944458122133681e-03 1.741641084822997086e-03 -5.683777064799551675e-04 1.247084435230624844e-03 -1.697615088879311654e-03 3.336440011808475400e-04 -5.183237759301455522e-04 2.892518823032729815e-03 -8.573779613437088358e-04 1.711406125010529657e-03 -1.215754072478577273e-03 -1.973571221018446750e-05 1.107288534138683262e-03 2.568055781998031511e-03 1.025626969035555325e-03 1.834382849524892126e-03 4.603641053240864738e-04 -1.057271203582567723e-03 3.080592240735740856e-03 -5.955644793916417589e-04 -3.890239704848046662e-04 -1.570840545533984953e-03 2.255306932807158229e-03 1.853238971933765132e-03 -5.701260900044498661e-04 1.674394928395385961e-04 2.213992396770550573e-03 2.153655425001009625e-03 3.901826701714835601e-04 3.768092162851557556e-03 1.595950992849857076e-03 1.411239838821586523e-03 -9.113943375357231626e-04 -8.166339216238093727e-04 -1.558206688092559408e-03 9.135429376855532706e-04 2.544753253783772827e-04 -1.009957124216804940e-03 -1.372353674314142702e-03 1.197382063028169796e-03 1.764860442284382444e-04 -3.266401829915265031e-05 -5.836774924146413994e-04 -7.485017024220947139e-04 -8.860731773840350035e-04 -3.989841369838800366e-04 3.499650158184913068e-04 -6.459663631317914432e-04 -5.227268127935934154e-06 -3.821530521661979955e-04 -2.312943460287191313e-04 1.014780171667438577e-03 7.760133795646873911e-04 -8.026014024305210990e-04 4.617977022127506856e-04 8.565758850357701928e-04 1.131855394876918460e-03 -1.485702107852442024e-03 6.375533473981414082e-04 9.899280198731828784e-05 -9.479027801267727845e-04 -3.294464007315619776e-04 -1.754638227308223230e-04 2.960313370803245212e-04 -5.238936062389343718e-04 3.192409689857216709e-04 -6.364312894500297191e-04 1.676557586453698932e-04
1.606536174878767931e-01 2.053983526630026937e-02 -1.043757229763297338e-03 1.299117990478496597e-02 -7.191555053148442761e-03 -4.546688074506432392e-03 -9.503765507141324551e-03 -3.209549602201292214e-03 -5.049411447804085440e-04 -2.920353108521451038e-03 -2.175084016042358719e-03 -9.163839697667518170e-04 5.732410588232096996e-03 -1.536077410756630807e-03 3.526319204600699211e-03 -3.683736340737289792e-04 -4.524382215667679431e-03 -3.541178257211534050e-03 8.554896445513469417e-04 2.585886742792234644e-04 -6.540603851222309088e-04 1.929829517796859302e-03 -2.813047586342393852e-03 -1.559892647621304246e-03 2.925900396099467946e-04 -1.080446664712060665e-03 -2.225574090306410048e-03 2.552699250262305524e-03 8.736803349096057417e-04 -3.064221020693350898e-03 -1.539247819211694889e-03 1.342049702649592263e-03 -2.766687195003961940e-06 -9.643964951400824321e-04 -8.657647854200978699e-04 -2.298294257047483330e-03 3.684885051444712688e-04 -1.226272724797579199e-03 2.283040565899484677e-04 1.460918673368812926e-04 1.705669861908741579e-03 -5.320173350208737533e-04 -1.464520312436315506e-03 -4.981966391164959580e-04 -8.275631840823345717e-04 -9.988642409589228686e-04 -7.479305003603382894e-04 2.518725399926366633e-03 -7.456457382248473211e-04 5.482408566351283609e-04 1.083178058818829760e-03 8.536052618159197577e-04 -1.025729761978457942e-03 -3.546663954789196953e-04 -3.107425990440552521e-03 7.584639502537011578e-04 1.254278566195295022e-03 6.409642082238365540e-04 -1.778932120895718129e-03 -7.520315431131691401e-04 1.026654633790289347e-04 -2.754829303294120159e-03 -1.897963997435103602e-03 5.163425549727047653e-04 1.490259184371550867e-03 -2.013714783544686597e-04 2.052403944717203724e-03 -8.858967118350003986e-04 -7.167211837248690020e-04 9.289900004651990405e-04 6.523315718831678009e-04 -1.028523279049457957e-03 -3.109115435100954692e-04 -7.481600676638660392e-04 1.346476173815816437e-03 -6.299185714319425989e-04 -8.254480914157233547e-05 6.738769899172642190e-05 -3.674174178248732609e-04 -1.322083300951556420e-04 8.269673914504813627e-04 9.839085858416836763e-04 3.306644881033448963e-04 -2.000003441382891913e-04 -1.072507895458488280e-03 -9.552545877371636782e-05 1.662591072376327092e-04 -6.087157001674257896e-04 -2.215551437647103031e-04 1.179996380734497962e-03 -6.742370989292217507e-04 2.594567514471150132e-04 -3.406840054335819219e-04 6.569940210826820870e-04 3.649501860625611448e-04 -9.788478378384094381e-05 -5.997232108302824084e-04 3.391817988977052908e-04 -8.221506294052188151e-04 -2.629457830063379944e-05
2.858195627343845108e-02 -2.035787283388418301e-02 -1.996843238487951491e-02 1.435470609820490608e-02 1.466363574635530867e-02 -7.979735285049572441e-03 8.861155939278280921e-03 -5.556816199041548013e-03 -3.442037418508274698e-03 1.608089150817224424e-04 -8.975271738306115406e-04 -1.403355205573253526e-03 4.653124681593424732e-03 -3.454549129748064624e-03 -2.518841784228525397e-03 2.155932354597283988e-03 -3.036442622329453469e-03 3.070430659562931475e-03 2.765706976149929705e-03 -5.566448278950142815e-04 -1.586342905631952160e-03 6.256686083476548175e-04 -1.958250533300285798e-03 -1.960221189569677936e-03 1.330496771321071922e-03 -1.261312309241679249e-03 2.253139749990475788e-04 3.787870858898496527e-04 6.878908527579588941e-04 1.004532382353368189e-03 8.406596125372057474e-04 1.848060607780017180e-03 -6.321943336723759559e-04 1.160699076134138884e-05 9.199211593547496416e-04 3.239885785191487424e-03 -5.670322409180621670e-04 -8.004722163273298450e-04 -2.183735972332529558e-04 3.088671921700580198e-04 1.472134711187162923e-03 -3.549957723309253815e-04 7.942236701005110384e-04 -1.797333880020793567e-03 6.848689807062556143e-04 1.860548022877272188e-03 -8.473376005334377382e-04 -2.324502205261818385e-03 -6.322681132938149338e-05 -3.626360924098026312e-04 8.733807274876454179e-05 1.508562573245173302e-03 -1.426325932130262505e-03 1.559181894613983566e-03 3.567195408189706863e-04 -3.328077762497283227e-03 -4.627189084167094603e-04 -7.490995528156172084e-04 -2.712147581555254702e-05 -9.736055755664642809e-04 4.652881081491853075e-04 5.700464128722871503e-05 1.388363529882761464e-03 -3.203552497952039547e-03 -2.001829867705053750e-03 -1.353473187989830085e-03 2.496341142634043910e-03 5.884661494772729529e-04 -1.039928010242607403e-03 -1.773579917941274595e-03 8.856969084853493933e-04 -2.671830530246954672e-04 -1.242951340341315412e-03 -9.760912627602613603e-04 -8.299401796688525351e-04 -8.073616020098407786e-04 1.098781615515436860e-03 2.532360678798467515e-03 -4.181367546529403943e-04 -7.560890157956040190e-04 -2.515732286496339797e-03 -1.599127104073501436e-03 5.242992526680227781e-04 6.644291753630603538e-04 1.042296632102100978e-03 9.427814350650783222e-04 -2.556063107897655999e-03 1.699738363475998548e-03 -7.341321276876366930e-04 1.770525876864199259e-04 3.984809502901307584e-04 2.233795140915844377e-04 5.897876644866159417e-04 2.953615857060527729e-03 -1.693344736876046727e-05 2.036743985033995924e-03 1.149126134924015200e-03 1.858781399859188780e-04 7.508043032960036445e-04 -9.167016103629266680e-04
5.705555132913445182e-03 -6.264984065698130447e-03 -1.375300512082249307e-02 3.134044926671843319e-03 2.525652856947268460e-02 -2.158633939171911761e-03 9.102362818450007113e-04 -8.265053697676088412e-03 -1.533369549918399150e-03 7.664236958048742387e-04 2.730365211715561971e-03 -3.733431641518182489e-03 3.088745204118482045e-03 -4.343785793997288237e-03 -7.188498493304240969e-03 -1.678156447537883580e-03 -9.897270013377852758e-04 -1.176731291449827684e-03 2.301895480984762743e-04 -3.877430315111057759e-03 -2.719150668766647568e-03 -3.869763661345771680e-04 -4.543589823629152731e-04 4.153540070227920646e-04 8.422251426163072669e-04 -1.501009148793652943e-03 -2.294986725194288028e-03 -2.699066010461201315e-03 7.855927910303998158e-04 1.371324142783885780e-03 -3.736557430116168536e-03 -1.459290467635228415e-04 -1.106427306027036282e-03 -1.236583285705820413e-03 3.677691977139809897e-03 2.590123751656522779e-03 -1.455512967946952143e-03 2.018604612738819984e-03 -1.156426089520848962e-03 -1.059751414619363634e-03 -9.254034088838838804e-04 -3.394675558247320325e-04 2.027442961460078179e-03 -3.138363683251972278e-03 2.986290660149458595e-04 -1.359131976030745993e-03 -1.733208426546409275e-03 2.336338761629821634e-05 2.027681568268318180e-03 -1.828221585329896197e-03 1.681064572660083108e-03 8.784390794090568685e-04 -2.228436796261851031e-03 4.064413413606130692e-04 1.066985310469896215e-03 9.517406462535898861e-04 8.657755322448692690e-05 1.233241434540249207e-03 8.720727917845718215e-04 8.005453927696964869e-04 -1.100620954478786009e-03 -1.240968780042338727e-03 9.901599984761028008e-04 1.404933588594907867e-04 4.382648786341234695e-04 -6.816003545851005187e-04 -2.267471902258123048e-04 -4.270925065370279354e-04 1.125469977585151536e-03 6.540292591375322694e-04 -2.878358565819997866e-04 -8.098347658194585737e-04 3.838325190901184037e-04 6.804312674223426298e-04 -1.455835693129248383e-04 1.196339541689615186e-04 -8.962658794694660421e-04 -1.034599333067810886e-04 -8.877106600178901645e-04 4.953678019738440253e-04 1.515422518326560810e-04 5.383142958947099077e-04 -6.228580060963529201e-04 -2.298999921571343247e-05 -4.491597212744907904e-04 2.776308493953640586e-04 1.153654642328239043e-03 -1.263026786597839536e-04 -4.658446962232760057e-04 -4.286869968342169588e-04 -7.422491975297778547e-05 -7.860914169328829320e-05 7.620737698664183839e-05 -6.311231290223829823e-04 -6.813844200785572737e-04 6.045080697071710451e-04 -1.911014792806522468e-04 -2.830185692329764083e-04 -3.071037040456859311e-04 3.273232834891200062e-04
1.135800132771846438e-01 1.653859214472818556e-02 -8.035712423946538008e-03 8.896949471341727284e-03 8.059762955933342729e-03 -1.264722178089771644e-02 -5.942726826090256702e-03 -9.004661370719610133e-03 -4.740549200837062410e-03 3.980658145526740814e-04 -2.503448439864666957e-03 1.219380271781924383e-03 8.712247013223357525e-03 -3.006620775704631383e-03 -1.329807115536253215e-03 -2.524507230909626542e-03 -1.580837927777732762e-03 -2.075462665330346946e-03 -1.141753808942390412e-03 -1.699807303875131665e-03 3.652707550165692888e-04 -4.251257025299285926e-04 -1.587867066783671226e-03 2.557034612646079830e-03 -5.072303414732541940e-04 -4.755865707096567675e-03 -1.998125773835595764e-03 -7.281618611522659885e-04 -2.228437928002330087e-04 -1.600449711607140283e-03 7.648332731602272127e-04 1.414507007860104238e-03 1.447382743581264671e-05 -4.735402317949683609e-03 5.848009127747304855e-04 -2.978717056334661412e-03 2.423298401847924239e-03 -2.221350149714237943e-03 -1.035782273665855234e-03 1.751407997570813028e-03 6.095896335366256203e-04 2.025596396046548155e-03 2.779116230538198219e-03 1.440212197020170753e-03 -1.157938868124014798e-03 -1.207355201569475754e-03 1.773394002249112106e-03 -1.063784611419748942e-03 1.439468463516570783e-03 5.207693747754301187e-04 -2.236957456305678927e-03 -2.194455166494195270e-03 1.839055350038714136e-04 4.751661434871861192e-04 -1.285822947455800497e-03 -1.376027764689284703e-03 -1.536006401403570238e-03 -1.546238095875608143e-03 6.486770475851214544e-04 -7.665046306601735982e-04 2.398702470663233383e-04 2.843617303337046126e-03 -1.083618110667531080e-03 6.757665224100560314e-04 8.326324363217612527e-05 -7.894489612257987125e-04 -9.359313157810836628e-04 9.852227122902940289e-04 1.224845533531205774e-03 -5.635748078705782229e-04 1.223769112016285501e-04 -4.292169797700015176e-04 -1.685827969847877083e-05 1.324492214826845796e-03 -4.221686037128629049e-04 3.764400872112374933e-04 4.359833247510338746e-04 -1.708378400053551138e-04 8.804129125321263731e-04 4.404489038611337473e-04 2.098916961032881571e-04 -1.923988303338952383e-04 3.295730298764932577e-04 -4.290073457093301077e-04 3.234407941255843899e-04 -3.018258072522490734e-04 -1.269709242686734908e-04 1.384761816442620303e-04 1.069543506206273569e-03 1.105343094223619959e-04 4.755684289601013240e-04 -3.881401232012648170e-04 -6.304887412204341094e-04 -5.492079953846499369e-04 4.412150712290752196e-04 2.037804275970795200e-04 1.147663403217676200e-03 5.121834636294151722e-04 1.419545444629704666e-04 -1.713789598403757169e-04
1.248843362210074887e-01 2.399684509186292974e-02 -2.345575840029524503e-02 1.994217866593357008e-02 1.365238875892288992e-03 -2.406278543157530213e-03 -6.143612546414830601e-03 -1.572156852723640514e-03 -9.576149749565079222e-03 -5.335081200621225560e-03 -1.762153199750772373e-03 -3.014247703226109135e-03 -2.711960076826883202e-03 4.307091457901067520e-04 -6.546531830851298967e-04 -9.937768425684759613e-04 -3.942785805890143872e-04 -4.012756997432542945e-03 -1.374091241135524770e-03 2.386436799935997297e-04 2.712892741345270930e-03 2.189069235556065189e-03 2.448326677181046065e-04 1.324124534037493571e-03 5.203016116362478658e-04 -1.113705855025084578e-03 1.761941465889614155e-03 2.025934487098837028e-03 -1.139693323864123886e-03 -7.940740757831850393e-04 1.007879057341847786e-04 8.792518761235025787e-04 -1.908009388208172430e-03 -5.463533715149496281e-04 -6.979584017730057488e-04 -1.182355407172316648e-03 -7.895278071328973475e-04 -3.035296555884358337e-03 1.073057403331041182e-03 -1.770422541698869366e-03 -3.560378662322605833e-04 -1.481913955065636310e-05 -6.213090808395834103e-04 1.380923327072491750e-03 2.640078989298486143e-03 1.527763380975749987e-03 1.184998959034753345e-03 1.339485522242999239e-04 3.555489702718078390e-03 4.070000350771801737e-04 2.129427810716282823e-04 1.223898288247932424e-03 1.232268005991638026e-04 -3.521465971539444696e-04 -3.764415709635987437e-05 -1.507488363123346033e-03 -2.670336571872787990e-03 6.059056559552903091e-04 8.015011713483723762e-04 2.056898878447822442e-03 -2.359365942437542055e-03 -4.150554977061247431e-05 -5.528130725561845654e-04 6.714028222448455412e-04 5.315281560940627757e-04 -1.019847727342453134e-03 1.039463078247541955e-04 2.947831861435224301e-04 -1.037801577755438089e-04 1.453915827841175887e-03 3.807887179560798013e-04 -1.468375145065898158e-03 3.104671309132315702e-04 -2.217898647330301173e-03 1.468593040540883013e-04 1.425293971182541725e-03 6.029609938285833805e-04 1.358107045361490279e-03 -8.163733091533071327e-04 4.505856919656770827e-05 -3.023042584246484182e-04 2.249712323624655297e-04 -3.105572888190121514e-04 -6.765058712257165582e-04 -7.781355482244884866e-04 4.399657950029657008e-04 -1.067394587730590479e-03 4.062431704446931155e-04 6.615073605534215178e-04 9.559795623687913219e-04 2.012184734591560464e-04 4.831185147451194043e-04 -2.303549359214284895e-04 -9.323495017656680374e-04 6.992479971968398140e-04 -5.774780944022151873e-04 -2.878737056372013530e-04 3.319041262364174770e-04 5.273414642642433332e-04 -6.210596403099077206e-04
-3.418859091375545806e-02 -5.908674937648495523e-02 2.615438552513119769e-02 -1.177858215840260452e-02 1.093270480419078310e-02 -6.095043263993132551e-03 -4.709707522607560135e-03 -4.117007268798958571e-03 3.558873672532237523e-04 5.231314293718952735e-03 -3.703408093782932856e-03 3.364446584178406707e-03 -7.053928653086753188e-03 -2.560414050142588872e-03 1.191083612049504943e-03 -1.568900558689876939e-03 -7.673862110946535857e-04 -3.841838893372181117e-03 9.239665288152854213e-04 5.776936985484705869e-04 -7.530514031915268476e-04 1.723970208450730001e-03 -6.668910218315227774e-04 1.920154932303449590e-03 -1.861391655575150156e-03 3.406017118813576931e-03 -1.066855977535030153e-03 2.311963077501685566e-04 -1.370364827741672080e-03 1.848319947342368574e-03 -1.611453512011998225e-03 2.429542410166604053e-03 -1.204055415649791161e-03 -1.643101680516264760e-03 -1.275468411389632300e-03 -5.156029321302336776e-05 7.663168852920460104e-04 1.357767966122655143e-03 2.053499055043205967e-03 1.072098378413909861e-03 -2.414936381117280869e-03 -1.205301144592692839e-03 -1.920187377809413594e-03 -2.990615653444667586e-04 5.849699278881252381e-04 8.825719055088131855e-04 2.512638244725824330e-04 2.639210160925946954e-03 -5.669172282710042109e-04 3.373546787251506768e-04 -4.152506980464676985e-05 -7.748810538088214900e-04 9.552654413170826595e-04 1.568877213126966368e-03 -4.222364606733424505e-04 -6.723230800297597901e-04 -7.284314140854929783e-04 3.413009269649590035e-04 3.167177781286749892e-04 -8.771246618544316798e-04 -7.220591069507966819e-05 7.437845693040381759e-05 -3.103946617746211286e-04 -4.933560853501352955e-04 -3.551837721674588433e-04 -3.107191240103264669e-04 -4.834200600282089963e-05 -4.765855525523072589e-04 4.006336223518153303e-04 -4.336109847382994115e-05 -4.156162660879455682e-04 -5.365361135969856600e-05 2.668332495175737150e-04 8.888795473079169488e-04 -1.206105945073550735e-04 -6.663095495936996720e-04 1.307393432481403022e-04 4.518563465244840663e-04 -6.675739898941012319e-04 -1.332039346668368522e-04 -5.619463404676763125e-04 -2.902352133293140818e-04 -3.462345110186975782e-04 -4.443002397309985869e-05 2.381164797035807267e-04 7.805254796531191017e-04 6.540310916403551484e-04 2.201349638965221459e-04 -1.996006246168632772e-04 3.156924844416998752e-04 -3.107386650365040752e-04 3.574295146857574290e-04 5.500465918199338783e-04 -9.505188983501450554e-04 1.446265922299908501e-03 -1.063541168338353904e-04 -1.386346421195941783e-04 -5.833952377473325705e-04 -9.873016068319370481e-05 2.447808909574330995e-04
-7.745799087454403875e-02 -3.685492088954473583e-02 1.322713968814429042e-02 -1.656952491342932043e-02 -1.300956232449334551e-03 1.859425956335338177e-04 -8.896833809072411323e-03 -3.311390491376155470e-03 -4.568210703257629714e-03 -1.520955127140752837e-03 1.450089101287958056e-04 -5.295903764773815265e-04 -2.443107058211740033e-03 1.048128824399272234e-05 2.232315108018525021e-03 -1.579795373266507487e-03 1.162061943911160862e-03 3.448780083899724873e-04 8.537063548646049065e-04 -2.644096587437127989e-04 -8.041122338074929536e-04 8.811320338030830196e-04 -6.831833011838387955e-04 1.749817213538229174e-04 -1.550773773548289091e-03 -1.384107864849298819e-03 2.815352942994155984e-03 9.104814715614209736e-04 1.272604670845555201e-03 -1.712240226552297394e-03 8.196769618859658197e-05 -3.622007880986598130e-04 5.627775741516147972e-04 -1.009655602350052441e-04 2.699228175077662026e-04 3.234905974315167550e-04 1.298996659063800891e-03 -2.841099081815015191e-04 2.083537090003485727e-04 -3.717522475489781568e-04 1.404730212036354813e-04 -1.048772790202030390e-04 5.919808362389926372e-04 5.400036403719240532e-04 7.240203028298381610e-04 6.174120824006157533e-04 5.877858342058469351e-04 -2.349177525753095121e-04 -4.184054175896593066e-04 -2.402892927362566789e-04 6.734451495254632465e-04 4.483905928874949666e-04 -3.287515095467602650e-04 -1.514539271126253300e-05 8.722262003801076148e-05 -5.559817259644881651e-04 1.112283738023976502e-03 -4.578333709367941309e-04 5.289661888759587816e-04 1.561768198546166541e-04 6.168993701789275133e-04 -2.707146092026083595e-04 1.343665418687117058e-04 -2.426767823525916381e-04 -2.301799805177114642e-04 1.170331954721048814e-04 3.502341536698198106e-04 -6.006197012201271472e-04 1.344647589471955002e-04 -4.246378035060898500e-04 1.729211690315561470e-04 -7.707708962461634877e-04 3.208800597520869631e-04 9.232499221432994467e-04 -7.133974411243183345e-04 5.879466595642490268e-04 2.448392316246876424e-04 8.104995153768300865e-04 1.615705642564449127e-04 -3.424850903240382453e-04 2.578288544780594203e-04 4.004220840635632894e-04 -3.443383190265488533e-04 2.995847342466469187e-04 1.206028348011574467e-03 -1.894313080806423464e-04 -3.305258019193082716e-04 -4.897161863690298669e-04 3.763454580077420458e-05 -3.369758971585776718e-04 -2.779880660389405468e-04 1.858653781064332447e-04 -3.961915441294832263e-04 -5.424410085536700938e-04 -2.036928015867324297e-04 4.384504211756251970e-04 1.596843360509609278e-04 1.536680340624844749e-04 -4.875840259101773774e-04 1.945145821058207749e-05
8.503805760691640625e-02 -3.291671507657564777e-02 2.132087846127396144e-02 -1.334778587802159730e-02 7.750081126763193502e-03 -1.160724842459365247e-02 7.583428675308329786e-03 6.450633392638266406e-03 1.545706508090858222e-03 2.069708155606408636e-04 9.649798330151123250e-04 5.670796272664050709e-03 2.520428504837949994e-03 3.911423845040466231e-03 1.386730913872133431e-03 -1.062864162890537600e-03 5.634291825792144340e-03 2.859854418303116631e-05 -2.431746494855588619e-03 -1.965846939102889029e-03 4.934184423540133617e-04 1.066934813258010916e-03 -1.650265041676162890e-03 1.326427342550696607e-03 1.522091208198982949e-04 -1.213632110853232055e-03 -2.545156568563267455e-03 -5.468102799201408903e-04 7.218475616408300509e-04 2.224267297787631509e-04 2.108841252694718203e-03 -1.053950825889460015e-03 -5.203028021440336435e-04 -2.505202830437123899e-04 -1.333666771649008424e-03 2.187113857400515952e-04 -2.005517604497543665e-03 -8.790442693272266942e-04 6.905485905152925104e-04 -1.039665676120699088e-04 -5.853473608929391815e-04 -2.951175653192727988e-04 7.079617739823921814e-04 2.374776556206993757e-04 -6.893805734396526042e-04 -4.040172302738798300e-04 1.508329578041136100e-03 -2.922514434894855559e-03 -9.713328284652205692e-04 -9.875382942286070175e-04 1.441753880538568320e-03 -1.380404769425781992e-03 -3.221144181476160058e-03 -3.679812541165282478e-03 -7.475756104196265182e-04 -2.471884454713082981e-04 -1.979312035280309055e-03 1.918700218173498328e-03 -2.244794460052861734e-04 1.672255129344752018e-03 1.926353077586551556e-03 -2.458829686097454724e-04 -7.587450112129437820e-04 8.793961192681493469e-04 -1.686143768344990903e-03 5.876264384852204108e-04 2.388596297147351638e-03 -6.301201235462185754e-04 7.339858753395628104e-04 -1.482408311432261436e-03 -4.478709580646803305e-04 -1.578401800238653880e-03 1.946065888574624115e-03 -5.920971214194973740e-04 3.541471124820906678e-04 6.814253159662567822e-04 -1.298950090848019750e-03 5.672770819479859778e-04 -2.142124973419999145e-03 -6.251648010583669849e-04 -2.558045990974666152e-03 -1.396243666728132693e-03 -1.468879633388097371e-03 4.105216448814913151e-04 -6.449771544612817927e-05 7.037383351147742314e-04 1.818543911620939700e-03 -1.332310122308751196e-03 2.341129045533309444e-04 -1.446432260023361232e-03 9.175982941482470389e-04 2.867415320020052453e-04 9.500684201546798040e-04 2.746164093912439831e-04 1.280487112269001733e-04 2.323800578578782863e-04 -1.108912871768775099e-03 -2.027050019587565369e-03 -1.090076149433710133e-03 -9.731272691219528675e-04
1.542620241402770376e-01 -2.010190348336505714e-02 1.526287777546469875e-02 -1.367307129520483125e-02 -5.232496066116342978e-03 -9.665772844962259441e-03 9.435865576080341294e-03 2.322903076199029151e-03 6.977815877830769072e-03 -5.763858837914062963e-03 3.860283829182574108e-03 3.489750670468244956e-03 1.702463961896318219e-03 6.326355102009940945e-03 1.949732721703059972e-03 -2.215727002950884780e-04 7.175566586024759511e-03 -2.929462865302981693e-04 -2.348360466828027914e-03 -2.789051559226002168e-03 -1.229776817445746859e-03 -1.320087080875161989e-03 -2.085253536784330709e-04 -1.725516680420809178e-03 -1.511865380520304109e-03 -3.238565109261401682e-03 -1.231545412134859348e-03 -1.958122508087144914e-03 2.023768470357251853e-03 1.036182429342843932e-04 3.526568533283587319e-05 -1.729575581349445485e-03 2.880881619944378885e-03 2.206534634803092049e-03 1.717122443176516931e-03 2.595055741132839752e-04 2.223506447235189135e-04 3.054726311953773806e-03 1.436685355063597059e-03 3.704751052725743148e-05 -9.214970854759989630e-04 3.404890173754444253e-03 -9.772294455295257387e-05 -3.596305327605632562e-04 -7.317127376696416557e-04 3.642933514643692896e-04 2.128525991852243168e-03 1.449976815272960859e-03 3.616142898946152900e-03 -3.603014645285567471e-03 -3.100231786653856372e-04 6.721761550194970455e-04 2.695988358592010543e-03 1.373108140086188634e-04 -1.641177358501921466e-03 5.237733202985776467e-04 -1.204920529986240390e-03 -1.978777283002497011e-04 -4.618953831132958975e-04 -1.956224697306971176e-03 -5.693148432396737428e-04 -6.680008521355965427e-04 -7.441192673621671366e-04 -1.945620788599971304e-04 -4.719094880183126212e-04 -1.507722069126227714e-03 6.081168834561544948e-04 -3.417403359719801536e-04 -1.422869129720327796e-03 1.866953849661699910e-03 -8.732237859214325455e-04 1.057200596202228539e-03 -6.805255351078269121e-05 4.782802903891088990e-04 8.204854169526597111e-04 4.919452707497868824e-04 -1.046913427671631626e-03 -9.271790754867366337e-05 -6.709421892911981685e-04 -1.059886894585805616e-04 -5.987017370688411683e-04 -3.334508630155898733e-04 8.025680169680315034e-04 -1.917784193280396097e-04 1.720326664793519816e-04 -8.508646285037707330e-04 -2.696443545280989172e-04 1.430066750617049059e-04 -3.727087017670203863e-04 7.253377796931669615e-04 -5.114338114112135090e-05 4.663950438913742956e-04 -1.679979495467039043e-04 1.750858667072723658e-04 -2.345952364194331700e-04 -7.241290487435514368e-05 -6.051501574868496329e-06 -1.428150987068988800e-05 7.072880247801203741e-04 -3.056540506955021425e-04
-6.729256689553393678e-02 1.815007414128392161e-03 -3.986099984810342889e-02 -1.619563819680780144e-03 -2.802187957467420706e-03 8.441419800625205808e-04 2.367858525568567862e-03 -2.049799576109180045e-03 8.322526110962839840e-03 1.658390780292475202e-03 2.253810090089302688e-04 3.722107585688444193e-05 -4.766040812706933468e-04 3.580665319009364734e-04 2.015494585125230439e-03 8.645372269626629309e-04 -3.879939815771572798e-04 -1.742194914644919559e-03 -1.479382005570970340e-03 4.207924628772026780e-04 1.797259011816389499e-03 -4.156088241223943736e-05 8.173099449203333894e-04 8.241739548689185112e-04 3.627746021056169447e-04 6.918867555217114457e-04 -1.449574865567635927e-03 5.919014712417473758e-04 8.156262117739132523e-04 4.357199378826662173e-04 -3.163097025695157179e-04 -3.252273859079433049e-05 -5.654078260566219795e-05 -4.468446720743726145e-04 2.655645942016366594e-04 2.580794947364136070e-05 -8.411407151409849099e-05 8.944590288976801836e-05 1.155127273461283282e-04 -5.051726713018500669e-04 -6.926968783827675057e-05 2.795920620588103906e-05 3.943689080453434827e-04 -4.732515632522503414e-04 2.466128755262884617e-04 5.159449383584424403e-04 3.915252565695846320e-04 -3.032731245028309590e-04 5.216909060162002566e-05 -2.383249210284549909e-04 2.874481199076424527e-04 -9.732646387748628090e-04 4.054529432613988870e-04 3.546589035007457141e-05 -1.126506261820501821e-04 -2.987522216850935154e-04 4.070519911535745955e-04 2.650849567109148206e-04 -3.237737862688793962e-04 5.290765801833254424e-05 -1.938103836662032346e-04 -2.972293618464817429e-04 2.788395457564198381e-04 1.533300910215235947e-04 -3.171815419462374369e-04 1.692276248029421157e-04 -1.737184132021677460e-04 2.489839558546924191e-04 -3.127636045517561905e-05 -6.427065851568943434e-04 1.307886991453686694e-04 5.008579298727180561e-04 1.078020435067381111e-04 -3.199349146912600886e-04 -1.086743406044657356e-03 2.415719939372919223e-04 4.680068725260856752e-05 6.376449272890656649e-04 3.004289950382883008e-04 -7.344006987609329748e-04 7.060876468334732216e-05 7.686057870351194806e-04 -8.404660892617895826e-04 -3.580042195744741320e-06 3.140588019123045661e-05 -2.032544886274280859e-04 -9.358023029488198215e-05 7.412829606736388193e-05 -4.694677372942300054e-04 3.708237188633048170e-04 -6.706611876703855472e-04 -2.153105747023296946e-04 2.149422513671540099e-04 1.153706316781944672e-04 3.427956812651292845e-04 -2.794945617221014276e-04 -4.062423713235010451e-04 3.181120684656614777e-04 6.178599722580400088e-05 4.409026692287679980e-05
-6.264977326365782362e-02 4.032608568332066330e-03 -3.691609327089252074e-02 -8.116263496664553531e-03 -3.690706230815241681e-03 -3.866900921007206636e-03 2.788283307544193578e-03 -1.425823937294486273e-03 5.671969500101808719e-03 1.656020596262473875e-03 -1.413728767303846926e-03 -2.254648942801720516e-05 1.345454379502360198e-04 3.096767494571816930e-04 1.498019693472987324e-03 1.342958878753315556e-03 -9.982030379874235609e-04 -1.685714751477579649e-03 -1.439403056858015381e-03 8.743752812250094692e-04 1.313792550814900460e-03 -9.709208089085950627e-05 1.070701505563120088e-03 6.850523120622911688e-04 -1.696417898919426028e-05 9.534918848630309337e-04 -6.189274383857094799e-04 1.076099546771622619e-03 9.293988874160446275e-04 7.621150893791732829e-05 4.263325421057101178e-04 3.556172784258177411e-04 -1.210550625620300454e-04 -7.112651663614751475e-04 2.199022218185430966e-05 4.739054803648619797e-04 -1.750486788841119261e-04 6.601674575016550463e-05 -3.055620132078739216e-04 -5.941941151660506699e-04 1.305800291169500159e-03 2.201534723717480651e-05 -2.667819974942144037e-04 -9.156556803863306372e-04 1.970909952715533219e-04 4.230148046647713776e-04 3.782458811999147219e-04 6.820445886256765254e-05 1.197482090751624895e-03 5.420238846223147293e-04 1.261195483666466093e-04 -9.827970786868991081e-04 -1.421785109425516616e-04 4.116835165717165363e-05 -1.143267694093412008e-04 8.885792536870816679e-05 -7.543158159034860262e-04 -2.897954242322435450e-04 -3.119429169378106761e-04 -3.411083565176144358e-04 5.991431613808456506e-04 -3.118881459619713705e-04 6.288684590130701581e-04 -1.583896265163836311e-04 -1.438676777833479978e-04 3.226772563021377714e-04 -1.545426966452084782e-04 6.152684947404972460e-04 9.191630742338696702e-04 -3.211149823067569343e-04 3.694060772724972862e-04 5.948404256678678330e-04 1.195009601417941628e-05 -3.522566984922821448e-04 -9.832024216466653602e-04 -4.011171900828485246e-05 -1.118303964054384949e-04 5.637262049529982201e-04 -2.075776811390162783e-04 -4.633273020030942218e-04 2.692441059170944031e-04 8.292762444410815186e-04 -9.877721754878111739e-04 -1.618906865096384265e-04 2.175011740151907211e-07 4.966488050243158370e-05 -3.119888597544707098e-04 3.507805377051139133e-05 9.269908989373851823e-05 5.009083059728003688e-04 -7.714541751001171080e-04 -5.801889202647123435e-04 2.146134246218765328e-04 3.908816569186150864e-04 2.358186932721306999e-04 -9.851380144176326552e-04 -9.909140185058228165e-04 -2.379980116035715519e-05 -2.049084465233034504e-04 1.418707462624485061e-04
-3.849531944891525226e-02 1.013454820075214077e-02 -3.659360626492152296e-02 -6.893927415923185864e-03 -7.662805303788202240e-04 -1.147795844997059889e-02 1.972960281203335088e-03 9.560841453422145577e-04 6.681047094367697321e-04 2.655688814320074278e-03 -1.432954518612657114e-03 2.562943619177771699e-04 -1.161369547110646921e-03 -1.175205443251754224e-03 -3.321909037681639742e-05 3.026827692566082337e-03 5.752196029295606172e-05 -8.457408877091331881e-04 1.839374533599685553e-04 -1.861393641237783986e-04 7.875156351312328964e-04 -9.020180588204900190e-04 1.108331497673791226e-03 1.139530048939218490e-03 -1.642345816423523104e-03 9.249016878832406032e-04 -7.023465561720525186e-05 1.160453212885463256e-03 9.049863984981504784e-04 1.719529318118704578e-04 2.298693534907396245e-03 -3.909699057290349209e-04 -6.636068460257417206e-04 -1.846212310789343333e-03 5.633645388271387323e-04 4.345000983741977756e-04 5.741255822014895835e-04 1.207602686123073399e-03 -1.402694654834372176e-04 -9.319736499123523451e-04 1.756750931163655795e-03 4.355474586936631263e-04 -2.746466612151197387e-04 -5.622791864009579841e-04 -8.982659345148383224e-04 -9.634993243177701616e-04 -5.777123683455785133e-04 -7.142217516436732104e-04 9.188033328200051085e-04 6.925075635836298264e-04 6.718749040047248492e-04 6.091575474360052004e-04 -5.474886311778690310e-04 2.100406420277878825e-04 1.499004605926520291e-03 3.022362586680298830e-06 -1.258018899385227604e-03 -8.777931791917430171e-04 -1.517287833167848057e-03 -7.874164821372802792e-04 9.686569616687458603e-04 -7.275142101243654586e-04 8.191700189900401503e-04 -6.423315270260581029e-04 2.343474689614297591e-04 -8.466984226645287055e-04 -2.185147785365288396e-04 4.644835714141472998e-04 -2.309169423842240244e-04 1.023485415522915748e-03 1.104876768642393953e-03 -5.689607282283376316e-04 1.090739105719824463e-03 2.414707871908878362e-04 1.272962677955390273e-03 1.404629532433240900e-04 2.854331422772471427e-04 -3.998423366231831835e-04 -7.308831328707397898e-04 -1.590480815765473962e-04 -8.757149302255621453e-04 1.866824992445081195e-03 2.082360102365257443e-03 3.413523728752678875e-04 2.579825969017915822e-04 1.639521125259999705e-04 -5.671819928881554040e-05 8.286791883072822280e-04 2.270022753459732118e-03 -1.900690361784945119e-03 -1.365433289272294584e-03 8.350832422320382748e-04 -1.369453372949950459e-04 -4.972614496612101035e-04 2.832086599091661401e-05 -1.197955472827378926e-03 -4.884249193383972910e-04 -1.168755444130682806e-03 -1.971430665716826210e-04 1.158612993438205667e-03
-3.079657230807399115e-02 1.005212015914012415e-02 -3.583501184799499362e-02 -6.267307105917923477e-03 2.973689516723965979e-03 -1.005169528617513679e-02 4.028887122211085962e-03 2.059792265337041794e-03 8.161404831593283308e-05 5.238197348488511478e-03 -4.778068240043360630e-04 -1.663322717262174632e-03 -1.709966082037552145e-03 -5.794625502740751425e-05 6.535578322260198999e-04 2.031951461498582561e-03 1.422971335768053640e-03 -1.835904299144610957e-03 9.026730873810802315e-04 7.453897077727674250e-04 2.321599171399868510e-04 -1.835239834943621468e-04 2.646552921836011320e-04 4.071854149916919016e-04 -1.375215809401133301e-03 8.634563469799440933e-04 -1.033902286764784137e-06 7.281971660268759302e-04 9.664459846515393616e-04 -4.390564410987778706e-05 1.956043295788821145e-03 -1.074032876238169417e-03 5.497459751287505627e-04 -8.296177492070569036e-04 2.516989119960967667e-03 -6.036422752753117056e-04 1.189261002415470002e-03 1.230538011741448296e-03 1.304880298213136058e-03 -9.605004249011234911e-04 1.527994106573011233e-03 6.052145967714220700e-04 -1.131243907707772970e-03 2.628729165627375860e-04 -5.512552728605213479e-04 -1.363934249687678325e-03 -9.174638533086471384e-04 -2.675543957498918214e-04 1.706595551520709474e-05 3.690582826037552464e-04 -2.907658656016552526e-04 -5.574806387646891008e-04 -1.482112615269834052e-03 5.795718090824832731e-04 1.459345755576413849e-03 -1.393378330720758255e-04 6.555723744590367941e-04 4.553256294376501899e-04 -5.613502038705277432e-05 1.123659750220658542e-03 -1.270069201791974595e-03 3.596079978181641553e-04 4.411844603244811794e-04 -3.103688945943960053e-04 4.166124856070407053e-04 -1.451745882996586601e-03 6.059370138508241022e-04 -3.269257823328094201e-04 -1.393357853332278986e-03 3.806037384297502636e-04 -5.503279593928293726e-04 -7.717928076176531864e-04 7.487782022213641852e-04 8.869238182431235041e-04 1.133404193029655593e-03 -1.836043088860072660e-04 -5.317063232027442526e-04 -5.029619320182809232e-04 3.467245336040823299e-04 5.695145039812577912e-04 1.718424919645180455e-04 -2.118352208896785282e-03 5.915749334313921692e-04 2.593750607857143553e-04 2.851241408869174647e-04 9.989155111450127768e-04 -2.188832333163491625e-04 -3.020314161680521907e-04 -6.245423251142927581e-04 4.775332264475107909e-04 1.122292014205278224e-03 3.445811204699093301e-04 -4.460583004883707757e-04 -1.828634013953165489e-04 -5.839949026073880346e-04 1.554643260480782210e-03 8.564467067436046851e-04 6.088873667178269083e-04 4.396973571510136129e-05 -6.584056052967810499e-04
-3.706198496111156454e-02 1.252519845233493814e-02 -3.611095217551564540e-02 -2.673763208610503987e-04 9.796317038125845061e-03 -3.019686174698866209e-03 5.120262542145912789e-03 2.629385049044137925e-04 3.357138842079868471e-03 3.073491529880765811e-03 -1.978554837738929432e-03 -1.814385569236739298e-03 -2.479163200176617409e-03 1.238537249320459952e-03 8.992864415241851690e-04 5.512474377752056695e-05 1.043601295419017711e-03 -1.397935254086555721e-03 1.145432524029142826e-03 4.910878801163355063e-05 -2.614667805060205338e-03 -1.749909130043985359e-03 -8.390370632506296113e-04 -7.938868257609175928e-04 -1.081451640702559133e-03 -6.766560467783662089e-05 6.704504674686746161e-04 5.993846753495582925e-04 -3.999174312606096479e-04 -3.710825895452244424e-04 8.911219263671352718e-04 -1.789083996009933940e-03 -7.200025307272138811e-04 5.341216507012916002e-04 1.362976696824713283e-03 -9.916105467714635829e-04 7.421785167882774493e-04 7.707555244394224741e-04 -6.998931697128182774e-04 -2.258273880884189091e-04 -1.076507497761329318e-03 2.724318314679346586e-04 -5.503943541814023625e-04 3.487621892710185282e-04 -9.813971619632249049e-04 -5.964078398359342736e-04 -1.227479586921374419e-03 -5.379398837242865123e-05 -6.451130450116362384e-04 -2.400195590504832139e-04 -5.501602406146147714e-04 3.637470716403634944e-04 -3.968836306658007256e-04 -2.678882920709131166e-04 2.606948716049848570e-05 -5.424196224079608220e-04 -2.176883464506317804e-04 3.602034821326682281e-04 -8.051701170773593267e-04 1.104912121687858569e-03 -3.112516304072737109e-04 -3.507467883403183511e-04 4.490844515471660169e-04 -2.556895744984108299e-05 -1.046986015196679169e-03 -8.454233991747424001e-04 9.137516455653744865e-05 1.777211910992940647e-04 -1.119039983772661265e-03 3.129091399878254311e-05 -1.267546115852209807e-03 1.340154602637653027e-04 4.705787507894230700e-04 -3.625515651200529317e-04 3.324083249449207630e-04 6.033277991969368927e-04 9.194852529507218340e-04 2.073922187624521187e-04 3.761527069225267957e-04 -1.569473860775024061e-04 -1.713273469454609484e-04 2.241217796153369731e-04 -2.996978918469924433e-04 -5.057143376391150073e-04 3.168257853763092511e-04 -3.108085897230697305e-04 2.660276853794797387e-04 3.264364922810292441e-05 -8.236868375154413448e-04 7.976238508606678349e-06 5.295853313902719461e-04 1.336870329734698298e-04 -3.133475266059696938e-05 2.834866120406127465e-04 -3.460968695696802606e-04 1.000768916772399475e-04 4.792737979366373411e-04 9.259878636142385763e-04 -2.338139141948921839e-04 -8.828285190543473529e-04
-6.509773512849090227e-02 4.025035679881779072e-03 -2.527196940155190807e-02 -8.514326741058418635e-03 -8.929663047892999472e-04 -4.345708510796113082e-03 3.024315464753041683e-03 1.249000404886197813e-03 3.386308099858047812e-03 2.294381989670039347e-03 -1.765921610464676146e-03 -1.608034343532355713e-03 7.546044559353290698e-04 6.130419908211947721e-04 1.157111750978354536e-03 -8.761354490236719769e-04 -1.704331264450867790e-03 -4.297486979700380276e-04 -5.227916625552900265e-04 4.114456759801526876e-04 -1.027957800961970926e-03 8.361833707165446745e-05 1.194528030681535910e-03 -6.502160334998858182e-04 -3.301243112863283102e-04 7.827772942629639477e-04 -5.405157013313430280e-04 3.191631795314117843e-04 -4.059386405211184599e-04 -3.117249591907419017e-05 1.135089640767818241e-04 9.136399707392945562e-04 -4.534405964105341818e-04 1.520830084049781166e-03 6.756705187102147146e-04 4.047202613191905850e-04 -1.235733498146861578e-03 -5.273587948752786773e-04 1.279230639791315537e-03 7.106175603083238028e-04 8.829498506880034984e-04 -1.160512336221453810e-06 -3.606801610263569578e-04 -3.072047924650450233e-04 6.498958093515142453e-04 2.384402605056135820e-04 1.343002145748560506e-04 3.989372402170528794e-04 6.595373540006320553e-04 2.678019200397775782e-05 -6.933468177867957048e-04 -8.384092793251229567e-04 5.370547930038089115e-04 2.495068338053626242e-04 -8.380986673552810740e-04 1.079082150047142388e-04 -3.187608971833033079e-04 5.090137818158029610e-04 6.791783859507684231e-04 -1.492123103589938593e-05 1.348979643847332099e-04 1.002470647854952643e-04 -1.636690554863195807e-04 2.464047249298842771e-04 6.528582878228732581e-04 1.396020703353404368e-03 -1.779286111328414030e-04 2.043607304038041724e-04 -2.122612631457372623e-04 -7.353519240013852527e-04 9.444971718634929264e-05 4.437815557843241879e-04 4.562293061234229825e-05 -1.502026531523414530e-04 -2.234104086488445577e-04 -1.356882494545240869e-04 -8.392278700157960666e-04 7.054779926451268304e-04 5.062333677200286106e-04 6.216542583474659461e-04 4.668013048045494711e-04 -7.646429112273710671e-04 -9.677670984762962560e-04 5.054136202337042609e-04 5.756209244427801057e-05 2.869838107692316317e-04 1.586659655348066750e-04 -6.822433019681749863e-04 -4.732883990085828873e-04 1.352968717467752276e-03 6.679984472828976198e-04 -5.507440089622413063e-05 -5.801752359727516952e-04 -1.070035715166009465e-05 -1.229063319832220732e-04 9.443505635482737437e-04 5.907711152784338518e-04 3.111573263143170955e-04 -7.182425320076274715e-05 -5.646466415548745746e-04
-7.983795672467980387e-02 -1.497158606710600765e-03 -2.625599855968444724e-02 -1.021249774961081533e-02 -4.464723261844915844e-03 1.888973863206062356e-03 -2.152333128933112214e-03 -2.648992324741064521e-03 6.473417462170963366e-03 -2.558014356190050492e-03 -3.532970140486095274e-04 8.717156678162958725e-04 1.561855819991075272e-03 6.255507181106322642e-04 -6.190721914685029699e-04 -8.266675215689260744e-04 -2.492412979574038477e-03 -1.194834810406664172e-03 -2.793667785277619952e-03 6.794709304631496149e-04 9.171756699960052902e-04 9.036913157280422127e-04 1.277054897020024572e-03 -1.941781841942188339e-04 1.435338284983149471e-03 3.615024190910860356e-04 -1.034505386043864644e-03 1.762697495916600401e-04 -3.723882466221664038e-06 8.118183315586613435e-04 5.658236730238617052e-04 7.897712701147455508e-04 1.558630782400968913e-04 2.143233756313699090e-04 -6.825954004445082069e-04 9.081034815649560461e-04 5.991576982570588454e-04 -2.661038178179634252e-04 2.003472240763790860e-04 4.422869459728337167e-04 3.432436868866528827e-04 -4.882767584684184412e-04 -2.147293761105294500e-04 -5.123945412754135967e-04 4.729292928036267474e-04 -2.760199396847966779e-04 2.961043500934171431e-04 1.000124359628322152e-03 8.395971288400723778e-04 -1.874475818954366574e-04 -7.521477425858247474e-05 -4.469633763389780300e-04 1.909498189437768782e-04 -1.584791304756338762e-04 -5.370496456215668969e-04 -3.087544729505454859e-04 -6.019564217272111578e-04 2.909588607341576289e-04 2.927347958617879911e-04 5.539562322093448312e-04 -1.321194837615906921e-05 -1.224339818681722690e-04 -1.995469900609521570e-04 -1.742558632920347270e-07 2.442708180299973551e-04 6.557321234584177674e-04 -1.241789723092052793e-04 3.372600801608093934e-04 5.833794723194824069e-05 -7.840364213413008243e-04 4.412964549041736677e-04 8.194265945317410560e-04 -3.280464143531626985e-04 -8.947134537943954362e-06 1.096880130711817754e-04 -3.667061388286197788e-04 -1.240348228431229014e-04 1.074928230017647133e-04 5.738783494275981811e-04 3.858817635342945743e-04 -2.830827968143585110e-04 -3.730129835777572174e-05 -2.188787770056212895e-04 -3.609742187924734001e-05 -1.235058591225099401e-04 -1.040253488575850936e-04 2.971336636333549641e-04 -1.932596553267453031e-04 -5.495238555415219621e-04 2.066962441390800200e-04 2.310920090772932139e-04 -9.103241616629549485e-05 -7.006423209387132354e-06 -3.013365003312168627e-04 1.306364561650239680e-04 2.833586146472160923e-04 4.724998963125738208e-05 -1.349101775182653810e-04 5.216469129579513839e-04 9.680113469943605036e-05
-7.074001814003823274e-02 -3.256909638475381612e-03 -3.667266218914599224e-02 -5.398294598338751471e-03 1.731560657726380565e-03 4.313337257351398425e-03 -6.903424090797537259e-04 -5.510837215113795901e-03 9.020874857810027778e-03 -2.705547164361483611e-03 -2.489243951267914516e-04 1.094319557236014774e-03 4.858091020656768975e-04 6.975626230651559880e-04 -5.839054004506710098e-04 7.472660483412526698e-04 -1.524072002473605969e-03 -1.835642933595707862e-03 -2.067037560496113365e-03 4.371216614791611642e-04 1.111923247280860840e-03 3.678210059188885355e-04 1.476639108655384029e-04 -4.038860487183008663e-05 1.146329546909067264e-03 6.942840786383166519e-04 -1.491133815877370393e-03 2.882576705938847176e-04 7.382916992763605265e-04 7.336236785983480660e-04 1.427103086201424566e-04 1.028664240923901152e-03 1.082360630583489164e-03 -6.178293218289362997e-04 -1.062867221397523253e-03 9.122251271124641242e-04 4.342902332780152765e-04 -7.798505226644029779e-04 -7.690629209040131383e-04 -6.658969350990496475e-04 -5.159898068639647570e-04 -1.953898793766746641e-04 7.337324600474016099e-04 -3.550125623156834189e-04 1.211491513410805276e-03 5.606686367112785965e-04 7.258217630596743410e-04 6.417210222243297348e-04 -1.464859724685384939e-04 1.285757109529798048e-04 7.028584231199263557e-04 -9.628439245603097243e-04 -1.053474963670448849e-04 -2.069486438840085411e-04 -4.827873239667725548e-04 -3.906522540112465657e-04 3.036299354680124362e-04 -5.701393881362425446e-04 -1.257715722506055705e-04 -4.376382035849210296e-05 3.327793210148234540e-04 -6.002769507496295886e-04 2.216760642233817362e-04 -8.689176200210776675e-05 -3.984018352977586374e-04 7.224644398006413535e-04 -6.057354552336674264e-04 -2.199392672344709304e-04 2.082076771196897120e-04 5.958726903404232164e-05 2.750041142644381602e-04 6.954033615140312041e-04 -2.231151989731437822e-04 1.780524960169332243e-04 3.296868604139999636e-04 7.275484812643765028e-04 8.275664308412604116e-04 4.163868201884293068e-04 2.015492092245771752e-04 -7.531235744222114763e-04 -6.281390270799722955e-05 3.879647368854280301e-04 3.740181032563208072e-04 3.731910116587941408e-04 -2.276827960532610900e-04 -7.015719580920080824e-04 8.960068615661992159e-05 5.666693002229223741e-04 -2.540111049305997497e-04 -2.468910109898965520e-04 -3.688958501808571090e-05 -3.955794588579963873e-05 4.731527858224747582e-04 2.310837053796272226e-04 5.242040065018669813e-04 -7.229446219124901433e-05 1.156723116996198771e-04 -3.304005313400020069e-04 4.310004454924470365e-04 8.517756679478470530e-05
-4.737225276735666790e-02 1.681917670854735439e-02 -2.870795656375323135e-02 8.119165232764383525e-03 1.251131666887886178e-02 7.612741941878244469e-05 2.886703254434236712e-03 -1.419966816316013854e-03 9.191900475660786177e-03 1.340723009665601914e-03 -4.077894112110816600e-03 -1.582629775289629481e-03 -2.433217728646199906e-03 2.736219324470580850e-03 1.928999894257666433e-03 -1.515615170654856507e-04 1.355621606127738491e-03 9.132523284849411015e-04 1.771670162799802214e-03 -4.300612169942655207e-04 -2.547866795961084129e-03 1.233893493435956712e-04 -2.020381937815624983e-04 -9.046077121676346323e-04 7.224022203239890061e-04 -2.864035572110224014e-04 1.843334763691163117e-03 -3.627922750569462056e-04 -1.182520493103765070e-05 2.206654417495795589e-04 -1.259047829932187761e-03 -1.045018651669620165e-03 1.104651138670657129e-04 3.528020807088047528e-04 -3.288258675694038981e-03 -9.514018507930603456e-05 6.235604710719303782e-04 4.468415101978099571e-04 -1.967744867840636597e-03 -8.486054192732518566e-04 -8.217132135469830054e-04 -5.478049995683275655e-04 1.046706498506923136e-03 3.880368820020286733e-04 -3.638785251237770780e-04 -3.753603636335703419e-04 -2.287162582585388596e-04 6.746592784510044207e-04 -6.330968744604977038e-04 -4.296128095899531341e-04 3.762063783059599862e-04 8.667683336254664115e-04 1.160497722738803157e-04 -9.142569460506491793e-04 -6.920838448849772140e-04 -4.506717879811391963e-04 -6.465200712857348394e-04 -3.420789042582133383e-04 9.287227932646154429e-04 -5.049521201641757285e-04 4.795706664735350697e-04 6.593125915441085160e-04 5.485179837669205668e-04 8.779045001928155413e-04 5.249212779066776214e-04 -6.209850072751392632e-04 -1.431808914444812695e-04 -2.811689960318128974e-04 4.481778176665523745e-04 2.671814820110357557e-04 8.420844387360730760e-04 -6.382124084156623814e-04 -5.469752887248861221e-04 1.113326985070823861e-04 -2.675225118466793709e-04 -5.475569591814435141e-04 -1.823496066360884749e-04 -5.319535766832216234e-04 -2.219413320083294880e-04 7.157994711606510034e-04 -2.346684515265502768e-04 -2.205742348025032794e-04 -2.945103767802477327e-04 3.223811561225725544e-04 -3.281589070358365196e-04 5.978207212446820257e-04 -1.379181479017312877e-05 -3.972693966911352431e-04 1.206204945059194828e-04 2.979071581977122329e-04 -1.030692253628458151e-04 -1.631935723944742201e-04 -4.850571374290991891e-04 4.370476549836139818e-04 -2.811531605908811657e-04 1.544198129290722432e-04 -5.400692235470982679e-04 -1.636940750211106702e-05 -8.102575366266903407e-05 4.213567098274202671e-04
-7.814507553162340636e-02 -1.666212394249263345e-02 -3.358993637193879306e-02 5.292034278175743005e-03 -6.479116312910357389e-03 1.542079445094519594e-02 -1.662749464907199151e-03 -5.544796125050388720e-03 7.731878152083492689e-03 -1.949828593607074540e-03 2.620621416695728331e-03 3.838078709408618196e-03 5.112956350776486081e-04 -1.965450640265126305e-05 1.362494741668950331e-03 1.481272579213456985e-03 1.257010397255790141e-03 5.930092108070825381e-04 -1.142729822560475776e-03 1.335247761550315937e-04 4.445785446125159225e-03 -7.115646060634640965e-04 -1.482452950279522811e-03 1.320404527426099822e-03 5.999047832149755760e-04 -2.318481359654325368e-04 -1.698568682089099521e-03 -7.119557077253214992e-04 4.527368170577318260e-05 -9.472654284097597392e-06 -1.807306652821620823e-03 8.590876263714228517e-04 -1.081318605745721327e-04 2.115864156189074981e-04 -3.340934235575309416e-04 -1.165621041817729766e-03 -2.442096970499450055e-04 4.839172984719694657e-04 -2.596474619320584707e-04 -8.259196462601737848e-05 -2.133668979773232187e-03 -3.181169100959850256e-04 6.746587873861394340e-05 4.555712734741765107e-04 -1.469429760882712212e-04 1.051972572739034995e-03 3.038846220754538993e-04 -9.922270680755120639e-04 -8.593375432471085954e-04 -1.084522970338631882e-04 -1.931409217716423428e-04 9.642944316285916809e-04 -2.501948140754750236e-04 1.457553758278972485e-03 1.182208644091739086e-04 -2.558192705789248916e-04 1.091629971577302979e-03 -5.857957446500651998e-04 -5.604724746646793168e-04 2.295721074059920764e-04 -4.417942827167474387e-04 4.888977616891961638e-04 -8.665781558185809211e-04 1.273062846933447354e-04 7.315399946155971486e-04 -9.925974520657307801e-04 4.238416555626939699e-04 1.793955029542395891e-04 -7.499501495877709768e-04 4.773902046936389460e-04 -1.763702286930801189e-04 -1.013862625673868541e-03 1.090665727127660811e-03 -1.979959713468610087e-04 3.846506358067622723e-04 -2.708842859954916564e-04 -5.983751645834982407e-05 -9.817692450406127584e-04 1.461594129008184160e-04 5.763258373241817063e-04 7.631852583634062632e-05 -3.559201284929777807e-04 1.672290339687619067e-04 -1.360623442969344948e-04 4.172382979023594703e-04 5.712181440591273304e-04 3.323275227479780881e-04 -2.903827162626175756e-04 9.972597768229953755e-04 -5.694512828607113143e-04 1.361162157800728013e-04 2.006997243737255912e-04 -2.338071938633182949e-04 2.738878707468951623e-04 -1.465057468385449265e-04 2.466956672017201510e-04 -6.846461141777631276e-05 3.265054779374322439e-04 -6.156015231202924352e-04 -7.010699274666922247e-04
-7.367495872509248478e-02 -8.508565064483329318e-03 -3.492172579243430636e-02 3.430321265242694626e-03 -3.435797016905132225e-03 1.136026472592858300e-02 -1.060345538183657009e-03 -4.768090778075344607e-03 8.901815152419504523e-03 -2.097492606960271386e-03 1.075983266425291308e-03 2.172353273662792211e-03 6.029739422166875267e-05 1.270171798817070277e-03 8.600241903085348045e-04 2.274135231356609900e-05 8.751649251509319898e-04 7.597280935864946069e-05 -1.267614693061989983e-03 1.037914003391294241e-04 2.826810525873824434e-03 -1.972796472691229497e-04 -7.570074346668619362e-04 4.053173963899068285e-04 9.664177057689944759e-04 -3.406032783474251648e-05 -2.070309994200735405e-03 -5.202453503473464204e-04 -2.613194124983315362e-04 1.424863414535832535e-04 -1.440552494912076273e-03 1.135512804706749132e-03 1.866457068110688336e-04 2.341757618397843053e-04 -8.242043917502285414e-04 -5.429356045486420819e-04 -1.524570206132970875e-04 -9.640019876705100766e-05 -3.831268542657420930e-04 7.107497935351881832e-05 -1.529575927502419734e-03 -3.820857087674163380e-04 6.533358008641001937e-04 4.043857333743811869e-04 3.540514290658863111e-04 8.796758374808467257e-04 2.238510004183338062e-04 -3.700257038700994214e-04 -8.450740586087056912e-04 -6.233058432819612920e-04 2.766918387985968148e-05 -1.131497389283980131e-04 1.101373528859727821e-04 4.729935631863002783e-04 5.040133005022495765e-05 -4.493026060727491186e-04 9.351040528245357312e-04 -3.416651588663615832e-04 -6.410930681350327951e-04 8.862552964036972858e-05 -2.936995604823191609e-04 1.051644384983203075e-04 -2.878513946089247388e-04 1.704130554031342928e-04 2.544975337477749949e-04 -5.155338463891871292e-04 3.510332344581886476e-04 3.741744472417565543e-05 -6.090613556557003538e-04 8.313662924514779332e-05 5.143106490529296887e-05 -3.313995408197224638e-04 5.371074338671722164e-04 -1.889783383504061701e-04 7.792382471959093809e-04 1.932327396924059552e-04 2.837974544079095414e-04 -6.086287016821158953e-04 3.747341846234177845e-04 1.855080419872743073e-04 -1.209448817385875691e-05 -2.330980033418294682e-04 3.339470071883679221e-04 -1.877436133784349660e-04 4.150230697389735348e-04 1.903330761255798748e-04 4.189880888540705117e-05 5.586113310750693596e-05 4.293019926760152693e-04 -4.764316315131957198e-04 1.363238462654726990e-04 -3.500964233319311453e-05 -2.505057757477045593e-04 8.296658482973965395e-05 2.403949442671776628e-04 4.397065125468411725e-04 3.133390114182657771e-05 3.100266156610510327e-04 -4.320212620408023490e-04 -5.427499201909409456e-04
-2.569043038830245290e-02 1.249467571587908193e-02 -2.185708002290316643e-02 -1.567737964940449846e-03 2.027569684769606195e-02 -1.927018674210065070e-04 -4.064579016907864779e-04 2.776243935855345329e-03 1.591054851418497069e-03 -2.524109000283340266e-03 1.841604666507742601e-03 -4.744433128269215502e-04 -6.250983057636518491e-04 -5.032556653480075703e-04 -3.099734167293609777e-03 5.107926655179043877e-04 1.643865437178047666e-03 -1.553625607561778116e-03 1.175004280132398073e-03 6.814454034143410275e-04 -4.398374115091569121e-03 1.254167671278564027e-03 -2.057725122250198945e-03 -2.940684761389575352e-03 -1.464727968568335648e-03 6.881360656137007785e-04 6.997351644430357346e-04 -7.517994950429699851e-04 2.734818487220747225e-03 6.535661328282961697e-04 -1.535779070517901605e-04 -1.861272057667953716e-03 1.449174325191298490e-03 9.490317583698893757e-04 -8.387680413245200218e-04 -7.711233762048114128e-04 1.924663673791809308e-03 6.274687777368612987e-04 1.984480141447686734e-03 -1.516692270138941475e-04 4.238042365010637517e-04 -1.567154870134068387e-03 3.665167420056745671e-04 -2.321401021574369741e-03 -1.214807353027949795e-04 -5.429117033645827024e-04 6.387496988696121170e-04 -1.912444980809800904e-03 2.515061922047424382e-04 2.011853962167204930e-03 -3.219284138725687829e-04 -2.229504725868326157e-03 -1.547778117467300514e-03 1.637793361613724009e-03 -1.138556769100880842e-03 2.175112610788068872e-03 2.424490426115198584e-04 1.341753978979374779e-03 7.374724561876654181e-04 3.206907995753400143e-04 -1.481327132731334118e-03 -1.188654480202628645e-04 1.862457481704167528e-03 -9.319411999946617146e-04 2.183532478776339881e-04 -6.330935924945544409e-04 1.541889950376166554e-04 2.020382198703289320e-03 1.003137057244789720e-03 -1.729435401591533010e-04 -1.472386627102900865e-03 4.370597592681443465e-04 8.929013252811733971e-04 2.095947006258567146e-04 1.037609203972153504e-03 4.277584658164130366e-04 -5.691695686262178601e-05 5.368211707478252100e-04 -4.627089816515865040e-04 -7.093403849672253424e-04 4.712739563709578768e-04 2.815354682152297920e-04 7.038932187749446980e-04 -5.390265455904797625e-04 -3.507356651436700909e-04 -4.663563637003259512e-04 -2.149318566613020822e-04 -6.765077965229381214e-04 -1.524340916439816129e-04 1.927798804153783700e-04 3.495542775301815289e-04 2.365473826506257684e-04 -3.280219827675586938e-04 -2.378798902240877145e-05 -1.289442336391668283e-04 7.505566165165606372e-05 5.159503997759704844e-05 4.261996998236273690e-04 1.907286789968126674e-04 -3.801997924405912379e-04
-1.625718570737402086e-02 -3.668825354299140584e-02 -3.268500139726058379e-02 1.285600490591169015e-02 5.172831264984466791e-03 5.896724570194613636e-03 7.988107115207589495e-03 -1.123007965049047487e-03 -2.740822282067291362e-03 3.710580009813167421e-03 3.289473785543160257e-03 -9.102846479240452547e-05 -2.650140819973082536e-03 6.376359903621454581e-05 -9.384684823755179211e-04 2.444439566630859928e-03 1.046889548363845283e-03 1.156889535333775710e-03 5.113581362952568897e-03 1.319886918596878617e-03 1.131788223903614507e-03 6.542003002951603382e-04 -3.305450026958377512e-03 6.240391569768081320e-04 2.283630034000340772e-03 -7.745715516587037383e-05 1.364227882679538431e-04 1.312461930845825993e-03 -1.005016275979576067e-03 -5.755023422523679192e-04 1.434439186232418836e-03 -1.463452789204753267e-03 -9.256004751779733052e-04 4.348334561997708602e-04 1.551413538464149538e-03 -1.264960414343933599e-03 -2.043628472928391351e-03 1.485837332055313853e-03 -2.758447615517256764e-04 -1.407856479053553852e-03 3.331823136540961947e-04 2.408938922899647879e-04 -4.478684994014273048e-04 4.451213384542033937e-04 7.558425221182291358e-04 -2.655367177672839606e-03 5.210662372572045934e-04 -3.954960543694911778e-04 1.145680076210432111e-03 1.192570159822783481e-03 2.165708284629991581e-03 -7.744165021616385451e-04 -4.277870357128390469e-04 2.423168130291481718e-04 -1.357856268278413324e-03 -1.001170546954324291e-03 -2.497539210335652442e-04 -1.798864197625994407e-03 -4.329752037965394255e-04 -1.081344593665082947e-03 3.069073804703191847e-04 5.561514380273665435e-06 4.036527101156919470e-04 -1.007737182496942340e-03 7.216560165652285627e-04 6.683199266169620976e-04 2.979488258115148475e-04 -1.280885387495610522e-03 1.089698162276234172e-03 1.211718483754164414e-03 -1.999362176859428982e-04 2.232250873012258698e-03 -9.944534603195763890e-05 1.463160733245716339e-03 -5.130427633679852635e-04 -1.956190286988132923e-03 -1.076398810652835674e-05 1.646247406338896980e-03 3.366016712686063696e-03 -5.809715712395666402e-05 -3.437688474578777910e-04 -1.094100449689006712e-03 3.644687641782603919e-04 -3.613728091697085551e-04 9.016325598586259066e-04 4.726471860764972855e-04 -4.887618338215079248e-04 -2.290740490921934491e-03 -7.295416990245143793e-04 3.601865728595357108e-04 1.933596044582644100e-04 -1.117971587291787406e-03 1.849114741738838925e-04 2.813030501762827794e-04 -8.075315437292718973e-04 -1.805419711760251596e-03 1.150434375216161185e-03 -1.515940181031879283e-03 7.602428031905130714e-04 1.380694930849525300e-04
2.380313790842720698e-02 1.271838277412360753e-02 -3.741467947093159857e-02 1.751299549704912750e-02 1.239804307073864506e-02 7.745900301154262126e-03 1.862530867374237800e-03 -2.032059657591052913e-03 -3.794609626294447296e-03 -2.341514029688704455e-03 -1.924524524670777250e-03 -3.143938043228217756e-04 -1.105368742502320714e-03 -1.357166648217068275e-03 -5.499584967849391846e-03 2.179013876395878655e-03 3.203838106281082544e-03 -4.188487287885929791e-03 2.017251779980832813e-03 1.217376307610389574e-04 1.644295297942559341e-03 5.017678248241287144e-03 1.357110752044069673e-04 -3.053328742816450829e-03 -4.939271842244955489e-03 -5.400485271364239247e-04 1.401774905127295976e-03 -5.762681714131180806e-04 -3.156420281718299355e-03 -3.777239315182203631e-04 3.804755960819831897e-05 2.226275118211957040e-04 4.084559528788611615e-03 1.115578538456629210e-03 2.158649909386705593e-03 1.517000920853120872e-03 -2.236808131055021721e-03 -1.330810799977755242e-03 -8.859236229357024192e-04 7.954511788765857147e-04 9.388363821988815602e-04 -8.261073582011795166e-04 5.657581568533307252e-05 -6.491465796448455446e-04 -2.643674144570622338e-03 -2.269031278834763026e-04 -2.160617767187224432e-03 3.401189693238707750e-04 2.502510231625130858e-04 -1.509861720450955116e-03 1.031009066040220867e-03 5.076212029174652579e-04 1.607847854298055179e-03 -8.543264746787871408e-04 1.386129764250183805e-03 -1.356796313076339983e-03 2.555777526652833393e-04 -1.474086954357782378e-05 -1.553287092124681456e-04 1.500939279322628629e-04 1.158793142154966593e-03 -2.368330526171247692e-05 -1.094542378562237111e-03 6.442309419984152286e-04 -1.112530522037584631e-03 4.977996222304595896e-04 -5.842813454124770210e-04 -3.478557566019869498e-04 -5.106491319647212240e-04 -1.442059054775535383e-04 1.652646958320772420e-04 -5.744958038905887342e-05 -3.812643802397142003e-04 1.063387536306413560e-04 -1.391557474392484794e-03 -4.718085735635025126e-04 2.587272020855617091e-04 -7.255098343500252086e-04 -6.243050091386867896e-04 2.351505954806474002e-04 -6.648183831127896107e-04 3.026100968127212829e-04 -1.534946740158923929e-04 1.025676680857951937e-03 -1.087145937602992994e-04 2.903916858169394580e-04 2.280911790377107725e-04 9.390992910711010752e-05 3.982280407276377163e-04 9.955565908564640231e-05 -5.663853445430052161e-04 -1.256889579420333077e-04 8.894674938060030461e-04 -1.368758077384499175e-04 1.033741196959279230e-04 2.511061332968484577e-04 1.131551220610627106e-04 5.323869661842110150e-04 -1.930185499906310689e-04 -1.117541175380863748e-04
-7.196448971571753339e-02 -5.916489902834272223e-03 -3.921580019709768050e-02 4.736121608634328087e-03 -3.660626478116482761e-03 9.725824086266982374e-03 7.277925342100088034e-04 -5.414952613039485281e-03 9.883124008353652915e-03 -1.395136293633655856e-04 1.245152116409230150e-03 1.835225990534378919e-03 7.309117418753753636e-04 -1.373154112924679338e-04 1.361864373197371183e-03 1.357657336690657520e-03 4.902778429837536655e-04 -1.206297162147473888e-03 -1.830457892682740405e-03 -8.125671130492737601e-05 3.682495662743524162e-03 -1.132890248774933546e-04 7.761865282420477041e-05 6.437498176734808911e-04 4.217812766695992104e-04 -3.146554203578471654e-05 -2.234516373282525309e-03 -2.197209842551834768e-04 1.938903594078624144e-04 5.809321932107184075e-04 -1.482838912015526462e-03 1.300282254218208811e-03 3.487259886468924131e-04 -1.296825120331916400e-04 -1.667370919247890151e-04 -1.884444139240127550e-04 -2.775352858266020564e-04 1.745904553398488547e-04 -7.799446414088362801e-04 -2.907820423243569186e-04 -1.872241468400232629e-03 -3.346629605241426746e-05 8.737056381395483760e-04 4.372601425455867959e-04 3.943169274093427591e-04 9.991827488933715130e-04 5.365831279957164381e-04 -2.154161397319716655e-04 -1.166731667608369907e-03 -5.824130172714939635e-04 1.060118215366552246e-05 9.659670778494599001e-05 4.579453944120048131e-04 5.998144298295595865e-04 -6.351354745783787618e-04 -1.098234647454678862e-03 1.589961384558946514e-03 -1.531737877614183178e-04 -3.090665556079612080e-04 5.794702786932975046e-04 -9.142857189973028020e-06 -5.201302028329491897e-05 -2.684229115847069566e-04 3.958604197786371381e-04 1.005768220550764294e-04 -1.920544288735393716e-04 3.816039837563299768e-04 1.540474702821068064e-04 -4.421801974346330666e-04 -1.364996188687075777e-04 -7.885821188624917008e-05 -3.094761126305150791e-05 2.490118001366544613e-04 -9.578694086418180565e-05 1.842209372970209980e-04 4.604213028916285828e-04 2.092772065601646524e-04 -5.403315614443199777e-04 1.533792281762051267e-04 -1.215392155258167468e-04 8.900281259330889729e-05 3.100174994834520455e-04 2.413907449606553018e-04 -3.037728730630078394e-05 3.876591427750695411e-04 -6.326469605260943826e-06 1.324694262304324812e-04 2.726679664739710407e-04 1.039444228224604408e-04 -3.353486210869090775e-04 8.651482948491893532e-05 1.281953710311281049e-04 1.281554908705020372e-04 -1.089752873416956230e-04 3.047689627085646612e-05 3.161551234677651844e-04 -1.673390432094452635e-04 3.309109537023533789e-04 -8.167391216648672825e-05 -5.513311024276146321e-04
-7.575588381778874947e-02 -9.048567488160158545e-03 -3.980102501681004323e-02 -3.119131686449685536e-03 -5.161984415276277445e-03 8.552006785864298133e-03 -7.966519382132448328e-04 -5.912873784270061134e-03 8.693095762000972379e-03 -2.559538340050977051e-03 2.367028030309866783e-03 2.619933939993747407e-03 3.001303000339072932e-04 1.957607579728977540e-04 1.133982605753857840e-03 6.706672013710387754e-04 2.126878311837320087e-04 -1.570520252034466159e-03 -1.878182048013157844e-03 -4.782467330311993134e-05 3.709160367374952048e-03 1.104767693519092105e-04 -3.615232252078121847e-04 5.682794203547870959e-04 1.319128198594448102e-03 2.124133319228718112e-04 -1.903088260584045056e-03 -2.548411037869263273e-04 8.019057045158732664e-04 2.815059115185939310e-04 -8.352528051770635644e-04 1.149590722250877625e-03 3.375466082003563805e-04 -9.541367415127413598e-04 -4.054748861835252307e-04 1.414978087886317748e-04 4.227812989589711345e-04 -2.297950378360715201e-04 -6.548285676852089393e-04 -2.653448284284836960e-05 -9.391181938686470098e-04 -2.406033238926639508e-04 9.171297894533650191e-04 6.002138033016961386e-05 7.300731040426465968e-04 6.281169413587356061e-04 9.460009273220787267e-04 -4.176505568885612940e-04 -1.117152199820360290e-03 9.389969752138348704e-06 3.310631070283782777e-04 2.967620386378699241e-04 2.340099136268094626e-04 4.390493315848642249e-04 -3.484628205273894268e-04 -4.848371192599775512e-04 1.118848711231130826e-03 -4.174037120918713779e-05 2.333100628679491014e-04 2.275745463169516112e-04 -2.415356884948483972e-04 -2.459001872565152124e-04 -4.132937840737266420e-04 -9.684424312507561024e-05 -2.825276357621216866e-04 -3.909054428172198078e-05 -1.068412294111973574e-04 -1.789565666725102659e-04 7.747644813850165086e-05 4.117976019048091309e-04 1.045282805736998794e-04 -3.137906927705395995e-04 -1.546432050854817085e-04 1.411225721694408500e-04 6.100074341749748923e-06 -1.228152287468768503e-04 1.108465894511183840e-04 -5.786463539858251789e-04 -1.821604802967575565e-04 -1.999624473271226167e-04 1.145002754373354744e-04 1.566714994140276207e-04 7.639071994605990549e-04 -4.017193351068599387e-04 -2.191778024889050585e-04 2.440152692251329513e-04 -2.002875576251846631e-04 -1.360574524431784377e-04 1.165080142319855342e-04 -7.340232268449770362e-04 4.288617927751714638e-04 -1.400085983384302939e-04 2.315374317236800828e-04 -5.907402480326962415e-04 -4.028901694883114471e-04 -9.542444719760473902e-05 9.788101374330517978e-05 -1.007372119212662017e-04 3.431166590282727489e-05 -4.544433436397160879e-04
-7.412038429091651059e-02 -3.038187868152758368e-03 -3.589971326760813680e-02 -4.886175670450704049e-03 -3.229661149246841872e-03 1.509722646500788685e-03 -7.242084539030210202e-04 -4.970129365814267980e-03 8.515814240258282042e-03 -7.456293914993185725e-04 2.147011693923531748e-04 1.821287504108272262e-03 -1.320298894381228226e-04 -7.457824708106568007e-05 9.422928695847423855e-04 2.225635259457083102e-03 -1.389122180856122843e-03 -2.172381152808627435e-03 -2.641474061196249015e-03 4.892858405470144802e-04 2.988449710056864227e-03 3.119407765647194014e-04 1.323177959430979359e-03 4.593354123376388654e-04 7.750906421710510160e-04 5.787590737881276055e-04 -1.140878919531767037e-03 7.145331147618686797e-04 1.181236151734736976e-03 7.140664675604118999e-04 -2.948305742958810273e-04 6.024649556734003710e-04 8.782065852843653261e-04 -1.350596914216638722e-03 -4.475740697510802992e-04 9.392036333467045084e-04 1.204970431147435819e-04 3.446102349367426089e-04 -4.499173075252191388e-04 -1.205065748302249547e-03 -1.463970973971242618e-04 2.784878770953346265e-04 2.839606801824320643e-04 -3.891607859689264382e-04 5.243701398900518220e-04 4.199163529820214833e-04 7.372355111169883986e-04 5.299076212163848993e-04 -1.947143037339734307e-04 5.401167063195024421e-04 -2.266685214624248820e-04 -5.788346729546795790e-04 1.840029773615125543e-04 2.682909553063399146e-04 -6.459929860965005341e-04 -1.066866610521792491e-03 4.682142996307829129e-04 -8.845056713855867225e-05 6.588591517915828042e-04 6.041348757152927202e-05 5.871346217690204998e-04 -1.672008312619630433e-04 7.799887468658805968e-05 6.504842527960823272e-05 -2.417010929554580100e-04 6.850711150046389373e-04 8.975125624062882835e-05 -1.647031694997530310e-04 7.971895093184749956e-04 8.042425455396743771e-05 1.481027365741367525e-04 4.873333408726019051e-04 -4.140263620116411600e-04 1.082101811058680638e-04 -7.046648209798409956e-04 3.456172744084545583e-04 -7.569092202671437984e-05 1.811691135916885045e-04 1.713042841664364738e-04 -3.286256975889390660e-04 3.382986979796318342e-04 4.388757340898424364e-04 -2.252256455712711226e-04 3.709482587061438961e-05 -3.272466705243967525e-04 -2.118314752083454372e-04 2.222747708060100909e-04 1.435994343455323109e-04 -4.695821119702642417e-04 6.736335509154380312e-04 -1.395993461593791993e-04 -2.603564194379386987e-04 5.684311984074249223e-04 1.174448005019501262e-05 2.325549125295805683e-04 1.415204841357588130e-04 -7.952807998249674217e-04 -3.301522665425151706e-04 6.242591849051350953e-04 1.934486518120418766e-04
-8.217788653304057556e-02 -3.232495245998730921e-02 -1.423626071510065635e-02 -1.400175120651150733e-02 -6.516111377744248853e-03 1.372108205900327959e-03 -8.668012491911347706e-03 -6.742270139542830276e-03 -1.726173824754426546e-03 -3.596609138134575570e-03 2.283443775725194167e-03 1.463229609307912637e-03 -1.097910362097620669e-03 -6.435220437153339745e-04 -1.059728956816219803e-03 -6.115373833978308407e-04 -9.780739997501172039e-04 4.818725954101919589e-04 -9.766157992082832254e-04 -8.844206551994757484e-04 -3.501084810890002508e-04 -1.564670458769377786e-04 -1.178465279458663527e-03 1.263015816107815586e-03 2.357626478085854849e-04 -1.929903300393080376e-03 2.962793160236826869e-03 -6.690219661449737067e-04 4.186619860088968944e-04 -1.520068771304882880e-03 1.516908802132553710e-03 -2.669254305251692223e-04 3.988386839756918314e-04 -5.875824446602104397e-05 -1.123175279684854831e-03 1.351670281074200067e-03 1.114994248949060596e-03 -3.371037590438654688e-04 -1.163628582714266915e-03 -2.699663287500798491e-04 -4.261638795182950187e-05 -7.631615595693534660e-05 -1.137854661358219050e-03 -1.385888406226093179e-03 -2.287760203573412261e-04 -9.838118238446487678e-04 2.304891511040749804e-04 5.183389921956460880e-04 3.191556174443514960e-05 1.448220193819894442e-03 7.689267707546863827e-04 5.946014110176874902e-04 -6.485428095192607057e-05 -7.731694492560481986e-05 6.547893685699995208e-04 9.027956153590907962e-04 -1.507745037971434379e-04 -1.074752902364571735e-03 8.759783396519092670e-04 -1.436629956106860110e-04 8.247304314849784705e-04 1.962010962545218098e-05 -6.845038141220133364e-04 -2.514513608403739944e-04 -7.809483499500835101e-04 3.712307838535705475e-04 -4.080843761196397378e-04 -5.070034035856844142e-04 -2.605263967780444673e-04 1.296124270558483447e-03 -7.986305747544205323e-04 -1.230009641535034087e-03 -1.922114359669619874e-04 2.644771569409478090e-04 -3.345225579477395170e-04 2.490326395709953366e-04 5.337056749883549098e-04 7.284988281969440255e-04 -4.590360122940608033e-04 -3.213348516963845307e-04 6.866237679165252111e-04 -1.072722046432178028e-05 1.567252608783527079e-05 -2.329507849006319270e-04 -7.680241702978770008e-04 -2.061876712722163164e-04 -1.251229036605445858e-04 3.353284808483143167e-04 -7.614322867514066470e-05 -7.476637972802426132e-05 5.878574348642003197e-04 -5.331061101282246698e-04 9.162904789400894894e-05 -2.947236192959719705e-04 -4.241167953972015429e-04 -7.956981637396953429e-05 4.088390256189262310e-04 -3.521435045304946595e-04 -3.646168211477181340e-04 -2.498137449088348532e-04
-8.169125556403136756e-02 -4.176984144193443549e-02 1.906063410621882184e-02 -1.125285106518141010e-02 3.996127865971701824e-03 -1.974182445059661541e-03 -1.237168102103923702e-02 -8.983100892771694185e-03 -1.367195418576031126e-03 -6.880164436637919642e-04 -1.796231665281208941e-03 -8.609662343590771851e-04 -6.720432234230171858e-03 -3.740875921711581359e-04 5.156553332770887153e-04 -3.567179190951028610e-04 -9.119516050264320954e-04 -2.664397288433163085e-04 4.853059404515158736e-04 8.731506492843068212e-04 -9.289706102361119586e-04 3.603558130467288752e-04 5.220328709192783917e-04 1.530056746465009720e-03 -1.710314302768212516e-03 -1.606744395685060466e-03 1.534709647644359352e-03 1.822678108048491317e-04 4.133348826845147377e-04 -2.092592167168227501e-03 -4.893841880641440533e-04 8.086867909209655234e-04 8.567418814233511383e-04 -2.489877998191852675e-04 -8.467613794464718758e-04 9.666427256228796866e-04 2.168502384021382071e-03 1.291716805069582658e-03 -2.136853392601257141e-04 1.591414160032929976e-04 -9.310985130438017730e-04 -5.299147760869167018e-06 1.822551969583996044e-04 -8.320722939974147360e-04 6.190776189752679546e-04 1.822118251026683339e-03 -4.001705601563065108e-05 5.527553663030447973e-04 2.142994501780835477e-04 7.165715379975409608e-05 2.524544067710471763e-04 -5.510707338380068212e-04 -1.089758913891600116e-03 -7.906928336476733111e-04 9.672910276388693891e-04 6.598645732291912426e-04 6.464011884501219150e-05 -9.801565620916870367e-04 2.730890908764950571e-05 -6.686598879119323973e-04 5.389968915986256869e-04 -6.853976901109260032e-05 -7.610776091040385603e-04 -2.366534878385160830e-04 9.339862645299127708e-04 9.442465946375332630e-04 -6.491156025958222213e-04 9.218543844867584648e-06 -1.047433466337967115e-03 -5.968393723260235779e-04 -6.616311665032452818e-05 -6.196843031225216696e-04 1.031415119964938744e-04 -1.673216720156826094e-04 -1.189506620737243540e-04 2.601025238769771289e-04 -7.867740329881241538e-05 6.678627890193136133e-04 2.477761683126873627e-04 1.995256114894574561e-05 -4.664936969191816056e-04 -2.205080457816306128e-04 5.325136049894673524e-04 -1.955338570782977239e-04 1.617686953039382724e-04 -3.229142653781397567e-04 2.885974673307783794e-04 -1.619398843895387843e-04 -5.179454293341278354e-04 2.297826069043266701e-04 -1.426598880726959791e-04 2.364296575049683812e-04 -1.290126232775566455e-04 -4.825708628040235355e-05 -3.796761457576082553e-04 1.854513391061153637e-04 -9.866045818311575013e-05 1.545105948807285086e-04 1.535929838502110469e-05 -4.956750966836966392e-04
8.619686275959069499e-02 1.524999439612100341e-02 -5.328558184572651166e-03 -1.265236162825760131e-02 1.500835942684961184e-02 -7.366020441296750910e-03 1.688663147800656883e-03 3.763684210227449378e-03 -5.279755071345383285e-03 -2.228859310384720231e-03 3.570890040935679067e-03 2.180691444124278813e-03 -7.509126593726004207e-04 -1.821274981953603612e-03 1.937130379461968373e-03 1.860097418288776780e-04 -7.961940386552466067e-04 5.399482946971631038e-04 -3.765761165211445067e-03 -8.751451410704812759e-04 3.493334322401414008e-03 -7.485087958650054815e-03 -9.820639772542736311e-04 -3.961148218392154460e-03 -5.124551971361662088e-04 -4.658070331993834599e-03 -1.517161162626688535e-04 6.873529820361187802e-04 -3.433649333131976421e-03 3.213164804237806683e-03 -5.333835331271394526e-04 1.463864928592431731e-03 2.385988892092839615e-03 3.728268366707108366e-06 -2.790644992681705610e-03 -2.906954680082649706e-03 2.752657745398870491e-04 3.000905096412650433e-04 1.609932326195119209e-03 1.219420128768781584e-03 1.716670183768867963e-03 2.041630573361197964e-05 5.908231674946061614e-04 -1.446730528454970776e-03 5.410432147428048677e-04 3.968187317693151137e-05 -1.493606659784880346e-03 6.877603062145301203e-05 1.392009440532502229e-03 2.338587383202961052e-04 3.061621675491572447e-03 -1.436988246772038071e-03 2.487585491154998348e-04 -1.346889435401463784e-03 1.169690018391967776e-03 -1.648845843816075301e-03 1.599018597414006730e-03 -2.611472374697121086e-03 2.780982934815631681e-04 5.621219161279072127e-04 -5.143228231468278261e-04 -4.678687075347690819e-04 4.871617588922797534e-04 -6.500034079075056690e-05 -1.315925175341883715e-03 -1.384692924059746123e-03 -3.939304926758883311e-04 -5.136312725941114161e-04 9.457952688914493967e-04 -1.379757917677203660e-03 -4.528160520107161373e-04 -1.323209541435594163e-04 -7.803179932366067746e-04 -8.731196264648591549e-04 2.121800429824732305e-04 8.241965657740274757e-04 -1.244892158228554980e-04 -9.016656693686508472e-04 -3.051252598330113385e-04 6.058493729705604616e-04 6.598605248575049658e-04 3.980989660248729378e-05 1.552815327888512381e-04 1.057211082755342250e-03 1.329041773423070044e-04 5.883133401304678749e-04 1.944434132609801325e-04 1.138664897307148675e-04 4.350266715778541783e-04 -3.763683851616831180e-04 6.015680034475440327e-04 2.417412119992536166e-04 3.462727507186837177e-05 -2.973009291741018261e-04 2.923303607940086436e-04 1.118514825517991074e-05 -3.936247600392565448e-04 4.100936071726201705e-04 2.074968591325523654e-04 -3.583145976383003104e-05
6.765200115681135537e-03 2.796891049767305515e-02 8.682844738980117008e-03 -5.989842388268242640e-03 1.672255407373660768e-02 7.754046678794650378e-03 6.383981353418458071e-03 7.399463553558782367e-03 -6.588350331179830717e-03 1.179040171933116304e-03 2.541100706922227483e-03 5.284795754963363427e-04 2.504823174936588424e-03 -4.776326341494129099e-04 2.573932139080754421e-03 2.384640777230733269e-03 1.128014344330184040e-03 6.070080231744545696e-04 -1.065549137837331012e-03 -1.795125122315130743e-03 7.132304677640585256e-04 -3.339678528461147703e-05 -9.403113274490335896e-04 8.009161496115707862e-04 -1.677631810997591306e-03 -3.775210920514664582e-04 1.222068919836899773e-03 2.418450050088521378e-03 -6.919351514147770599e-04 -2.321066104330938521e-03 -1.320518097531915829e-03 4.467120791475264439e-03 -2.807187256353619155e-04 1.389439023794187232e-03 -7.541774222580836145e-04 2.401374038897583461e-03 9.471348583331845594e-04 1.035558307144262722e-03 -1.455922608381837648e-03 7.361712871306538711e-04 -1.711712366514979769e-04 1.861343602944791646e-04 -3.601246797403121836e-04 2.847604819715379883e-04 1.626294790276930184e-03 -5.885836663870941052e-04 7.084416661603655605e-04 6.714606221844943807e-04 -1.490074479541667963e-03 -1.157484081432312356e-03 -1.945041322425965051e-03 -1.644295422214697277e-03 -5.528934895592407415e-04 2.540123909223062759e-03 1.890452221632826389e-03 -3.364293976485063542e-05 -4.208410016958614736e-04 8.905260472565557832e-05 2.921666578769714401e-04 -5.355553786096346150e-05 1.285387419671363014e-03 1.301692149653512040e-04 1.088229255342909596e-03 1.947639891877751047e-03 8.543464303927297517e-05 6.880792105109012147e-04 7.572164147550149551e-04 9.301944655314409025e-06 9.149506164087522608e-04 1.541028429135752166e-03 8.240030645922964822e-04 -1.827823931771531472e-04 -1.447613609075259770e-05 9.882292894695260139e-05 7.639046273779504089e-04 -4.145851364588814961e-04 -2.647805891768324261e-04 -3.032104500327822993e-04 -1.688665873435267256e-04 5.027613584958252630e-04 3.115322549626937509e-04 -1.089988711405946590e-03 3.273389582865331225e-04 4.382930785917986773e-04 -1.238707846621214890e-03 3.071274916041814916e-04 -3.816152529654673916e-04 7.014240308036551706e-04 4.193741698777292610e-04 1.089030907798947071e-03 6.279104853346398514e-04 7.792231552533035094e-06 -9.309873835405155186e-04 1.278930752855624367e-03 -5.884107173059323565e-04 -1.028974968487191910e-03 -7.715015543188328715e-04 -1.622433273082990630e-03 -2.825954472606122410e-04 7.438549932255738998e-04
9.668854919514496826e-02 3.043160845857813268e-02 -1.397190866842532887e-02 -3.315324537622969282e-03 1.454469088718865315e-02 7.024890892799076202e-04 1.582148795568146752e-03 3.586406820311957024e-04 -7.929041550318991285e-03 -2.284665258266183573e-03 6.554403903295322317e-04 1.826442895699252784e-03 -1.680044114139155704e-03 -3.993900254909555150e-03 1.716259903010744665e-03 -3.078386740801750360e-04 1.501254158804414974e-04 1.356020007776690848e-03 -3.385681141027519717e-03 -7.921166357009247786e-04 3.698351859112344528e-03 -3.260241885285126116e-03 4.021444417368913189e-04 -1.636745947877150031e-03 -4.479762732596001096e-04 -2.281428834618432367e-03 1.546529851415085182e-03 1.658968499298819985e-03 -1.450419849317618939e-03 1.404432539896738373e-03 1.395251071979607300e-03 1.057268114341500340e-03 1.185834169746342393e-03 -1.294731942639703844e-03 -1.393852901980851666e-03 -1.179109858656101750e-03 6.078014651876801045e-06 -1.467046870206024922e-03 -5.522327277490716654e-04 9.242923013155666338e-04 -1.084052356656075395e-03 2.001474422846004353e-03 8.868309076002364125e-04 4.487444494316258654e-04 1.104704994590466165e-03 7.618668159923038235e-04 -1.388999551472517094e-03 7.713315816884515211e-04 6.914153655680055745e-05 4.071604165844425584e-04 9.147698227503678987e-04 8.329007636647287006e-04 9.642692288732519681e-05 2.936666591444133030e-04 1.197444495550030463e-03 -1.385570868771014144e-04 4.516505394324263540e-04 1.948818342964458430e-03 -7.756858674160037413e-04 -5.216317505931456280e-04 -1.492304086010813884e-04 4.316122769550998807e-03 -1.333213317886134059e-03 -2.242613359578667694e-03 2.758863876901966258e-03 4.663337673205023124e-04 1.158692124336103274e-03 -5.406125295812927662e-04 1.233651568195489679e-03 1.211271623435989341e-03 -6.500439167411416544e-05 1.530373782704185772e-03 5.358213695275441078e-04 -5.880072957707744186e-05 6.923152880430720208e-04 -1.717052323902102783e-03 -1.621934192807237413e-03 1.235588048813554031e-03 -1.684245909339221990e-03 -1.876657702452268336e-03 -2.120102202143294085e-04 1.425828494842664319e-03 -1.113328345427754343e-03 -6.557107229469512138e-04 -5.141901805485242461e-04 -1.497108104379907961e-03 -1.379471702756022110e-05 -9.882916589691228409e-04 -8.753509147135903534e-04 -6.571850226891256608e-04 -2.758119396804937281e-04 -6.592865178842689734e-05 7.094153378620443552e-04 -7.792880104384265684e-05 -1.210492760518128776e-04 2.324342421734310255e-04 6.948244085793557059e-04 1.473285131455564275e-03 3.167934915018986975e-04 3.206267219407997877e-06
-5.088443037207653064e-02 1.978886812927778405e-02 1.594268692058337100e-02 5.712161771727627436e-03 9.172214140882014102e-03 8.362472557074033738e-03 7.873629311941255857e-03 4.582056127448132926e-03 -1.673205073312258916e-03 1.638284871970171683e-03 2.757429874700245871e-03 -1.810542994083485938e-03 4.438204199297805103e-03 -5.911468738990018502e-04 4.272727519211132023e-03 6.846900855696413848e-04 1.448062680954405237e-03 8.208749395303487854e-04 7.895857384065811972e-04 -3.838864466605993527e-04 -2.634333043212617499e-03 3.383887822910097189e-03 -5.675836322576135231e-05 1.744510098102790112e-03 3.996080582338399641e-05 5.694547883553206400e-04 1.727297969730631766e-03 2.125960008075401114e-03 -5.669442507674656018e-04 2.475280872594147062e-04 -1.452711884557726305e-03 1.559066837493611798e-03 -1.360432018426265465e-03 -8.001059691860376967e-04 8.897169534705502659e-04 -1.873604234007501649e-04 3.053505639274519041e-04 1.566616810970486353e-03 3.302757702229114833e-04 6.404499215202409407e-04 -9.526265964978448617e-04 -4.541192782949558262e-04 1.973634155237696290e-05 6.460561059479401954e-04 -1.256166487934789328e-03 6.426284998647895487e-04 6.277085576153075943e-04 2.997105231111691433e-04 1.091368626343882749e-05 -6.806661054314485835e-05 -9.862645219722390201e-04 -2.924462469503597635e-04 -9.056566935147993165e-04 4.346878970206272726e-04 -3.864159891067216906e-04 -2.383345100939313803e-04 1.812615325383374546e-04 -1.795814337116416774e-03 8.706416167148198519e-04 2.033611860445050173e-04 -1.053337811853524784e-04 -4.967752250408887828e-04 -2.595518382188273651e-04 -1.334474264721087272e-03 -4.859700343309985042e-04 4.554098814999151521e-04 8.574935878297786050e-06 -2.920292118655530610e-04 -3.337763948551083376e-04 -1.038898422657362762e-04 2.298100669580469327e-04 3.044765806741480101e-04 -6.986413598585705220e-04 -6.690109311774164718e-04 5.217792568041331814e-04 4.200672651647105506e-06 -1.394088882418917158e-03 9.340838486304138197e-04 -8.317766181239760487e-04 1.091909019883045796e-03 2.036758233994712770e-04 1.680350806743945245e-03 1.188541073859131068e-04 1.290338415956827824e-03 -3.653473253341102075e-04 -1.471872685375484656e-04 9.002947092566322088e-04 -1.055865557828546825e-03 3.882544885642868321e-04 -2.081030215105303188e-04 2.969103212575038907e-04 7.908331514644774711e-04 -1.365830371454415139e-03 -5.611419769994886080e-04 -1.265913553962109712e-03 -2.362840160643200839e-04 1.231347708738934768e-03 -3.357999929556264285e-04 2.533916007486580139e-04 -7.744734759038453265e-04
1.250874674205650593e-02 1.895725555550255292e-02 -2.201221822535434636e-02 3.554746631062711106e-04 2.110028695040493465e-02 -5.532853090787445173e-03 1.095065116188270260e-03 2.979176382239678324e-03 -9.413544257663281588e-04 -2.922459069029910775e-03 2.826243507658900578e-03 1.556099398774588027e-03 -3.814611237764552274e-03 -3.295541961809536884e-03 -1.769594635632599870e-05 3.218603199906887920e-03 2.555707250161613590e-03 2.900164117070475056e-03 2.716460005900843584e-04 -2.886488448890558176e-04 -2.482829569317189511e-03 -3.908432955517232056e-03 -7.265559552446372278e-04 -9.847923009651371028e-04 -1.368742257391793692e-03 -6.010681374834464605e-04 -1.033729915643960768e-03 2.073737211643483531e-03 1.585924848158713838e-04 4.011413069628758945e-04 1.297254067665193616e-04 -2.688323622497023387e-03 1.166477861489029384e-03 -1.467744884109777785e-03 9.009005229446241788e-04 -3.111709031493210538e-04 1.435121983667053984e-03 -1.086845096568475567e-03 -2.649123116566630493e-05 -1.803966350611430026e-03 -1.694952233945540244e-03 -6.851896134957101816e-04 -2.847073262954973212e-03 -7.771775804633119546e-04 -1.431630388004454663e-03 1.586251432471137896e-04 1.051053365291912747e-03 -1.137985540406893708e-03 -4.681248007728762233e-04 -1.085050709271009927e-03 -1.522741337143314550e-03 1.420963129839025729e-03 3.799475147760094165e-04 1.201879307687461979e-03 5.942631621048795809e-04 1.441136058490297871e-03 -6.965572712298326395e-04 3.618477137238524950e-03 -1.094661131282250940e-03 5.385053032046188508e-04 1.769159119749829159e-03 5.029931948567679554e-04 5.565756747314142038e-04 -1.717308521459858872e-03 -8.537868299626754504e-04 1.491831564366015829e-03 -1.888866706488154983e-03 -4.438273918826550067e-04 2.035802403316954617e-04 -8.547349891937180456e-04 3.320029995022504119e-04 -8.487873804992639767e-04 -5.477829384349084979e-05 -2.375578864592995439e-03 1.164204413226716797e-03 -1.249492659352499353e-04 8.098761208912726422e-04 4.232107505905793095e-04 2.306483339677379337e-03 8.689133556523684701e-04 8.709761670263649379e-04 2.321518233997100621e-04 1.571405974887515660e-04 -1.201420978671722791e-03 1.418812805606466500e-03 6.490982417601887707e-04 2.582202110764644982e-04 -7.969640935532465247e-05 -7.355908428165194250e-04 6.625940196778219455e-04 -1.333133519526088617e-03 -8.917786998538751279e-04 -6.346862942764894353e-04 -6.074210852980376461e-04 -8.239102893938725445e-04 4.438005082482927356e-04 -2.241412626770680793e-04 -1.864034908228497816e-04 -1.939078361496600209e-05 -4.302066535305044465e-05
-2.494986957695576523e-04 2.067230422149573393e-02 -2.775279352035090949e-02 1.524701228928679840e-02 9.546802837609889500e-03 -2.903798722002031481e-03 8.138500667200905279e-06 8.152274381929251398e-03 -2.602637670654530579e-05 1.006342519856305486e-03 -4.409678637801390036e-03 1.713736673978881377e-03 -4.880294550645853865e-03 -1.061820468439851574e-03 6.817933603683718445e-04 7.703045480064474879e-04 1.992123154812790783e-03 1.550532653985084918e-03 1.529995214583209197e-03 -1.275660979166195899e-03 -1.816718602285249170e-03 1.574843986682975157e-03 1.278305230074075873e-03 -1.645195847423946891e-03 8.363785758714549403e-04 -2.120329988761330848e-03 1.566963527431811760e-03 -2.063107396182544025e-03 -1.526403267123344022e-03 -9.824754848895371473e-05 -9.510430554714293652e-04 -1.492118491336877611e-03 1.279248251791598829e-03 -3.082963254181480314e-03 -9.443870495794275685e-04 2.376490385379190131e-03 -1.080427443713651665e-03 3.080060163967936800e-03 -3.995500756756580497e-04 5.626625209529989612e-04 2.091214501926329586e-03 -6.686593486211014382e-04 -8.649737972010172228e-04 -9.423839399096925907e-05 5.299489221654008191e-04 -2.156522468080692388e-03 3.706820743474506671e-04 -1.921350840082468271e-03 -1.433807796695915670e-03 1.413742059381064577e-04 -1.136457915716617122e-03 1.319499390673667481e-03 1.815682825151157358e-03 5.094484638919763919e-04 1.383854064825111325e-03 -5.598136628898102516e-04 -8.285397129647958069e-05 -8.085852034638507050e-04 -9.612508219370628727e-04 7.995491247248592229e-04 2.078381531037061026e-04 -2.194480518628357663e-04 -1.659656720418548406e-03 1.626198907312609949e-03 -8.687232121484528410e-04 1.778478817912658395e-04 2.771216942457183866e-04 1.341731468943387897e-03 -9.366126987450572273e-04 -7.758815892247409056e-04 -5.429793276937618486e-04 8.982199742791527027e-04 3.194836593171422406e-04 -7.583811516809749924e-04 1.225998588674977749e-03 -1.998063766395473677e-04 1.936485935640596247e-04 4.720778348923957237e-04 2.803021297344956758e-04 -2.577095758260959614e-04 4.574653657597188973e-04 6.841293243792616872e-05 -7.322432075574809027e-04 -1.288964052664750681e-03 -7.010123724701613587e-06 2.664278186517061262e-05 -1.548565925413700650e-04 2.165412018088689857e-04 -2.446594340230861782e-04 3.435668490166468190e-04 -2.031601578278673114e-04 1.479854977789049283e-04 2.702527625280992164e-04 1.053765821974777704e-04 -2.890183842327169223e-04 -1.219495253131518261e-03 4.925826727726269501e-05 -1.839947760160754418e-04 3.036347298571183596e-05 -2.975723206772205799e-04
-6.013928939441951643e-02 6.223440927644128401e-03 -2.860704547774453252e-02 -3.529259729771612366e-03 1.835775740896888322e-03 -5.223088926824809471e-03 4.717841045426386139e-03 -1.566038635930001757e-04 5.233931894180570560e-03 3.683656446437246108e-03 -2.726759404355931157e-03 -2.887979149768600019e-03 -4.815575022514396813e-04 1.134435369127643209e-03 1.807326311307737125e-03 -1.504197034051477869e-03 -1.466395553820522973e-03 3.336581689481699846e-04 3.186557338442747261e-04 -2.634714988222088927e-04 -2.093356710317027629e-03 -1.227191630432961566e-03 1.738337946538302337e-03 -1.476450877559893921e-04 -5.809329154823685568e-04 -1.250151902892402518e-04 -9.753513793128295792e-04 2.699098763034983323e-04 -5.085269970276976286e-04 -6.373336542591760429e-04 1.765313251540159771e-05 1.387745548767597894e-03 -5.400913448129365888e-04 2.643518522954001800e-03 1.896503082014485222e-04 1.379382984181112869e-04 -2.106703748376549667e-03 -1.126167766459761728e-03 -3.606150660123878327e-04 6.886640222634395373e-04 3.173866998483595081e-04 -3.222225189571927494e-04 -7.159529958157994278e-05 -6.596941712804712003e-04 1.808008349668109734e-04 3.564623184796319793e-04 5.680359219459760970e-04 -1.048328609379182893e-04 7.181912027085728773e-04 3.067716433547374930e-04 -2.368433565232765407e-04 -1.142545565817608037e-04 2.306786031622403983e-04 2.183228325889019711e-04 -1.238768844817080992e-03 1.514537118211274744e-04 5.887649202031990293e-05 1.299208485808660328e-04 7.112790113538673816e-04 -3.865701431322411197e-04 3.441428349452248562e-04 2.001952816422429646e-04 -4.075991996505567462e-04 3.799614699177965727e-04 5.644986671352243170e-04 7.167432118839117206e-04 1.255774815262210851e-04 1.852025667849910718e-04 4.085964889095991147e-04 -8.836033500245978783e-05 1.282751827987026487e-04 2.025579477224210949e-04 -5.286130358844010708e-04 -8.081218722455908287e-05 8.709964176639203357e-06 4.421276497120295725e-06 -1.271859317372722254e-04 1.429589418677927116e-04 4.174410861753633710e-05 2.864863425942596234e-04 4.018636862102451727e-04 -1.241084758030340725e-05 -8.148266309627822876e-04 3.481388635287366415e-04 3.742244979307685440e-04 -9.776838834833679497e-05 4.760811711548500967e-05 -2.516996014598694618e-04 3.416430443062717947e-04 4.786246725918987649e-04 2.112251621683879825e-04 -1.753643053556061266e-04 -5.252667856152123515e-04 -3.256669679369315700e-04 -2.145539566814284912e-05 4.429945924377926654e-04 2.806241685451909759e-04 -3.961656544082291568e-05 -4.048234202012816036e-04 -1.154619373847473905e-04
2.522875822644945684e-02 2.278526107121201655e-02 -2.605843851814108186e-02 1.441605695210646833e-02 2.549283352166149385e-03 -9.891268499794087996e-03 -1.890023731337864841e-03 9.198103872454550453e-03 -2.540605238284859325e-03 4.415480381873373474e-03 -5.372827888665440872e-03 1.522019982403495953e-04 -3.483736441571776404e-03 -1.595679299316875993e-03 -3.073311569297710872e-04 1.357200245849191295e-03 3.592524470639356306e-04 1.322521834073042083e-03 9.371335569921800676e-05 -4.858093711227328836e-04 5.731721665209762008e-04 -2.071757997959098197e-04 9.738231081155892524e-04 1.055394873101784528e-03 3.367453010027231827e-04 -3.345267699015685471e-03 -9.058442937394454693e-05 -2.593794775862562092e-03 -6.597098525631895022e-04 6.409805517536702919e-04 -3.667953149881181225e-05 8.621378798402347290e-05 9.027116408280008502e-04 -7.790074366114636351e-04 2.167210287187400740e-03 2.023598608150113318e-03 3.020296325095046374e-03 2.274189781989172446e-03 4.983096182199152720e-05 5.629920908960157639e-04 1.075868305656468892e-03 -1.818284323481368083e-03 -4.788835571825303004e-04 9.681246877695074728e-04 -1.270077403956716483e-03 6.455450572335503373e-04 1.363203169508417183e-03 -1.342773943167314770e-04 -1.264305959057263583e-03 6.529352418587692271e-04 1.243184032796828663e-03 2.015510304830795459e-03 1.548813895669129859e-04 -6.572800421112450419e-04 3.699821559780375700e-05 7.438711853381006680e-04 4.259244397214872595e-05 1.405388498147070722e-03 1.710656024270037654e-03 5.092433655822344507e-04 -1.428074053096144765e-03 9.178578631941828030e-04 -1.793454580648155524e-03 1.201801698867678960e-03 6.034801608208417668e-05 1.665194407689084581e-03 7.106960711480261915e-04 -8.194051783306128016e-04 -8.484261991409860343e-04 1.091749280533705843e-04 -1.614194671496704489e-04 -2.001427009329151397e-04 2.268161816066139019e-03 -1.533031088518243970e-03 -1.668900653765328186e-03 -5.289361630628867396e-05 1.038069855671291307e-04 6.827560111785997872e-04 1.719795222454237630e-03 -8.342313303353118955e-04 -1.364819748053183604e-03 -1.062611078098140349e-03 1.837226798682119536e-03 1.513372679002874350e-03 7.475505405746889990e-04 -8.969064425604742104e-04 -6.358309700554657393e-04 2.730305138665675875e-03 1.589831259699947194e-03 1.504181245723630676e-04 -1.641202023340233363e-05 1.047212932013011745e-03 1.285056998491927943e-03 -1.497257309751178368e-03 1.065365434452275237e-04 -2.968619175260353571e-03 3.458637726920481682e-04 -1.646681614848114796e-03 2.990157511089795066e-04 1.118941894526307443e-03
-1.502050703580064608e-02 2.261413953295357201e-02 1.694137459408694840e-02 -1.147060929846798090e-02 1.569504319573993001e-02 7.730399723662813478e-03 4.448761590136013702e-03 9.674919851936724866e-03 -6.087158925891570510e-03 8.430767841840560188e-04 4.742342580232371783e-03 7.651483418767069571e-04 2.332870945204909910e-03 2.716948356345037091e-03 4.097393065471187888e-03 2.030007393711236261e-03 -1.965810289254067277e-04 -1.358036035411329433e-03 1.068876396000483344e-03 -9.440744208320974015e-04 1.250508581855725929e-03 2.291055900380470429e-05 -6.097234649525613186e-04 7.537597289796739387e-04 -4.939175161510643477e-04 -3.397231022787928567e-04 1.158407002279992354e-03 2.715477863443733648e-05 -4.171680938700603669e-04 -1.326124783200504807e-03 -1.614367503466046429e-03 2.499596687280893851e-03 -1.415371215250644469e-03 1.316297075983448176e-03 -6.248951095961468140e-04 1.586107770934485749e-03 1.513201641023709633e-03 1.915157539108017790e-03 -8.984146900157867445e-04 8.062139055288117251e-04 7.879565183972413959e-04 -8.247892463367727375e-04 1.060012969457756200e-05 5.960753053465098509e-04 3.533897171670843593e-04 -1.084689035232176127e-03 4.205468734456017021e-04 -4.806928927605271375e-05 -7.509353390554431105e-04 -1.417753767887061558e-03 -5.523775279602251807e-04 -1.296347331089571552e-03 8.543859542735584883e-05 7.930798322286285954e-04 3.927158262744692929e-05 3.660585272063255767e-04 -6.868197542387029318e-04 -2.955758434384360791e-04 1.399017808148880293e-03 5.133227633259036544e-04 -1.787905755158946666e-04 -2.427064298819111589e-04 1.061794566988456638e-03 1.331191387655085998e-03 -7.845255824807307503e-04 2.893396831233850100e-04 -3.908291162981391773e-04 -2.080912416475770945e-04 -2.651855730218817650e-04 1.682660843605854545e-03 1.517816591494164803e-03 -1.057694100772537532e-03 1.936109256938270667e-03 -6.339527305215298964e-04 -1.062727854994331862e-04 -2.614381875211432664e-04 7.178247905206223143e-04 -1.557776832658363891e-04 1.458433271931417786e-03 -5.525147540675403321e-04 -1.696514973396805528e-04 6.996066865759066654e-04 -9.712259374093578593e-04 -1.181883565358646943e-03 8.408874216070037723e-04 -6.932319258708819062e-04 -3.218805581748204118e-04 5.132785431397767937e-04 -1.356053212868894462e-03 2.940050131894615822e-04 -1.342884765216022735e-04 -1.126713277315845958e-03 7.190646455697860496e-04 7.934913724499177050e-04 1.435245122685320594e-03 4.894641683411701067e-04 -5.538917242192483258e-06 1.132980879999185295e-03 -3.296186804443455094e-04 3.104947737089552607e-05
-5.102453841599684931e-02 6.939521218405118354e-03 2.283478200566442171e-02 -6.059772564687766760e-03 1.862493924173161397e-02 5.401777094394481782e-03 -2.659129433824318142e-03 3.533461168271679904e-03 -1.201070690540374927e-03 -3.032712293663433756e-03 2.550559505403587456e-03 5.330892476648634894e-04 2.659466089571772395e-03 5.233121992044467707e-03 8.588642988486316953e-04 1.632966511817889087e-03 -3.248960407032712178e-03 -6.662615930108919341e-04 2.941681045550178890e-03 9.305874348645726008e-04 -1.680548274545677016e-03 8.727761914896130322e-04 5.791668797711158664e-04 6.306515186305160052e-04 -5.751986023321428124e-05 1.155691516571651914e-03 3.470540382199513072e-04 -1.527760007097191293e-03 7.003386005260271285e-04 1.360174538986382074e-04 -6.735151166087325085e-04 -1.198460820410957202e-03 -7.304377772452007225e-04 -6.777623865073453824e-04 9.311451466205255927e-04 -3.930924996704782213e-04 -4.852004302734866836e-04 1.141359690697338388e-06 1.185830714185279623e-03 9.827368868585218461e-04 1.081346398078909582e-04 -5.111515483592676606e-04 5.315225809692375458e-04 1.326830496926676003e-03 -1.496730873728856779e-03 7.718931539129820271e-04 5.511256413358120053e-04 -1.889166985909034328e-04 5.761996417775634965e-04 -3.360926241486008790e-04 9.812183612117494587e-05 -2.757942098689649215e-04 -3.935840580832026267e-04 1.126392750740427004e-03 -6.141329401685945415e-04 -4.996990712236450382e-05 6.004106814994301369e-04 2.250008206089218184e-04 -1.548850498837414571e-04 7.901637063008492179e-05 -1.400206945065685408e-03 -9.762686051106677070e-05 -2.736487860492852115e-04 -8.866064101114491018e-04 -5.859730781237007004e-04 9.423143490365997301e-05 -1.400145688906756306e-05 -8.021447239800249878e-04 1.095607550960422429e-03 -4.465609764152548905e-04 -7.068114021157165987e-04 5.316706286088824325e-04 -6.433150258660354313e-04 -9.811803389137918954e-04 3.543666890394708813e-04 2.828355961059231933e-04 -1.001346958630441484e-03 1.055621121791519004e-03 -5.321279422658329282e-04 5.229940433244703547e-04 2.696817804362968817e-04 9.307129053434519969e-04 -2.120202846761049746e-04 1.300958227514578203e-03 -5.339680954497341703e-04 2.303376417627167269e-04 -9.938034287079547684e-05 -2.975318042669385511e-04 2.985147420555531758e-04 3.727866981832158363e-04 -5.498455074539500406e-04 9.944621566507288676e-05 -9.745806135898105356e-04 -1.528195607805381642e-04 -1.005197936764365939e-03 -8.414625969126590188e-04 4.910046871815558706e-04 -7.890554276573336859e-04 3.720180876721881414e-04 -4.301333492983703080e-04
8.019110023675996013e-02 3.317023663870202754e-02 -1.858855427500958647e-03 3.294958619868761096e-03 2.645491311441868637e-03 -8.391208097780726918e-03 -8.061258255718661489e-03 1.284229723349694478e-02 -4.538794984709289444e-03 2.044923843857232061e-03 -1.753909017186339701e-03 2.783067226607851153e-03 -3.606240632290702575e-03 -2.890693546197049563e-03 1.878115007348740186e-03 -5.692587702523660160e-04 1.880272476424964473e-03 -1.592266523628945764e-04 -1.790174812256265348e-03 4.031289013812088700e-04 3.521040708653065936e-03 -1.257196230742958299e-03 -3.807267399542950078e-04 -2.281647462268106968e-04 4.713838773374369462e-03 -2.180456720706117502e-03 8.554506183592442380e-04 -1.678348089206906481e-03 1.517449621963376126e-03 1.161350672479791429e-04 2.602387524871308151e-03 2.316095482923633160e-03 -2.478137428894235279e-04 1.363890487218467049e-04 2.485744752410133131e-03 -4.332111240695098978e-05 -1.439993667972907978e-04 -7.330573660290632450e-04 6.094639575724454658e-04 5.522943810234236359e-05 -2.407031104315451690e-03 -5.678010156799291911e-04 5.313684612106179270e-04 -1.540229183573004618e-03 -1.689614150303454885e-03 4.203358398025222619e-04 4.008440565880818491e-04 4.433818208590279423e-05 -1.689459557196196660e-03 -1.271123658143016952e-03 -3.221376038498341855e-04 -1.107073028827540483e-03 2.133988348639003212e-04 5.114150453227130121e-04 6.440958201142514853e-04 1.083677240947516834e-03 -5.912395186928879253e-04 -6.502441035347677990e-04 -1.140223643130945305e-03 -2.323060919149118675e-05 7.801789872605639602e-04 1.169882083040813122e-04 3.539606875902343757e-04 2.211311696935970399e-03 7.094092068226121343e-04 -1.590527881749830268e-03 1.293372159702191240e-03 -1.206064534915364571e-03 7.024508439036373716e-04 9.324630172030585508e-04 9.833418519740709258e-04 -4.279542192083856311e-04 -1.444002177949991333e-03 2.074326196403141723e-04 -1.865289885292500775e-03 -7.866208850684607142e-04 7.367733276000455354e-04 2.457479343081755106e-03 -3.644116259865422562e-04 1.425536044313946860e-03 6.783966551217336096e-04 1.170016719036186346e-03 2.132728044779963993e-03 2.890336654943303878e-04 1.447559684091988307e-03 -1.296690651353877167e-03 1.570629091911322122e-03 1.451058153061123913e-04 -1.794143736712132484e-03 -1.540452034819699088e-03 7.767426590829386952e-04 1.800195811072185907e-04 -9.033952081483204990e-04 1.352437992194047741e-04 -4.712318215694715948e-04 2.225503003309889892e-03 -1.303475140980050670e-03 -4.757212623971844465e-05 1.084176206742119147e-03 -4.717401049455254751e-04
4.263944880024486683e-02 1.893554592016581661e-02 -2.176643182015057867e-02 2.296969156546409957e-02 -5.759202835960398718e-03 -8.694823821063055180e-03 -7.535390515950222967e-03 1.482679081317672502e-02 -3.750338131325314101e-03 4.715989167901219262e-03 -3.716622304175591987e-03 2.275661936270935621e-04 -3.690193518136574476e-03 -6.871579623736255409e-04 -3.638797820727509647e-04 1.487287886823108552e-03 2.284355113346719663e-03 -6.436503756773055132e-04 -9.438291500258794479e-05 4.017992966922301844e-04 2.483313876705657303e-03 1.441550762214755931e-03 1.441402847020848907e-03 2.083596821278021344e-03 -1.371736213742817364e-04 -3.066387807238513293e-03 -1.819138047828415799e-03 -8.935188446000780736e-04 -5.908807569061986413e-04 -1.603686905044403083e-04 1.021360230170173305e-03 7.877202260315801716e-05 -4.616558109736913014e-04 -5.284642071724332622e-04 1.765019031041087502e-03 2.134356674338573710e-03 4.203444014759043570e-03 1.990204632776746991e-03 3.398498473502509937e-06 7.705207586286053718e-04 1.366438719931175206e-03 -1.522745699679364188e-03 -3.116442000179984475e-04 1.100642797479236710e-03 -7.184040192681731725e-04 2.749335212436002486e-04 4.017694489761891238e-03 -6.619995712023078131e-04 -7.757487262771089152e-04 1.653779326418043606e-04 3.116203113203382113e-03 1.819403661243975193e-03 9.712806543264832252e-04 -6.814578892043153275e-04 8.907794714195341234e-04 8.535545544989311126e-04 -1.635853623856635235e-04 2.248575075814377019e-04 2.060252171004122750e-06 5.523874371168261289e-04 -1.491908968495788248e-03 8.003683007102391038e-05 1.007559641763497047e-03 -1.271985725208507178e-03 1.613726850372014022e-04 -1.233547043997988913e-05 -1.209876424625386259e-04 -9.483711647167787813e-04 4.865746849307169409e-04 4.754295921454690290e-04 5.343749140631665236e-04 -4.764681039319182670e-04 -8.792534062610759746e-04 1.885625657326262146e-03 3.287167133997603830e-04 -5.458091156028248032e-04 1.159527416324893870e-03 -1.642794361038743762e-03 -7.563216308223696125e-04 1.064043278773484742e-03 -5.421456409217171278e-04 3.577628787417019298e-04 -1.981805473116647100e-03 7.959620628157941177e-04 -1.944002100716585909e-03 -3.865699259794118186e-05 -7.649789598385596599e-05 -2.427957341829774295e-04 -8.608612675058966487e-04 -4.481184770176169295e-04 6.854002378167084551e-04 -1.336812828152897381e-04 -3.666011853690027359e-04 1.055183802264147161e-03 5.473883963278940038e-04 -2.129712123931648820e-04 1.228811346268151965e-03 1.338013186689859194e-03 -2.765734986631643191e-04 -8.101347904068516292e-04
1.329355751034661803e-01 1.204337524425215175e-02 -8.780190856616182718e-03 1.563552789085891764e-02 -1.686974118139646225e-03 -1.238640785435081611e-02 -8.450558743033378256e-03 7.720618035181550654e-03 4.788485540798453530e-04 -3.451940202324679709e-03 -1.251091067379715271e-03 -3.028947538038093829e-03 1.380674371083808784e-03 -1.582817061204918989e-03 1.753725802434913036e-03 -2.732603288846050058e-03 -8.633955397767270959e-04 -2.468590818739358535e-03 -1.508181712221918092e-03 1.031269865720215074e-04 2.775559746721040395e-03 4.466639281252907903e-04 5.960862137587371766e-04 2.749854692517642984e-03 2.607853625655055362e-03 -1.591867386091232834e-03 1.259591580311934366e-03 6.664980409734348916e-04 -3.399823745494942422e-04 -1.452539084935650180e-03 -6.467655800615964581e-05 2.203748339114141881e-03 -1.465931035145959889e-03 -1.213796548860244015e-04 3.334359821046944391e-05 -1.337655425186312034e-03 1.787734619984367905e-03 -1.157184534504535588e-03 -3.503973218611548747e-04 -2.144145727876584171e-03 1.131140761336488741e-03 -1.332267474030689094e-03 -3.399735751170394335e-05 7.105370514850907308e-04 -1.340116844079830040e-03 2.079072720689918068e-04 -7.336591439839654878e-04 1.245493459505373065e-03 1.033864585872222271e-03 5.753731292677710836e-04 9.971093943834136598e-04 -3.143792546708458740e-04 9.841955137340739363e-04 1.688714786348038347e-03 -1.712980679010603293e-04 9.208410859213061366e-04 2.516055708324384937e-03 1.712558685722364400e-03 -1.934339727379483123e-04 1.497937409759790138e-04 1.373243581897702452e-03 -1.270644843520014281e-03 -9.088501776172416618e-04 1.501040992637611086e-04 -2.096531726968694012e-03 1.399433939808848748e-04 -2.457786657288813653e-03 1.044566850836342814e-03 1.596912811457129925e-04 -6.919874509268412500e-04 4.592085545981795672e-04 1.415521379006957209e-03 1.441632404034961503e-03 7.863468507701255146e-04 -1.785290440789866879e-04 5.660579467170526440e-04 -2.316089074061134304e-03 -1.568976733447835590e-03 -1.342692622948545977e-03 -2.669958288942234559e-04 -1.402679140202905972e-04 -1.561789617220936096e-03 1.705397146851898469e-03 -7.403999698210150370e-04 9.639876920804611076e-04 5.479523323189869864e-04 5.777050361921412698e-04 -2.178555485514223865e-03 1.160475257123858017e-03 -7.790503743249135036e-04 -1.418431963855967641e-03 -1.058617604960268490e-03 -7.203754404204259186e-04 2.095178531050765919e-03 1.312154369587425823e-03 1.311269882050211839e-03 1.707196485811296590e-03 -5.467824368972567595e-04 6.756513841695292906e-04 -5.058457377738130633e-04
1.176179623481459213e-01 3.866112438893858777e-02 -1.315565431656526112e-02 1.577188997717864777e-02 7.181319549616252060e-03 -5.134868282372585281e-03 -1.133083721171677417e-02 6.506461302435086365e-04 -4.467288184557428182e-03 -5.150610572983195523e-03 -1.564591993268656285e-03 2.093210519462277742e-03 -3.872852921084716290e-03 -3.329248231949170737e-03 3.281843755656947605e-03 -1.691147912504078858e-03 7.344233660264984972e-04 -9.323443996076293927e-05 -1.056499195349588308e-03 -6.747506108356167908e-04 2.913718501415991664e-03 -2.899901661521857126e-04 1.161580632327675194e-03 1.259197662086858089e-03 2.294697985023240981e-03 5.487057307863930141e-04 2.275930282448605964e-03 1.314590800733792886e-03 -9.439882745064661577e-04 -1.004593279174724159e-03 8.364921919801756667e-04 1.905428381012952118e-03 -3.447010864809150316e-04 -1.922869826615922206e-03 -1.590791188039415455e-03 -3.379194748548947731e-04 -2.363579943826555306e-03 -2.540219102451223097e-03 -8.979128790240465362e-04 -1.042199044045541493e-04 9.169660761692190328e-05 2.569530840981841448e-03 -2.153415849342592021e-04 1.078113058977251586e-03 -1.776576381913352919e-05 7.005667996301560493e-04 4.725570608463633030e-05 5.449781902604432498e-04 2.296710215629321240e-03 -2.594876450424296686e-03 -9.883101882086017548e-04 -3.532540425645887923e-05 -9.975918838469296016e-04 -1.315093107495457557e-04 -1.226021026753536551e-03 2.038206201064491751e-03 7.058566244460914461e-04 5.724088734648906656e-05 7.452293166229726623e-04 1.667070036348557291e-03 -2.339722378112573178e-03 -1.544838461388013933e-03 9.141940602167306995e-04 -3.074049585059234705e-03 1.308278391843692217e-03 7.716975228473929929e-04 3.386073504059551934e-05 1.086408446575580847e-03 9.691523720118003053e-04 9.712260058316317824e-04 -2.746270609253920083e-04 7.981517351928362793e-04 1.254086832053430021e-03 9.614780329160018324e-04 -2.976291366672630893e-03 2.392348548411780756e-04 1.303413457007972925e-03 -9.956021758831649655e-04 -8.805001692309818648e-04 -3.072420184933800555e-04 -1.411862212477742054e-03 -4.258034369845723767e-04 -3.720076892530196130e-04 -9.446331780270441226e-04 4.236821271821118338e-04 1.704258663399493921e-03 5.369100461175324622e-04 1.250310398138005557e-03 1.010796906668925705e-03 5.977520371935708199e-04 2.892442216152973184e-04 1.112288538961072017e-06 1.065234935283365891e-04 1.698278024854435464e-04 -3.441336781895754549e-04 5.624125165988863714e-04 4.172794833378108562e-04 2.046586642675987222e-04 -1.526946292764066841e-04 -1.070631400103940134e-04
1.983427121732248832e-01 3.284135749029300222e-02 6.362337491467660866e-03 -6.593407626856370978e-04 -9.891192014611843025e-03 -2.255026063108586751e-03 -1.141581756393317271e-02 -8.103094710187361965e-03 4.854133461842791500e-03 -4.062390889924921873e-03 2.870427045554568412e-03 -2.171930512970135854e-03 -6.376144426486312885e-04 -1.064799035462992089e-03 3.755325159880172365e-03 -2.896657089427486648e-03 -7.300566648161247634e-04 1.196703103890453448e-03 1.863546687677633366e-03 1.844197938494841196e-03 -2.864080623351856645e-04 -9.810954998656794181e-04 -2.318623371189367129e-03 1.508786399950282336e-04 -2.391139460527798430e-04 5.075568964553561942e-03 7.398832863447543759e-05 1.070849824094196088e-04 -5.906739511181473496e-04 -2.474137966355334571e-04 -3.581738867594852190e-04 9.384251408059807002e-04 5.389689874581172482e-04 5.894523163502568292e-04 7.388113992773059045e-04 -5.543917534475454548e-04 -1.489987628799119236e-03 2.311174353793576074e-03 -1.461517850589357263e-03 1.808679648340977904e-04 5.095442588172287290e-05 2.156610976648400493e-04 1.650339736666583707e-04 1.129297120420228936e-04 -9.606281028542703942e-04 -9.074411835913847582e-04 4.848024886118868968e-04 -4.582570592300558646e-04 5.528499139286540071e-04 1.210647626708084108e-03 3.424031330358044537e-04 3.303946750814581502e-04 2.290983651075339763e-04 -3.547446463225544671e-05 -1.226659306400804800e-04 -7.251986706370433804e-05 1.699014639297889522e-04 -1.112343502733114536e-04 6.169000450715459750e-04 -3.219142871990055932e-04 2.113950147947620591e-04 8.077974988172167709e-04 1.747248443179694839e-03 1.483883593516817693e-04 -2.345850643122299845e-04 1.451949119179203737e-03 4.496399144476841830e-04 3.769768640872012090e-05 -5.934705390774335388e-04 3.996322965689163686e-04 1.012439821769525652e-03 6.651010097197420203e-04 -4.070343602998957328e-04 -4.208234116468935124e-04 6.534482099414072988e-04 1.548781489396307276e-03 4.626410054885989054e-05 -3.804192586929958081e-05 1.441132583062589717e-04 8.540465085746060277e-05 -3.542369258694797319e-05 -5.325735790492642108e-04 -9.061931191630421883e-04 4.389040835974834256e-04 -1.024805080042252826e-04 2.508277581157660895e-04 -2.249311534364917481e-04 -5.647805647343942005e-05 -7.731504779573781388e-05 -4.050612383035863536e-04 6.367912476186829626e-06 1.134532182127809740e-03 5.737720501004431707e-04 -2.608985664565334484e-04 4.635182995223512603e-04 -2.386000372850574191e-04 -4.729603520354224854e-04 -7.354456314673800572e-04 -5.243796023367627715e-05 -9.244968128274276727e-05
4.829594314350883072e-02 -2.305321912129150094e-02 1.096758723807103597e-02 -2.629053270799174002e-03 2.027432255486727453e-02 -2.327000712293604209e-02 -3.047497218727219636e-03 -1.172535240471634732e-03 7.252393797863234022e-03 1.478114952494396063e-03 2.446188150866427605e-04 -5.050005790054371523e-04 2.867093901219600928e-03 -2.670022394795909700e-03 -1.572620209008261920e-03 -2.482330053582063739e-03 1.294821588311474876e-03 4.199364433416369335e-03 -1.819673142790183057e-03 9.181161849082693227e-04 2.517710036670300737e-03 1.008327159946292590e-03 -6.288737144030421026e-04 3.084204868988605144e-03 1.951367621532779746e-03 5.260042181504072985e-04 -3.206431867825596579e-03 -1.895599640633973369e-03 -8.931417010723830549e-04 3.853986022626993053e-04 1.977264822443252669e-03 1.420580868842713116e-03 -9.505184840599635761e-05 -1.580170040809996594e-04 -2.691940584360607517e-03 2.369027659373077084e-03 -3.967811640084800771e-05 -1.442315265489347307e-03 2.845175062880162583e-04 9.718466615402122097e-04 2.577896469373945187e-03 -1.146579801863722775e-03 -9.935270017135541202e-04 -1.215876584340317736e-03 8.477973004377083090e-04 2.554299979725572914e-04 3.756542440028490183e-04 -2.893711494443872330e-03 -8.396184492363795247e-04 -5.662135742282009944e-04 -9.812318239689600628e-04 2.248444702469841027e-03 -3.852194002001658145e-03 -4.700498476477293360e-05 8.541574586637305051e-04 -1.982891726678652228e-03 2.195187914835064827e-03 3.689730293883898668e-04 8.357630594894937355e-04 1.886167969992543544e-03 3.009059177972255982e-03 9.408394298893748122e-04 1.277737612990778289e-03 1.184442287302431805e-03 5.298535733693975850e-04 -2.856751436423881664e-03 -2.213362266650048798e-03 7.972385968412245812e-04 -1.627180600492828845e-03 2.062147246612587408e-03 -7.904665244843610836e-04 1.645234523866608706e-03 -1.339540198586027788e-03 -7.615592143453883125e-04 -3.107204907199617207e-03 -7.213678788532139384e-04 -7.078533205703914540e-04 -1.956658411108990608e-03 1.639270167819899433e-03 -7.284272648332617900e-04 2.022672818605767038e-03 2.719991739488770294e-03 2.249904089516143683e-03 1.103424260794886756e-03 -6.200938536907367547e-04 2.841388574369492753e-03 1.206328602373070913e-03 -1.018446574177104625e-03 -8.164602317213266692e-04 1.392459586494269571e-03 4.230186547879438578e-04 7.463026310188893876e-04 -9.734554795726751606e-05 -9.082246899646170260e-04 1.619549212082777414e-03 -1.267331523743816125e-03 -2.432387809535879622e-04 2.619786112864437230e-03 7.360548014630783958e-04 -4.622262581591694321e-04
1.625918746848948049e-01 2.633734735386206519e-02 -4.201862901186226990e-03 1.141039034827135042e-02 -8.206606317068276552e-05 -9.864003623288273084e-03 -8.658501289667209361e-03 -5.677564189487505075e-03 1.503097407028787524e-03 -1.006873429902926595e-02 6.667731092715892347e-04 -1.800607863878963232e-03 1.128739253198495721e-03 -3.661291989293353945e-03 3.668234989556011169e-03 -4.679295064392253664e-03 -1.428742737798639013e-03 1.489092779897482769e-03 -2.539942400853970462e-04 2.153975997128068729e-03 3.146659310803285019e-03 -3.166114717613192214e-03 3.799399317585663350e-04 7.096212560858710565e-04 -6.278197713683026206e-04 5.379402404559479808e-03 2.702464520871047157e-03 1.209447058116629994e-03 -9.836332728912354668e-04 -8.950917448715113535e-04 -2.042452127580858794e-03 -4.389330762922325754e-06 1.560466089275395660e-04 6.811664650111890363e-04 5.868542844963080653e-04 -1.106544509869183653e-03 -1.384982968972188607e-03 5.459895837631121565e-04 -1.943922712111633821e-03 1.107596250185547164e-03 6.055380078044917281e-04 2.270897458317798229e-03 9.472207082545066660e-05 -4.480604975499835705e-05 -7.025043052512860075e-04 -5.061718252923924795e-05 1.935232173833389144e-03 1.864187379299159469e-04 -1.569135043467797868e-03 -3.169389352049334124e-04 -1.231039477241753727e-04 -1.346439561336117618e-03 -2.871607305856614212e-04 -1.169314844775222288e-03 -9.831049855618229603e-04 -4.397033656941989096e-05 -1.152917645017967037e-03 -4.072760997583081493e-04 5.662251802975218741e-04 -2.671850946917758208e-04 -1.136929850261390656e-03 -8.525980141857673455e-04 -3.071873657313523736e-04 -9.427734384272912650e-04 4.151442236793774238e-04 1.659662484126890697e-05 1.004943214203843143e-03 -2.273293685777638955e-04 -2.234560242982487665e-04 -4.575419938385174527e-04 -6.553919921131632839e-04 -6.385544172600423262e-04 5.083537048763342924e-04 8.776158545330419217e-05 -1.132705583313205265e-04 -2.480203885255087494e-04 6.514230298981524628e-04 -2.670989696362239705e-04 3.674166925857079349e-04 3.440161934854035286e-04 5.396653760778429574e-04 1.446246518769421182e-04 2.106257814377882875e-05 1.987222112557492483e-04 -3.547205633711727839e-04 -3.091317032185980770e-04 1.308744127406066197e-04 3.451309761115788511e-04 1.100294086947044216e-04 3.310770477114854124e-04 -7.186768283224582738e-04 -3.917346694729115426e-04 2.240941396850075517e-04 3.723609523104378836e-04 -1.805338081076678601e-04 -2.955939656567977908e-05 6.475385497967568607e-04 -1.080827587657769747e-04 2.029118161248733118e-04 6.905169330210448242e-04
-7.662584876103670575e-03 1.338292846353425145e-02 -1.611500364158313398e-03 -6.449416931843338953e-03 2.402635520593198598e-02 -3.563842211314078440e-03 -7.977227612584620112e-03 2.703518198937611850e-03 -9.957754821949987324e-04 -2.561891293800845799e-03 3.639893598347278356e-03 1.866124833354478778e-03 1.736577821975404624e-03 -1.199739132440778193e-03 -2.554891873084916103e-03 2.906277597634015705e-03 -1.470051459512361318e-03 3.525760258362513853e-04 -1.542630735936233524e-04 2.047521346852461583e-04 -1.850433738568216420e-03 -2.224588539506677180e-03 -1.913685720860666120e-03 -9.582704269844762035e-04 -1.703628165200843023e-03 -2.334885056848281972e-04 -2.573432975939110839e-03 8.725254530069136366e-04 1.074539820378721776e-03 3.213493654267880750e-04 3.535767610353882226e-04 -4.093237283782471918e-03 6.235733802650674147e-05 4.802016024595632268e-04 3.284509515495746042e-03 2.209989824166962852e-03 -8.175885132926812059e-05 -1.119811965426115424e-03 -5.788700520084235067e-05 -2.033580473087410068e-03 -3.090233282344559147e-03 -2.771909613055004683e-03 -2.292878067731882099e-03 5.587962134114403965e-04 2.455062778197001673e-03 3.150726809497914082e-05 -6.518871994209002318e-04 1.263179902181125287e-03 -1.192285861583930679e-03 8.368412341708947582e-04 -2.431950229442477601e-03 3.976415054332812843e-04 -9.409138839226692530e-04 -6.147114401663097494e-04 -1.457058886252321755e-03 -3.131663910392061458e-04 -5.980206213941936387e-05 -2.959349136639919439e-03 4.408584398980783855e-04 -1.126183454391088993e-03 -1.652388349680917166e-04 4.969906576988664077e-05 -1.054581730063390349e-03 1.424364397298798907e-03 7.542770727804080314e-04 4.973119159136653962e-04 2.797667024418629004e-04 1.225729572397967404e-03 -2.482128674034058714e-04 6.414596736980046491e-04 -2.558766128315106774e-04 8.174108330724174417e-04 -6.754437092329050076e-04 1.160396787170861433e-03 -1.001299501225261148e-03 1.129423880478911627e-03 -1.161636595626279163e-03 -1.147211412963954026e-03 -1.227008260210926942e-03 -1.014375163808370599e-03 -6.377953616631009716e-04 -6.605997559310694989e-05 -2.495717210959877441e-04 2.411626808937440355e-04 -1.035370884356280781e-03 1.621290323919155716e-04 -1.207110992714279286e-06 -4.963761155875527593e-05 4.595123945103040644e-04 2.682667246199733142e-05 1.356881801836114319e-03 3.281135067324225641e-04 -1.033155301750408281e-04 7.613077823427433439e-04 3.287093714678070893e-04 -2.296950003296825997e-04 -3.275010111875161986e-04 -7.368449540548768295e-04 -1.237200556987863912e-04 -2.231510872006957932e-04
-6.947382693940971909e-02 -5.305334913775484841e-04 1.453066240158593439e-02 -2.460433722667929989e-03 1.063319855720160426e-02 -7.251827628549208093e-03 -7.212301304914630826e-03 -3.157725153240583532e-04 3.451428722544850215e-03 -1.228758657444274736e-03 2.175345731449465636e-03 -1.266894567434710727e-03 -1.540842857867519809e-03 3.683513975360004373e-03 -3.502865756686372820e-03 -2.569837474752653477e-04 -2.692860826502842773e-03 2.917106397760536353e-03 -3.330087881750698410e-04 2.794285936178263468e-03 -1.675346316674780015e-03 7.224445382367718129e-04 1.710353256700091265e-04 6.015500342881132138e-04 9.631206601310765732e-04 -8.238871244711140065e-04 -1.523968971438937432e-03 3.816666449951481264e-04 1.793930334698679149e-03 8.129462787103998575e-04 -1.053684444756287399e-03 -1.505347220007251111e-03 3.492757944553843649e-04 1.667121747132952218e-03 -1.501497021783323809e-04 -6.460123193500815972e-04 -1.249322379659830893e-03 -2.831632743752512103e-04 7.486910090270221902e-04 1.480526103530548738e-03 9.215620883069303550e-04 7.831381238490097785e-04 6.208000240917742763e-04 9.143626901616780768e-04 -7.974956165514957918e-04 -1.023148719643450716e-03 2.149913282516300691e-05 8.111052307162349697e-04 -5.089604977385434482e-04 -7.558254548862941135e-04 -2.750505310535842360e-04 4.419281182362296326e-04 -5.323719400613148318e-04 1.806485510950778250e-03 1.361704289628659257e-04 -5.380836037110615748e-04 -8.485955982573703223e-05 1.726072062431646052e-04 -2.331514188731736591e-04 3.181389431027855188e-04 -1.078465515583194650e-03 -6.443426838822055363e-04 -3.654792825277339979e-04 2.489620553123836669e-04 -4.674833045966964810e-04 6.171347995456344295e-04 -7.917661071859872807e-05 -4.333549694569236994e-04 -5.407607918879530446e-04 -4.598511356199516827e-04 -5.176483528552780922e-04 7.615534465758370784e-06 4.302261446761876666e-04 9.126667090521508078e-05 -5.523370138693204810e-04 5.770116847451741858e-04 2.722584295274317915e-04 3.059845149090518416e-04 -9.941905842666593526e-05 -4.852409060137584927e-04 6.473601000931585698e-05 -8.878035234466875490e-05 -6.014585733266150246e-05 -7.395315541754970273e-04 1.091726289700216835e-03 -1.034279514150658824e-03 -3.012213773354514672e-04 -2.105791542093968704e-04 -2.449672111529369468e-04 -7.994105801667930437e-04 -1.240160981865687793e-04 4.946478979670877003e-04 -8.486329858282344639e-04 -1.042491508728406830e-03 -6.175089986352630086e-05 5.642014437875746965e-05 7.556743136156374900e-04 -1.707690631307788072e-05 -5.456294743962261358e-04 -1.208443072301230531e-04
-7.654694178119239578e-02 -2.288894755690406083e-02 -1.790369637440475175e-03 -5.943138947019792166e-03 8.073690641623791978e-03 5.225852911402789841e-04 -9.783465082027160975e-03 -6.252882451522253152e-03 2.971747529466239358e-03 -2.593720496612607253e-03 -1.339274172959329095e-04 -1.390773222163926457e-03 2.494869142930805791e-04 2.130104523593656565e-03 -2.617359367280062358e-03 -2.851085538893297013e-04 -2.150980199534775674e-03 3.103091208093433639e-03 -7.836728027706619170e-04 1.173413515683451773e-03 -2.310395876963835127e-03 -2.619912870753602209e-04 -7.185783873905525693e-04 1.884547213069094358e-03 3.608133191019176626e-04 -6.623937908074463811e-04 8.615261816466854771e-04 2.101899017834253072e-04 9.707543231716503254e-05 -6.891866175542347983e-04 9.317475185069202560e-04 3.349325889442247937e-04 1.697065106573242841e-03 4.513676562391204347e-04 -1.471441479427263062e-03 9.606787987724233879e-04 1.963534236177706042e-04 -7.717206537752764736e-04 6.236162343016183772e-04 -4.145673280240701631e-04 -2.870716372710722464e-04 -1.646636775094150579e-04 3.454100938533318324e-04 3.265829600375060471e-04 -4.075988837518006993e-04 -3.825822036666293147e-04 9.076951742977941093e-04 1.531814770786725944e-03 9.188145112917097106e-04 -3.649108534595104487e-04 9.353419018240213996e-04 3.727921879861099594e-04 -1.855725623474788416e-03 8.359737273792637276e-05 1.254319561043999937e-03 4.720699136673320957e-04 -4.980747927871081396e-04 -2.058687872872072382e-03 -5.853926976839358065e-04 3.131175752775367254e-04 1.452083630259109234e-04 -7.119157806745079250e-04 -7.123972397827298348e-04 -2.690693432980629184e-04 1.755329461911879268e-04 3.626607087309339128e-04 -3.205608627131973829e-04 -3.091742073105882972e-04 -6.762329603558212606e-04 -2.326132603752125241e-04 3.167667399646263661e-04 1.083182887859983476e-03 2.702133213709650462e-04 -5.293867943728069710e-04 3.842069996897179971e-04 4.301622905772140297e-04 3.096657515438032751e-05 1.809770445655105959e-04 -9.608842210904008268e-04 3.320028583550339927e-05 7.596439938889927579e-04 -3.442942637986172081e-04 -5.023005125763669969e-04 -3.835910772307936129e-04 8.883804243372784518e-04 -1.697844752928205463e-03 -3.707596320447725176e-06 7.837572235860140128e-04 -8.269445141436171419e-04 -3.220181422010059947e-04 -1.008302416108952806e-04 -4.580898106400896255e-04 -2.972774255791410807e-04 -4.050256918650320002e-04 3.398536712986001363e-04 -4.383468647422924147e-04 2.279214623897214708e-04 -2.568892865081163308e-04 -9.914889338583318147e-04 -4.431926387094893452e-04
-8.554408578148309239e-02 6.857715911281272135e-03 3.198893838398973039e-02 2.587756524122991619e-03 3.910561269938580067e-03 -4.085454711172158138e-03 -4.778371794734966212e-03 -3.673758927891149391e-03 1.627902112912326272e-03 -4.094558540343863282e-03 2.004620880628991421e-04 -7.343722997290097953e-04 -2.067464478235527762e-03 4.085891325383285769e-03 -3.621829649082719885e-03 6.556929302669079222e-04 -2.549283790543455629e-03 1.578921528386419311e-03 9.523494714203730198e-04 2.066084436468357266e-03 -1.242714513777177447e-04 8.863108478133271007e-04 9.879211676327263880e-04 -2.389567414159142250e-04 3.156224738132267665e-04 -1.855519081069624456e-03 -1.278086283090840375e-03 1.188202525119140844e-03 6.089333511774219733e-04 1.221926839360701952e-03 3.873957111241568070e-04 1.416061958079750172e-04 -3.882435872459907974e-04 7.406645658403817473e-04 1.357645530528450262e-04 -8.338027094465120864e-04 -1.135989426485042603e-03 6.871351271194992396e-04 -2.154594474421460903e-04 2.545291418943973027e-04 4.400079540253315166e-04 1.076000251415425287e-03 1.094939750920051035e-03 7.520082729902059348e-04 -7.472156731611098290e-04 -6.805694984044008758e-04 2.051167093051096621e-04 3.657418804919972859e-04 -3.994581004190353880e-04 2.417212364138439308e-04 -3.806341876306087242e-04 -5.087604461745476401e-04 -1.735703486701630882e-04 3.773390576134133079e-04 6.840395948837017619e-04 -1.139808503978783532e-05 8.281975328485566995e-05 1.200262171695082964e-03 1.032207177771227093e-04 -4.717212882821744777e-04 -8.965517332819007918e-04 -2.141855883978005450e-04 7.764891801063505137e-05 -5.621156064733608647e-04 -1.247281261284441172e-04 -1.970570897329745983e-04 -4.288331270370034131e-04 -9.369538740720134706e-05 -2.448074780531603605e-04 1.453432752821071756e-04 -2.423039784875929807e-04 -1.563813715204734355e-04 -2.162300227267360017e-04 -2.167734682111861506e-04 -1.672258410124798848e-04 4.619989291097181209e-04 -3.507942741018837442e-04 9.605406381320186643e-06 4.050440339804459324e-05 -8.663141239080328685e-05 -1.204331838868862720e-04 1.168515190171843024e-04 2.792535051988957696e-04 -1.504355870994993657e-04 -3.958928426440191332e-04 1.244469799542916575e-04 9.573851316623873417e-05 -3.047953482135759120e-05 1.584547388839816526e-04 -8.479156135960018372e-05 -9.329390217366693831e-05 -3.679254424194779096e-04 6.543902207600008026e-05 1.502708328622535657e-04 -1.018956697791610606e-04 -2.294108583545061662e-04 -4.043485227803656672e-04 -4.901627926626518118e-04 -1.140141897516425803e-05 1.848953863845498953e-04
-2.276318688950722605e-02 5.190651721961215756e-03 -1.321710940451307527e-02 1.679611469250199760e-02 -1.752424613284176737e-03 -1.308207404232951182e-03 -4.753724471458572673e-03 1.428987825765026462e-02 1.244331221458392636e-03 4.738740507902158665e-03 -3.227477534529678196e-03 1.785902426693990706e-04 1.438684787353626928e-03 3.805066276773621723e-05 -6.747694220296878657e-04 4.642204035212529217e-04 -3.028149093842307988e-05 1.733875073048471308e-03 -1.136508961463686494e-03 2.365096310061038493e-04 8.735561551258120400e-05 1.253978215866544468e-03 9.730726236242187360e-04 -8.034539223710040990e-04 -2.124978403918895749e-03 3.017226909226880765e-04 -1.070051569785290596e-03 -9.011298971675032370e-04 -6.632782409545823514e-04 4.407001893307178572e-04 -2.072507617104472628e-04 -1.096411184341710126e-03 1.121075481232099115e-03 4.789854187889743334e-04 -1.070876974876869021e-03 2.184948359136372475e-03 1.840797192267257373e-03 1.960811592792325447e-03 -1.930815437860233211e-04 8.489066946546353206e-04 2.720753318501162744e-04 1.777508095249763932e-03 -7.282436999712691523e-04 1.227556910735206957e-03 9.105775554957325083e-04 7.222314033120501428e-04 -1.755954723844088076e-03 -2.088992399062940698e-04 1.116885567347025666e-03 9.457078761847855907e-04 1.070714609100912240e-03 -5.104089554255590447e-04 -5.488995785792362154e-04 -1.813674595403381353e-05 4.550318878839016833e-05 -9.657451741086938834e-04 2.701639020570345933e-05 -8.055407020726529322e-04 2.207528517223871476e-04 -1.371585040888690038e-03 4.965536224851129898e-04 1.736085170027791384e-04 1.338312976956779502e-03 -1.092530812419318645e-03 -5.129102849747890942e-04 4.401462508105005527e-04 1.984774876813452053e-03 5.679191402427708011e-04 4.936788224429019346e-05 -3.257238906492354461e-04 -7.658534900898845152e-04 -4.741194036155637736e-04 -4.607803984821188734e-04 -1.094775202826718183e-03 2.125254571974156099e-05 1.308513371185706601e-03 -1.041957464930606423e-03 4.375621878701859975e-04 1.156714476732649923e-04 -5.182544586114140378e-04 2.257406555051425390e-03 -1.040563703361065156e-04 -8.204279693606781904e-04 -1.914867480046377867e-03 1.610072530933494587e-04 5.493108514153409103e-04 -4.718011365874640950e-04 -7.906492746906193568e-04 1.073099899937167423e-03 1.184254830563853189e-03 -6.580055244326253909e-04 -2.246637891050942779e-03 -2.495334247849261716e-04 -1.781345421936623161e-03 -8.612588223829469513e-04 1.728184720875589704e-03 -2.388087814359250716e-03 -5.769004008958890590e-04 -5.953446691513543734e-04 6.435672623962460613e-04
-7.242649051043084651e-02 -4.610342461181676961e-03 -2.533455574750254763e-03 3.228930917765183376e-03 2.577549840805559885e-03 8.316994639222667282e-03 -5.086361249724504277e-03 2.059628159781178285e-03 4.160548515872472368e-03 -2.085190154549681867e-03 -1.573795660733213380e-03 6.246914684036171351e-04 3.019924333209630680e-03 3.760416788605918346e-03 -1.474660658034198995e-03 -9.362027291733076911e-04 -1.620569605092491610e-03 3.368917218565158946e-03 -1.334580248208497083e-03 3.073734039026929207e-04 -2.037576862156668684e-03 3.979323426485071539e-04 -9.047666574085894706e-04 -9.498638502572384320e-06 -6.193930143608980879e-04 9.191694422373118288e-04 7.063978942991043812e-04 7.055693325186127626e-04 -4.883948844241959479e-04 1.203425712622277315e-03 -4.870025103252977505e-04 -1.650927887172560138e-04 1.219381111289783229e-03 -6.658615361307393182e-04 -7.589632642767473814e-04 -5.572807652210950979e-04 -6.842465497873751390e-04 -9.553531316241481441e-04 1.714343094260272664e-03 5.922216515002971587e-04 -4.479438644266164860e-05 7.829581279278379673e-04 -5.399702549243551395e-04 3.876088884614230365e-04 5.590055274231349160e-05 6.504429548732474926e-05 2.516627543630498812e-04 3.978146507713242221e-04 1.035684190861788003e-03 3.071023571680735068e-04 6.418061425352751146e-04 -7.929097650373373614e-04 -6.535328316490740053e-04 1.322178171722466567e-04 1.031354572977298371e-03 5.893699561273884864e-04 -6.091185098935667864e-04 -8.382014969916057540e-04 -1.507829235782524825e-03 -1.037235548810120029e-03 -3.909093401459513297e-04 -3.051529844606703135e-04 8.212492731206127387e-04 9.468500381902168880e-04 4.777657888314561497e-06 7.246844151382199860e-04 -3.095998130521224558e-04 -5.183928211699623300e-04 2.799390757474435189e-04 -9.349871190699651216e-04 1.911294335788931451e-04 5.837993896186266128e-04 8.244078334008943937e-04 -5.037310862511964983e-04 5.414032325064858323e-04 -3.069423243313572792e-04 1.577109465215653015e-05 3.592166422248096124e-04 3.487972697637464715e-04 -2.059771012550236629e-04 -1.719491818157608415e-04 -9.853736609320845607e-04 1.266721576896188389e-05 -1.137747648590868718e-04 -1.087177437191427852e-04 -3.851978094211212659e-04 3.387427559304361435e-04 4.226539296647256343e-05 -1.024364236140885755e-03 -2.281819779172229647e-04 -3.683892015363201839e-04 7.002254766969266816e-04 -2.370092733623807395e-04 6.998176808612803718e-04 3.579896141961391698e-04 5.029724489940848265e-04 7.008668710695411174e-04 2.302609767766051097e-04 4.611550634311964783e-04 8.136596037569099153e-04
-4.635907681341355085e-02 1.855353662348807262e-02 1.190424213126145894e-02 -1.424322581644873759e-03 9.289018185479176737e-03 5.264043789710050325e-03 -1.875202785917598003e-03 4.426203309256760907e-03 -6.443626065330863373e-04 -1.704846141053259229e-03 -2.756718070579571283e-03 1.078115676824449283e-03 5.274699371573213051e-03 4.848129805254014144e-03 -1.784876177197573799e-03 2.507355808758251516e-03 -1.514193516655745796e-03 1.957316727565744808e-03 -1.272145052041343915e-04 -1.217398458898328586e-03 -2.142430714652053536e-03 -3.385919343060186308e-04 -7.688636228235160150e-04 6.292709623929131080e-04 -5.552063665511026725e-05 2.749318995542922566e-03 1.680723833484174760e-03 5.256235669920763555e-04 -1.099292887355722258e-05 5.928967011904024906e-04 -7.557235297875284372e-04 5.550493234647766155e-04 2.864654633799423975e-04 -2.230917742060691336e-03 1.242174044502644160e-03 -1.000641133481846266e-03 8.616840143267419806e-04 -1.040403182319811666e-03 2.857500045952405089e-04 5.297480693296446972e-04 -1.051579345481846442e-03 5.966764520596206170e-04 -1.897772293864184549e-03 -1.655649889055006404e-03 1.493076393522165457e-03 1.183445675671316406e-03 2.076144440098176905e-04 3.815342426145888429e-04 5.892198972279321257e-04 -2.387728765747412568e-04 1.419139786768918495e-03 -1.635301539121420495e-03 6.112917752005033161e-04 -2.041571054291060417e-04 3.229327035061778503e-04 -2.410570549195717991e-04 1.678342567269830053e-03 -9.405906575831558336e-04 -9.280450256830681489e-04 -3.756133748355188081e-04 2.769989318599366335e-04 9.101134758148461202e-04 4.502345513674607344e-04 1.910163568940323117e-03 2.648174718017105834e-04 1.026214146791253534e-03 -9.074996330825236125e-05 -8.267912669049522472e-04 -3.620326739595856012e-04 9.422707503249040314e-04 -8.887394210889115048e-04 -3.080494570677024435e-04 5.996490392315206516e-04 -3.729946272786346614e-04 5.792124600154328201e-04 -3.451053138130236999e-04 5.246009424197736878e-04 1.466056824151085354e-03 2.964449193334895804e-04 3.025822788607163355e-04 -1.071036032366411454e-03 8.213638391247737110e-05 -2.871336801153074052e-04 1.644262912538046279e-03 -1.565336412698534489e-03 1.091598743636104348e-03 3.960754570664980581e-04 -1.234212126443489570e-04 8.241079502905528749e-04 1.272458113138505800e-04 -6.388246084480953414e-05 2.296309817629547617e-05 -4.438157654704009514e-04 9.024123230446874687e-04 -6.252980106389220780e-04 -2.147262290872902792e-04 6.000204111647816294e-04 -2.447803331774581139e-06 -1.806480895264714098e-04 -5.304356032974875956e-04
-7.784133471164682294e-02 -3.054595831796258400e-03 3.511797333692000256e-02 2.240000885522512759e-03 -2.837885419665686160e-04 9.700713779366598732e-03 2.445085976344648629e-04 1.972823981369539736e-03 -1.801656487592774320e-03 -1.932969908909592106e-04 -3.012849331536098657e-03 -4.810001744271178922e-03 4.334462423091926808e-03 -2.669091614850887173e-04 2.918323364195924731e-03 9.129923184334426487e-04 1.308378262793470810e-03 -2.117186741985335437e-04 -1.328057767300801564e-04 3.521409636927269908e-04 5.079825050084805929e-04 6.167183535059799545e-04 1.535129511527439858e-03 -1.235707253705801544e-03 4.105762711632425835e-04 4.873848412480498394e-04 -2.650639763107392777e-05 1.164380941715112807e-03 -1.057121667369428876e-03 1.792722346473095505e-03 2.843586823588869139e-04 3.926932051737747824e-04 -2.754947963845481395e-04 -7.058171723915639909e-04 1.897138423684642311e-03 -1.226620931794412559e-03 -1.161449407721117230e-03 2.499341672973640549e-04 2.742840401614020547e-04 -9.668594178944828058e-05 5.995646767956595759e-04 -8.826071695472837526e-04 3.422940363480744927e-04 6.040071039852267258e-04 -8.274873266076324466e-04 -7.977236940111820927e-05 1.159801348185022254e-04 -3.084138240325635960e-04 3.995248633718143680e-04 -2.137252844434639042e-04 2.218554801758166662e-04 6.983887198222289315e-04 4.484390556522955098e-04 2.194399635303871882e-04 -2.060899193456087672e-03 2.958382253252810258e-05 -2.910234621062323572e-04 -1.528841056124811797e-03 -5.764896085951233149e-04 1.342265139301391207e-03 -4.651435265118780975e-04 9.065664516818978643e-04 3.291620182430703883e-04 -4.590840724607495970e-04 -4.488856380222027743e-04 2.944511947579861498e-04 -8.454151338283740240e-04 -2.309966851342143044e-04 5.253309448327646118e-04 2.803679435637243403e-04 -4.895790358585331258e-04 -1.755620340735384623e-04 -1.746465880207990259e-04 1.040802449818598507e-04 3.277452645191699689e-04 -4.378585649118135704e-04 -5.759118205355515281e-04 -4.889280688983826777e-04 -7.491615853793674078e-04 -1.350327890664398045e-03 3.817811142068532667e-04 -5.962618082757586903e-05 5.524827857323661882e-04 -4.286998117154732077e-04 4.296360867924090931e-04 -1.668997774475840961e-04 -6.862364024907494499e-05 3.936405530385735465e-04 -8.202296097909731517e-04 4.498432283167484377e-04 -5.093364671808688505e-04 1.843838812962918976e-04 2.299805394334103112e-06 -6.934858033266471516e-04 2.078821695420319431e-04 4.168602557283075790e-04 -3.855178340576862541e-05 -1.611966836529323400e-04 1.989189747138511038e-04 2.759701032933047928e-04
-7.288898593797842052e-02 2.941911048199274178e-03 3.921618899961556298e-02 -1.761421828195777143e-03 6.057790266311886135e-03 6.426134409871959302e-03 -4.753622561218993035e-03 1.390829509869955828e-03 -1.259537241573080142e-03 -2.598237669320211437e-03 -3.296126285934537683e-03 -3.295267219069853998e-03 4.502368040646033930e-03 4.415288497154289810e-03 5.179957763650582230e-04 2.624356697218326474e-03 -6.216580856939704506e-04 -3.364806418171686973e-04 3.471535018334566272e-04 1.235469365707629055e-04 2.576311882368904579e-04 -6.187710668139281443e-04 1.091047189204406636e-03 -5.150629824037873845e-04 5.866286258234660288e-04 1.512767405188683969e-03 -2.788699183052063477e-04 -4.390257132834026171e-04 -4.464122424001878476e-04 8.729947819108364090e-04 7.048071875772126630e-04 1.235656602905904741e-04 6.516790632511358346e-04 -4.675188327665263563e-04 1.577436806673752304e-03 -8.797649298145193263e-04 -3.827614384499911202e-04 -7.954305606086141834e-04 -5.398359911218084421e-04 4.302984897292812358e-04 8.980089085028491753e-04 9.419402780134522634e-04 -1.046598481754655195e-03 1.649100816341092675e-04 3.917571552323109024e-04 2.081257003417639421e-04 -1.986723672659916238e-04 -4.666077208501210900e-04 2.769225405847554290e-04 -3.130379517648403933e-04 8.017765614098926706e-04 -1.874773977361406476e-04 5.539466360875383664e-04 7.917052584406087268e-04 -1.540444000737840099e-03 -4.084092031433676729e-04 8.499298131335604033e-04 -3.381734872440842073e-04 -7.897795628549438614e-04 1.014951845393411139e-03 -1.444734887342212113e-03 9.364868974954544114e-04 -3.987069872680111863e-04 9.590525123817022240e-06 -6.578578971385036500e-04 -4.248945328497773103e-04 -8.388724581358909327e-04 -1.148121593149042463e-03 1.322854126389037084e-03 1.234120579782522077e-04 -2.284999234100563005e-04 1.070975907060542289e-04 -6.365193688025955546e-04 -1.451353034284086048e-03 6.747472596443167443e-04 -7.098811327708421607e-04 -1.963830698462439483e-04 -3.713149259501588085e-04 -1.030064307639572477e-03 -4.424873241598355103e-04 1.693226286046223912e-04 -5.780857960546581650e-04 7.329814444039041465e-04 7.749309686894106496e-04 2.114510634017762933e-04 6.146193108392319091e-04 -6.639005660804255188e-04 2.357208735457693566e-04 2.742968532985330058e-04 -3.230233277080042068e-04 -1.763429977156571755e-04 -6.392107489557386554e-04 1.866664380571574880e-04 -6.180479576956501462e-04 1.612382562155431295e-04 -3.198602546320337644e-04 4.473112089168931578e-04 -8.041654093086950334e-04 -2.056560325641740381e-04 -6.314472903913683280e-04
-3.222141194943753395e-02 -6.434504746955403698e-02 1.678852305395836519e-02 -6.671188064406221446e-03 9.854041960775373338e-03 -7.320927828384855146e-03 -3.522277330462286749e-03 -4.517787257366631150e-03 7.377168062452427915e-04 5.190800610786294560e-03 -2.109317859508021489e-03 4.262843989846356457e-03 -6.735981216187570710e-03 -3.259053137774377447e-03 1.181438680790229245e-03 -2.043263544025339124e-03 -8.186386524160930512e-04 -1.665471051774772152e-03 1.139897457034937198e-03 6.152605484636614920e-04 -1.416411394209696802e-03 1.446457017299893023e-03 -6.411499848923312480e-04 1.515585002336656108e-03 -1.991013417785133990e-03 3.302564473543149592e-03 -4.407666131192041034e-04 -2.512178015268255737e-04 -1.858465695091605701e-03 2.365608165711340864e-03 -8.105158601427176184e-04 3.195688010153736706e-03 -1.315751027228359094e-03 -1.682620632313494438e-03 -1.509025457333435221e-03 1.155206985245065855e-03 8.965238718479137236e-04 8.869423357737354690e-04 9.992150128758608800e-04 9.185075426434834720e-04 -2.131271168615295458e-03 -1.429692819026652474e-03 -2.098469197039811059e-03 -1.915719329077677732e-04 7.418802563537100613e-04 3.245036999488914563e-04 7.010136225175450046e-04 3.049839853747708749e-03 -4.244627183900420231e-04 4.683741154735628662e-04 -8.001309463575400737e-05 -6.306099322996897797e-04 8.649327846242305020e-04 2.448478551934717140e-03 -6.139623064368465071e-04 -7.942875006836776436e-04 -8.742558309447008482e-04 1.398764817637263111e-04 -4.453004226887326300e-04 -7.271629861416711990e-04 -6.013622365942209195e-04 4.050040807684737103e-04 -2.726115401377857583e-04 -1.598340072123876710e-04 -3.291572638868037995e-04 -1.078020514574070266e-03 -9.222369347599027262e-04 -5.881114776967174629e-04 -2.320630366400396798e-04 7.284508158466558917e-05 -1.390074231322987227e-04 -4.557404044550718075e-04 4.751392005509485345e-04 5.072519155576605144e-04 1.542586627810193297e-04 -1.418058664762243768e-03 8.942683786457157310e-04 -4.758767864827005754e-05 -1.410701474168581234e-03 -7.864824680296012837e-06 -4.843296705299941904e-04 4.809634921959417687e-04 3.042260361518156963e-04 -2.016911758776370161e-04 9.519540532542239203e-04 1.112046847652846567e-03 -2.790016974128602307e-04 -2.276209630722333640e-04 -4.030467651756212185e-04 -3.531787051021386217e-04 -4.755567657328317686e-04 -3.399210322446661659e-04 1.015526435252244722e-03 -1.600059992706512075e-03 1.136270864756199796e-03 -9.221693564363449573e-05 -9.691899919237266080e-04 -8.027686177132307543e-04 -6.874504104275485413e-04 -1.260231164239894149e-03
8.324008446952813056e-02 -3.838917503291305877e-02 2.743050888300981732e-02 -1.847212078641934790e-02 1.415407994433307004e-02 -1.296704701273636122e-02 7.183170712077855888e-03 2.477728321018387008e-03 1.003247812383397525e-02 3.203643996050472512e-03 -2.669991321161907429e-03 4.495956340871491361e-03 9.637270507868452669e-04 -1.057943052738386349e-03 -1.605635940498469690e-03 -9.537657596714110364e-04 3.337122498029806289e-03 -1.130988445658383604e-04 -3.130484556410429667e-03 -5.801189997778553572e-04 3.926264335405403594e-03 3.359088439796691777e-03 -3.907165708299095361e-04 2.321259758418805618e-03 5.101904909758820132e-04 -3.832986743507321714e-04 -3.771168125872064163e-03 -2.448429019335309625e-03 -2.061270799165213202e-03 1.075133441390268771e-03 2.090529052713492738e-04 2.328172791342445174e-04 -1.373898208082875065e-03 2.181218128146907107e-05 -1.277285495075968901e-03 -6.738612869606801442e-04 -4.526478827807978210e-04 -9.468983722868120007e-04 1.357901008073290634e-03 1.320466405597217662e-03 8.089227455078281098e-04 -9.952341546100738814e-04 -3.612792104923578159e-03 -1.109456911288530731e-03 -1.175946828679483086e-03 -4.241653001031469249e-04 -6.807034858534027075e-04 -9.606993751762574370e-04 1.398901726777834937e-04 8.212177650608502378e-04 -1.617271880400925326e-03 2.045625646500536833e-03 -1.968025480182587685e-03 -2.953661798888429588e-03 -1.108405255303380457e-03 3.811779865663221935e-04 1.198148071576945767e-03 9.942383822024987525e-04 1.620133876849084824e-03 3.061304488285208208e-03 -1.858773703618575926e-04 1.366072854545784471e-03 1.983801489762218942e-03 1.184672374774720484e-03 1.327312259501487769e-03 -9.295439709970294319e-04 -1.326568565507868589e-03 7.215904674912168885e-04 2.078267961768628404e-04 1.237784446220612129e-03 3.550720494390630913e-04 3.783980118562844594e-04 -2.485032539647299044e-04 5.597882549158775516e-04 1.726410674763698854e-04 2.961922444993507833e-03 -3.687108528794949590e-04 1.679934217436188852e-04 1.340498127380624791e-03 1.049575561799488948e-03 1.453742968030737222e-03 4.428612658122097682e-04 -1.422214299286626231e-04 1.259740436660227586e-03 -1.199193915538235159e-03 -1.152361382944575539e-03 -3.554149926015953524e-03 -3.772875850135917904e-04 -4.736882716967708712e-04 -2.643004565891765318e-03 -1.215599223170709710e-03 -1.502000099496845088e-03 8.644527062007725934e-04 2.653309530661699441e-03 -4.167109949463390292e-03 1.470768488373397614e-03 1.195363904025906502e-03 -7.331677514395897608e-04 -2.088649764179838588e-04 2.670286973663855718e-03
-5.045441353527136547e-02 -1.127903662093846134e-02 4.307505522382864410e-02 -7.289053237450940186e-03 1.181262726351622362e-02 -1.077087565446867073e-03 -3.232162085204274855e-03 1.355533410554134221e-03 -2.046588437133811471e-04 3.143283516494047806e-03 -2.756765283048967508e-03 -4.321544818623384437e-03 5.545902551325212034e-05 1.893316757838895944e-03 1.274159383107869182e-03 3.598621526622386955e-03 9.459104450488972594e-04 -3.376586397548949188e-05 -5.858763690154820567e-04 1.829565768480683396e-03 2.403364108800071664e-03 4.210161765239226177e-04 3.852955782003362052e-04 1.289893823223596352e-03 2.457077963025560991e-03 1.919970285826060746e-03 -2.584603221608799441e-03 -1.524172171347064700e-04 1.364339606794820340e-03 -5.378729220764156584e-04 -1.739630124344049853e-03 -7.352241435815887096e-04 1.203998408893241275e-03 -5.260580582509635523e-04 1.212744683467468360e-03 -6.859879374888289616e-04 7.483157549923759571e-04 -1.808041489614665466e-03 -1.334859965667151583e-03 2.781895027452247447e-03 1.387155325743752009e-03 3.740583328642087734e-04 -1.239982201184627484e-03 -6.967053179601577061e-04 1.423663000946962269e-03 -7.543360795800253859e-04 -1.853099358640418991e-03 -1.318491036779232198e-03 2.802103774045888382e-04 1.298404859498373913e-03 3.967073589806779151e-04 -1.166263290920016468e-04 2.786931472001944344e-03 2.742930571070074887e-04 -5.254066376421973614e-04 6.396349313399240545e-04 -3.346685586771446278e-04 -2.862993454265845301e-04 2.199694449773889442e-03 1.742223279967615489e-03 7.987850364364468400e-04 -1.447483489928872054e-04 -3.431714327791264714e-04 -1.083545588181124243e-03 -2.220194320813299470e-04 -1.085950808672000263e-03 9.801770621073048039e-04 3.311009268317161632e-05 8.641124774482907521e-04 -3.502495680019631318e-04 5.802212195205881087e-05 4.096861992332773714e-04 -4.718084267475778065e-04 -7.193842200772892874e-04 1.025595613377702385e-03 -3.663673238972615888e-04 5.902112555408342521e-04 -1.181393735412873377e-03 -9.028609942475083376e-04 7.438864153676699731e-04 -9.358120310682654236e-04 7.083848793455759007e-04 -4.619171616530553647e-04 -2.840464591230556926e-04 1.287481909933012878e-03 -2.222603722335854295e-04 4.507290438574462397e-04 3.104723697405634749e-04 4.289391255603286620e-04 5.339265674374673448e-04 2.247478039628604454e-04 1.197470087295690599e-03 1.292922344914107264e-04 -6.255840708934808569e-04 7.436112020547322454e-04 6.791888603527609881e-04 6.182613486483825660e-04 -3.563784627513214964e-04 1.839538960759395155e-04 1.225960175730972422e-03
-8.465538975193719062e-02 -1.614518425154269632e-02 -2.283107210689603109e-02 -1.091255286714276802e-02 -6.883463099107559220e-03 6.174763186472846492e-03 -5.333410055124694973e-03 -5.056202490253735270e-03 3.799210554391226850e-03 -3.877548732585306412e-03 1.751075014767220807e-03 1.235563111901967796e-03 1.575553253015190766e-03 -8.203579553272069558e-05 -8.070395271895990054e-04 -7.369265004458687169e-04 -1.720496124527138128e-03 9.810838281125115322e-05 -3.155720951681170380e-03 7.011035929315629375e-05 1.057700236203508535e-03 6.724574987610993726e-04 6.712703490565902068e-05 1.012330376756797072e-03 1.593992011802187071e-03 -7.521412059408729778e-04 5.204866121793516077e-04 -1.783173536229651867e-04 1.242693131572435302e-04 -4.247131563054132850e-04 8.969912108266488680e-04 5.837378870643369954e-04 5.433791577851414820e-04 -4.396142551854422312e-04 -1.078235296020082232e-03 1.505613494485997551e-03 7.780006083414733788e-04 -4.389681097588233162e-04 -6.552015365991661466e-04 5.077276763825619649e-04 2.100169917226741591e-04 -2.535542217329298876e-04 -1.282196617640989121e-03 -9.098374040153443289e-04 -4.320107929423914138e-04 -6.196154727866014364e-04 7.462670911739570313e-05 5.671428240380516333e-04 4.098122601051299384e-04 1.007883494611612734e-03 1.519869184208222270e-04 2.902896974748714765e-04 -1.470157066677678555e-04 -2.487136052761029087e-04 3.205761827748729157e-04 1.055824879162567094e-03 -7.945776227460517533e-04 -3.914852549107864454e-04 6.740628305626498095e-04 2.840083059576663563e-04 -1.550292671177194595e-04 1.281011726613872617e-04 -6.403856865391852450e-04 -4.970748089313657448e-05 -6.610409402527992308e-04 1.164812176230244306e-04 -1.512831925358572608e-04 1.644525625303812073e-04 -8.385562997146193466e-05 1.498003764943455559e-04 -2.899311045254805556e-04 1.954520306500455017e-04 -3.704635164070020333e-04 -9.474337751698189256e-05 1.069743502914808492e-04 -5.082208896277613059e-04 3.116767313964300627e-04 -1.607386303739177902e-05 -1.415616933597307942e-05 9.373903482114404712e-05 -1.218514199378173072e-05 -2.820042983546795909e-04 6.133518639564629468e-05 -2.321012098566142834e-04 -6.216966160501799770e-04 -1.106739148173521226e-04 3.173189106549018828e-04 1.384587278067927194e-04 -5.188784943028171715e-04 2.485275100410470634e-04 6.264684785774947244e-04 -1.821011393703092355e-04 3.272782156206883704e-04 -2.218743249706258726e-04 -7.795691211427898672e-05 -2.498958379565598993e-05 1.704085554378619494e-04 -4.538541772243246883e-04 5.641602754654425223e-04 1.971414141540149447e-04
-9.027365718165454578e-02 -1.966368542553919782e-02 -1.688188064396069915e-02 -5.716226903364360346e-03 -5.464815201282396603e-03 1.217578370945527830e-02 -7.147473617541355399e-03 -3.974615710665488182e-03 4.186484409416540466e-03 -5.283227858389656813e-03 8.540085002269637597e-04 2.228690647475516529e-03 2.577996300829915599e-03 2.972848076478775943e-04 -7.696287039394369717e-04 -2.079658851366883530e-03 -2.185541215899935996e-03 1.261395406170164133e-03 -2.826680776605701873e-03 -4.626373479129138196e-04 -1.758053248836311888e-04 -1.004791312001856963e-03 -6.142077705419013043e-04 9.365216184109080404e-04 8.131048882589216433e-04 -4.656863637379269174e-04 4.733545985140498393e-04 -1.301286131314314046e-03 -3.899662682625388644e-04 3.268620747844338696e-05 8.815851761212246430e-04 2.998935581772379610e-04 1.304231903342105859e-03 4.165413864801072847e-04 -7.852227459894922093e-04 5.935699251781527928e-04 1.046812502346548520e-03 -9.384771133481472271e-04 7.687950973744782867e-05 4.371851465496126511e-04 -5.354434391536527088e-04 -2.021329600314153625e-04 -1.187286488379314491e-03 5.064819317668878398e-05 -7.001887655014259453e-04 -1.425059924019649049e-04 1.865746955839228238e-04 6.292471097882782827e-04 8.813196139978606751e-04 1.107150351410940680e-04 -2.615411736067936902e-05 8.262844923335720690e-04 -8.516478901584881257e-04 6.316536140881811624e-04 1.045627598428862815e-03 1.023610708701713301e-03 -7.029813743982399332e-04 -2.127491828532910740e-06 -7.009613687595157069e-04 6.727882022003081565e-04 -7.891573964216278035e-04 2.408104959683439971e-04 -1.265040801246348177e-03 6.978086919274474782e-04 -6.170226169066271842e-04 -6.296101694989629993e-04 6.677043620234589022e-05 1.755690363232342279e-04 -7.543654098029194685e-04 -2.941996105398682619e-04 1.086488153088869730e-05 5.741844892257730554e-05 -1.473292645518998621e-04 -1.194202585350173303e-05 6.329962697201421988e-04 -1.148683073074995009e-03 7.059252865345390848e-04 -3.360772879518936673e-04 2.347471977926361860e-04 4.474546609404485460e-04 -4.413909596483338890e-04 -4.834793630349411763e-04 4.256565016653610046e-04 -3.258384285731199788e-04 -4.064344112193087727e-04 -4.986926157132286273e-05 3.462639938505604172e-04 4.224868303766668209e-05 -3.149619830105511008e-04 -9.720722166113362215e-04 5.402907953111641673e-04 9.090339063054281212e-05 5.069767473674320667e-04 -6.729011073118301310e-05 -1.068806534383475050e-04 8.957921187817508382e-05 4.649269394061863038e-04 -5.166053777806104558e-04 4.237817181994382081e-04 2.758245913013482515e-04
1.045636345180860627e-01 -3.751840734212162631e-02 -1.749865268413181843e-03 9.410074515782273705e-03 -3.338722955951522499e-03 -7.890080577516099883e-03 7.517695507581794757e-03 8.045858100885747155e-03 3.309079235037435188e-03 -2.871790025043988951e-03 -3.569664757688838924e-03 2.646166490585533278e-03 3.099832514517089806e-03 1.306760805397831670e-03 6.136988244768727110e-05 6.825475349841970615e-04 -1.659834888933156907e-03 -1.879868365227123752e-03 -1.463424308791262370e-03 9.808849003992102782e-04 -1.234798201680071790e-03 4.421415046666653443e-04 8.537350444649220845e-04 -7.574135334668843488e-04 8.083656559651587270e-04 -7.193269894754029297e-04 4.755514234829007116e-04 1.671552583484434791e-03 -5.709913381962080942e-04 2.945303577754498133e-03 5.304166210189879957e-04 -8.182693403682506691e-04 -2.816876270356133589e-03 4.775115924780716113e-04 -5.003901191141357351e-04 2.186211992431129434e-03 1.238359893728319507e-03 -1.012243886782241515e-03 -3.108539124946267749e-03 -7.016875615956281748e-04 4.120078236374111365e-04 -6.493750867721837265e-04 4.442353684770959134e-04 5.278731823201546257e-04 6.451337753534617647e-04 -3.462358208020390425e-04 -9.003746979411971418e-04 -8.510583683674416075e-04 1.755261012118434442e-03 -7.971442929084826079e-05 -2.334377845360022328e-03 -6.336670383197566319e-04 5.729733510154378035e-04 2.018120594832516559e-03 2.394517849946289651e-03 4.322684880051918740e-03 2.191455333938302063e-03 -3.698738066809613965e-04 -2.032843215756263439e-03 1.152183619833374714e-03 -7.030630820925656832e-04 6.660958348114611816e-04 1.737061038040707875e-04 1.482366979791616482e-03 1.400729191441781344e-03 1.117912993513802029e-03 -2.216200126161506736e-04 -2.845009716321411815e-03 -9.759891526589708826e-04 -1.817694640041878562e-03 3.563016618396071017e-04 -1.300403996132035471e-03 -4.993343921186466213e-04 2.180734363274261457e-04 -1.448494593323001501e-04 1.067905962516616907e-04 2.006388578263780618e-03 -2.974478792538161418e-03 -3.098641229028602792e-04 -2.933614220047972760e-04 -3.689985014683114218e-04 1.015621908292743941e-03 1.076943034666894916e-03 1.483901278759903759e-03 7.754312435634608865e-04 -3.909653302007766798e-03 -1.549849175385816175e-03 -3.007700300588746038e-03 1.653751813058992924e-03 3.483495773595899660e-03 -1.519966583003678736e-03 -1.400201590949233022e-04 1.133885538087369858e-03 -4.716733521150822989e-04 -1.289846354183938129e-03 3.297496987954427923e-04 -3.112657099473640354e-05 -3.634492579041887373e-04 1.064089263045985001e-03 -3.008158886767599814e-03
1.654266704441217373e-01 2.130887221867940398e-02 1.380450472370420463e-02 -7.672015899990591511e-03 -6.448654230956114321e-03 4.147126883179854014e-03 -5.472214145982021161e-03 5.917865716291505727e-03 6.712766892901750153e-03 6.017371936710408766e-04 9.954691934670810254e-04 5.421686579865183834e-05 1.788835969239758019e-03 -1.314661633201404838e-04 5.747589986197798335e-04 1.270178665239682955e-04 3.963657357677756758e-04 -8.993337132984031892e-04 1.065772732008573155e-04 5.796755595612372797e-04 -9.292142619964638959e-05 -1.147978709730861557e-03 -9.888496762962726509e-04 -6.996422241058737992e-05 1.727169168371095898e-03 -1.277428787276833726e-03 1.298779318694437499e-03 -5.273021356258866072e-04 -6.675451423543576511e-04 -1.526970465807383224e-03 3.070748293955562029e-04 1.251094870329843255e-03 1.006845920790457906e-03 1.638087248977751758e-04 1.014294835034532192e-03 -1.351521174351536523e-03 -9.636852388437322676e-04 -1.648465982359221746e-03 4.024830793207042766e-04 -1.194475707940760231e-03 -5.780411664539855275e-04 1.493360089462582958e-03 4.378406225441003590e-04 -1.571249809426902063e-03 -1.436607511013978918e-04 2.230304667779457067e-04 -1.807706402701492665e-03 2.417622917609269732e-03 -1.241510878321122353e-03 6.052374151823692846e-04 1.685104831579414472e-03 2.456283664871532473e-04 -6.331366119092100061e-04 2.978560758928335103e-04 3.992107607369331859e-04 -7.236574215047196371e-04 6.231868117671381753e-04 9.501946875120797272e-04 -1.238917318117877875e-04 -1.706623249312578172e-03 -1.629381712584083920e-04 -7.831765202914065405e-04 4.502234843813951036e-04 -9.336166686141549953e-04 -8.719625144901016695e-04 8.096849419117975498e-04 -2.281136718227376892e-03 1.615727042788548708e-03 3.829380322307298972e-04 -2.364547286069247981e-03 -1.302494433953058832e-04 -1.973080636734217755e-03 2.535964640157224682e-04 8.517399602914988918e-04 1.441352752448993432e-03 -1.506929465546310654e-03 -8.463730821282546999e-04 -1.334906815926410056e-03 2.143296352563699853e-03 -1.668361171108089219e-03 -7.283047979135595640e-05 6.171641557447078361e-04 -6.915802605447747900e-04 5.739906558728983350e-04 9.288901916789834819e-04 -1.037844642313328399e-03 -1.789834775213182188e-03 -9.033069560775622677e-04 7.033255656143268383e-04 7.478051491769652009e-04 2.807676743278264293e-03 1.183194310198742603e-03 1.108577142873736409e-03 -2.767559604731347303e-04 -2.414968914411122318e-04 -7.793725024701416305e-04 -1.585343238979500594e-03 4.830664370462597369e-04 -1.658552976396062973e-05 -3.263360664587227353e-04
1.785380702795131003e-01 2.876923583186422311e-03 2.071673228960137919e-02 -1.548582908173781053e-02 -2.988564043548961290e-03 -3.656702373684807446e-03 1.648708990606058801e-03 -2.074097379160530833e-04 1.275166820356660874e-02 -1.616787712382143681e-03 2.692006597069047241e-03 -2.811979415632762515e-04 2.908546200230869780e-03 8.889086730580389841e-04 -1.244496212533264309e-03 -3.246539482830548330e-04 3.864856963143650619e-03 1.539630912728957033e-03 -5.262717817728190372e-04 -1.088670221865055323e-03 1.257585709998822188e-03 -2.570400431026422156e-04 3.473559485033850302e-04 -3.993409201612514834e-04 -7.514156322725936170e-04 -2.300993349568581856e-03 -4.719809379968596457e-04 -2.380461693487173017e-03 -1.344154368624578093e-03 -2.389265297406864118e-03 -4.164449318971160871e-04 -9.316599664186076208e-04 1.007375007421097615e-03 5.530742499069675943e-04 1.200796936612823825e-03 -1.850042535872680957e-03 -4.855232101208807301e-04 1.943381554642806394e-03 1.226452884570980320e-03 -5.664279277945946135e-04 7.811717226581470740e-04 3.721279866484014718e-04 -1.064621124216384978e-03 8.309352956221571643e-04 9.413400542261602744e-05 9.511842718041428786e-04 -1.580855010734217485e-03 1.950174651239095685e-03 -7.990037604216662344e-04 1.884948699532221217e-03 7.134774246136564232e-04 3.400438423579750361e-04 3.390626226411430177e-04 5.192105289821220463e-05 5.788897857245540709e-04 3.511057215413149711e-04 7.339241053107428215e-04 8.160178614978226953e-05 1.481481124040581125e-04 6.754461823390945719e-04 -1.505689942986465331e-03 1.696968526918787173e-04 1.144913785467800184e-03 -9.741442615957847774e-04 3.514747896084851535e-04 1.030817601941162991e-03 -1.653795993533346310e-03 1.043456500456602706e-03 9.680373522160032589e-04 4.390938261405710925e-04 2.230953420977531843e-03 -1.298172870721473924e-04 -1.464120405878990101e-03 9.940679115465146567e-04 -5.466434050508260818e-04 -1.051565740999116415e-03 8.087549380113988762e-04 2.192658465844299874e-03 6.872715517431748434e-04 2.768246761115177425e-04 -3.351051254492834865e-04 -7.794385728008514829e-04 -2.429752345592507494e-04 -9.021901279398083584e-04 3.251663213906840280e-04 -9.338607268255996047e-04 -1.997018416175793299e-04 9.996278398366476026e-04 1.234982263968582156e-03 -2.644067278616412005e-04 9.987620156841688513e-04 1.125135729291695807e-03 -1.619259324811081306e-03 -1.581754982097097705e-04 2.102273838202599766e-04 1.509029079237841008e-05 -1.934664288120023718e-03 2.589563921456329337e-04 4.106817381813217130e-04 -1.525091952296125323e-03
-8.561692720712592297e-02 5.199968173293325994e-03 4.744727200680811524e-02 8.517834242564905831e-03 -4.974117713776662029e-03 3.218611364655012911e-03 1.021610395372215055e-03 -1.111510178981908953e-03 -1.372799281664282677e-03 -6.237125289382455329e-04 -3.317794000979643228e-03 -4.752215293993729273e-03 1.983170949498367763e-03 -1.137706375140349170e-03 2.134996371254401903e-03 2.215659529541315776e-03 2.423623569311478786e-03 -1.145800495960999903e-03 -2.387625058745243198e-04 -1.060530376349172054e-04 1.570161146056130337e-03 -2.105601585153245216e-03 1.278575427333130147e-03 -2.481095937597333975e-03 5.460754138688353942e-04 -1.261426621131918693e-04 -1.444604915362467839e-03 1.159721781832454380e-05 -1.648306570428386374e-03 1.906848326090283515e-03 1.172698472592373234e-03 -2.946800838520517848e-04 -1.214449338304618301e-03 -3.000253020595908151e-04 3.169226861051440249e-04 1.338471036718157926e-05 -1.187626880719331235e-03 1.305240825669508342e-04 3.412851803935720244e-04 -4.393034943046523772e-04 4.276388033066666429e-05 -4.968493576188821523e-04 6.551289432929524766e-04 -3.302500051247075474e-04 -1.155317740541480674e-03 3.859091573022422846e-05 4.334997051957848553e-04 7.462732794743007865e-04 -3.535249605009396876e-05 2.997782872042273079e-04 -5.959182935320184301e-05 -1.387357949038410662e-04 -2.681363484304846690e-05 8.948393117619621957e-04 -1.036291814452729382e-03 -1.440693549579239265e-04 -2.453735211022580343e-04 -2.935180618317856133e-04 -8.002838764656615986e-04 1.976509519725228991e-04 3.591656090509852579e-04 7.323878919800675324e-04 3.999686272663181006e-04 -5.902143090893166116e-05 -7.372329271721450410e-04 4.692154862949537812e-04 -1.045488830499728466e-03 1.738812096512451196e-04 -7.073467246777369538e-04 1.399729176816593649e-03 -1.030807207809382128e-04 -5.357875073291334814e-04 5.105755991428572718e-04 2.474333599173406218e-05 -3.891833876200735481e-04 -2.993754967767080937e-04 4.882838785217194022e-04 -1.809870351669445182e-04 -3.369434342558751041e-04 -8.833744015629134850e-04 2.563126772233557580e-04 -7.180120367107717611e-04 4.114321412631229851e-05 -4.238031474890479331e-04 -6.573782898740768025e-04 -1.039869391602147154e-04 1.344202993540130717e-04 -1.314010474436801807e-04 1.586785613296284845e-05 5.459342492647555186e-04 1.332275169793474372e-04 -6.661577852835250677e-04 4.241191652856824757e-04 6.269976846231636760e-05 -1.244819393513215159e-04 2.076177684286205404e-04 -1.315499275300407935e-04 -3.867358471461244387e-04 3.737460587784066711e-05 3.631330217159552814e-04
-8.028696589552231089e-02 1.874313179852453437e-02 3.273686825120135369e-02 1.277948826111502748e-02 -3.078654978467224891e-03 2.455649227156305337e-03 5.436375150501197677e-03 8.058191304243243801e-04 6.730974478633794085e-04 -5.462668057503627028e-04 3.605036927492080798e-03 -1.331319906275160031e-03 2.476851495839199960e-03 -1.381878359856330077e-03 3.023830425761055672e-03 -1.320793632897198852e-03 1.423998766213740346e-03 -4.903503668817050083e-05 1.213286132221393391e-03 6.192653026400152900e-04 -1.202129471818812667e-03 2.258402817725872324e-03 1.665521368845459052e-03 -1.213080553940723837e-04 -4.200016893402669762e-04 -1.030842780102284332e-03 1.377155440983483315e-04 1.270937417063979034e-04 -9.230524106561826137e-04 2.252946537960488251e-03 3.007156372586526497e-04 1.174786194415759462e-03 -1.022793849815332176e-03 -8.552041443520610456e-04 2.249544519098636711e-04 -1.210330779010440703e-03 4.391809816075700415e-05 3.820721206762210339e-04 -4.849858640832847476e-04 -1.360421764319259689e-03 -9.854648013993834010e-04 4.825044266697185724e-04 -2.415673772339043106e-04 -5.604107972192591504e-04 -2.372511793806366830e-04 1.819050759565939612e-04 1.235710147619431759e-03 -7.472929604865921572e-05 2.274134892430088029e-04 3.189415642802687187e-04 1.542602387102374258e-04 7.418303606002814776e-04 -1.099211566134089373e-03 -7.627815328326445704e-04 1.567412183352041193e-04 -2.022533147324221748e-04 2.885901903359414252e-04 -8.307701358721780813e-04 4.464683486954815553e-04 4.067156507520758540e-04 3.959845070755522241e-04 -2.189124755471221146e-04 -8.445293535389300152e-04 -7.716174395677427144e-04 3.636791347751197742e-04 -4.470307799605130667e-04 -3.608751374310834167e-04 3.549599991115937113e-04 1.012019542369070976e-04 -2.999263211887853676e-04 4.320142306218835025e-04 1.027902987946040594e-04 -3.937646832904859390e-04 -1.209059927420044995e-05 -1.061225129171137278e-04 -2.114251268116181480e-04 -2.403674991013433546e-04 -3.852886033956125699e-04 -3.154561054341295089e-04 -5.112032760073806923e-04 1.354909627083062404e-04 -1.009892014817902547e-04 7.345521708859884078e-05 2.728118783034421020e-04 3.513376456657230497e-04 -4.817844419672911820e-04 2.910970787641150572e-04 4.284985382242666310e-05 -9.446489946480879590e-05 8.906190997962257184e-05 1.489110211284649964e-04 2.675835596675956904e-04 -8.848893485220887974e-05 -4.552547819421586895e-04 1.502629710022126280e-04 3.512289543378189268e-04 2.185151021253413774e-04 -2.909771428187191340e-04 -9.381570849137214636e-05 4.583737211178760622e-04
-7.718506566457362938e-02 2.459312619866930311e-02 3.774689893598429796e-02 1.871710380540823893e-02 -5.657746196369707777e-03 -1.218373011970415786e-03 6.723992341875341221e-03 6.416867290577905197e-04 1.225449410502615823e-03 6.218982046361405127e-05 3.737626816855554521e-03 1.417867991836491365e-03 -1.462643790012920549e-03 -1.026959985558236615e-03 1.217170451578865992e-04 -2.109466165889317419e-03 2.996404308342652339e-04 -5.438606152879390480e-04 1.207372419326557160e-03 9.210137929363001021e-04 -2.050301830538345081e-05 6.314691953495741444e-04 1.527844278904064114e-03 1.425201834197938568e-05 -5.140847004305567009e-04 -3.380410935114547353e-04 -4.283323627653492453e-04 -1.781556228636346729e-03 5.406879058980287059e-05 8.367260543799696958e-04 5.765253366974184678e-04 8.618126587430907778e-04 1.723427394528495981e-06 -4.807639970598625613e-04 -6.161863268730412334e-04 -1.006601280479852865e-03 6.771565638650059492e-04 -4.267750865742737433e-04 -1.470741057830180333e-03 -1.474927048315680458e-03 1.179147750880220271e-04 9.917310381677903620e-04 -1.111071043899077449e-03 -5.632815300014884464e-04 5.361244346273491036e-04 4.431414310940411794e-05 1.777789628416532404e-04 -5.918519159030633621e-04 4.616401915822816601e-05 -2.205488430017766102e-04 4.020833078919898093e-04 6.779416924223692718e-04 -7.036322403943586499e-04 -3.982314245182998289e-04 8.300344547488272464e-04 2.239771656603076970e-04 -4.542268166031582601e-04 2.016411262996104417e-05 1.563600065521421572e-04 -1.397050394865876428e-04 5.742935627702131602e-04 -2.064710439063577118e-05 -2.836065502889042827e-04 1.417195448741505489e-04 4.274565512096668808e-04 -3.167216541969969813e-04 1.877382564702129164e-04 7.412897465383501373e-04 6.562354220869277138e-05 -5.757834026374793060e-04 1.282622198454427668e-04 -2.528406492494907090e-05 -3.449516992017012283e-04 3.670869295092828013e-06 2.200071802649591110e-04 5.511314601275622648e-05 3.684917678078497767e-04 -1.186154794900933841e-04 1.220647677271703317e-04 -2.988673160119885056e-05 -1.089707453103735190e-05 -2.367501832343703121e-04 2.150783681686653235e-05 -3.439945293411875008e-04 5.716062485668425939e-05 3.070721689508698182e-04 5.493251170984999807e-05 2.475212424730366617e-04 -3.341873218158608291e-05 1.014319379799062144e-04 -6.540941511424471931e-05 1.807745956377987417e-04 2.548733747386048632e-04 2.663433594164287422e-04 2.072853081495492293e-06 9.294704006566439870e-05 -7.117250013795450446e-05 2.298358880224042654e-04 7.451448813313959313e-05 9.971498306648459526e-05
-3.978626489415144560e-03 1.392413463961270081e-02 1.596943890840145028e-02 -1.627821621765357732e-02 2.589732654407853746e-02 4.674593020657223652e-03 -3.317889871557541063e-03 7.228157749925311765e-03 -2.544291547499040636e-03 -1.591916675362178369e-03 4.190345049890879456e-03 4.076237496419602389e-03 2.217923599605607470e-03 4.623472762183623505e-03 1.836462228450644329e-03 2.262622751409714555e-03 -2.987262428005979693e-03 -1.902279791807317622e-03 2.543681392238892735e-03 -5.999211703677447645e-04 1.776085503833436940e-03 -1.886754257805710409e-03 -5.361089842243086994e-04 1.809089363939997332e-03 -8.623727153878839443e-04 1.251379638348839446e-03 4.916902062092731035e-04 -2.416039553000374693e-03 9.260748913760158971e-04 -5.716159341321389725e-04 -3.176399679244194200e-04 -3.123790651516795362e-03 -1.491982294749668236e-03 -4.466234120854942506e-04 5.426353903379067161e-04 2.422501669122288041e-03 -3.879935535204313639e-04 -8.009476641548620617e-04 1.843147443172001108e-03 2.378512297499027812e-05 -7.829527350988784232e-04 -2.405951849808715074e-03 1.206201001063454074e-03 5.283393836170905246e-04 -7.901434708662252292e-04 8.368757403965135754e-04 1.911466325747890208e-04 -1.602491954968589187e-05 1.996027727403321215e-03 1.191217481662305150e-03 1.966067413980942719e-05 2.063685240856856160e-04 6.813160585754909817e-04 -8.288981426756141663e-04 -2.264218707392405636e-04 -9.455837780348504501e-06 4.055227825388929086e-04 6.698103183685433465e-05 -4.981569608658653137e-04 -7.387816758909283897e-04 1.559434750398540565e-03 -1.868547456135198430e-04 1.586482151980866755e-04 1.947750313513497164e-04 9.165678662493433829e-04 9.223672164683308636e-05 1.405250149829999351e-03 8.908440855625500030e-04 -8.356508434393108628e-04 7.807942269258220111e-04 2.774841814630323597e-04 -6.544423911806238970e-04 5.699416922828448974e-04 6.585430146150963917e-04 1.400561616984875824e-04 -3.154317487053192822e-04 5.488632845015669649e-04 -8.465389281360343691e-04 8.749500904437972982e-04 3.522401599685070573e-04 2.332519991994787116e-04 -9.905703265597090405e-04 4.793969902173776470e-04 -6.250785553379805109e-04 -2.505476136077291062e-05 4.367407501278391534e-04 -1.900018063680394787e-04 5.243147651712400711e-04 5.039075553592269746e-04 1.665850387665360882e-04 6.149396268329908972e-04 9.283212659898689020e-05 8.154504123599170531e-04 -8.243968442473500070e-05 1.597758695420217070e-05 8.516597731312652245e-04 -3.921180190585561135e-04 3.468059710161349547e-04 -3.636003615802800419e-04 2.001065117721303685e-04
-6.820264121493710419e-02 3.328760196236033031e-02 3.883650906467230046e-02 1.943084971330093225e-02 -6.546210373732900753e-03 -3.566525070749885194e-03 5.247665554875059410e-03 -1.033505894465612356e-03 7.390168132283478353e-04 -1.207842858355712097e-04 3.636610248354104616e-04 4.024693193092641029e-03 -1.398140557137075380e-03 2.714108945673662332e-04 -2.573511882510071645e-03 -3.901259430959670531e-04 -5.098331810656439329e-04 -1.214229338631033850e-03 6.862254151805392541e-06 -1.526344929593700635e-03 1.205671103143104907e-03 -1.915076035273251915e-03 -1.105205995779364944e-03 -1.726643659366608116e-03 -4.613753122086611388e-04 1.311365157585744467e-03 2.790565081202209404e-04 -1.215524873663390709e-03 -3.325124162847616300e-04 -1.593352187814759541e-03 -8.231325820293653968e-05 1.351316774447694317e-03 -7.927762771883262204e-05 2.142034789259471001e-04 -1.701680608806096639e-04 7.586148070292591866e-04 1.421512433075194839e-03 -3.236410563703440483e-04 -1.142112551990777120e-03 -9.356070333824252714e-04 4.497513298779635656e-04 -3.921570642130088044e-06 -1.252610142070557063e-03 -6.637864843453189284e-04 6.618957300791146947e-04 -3.024646018659357346e-04 3.487879670274539556e-05 -5.163817048725857567e-04 9.001025327362967635e-05 -2.332089998635996243e-04 1.034368994905104808e-04 1.932786480258716398e-04 -1.258539929758265312e-03 -2.389713072157144966e-04 -3.901897392804145421e-04 -1.853865501400369024e-05 -4.976132197869226375e-05 -4.488844021160710526e-04 2.950766278527719075e-04 -1.627783161539620669e-06 -1.891922481695112275e-04 7.896088002834838701e-05 -2.775723843617033449e-04 -2.933332087891432063e-04 -1.161716521218572834e-04 -1.735839685962475279e-04 -1.269215829875526829e-04 4.079381715640018795e-04 2.462934995067221394e-04 -4.465292428204966539e-04 -9.779071426755158250e-06 4.632443468721858938e-04 -7.376601575106447265e-04 -5.704609839716525939e-04 2.083031034302875359e-05 -3.216993848286411054e-05 -1.479330396435450873e-04 1.953151351727742014e-05 -7.457269236427893633e-05 4.461312528447827509e-05 -1.379046743115152620e-04 2.725419670400104925e-05 5.951367780889482142e-04 -2.733888960590383351e-04 3.525638624473860961e-04 -1.801244743742666326e-04 2.753628309994834967e-04 -2.308898892339346807e-05 -1.048258170422415619e-04 -3.004465802935426047e-04 4.958093596967249293e-04 -3.845569371320965691e-04 6.612729715991842120e-04 1.657377560215522489e-04 4.274851313907088775e-04 -1.578742061738703888e-04 -3.139854415020170981e-04 2.482225347173229739e-04 2.869738059446357275e-04 -4.937231105523483656e-04
-8.253553495348509017e-02 9.182723971721712050e-03 2.155363381268459583e-02 6.805625396024847723e-04 3.183214429782510978e-03 -2.649321809847087882e-03 -6.004237968824109421e-03 -2.618201918246198384e-03 1.876202647938236693e-03 -4.985244283956240252e-03 -1.301125195909820249e-03 6.726947851102339261e-04 -1.069605853013585279e-03 5.999564463679515555e-03 -4.735535642460083315e-03 7.972068898132696809e-04 -3.084984640353333109e-03 2.129396304838270925e-03 7.399595793274940658e-04 2.964976360117052741e-04 -4.888692606837286838e-04 1.025947069054205857e-03 2.736113980337645242e-04 -1.037574043946609898e-03 3.566702570051910126e-04 -9.569769175871820251e-04 -3.042982484923168309e-04 1.863485978537884197e-03 -3.816736906783972498e-04 9.367027833786920792e-04 3.285316436618446515e-04 4.719784178782737726e-04 -6.377958441652407766e-04 6.619793071441579116e-04 -1.068820230029881701e-04 -8.023939039583428447e-04 -1.242209013057694010e-03 1.115210263334771032e-03 3.883312763689095886e-04 1.825275959717566820e-04 3.698926897788566205e-04 6.328951985959642900e-04 1.274308214046430791e-03 5.538575841545908488e-04 -1.121231943902959360e-03 -1.157946925761031394e-03 7.162927075484341139e-04 4.489885677778223620e-04 8.727795993675529986e-05 5.926275990448825765e-04 -5.880499183861005600e-04 -2.243023785568767177e-04 -2.595346771179052694e-04 -1.350527018557564631e-04 9.766861467430871298e-04 4.150990411745612558e-05 3.394944917175706585e-04 6.901764405339927758e-04 5.064592371544107035e-04 -4.489175127294257688e-04 -5.252445013017741950e-04 -2.582530343141189923e-04 -4.116362103811399727e-04 -6.093819440309460652e-04 2.170807491247967496e-05 -6.028764624364208813e-04 -3.433407533909893267e-04 -2.382989034241700420e-04 -1.311309485694981498e-04 -1.198420469650578554e-04 1.254142904658136896e-04 -1.759722801676982470e-04 -6.224394394366927850e-04 3.883466849729346534e-05 1.701718845644006981e-04 1.744220174121183557e-04 -6.640127568113964951e-04 -3.426167728620060156e-04 1.603444453828257348e-04 5.600712158620853526e-04 -1.678773489518615525e-04 1.358013510672663590e-04 3.969767847448218609e-04 -2.426118049219963774e-04 -1.285309972060796381e-04 -1.600986933736182777e-05 2.447001957478154026e-04 -8.066401512888699292e-05 -6.016188978622638388e-05 -2.164840447128111407e-04 -3.928719301853015325e-05 -8.097454807411116125e-05 -1.080195222769625603e-04 2.752336002074954658e-04 1.358161245457464666e-04 9.016752988995487775e-05 -3.234038214424480185e-04 -4.363245065018798042e-04 3.713495598392827727e-05 2.630560171486785379e-04
-7.182183962305108138e-02 2.590925601698396488e-02 4.717166416357660569e-02 2.288394123703598598e-02 -6.625584265134169294e-03 7.486662085145076801e-04 5.911027072645047217e-03 -2.180473022217718597e-03 1.202188309542401128e-03 2.213188600296914492e-04 -6.173197633654782133e-04 1.394006483467748842e-03 -2.214470815493484602e-04 -7.822744627833908308e-04 -5.688655460171296177e-04 7.623076741498451513e-04 1.112902280013219674e-03 -2.173442874076798176e-03 2.767265073356661601e-05 -1.871148029369989942e-03 1.387851323428503656e-03 -2.824452789990362055e-03 -9.555455594535248749e-04 -1.412108961427889584e-03 -5.412127538360873787e-05 2.175186721841732614e-03 -3.233818578353006503e-04 -1.760815747629197910e-03 -4.690245088097212038e-04 -1.116478766705323320e-03 1.012474524868235215e-03 6.052383028607360437e-06 -7.671743378015704858e-05 -3.400456883848310455e-04 -1.115302502404823129e-03 1.330308729252780873e-03 5.904324293389230302e-04 -1.310981362735477848e-03 -2.706070850112705581e-04 -9.140019780142594284e-04 1.737559244205958092e-04 2.531043588657233057e-04 -8.575721869304226601e-04 -1.862524266121375483e-04 2.791569479924237867e-04 -3.294175347423726496e-04 5.573495582505082722e-04 8.456992178811329440e-04 3.324434924651315285e-04 2.620708757860625297e-04 9.754098414296151910e-05 4.083353600470889986e-04 -1.229425532230448001e-03 5.120172124064105218e-04 7.753975532926387455e-04 -1.096462153200660850e-04 4.280203081039183938e-04 1.008032003677771291e-04 8.159378413497946070e-04 -8.337518968465359266e-04 -1.099223898026205565e-04 -3.564532325188142178e-04 -5.351968987474653829e-04 -1.881849676069030620e-04 3.641249937853382676e-04 1.185401015354064255e-04 3.237884099277245614e-04 -2.642024423718974165e-04 5.364151979812513404e-04 -3.540421691485090517e-04 -2.441394390667711014e-04 8.332475972342986775e-05 -1.180553604273800741e-04 -2.293901095221000184e-04 9.519301599942667246e-05 6.347488982871551380e-04 -5.238805687568548778e-04 6.410970551232925184e-04 1.906401439991384640e-04 1.053257866001827041e-03 1.360299222755336889e-04 -3.169201419273607006e-04 4.586549282955813714e-05 4.635698807826392530e-04 3.916700107476138405e-04 4.281031180428264806e-05 3.599216702126949380e-04 -2.115473635241588808e-04 2.881656678975707490e-04 -4.194926277910505778e-04 -1.844304849879706764e-04 -9.778982506084806035e-05 -5.888385599810919894e-05 1.369965735631528247e-04 2.571072733414498605e-04 -1.851324060106501106e-04 9.676658936570112788e-05 5.004426093139403712e-04 -9.892654232027007978e-05 -5.851227276903490449e-04
-8.245762725555634554e-02 1.834135710746802664e-02 4.075189325403383994e-02 1.258659738986624144e-02 -5.279314161354739694e-03 -1.080344680404732348e-03 1.788673683251994218e-03 -1.319036240026761047e-03 5.514050047151560375e-04 -1.800013175324949484e-03 -2.454869365416069622e-04 4.662555322834894211e-04 1.284693116906004192e-04 1.917446589492692892e-03 -1.636732891657113930e-03 -8.649262677292072587e-05 -3.429764790105071398e-04 -1.829999257530560692e-04 2.892091024824493001e-04 -1.894495795819571701e-04 5.327479721541963096e-04 -6.217586519238305987e-04 3.421560451885620208e-04 -1.799718271225789722e-03 -1.688132090972194362e-04 -1.876944686737376864e-05 -3.872504738094945760e-04 3.420774567929696179e-05 -5.228638143026685193e-04 7.959846882174471299e-04 5.084851586904145767e-04 8.082555750514711958e-04 -2.677786543526979317e-04 -3.838558029438228708e-04 5.068676728996913277e-05 -6.111619255135746723e-04 -3.424980967000111165e-04 -3.211835049667923978e-05 -4.341554265070248809e-04 -9.448698762519089052e-04 3.054449256299952170e-04 5.604079072475720612e-04 -3.225710113552348528e-04 -4.992163220044838669e-04 -8.891731336160484209e-05 -1.790529019360440999e-04 3.321666393231002151e-04 1.224926135556305155e-04 2.350012605189405761e-04 5.700195550573880238e-04 -1.001400531255696038e-04 -8.314640238628738284e-05 -4.843555533391875195e-04 -4.474265705124188370e-04 -3.783760371012517961e-04 4.492945408482561123e-05 3.621702829750463189e-04 4.063018892122102917e-04 7.581974722002276818e-05 -1.027863033181028544e-04 -2.520197717041464136e-04 4.524481869458457282e-04 -1.731318867012730139e-04 -3.639499964932030253e-04 -1.615719410260314326e-04 -2.771927293923413913e-04 -4.000427708422227106e-04 3.139697464679659466e-05 3.829815907803683223e-04 2.867940182076339603e-04 3.740026323181129238e-04 -8.796975209166590687e-05 -3.401842610893994706e-05 -1.850789003581209096e-04 -8.539222638263080638e-05 -2.482392141507309274e-04 9.783812873504533646e-05 -5.974197161771078188e-04 -3.626120915978916018e-04 -4.881451826182541735e-04 2.584450547250122243e-04 -5.630197116350216333e-04 4.741245124221749800e-04 -6.212976919911594265e-05 -1.537307870538743106e-04 4.817049303616733431e-05 -6.717617425029946026e-05 1.151021997376964448e-04 -1.396689883540179499e-04 -2.550994842112866992e-05 4.721591383093832507e-04 -5.487293074868059527e-04 6.773510627357091788e-04 -5.588526129720389668e-05 4.342401830817818479e-04 1.798042486657317385e-04 -2.501935382088560172e-04 -1.367924238674931615e-04 9.665339996297739463e-05 7.805771888965804971e-05
-7.837508131990982008e-02 2.166645939715280966e-02 3.783708485417147660e-02 1.405950638676340542e-02 -1.967347511308404457e-04 2.413003773876448970e-03 4.349112899440289205e-03 2.187751826491904144e-04 1.858110275920824440e-03 -1.209712722464787804e-03 3.406097238165525787e-03 -9.884111073811733639e-05 6.169925505636989242e-04 1.199578431447382567e-03 1.257650776488932311e-03 -1.569570670308143142e-03 -1.615480057051720854e-04 -5.441349876169236177e-04 1.833418299672595186e-03 1.084499362734536038e-03 -1.934653969156796094e-04 1.267751523917012109e-03 2.293953934545336134e-03 -9.267347070021162694e-04 -3.400248267368634531e-04 -5.559985932349467740e-04 -2.602883862563029420e-04 -1.514190824918092496e-03 -7.247820986706031421e-04 1.922500939305704778e-03 4.676243553295974858e-04 1.393995333785340600e-03 -4.536916153631444367e-04 -6.725509122265030523e-04 -2.781822577288001349e-04 -1.488759702013274641e-03 3.681594060721884174e-04 -2.567267591645923364e-04 -1.691124528885769177e-03 -1.561651800184306457e-03 -1.384130267786869248e-04 1.339214164626154752e-03 -1.300729959479219201e-03 -4.732339047451780147e-04 1.453820032599514433e-04 -2.293427268540472203e-04 1.030717519611949609e-03 -3.612580421188600925e-04 2.332689538473626026e-04 -6.990702291651535827e-05 2.618472828833922229e-04 6.940355615009835858e-04 -1.215139310496992330e-03 -3.325961317225614050e-04 5.126113193210956633e-04 1.675356672391608832e-04 -3.766535022121614924e-05 -1.582832697724175961e-04 4.665677333512727545e-04 -7.204126478456925379e-05 -4.607313795519643113e-05 -7.309582908797372116e-05 -1.007227421576793952e-03 -4.771760582844318597e-04 4.078536007133268053e-04 -4.535546332585232033e-04 -1.621343063203706562e-04 4.128043884739671467e-04 5.389094015980858002e-04 -7.489216489503035907e-04 3.398918664954851611e-04 8.232785056959087463e-05 -5.718985326014988657e-04 -5.401097413760383480e-04 3.847513928418004202e-05 -2.449960430890879451e-04 -2.644026816804558510e-04 -2.645697914538576727e-04 -6.479487036930111667e-05 -1.169492253189668887e-04 2.266717835205704309e-04 -3.192405251934165200e-04 4.997836490001110943e-04 -2.019512547148513888e-04 8.491006379017203634e-05 4.167145248834291146e-05 1.017763889051762066e-04 1.558019632690855170e-04 -1.270217662408492016e-04 -1.938819894811868690e-04 8.616328507329310481e-05 -1.472531675604387444e-04 4.379682477029574889e-04 -1.269834137489276162e-04 6.100745976710507124e-05 1.286870279592666527e-04 4.097742339770320686e-06 -2.462985038806695827e-05 1.893864089942322727e-04 -2.484769446783034351e-05
2.009767277444302336e-01 1.994855649815017659e-02 1.938552168604907450e-02 -7.798274327789257547e-03 -2.069476292711980303e-02 8.938465850568792087e-03 -4.254253368792096195e-03 2.523554668836619670e-03 1.212089780599132083e-02 2.677660371219897813e-03 2.188872868722986469e-03 -2.579793131443243806e-03 -3.168783791126214121e-03 -7.368140332785484518e-04 -3.007592833033097702e-03 2.816304815180395785e-03 -1.211049468121438164e-03 -1.468615390933369598e-03 4.246261797811934878e-03 1.085733821204648954e-03 -3.691729705992709536e-03 -4.560874370003169405e-04 -1.891265610296904423e-03 9.579999522997655883e-04 -1.847471741625793761e-04 -9.462953308846863958e-04 8.745921162331573131e-04 2.170560225002370232e-03 -1.806344951904623793e-03 1.537171296708556316e-03 -1.320443185621265891e-03 2.649686565905028622e-04 -6.883140813971770676e-04 -9.200289415915259214e-04 8.370912919385640203e-04 2.433713418257551532e-03 1.099611705383569168e-03 -1.733320495833588814e-03 -2.371179777992630936e-04 -2.805362474480645467e-04 2.145992058999766656e-03 3.244076254927403115e-04 6.584368124236087295e-04 -1.352924953094300454e-04 1.980586594832281250e-04 2.213294681399699667e-04 -2.305524845001135563e-04 -3.855441513126533592e-04 -7.752139194824017501e-04 -1.033693322325786963e-03 -1.167968812808361980e-03 -3.940224587699046638e-04 -6.487899659491388029e-04 1.062853440887302249e-03 -5.450023975089769582e-04 9.564470956260367378e-04 -3.801287002479132333e-04 -2.489363270315952752e-04 -2.111983956960480099e-04 4.872375337589716026e-04 1.852981150536431266e-03 3.649747085769813838e-04 -7.494894545522402416e-04 -4.127273093700546875e-04 1.286296523320705270e-03 -6.710271334441827171e-04 6.476312016369467975e-04 -2.841538634287610397e-04 -7.969959466331446424e-05 6.834786307287349242e-04 -2.134563988035940302e-03 1.476699410866631724e-04 6.373184768821251508e-04 -7.698152520924344665e-04 -2.310801056858394439e-05 3.557918358823400655e-04 -1.493313512260945920e-04 -7.383918172461139068e-04 6.379128785846768269e-04 2.954698261464687534e-04 1.963559555043299206e-05 -1.948198002566008601e-04 -7.734163020609724493e-04 1.385772515181858504e-03 -4.824482448164796019e-04 4.905142768362317270e-04 -1.148132646517910664e-03 -8.822659925905416848e-05 -1.065568313770113001e-03 -1.215308661550151261e-03 -3.053232469123774023e-04 -1.969836152895142385e-04 1.619804205939673325e-04 -4.901583550926278060e-04 5.969489848598000812e-04 7.167475882302518618e-05 -3.183643236291253055e-04 -4.658874545352560659e-04 6.335586640761982141e-04 1.614080910957543227e-04
1.842838414419702697e-01 2.176843566452127312e-03 2.241976739648158384e-02 -1.773465177403655418e-02 -5.671394226463464909e-03 3.475441018590044121e-03 7.071359863532832198e-03 1.194683886612600652e-04 1.311080437344695065e-02 -5.196718798644492897e-04 1.908778956274637464e-03 -3.477074666050153644e-04 3.021271363782168954e-04 -7.150667603243309346e-04 -3.745912105642513514e-03 2.983694508682354558e-05 2.219987888051217721e-03 2.791615336999421753e-03 2.131550139858681833e-04 -7.463366399550653988e-04 7.180378876722715541e-04 -9.369537962434559342e-05 2.005387601857856923e-03 -1.348868874342263550e-03 -1.446989371940016634e-03 -2.781177980271704216e-03 5.718445869308996701e-04 -1.919223371055026398e-03 -1.249377175734502120e-03 -1.875833540294546443e-03 -4.244693314938295290e-05 -2.331576365104668855e-03 -7.246686820219749555e-04 1.481844892059364376e-04 1.036709866703654833e-03 -1.117299055019429751e-03 -2.902654601278404788e-05 1.179497387726034276e-03 7.781506644329739403e-04 3.540760758937934634e-04 1.890303728597154855e-04 5.240821343008009907e-04 -1.964197154185404399e-04 1.720575554452038114e-03 -7.744049934693847685e-05 1.113518355075797947e-03 -5.754128563634986404e-04 1.002418092354415277e-03 5.908617131966713504e-04 4.285918392234716167e-04 -3.966574149915041807e-04 -2.220561847517496957e-04 5.813565487908882706e-04 3.342611991648331482e-04 1.603796555197950654e-04 -1.642009421435288081e-05 1.961952512744442054e-04 -5.396207786178630963e-04 1.020961503264949380e-03 5.272991293908649464e-04 -6.931642030362329199e-04 -7.779268407646714985e-04 8.435431639941163391e-04 -5.620185099726897945e-04 2.084711110832210756e-04 1.580460433091272104e-04 -1.739139094784100767e-04 2.206495894917622966e-04 4.180886930079494735e-04 9.342570526045338710e-04 1.743522532596142923e-03 4.961191267734553923e-04 -7.766684527996675505e-04 5.964457501064114727e-04 3.473904014332047040e-04 -1.335158696626715215e-03 9.347006076303507717e-04 2.052648289074985102e-03 -5.307222760970632539e-04 -1.979166307313656758e-04 1.706950560883491934e-04 -9.735832424929680672e-04 5.423420272499965224e-05 -3.911550656134798369e-04 -6.129683206504705616e-04 -5.923858904167612254e-04 7.381437432729979695e-04 1.233202085833708063e-03 5.523803221136916160e-04 -3.562479756280234307e-04 -1.435739832160024161e-03 1.329527285059578534e-04 -1.140624734807762402e-03 -4.040363566774643434e-04 8.453965813179505854e-04 1.497097384790407723e-05 -9.102907294547186480e-04 -1.383173493187362198e-05 3.279467906381174427e-04 -1.673954165439623656e-03
-7.291834251010445578e-02 1.898312063930715152e-02 2.506143904096281086e-02 5.341172503652100861e-03 2.710509371220168155e-03 -2.611355256201242179e-03 8.572146577636160581e-04 2.542611951105667491e-03 1.315948073407032025e-04 -1.384007310230826304e-03 3.787558970671937690e-03 8.292195881389388809e-04 4.107319832692850662e-04 2.747194923016504486e-03 -1.369891929502578456e-03 -7.833450085733622507e-04 -2.100435885120354070e-03 3.618532522562748757e-04 1.123374493151142219e-03 2.040946696037313803e-03 -1.567050761944591575e-03 1.979202902197351333e-03 1.574336255806706294e-03 9.184629351585088064e-05 -2.472365255162138403e-04 -1.116094495401434268e-03 -8.186105255621614965e-04 -1.318859638501258401e-04 7.080747616703188816e-04 2.072261045466215583e-03 -6.197375141770292747e-04 7.393356096052887015e-04 -4.952334929829527253e-04 5.666277712472509538e-04 1.019893304537053142e-03 -1.993958000940789649e-03 -9.454232759256664344e-05 4.779835819010961229e-04 -1.143036274773844355e-03 4.563342104644392100e-05 2.411652837163527109e-04 1.438984218126900146e-03 -9.682884511668966854e-04 3.668324770118687938e-04 1.209963254821463534e-04 1.226186602718533976e-04 -4.203428285160186852e-04 6.256659388662510948e-05 -3.331283789578941171e-04 -2.560611634626559817e-04 -2.204484393241376572e-04 -3.561008117154718924e-04 -5.279357513640890357e-05 -1.231390043021254432e-04 -6.030111605340529330e-04 -2.122407000536550604e-04 -1.755694913599533617e-04 1.974265440846651560e-04 7.180673002764555776e-04 -1.269632246178899182e-04 -5.249511040573961182e-04 2.766990228376961861e-04 1.892492258659509460e-04 1.075374515094758006e-04 -5.176851885589218820e-04 -1.332798730086116727e-04 2.526535834233894422e-04 3.261419565149482002e-04 -1.191837865703676504e-04 -1.716473584045568788e-04 -2.562535320662273882e-05 -2.499132983964227417e-04 4.046135605497878582e-04 1.715892762297557971e-06 -6.383095898657800173e-04 2.358795757165230752e-04 2.177809300426549149e-04 2.061022492066883524e-04 -3.324593570586131005e-04 -5.378648274722597515e-04 -1.387237631496474456e-04 1.624878392831146095e-04 -3.233208250643490638e-05 -2.809358299715109040e-04 3.155871145495543978e-05 2.293462488096547735e-04 -1.858070184718290383e-04 -2.248374672384380194e-04 -2.222784050448382343e-04 -2.740811264998060394e-04 -1.939476863006613528e-04 -4.415657919069244128e-04 5.474140720705428665e-04 -1.379874313558137038e-05 2.318455498107335896e-04 -1.059048689417810995e-04 8.557692513197941435e-05 5.647921512618760131e-04 1.122768563648903032e-04 -4.280578293254505692e-04
1.390128509612439944e-01 3.839439672244332469e-02 1.047257944070382335e-02 -4.712771748102110789e-03 8.866604363513355420e-04 4.673755574625879788e-03 -5.850359577746325895e-03 -1.006505641915100488e-02 -5.311560130225356433e-03 6.572170411179605563e-03 -3.574027790645970589e-03 7.355970544871141999e-03 5.966558344462126635e-03 2.307998629261897704e-04 -4.403282087239720013e-04 -4.366709778617516684e-03 4.225116833592423501e-03 -7.490418786569205374e-04 1.531781278704746853e-03 2.808883944984047042e-03 1.618855436169455795e-03 -2.185280802911429131e-03 5.099795278587501007e-03 4.382177493401064809e-04 3.122631974636344565e-03 -1.532316015232837274e-03 5.653372355177637776e-04 1.916021484193525725e-03 -5.462205031212223486e-04 -8.226693172455926909e-04 -7.746733579004835835e-04 2.156428905609821022e-04 1.160107105087783809e-03 1.822296825196895132e-03 -9.130880219673000999e-04 1.111367480209337179e-03 -3.463859423101723267e-04 -2.117623008295268941e-04 3.377468276304833946e-04 -3.043142071062609677e-05 -6.980732631048118184e-04 -7.284244709867666000e-04 -1.247552695644948246e-04 -9.189619715493951195e-06 6.046003481868311382e-05 -1.028584130150293730e-04 -9.414492273209054988e-06 4.745348784365879900e-04 -2.821614461414056769e-04 -9.524131696485955631e-05 6.910046811136020693e-05 3.261083539569496086e-04 -2.865732918912036807e-04 2.098504657064970255e-04 -1.995562280914632498e-06 4.002961327321127264e-05 3.203411034532722902e-04 -4.655117210601359253e-05 -1.822676852722594646e-04 1.343494576198663688e-04 -1.069189026027032131e-04 -1.104384103796437892e-04 4.051679658511822958e-04 -3.095409637902905441e-04 -4.013307688214407367e-04 -5.100948955808032553e-05 -7.443034486909972584e-05 4.616867935883003774e-04 1.702980650932512253e-04 -3.038363162046932167e-04 2.053718247843088396e-04 5.626786558170212085e-05 1.646728443883704342e-04 -2.524823692093099885e-04 4.586003808602995361e-05 3.150331778056836328e-04 2.340283632663346322e-04 -2.092725899904886318e-04 1.324864797705007714e-04 -2.738042089908943836e-05 3.381133639016552488e-04 2.915412394426018469e-04 1.332550511438540552e-04 -3.423763526115183289e-05 -8.638799542414358286e-05 -1.627108533170439433e-04 -1.497419472263586069e-05 -1.065119613771226150e-04 3.546663357234534680e-05 4.531548405710522621e-04 -3.463987655313933620e-05 3.193044980368012708e-04 9.151659593297649159e-05 8.315045687829120992e-06 3.666855610665892425e-04 -2.177722538748356248e-04 1.939004882156972265e-06 -1.387983464410642669e-04 -3.642915393075280104e-05 -1.425261914297890368e-04
1.676631987657867251e-01 4.014583600823719983e-02 4.773851057322605826e-03 -2.723045399058848792e-03 -2.021344321228356420e-03 3.386686263229592066e-03 -8.093820252930353579e-03 -1.482689401705095805e-02 -5.605962527104203959e-03 3.827856207178925631e-03 -5.010558222395611935e-04 4.255930112799836962e-03 3.408333685014683801e-03 5.385680323011474450e-04 2.810244268209232971e-03 -2.921638657448606246e-03 6.068695779335124682e-04 1.166349478187759907e-03 -4.378853279593684293e-04 6.333657886536758850e-04 -1.018485703576860798e-04 7.205359023102000937e-04 -3.840505856797212983e-05 -5.064265340637330495e-04 4.521700827737910790e-04 1.260351165481196937e-03 -1.268602239117860462e-03 -4.791399541832009929e-04 -4.218689113518879377e-04 8.666792249862988792e-04 1.989187748818393043e-03 -1.156993353855074189e-03 -1.811658501171266550e-04 1.349274011876650187e-03 -2.724474153948538112e-04 -1.074812775107982215e-03 -8.572751852575664563e-04 2.543226933292613216e-04 -1.122339594994709294e-03 -4.906521995277742442e-04 4.865093483169413030e-04 1.620022715059590303e-04 7.699862353373849522e-04 6.751363134935060113e-04 -2.440433505232093294e-04 1.285705833231364382e-03 -2.927506331679897056e-04 1.278795199140776782e-04 5.202120970241663018e-04 2.163479897376458243e-04 -1.634928191755344795e-04 -6.390699774179188757e-04 1.151322199182767698e-03 3.484727607168596831e-04 2.629575895528656428e-04 -1.950643204087937297e-05 2.473178427318414407e-04 -2.761292877533582627e-04 8.845702999817117761e-04 -3.009666289893325741e-04 2.276806861169827431e-04 -1.320198775523309057e-03 4.880977901133711047e-04 -3.093850211349067790e-04 6.744696717663860308e-04 3.633240769280483428e-04 -1.725048453247398131e-04 -1.062514093796103776e-03 -7.298525996967578739e-04 -4.296733546413264958e-04 -5.485875400025855188e-04 5.163160149450382163e-04 -2.821244192997015383e-04 -5.630194392951867050e-04 3.975347810049828057e-04 -4.917482095770647635e-04 -1.362081259198939180e-04 -2.757023461595320391e-04 -2.114679089508194915e-04 -5.745040071633852148e-04 6.922855120042080499e-05 -1.075303950704831999e-04 -7.315822495931306041e-04 1.397549225816755152e-04 2.265367160331187573e-04 2.015317995493568360e-04 -3.561117732859813020e-04 4.664656204377509263e-04 -5.875421015501617597e-04 -5.792469312929010355e-04 4.028025439856575823e-04 6.061715182507485027e-05 -1.744649949954776272e-04 -7.379876031248129575e-05 -3.393469856498502850e-04 -2.292981888684216744e-04 -3.934266493205284946e-04 -7.615345401826048815e-05 -3.576290282765938087e-05 7.816960044833641378e-05
-8.306461747939704321e-03 1.608602415646174025e-02 -9.690137861898361418e-03 3.619708103720073889e-03 2.014809411086014579e-02 5.672882557524513286e-03 -9.162514570993939868e-05 -1.977924065324715951e-03 -2.429486744400671545e-03 -3.023328126392383578e-03 -7.657318147215566757e-04 1.726622827906018295e-04 5.013567391180331206e-03 -2.129264883019240263e-03 -6.170401405856742148e-03 1.128816935591372755e-03 1.540188290558559261e-03 -1.745724762986370195e-03 5.096920080799220921e-05 2.112293917266446289e-03 -3.940054368628877549e-03 -1.621937613705264937e-03 -2.500473149130121898e-03 -4.153805622570779974e-04 -2.973886227630662821e-03 4.845742188824981038e-04 1.452059771428556136e-03 -3.097942877023803637e-03 4.429885626631253556e-03 1.266936956029909075e-03 2.468245850904510034e-04 3.062925289728174807e-03 -4.279075695489694721e-03 8.361586455212829515e-04 4.317137938789952756e-04 1.331285863525707948e-03 -1.366000313986919824e-03 1.520924273412601908e-03 1.280066396210803375e-04 7.162185396672088354e-04 3.850749237869793731e-04 4.123621609106187529e-04 6.411406802296421763e-05 1.725592054716642860e-03 1.662244603590376903e-03 1.700244411165527684e-03 -6.797683546591501121e-04 1.029099563177963148e-03 -2.353541035362702251e-04 -8.252528845589437306e-04 -4.350851765595547226e-04 1.897496608226785812e-03 6.109818872650356640e-04 -1.821168670491609678e-03 -2.870506306890446748e-04 -4.954711101094728464e-06 4.192365329298110895e-04 -1.387094175743754576e-03 -3.713061583009862640e-04 3.490217868433181806e-04 4.799285154631537857e-04 -3.930782532300296033e-04 -1.433322337273261514e-03 6.484484161951962903e-04 -3.298727549561196893e-04 1.860309611050609728e-03 2.569158670757733525e-04 -3.353627267411617889e-04 -1.603418665809877233e-06 -1.930010180680407608e-04 -2.573838818202445092e-04 1.697479480564659466e-04 -3.682115534170786182e-04 6.054736409696585700e-04 -3.559239793991500245e-05 -6.570972110184779063e-04 -5.576538648949372129e-04 2.654655593648659975e-04 5.495293814670341656e-04 -1.395575429354616469e-05 -1.949433731560831480e-04 5.545290551453569252e-04 -7.926548132918266295e-04 7.507263602835059454e-05 -6.807008529393589105e-04 9.706715775317761906e-04 4.525962681176036819e-04 2.054850430633594260e-04 -7.758973365569068841e-05 -1.666199935466927652e-04 -3.347279944291944756e-04 -1.352087916826971248e-04 2.460468042773799203e-04 8.009956986348445128e-04 3.810922158030203952e-07 5.583447036806692956e-04 -7.108841038021486858e-04 -1.930762014455949117e-04 -2.537107213923668852e-04 -2.342738026130249357e-04
-5.851024148991543911e-02 1.521931793222650780e-03 -3.563348042837057722e-02 -4.723116589399486650e-04 5.978945834087753125e-03 6.845034399191325669e-03 9.800828811428569879e-04 -2.363287637311275308e-03 8.506364902844926190e-03 -1.874591657868258021e-03 -2.164195387428566059e-03 -1.291832146763003634e-04 7.397496558047201480e-04 2.022148969357598185e-03 -2.665824403687472354e-04 -1.128331694760318716e-03 -4.180544630426415078e-04 -9.245635469510134425e-04 -2.389746722922500609e-04 2.910587989602311083e-04 -1.609116141942613107e-03 -2.645059501116056588e-04 -5.402211084586450770e-04 -6.049520408728536764e-04 9.824141101851579030e-04 1.223432013946180574e-03 -9.590184397018754539e-04 -3.848441376641467009e-04 -4.993434410480077193e-05 4.803923547308108105e-04 -5.399644971295542199e-05 -2.004904694027354853e-04 1.239268476764071331e-03 2.356586301404498560e-04 -1.640651031169700416e-03 1.371782973397872932e-04 2.062166730664476610e-04 -7.800455983086231754e-04 -5.890068864524772773e-04 -7.920016835164042244e-05 -8.918034565922257654e-04 -6.391678934119422468e-04 7.327353355562617968e-04 3.217168448305372818e-04 1.013324605315598986e-03 4.834174011025720377e-04 9.884744475562112309e-05 6.401065849271890280e-04 -1.116327142834555483e-04 -6.594966545816982823e-04 6.184630812205275680e-04 -8.940705572526291963e-04 5.327030232653606924e-05 -6.047747674065473596e-04 -5.052866365300400214e-04 -3.821073941968922702e-04 7.805817939120974938e-05 -2.650011094003407348e-04 -8.986972900554292785e-04 -4.488877710355264144e-04 -6.636780177215816493e-06 -4.352401709360582092e-04 3.182103133617977505e-04 4.491002429173635989e-04 -2.333256010066255904e-05 5.926060783906668937e-05 -6.712042788472557305e-04 -2.151817537412988935e-04 2.915249137159551477e-04 -3.158341385554829764e-04 5.336498026221219489e-04 4.625157132036989381e-04 -1.444199220421739903e-04 1.158988825557824369e-04 6.562961702454458935e-04 5.163598362856859723e-04 8.520055891289624907e-04 8.078711231773101392e-05 1.544187305533306913e-05 -5.402720891809084875e-04 -4.566817586415276506e-04 3.245565013059919851e-04 2.549237981594552481e-04 3.272889974574762217e-04 1.689292951165153740e-05 -8.073133177778403242e-04 3.254099739724797356e-05 3.496137438580893572e-04 7.176906732952017046e-05 -8.034280528805567241e-04 -2.231918721303974664e-04 1.526383060122985338e-04 1.794344178700952057e-04 1.248564105758143800e-04 7.861432131232328185e-04 1.775890122120997905e-04 1.865951802860236163e-04 -2.344962828323132736e-06 4.819991056971243836e-04 5.775734050644721522e-04
-5.055064691402354898e-02 1.138284776045450641e-02 -3.640820691485091576e-02 -5.295399588271673674e-03 1.524070133593728076e-03 -7.548224026939386565e-03 4.256258394896468567e-03 -4.520795366720944388e-04 4.806174689198044851e-03 3.277897225199964681e-03 -1.785972014850880979e-03 -1.542949249692485928e-03 -1.981457971880285721e-03 3.122150826865824802e-04 1.850973420309461829e-03 2.125717421799357219e-03 -4.154880933582753106e-04 -1.741558768941410583e-03 -7.336055275598214243e-05 5.749003739089496344e-04 9.462518054995578732e-05 -2.486035035558768107e-04 4.944742083852529104e-04 3.537205661584710381e-04 -4.190589355736142247e-04 8.094063136641412460e-04 -3.110637825006523139e-04 1.672790762363805502e-03 4.281898093561195486e-04 -1.752418465819927118e-04 8.848705846721434398e-04 -9.033663788568779005e-04 7.609430912906321536e-05 -4.673368506435849213e-04 1.010359830131051526e-03 -4.518955340252196165e-04 4.865858261503656110e-04 9.178706844111005937e-04 2.911388134556767635e-04 -9.138106979523911207e-04 8.295601001344040434e-04 5.127145039555925862e-04 -5.972797727420715418e-04 -9.332612895853320675e-04 2.056831651872824884e-04 -4.300363855335765945e-04 -2.360247485606437978e-04 -7.958451333729716509e-05 4.434081232855517510e-04 3.003529948391620995e-04 -1.806980270999205304e-04 -7.692946824339468199e-04 -4.484595788954904194e-04 -1.036032124526520460e-04 5.877587028217570297e-04 1.019034017317798577e-04 -1.641156263769562133e-04 -3.288339521719646475e-04 -3.766322035584283683e-04 1.882093582686259208e-04 -3.110659001900350530e-04 -1.383728043490187454e-05 5.196314334550617732e-04 1.376260442208298651e-04 -7.553696090290962630e-05 -2.368226489817433489e-04 -1.855648824944247459e-04 1.029350550066219681e-04 -4.074518971198475112e-04 -6.121881654282465687e-05 -5.022812092656580088e-04 2.260189632814647972e-04 4.374255406581892464e-04 -4.750489837096735020e-04 -6.692384477807844078e-04 4.779006094983866994e-05 -1.616510536111620468e-04 6.788386746923545786e-04 2.693402712272717817e-04 -1.736624590794795823e-04 8.796226046110592592e-05 2.684962673249000759e-04 -1.366910523981786172e-03 -2.742151723082506378e-04 -2.689191326201917972e-04 1.253640597197712707e-04 1.182055843805828349e-04 -1.800811432033616979e-04 -2.668246024423145458e-04 5.071235471954517677e-04 -4.939850992883292480e-04 -6.478122605896146627e-04 8.332794832788798889e-05 8.763619126594142774e-04 3.546093828737828415e-04 -7.490137284258417867e-05 -3.898874021682518284e-04 8.617711496008965575e-04 -3.501461233677578139e-04 -4.996611971091245805e-04
-6.489120355469871204e-02 -2.273599001443617207e-02 -3.143285522962387113e-02 1.378067060304063313e-02 -6.892403087080385508e-03 1.421358877149075592e-02 -3.688991004604043789e-04 -2.646042827300874433e-03 3.099752885566743089e-03 1.355671476549087217e-03 4.211236453452713024e-03 2.701050186656196988e-03 -4.544869050480951009e-04 5.331301618537204624e-04 2.294346561770079515e-04 2.083963376331308438e-03 2.692774421032799546e-03 1.829079838338525717e-03 1.447178638485948276e-03 2.290105745252004222e-04 3.281966228069450788e-03 -8.962680336409712799e-04 -2.168288046462991860e-03 1.847781404747318073e-03 -2.489347329948944621e-04 -4.387197214693821872e-04 -1.136935003294796236e-03 -4.851413134334933751e-04 -5.671142221444885325e-04 -8.925520086528500449e-04 -9.027809472474463337e-04 -7.003101585454928101e-04 -1.098718348969040994e-03 1.278792403136219235e-03 5.609180072055379093e-04 -2.795395732417447002e-03 -1.671733913438258308e-03 1.568378685855361266e-03 4.311089077755691579e-04 -3.045129762140384808e-04 -1.262195016789868784e-03 1.243485064110651369e-04 -6.393102622977044200e-04 2.898778293834553769e-04 -5.443912766834349245e-04 -3.338836327440650306e-04 -1.271640847519870624e-04 -1.105784471920992365e-03 -3.145298315397263819e-05 -2.899106938526869971e-04 -2.107210407505052962e-04 -6.221286290315684820e-04 -9.930801051613779770e-05 1.301184823603976836e-03 -5.038473377880155923e-05 -1.484123709266879664e-04 6.252313277247330573e-04 -5.930259112397785748e-04 -7.319444484370039991e-04 -5.378176242548039949e-04 4.185777158469940413e-04 5.928706924780656733e-04 -2.994230369888441125e-04 -5.250189584472537800e-04 1.742597964437201134e-03 -1.007140923952603564e-03 3.928350820333921392e-04 3.619459407234194284e-04 -1.044777730777062035e-04 2.544900184014090971e-04 -8.970949392427076438e-05 -1.198886591689733152e-03 9.813313428949945166e-04 -3.472264861364682243e-04 -4.151846759312947965e-04 3.038337513771720592e-04 -9.758894527784624760e-04 -5.724798964814838608e-04 5.509789290910464300e-04 1.907961004448084706e-04 -1.219767531246866775e-04 -2.570308390822459020e-04 -3.742514198278284045e-04 8.395112732973265075e-05 4.117213871902831285e-04 2.753993048105241894e-05 5.119563628954446402e-04 1.166209081278851109e-04 1.172148322150641042e-03 3.435695187288098011e-04 -5.793799708396379401e-04 2.633695498112457447e-04 -6.359664665018404826e-05 1.066569893469366485e-03 3.741567096489960883e-04 -2.147223716572918648e-04 -2.076889414756095302e-04 4.197385145333589113e-04 -4.467951758826959881e-04 1.313491625311833419e-04
1.202871397281124050e-01 -9.141904456121256392e-03 4.185858260391882302e-03 1.738440915475730980e-03 -1.873947275692151122e-03 -2.513419251844801767e-03 1.432828988006276845e-02 3.498527432492347031e-03 -1.846278600353123793e-03 -1.387914474568953654e-03 -4.096468731719333373e-03 3.043873829129994588e-03 2.710688334708634233e-03 5.108758640104744302e-04 3.374466800397061574e-03 2.774127113002428091e-03 -2.688236515318774729e-03 2.580063778723620804e-03 -3.131157006095543205e-03 1.120467730421691871e-03 -9.771016600239653543e-04 -1.369912291129325114e-03 1.522688057972666721e-03 -1.982468991550689029e-03 1.900214237712893103e-03 -2.537290236985538603e-03 2.558896568482650017e-03 -2.258473930114909399e-04 1.902336533528135648e-03 5.580819155309196296e-05 -2.168608655756642384e-03 -1.366962047975561452e-03 -1.270587780980427569e-03 5.814491761851080026e-04 9.183611659199197559e-04 8.822656099544936214e-04 1.325858349844559643e-03 -2.218511219737737822e-03 -6.324075431901342347e-04 1.206809959352383001e-03 -1.833780406648089249e-03 8.718471391801446528e-04 -4.878680518792094501e-04 2.934385933085720635e-04 -2.792488576462502821e-03 6.723077098902038298e-04 -1.081328982763398762e-03 -2.697688800599645342e-03 -5.077937712569921720e-04 -1.652529041097214411e-03 7.845551581240598924e-04 -2.762365411296899449e-03 -3.227619272295541731e-04 3.720287889978545685e-04 2.236977040991817815e-03 -2.248888760863330342e-03 -9.657039216420039733e-04 4.034647360194714696e-04 -1.099865145150901471e-05 -3.360640800545784852e-04 -1.194833148963494063e-03 -1.617738331245134695e-03 -2.677703717813261115e-03 -1.330215284552569918e-03 2.534931588406042890e-03 1.889895080567499663e-03 -1.070876838338306446e-03 6.129728082259566866e-04 1.114169474490134606e-03 5.438479933963141820e-04 5.246075238764207191e-04 -1.456983590458421434e-04 1.982280679222455516e-03 1.759192545552406336e-03 1.015036452416696747e-03 9.185705716168842067e-04 8.399612911715433278e-04 -5.101835008756851160e-05 -2.039831548014612835e-04 -5.054447668736762768e-05 4.469378916163517859e-03 -2.891819314748004578e-04 -3.617257277196951290e-04 -1.799631307613409621e-04 1.051675108760334983e-04 5.428970565171406613e-04 6.077945078803539177e-04 -7.015099004747294038e-04 -2.348101501691255170e-04 -1.607741709640572855e-04 -2.005956254533905220e-04 2.029855432883926301e-03 2.983008935251441496e-03 7.135869031676187043e-04 2.326534849681500833e-03 -3.954647396710634162e-06 -1.343926584614621911e-04 -2.206744102491643711e-03 1.715959349034111700e-04 -2.122525991482326142e-04
-1.523064958287534409e-02 -2.559938695146974502e-02 -2.559553231516164054e-02 1.975012332883601882e-02 1.224906679095570487e-02 -1.150671193270877933e-02 -2.395341855155014559e-03 -7.881754704111841245e-03 5.718103543219527941e-03 4.189600803616588126e-03 3.650543865292421499e-03 -3.766391695726302100e-03 5.937239420096511585e-04 -1.686223353114715351e-03 -2.989581575276838588e-03 3.247973156154168942e-03 -1.688078287578844176e-03 3.289555788365676123e-03 4.397460590513176289e-03 -4.170961726716505705e-04 8.776260087366462292e-04 4.346633826194990272e-04 7.657382194088614875e-04 3.840587355073483869e-04 6.187094371673483844e-04 3.402416399889257028e-04 -7.807527434961772849e-04 -1.151786481930437310e-03 -2.668054349952469779e-03 -2.201577009856564159e-04 2.552091652609062098e-03 3.739164676231226947e-04 1.633286923315928341e-03 1.995685569153785813e-03 -9.781009038677421306e-04 8.894562415148003494e-05 2.961353866433545038e-03 1.440089446643420790e-04 3.255715108327580150e-03 -1.292584074089751529e-03 -1.775135311960114159e-03 -7.513547608242084606e-05 2.910015454301710137e-03 -3.295325443952145869e-03 8.410470536107044577e-04 -2.562560461490245075e-03 7.950271790594996390e-05 7.636603556551191689e-04 -1.068643415863103916e-03 -1.858695441355367236e-03 -2.081071977640505319e-03 2.626299438420068386e-03 9.777002932352695831e-04 -2.467873754277160464e-03 9.711738161968851233e-05 1.114045758614603133e-03 6.032372866609419029e-04 -1.241358405196866914e-04 3.365811795227596358e-04 2.693476466819815320e-04 -1.768100316947079356e-03 6.056653709330279143e-04 6.281198090557376691e-04 3.873312321233145293e-04 -1.103454244002508760e-03 2.437490875581156680e-03 3.810998384311435009e-04 -5.318607342018314863e-04 9.567306203002049012e-04 4.581738772095644602e-04 -1.016061429126026774e-03 1.076662816540586813e-03 7.025449264191247238e-04 -9.360770947296590157e-04 4.102341225022275353e-04 -1.649532024689436905e-03 5.096735550875180348e-04 7.465053453553794488e-04 -1.070172893737961336e-03 2.715525670128171153e-04 9.606638726887306882e-04 7.630600687940654716e-04 -5.891192049739896403e-04 3.496743456100890636e-04 9.826739615761337018e-04 2.616726726056298625e-03 -1.118059646289290771e-03 -4.124944543287616897e-04 1.595323497812495056e-03 1.844026281575216989e-07 -4.440892673588249084e-04 1.037022528409988582e-03 -4.570079693917103469e-04 7.445200562728571765e-04 1.745259140327995624e-04 7.696440795275378676e-04 -1.125255016178940051e-03 -5.233864141255258702e-05 7.538205672591332101e-04 1.197032009044752957e-04
2.626119162567784951e-02 2.728820282664990229e-02 -2.169345869288599737e-02 1.194593340638187319e-02 1.065218750302147389e-02 -1.833931284095355980e-03 -7.343333420575456905e-03 3.446013890034370798e-03 -3.837839012575052985e-03 -5.622119468904686855e-03 -1.390081862524827645e-04 4.908925261551055734e-03 -3.138123749118753615e-03 -4.370548666370782480e-03 -1.362270302593357549e-03 5.709784217002288401e-03 4.195155755709608497e-03 -3.873409881168816808e-04 -1.526543593056309896e-04 -5.993407212423623905e-03 -4.489273287201309831e-03 7.318574046305298571e-04 4.163158887452111934e-03 7.403976070123155810e-04 -8.603006165704211701e-04 1.685277109031648075e-03 -1.575889160839267491e-03 7.078201067982816536e-04 1.787847160484691631e-04 -8.842800309931812038e-04 -2.839454357585811483e-04 2.568637999433841267e-04 -1.060763161171496011e-03 2.202063823089802242e-03 8.008773635929165944e-04 -1.024259286076369428e-03 1.210788507030230703e-03 -7.691331469047599191e-04 6.486584051099959867e-04 4.594138377977135157e-04 7.005935404018589011e-04 1.086993719714275664e-03 1.409766499137768024e-03 4.120779247269977259e-04 -6.319920045774155438e-04 -5.354953209361581644e-04 -1.902766455411758397e-03 -6.507498689537603463e-04 1.450829012717316617e-04 1.625411644680093163e-03 1.634575311789221810e-04 1.954719495603404722e-04 -8.392756208612173674e-04 2.508454696991366554e-04 -2.566900679546105365e-04 -6.052026325849216163e-04 -2.236823662608419718e-04 9.065974941211561624e-05 -1.077876928896111903e-03 -8.193614764477387153e-05 6.455781830309512397e-04 5.473770338513191282e-05 -5.846519561336254497e-04 1.027472897507716344e-03 -7.460348526372446824e-04 -6.752509920291522531e-04 6.919476932056032919e-05 -6.963755347235080391e-04 -6.501341753250240501e-04 2.861183853465806815e-04 1.904941122403641410e-05 -5.771359815802745095e-05 -4.683225158548213357e-04 1.377111975570767055e-04 4.096873655718301821e-04 -3.799772139321012389e-04 3.760865168494770391e-04 9.296630342909264686e-05 -5.539094275244961637e-04 -1.688572815827672295e-06 -1.786989127936335141e-04 -2.822458079791213045e-04 3.852579179837161837e-04 -1.037143297651081476e-05 -1.863325418873348536e-04 -7.938373281202819581e-04 -3.100143805654285122e-04 -3.266804116395025234e-04 -8.727828668724608649e-04 1.015719986526633384e-04 -5.445249911554511765e-05 9.957354497289418107e-05 6.495238344555430161e-04 5.442272815828939295e-04 6.232591692886797850e-04 -3.886275322458810537e-04 -1.030538926965975284e-04 -3.264042438869132884e-06 1.075230932095615498e-04 -1.473390373403714293e-04
-2.493301563451890204e-02 1.829208773646719133e-02 -3.706884074450055716e-02 7.726736939944575840e-03 1.199924392814319223e-02 -2.169043858407678545e-03 3.832343745334506127e-03 1.486143816158699371e-04 5.176628036128643438e-03 2.543543038506347956e-03 -4.364123839819412931e-03 -1.193645876515522612e-03 -2.409276631662432121e-03 1.624407283541860801e-03 2.010575936622048705e-03 7.062317125259418753e-04 2.504449635475756390e-03 -3.007829670366579254e-04 2.333507896515627216e-03 -1.446910004703396996e-03 -2.487969927595619704e-03 -7.453188451354318201e-04 -5.841977787293808422e-04 -5.793436170606177440e-05 -6.093619397792518098e-04 -2.155896990454075229e-04 1.549810672352657046e-03 4.757794097069881841e-04 -3.360814369624161302e-04 -8.984929997261965505e-04 1.350964983285726025e-04 -2.208896201671521620e-03 -9.847446412012296881e-05 1.318875479935316348e-05 -8.096500723819904585e-04 -4.308479599229267132e-05 1.064691610267875501e-03 9.692215745739147419e-04 -1.489995574530077194e-03 -6.738112980716760283e-05 -7.290179363255004132e-04 4.701390814932226579e-04 8.731333520856643924e-05 6.353979941214520435e-04 -1.387210678152943789e-03 -1.168950176831987185e-03 -1.467212221386139095e-03 2.884985907354331602e-04 -1.572731898157429245e-03 -3.812643499472268774e-04 2.243091095418376876e-04 1.779589405100048165e-03 -6.923003002581808087e-05 -2.891689560597665316e-04 3.644537769483768255e-04 -1.088254500432515393e-03 3.623437547528077208e-04 4.713291748394508461e-04 -1.339826350674704189e-04 7.715318877849153484e-04 2.753710875987545339e-04 2.767954212688912802e-04 1.501693969502722044e-04 2.793569399448606332e-04 -8.007962875503864915e-04 -1.300981918028303432e-03 5.393840862249659265e-04 -3.048110656232868535e-04 -3.232160859350591752e-04 -3.579342869562842879e-05 -1.481878320662401096e-04 -5.108345126119860028e-04 -3.122924121501629408e-04 2.811170170076199748e-04 -5.364015170429057124e-04 -4.287157724106270811e-04 8.481059457422267050e-05 -3.550814208479229008e-04 -1.706014597345553447e-04 2.760227539133969970e-04 2.674432645430443247e-05 -4.740791625504403107e-04 1.373038762379613089e-04 -1.482042677899558249e-04 2.080353114858464979e-04 -1.932318259469508685e-04 1.145787239647053774e-04 1.270729410472108245e-04 -8.004394128785404368e-06 2.694459350689479911e-04 -5.909014268565362417e-04 8.938718162350006713e-04 3.732115906694135287e-04 1.971615469919767291e-04 -3.580575391935837204e-04 -5.046626913773180406e-04 -4.175693228830961953e-04 -3.695772662196893077e-04 6.606403048324338079e-04 7.910312888187010340e-04
-3.944542644880886378e-02 1.035573715566470883e-02 -3.554140180499797824e-02 -8.180282015804453107e-04 4.232384613046904533e-03 -4.210578717580754776e-03 5.993154990086474281e-03 -8.515589654712788599e-04 3.219270230486980400e-03 4.553798500710416232e-03 -4.194514530434016904e-03 -2.343717908602957131e-03 -9.708995076910487089e-04 2.121840016637076103e-03 1.537458858868245848e-03 -1.468334920294770253e-04 1.779511093238154670e-04 -6.079486819057346517e-04 1.391356208356943087e-03 -9.594550540137975663e-04 -2.400518385755426656e-03 -1.939970205052694288e-03 -9.529806537289348090e-05 -2.351080023844805654e-04 -1.773669795922892551e-03 -3.456894876619851105e-04 -1.190979269891415365e-04 5.698497312345291842e-04 -9.779157392085413743e-04 -1.253933661086388367e-03 4.312427056256818293e-04 5.153486775490590671e-04 -2.679714046095630709e-04 1.760784110903070195e-03 1.230233604306471898e-03 -5.179109545979235013e-04 -1.684537342917611464e-03 -8.990430397526758466e-04 -6.346463586763599835e-04 1.494430744607190076e-03 -9.115184675153495907e-06 -1.975191855207853158e-04 -7.752816827716112278e-04 -1.136456129115628877e-03 -5.489746347038748859e-05 -2.099065292952314969e-04 7.395619645435479129e-04 -9.933407453722967618e-04 1.916310442604546717e-04 3.668588251045344639e-04 1.005237798002465511e-04 8.918524160050172436e-05 -1.802630315380629380e-04 4.372975495668573651e-04 1.349882367810225259e-04 2.012699184377809199e-04 1.296969041289696084e-03 -2.034461597203384938e-04 -3.404209360850227249e-04 1.928777174964461846e-05 9.646935700509937962e-05 -2.291992314692819458e-04 -5.721792287484300064e-06 1.621699678999936726e-04 -3.007084747644110003e-05 -3.699935478130659530e-04 1.454888844327711472e-05 2.440433710016233514e-04 -2.849757001103053159e-04 -1.164171203994287829e-04 -4.051861671782947330e-04 -4.953926412308405506e-04 1.295386172299377085e-05 1.564328678158675295e-04 6.780444928303531552e-06 -8.516752827473022766e-05 4.512112502503924302e-04 2.710469416447674161e-04 -2.916924405041754795e-04 -2.824587680636354500e-04 -4.941995279302719432e-04 1.984646668261041567e-04 -2.103936259379797686e-04 9.846128193381898763e-05 -7.917692892748476752e-05 -3.453922731132284059e-04 2.893930876385049792e-05 2.418708704809285903e-04 -3.214651198397744424e-04 -2.654934346812208687e-04 2.855073271108584239e-06 2.615259366754654085e-04 1.970407858690760832e-04 1.391300049503524655e-06 -2.272045655638852497e-04 1.410722250661030502e-04 1.183642649721622066e-04 9.662282511768053469e-06 4.893960227037935450e-05 -1.042398728057239920e-04
-5.945600191545200031e-02 6.577934122380999123e-03 -2.171565098421555234e-02 5.511061332467813304e-04 3.414501125015936746e-03 -8.010781471383650668e-03 3.334620765452688158e-03 1.219128673796981846e-03 4.958604259451782244e-03 4.514635986698860119e-03 -1.081671059717427162e-03 -2.915450620083259031e-03 -1.881308514420626694e-03 1.424224990767523121e-03 9.228717927288322513e-04 -1.759159516587569536e-03 -8.484038295400031645e-04 1.619452986145613477e-03 9.565594074225429152e-04 2.990172702813620161e-04 -2.331663595249037872e-03 -2.523245721367881468e-04 1.951040666885601885e-03 1.834020927084198968e-04 -1.221865164821171236e-04 -1.998958911609869738e-04 -3.923703127735172222e-04 -7.525473828049836244e-05 5.976890866790855023e-05 -2.276611737793666980e-04 2.971038901516408450e-05 1.977670675760713991e-04 -2.822688993481992808e-04 2.343487538346899178e-03 1.488322901959851627e-04 -5.411592048670065382e-04 -1.457318500994345383e-03 -5.361956088039387383e-04 4.828448393803959869e-04 3.022653723692705842e-04 6.410334704760304756e-04 -8.614823017620173952e-04 3.651504902131870044e-04 -3.130078906608169565e-05 -6.215613807056472040e-04 8.107928073928070023e-05 -1.057140485688442974e-04 7.109027400696952420e-05 4.645864164656148291e-04 1.103077885459194244e-04 -2.498861254245456401e-04 -8.120752353663898164e-06 3.566271514053016389e-04 -2.877457474491594276e-04 -8.885872083935142862e-04 4.955674984409828989e-05 -2.709210495929917990e-04 7.540530735869421753e-04 1.066146776837375914e-03 -5.980858219353732148e-04 -1.299750229187181944e-04 6.349794901569133553e-04 -2.616803204633668094e-04 2.998892667506720218e-04 6.661956200374426814e-04 5.048491122594420078e-04 8.192411458970177323e-04 8.082257412471796111e-05 -2.336274168457313041e-04 -5.550075231415790749e-06 -5.019440373544320380e-05 -2.108370199410176829e-04 2.270395565112166185e-04 2.145688235273789362e-04 4.315972861876401362e-04 -1.208775472721507622e-04 -4.322904559387624897e-04 8.545630105713246014e-05 4.293497553180276177e-04 8.231174287828067326e-04 6.476496581214883285e-04 -7.542741364604508853e-04 -8.512482954517171067e-04 3.723185804516963198e-04 9.235818724126501839e-04 6.523845508372647919e-04 -2.212950552558654905e-04 -5.592577342912972158e-04 5.701187068123470328e-04 8.522916605972828512e-04 2.219225099601625250e-04 1.529741467681568754e-04 -1.030913688723273779e-03 -9.475319698352337606e-04 -3.471062669991038362e-04 1.316235801695610306e-03 6.873461253196044406e-04 2.097501985827339725e-04 -6.205519539123473347e-04 -1.506055754994559573e-05
1.535500078618841080e-01 3.447364961813713380e-02 8.176098082328090225e-03 1.099432166456018226e-04 -1.828765584680946445e-03 2.260626287229965895e-03 -7.513528361383109422e-03 2.831804782590420684e-03 -1.632655940064237175e-03 2.437075192601463722e-04 -8.927654001507904407e-04 1.569108812230532880e-03 -1.175602347265258417e-03 -2.317241657878175813e-03 2.575357834820100542e-03 -2.355456170027928064e-03 -5.683022124817403405e-04 -2.415634556658240607e-04 -1.091976123672737560e-03 1.727748396173626544e-03 1.985132499065146543e-03 -5.410383836518467071e-04 -3.894638787359846880e-04 -1.927202472561035968e-04 4.196768452350102714e-03 -7.209625253115686718e-04 1.897929237753647738e-03 -5.788050761791201397e-04 4.426559841895484041e-04 -9.237171170569918183e-04 1.695463393944741329e-03 2.265256876522059142e-03 -3.859192929040639345e-04 6.808504963591826935e-04 9.277729428394693601e-04 -4.284203269109323467e-04 -2.541091257979694127e-03 -1.191092175567038487e-03 4.739909142504026315e-04 -5.430476604884891577e-04 -2.163870264349141998e-03 6.010554629498307848e-04 1.137961144670739198e-03 -9.780696132777727796e-04 -6.003771832479690195e-04 -2.638972853247872050e-04 -1.027600819277417650e-03 1.374327419254856367e-03 -1.744455029256535299e-04 -3.513089343985602536e-04 -4.118425089163118072e-04 -3.089126957033383621e-04 -1.223613978925628841e-03 6.371302304174112730e-05 2.804629343284360029e-04 -8.747131353631354671e-04 6.743280306050474394e-04 3.172563608675850813e-04 1.136481769410620235e-03 -8.236781894040253382e-04 8.457046623331158355e-04 -1.814250760306220650e-03 -1.740919037575251808e-05 -6.177368783868911325e-04 -5.402008430663038461e-04 -1.155518825088447128e-03 -8.599058915501778689e-04 -2.082971152296563845e-04 3.028784574777142083e-04 -2.042267083377517084e-03 -4.250136691933740184e-04 -2.142821832431170701e-04 2.121289060916924931e-04 1.423769945016023193e-04 2.433591835878976851e-03 -5.143529566585817092e-04 -3.652525665260812474e-04 -5.298044148622062591e-04 1.218283349103393563e-04 -1.326834518488474203e-03 -2.661900278559039689e-04 4.909770805624147838e-04 -7.125205930886948161e-04 -1.901882681743864408e-04 -4.084538525586400869e-04 2.053380672810835211e-05 -1.660450315638804537e-03 -3.990389950726266704e-04 6.308111318776083365e-04 1.052560235502088010e-03 -5.928869537628322093e-04 -1.858785344147836644e-04 -1.511057016235050200e-04 1.711664221999689223e-05 5.627129636148906150e-04 -7.224392331086862840e-04 6.330205695050001051e-04 4.449044348740926092e-04 -9.491798582204462884e-04 1.795653742046037112e-04
1.858813439746545004e-01 1.756233378489075250e-02 3.913962345669169500e-03 2.644655308712931183e-03 -2.966979449349694837e-03 -9.975008133233374472e-03 -5.726649701280852288e-03 -5.806168704020254860e-03 7.516835427857338457e-03 -8.828070797945009041e-03 1.429365341474113458e-03 -1.873193108262146854e-03 3.288295893008756892e-03 -1.990274757112295376e-03 3.800913095341632974e-03 -4.138262950015828348e-03 -4.890783131605529318e-04 2.341476226984167460e-03 2.202284866391533377e-04 2.716665231975195615e-03 2.048804312650258103e-03 -2.469915516001735308e-03 -2.751856990853162222e-04 -3.308479964297714290e-05 -9.252154487173319111e-04 4.328666155748633719e-03 1.913737797238318538e-03 -1.744296472998048007e-04 -2.457607857639132129e-03 -1.300751564157327789e-03 -2.334695163616395952e-03 -9.876977758289858531e-05 -1.099366155848006860e-05 1.078966798244357112e-03 1.354794282094178839e-03 -8.320242216884823514e-04 2.215083660164220668e-05 1.945339204503337797e-03 -1.782617653718301508e-03 8.458754498402276233e-04 1.564820170762693018e-03 1.775910609245326833e-03 5.705550193726724537e-04 3.089695090043317145e-04 -6.560586642011783775e-04 -1.005073922367089164e-03 7.989507041362844215e-04 2.541786293680369934e-04 -1.459106729505705788e-03 1.784134337155942208e-03 8.011996909880235787e-04 -1.095555559189490295e-03 1.061764998110186929e-03 3.962788025990021407e-04 4.994397682979880146e-04 4.789920409929099916e-04 1.026771304414069634e-04 -3.889701151501112186e-04 -2.402165692342002952e-04 -6.876370678883691372e-04 5.113472927834711822e-04 3.378517225081969626e-05 -2.434828137214120267e-04 -3.678481746417251730e-05 1.330423821897272962e-03 -7.498042824747368175e-04 -4.430453022282616069e-04 -6.827017491293860957e-04 4.389944796324763191e-04 1.362873194697324791e-04 1.503332208229454531e-03 9.187445561355069880e-04 -8.759140325762271057e-05 -1.799786622861093536e-04 5.023824070647914903e-04 1.487226250095688863e-03 5.433156655598297404e-04 1.132435206167161680e-03 -2.541455644159636737e-04 -1.153583057403730766e-03 -7.532372802819709435e-04 -2.821745519635278344e-04 -9.195848639973680993e-04 -3.983662053748112200e-04 5.858005803548847366e-04 9.307731649892087922e-04 -2.891763049831602922e-04 5.130907070812014328e-04 -5.256377761150634069e-04 -4.507769068862147875e-05 3.359008728933240073e-04 2.510762846167788006e-04 -1.094804850828474735e-03 -4.355423825473821978e-04 -8.097966201337366762e-04 1.711970710578430619e-04 -1.072097299095461443e-03 -6.644579060309479645e-05 -5.529639768162524080e-04 -4.321162755965891368e-04
-4.481015738828952183e-02 1.307230982654180966e-02 -2.994911950125763930e-02 4.936541991568412467e-03 1.440410296945374494e-02 1.805274103234681595e-03 1.851001700340151228e-03 1.563358679883649098e-03 8.392079007395442103e-03 -2.120412684539647581e-04 -3.713525165735210784e-03 -9.517272724168424243e-04 -1.974249216431402717e-03 1.869129928986487535e-03 1.287430842806047389e-03 -5.649295996965255501e-04 8.313998591086101250e-04 7.431228271837485039e-04 1.494083486819549949e-03 2.683777413735432670e-04 -3.421862193610103985e-03 -1.222369690027911063e-04 -1.878298182327896629e-04 -1.241333584153522492e-03 1.400003198614243900e-03 8.014127889244927272e-04 1.205941846601500146e-03 -1.044471069789724288e-03 1.798854503068033641e-04 5.600748179621918262e-04 -7.885157499477395918e-04 -1.553792453278850455e-03 6.827028377652742371e-04 2.676547178944764863e-04 -3.771918792075002348e-03 2.117120291693018431e-05 1.046950175469169627e-03 1.980260416144834972e-04 -1.024207343324321298e-03 -1.291060165656154283e-03 -2.105889790805000209e-04 -8.979578418524393306e-04 1.188983929619002880e-03 1.019270204486182399e-03 -3.319512529831980638e-04 -5.315656993078454333e-05 -3.266623787659509739e-04 7.076288637980986639e-04 6.052514953422349854e-05 -5.488655803282541448e-04 4.604957843639620609e-05 -6.679213817619233744e-05 2.422311701118842200e-04 -4.770757514004297603e-04 -8.134859940212894013e-04 -2.248768470303805613e-04 -1.501802582402616583e-03 -8.097604268380166181e-05 5.206996764010062874e-04 -9.238142029586702848e-04 3.532005998557118890e-04 7.335477147501985639e-04 1.005933777073264330e-03 4.363581417854665314e-04 9.212870356540860377e-04 -6.645542048960371290e-04 -3.278257484331482605e-04 -5.257018725229141085e-04 6.541349927248502494e-04 1.201928436859119764e-04 1.336182618107713228e-03 -4.596206801659220593e-04 -7.571524125745576110e-04 3.524802122610765131e-04 6.209484243737622240e-04 -4.257297444508181187e-04 -3.732208722069590631e-04 -7.956405416116858580e-04 -3.742775675500171367e-04 1.113653338972830963e-03 -4.087776863389434081e-05 -8.490721854136478461e-04 4.983404952841527773e-04 4.287910927650477946e-04 -2.100413324734553731e-04 9.734943093130272182e-04 -1.891798348274875338e-04 -8.980399819169090003e-04 3.307317196431994307e-04 -1.247821630670312718e-04 2.734074025777531226e-04 -5.291203545680662080e-04 -1.031884910103006902e-03 5.933159669554031383e-05 -2.245173824153429685e-04 5.806043856529759977e-04 -1.944168041959273971e-04 -2.757604811080752562e-04 -1.877581143108240176e-04 3.086130534796396158e-04
-1.374968794480224688e-02 -2.396452810928028504e-02 -2.641470268915581746e-02 5.886502251468003592e-03 -2.539631585473631041e-03 1.498772410943650067e-02 1.318993049400577801e-02 2.438530725666789630e-03 -1.004648639359294326e-02 1.243481249032349269e-03 -5.831066995056433068e-04 1.403133185698640694e-03 -1.475881021377511808e-03 7.370712352374867750e-04 -4.810623633103916280e-04 1.625868189836477415e-03 9.578347769810369823e-04 -1.203266528314966518e-04 3.167239497597734363e-03 7.466466844854040188e-04 -7.675786133384297294e-04 -8.594575903849120679e-04 -2.454629763107131577e-03 1.062972268152450901e-03 8.955997329603775743e-04 2.284721897680753761e-04 -8.670811640963325929e-05 5.109230725300077571e-04 -8.058012809990907277e-04 -4.465405422719874494e-04 -6.153773746279544857e-04 -1.831114009884573797e-04 2.261296080137460566e-04 -6.812436216170530750e-04 2.564587919728490966e-03 -6.745196364462855906e-04 -1.166696960810303333e-03 1.100160110204802082e-03 -1.448632609177457438e-03 1.034613689271415967e-03 1.502835967025478248e-03 2.355987250011364834e-03 -2.184400183596582514e-04 6.014438796564160758e-04 -1.323723055259832420e-04 8.749664700862451016e-05 -5.123006738882892848e-05 5.801319740555133369e-04 4.561110767305399287e-04 2.865569593384157451e-03 -4.968932445788686470e-04 -6.292185227560080424e-04 -1.155521962052106881e-03 -1.760543766609108055e-03 -4.299703279449923476e-04 -3.743449430619033417e-04 -2.222828379252800215e-04 1.513099528012266026e-03 -1.466662606248294654e-04 -1.651045826212262525e-03 1.131081335682358789e-03 -1.650135503539908611e-03 1.942200205017879456e-03 1.250352620568353362e-03 7.369394238712348097e-04 1.658861784683023392e-03 -1.243975478070688751e-03 6.525238777221891058e-04 1.291527980650867581e-03 2.807497019963947757e-04 -4.174967614172131361e-04 1.650260343276059236e-03 1.878170346005521134e-04 -3.144148803667212028e-04 -1.144433301276240919e-04 2.561499857320764253e-04 6.263789426117532177e-04 -4.046711874016965392e-04 -8.342426180525745185e-04 1.320667627092431671e-04 -6.627364667914865731e-04 -2.804169687235153786e-04 1.907020534685696916e-03 -1.280333116125750198e-05 -7.504492732922936728e-04 -4.722569929578562104e-05 -4.392275185215482772e-04 5.767061170836346347e-04 -1.657314782867122917e-03 5.751200567057037543e-04 2.348052119899716236e-04 6.586400282072044175e-04 -6.555585471024348489e-04 -1.241994453749004686e-03 -1.629694082604135987e-04 1.353792760252764101e-03 4.398164809087646253e-04 -6.957653521953108830e-04 -3.589853859001816347e-04 -7.769050576851089032e-04
7.750734232223413511e-02 1.166993927780481284e-02 -2.122522501938617356e-02 6.314683554328504728e-03 -6.758604444509198851e-04 1.623882193800221113e-02 1.457821427343716260e-02 -1.609830796314062678e-03 -1.496918909446595843e-02 -5.266539042883060749e-05 -4.021272863719684530e-03 -3.696641750997431528e-04 -2.603817130512277225e-03 2.488044338570122044e-03 -1.120553032560726511e-03 2.754359574003836710e-03 -2.684592296203343288e-04 -1.591814593681706649e-03 -1.608334748834112883e-03 6.438296845958855737e-04 9.432632270130113196e-04 6.140894675831464183e-04 2.249765658555951883e-03 4.462080928831997422e-04 -1.132397871325906656e-03 -1.653037919428405802e-03 1.910886175671294230e-03 -3.936296067007841702e-04 -4.139131168029398442e-04 2.778847241262312516e-04 -2.153774224211245283e-03 -7.440250524815956133e-04 2.233794854352138940e-04 -8.905693306921451261e-04 3.736701816145547670e-04 9.975873146469045345e-04 -2.591731201065258739e-05 -1.743756326862854443e-03 1.150819502572784144e-03 9.977306642733538289e-04 -7.528145889491695227e-05 3.049344409614774664e-03 -5.374333505244563870e-04 -2.163289987156910565e-03 3.871970182670897583e-04 7.714024082238544848e-04 -2.176078931076440249e-04 1.215138663481783341e-03 -2.239441072566252054e-03 -2.783608009332454985e-05 -6.249326334380884669e-04 1.000379989812932380e-03 -1.353835623960069441e-03 2.046164665539279722e-04 -1.764123445508649973e-03 9.190325830617463105e-04 5.500177027280589871e-04 1.280384238033623924e-03 -3.318003956256749491e-04 2.671758260226013144e-04 4.767119243659742231e-04 1.948946314624194764e-03 1.319503713700745503e-03 1.249936867328095081e-03 7.266999931801359277e-04 1.135313403097527570e-03 -8.855836692865479576e-04 -4.920551467101734466e-04 -4.240862005105779271e-03 -3.584877945881863163e-04 4.567542982679560402e-04 -1.440487636536001812e-04 -2.812715154809334976e-03 1.321179186052876897e-03 7.293424510570823479e-05 4.870798628361284088e-04 -1.605424174719249095e-03 6.015146429287391520e-04 -3.263605734699862189e-04 1.403801581086170812e-03 -7.470976785541385027e-04 5.206720503625512789e-04 -9.627709697154437397e-04 -2.391467568010967565e-04 1.120126170367019254e-03 -4.193250946965341574e-04 6.548516045007643006e-05 6.184308804075430927e-04 5.474417084967144950e-04 -2.699021916206251074e-04 1.068974429475885507e-03 -8.876638226381723326e-04 5.032235697813155703e-04 3.996353014403341924e-05 2.793814243962999475e-03 -1.168479450620099874e-03 1.743680913196439259e-04 -2.338308940318075888e-03 -2.182699221300209678e-03 -2.797914251308211632e-04
