-7.438938793925831128e-02 -2.406351497179720286e-02 1.447135021173782954e-02 1.051287167613999471e-02 5.921249349679620719e-04 -2.312499522612309743e-03 1.051398598672336100e-02 2.614639048771764170e-03 1.385631462451804568e-04 -2.455635594546386365e-03 2.125279619821923704e-03 -2.409758307526538648e-03 2.101505149208576090e-03 3.697429867490121744e-03 -2.455533053718025882e-03 -1.719603003847307125e-03 2.429681229500058656e-03 -2.914231620995241107e-03 -1.928134560667592399e-03 -1.562869971527976274e-03 -4.736019734007852929e-03 -3.683096012896896511e-03 -1.747074373911625339e-03 -5.668392980360062623e-03 -1.525498404932216579e-03 -1.669619059507437614e-04 -1.442964117739660391e-03 3.875438466771670507e-03 6.135104948989454458e-04 -5.485191246087856628e-04 1.368933475962522779e-03 -1.165113179243755645e-03 5.095590193789431436e-04 1.557922817567689543e-03 -7.327884496923056960e-04 3.105528539634215871e-04 -9.498859931490055567e-04 1.015444556733309956e-03 -1.741742576461242789e-03 -1.788338612905705999e-03 9.756894809519908686e-04 -1.847844092819198633e-04 -1.267742451875185361e-03 1.236258797861473525e-05 4.658521255726653281e-04 1.144178870176516816e-03 5.839058252118811421e-05 6.987308104118684313e-06 6.831606080002960903e-04 -1.283985011267177586e-03 -6.174580534857060810e-04 1.086536153104573649e-03 1.095064348274697036e-03 1.381880066787557083e-03 -3.891683625558886974e-05 -6.265539264181817138e-04 -1.242889274904439333e-03 -1.004381123297311100e-03 -8.693017238838379127e-04 2.037170892144120229e-04 1.741780733053159579e-04 -1.175588133763378961e-04 7.048859840436251609e-04 1.448283842352216053e-03 -2.757610088542735067e-04 2.069976387145746623e-04 6.304694602951545690e-04 -6.467959323790058472e-04 1.001180408679427437e-04 -2.158576003733106267e-04 -6.693390390670105007e-04 3.454999319596760779e-04 2.934374251963440248e-04 8.738488134649655126e-04 1.236796183860658436e-04 -1.589042154786356078e-04 8.853609637574523907e-04 -1.447632204508462540e-04 -5.659143582947926418e-04 1.095849605169315136e-03 -2.410805424118268685e-04 8.779008508231983879e-04 6.255452257091959371e-04 1.089392206411291821e-04 3.509222439266158704e-04 -5.479582116775942634e-04 2.122504221871308048e-04 -9.566856805898089628e-05 -1.669918029925839529e-04 1.318709158036063343e-03 4.252846089956745300e-04 1.870663786731926299e-04 8.051680977698656488e-04 -8.171854515247282003e-04 -6.655413228291283010e-04 1.559849541124257944e-06 2.496957489562339188e-04 -7.781916062826647147e-04 4.914645450412916637e-04 4.679195905875328343e-04
-8.409310268373264285e-02 -2.517303363432526683e-02 1.839764519512468791e-02 2.396759965618444187e-03 -8.581580738163151808e-04 7.636078823168335715e-03 -2.841628078570974936e-03 -1.238472798369434809e-03 -2.975499788045015467e-03 3.460361499611118441e-03 -4.495406115565582679e-03 5.374861220001602748e-03 -2.366144682898951076e-03 -8.674164794308155541e-03 7.414976771463052500e-03 1.244507099915130588e-03 -3.655046197378058245e-03 -5.067579123938222539e-03 -4.627227029844572593e-04 1.429194016448130568e-03 1.245895226424357030e-03 -1.224714410212982083e-03 -1.736577082141793800e-03 3.246336289208100016e-03 2.717289219271154304e-04 1.713771015691748195e-04 -1.261569725350541928e-03 6.117390090838590450e-03 -1.231876842013137838e-03 1.884269105065049807e-03 1.477238336869665051e-03 2.482361968160317310e-03 -1.028368375422276807e-03 -3.021080227026230270e-04 -7.749773391124333824e-04 -2.413735818419776580e-03 -9.275716456840732383e-04 2.484538287024682345e-03 -2.228800542564958638e-03 7.024162381781906897e-04 1.174067968140977969e-03 -7.834497230514119023e-04 -2.449105654871330806e-03 -7.635629574587380719e-05 1.547287451460147532e-03 -6.584233474031912781e-04 1.206869963435947945e-03 3.669842549214381204e-04 1.025707690726602051e-03 -2.082665680871806455e-03 -8.109353024609564954e-04 -1.182273248527016202e-03 1.408068415710280548e-04 1.115265066695261559e-03 -1.011126037289103441e-03 -1.241722577105431810e-03 8.626796430246407889e-04 1.579247073701354684e-03 -1.417617056992128170e-03 1.474715347897017650e-04 -2.518052815710094747e-03 -1.410624219724261001e-03 6.605078418334823284e-04 2.673413994178608062e-04 3.164492472940108494e-04 3.320078043919396618e-04 5.211960182701614545e-04 7.103349510821284644e-05 7.717106031458583404e-04 2.579164008235908592e-04 -1.064455098206269247e-03 2.015108072693585248e-04 1.143798382452497313e-03 -2.265014452090957208e-03 -1.093605067075859884e-04 7.218746099402057175e-04 -2.667827779738505102e-04 1.150914248566175298e-03 6.018194507582642298e-04 2.993911660745117074e-04 -7.073508384771520037e-04 5.944060763307405706e-04 -1.299897538386662020e-03 -4.165039969881953225e-04 -2.685760363882988663e-04 5.516044698486205402e-04 3.190639136064875862e-05 3.669777668815754883e-04 -3.558746865055241416e-04 -5.075908749189041820e-04 3.500306514247986871e-04 -4.201186272207505217e-04 -3.292343958867089662e-04 -1.875172954379609070e-04 6.164998928501785099e-04 -1.666216769765018098e-04 -9.301820547642592005e-04 -2.086989756639234589e-04 -4.494950348944221010e-04 -8.235280880235452874e-04
-8.999697534437002544e-02 -1.219003271185502800e-02 3.075677871555145340e-02 1.205444837400171214e-02 -6.852097451519067496e-03 -6.683227423133630482e-03 5.780907687271992848e-03 9.150262754220489275e-05 -3.359225349300175995e-04 -9.111301344591349197e-04 -1.030634062487131896e-03 -4.132721119400491021e-03 4.744484359242198690e-03 3.761172739426626825e-03 -4.566735721651405018e-03 9.495744393686106257e-04 3.391773783159640707e-03 7.053062896401546332e-05 -1.290304993942730351e-03 -3.986004307914650668e-05 -2.117563419212882764e-04 1.459239845635614354e-04 3.677109077329781270e-04 1.429857697383209864e-03 -1.762759097418183858e-05 2.374779971780774867e-04 -5.033826369309656783e-04 8.137573850324804218e-04 -2.117885094481335422e-03 2.904026985130665935e-03 -3.850677863391741723e-04 -8.142117670052756049e-05 -1.017131320877928940e-03 4.412002501159104496e-04 -8.823628601090660346e-04 2.468257451160737093e-04 -1.227426278368628923e-03 9.638389517673219206e-04 -1.944859384281978805e-03 4.505693019100643335e-04 5.585641576926615552e-04 -1.947931194888219896e-03 -7.728255498488151212e-04 -4.942937692423964713e-05 1.977620990570608858e-03 -1.322823330622142812e-05 1.179712360071868450e-03 1.069746471353436425e-03 4.519468684963972487e-04 -6.228144752271728979e-04 -5.750855847640458612e-05 -1.031523567004183741e-03 -6.540947218432001517e-04 2.277823211820715753e-04 1.391164030650697547e-03 4.478677470072990217e-04 -2.930372574269655473e-04 -1.232602566742083778e-03 4.527454156187946457e-04 1.244691573893696914e-03 2.443788870493813332e-04 4.236877589167351303e-04 2.286046059832471246e-04 7.654810745985982795e-04 -2.727779076195220001e-04 1.867674487613292674e-04 -2.073558573929932744e-03 -2.628521990386345291e-04 4.825564259301880167e-04 8.888622403946087620e-04 4.837821344756993856e-04 1.165929529838513487e-04 3.405503550649203879e-05 -1.297449970304801999e-04 2.424480551932062136e-04 1.145834638875420104e-03 -7.676567098330598681e-05 3.719317618103851609e-04 1.248180512820661383e-05 -9.700469916226211629e-04 2.504159000576012379e-04 -1.361303955339797952e-04 1.737983725608299973e-04 -1.402043216699186217e-04 -2.629358062482150572e-04 -1.113495234028657880e-04 3.154888578018483236e-04 -1.800700524688814011e-04 7.286939026625151392e-04 -4.910698620021672475e-04 -1.560050320394521948e-04 3.282987057311718320e-04 -1.710838153249006808e-04 1.462168762362010561e-03 -6.447648840745445102e-04 -5.123562235854926209e-04 -3.755564520848573228e-04 1.020338926133480399e-04 3.012458326697820899e-04 -6.013556958270706228e-05
-8.008084658940287093e-02 -2.029959473536347564e-02 2.159500666433332786e-02 1.081224438079582059e-02 -3.381947857001086580e-03 -5.904638766070614093e-04 9.870686762229401168e-03 3.534918065032339064e-03 -1.000579796904935056e-04 -2.374780816704306127e-03 1.926391373076340174e-03 -2.329544397835879056e-03 2.242250801983714566e-03 4.862965363487075851e-03 -2.738338649526900030e-03 -2.284658653206407541e-03 1.088908798280413537e-03 -2.402821057139754163e-03 -1.297582076141882762e-03 -1.965749692277140269e-03 -3.584526319432914353e-03 -3.371655755542489995e-03 -1.543583342262491850e-03 -5.378162170760762868e-03 -1.191022401121612185e-03 -4.827763712079349693e-04 -1.123624119444055275e-03 3.148914717042247246e-03 4.386504674822415124e-04 -5.010580950189056390e-05 1.020627343212789431e-03 -1.689857500264954149e-03 1.557467368269491387e-03 1.182324472566643808e-03 -4.333074196482004838e-04 2.500909033195139290e-04 -1.057865488433546277e-03 6.260399228020406201e-04 -2.428642590005855757e-03 -1.435510507552028919e-03 1.071827877986782258e-03 -2.619734787925507799e-04 -1.552730054388132882e-03 -2.870319151958118046e-04 3.874831193568948002e-04 1.020521210675532286e-03 -7.591275768209543751e-05 1.198660193641274557e-04 9.760709425289408516e-04 -1.289987213582741155e-03 -3.400350664131721956e-04 7.852838057812926110e-04 1.297450934701575376e-03 1.101695664266988612e-03 -7.397396670373462428e-06 -4.407572611085800785e-04 -8.302750789032628314e-04 -4.457607990888588995e-04 -5.422092702530090843e-04 4.720922496628637529e-04 6.937619400968134792e-05 1.139449621574025303e-04 5.274609992154104948e-04 8.814997284553627603e-04 -4.268956662477294559e-04 8.644318550770010176e-05 3.716356567277504029e-04 -6.041184339503742834e-04 1.823479272682254138e-04 1.939917528033112447e-05 -4.573721504241335420e-04 3.784192992514671494e-04 5.332175877192751168e-05 7.192958016591652695e-04 4.986762939459321505e-05 1.337082410740272919e-04 5.147989963935883104e-04 1.824900326005302357e-04 -9.759989599875367860e-05 4.723371698117865679e-04 -2.956641638759751885e-04 4.486132480105573450e-04 4.266944915964094990e-04 -3.920890003969873809e-04 3.201035080986160456e-04 -4.212932369594112872e-04 1.258460600300175111e-04 3.295741998120398650e-04 -3.988786965332390437e-04 1.008700518476731128e-03 2.846581257363962544e-04 1.537572325546078392e-04 1.029429928506159870e-03 -4.389164059780314357e-04 -4.243115001999569450e-04 -2.930060729753039203e-04 3.413960715030272359e-04 -7.338598180433479135e-04 4.321892235939062805e-04 1.428659216645971491e-04
-8.630242783536842821e-02 -2.787195756423487339e-02 2.950252417320447379e-02 1.741820956353202360e-02 -8.070390796127971042e-03 4.353125855886890230e-03 9.668294563365124536e-03 2.036100174879017352e-04 -1.374446121716583731e-03 -2.362899468526352600e-03 2.232998080939859343e-03 1.320888826519655982e-03 -4.195217591428689117e-04 5.567354010971197961e-03 3.793156935935802711e-04 -2.201168111811794940e-03 -1.963553567098961854e-04 -2.737004518214241722e-04 -2.224564140888658868e-03 -1.149974944847716998e-03 -2.551987976544554775e-03 -6.643655056546549607e-04 -2.116247062799384970e-03 -4.454454354956203371e-03 -2.760984960727936948e-04 1.313642599229361454e-04 -1.145901999501640909e-03 5.270193975145984850e-04 1.041028384470133947e-03 -8.625626655122863246e-04 5.052911069517830800e-05 -1.939671975044402006e-03 2.367365518094781233e-03 1.971107341215435184e-04 4.273947158931449435e-04 4.605145841044931557e-04 -1.069129634007885731e-03 5.503728822261050720e-05 -2.576767712084078107e-03 -9.347889320023179682e-04 5.208988749283862503e-04 -6.440656019058652992e-04 -1.792710488935698229e-03 -2.780207005379468498e-04 -5.584448101131870993e-04 1.282901302104903296e-03 -1.077890208340875119e-03 2.773368443234221271e-05 3.847789548120905657e-04 -1.050565613213470936e-03 4.060843519157005975e-04 4.511169101570348174e-05 1.540644451968056165e-03 6.493500916482585709e-04 -4.742497509712360892e-04 -4.098713964861185879e-04 -1.249129806813656764e-04 7.092619355844557039e-04 1.502811979117171727e-04 5.266972720845711437e-04 -5.598516668850363328e-04 -1.004140460772207110e-04 3.436551539961938914e-04 -5.202784564711414794e-04 3.584494178978362864e-06 1.454994563231395369e-04 8.353956897272570318e-04 -3.778000152045541630e-04 1.036504922622120300e-04 7.582455610179509014e-04 -3.666291668341965120e-04 2.687098608082462490e-04 -2.090275089881621405e-04 -5.183175031640051625e-04 -2.828400270256790469e-05 4.977733240016970736e-05 -3.385852495733247325e-05 5.075515259692893553e-04 8.941258008898773750e-04 -1.571188488671719302e-04 -6.897557967782797601e-04 -2.313003895889078308e-04 -2.373003390111839202e-04 -2.784539121540311932e-04 -1.302402262030832826e-04 5.936305858384332828e-06 -1.330262064349215488e-04 6.632672149865827260e-04 -3.650534156221522573e-04 -4.504532101731555365e-04 -2.120549825116448909e-04 -6.845590848667261713e-05 6.146109545469369620e-04 1.218592620192133737e-04 1.066025939931367886e-04 -4.921936619523688229e-04 1.287982451998561425e-04 1.346631165248533088e-05 4.226311319967409838e-04 -1.069360767259263333e-04
-9.032540708090575077e-02 -2.875243737210313871e-02 3.936315799897548845e-02 2.076672357213101699e-02 -7.624347842867322013e-03 4.464680642599811421e-03 9.350359352822995573e-03 -1.544898755678608291e-03 -2.233739570982918275e-03 -1.295869571174995813e-03 2.952041176459216897e-03 2.578596014620250162e-03 -2.089613761189229417e-03 4.933200908073271523e-03 6.688664570903236559e-04 -1.984007018419943393e-03 -7.664497446388890628e-04 4.703109222191913545e-04 -1.705717277138687690e-03 -9.682097017661892534e-04 -1.400281762207127240e-03 8.820857544786029746e-04 -1.912211661423436236e-03 -2.701258530028984896e-03 -3.975400749692286251e-04 1.405482384950344007e-04 -3.770135192408600425e-04 -4.411622074062618044e-04 1.203086771720776171e-03 -1.138093212012204411e-03 -3.758468643586391263e-04 -1.812857217612167185e-03 1.892758586356200166e-03 -1.804935564454560049e-04 1.345323076317801736e-03 6.228316964403156960e-04 -4.923614269934218192e-04 -5.353758910875036333e-04 -2.001036719550394836e-03 -4.199512335034147966e-04 8.994884017652091189e-05 -9.499264498496702081e-05 -1.214857281927820025e-03 1.826509343635843825e-04 -1.086763525392016490e-03 6.069904034206466750e-04 -8.507667353456546807e-04 3.388508958807897155e-05 2.593368351582525438e-04 -6.743947929392094453e-04 9.189086163778654873e-04 -2.061810795751532668e-04 9.084144802368826705e-04 -8.885870421114224849e-05 -9.808053159782136043e-04 -4.178097698022359505e-04 1.434474761917444536e-04 8.602683944578140389e-04 8.236553873203138567e-05 1.261598119982700105e-04 -6.668821160319144802e-04 -2.889958908718977975e-04 1.821863043410894463e-04 -9.848610590437545474e-04 1.721935426184418064e-04 -9.394420387011529546e-05 7.081895852020358290e-04 -1.213507843293082155e-04 3.264573042191904427e-05 6.334772622642827937e-04 -6.663157214805198005e-06 2.877096447423303045e-04 -1.173237071916205184e-04 -8.456221524638805800e-04 -1.813052679227886231e-04 -2.165184042519966399e-04 -2.678587475962406600e-04 3.404862406129091873e-04 8.844186301317030980e-04 -4.251405917720692393e-04 -5.977936322194352245e-04 -3.278265963279256533e-04 -1.226401769120308467e-04 -1.480038466021342211e-04 -3.755861597293611584e-04 3.485254514868275531e-04 -3.294365490632574878e-04 6.239071257822117285e-04 -2.335969846336728316e-04 -8.388636428711339528e-04 -3.551155770226882341e-04 -2.694446463139533424e-04 8.781095023597867630e-05 1.503187357909490903e-04 3.846711458350942758e-04 -1.801882568306778357e-04 1.564557267416704018e-04 2.341148930807864089e-04 1.196785345171320685e-04 -1.791586938446118463e-04
-8.662942794248683354e-02 -2.618595256274950517e-02 2.739384748502390540e-02 1.482591890545477062e-02 -4.231729633970029297e-03 3.597355731280808475e-03 6.898421666611664373e-03 1.667003951938344141e-03 -2.211239285555719955e-03 -6.572817372234531939e-04 6.147487299000399183e-03 1.818841323598977336e-03 -1.606924082893684130e-03 3.864605792766082504e-03 1.573064526144760784e-04 -3.055844946284959080e-03 -1.841262054709906287e-03 7.512994806047729361e-06 6.255087630847126485e-05 -2.754202583245954003e-03 -1.376406483890277180e-03 -1.613023613685386900e-03 9.924910963513273836e-04 -2.386131990843443854e-03 -2.446666329669962997e-04 -1.496479523068063250e-03 7.261420922786993720e-04 -5.950759053163788602e-04 1.267858158634756769e-03 9.211182634374089984e-04 -4.284028629127317029e-04 -5.567206581436057178e-04 2.270934733865134086e-03 -2.404381251904325826e-04 3.918810861410971960e-04 -1.425011327637318650e-03 -3.205298806653719061e-04 -3.473908154560425275e-04 5.174436273262463551e-05 -1.215848150553295096e-04 -1.469537745650780251e-04 1.154941788843178970e-03 4.095409769084645086e-04 2.811208022061872122e-04 -1.489673220877109523e-03 1.906338627533472007e-04 -9.592143369353589620e-04 -7.769638423608284236e-04 1.879942313250534622e-04 -4.824220456755161547e-05 1.768966253794366237e-03 -3.517369988069217815e-04 1.673911172362659884e-03 8.881673485539368345e-05 -1.115571703118916702e-03 -6.204893924043619353e-04 1.311770593309525938e-04 1.069600359728680198e-03 2.730822474268019867e-04 3.136225649200606006e-04 -1.770936737347522313e-03 -3.679702681567262779e-05 -6.439405314234016671e-04 -1.852062266493436282e-03 7.240449848909249683e-04 1.638423954283035801e-04 1.333527747825272560e-03 7.295409808342277324e-04 2.292935032237838661e-04 -2.381582617749543936e-04 2.551148567541966375e-04 3.418572482946153810e-04 -5.737284975626733745e-04 -7.648763665827767750e-04 -1.731824961759562749e-04 5.417314359239123046e-05 -1.176451693163087491e-03 6.986184294781527197e-04 -4.671613908807486755e-04 -1.204926440314022266e-03 -1.964510952637861377e-04 -1.178795752662182714e-05 3.830873690439894324e-04 -6.333229819727415836e-04 -2.514666410671862005e-04 1.023634047844817346e-03 -1.372413998138772868e-03 4.473511815076182006e-04 6.704961835106143910e-04 -1.423054907832286978e-03 -3.247598124939737245e-04 2.648087045509271513e-04 -6.396060860074372035e-04 4.285555473294683747e-04 1.178856833443019938e-03 7.398466349911364450e-04 6.721181850589466600e-04 4.168206823279183796e-04 -1.098075028979007784e-03 -9.452440779075966387e-04
-5.660721418169761127e-02 -2.116953814065185291e-02 -1.337296019789935286e-02 -2.194270395561785658e-02 -1.376891908868369159e-02 2.092374108049436035e-02 2.496588503215749558e-03 5.545386398039611926e-03 8.896174781048715036e-03 -4.836362222855703809e-03 -5.326400697143985567e-04 -2.116549030483398045e-03 1.509784186245067888e-03 2.005169472230660180e-03 4.688405870644450613e-04 3.398744105634388373e-03 2.066783513071651993e-03 -1.897658271829036477e-03 2.425808180252809424e-03 2.095975201281048987e-05 1.926368158214006266e-03 -1.758789029579282623e-04 -1.453016258255762812e-03 3.400681811919863931e-04 5.872391419480679168e-04 1.584673451614653427e-03 -7.700082260141152238e-05 -2.296153233683943286e-03 -3.295804136402691168e-04 7.769396327203884891e-04 4.425177111651609589e-03 3.766319894301525481e-04 1.675609761409273517e-03 1.926939519469992687e-05 1.425981753211240551e-03 -6.726706095672779426e-04 -1.052295199034737659e-03 -4.811045277746011425e-04 3.787390483277229612e-04 1.640606910611567453e-03 1.419671215270166880e-03 5.538043129470642846e-04 -5.833258395841315908e-04 1.925769366498597665e-03 6.322212185143116564e-04 1.319825295894943478e-03 3.138838971623445406e-05 -8.275668373226695990e-04 6.009467244675740279e-04 1.058164687247749270e-04 -8.105669815179243143e-04 -6.269009884373281938e-04 -1.138194241519399023e-03 -5.227421792284284077e-04 -6.860329794856504047e-04 -1.798268344637730248e-03 -5.027715730972332452e-04 -1.709621767909029694e-04 5.541944026910919927e-04 -7.988182003757299189e-05 1.127935374064609631e-03 -8.107114201284280701e-05 1.091997072012275633e-03 -1.042594232296025500e-03 -9.316101794099568680e-04 5.275139412754934918e-04 -6.471351495370663133e-05 2.156785384972422577e-04 5.252808224343473355e-04 -2.227321290516152681e-04 3.727478774979789026e-05 -1.452452771436501340e-04 5.299479667838802874e-04 1.381863359581292036e-04 -9.423125120374328530e-06 4.954223272482011133e-04 -5.533902293722199606e-04 -2.795756479911005619e-04 4.341128455805700888e-04 -3.292279744646801421e-04 -4.692801229988437283e-04 3.940534141341051045e-04 2.303095860644305943e-05 -1.214222521456119025e-04 6.107412408360950304e-04 3.376466916322353557e-04 -1.944905868478081647e-05 -5.793727038422603892e-04 6.128681294860672960e-05 3.562393440696774282e-04 -3.097070478756337362e-04 3.225250321125877552e-04 -3.597618116409672718e-05 2.506503704518293083e-04 -5.698770832161515181e-04 -2.414114463137631789e-04 -3.022620433392180469e-06 4.528615820478017065e-04 -5.151728081476658052e-04 4.509347293607147983e-05
-5.199033983342852411e-02 -1.868318915115839765e-02 -1.812677287428802672e-02 -2.527884917030997006e-02 -1.406458240837296994e-02 2.041998281200998674e-02 3.515569555613710928e-03 4.282900911606248029e-03 9.731167001175881209e-03 -5.118212128442102896e-03 -5.208465122809877515e-04 -2.031612408585585852e-03 7.632296598128192160e-04 2.081360247138255154e-03 1.727519900768860603e-03 4.242134813398213203e-03 1.655929124122353232e-03 -1.499482259064743297e-03 2.571761551533028548e-03 4.340870654993822780e-05 2.516427596119971428e-03 4.492139713130605648e-05 -1.206028078158778109e-03 -4.785765860488933130e-04 3.947291055763175397e-05 1.528759521338798281e-03 1.069680051739898543e-04 -2.281690111100730459e-03 -6.266302633368294297e-04 1.731134298503519487e-04 4.073650131973962848e-03 3.942974892168994765e-05 1.759382790431039071e-03 4.341240578213279456e-04 1.314452036852393124e-03 -5.367874528158879171e-04 -9.769350265502753893e-04 1.201104823165186606e-04 9.044031163304122297e-04 1.944051862389175288e-03 1.080914366309559818e-03 4.363933348267873703e-04 -2.389843261470345648e-04 1.814159242565831220e-03 9.967336180911152629e-04 1.444702138731578057e-03 3.457333640259696648e-04 -8.592960426337959692e-04 8.195327200487451157e-04 1.050890294930130559e-05 -9.677727376310339344e-04 -8.094404942978168996e-04 -1.132431763582779404e-03 -2.450369316065405712e-04 -1.136243953470824318e-03 -1.902026812557607157e-03 -4.632422099367741221e-04 -6.780228826881177151e-04 8.011516098938063031e-04 -5.955634262562187068e-04 9.201609885641916058e-04 3.630421805329275267e-04 1.300721391020050015e-03 -1.059426567783779876e-03 -1.091946465848194544e-03 8.097755531090822896e-04 -1.400924203672772284e-04 -1.341237881818203913e-04 4.478975419746679962e-04 1.113275572264734863e-04 6.030129996605473262e-05 2.856217384175510176e-04 5.352913406297737584e-04 2.385589334205358129e-04 -5.973147001178544723e-04 4.142268278988315362e-04 -7.375533868275134389e-04 -9.950365166902463661e-05 3.358576536466107484e-04 -7.148793886262344620e-04 -2.902784596586514615e-04 5.334295688452816205e-04 4.996099211302024211e-04 -1.557840719627310059e-04 4.170749437527147287e-04 4.243132089610123945e-04 1.608651432969454890e-04 -7.356554773789265259e-04 1.765832809729195590e-04 7.150957397520855529e-04 -1.874468571544198373e-04 9.323770016883960263e-05 5.808517338330375753e-05 -4.789579489562512002e-05 -6.658239285866850415e-04 -6.627372484176820896e-04 2.471955503853731488e-04 3.115504901410231023e-04 -5.288331745361694088e-04 -1.006174724136758484e-04
-8.192008072161501009e-02 1.671012589823551650e-02 -2.013956984211304375e-03 1.557265178571207035e-03 -1.171367454505265956e-02 -3.823006384000999722e-03 -6.427842340052056409e-03 2.099591434368782740e-03 1.305068764932083977e-03 -1.214145480159819048e-04 2.709242386018078774e-03 -5.347718496047372235e-04 2.756902555985570828e-03 2.429798171753262594e-04 -5.724826852747644766e-04 -2.406970782516433625e-03 4.049064539156551658e-03 -3.740933374466804892e-03 -1.541114792082206144e-03 1.183880030593726772e-03 4.896746841489173696e-04 -9.291251845150058598e-04 5.039176149391049473e-04 1.048296035930659916e-03 3.283628441403038493e-03 -1.199617093681712605e-03 -1.463849201227260905e-03 3.369439665030118762e-04 1.263373834464617991e-03 9.332372090093319326e-04 7.671336469616528994e-04 2.704639841518864793e-04 -3.001241003364339167e-03 3.778093306876179687e-04 -1.139861454571582675e-03 -4.688768768415326653e-04 -9.754189739908720362e-04 -1.679243377334909164e-03 -9.724357697959073663e-04 3.000569693642953645e-04 -7.520809111252631501e-04 -2.461839607943341890e-03 3.256596969787307048e-04 -3.713647770933139092e-04 1.501433221797864514e-03 -8.022527302670234362e-04 -1.338518184544090642e-03 9.928082802911323711e-05 -1.208504156083446733e-03 2.239635940372756246e-04 -8.070020798981940953e-04 -1.274616410054449226e-04 3.927192874350083360e-04 4.991237390738845290e-04 7.059382055666771003e-04 1.205530971374357916e-03 1.377158252341055458e-03 8.247487060043087650e-04 1.060806985636896828e-03 2.063283258050793744e-04 7.617327037131383163e-04 4.181948021213333718e-04 -1.277070139249147094e-03 -1.237782557976905716e-04 -9.771165777456016725e-04 8.540048296159207788e-04 1.398133798849494121e-03 -4.166882662839755205e-04 -4.324779245444918137e-04 7.200509085897896337e-05 8.125069901866854155e-04 -7.153789184309688846e-04 -1.097629226552849753e-04 1.750468133709228238e-04 1.941872662041060839e-04 -1.235046004785433286e-04 6.566877826536728644e-04 1.959675978241037352e-03 4.997123502350788154e-04 -1.302704658765524784e-03 -1.159629013541070737e-03 1.253833876817922292e-04 -1.640299608468335189e-03 1.203356714887615593e-04 -1.442932134856076245e-03 -7.550058773547516739e-04 3.538178220660877595e-04 1.108190624791085188e-03 -1.943298903323700875e-04 -6.845249138430970545e-04 2.869926727792685675e-04 8.476747440729082974e-04 -1.864693268147264325e-03 7.561988208167185485e-04 3.353511170684406162e-05 1.357847917463163518e-03 1.883749353883940427e-04 -1.578571187578031417e-04 8.707718257808220877e-04 1.908217374422142626e-04
-7.301292048068387663e-02 4.276585919327718921e-02 1.724901804482964138e-02 2.758822206286937260e-04 -2.659615367487850202e-03 1.116469144651068175e-03 -1.079309202185285178e-02 -6.366618425777729150e-03 -4.829525385864211960e-05 -3.859997099541406362e-03 2.824317395485923324e-03 -8.145295866440430566e-04 -5.793940327407240236e-03 -1.727999583397385767e-04 -3.625013210882854862e-03 -2.728994562704647412e-03 1.656269609441992242e-03 -3.007247202649145079e-03 1.212806555164083842e-04 -4.699198595714182869e-04 7.621049889657779703e-04 -3.276035067278393635e-04 1.101304807338878908e-03 2.464514896706341239e-03 3.461280182680029262e-03 -3.293403100121767083e-03 -2.243789730357169648e-03 8.354518564302858144e-04 3.205796764803434465e-03 -1.470425530143364351e-03 3.495508598242025831e-03 1.060404563509948698e-04 -1.781362903702879766e-03 3.135988610424685010e-04 -7.640528512415842560e-04 1.349241020216360208e-03 1.569712980305446644e-03 -4.459327824631529637e-03 1.155634687719603705e-03 -6.689676009852611434e-04 -3.949237772664388607e-04 3.951503162391047639e-04 -2.055274698695516971e-03 -2.613135666597651689e-04 -4.493501921896650062e-04 -2.640145906344498576e-03 1.174605842275415436e-03 -7.594087725528606773e-05 1.169963782230101649e-03 4.071237031772019976e-05 -1.290561984964193668e-04 4.209610385767907658e-04 5.778880142555665967e-04 1.607349087787245676e-03 -2.512822736381468882e-03 1.262463380122512153e-03 -1.595036713403306028e-03 -4.795987090391395469e-04 1.436492032869233744e-03 1.722878587234624162e-03 5.885909128781417320e-04 -3.134059865815341317e-04 -1.725530133313933102e-03 6.085474381599022134e-04 1.939164475314437497e-03 -7.459384531032424524e-04 -1.421335106152466887e-04 -6.638536015656274457e-05 2.272495551599871925e-03 -7.017339636689436458e-04 8.671969376476434033e-05 -6.671431007127962085e-04 1.469384191503601833e-03 -9.383684730158727526e-04 -1.849191814007338560e-03 4.576744705812753724e-04 -6.641160271857432084e-04 -1.398604964293251058e-03 4.396394701949181264e-04 2.224829217601283508e-04 -1.048204300301785888e-03 -2.673709837268788288e-04 2.797830936152483506e-03 1.627449286274140186e-04 9.075938540775272843e-04 4.709227610682426902e-04 -1.053834853674919620e-03 -1.905507218090450941e-03 9.810892147168659080e-04 5.401679152258466411e-05 -6.213309619546468954e-05 -3.180387062533736342e-04 1.115383398774533750e-03 -1.155371943693748234e-03 3.473769757339587884e-04 -1.281784779580187736e-03 8.465293882021675135e-04 1.309835816631062114e-03 -1.415669891421053605e-04 1.141060370163934988e-04
-4.818430455105630200e-02 4.011911296252194947e-02 4.939022624009416348e-04 3.518248684760215839e-03 -9.052858135088437397e-03 5.807690234356264330e-03 -7.718493656848075812e-03 2.871294021203762634e-03 1.628921209236934391e-03 -6.080220496601934817e-03 3.582983107725408543e-03 -1.793739193303015879e-04 -1.263833082694501000e-04 -7.019583020277710421e-05 -3.719045680079555421e-03 -3.641067828669207907e-03 3.245419048160406474e-03 -4.843702938113178362e-03 1.552537826890459200e-03 3.043586287220022540e-03 1.378331444853242568e-03 -4.839410861227384374e-04 1.298079460226937883e-03 1.839602764058932520e-03 5.870119385664938384e-03 -1.092080940752364077e-03 -1.970624217183429908e-03 5.479679945335941575e-04 4.640793680068122304e-03 1.603258661805527735e-04 2.554135987670154775e-03 -3.786386084534409404e-04 -2.369345276343754001e-03 1.126294706822791826e-03 -9.716285786066341645e-04 8.368390857064366599e-04 -1.539545334772465628e-03 -4.039949186942472931e-03 -2.744084878217715497e-04 1.992859617707615997e-03 -1.546523599425447815e-03 -1.390286964462511066e-03 -1.346700580510573359e-03 -2.648817089437129394e-05 2.487822286592978401e-04 -2.254136438840800404e-03 -5.540816108448791237e-04 2.125764044382471695e-03 -1.074452427391317045e-03 2.871976002039238829e-04 -4.480594920204157301e-04 9.649542865079427682e-04 1.346511689758510613e-03 9.490460074347236742e-04 1.464506294201508554e-04 2.488805838157651541e-03 4.789178779205199008e-04 1.520575266276986926e-03 1.350056858849773504e-03 4.071027819686986213e-04 1.253171242555712467e-03 -1.140984660250252554e-04 -2.369168298914426252e-03 -3.304902494451897256e-05 4.986594960068343844e-04 9.083908252091966789e-04 1.318576559624039289e-03 -9.998892601529513809e-04 -1.531915042714289800e-03 5.625673611696014242e-04 -4.524733277308911478e-04 -2.639361840940786848e-03 1.283314778371567747e-03 9.237266304271800896e-05 -8.443918974126989486e-04 -4.947234674135812284e-04 1.048008158215954050e-04 1.461637517064325823e-03 8.708595454251980396e-04 4.154335125942655279e-04 -4.443415031163589109e-04 1.663200202242789668e-03 9.193644034282289629e-04 1.536687024223030008e-04 -1.061508758675270029e-03 4.417352619145110737e-05 3.758399148085401765e-05 1.505043379592190976e-03 -8.567765428641058384e-04 1.439633141708062227e-03 5.792038608514196935e-04 3.080986259829809220e-04 1.927959164012496974e-04 6.902080856879415404e-04 -1.301482917596717215e-03 5.552367057301751127e-04 -8.110010469990731408e-04 -1.396414442107968409e-03 -2.860843223356561394e-04 -4.888161951041424674e-04
-9.307883800918276274e-02 -2.321707015296267315e-02 4.315099473350479664e-02 2.065808359877826378e-02 -1.073433183650611931e-02 -2.180163895998007658e-04 9.140898144526819064e-03 -2.435563399786804754e-03 -1.691412696896318858e-03 -8.359079371345238358e-04 1.500358543068774605e-04 -1.494072010571974654e-03 1.326439814585491511e-03 6.214048895802871779e-03 -1.514284688109624475e-03 -2.764741503975354318e-04 3.070557093929944352e-03 1.688114000968679888e-03 -1.191753061906847527e-03 7.485076467967840272e-04 -5.485155201490197379e-04 1.860193489271432183e-03 -9.308086031778770942e-04 4.069813416648202951e-04 2.987867358272028548e-05 1.158347639338619698e-03 2.356186379721135796e-04 -8.176724268121566630e-04 -1.027094700116393559e-03 3.086579318966405799e-04 -1.369679324563254259e-03 -1.086450801546878873e-03 5.368285439833138427e-04 6.791555149737477527e-04 1.379899863698097820e-03 1.381355931646594632e-03 -5.832065224428255052e-04 -2.131707690621687597e-04 -1.812502968972074359e-03 5.297367164463745014e-04 1.057162349058202644e-03 -1.260209020953238258e-03 -9.598549121977001906e-04 -7.159450907503291843e-04 2.872171680172147903e-05 2.416298102082570795e-04 8.471080341889290939e-04 1.392169293309796548e-03 7.959345539589454330e-04 -1.381312231023248049e-03 1.548757793977590703e-04 -6.377999143405444502e-04 -2.871067828112515018e-04 -9.216162249652948941e-05 -1.058036982294339231e-03 -1.728169253100483437e-04 -3.670045451028760571e-05 4.149685910894209957e-04 -2.437313496392064301e-05 1.012741373419282420e-04 -8.895318547369901073e-04 -5.119583972071174239e-04 8.220260759547508506e-04 -2.748177724038277010e-04 9.018544350065588254e-05 -2.988664735897468878e-05 -3.563431281885718721e-05 -1.765507530290830814e-04 3.893854949142845894e-04 1.170452520751994255e-03 1.437386257264014911e-04 -2.189068122980740270e-05 -3.369211720574069049e-04 -9.044294374812904486e-04 -5.319304996823827759e-05 1.388226804427099422e-04 -5.577464018643872763e-04 4.464467256106657107e-04 1.076913071778985622e-03 8.741524383382627431e-05 -3.752362429138556259e-04 -5.632243393949032135e-04 -3.322666701307325958e-04 -1.001388392755557326e-04 -3.624348933232004262e-04 -2.266013272440785633e-04 4.160962727195331766e-04 3.037754873236433507e-04 -2.594251725277018457e-04 4.200004490329161327e-05 4.030626829062015156e-05 -3.645869673275782769e-05 -3.468794804699598493e-04 8.405018340939155808e-04 -1.675214026569753732e-04 -2.394570211643992207e-04 -2.965962852169000559e-04 -4.044297989801828907e-04 3.512459912327863649e-04 1.261870056338359710e-04
7.983903553878589354e-02 -4.503413789788374838e-03 1.524321182975123951e-02 -1.567102362573930333e-02 8.507101904284291097e-03 -1.718157793072771014e-02 1.468714938050506326e-02 8.256127758244460532e-03 2.736059275943013552e-03 -8.590479547485999935e-04 -3.146910802030676840e-03 -3.218766593238170468e-03 8.886733612993945710e-04 5.833473387731365721e-03 3.804851500181657964e-03 -5.288294998405987900e-04 -2.457998271034678942e-03 -3.313189267499543154e-03 -1.884524433709402645e-03 1.117981517045215333e-03 3.931731748208634747e-03 -1.093989395830261436e-03 4.000573791983917139e-03 6.300066739816274648e-04 1.570116268414768366e-03 8.155658116983450145e-04 4.409869052942132737e-04 1.236444741283568391e-04 4.445378256134792892e-03 -2.947965766123218125e-03 -1.505279477920753312e-03 1.725795470058779247e-03 2.196272175391531575e-04 4.763393729290213712e-04 2.625945595979628251e-03 -1.237218858835303871e-03 1.884674517801442160e-04 1.035380556428751406e-03 1.342549061949444228e-03 -7.092668670821061837e-05 1.380064401334694718e-03 -1.094860566434319388e-03 -1.276032823716524321e-04 -1.646357351282991179e-03 2.323751626993391056e-04 -1.263701393404868248e-03 1.054169012729121213e-05 -1.990906053394824447e-04 3.771155609963011950e-04 -1.407232740379836717e-04 7.101788860198683705e-04 -1.296973620683827561e-03 5.181672076149298469e-04 1.413766450043977239e-03 5.448322241431512820e-04 5.509860311670289725e-04 -2.291796577208219410e-05 9.222849658264438812e-04 1.613919258612201866e-03 -2.636582848657364163e-03 -1.605895366724447825e-04 -6.879516122120237116e-04 7.417960045488357790e-04 3.964931861096178428e-05 3.908776558314981360e-04 1.227263707842233317e-03 -6.078666494599438159e-04 1.114572041337568548e-05 1.703796528591293392e-03 -8.358416842531838807e-04 1.967771745507695610e-03 -2.578744399814758315e-05 -2.950105089144411971e-04 6.385724489467375442e-04 1.840923318843901103e-03 -1.954565584126267876e-03 -1.143206491384771324e-03 1.260159603746432251e-03 1.108103067215754432e-04 7.395400601265123951e-04 -5.880894738022287606e-04 -6.407600329174570472e-04 -1.030857244131656771e-03 2.097373656809131028e-05 -4.353722181906709396e-04 2.688817990420155533e-04 -8.881239216764708153e-04 -8.943297710584883478e-04 5.349202695252459070e-04 7.507589315004371388e-04 5.918169568757394514e-04 -3.235515104911896233e-04 -2.371345759746016279e-04 1.239209743265680570e-03 -6.633471174327464732e-04 8.826620983046137847e-04 2.254149197167225197e-04 8.906096999616929877e-04 -1.518873819934986021e-03 3.451437143651114024e-04
-4.992668485098658744e-03 3.556649580382910403e-02 2.535164350311022718e-02 -7.663059241549576191e-03 3.917489605303252527e-03 -1.837568789462987878e-02 6.007278456317319444e-03 8.113864803228064068e-03 2.183998045543180267e-03 -3.228326227038738182e-03 -8.453215633835893528e-03 -3.594169958979235246e-04 1.202991946597125814e-03 3.298740372596811569e-03 1.281598359827391736e-03 -5.109860818526075401e-04 -2.755585085011110630e-03 8.702309783158061274e-04 -6.728641958807252826e-04 1.609234205631611533e-03 2.228257676620821852e-03 -1.481781450825013545e-03 1.881490574649422650e-03 -6.938597352625725185e-04 3.639685548715191157e-04 3.467747592319401183e-03 1.573339111799138619e-04 1.259352605887448543e-03 4.566945575260081231e-05 7.236559420903646185e-04 8.819232310848348130e-04 1.547028077338999776e-03 1.637124250910763955e-03 -5.164753375160907774e-04 -1.606591572242663290e-04 -2.727784714824869894e-03 -7.191694887440898756e-04 -8.904438605422035618e-04 2.170247406609752527e-03 1.182832013310002386e-03 -1.500493477683580937e-03 -1.413611457139928723e-03 -8.137753550125054842e-04 1.267691042721333242e-03 1.497812539519646465e-03 -1.776987774068713478e-03 -1.249883193556400264e-04 -7.006927061780576999e-04 9.927770132259160479e-04 7.775092932534750098e-04 4.857056110825121870e-04 -2.292384647934559046e-03 2.140272802325123361e-03 -4.294251421498676308e-05 8.627542224586939087e-04 -1.106578112256866985e-03 1.037740430632524101e-03 -1.440094401348492687e-03 -2.906317279322260150e-04 3.000131272027717149e-04 -6.934901832344743085e-04 1.324349779803139868e-03 -8.097665077028593124e-04 3.795939995397039986e-04 1.182165956038562114e-03 -1.449487141916729841e-03 -3.953182956154297845e-04 -8.163292860674293985e-05 -8.613613591631821007e-04 -1.031551150246433693e-03 2.974179821809521448e-03 9.539077178223852316e-04 1.853425338471699089e-04 -1.136496510709269006e-03 -1.665956018523604212e-03 -2.706039978789148183e-03 1.893639548366326652e-03 -3.840834818856562853e-04 8.661505783705508808e-05 1.305309087935881661e-04 -2.527729828626056052e-04 1.491290128399221744e-03 1.101676682631667339e-03 -1.521405595462726199e-03 4.339577985545037785e-04 1.159807430788664835e-03 5.200786012445745166e-04 1.984779201068721452e-03 1.609500119467960951e-03 -1.068049026571009016e-03 4.889447329248753586e-04 -2.307588474310663077e-04 -2.191350002200416827e-03 -2.137144076305884897e-03 -1.477443356796736195e-04 5.662529915879653281e-04 1.226823238140592682e-03 -5.844144585937338481e-04 -1.889465873589746010e-03 1.489732310766930757e-03
-8.952079695164427697e-02 -4.846899654093818170e-03 5.097342521580941477e-02 9.346748763295307377e-03 -3.120809625728434341e-03 -6.354181467439899049e-04 -2.179345694408538550e-03 -3.440481001562474116e-03 1.632568211149703935e-04 9.531633117751825294e-04 -3.091633555800617217e-03 -6.868549405806436900e-03 1.125812875312988881e-03 4.988841320111138487e-04 -1.711161753938351092e-03 2.862367612078489231e-03 3.990694567107655466e-03 1.015990179548272336e-03 -4.443598521763705042e-05 -8.855805207564282832e-04 2.734118014019831528e-03 3.070987940775538484e-03 6.422591023950125584e-04 3.301044761034293683e-03 -1.106494299252481052e-03 -2.745003083171420580e-04 2.946476430320816697e-03 -3.562207772223051523e-04 -8.087575099620169594e-04 1.866463176419845375e-03 -9.627442094879083267e-04 -9.389370824018458033e-04 -1.692462278478208855e-03 5.120664847275268206e-04 4.917596310217127800e-04 1.152798341157172977e-04 -1.016612702782113175e-03 -7.810028720970019689e-04 3.774493281167476096e-04 -2.547740142122723473e-04 -2.409993466290020190e-04 -8.014767545564836695e-05 -1.359067595289985535e-03 -1.095514689025615549e-03 3.599307491233490783e-04 -1.105404561556104720e-03 3.736937427663672667e-04 4.834442805593595731e-04 1.359031671154260605e-04 -8.921539998213518711e-05 -9.570858400332276457e-05 3.790715896696808984e-04 7.180989641305938510e-05 -1.755523974084490305e-03 3.035533420754485122e-05 -1.625131709802307407e-04 1.424255916398918693e-03 -8.074970977181602006e-06 1.006821496331914778e-03 -3.494192260862390956e-04 -1.489334654986015439e-03 1.519843059817259866e-04 -6.946919354937212184e-04 3.482637358211738445e-05 -1.202829011199028344e-03 -8.346228691640023055e-04 -3.042986539135833762e-04 8.339858639325242393e-04 1.163544862454909436e-03 1.499562539815643214e-03 -3.934224621029792967e-04 9.826417693275942781e-04 -7.060233638561816882e-04 -5.238057097602025593e-04 3.676053954216120813e-04 4.974933225008749656e-04 -1.536200961533235564e-03 8.018003985348660454e-06 -1.439305501105557538e-03 4.864774309151702705e-05 6.626508360282152774e-04 -6.047385660003905001e-04 -1.865566724909455942e-05 -7.792206246175224554e-05 8.184943033020081974e-04 -3.743422340077231939e-04 -1.534716075406804649e-04 -3.343154849567105992e-04 -4.715305463077001480e-04 3.745883061582496029e-04 8.172179294433945008e-04 -1.541746275464763501e-05 7.371371318951820727e-04 -2.675139426761344026e-04 6.708219551797153183e-04 -3.916554798629473685e-05 3.839775532538821875e-05 -2.285853152863213640e-04 1.623197041848655994e-04 3.499148044261639974e-05
-7.829852401607363677e-02 1.753420524619023549e-02 4.760896576316276524e-02 -7.932292643973864218e-05 3.699950870226869325e-03 -9.487791236381601118e-04 -6.882028883484029094e-03 -6.963059809050851229e-03 1.406144756693890503e-03 1.175052018794353224e-03 -6.228428306564976792e-03 -8.221760561137657006e-03 -1.672947184705826738e-03 -8.425572354541551595e-04 -1.263952959665036284e-03 4.848756064742801471e-03 3.327936490063134259e-03 4.071983337009926741e-04 6.105002232213087732e-04 -2.260607205204477957e-03 2.685351706217188345e-03 1.969249372053831059e-03 7.161361892055365759e-04 1.021072329943272612e-03 -1.552752856776117626e-03 -1.048061625672736799e-03 3.108114882894663991e-03 4.147598355635798649e-04 9.088564384526953612e-04 -1.662019448318054757e-04 3.577175796257970296e-04 -7.614469149854987589e-04 -6.637849472841804042e-04 5.330154718041167899e-04 -7.567108477200903700e-04 -3.169701701008089496e-04 -3.981905594278873500e-04 -9.397439432779467914e-05 3.329699291168894534e-04 -1.420956998187663731e-03 -9.118913789668821410e-04 3.177461084014933921e-04 -1.102947305984806024e-03 -3.606417168151884560e-04 -2.183954506041995141e-04 4.516957881387865652e-05 -1.417582397242468650e-03 -9.174221996737721855e-04 -3.295145557730949615e-04 1.576946706588286818e-04 -1.173385051188991890e-04 1.513143998565920920e-03 1.393653516711281307e-03 -7.106748759907771011e-04 9.085430382723315575e-05 -1.436811618330382199e-03 1.201644257645086014e-03 9.387394891575269690e-05 6.858735369142098534e-04 -3.567218862414256258e-04 -9.121892868940784712e-04 -2.591408288949309264e-04 -6.422227254535876288e-04 3.906811494581051620e-04 -1.062485049286241920e-03 -2.687725226497091773e-04 1.899714262720856442e-05 7.715270088705334728e-04 4.584128217785034829e-04 1.219658280942274555e-04 -1.253434806738686373e-03 -6.351655346239451928e-05 -2.708517300334854988e-04 8.743621235831568932e-04 7.297065979598065574e-04 5.074734942799698570e-04 -2.788020594307502836e-04 6.277270550805525481e-04 -1.093965911888911515e-03 6.713899105043150562e-04 4.779449834511752086e-04 -5.397482886660823128e-05 -1.640948973611258547e-04 -5.649955467346300022e-04 8.583455503821141742e-04 -6.613825861330343246e-04 -5.903748615946496393e-04 -1.497152344092648655e-04 -7.379570231839610670e-04 4.506514852293271424e-04 5.565259835296875856e-04 -7.945985355522312355e-04 1.063789257617778553e-03 -1.038123870700823894e-03 8.342859250718964031e-04 3.247911455031925578e-04 3.408600078233901148e-04 -2.223194517439281640e-04 2.567797159056169900e-06 -5.634911439689561713e-04
-8.288292020554921535e-02 -2.731178240984331873e-02 2.668012777551582657e-02 4.340085009781061848e-03 2.502099797222739896e-03 7.342374631688575182e-03 9.789062585711426692e-04 3.150620222628369976e-03 3.131931970838026957e-04 1.049093285972379315e-03 4.579842346880871017e-03 9.032813249242818438e-04 -2.109676697421545427e-03 -1.127894191279431042e-03 2.630083911580130898e-03 -1.411150797398699275e-03 -3.235067339229037980e-03 -1.601196954479492014e-03 3.137610466143647323e-04 -3.687385891413802637e-03 -1.409162985100945306e-03 -2.139136801925083445e-03 1.242432879171674175e-03 -2.339127390486953843e-03 -2.685610310379722742e-04 -2.333423779973803260e-03 1.772904587419464910e-03 6.151928324206734893e-04 1.683936892836912936e-03 1.407600802851467769e-03 4.218741270196290608e-04 -6.254870101230187258e-04 7.507305258576220039e-04 -1.077204525557784801e-03 -6.442829556779120599e-04 -1.779816976149299016e-03 -1.205838537978450508e-03 -2.525912533585485315e-04 1.205465755141742505e-03 -7.563991241543904830e-04 -1.397576126040543003e-03 1.726570536350059389e-03 7.963984994968485330e-04 1.455617657750892142e-03 -2.072162154555087159e-04 -4.333395014312322897e-04 -1.533730943834738739e-03 1.274831826422480178e-04 -1.033980486822884187e-03 1.239072994614951947e-03 -3.389996565065789020e-04 7.376499798632235984e-04 1.055433234709732271e-03 -1.174848410454597649e-03 5.253893657395530305e-04 8.199449437195352117e-04 -9.165669082714874866e-04 7.895837048475448650e-04 9.585197001260902839e-05 -1.629741845057720720e-04 1.312629524487103107e-03 1.085171747446629122e-03 -1.153397049072826764e-03 -9.568360501407964340e-04 -7.563746851597854398e-04 -2.782209256832156568e-04 -2.620119307542526240e-04 -3.499036822460564571e-04 7.861603816473771615e-04 -1.241597000224838694e-04 1.903132262941376496e-04 9.353276302631718508e-04 -8.096329705734306697e-04 2.296012798513072883e-04 7.923538777654630513e-04 -5.423556022841905183e-04 -8.474429439088329401e-04 -8.847316532709500678e-04 -8.695469304582618833e-04 -4.846448258691792000e-04 4.954807997401169370e-05 3.577708627210465504e-04 2.754866888883654853e-04 -1.735089389879630197e-04 3.997664690505669085e-04 3.371446496272157323e-04 -8.747522103954653893e-04 -3.130798999730934605e-04 2.467772622431669595e-04 -1.184286499713188442e-04 -3.990088492971140938e-04 4.893369506873352162e-04 -2.965161145360814435e-04 -4.406090460320763263e-04 -3.090489805120677242e-04 1.538378090541095463e-05 3.897162588246605637e-04 1.050638192601203872e-03 4.798486186934647368e-05 -3.606780694677350633e-05
-9.085135186987043643e-02 -1.878334088467740678e-02 5.457632729338078581e-02 1.944958841107168740e-02 -8.640685964679812106e-03 7.029053676728999177e-05 3.138114185750755930e-03 -5.456263467390433906e-03 -9.866429983819483256e-04 2.063515981521431492e-04 -1.238350899194151471e-03 -2.517618446585409824e-03 -8.519700435375933065e-04 1.516246000917176014e-03 -5.169733962552755524e-04 2.190974596694254817e-03 4.659270037389064145e-03 3.386637557480149784e-03 5.564000668326013553e-05 1.126547157249429285e-03 3.153311445479716271e-03 4.511994897264797258e-03 -7.705147387423535608e-04 3.199135645107404648e-03 -3.723817446320088018e-04 1.690642826978096909e-03 2.074939678796853398e-03 -2.180919621694251548e-03 -1.118773082156800152e-04 1.422569065780458981e-04 -1.338319151539089577e-03 -1.860365068749202187e-03 -1.394981641408675086e-03 1.923474794327474017e-04 2.389956112241144702e-03 2.122858036942266557e-03 9.809251691944909958e-04 -2.778059711952263026e-03 3.674040351341929670e-04 -4.473859511875737062e-04 3.053113149096211708e-04 7.982158171821260176e-04 6.036583140763448737e-04 1.573668002390753737e-04 -8.742512987169652689e-04 -1.854033661723977853e-03 1.286945147563285435e-03 1.579627641574282097e-03 9.793284949820054829e-04 -1.273956150160867381e-03 2.090707221718141322e-04 -2.110404813274476649e-04 -4.503883041634447275e-04 -1.870565915859840906e-03 -2.477286028168715609e-03 -4.357319015697168921e-05 -7.462652460133553829e-04 7.823829470026100966e-04 -1.213465541187717196e-03 -1.413069886600387595e-03 -1.188379877680434231e-03 -1.944926572140623757e-03 -2.197933845057762324e-04 -4.557818835956292192e-04 3.630766687309796539e-04 -7.198493369032535035e-04 9.213943691663907835e-04 6.139238109679586363e-04 4.493382070861309851e-04 2.169436392206825024e-04 3.216363630660030786e-04 2.208129031443485050e-04 -4.347375792344973164e-04 -1.687553369634017461e-03 2.877906421215251217e-04 -7.931396871921909519e-04 -1.314794399214531647e-03 -1.623473703105024566e-03 5.008546457162957669e-04 2.753295263270147657e-03 -3.718790559830925462e-04 9.177410128629548631e-04 -1.282192960773985901e-03 1.475951126212438156e-03 -2.346414181122865521e-04 4.458079016689782468e-04 6.347562248137963688e-04 -6.084294959762514545e-04 -2.909131809970264058e-04 5.414609555268404956e-04 2.024297002972207213e-04 4.984301591514443122e-04 -2.303342878375255233e-03 -1.148650154363505243e-03 -1.401036235574730331e-03 1.978883839263017013e-03 -1.278781345550947116e-03 -1.124145880841660250e-03 4.855844016156790318e-04 9.860725105384931556e-04
-8.264011888302233433e-02 -2.809922125805040458e-02 4.164377235504555103e-02 2.074121714190512930e-02 -1.002109247951253439e-02 2.558923689317211658e-03 7.362524339798904791e-03 -3.209894760754313306e-03 -1.580468401016073450e-03 -2.315888117813658890e-04 -1.906254505225360267e-03 3.369968347913544857e-03 -2.117116597705773814e-03 1.082466542054402042e-03 1.419825494253216256e-03 -2.601316844501441652e-04 -7.275595774185730433e-04 2.746206327577739408e-03 -2.581648794972198611e-04 4.196945144948268334e-03 1.825045271058073088e-03 3.008244137891129700e-03 -2.161992666296198504e-03 1.405607953432890488e-03 3.264687059549948255e-04 2.200308452029050253e-03 -6.635711488941861040e-04 -2.008858479596341458e-03 -8.053741685519092775e-04 -3.196480985182650978e-03 1.013485409133702907e-05 -3.996466613082609478e-04 3.515086718704648586e-04 -8.845131123254104406e-04 1.451360077797046863e-03 3.741954850693959746e-03 5.965077946130070393e-04 -1.014048964185053229e-03 -6.334436749819956705e-04 1.379896725982153601e-04 -1.057981982330637779e-03 -1.025098532727478345e-03 9.693139540147440152e-04 1.532319039333152489e-03 1.623461291485531763e-03 -9.582692360088789808e-04 -5.374491917332789494e-04 1.405309489134868878e-03 3.546777852236944624e-04 9.093597598540969530e-04 -7.878922753354481237e-04 -3.769992465492966307e-05 -1.771096972547275784e-03 6.409913097743837052e-04 4.337108633687488551e-04 1.276470309451277138e-03 -1.585943974056937787e-03 1.634824442026260754e-04 -1.824466873414482947e-03 -2.090159562619567108e-03 2.136481927228877850e-03 4.482599741730650838e-04 1.003029263690842499e-03 2.248107035124789147e-04 5.845466466662679753e-04 -5.998770071095623857e-05 2.073857297288795437e-04 -1.919803953177089866e-03 -1.553228633021593724e-03 -2.627701970109616852e-03 1.746498139194977187e-04 -7.190744234587754169e-04 -1.385332275181480220e-03 2.299244479087638252e-03 -2.308498571035903974e-04 -8.871597397497511415e-04 2.616428359151698902e-03 3.154608230218570752e-06 1.316603953870227554e-03 -1.528846771743128758e-03 9.051408325927043320e-04 -3.429220573676559892e-04 1.922642811217926614e-03 -2.293191505942377816e-03 -6.788933209290845972e-04 6.437061196008606208e-05 -6.039414362742576972e-04 1.107686775371167777e-04 3.498588175813131806e-04 4.769572708124128805e-04 8.444354154138412807e-04 -9.976128251985160074e-04 2.197134275534486179e-03 1.119849260593334418e-04 1.623414680937898405e-03 -1.262022923454197455e-03 1.014342171866061855e-03 6.536522345903223287e-04 -1.827170288963387646e-03 -1.435627954460170271e-03
-7.870086196816208912e-02 -3.956813750518943518e-02 4.072135491352668613e-02 1.889206879233438011e-02 -9.502787875387993383e-03 8.095830778728850541e-03 7.487850540300338212e-03 -2.040000279676693409e-03 -6.098463821857099884e-04 -2.489319042649997069e-03 1.386564504490966215e-03 7.696584087431051352e-03 -3.884057246574509296e-03 3.797835619450883006e-04 3.350609562079334518e-03 -1.383842497818981278e-03 -3.126219146521226101e-03 1.630401857136021737e-03 -9.202530763656230264e-04 1.999981602679873089e-03 1.793799289417468941e-03 2.324541452023369103e-03 -2.905750087694830477e-03 -5.262467572607391030e-04 5.970631788380826883e-04 1.284597888136431755e-03 -6.720257998074319035e-04 -1.895557661473737301e-03 7.959837926278009578e-04 -4.696361282200246269e-03 -3.176888997880423311e-05 8.490971830966328451e-04 4.058821716791902201e-04 -9.382789932574336217e-04 -2.788430784144413084e-04 1.432477236313655635e-03 1.232034914545817022e-03 -5.457904265922855345e-05 1.247301420306562479e-03 5.765331596345599696e-04 -1.144885954870977426e-03 -6.560048612744314020e-04 8.381109752679389820e-04 -8.805485304877637290e-05 -6.899332980356637441e-04 4.375329863892070468e-04 -1.251641775718071109e-03 -2.993907385761191298e-03 -1.599639301498045202e-03 2.209056473791867325e-03 1.065114728329942832e-03 -3.684966072077520190e-04 1.373799199297579400e-04 -9.963581744564238389e-04 2.175670424111045536e-03 3.800622807574720883e-04 2.453532169143774529e-03 -1.625067333193734110e-03 2.727037768545316227e-03 1.505206802179775549e-03 1.023405372574724345e-03 5.614842681696458927e-05 -1.217819011851721187e-03 7.756036602625430250e-04 -2.651045598278933542e-04 -5.528509816210546443e-04 -2.015325435191383466e-03 -6.765091165150727675e-06 -6.044671433148873264e-04 4.370420368565960164e-04 1.486424235678089644e-04 -4.250633771428311719e-04 2.331399647500880228e-03 3.992028450957633111e-04 -8.613081286739979713e-04 1.232080739179606393e-03 5.069347852978060669e-04 1.170130969864552838e-04 -1.362007729167444238e-03 -1.660269247482294610e-04 8.523439579291504798e-04 -8.085679025151693412e-05 -1.099051614846534124e-03 1.415709129012505127e-03 3.960163150516254785e-04 1.208342325618530375e-04 8.546272889413549477e-04 -9.741517728698909475e-04 -5.285964921118770652e-04 1.727201745608477506e-04 2.024124674371570822e-04 -5.962482877117594336e-04 -5.086548900529810641e-04 -1.171165781784467240e-04 -5.802688491058392373e-04 -3.034958956492434987e-04 -4.837013898671443826e-04 -5.079101554216761604e-04 -8.993094577674113168e-05 3.621578170989402622e-04
-8.324272839159577164e-02 -3.085163158456978236e-02 3.652361926788508240e-02 1.600160331663944349e-02 -6.450912418335521224e-03 7.237843006622017052e-03 7.734751565405924983e-03 8.043707490267466582e-04 -8.859098851024030906e-04 -1.376199123617781635e-03 2.706166306469390097e-03 4.531298855051109353e-03 -3.454981189893962298e-03 3.263742397797426975e-03 2.845627781520381275e-03 -2.878700578180520050e-03 -3.126566574212655616e-03 9.783395775669813822e-05 -1.529757336052530933e-03 -1.975307195787598304e-03 -4.192569044899587460e-04 1.429977396194523831e-03 -2.353842817658031647e-03 -3.376652528439699503e-03 -1.617143743586770639e-04 -1.375498859780226028e-04 -4.691927721553352799e-04 -3.407542925252152297e-04 2.207848459839983034e-03 -1.639875743110651629e-03 -1.626409538910111299e-04 -1.721761769686634561e-03 2.018656590457886327e-03 -1.110813263898273451e-03 2.859036684750737470e-04 -7.581364916989679660e-04 -3.928108873834483539e-04 1.065601320954580185e-05 -3.287666086068571610e-04 -7.042874479140814230e-04 -9.133963108586424509e-04 -1.247706760421520684e-04 -5.419516905697213498e-04 7.532449633858935480e-04 -1.459180150304901580e-03 7.833182977073360753e-04 -1.330839664368014489e-03 -1.425687577640962541e-03 -6.726449538464653738e-04 1.062780363347347150e-03 6.883408206143882494e-04 -2.325111715249630125e-04 1.410758794680101692e-03 -4.825078358226956351e-04 3.397304167768703414e-04 -1.656911756353509453e-04 1.005630230296282240e-03 1.977247279311193325e-04 1.482356317562988704e-03 9.620723969474642787e-04 -4.477470650582339950e-04 4.922766512459800502e-05 -1.179974861114821243e-03 -1.185592405510971442e-03 -4.118628940351905465e-05 -2.356424529463887747e-04 1.862502640191442959e-05 -1.000883707671819655e-04 7.651375098901247679e-05 6.991507331166607478e-04 1.187223370970771327e-04 4.925320483283978767e-04 1.428683940903430563e-04 -1.482077122498693528e-03 1.218483531972587220e-05 1.898820786980870510e-04 -8.339273689191210957e-04 3.075156447017262756e-05 -1.953057819143242779e-04 -8.147199597367299657e-04 1.941391745099279036e-04 -5.185593633769288412e-04 -1.287730776226581199e-05 8.544607890468951250e-04 -2.386532768651934033e-05 7.255574969005611089e-04 -6.053062388798517799e-04 1.438881735681674090e-04 -9.558939273128544921e-05 -1.173679131495163237e-03 -7.875922561571990126e-04 -7.278181639391248113e-05 -5.088960262322383878e-04 1.510389948065253638e-04 2.841584350480690340e-04 4.562487683282435568e-04 -3.324501703309124911e-04 9.414894871762342476e-04 -2.242742946921887908e-05 -5.413599263062721296e-05
-7.330947567015874689e-02 -3.812132832767396035e-02 1.943377690513060918e-02 9.894003427008371543e-03 -2.551616740594814681e-03 7.334910716551032960e-03 4.433558385091731602e-04 -1.931075216159054394e-03 -1.447451039126698182e-03 -5.929617094626751621e-04 -4.119050092278878084e-03 5.931147867471761419e-03 -4.970290874369797090e-04 -8.182806233052185990e-03 6.851494124271105199e-03 -1.497599608760200518e-03 -2.233766838306872147e-03 -3.473985304443007877e-03 -9.848347067744594438e-06 3.867064766121051933e-03 1.064597877109998807e-03 2.936778532699724741e-04 -1.486902307214439016e-03 3.250962003811532289e-03 1.212216727129286371e-03 1.533247113164476873e-03 -2.292384793343698636e-03 3.628079442910991069e-03 3.736402936232561416e-04 6.573327652719300820e-04 2.207994176737906444e-03 2.774586760155945027e-03 -1.213801946538337322e-03 1.783563459419949945e-03 -2.617503388891097901e-03 -2.576364802851429693e-03 8.060409291245606558e-04 1.739138537989483790e-03 1.365215706625818757e-04 2.106887660463096102e-03 3.783543652510685563e-04 -1.167320082625547366e-03 -2.792386604782042046e-04 -1.732274886459354065e-03 -3.008336510129987966e-04 1.086072645420933704e-03 -1.223153454502179426e-03 6.550296532527011522e-05 1.321276780849276865e-03 -5.302664209982305751e-04 -7.637819631469471232e-04 4.444501907866892239e-04 3.889521695431295075e-04 2.490308885084010528e-03 9.735382350671104457e-04 -4.086800161061881305e-04 -1.716998346506990380e-03 -1.236890033448857979e-04 -2.213144612816971002e-03 1.162022445298390279e-04 -2.979075440836076276e-03 1.605933040262824902e-03 3.150817496225859974e-04 2.700422530559254040e-04 -3.938927899319137876e-04 5.681457248041935949e-04 1.371766001247844233e-03 1.075799578143282710e-03 2.190231460252301064e-03 3.257456547100884498e-04 -1.737114892994218174e-03 -4.139055373997135444e-04 -2.097953420116811189e-03 -6.506121130666641696e-04 1.198363518044222786e-03 1.004980885261872072e-04 -1.837115079757255980e-03 2.008654300127979886e-04 -9.758017248261518888e-04 1.238584572029986569e-03 8.358266688874167174e-04 1.307244882219750536e-03 5.301215341964434164e-04 -1.737211097957382447e-03 7.862611197655319502e-06 -1.051770203002434139e-03 -1.578357695712121660e-03 2.952376734176615381e-04 6.001225969183214375e-04 1.857538884990549101e-04 -6.477504129466111473e-04 7.074620709194990708e-04 -1.008265035246857459e-03 -2.164383123547963420e-05 -8.537124955801069686e-04 5.894048523007854729e-04 2.037827311920939683e-04 9.775761513950891393e-04 5.185366161326950994e-04 2.876332195097825047e-04
-5.429244026848932536e-02 -2.497163080132825536e-02 -3.671400028486186684e-02 -6.201244492066598259e-03 5.023312731936357273e-03 5.357985958599514008e-03 7.949256052540222203e-03 6.858084780500633927e-04 -4.390379450594331621e-03 -5.576753902771176656e-03 -6.090861265881786571e-03 -4.275417009698260530e-03 -2.039324699042602794e-03 -4.104319024822028483e-03 -2.376588276995794148e-03 -2.854273629015607883e-03 -3.003535479800960214e-05 1.762610539341197963e-03 3.343846796888594319e-03 1.587566112907197154e-03 -3.176829845866225525e-03 2.666939971630406889e-03 -6.165521113711200374e-04 -2.123723092611739941e-04 2.984310818488965841e-03 -7.307454833993084131e-04 1.043353195782187022e-03 4.285222843685956482e-04 -1.298345197022396456e-03 -3.312515745210159023e-03 -2.048636001774675839e-03 6.064172634256704284e-04 -1.192476864101030569e-03 -2.462974819497984816e-03 -1.643183439224830868e-03 -7.791524704172012560e-04 -3.229237423212690840e-03 -2.148299887960860872e-03 4.686717714967823518e-04 -2.022371192432087430e-03 3.889203779302377877e-04 -6.564022584209224695e-06 5.271083242811239623e-04 -1.670394187699437115e-03 -1.561444926079566487e-03 1.192866630965436258e-04 2.611622031832717961e-03 -1.960889212696451112e-03 -5.746573409702441289e-04 -6.836207054638888210e-04 5.530482433711523269e-04 -9.058470137493964671e-04 2.818466892904764607e-04 -1.941713055280956700e-04 -9.373305009375568425e-04 -6.465538924051270238e-04 -2.295505081360583403e-03 -1.000824251136263679e-03 1.877788766241593205e-04 -1.183405307028649904e-03 2.594662809131528455e-04 2.055454985891454794e-05 -5.202428916453984359e-04 8.411728470289821669e-04 -1.813031325737641771e-04 1.659017110161676266e-03 -9.317946203351846991e-04 -1.279781028021371482e-03 -1.370634136570868028e-03 5.743097564185391940e-04 1.139525640237879379e-03 1.321747924611330277e-03 4.324367991905645478e-04 -6.527235378566428143e-04 -8.949844927927932340e-05 8.852453081845286769e-04 -1.194794436171824244e-03 1.336968012342082878e-03 -7.413600581751951741e-04 -3.836422362827722758e-04 -1.051478696281213192e-04 7.273705124602041243e-04 -1.811496325189801686e-04 -2.013179722980522161e-03 1.069095005060105921e-03 -4.309952914620892076e-04 -2.843970380507165299e-04 2.865752363702356266e-04 5.563896236097066409e-04 -4.359706699606756428e-05 6.311900492153943529e-04 5.651293548091752481e-04 9.985533050637487770e-06 -4.843237635900194391e-04 -2.126874320186179876e-04 1.182047901175547902e-03 6.235238897577584241e-04 1.713585407671262904e-04 -2.245715603163478055e-04 -3.915565914822294227e-05
-5.781183766272062624e-02 2.279689040138394365e-02 -2.134629481372067594e-02 7.375724660180348058e-03 -6.749240617309041658e-03 -1.317465301299145138e-02 -8.443332693352687338e-03 8.596754668208505742e-03 -2.467429071776785620e-03 -1.231166378710263788e-03 -4.511760706825832315e-04 1.729809872759351672e-03 4.008061918895409678e-03 -6.573058160324624782e-04 -5.257436778646916355e-04 -3.387407391257637231e-03 -2.940573498795145957e-03 -1.669529464435928409e-03 -2.405879741343045202e-03 -4.405904678334388535e-04 1.969036656516916261e-04 1.528674423961933967e-03 8.136945204619332962e-07 1.778648339820832576e-03 2.633214967990425703e-03 7.376041427939781332e-05 1.175719524358980698e-03 -1.014256905736255583e-03 -1.073085652813943842e-03 7.926495517105655586e-04 -9.168949230997319277e-05 -2.093808141982214351e-04 5.015244912472695792e-04 -2.006062358674861375e-03 1.236285401939877810e-03 9.327256113199438019e-04 -8.587277026088690817e-04 2.763579159878862051e-04 -1.539335044655828480e-03 -4.425191697639177090e-04 7.650567246372760345e-04 1.575063141614169854e-03 2.272654475896838683e-03 1.261711583604888587e-03 -2.376399859338996731e-04 -6.087590752444342222e-04 -2.281105418749829368e-03 -3.705716499702249264e-04 2.200975237632081961e-03 -1.270756355227730099e-03 -2.473860846881356310e-03 -4.165548236244187986e-04 -4.872821740993633585e-04 -1.065082212809975119e-03 7.159372144654050025e-04 -4.376315923637080644e-04 1.366164930330942716e-03 5.019748108814932200e-04 6.368597063134143676e-04 1.045872164612553180e-03 3.267354234469211716e-04 -4.767143919516582938e-04 9.140404179264375673e-04 -7.201631419018792541e-04 3.338633134665235157e-04 1.103382865824612501e-03 -3.982559067643848521e-04 -1.084488693349685597e-03 5.447091256681407887e-05 -7.812317570140623994e-04 -6.531349759573443301e-04 2.164510106941204125e-04 3.922251640646197656e-05 8.344570939161102775e-04 -1.191597536127740614e-04 8.352170062134285037e-04 -1.206095940850883034e-04 3.808475190062962542e-05 6.304355682894823574e-04 4.144505535014097086e-04 -1.019079063273762090e-03 -3.922076590568970497e-04 8.051307700614557207e-04 2.073464209428457013e-04 -2.730552661031262628e-04 -1.375376017704373489e-04 -6.147129106079912524e-04 7.668620160994677241e-05 3.799752582928491384e-04 1.555144561386223861e-04 -6.401135625501223588e-04 -5.614487468748124120e-04 -6.927065792684726714e-04 -9.849709343676266160e-04 -3.279134394004030962e-04 4.283095314970723414e-05 -5.613776716373622107e-04 -1.818552912557596898e-04 2.270661218373356280e-04 -1.624657922539909103e-03
6.083103739651287561e-02 3.594017732970997830e-02 -1.577692212305636596e-02 1.158689558106756716e-02 -1.488760382096037532e-02 2.677205178259292086e-03 8.260938058200092103e-04 1.444799582625302427e-02 9.273515761412080491e-03 -1.234047703867350307e-03 3.509640592484712836e-03 1.123811908414640336e-03 -1.112827483633281036e-03 -4.809405795311526809e-03 1.381306457902445675e-03 -1.344675329151798736e-03 3.811570611737980820e-03 1.300391010582361943e-03 1.494806115014395793e-03 7.221655739334064241e-04 2.394013281158169620e-03 -1.069719259373917589e-04 3.562937956744381056e-04 -2.966032047486108752e-03 4.206339098134762380e-03 1.872948528172353657e-03 1.509863582356318131e-04 6.183336185771384601e-03 4.293598106561950269e-03 2.840536753979404361e-03 -4.535931549247745366e-03 -2.932789532054311515e-03 -9.192236542954542334e-04 2.092732315925507035e-03 1.534101147867039314e-03 1.130087557568028745e-03 -7.262096907191217766e-04 1.401846999191607704e-03 2.938043425064193470e-03 -2.960287379189000326e-03 -2.733265601677888957e-04 -1.510883841178827739e-03 -3.716127583726053230e-03 -1.892760340469993620e-03 7.454913926497774195e-04 1.325664474851175360e-03 -2.046465859295999289e-03 8.066759122226188107e-04 -1.326713728005407024e-03 2.300006335097153423e-03 2.514329114290900571e-03 -2.014566299736388674e-03 -2.268883234992147887e-03 -1.873056192880006134e-03 2.105819246008368718e-03 -9.588900997420740863e-04 -8.848409982748925645e-04 -5.250617485576808538e-04 -3.525218177061606364e-03 -5.120611697978979257e-04 1.071862506928011318e-03 1.395726836985268005e-04 2.471796495389849864e-03 -2.060862558187567459e-03 1.081378875133249097e-03 5.522237003627565198e-04 -2.505993939316932158e-03 3.295059743525677581e-03 -7.693426546530163744e-04 -6.734820342078959429e-04 -8.577960430591955029e-04 -1.037616938109312990e-03 1.675154406391240851e-03 9.463700311544087857e-04 -3.082088730296075104e-03 -3.972472163386642544e-04 -2.967602204316517871e-03 -1.243573022535542647e-03 4.275395498878629464e-04 6.663295891356689699e-04 2.121806557623615041e-04 -1.506807908860342219e-03 -4.686506485483240745e-04 1.314369005536608246e-04 -4.190306087162844412e-04 3.237405310446150072e-04 1.040196482084154240e-03 9.585956603660622001e-04 4.117927268583323292e-04 -4.098184810536441292e-04 7.620845746880962682e-04 1.223440480221107789e-03 7.223891101783713482e-04 -1.316738665102959709e-03 2.515586244777910717e-04 -1.910465853971437373e-04 6.249234968793417012e-04 -2.793568558586835928e-04 -9.499751498603771840e-04 -4.454939037957891161e-04
5.794685593228383197e-02 2.777929664851245400e-02 2.125562938686290093e-02 -1.360013716286821023e-02 -7.366691947390404489e-04 -1.108117358160689778e-02 -2.364434591440210936e-03 1.928487642789422987e-02 2.082409087541530358e-03 -3.521890030337934165e-03 -5.481382385784079082e-03 3.285453492158965736e-03 1.653438005903569430e-03 2.617796023722487441e-03 9.658716976910895627e-04 -4.925214176311630467e-04 -4.019119062290010640e-03 6.167132971402172759e-03 -3.674098648638973036e-03 6.136397650647217776e-04 -1.959141112047593173e-03 9.300256423716976237e-04 -1.760086736958939736e-03 -1.252151310301146498e-03 -9.789737341426632804e-04 7.902190814554090319e-04 1.379703442022309299e-03 3.859831050180698771e-04 8.122314206914925568e-04 1.029528962744243091e-03 1.515040272326636552e-03 -1.900466014084533414e-03 -6.795558256308215786e-06 -3.073918910088955288e-03 9.463545649722089354e-04 -1.182149262666778696e-03 -3.879381167390770079e-04 -2.155351099406598633e-03 4.796590965792025445e-04 3.742304518160390146e-03 -1.227654607388626706e-03 9.286366244842529823e-04 -2.375346268831362954e-03 -1.931073118243115767e-03 5.029407121372495666e-04 -2.071432940603038821e-03 1.681540102534190805e-03 -1.592743311716272999e-03 -2.069275751670756648e-03 4.365378050925023475e-04 -6.973766792064202587e-04 8.671602070881071454e-04 5.338127733768234561e-04 1.306367077735950174e-03 -2.417977536757973112e-03 1.704271920544786706e-03 -2.272134398438074940e-03 -7.322045252398573295e-04 -1.278083609223580174e-03 -1.739438206957535362e-03 1.187126428531188336e-03 7.191843796131834349e-04 7.360863435663412288e-04 1.406047056223066463e-03 -7.025032654519681790e-04 7.965082472999164098e-05 -9.130191404803705488e-04 1.228473830755693079e-03 2.524767253927657790e-03 3.158291662024089331e-03 -1.740267859393264003e-03 -1.266989725486635009e-03 8.513982794646896262e-04 3.056384308621252783e-03 4.579589178166160656e-04 1.492155705974024249e-03 -1.323617299194823670e-03 4.766924885965021473e-04 -3.606911998189731824e-05 1.586745437420106078e-03 -1.923671340214977562e-03 -1.032525448789099482e-03 -5.931743921472658549e-04 -9.891358161066075676e-04 -4.183538480183094884e-04 -2.847960954324684889e-04 1.693442421535325823e-03 -1.071870484299833250e-03 -2.319758314940223584e-04 -1.133077156054796385e-03 -1.901099469168623067e-03 -1.648009125032060635e-03 5.409138694346151939e-04 6.232435794587012868e-04 1.749742704165785021e-03 3.441055806394568571e-05 1.053981915780403066e-04 9.381199589694328963e-04 1.395192005172000592e-03 3.197081371722321598e-04
1.039884983843804116e-02 1.434566254168593083e-02 -1.665762586705660589e-02 1.603943271739699875e-02 -6.391704090346082834e-03 -4.562742036685845173e-03 -1.058658601565468961e-02 2.154024709286093964e-02 -4.636646153927715969e-04 -6.209006833478346657e-03 -3.049517201393126854e-03 2.459493140090977109e-03 4.901304698614936291e-03 -2.714604508329608134e-04 -1.320561585150199172e-03 -3.394306749431992305e-03 -4.652970236738941147e-03 6.950136996241433086e-04 -1.024465814939961878e-03 -7.292029235455865527e-04 9.016341045975691118e-04 4.549743835025031082e-04 7.819239177196683939e-04 4.206450652617996569e-03 6.123426804554590007e-03 2.660765508073283689e-04 1.517916673889563740e-03 1.199880155944233801e-05 -4.447771693012411449e-04 1.592376619868232646e-03 9.430406555017648712e-04 -1.067051924325243583e-03 1.495861113764331961e-03 -7.680605149902097533e-04 1.820513881256348443e-03 3.647042825592313343e-03 -1.054025648713417503e-03 1.821665385482746941e-03 -5.336114485352426093e-04 -1.373606260673795789e-04 2.494956568435320078e-03 5.582414958794679020e-03 -8.471449597660833187e-04 -5.563121409330090738e-04 -3.403472020986556511e-03 1.892062671254172491e-04 -3.942652658411893198e-03 -3.270319911136416145e-03 8.964551554182064027e-04 -3.817200716482797331e-03 -2.383639362851862602e-03 -4.665325912983728121e-04 -1.949944411308869021e-04 -4.120468316385605392e-04 2.306100328554909137e-03 4.623094152042825171e-04 1.536821904785423080e-03 2.522815655080045522e-04 -1.294469292914847132e-04 1.181249727327429505e-03 -1.948568016093615071e-03 -1.348420550134351616e-03 2.603638931646302555e-04 1.882576345448317258e-03 -1.315875776942759248e-03 -3.690710504772259188e-04 -2.172827444915555791e-03 -2.932992740723743778e-03 -8.278272285696233529e-04 8.565115810347324931e-04 -4.553206687997158014e-04 1.030780607819572255e-03 -1.470632848203277292e-03 -6.465241014534841961e-05 -2.460478931955435125e-04 -3.569871895979406622e-04 -6.954701822283526408e-04 -6.398045917361043456e-04 1.372984859576518090e-03 -4.796801209240108779e-05 -5.870757768932593048e-04 2.100356368833196732e-04 1.466646400827239507e-03 3.950007569703180615e-06 -1.199921815805897289e-04 -7.840886724873175192e-04 1.460840977451220365e-03 -3.042546888459667629e-04 8.975914749248946507e-04 7.659343598874325879e-04 1.219092018237202292e-03 -1.710929423646056417e-04 -3.180888453905793799e-04 2.098165332403438468e-04 5.735992544272634861e-04 1.333664396256319887e-03 -2.937946091881559201e-04 3.256058391174260669e-04 -6.816748469169667387e-04 7.100636997016062605e-04
4.093899525954667468e-02 6.391842446321323312e-02 3.285290975606759700e-02 -1.469804791555274007e-02 5.929047182260610907e-03 -7.608452421934397934e-03 1.909610304237184010e-03 6.188107402401263335e-03 -2.503967694131802556e-03 -2.568996376572619915e-03 -1.016395895713652700e-02 6.966334829049471676e-03 -1.076371061404715092e-03 4.822703416383538125e-03 7.167212455949129209e-04 4.833070006000643091e-04 -2.890754047307073343e-03 7.252466932722523296e-03 -2.145692899482236782e-03 1.649225427403082801e-03 -9.358222331763173382e-04 -4.738925983904644125e-05 -2.255186491031726734e-03 -3.543911693099061067e-03 1.151345930826744475e-03 3.119695499838884712e-03 1.581062723881641689e-04 1.211046358216497391e-03 -3.756514178324942021e-04 4.238822982321135621e-03 1.860379526727790403e-03 -1.721467638460554787e-03 -7.100035364132320417e-04 -1.458702244744987603e-03 6.817427627391813233e-04 -2.735948801678261301e-03 -7.093583837281294520e-04 -1.109198001463042836e-03 3.533970493923504303e-04 1.655549289742577019e-03 -3.657951677508873220e-04 9.409216851016884327e-04 1.201662079408325227e-03 -3.234688870189417371e-04 1.760538722836695090e-03 -2.719637016065933315e-03 1.571182894809245757e-03 -1.910561160910390771e-03 -1.040848952541994533e-03 1.856401389823925238e-03 -1.016631620749187774e-03 -2.720343961257936163e-03 2.694387493824182845e-03 3.682778579252727323e-04 -1.855987637852496430e-03 3.356461191094268484e-05 -3.709041308922410816e-04 -5.977568505222283441e-04 -1.279957996872305593e-03 -1.131854908053805172e-03 2.160347753387937230e-04 -7.894775837726423313e-04 -1.743840601748218502e-03 -2.930019010156650005e-04 6.651828410368314888e-04 -1.151921624679273348e-03 2.496431226001414542e-03 1.022196697366698848e-03 -5.005424202552848290e-05 1.615137859614592828e-04 -1.747785543661901269e-03 -2.787608970401642843e-04 -1.192717071253869597e-03 1.169128555092034368e-03 -6.024174132639441726e-04 1.607892356747595963e-04 5.116717549844096262e-04 -1.246839942031778992e-03 -3.476503936728758942e-04 -1.797466805778658592e-03 6.986769609739595498e-04 -1.567801862878742322e-04 4.034704543185024263e-04 9.469105334726403021e-05 -2.621286273534108939e-05 -1.086902704607801192e-03 7.544577079275248052e-04 -4.587763736570123408e-05 -9.285180397322949581e-04 3.737705004621738532e-05 2.469095783743375464e-03 1.649668863665256901e-03 -4.667676737408435906e-04 3.517690281360948937e-04 -3.658640514660557882e-04 -9.218719793353099201e-05 -9.141732285522098222e-04 -1.390090472835253232e-03 8.199879866639720903e-04 -9.343468243616444464e-04
1.872708975257778019e-01 -1.617680073779446948e-02 2.373550863015476756e-02 -1.670480277819319168e-02 -1.375049817614908305e-02 -1.432331894701489514e-02 -1.041371217284626626e-03 4.774195880789291503e-03 -1.327634031119117632e-02 -4.306828402152193015e-03 1.601426569377673243e-03 -2.151892992823300002e-03 -1.874040985096796881e-03 3.007959893002052233e-03 5.792178199347269851e-03 3.256139157749417170e-03 -9.608617392236326387e-04 2.629151398320234687e-04 3.641283436219089429e-03 6.269049463789405597e-04 -1.798180743511381937e-03 3.746028553850386006e-04 -8.100535937520103721e-04 -6.768829138285001367e-04 5.922619556673021975e-04 -2.079077066727119845e-03 -1.219743512214880015e-03 1.497372964152327707e-03 -2.258168291016259335e-03 1.048729332341586523e-03 8.755867796749603653e-04 -5.122668806858976260e-04 -1.545669779541114335e-03 9.616905289519246496e-04 -1.501480388047156118e-04 9.370882663262999727e-04 8.668188694028520049e-04 -1.650969476293914209e-03 4.393125950073905646e-05 3.253387476888551055e-05 -1.973010345270277514e-03 6.115489557435110869e-04 -4.345134880615228153e-04 -2.143875855371908017e-04 -3.743185827982512307e-04 9.331206020025070453e-04 -4.947643255609049980e-05 1.139162232946589658e-04 -6.772503061176265906e-04 3.967087483388941722e-04 -2.296068169759629381e-04 2.800673093881980041e-04 -2.066572488232082502e-04 -5.298232223193520682e-04 4.412208692913732939e-04 2.580841673945864033e-05 7.661362846752482704e-04 5.128627418791431976e-05 2.223843601134235955e-04 3.974636838531951264e-04 -3.023261811642127058e-04 -3.871751085115309973e-04 6.508627051963112751e-04 -8.387193225446408620e-06 6.790153203201364533e-04 2.420038206268360363e-04 1.181589167677489033e-04 2.208882732388041175e-04 1.120513378751725983e-04 -4.661942567625857099e-04 6.338405867057665330e-04 4.227030891656638608e-04 -2.560307906655038537e-04 -1.130343432709474089e-04 2.579947748789798798e-04 3.589045449502828206e-04 7.426483514074906937e-05 1.182842116535393886e-04 -1.596518004941910546e-04 -3.125599012544138860e-04 -3.179529578068559847e-05 4.724223551074968044e-04 1.251751481399303290e-04 7.179969749683006342e-05 -2.937176470356205374e-04 -2.144420577427251159e-04 -7.887284303028734532e-04 -2.979257478081165280e-04 -8.677058867732842528e-05 -2.446313556543426018e-04 3.579252777594636899e-04 3.673474488404256198e-04 -4.174984171427700938e-05 -2.024556808067477678e-04 -3.156857119487470375e-05 -3.094083617045699036e-05 4.661287299337036564e-04 -4.031792173872732589e-04 -3.830912965661715722e-05 2.572280612978446461e-04
5.476214204351929904e-02 -3.296892784352072753e-02 2.638381742612491351e-02 -1.910960989230708548e-02 1.716914653664515164e-02 -1.422366982928728422e-02 7.500414182720755579e-03 8.070295992332662122e-03 3.570087235390889072e-03 -6.252251147815631599e-03 -1.551041239133791347e-04 -1.012210387388741894e-03 5.051799835835676759e-03 6.295177973732693109e-04 -1.734427309147998624e-03 2.712684511800705477e-03 -4.880325584094458049e-05 -2.201768298824277170e-03 -1.900124965874800493e-03 2.435660478547100900e-03 4.007824789946763493e-03 -1.212727282696819762e-03 -8.523420253093082167e-04 -1.681251714401771824e-03 -1.280022800964612578e-03 -1.691152815164620070e-04 -1.341154193762262962e-03 2.013196197603286681e-03 1.382912101744566144e-03 -3.295184846615905033e-03 -1.023610674851872565e-04 2.041780005667575334e-03 -2.806979232464006623e-04 -5.148284994358304180e-04 1.872163158879126040e-03 3.458188579790276288e-04 5.128910011253362804e-04 9.812083004486556615e-04 1.001393835299205400e-03 1.139288357018879974e-03 1.064779135215245106e-03 -6.784103421582622856e-04 -5.647968022108356334e-04 -2.465680511034090520e-03 -1.800705773881933463e-03 -2.448221921015445758e-03 8.949682213072198377e-04 -2.292331444274828235e-04 -1.026062267484095531e-03 -1.176535976472046921e-03 5.608203261478900137e-04 -3.108592148834498736e-04 1.859325077918152829e-03 1.355077892679388630e-03 3.728094776169799162e-04 -1.804055692219356372e-04 1.703141372913183653e-03 2.075672806061158553e-03 2.478940602510696072e-03 -1.014767242811434123e-03 1.701047613390199980e-03 -2.259927821927765602e-04 2.158972857890846791e-03 8.415175393534167058e-04 9.843121891109736163e-04 1.589817539295664862e-03 -7.477556662801811051e-04 5.708793851200375929e-05 1.742184449585200585e-03 -2.742051119371315040e-03 1.859132564505200499e-03 -4.138306633281174369e-04 5.056925710558621799e-04 -2.263328840880313511e-03 2.181818178689529618e-03 -1.787343647250395472e-03 -1.634512780826211271e-03 -1.530822733478498304e-04 1.378527385579391817e-03 -1.487945308284953350e-04 6.423856068473522999e-04 -2.361650341595668712e-03 -8.133824891741254408e-04 9.983072385588360239e-04 4.953312691432404683e-04 -5.203210985403983017e-04 -9.139463290221566411e-04 2.178372764145130181e-05 -2.319680521324664606e-04 1.316089930991652581e-03 -1.460566745682653810e-03 -2.659100813030153255e-04 7.015963310241842693e-04 1.338657068012049159e-03 -1.043856782252918706e-04 -7.220948192976410713e-04 6.747071410614095995e-04 -4.674426309023312336e-04 3.166002094310821206e-04 -9.890588348505490596e-04
1.390668097689234384e-01 9.758735748433404814e-03 -4.448896572888873420e-03 -2.270177666218021247e-03 -5.502413477685226713e-03 -7.240955671000088266e-03 1.249927421951422743e-02 1.543444530737473654e-03 1.065597719500538084e-03 4.082655468083001317e-03 -3.245419282190865114e-03 -3.683484146783940795e-03 -2.842321672568610697e-03 2.554802201139312785e-03 6.890730456360125329e-03 -3.322884784406014008e-03 -3.082976416029207904e-03 -1.121537679631353290e-03 -1.401686599920605675e-03 -1.505738491236186449e-03 1.463739573317493449e-03 1.133351179774345555e-04 7.226279075174983808e-03 2.491532754511076309e-03 1.563728908971358808e-03 -2.045042961501165478e-04 -4.466527734506497375e-04 -8.576265034649869362e-04 2.448886515130692821e-03 -2.151414669231176916e-03 -1.247394206228358152e-03 -8.272156900914567033e-04 -4.277572267295536609e-04 2.764251283918065395e-03 1.636655039250727982e-03 -2.547520048707511281e-03 1.580065713160613318e-03 9.552325100261007578e-04 -3.113950450820671578e-04 -1.318615729020286391e-03 3.205103902274116043e-03 -1.572674392276698571e-03 -1.306752063170259822e-04 1.677085573128887048e-03 -1.183653687488844233e-04 -5.899505883071663303e-04 1.898304491100733123e-04 -5.944491633093531690e-04 1.440559776165478353e-03 7.158433448313842283e-04 -1.093821010261054405e-03 1.285839097671365562e-03 -2.037850710158755545e-04 -1.858197822008832330e-03 -2.613217761187158587e-04 -5.533298043437785132e-04 -1.640500449851243960e-03 -1.297706518726911068e-03 4.567964899709524101e-04 -3.285566810551959391e-04 -1.071520644539449441e-03 -9.981784657369389881e-04 -6.702089132926947711e-04 -1.133362472159959522e-03 -9.373774561879802750e-04 -1.021852095215561090e-03 7.367487217567426569e-04 -4.451186628263597059e-04 8.282371127761882414e-05 1.596117435890368049e-03 5.996644201164285943e-04 5.911227247779034071e-04 2.826799317681097531e-04 2.478025242367513665e-03 -4.232375332827906212e-04 3.304106259437702888e-04 1.030109696116801110e-03 1.689512462094173908e-03 -3.757719773031061765e-04 3.733798868916900432e-04 -8.061291588228995404e-04 1.278956646315762774e-03 -9.440973945984538172e-04 1.781998446705588667e-03 -1.435074019945376889e-03 2.288791921300621602e-04 -1.339991566623902107e-03 -1.039051576816649820e-03 1.127719885985252512e-03 -9.623812188964091371e-04 1.095106489448198321e-03 9.277910394615955254e-04 7.562253557259720257e-04 -8.157768463652681707e-04 3.267426706177706079e-04 -4.824202733756815273e-04 -9.204332546999823656e-04 -6.872376884543366640e-04 -5.453138972140314381e-04 -1.220409459317891871e-03
1.759978030975812291e-01 -4.001760601908199017e-02 2.042127954349991573e-02 -2.206920880523268250e-02 -8.503632133831196677e-03 -1.544773319857338512e-02 -1.633679986398248098e-03 -2.990548947283070119e-03 -6.464938852360523243e-03 -6.924083065521978615e-03 5.497036478069928546e-03 -2.298059815359335470e-03 -2.845082791130726547e-03 2.657758022143078686e-03 3.078834955569266420e-03 2.892407192153618588e-03 2.052498404708593988e-04 -3.314290812965751693e-03 3.072345612978034414e-03 1.783188419893172319e-03 3.309891366041377899e-04 -3.212831665594780223e-04 -1.329085385078554145e-03 3.835491097287454685e-04 8.502666317121649123e-04 6.877931141886269983e-04 4.916319910900822187e-05 6.907768071177412816e-04 -2.926334951141424897e-04 1.243311830523153054e-03 -1.385912021540907074e-03 -6.769258905555537676e-04 -9.060567744131897434e-04 -8.103557247438720286e-04 1.114319046728462145e-03 1.189872154756990881e-03 3.470570843146987311e-04 8.198103913380537858e-04 2.382030520949178531e-04 -1.119834850139115028e-03 -2.469345161641557196e-04 1.518030030975783969e-04 4.519307627051240110e-04 -1.481399764074723627e-03 -1.399103487294915205e-03 1.241769991221163948e-03 9.813146474886287433e-04 -8.830796141167540246e-04 7.837851113751403975e-04 -8.111717947130048928e-04 1.165162351350338549e-03 -3.097720317893803066e-04 9.349234298576946382e-08 1.096788053464915888e-03 1.024732429719912337e-04 1.475892850412378670e-03 1.302354881780400792e-03 1.823357817615369348e-03 9.382010693482163493e-04 4.697794564054326286e-04 2.402775241056392085e-03 6.368083791258957087e-04 9.488560262056305308e-04 -1.951263928191068666e-03 -1.230236731826081075e-03 2.340592666652679141e-04 -3.159886308883839718e-04 -1.128392019810399828e-03 9.476104395480373878e-04 -2.490926724973091620e-03 -1.517133924837299995e-03 -4.250122876516104872e-04 3.954857555881101990e-04 -1.861682995929850011e-03 1.350889752485212028e-03 -1.338990264524612906e-03 -2.370045273971808008e-04 -5.497417275401230569e-04 -1.790685416896640883e-03 -2.048393691512149215e-04 6.998681090219762086e-04 1.445673905685910567e-03 2.520986774400171826e-03 -2.435001807211740164e-03 -7.125262643290807604e-04 1.130846659395150022e-04 2.831981725289769557e-03 -9.388252508263423462e-04 -2.259889678949352203e-03 -3.198450895684632617e-03 -1.369791016857009201e-04 1.190265212423320500e-03 -3.070690642412884333e-04 -1.450415504978484196e-03 8.936779618544981240e-04 -3.879013348112648790e-04 -2.304278518806776501e-03 -5.811464252239141809e-04 8.566702606705382372e-04 -3.696076121404559870e-04
1.496973151053193896e-01 -7.371121583191367170e-03 1.518371924770032383e-02 -1.452897380729390245e-02 1.362276255178236552e-03 -8.025925533382020569e-03 1.085792420957160283e-02 2.881768607222749343e-04 -5.782028758216980341e-03 6.902928480182504668e-04 -9.289423504265128780e-04 -4.007536141073367308e-03 -2.363224827553855011e-03 5.012451726629209292e-03 6.774493483026004965e-03 -2.076391840386631292e-03 -1.271628672778050625e-03 -5.366176250144183424e-03 -1.042988188738273826e-03 -2.226946793431854275e-06 3.618649887685396367e-03 -3.167130724770542941e-04 5.690018870840887928e-03 1.663824837001572380e-03 2.080820621562496503e-03 -8.395110969070130463e-04 3.601318640634818584e-06 -1.048907088607966848e-03 1.768756481834082633e-03 -3.527287684757088315e-03 -2.296975534688469427e-03 -2.022932753183261274e-03 -1.201452634777964556e-03 2.090517992665898769e-03 1.200367154163507191e-03 -2.554980770781169891e-03 7.330984453636448959e-04 1.330775229842483991e-03 -3.582231218376119011e-04 -2.054585291745595396e-03 2.449625213018963125e-03 -1.489909241727611867e-03 6.590221218995434040e-04 2.408616883088160465e-03 8.261864894453297727e-04 -1.204328542403159666e-03 9.217992171542756285e-04 -5.262128817930446928e-04 1.361923504379370644e-03 2.263100351878707310e-04 -1.117432129581848958e-03 -5.786357826081304465e-05 -1.539731117093082646e-04 4.986424789569052652e-04 6.055634855900233126e-04 1.720564339547717148e-04 -1.556613077209389583e-03 -8.196581632471306757e-04 -9.431244813247071333e-04 -9.827810153547097537e-04 9.745651446383672868e-06 -1.708339331887954527e-03 -8.713182162461914669e-04 -2.056367199676135298e-04 -1.396726012883376051e-03 6.850075300890079086e-04 3.083849186707712711e-04 -9.802493477982779022e-04 -1.387002378884039837e-03 4.698364136386241723e-04 -1.531735953780088543e-03 -6.607943756373160955e-04 -1.683852406195625860e-04 7.741955022189892519e-04 -1.697187488463148359e-04 2.053137674118072579e-03 -3.171597376705609372e-04 -1.189144709441099018e-03 -7.160937227355174866e-04 -5.798771072741983317e-04 -3.891681473914010707e-04 -1.303689172078732359e-03 3.063644093233940232e-04 6.877887089763081579e-04 1.014873719989907658e-03 -4.913826585014777985e-04 9.030075233643520150e-04 -6.555966661079122527e-05 -1.729219126742062367e-04 5.671271922286912504e-04 -5.179530588974007972e-05 -3.977818797542946334e-04 8.935833793476966871e-04 5.601987587250840950e-04 -6.534371794817205948e-04 4.764142674441262080e-05 -3.765080027979068249e-04 3.481121817314655731e-04 7.949282817181281850e-04 8.831591373594819758e-04
1.990985607229446008e-01 -2.888337001022406661e-02 2.009270190466580508e-02 -1.794218355645330054e-02 -1.775305637793003419e-02 -1.288972415944227186e-02 -3.113690831237823486e-03 -5.851315463375106243e-04 -1.365695613514998630e-02 -4.233107014751168878e-03 4.378303793163848025e-03 -3.576905898978781188e-03 -4.772485815781426707e-03 2.491287292961281985e-03 5.305296164868936355e-03 2.484981824290863686e-03 -2.086843185796857401e-04 -1.592772134016069620e-03 5.773162975059246971e-03 4.178650885801311432e-04 -1.612409402393738967e-03 8.158641160883066314e-04 -9.120348811217557881e-04 -1.246881776676852746e-04 8.223726303955374538e-04 -6.265991126120854914e-04 -1.256359816069223560e-03 1.652259270973910951e-03 -1.725601204036332319e-03 1.986282707540184232e-03 -3.751422641417082558e-04 -5.529670481781810828e-04 -4.964071490781823406e-04 6.268730023686921700e-04 -1.259965341271866712e-04 2.440477682331993782e-03 1.172575726663984113e-03 -4.580869268161781300e-04 1.527193376369323280e-04 -1.203723769477876241e-03 -1.626612219147991574e-03 2.188552848101633864e-04 2.517279729569401711e-05 6.262564096057653780e-04 -5.411213536546895025e-04 9.407339147225043594e-04 1.339692935815398880e-03 -1.212636726127831700e-03 5.263150993086222708e-04 9.131749370245358663e-04 -3.449286701810501832e-04 4.452185445368311996e-04 -5.867728696873102849e-04 -3.006109053945219250e-04 8.103228875298470720e-04 1.926888295061250525e-04 1.056416467016415683e-03 -6.980684852982023564e-07 3.094779799137666715e-04 8.454024168512688699e-04 -5.370869579757663005e-04 5.598044216077865606e-04 8.483722019082708251e-04 -1.039640949634223783e-03 -4.263515003952237357e-04 6.716383122075849895e-04 8.447348324910730188e-04 -8.485391040029233948e-04 -2.634786504650922577e-04 8.177994134031855121e-05 1.355503796937317118e-04 -5.394927856516883776e-04 -3.936676196251825944e-04 1.532479760666066474e-06 4.140715741750888900e-04 -4.862503114729730931e-04 1.245776139444672423e-04 -1.116134554473163798e-04 -5.362053304340438356e-04 1.305378950426988518e-04 4.193651506633271721e-05 7.419220974295928249e-04 8.418940126580882685e-04 -4.388153008556168466e-04 4.112986961069788538e-04 7.272719818668612907e-04 1.086264152042776135e-03 1.629180400996833541e-04 -1.243937196426644291e-04 -5.629895759176638866e-04 -5.315530645908110910e-05 2.308030387310218000e-04 2.406221863990285511e-05 -1.269172935427866403e-04 -2.517020178815484251e-04 -1.888679134177208339e-04 -8.893461936625672712e-04 2.150076643870330701e-04 6.384367612194217362e-04 -3.055591234641567107e-04
-7.080053329845839571e-02 -6.656335692322674219e-03 -9.894495673854924664e-03 -1.786832069793544212e-02 -1.105322735666450402e-02 1.016695175646760603e-02 3.641028211706474546e-03 3.697935000334053382e-03 7.833985143143705129e-03 2.736563044585914729e-04 -2.249389157955531977e-03 -2.190401443778198891e-03 2.927219528551969555e-03 2.455034826409022413e-03 3.100038147274076453e-03 -1.312503436166372571e-03 -2.452442603242931942e-04 -7.211292488456652518e-04 1.155188730554615418e-03 -5.590069323264625816e-04 -4.693137934743870363e-05 2.635674921269792834e-04 -1.102739032036348984e-03 4.574328883424684544e-04 -5.601245344690702985e-04 1.662520336971711832e-03 6.433041773121843908e-04 -2.176673253483846823e-03 -1.544602814891662349e-03 9.145784215031131040e-04 1.252344787580128137e-03 4.953482262380204523e-04 2.067353505519528003e-04 -2.083856081001595872e-03 -6.545833048199667164e-04 -1.266121807763351693e-03 9.804687054940433577e-04 -5.276575131776049636e-04 -5.614035953467072949e-04 -1.502918222879382490e-03 9.474754643306302921e-04 -4.245056394644769644e-04 -5.221832684260058807e-04 9.683807463385048003e-04 -2.364676117528321186e-04 -1.849784492806602588e-04 -1.300437415060521316e-04 8.466543483054209248e-04 6.795554663676847944e-04 2.357983642505820810e-03 -3.473578891595236937e-04 6.014012151842691636e-04 -4.481355738576176797e-04 -1.062278507768983377e-04 1.773282340191560408e-03 1.085532316129324054e-03 7.133676967706096498e-04 1.575596256415866909e-03 2.128469836530337968e-04 1.871963246481532376e-03 -1.153561066044958344e-03 -2.769515740042412721e-04 3.618010415514304016e-04 -1.896313725674444257e-04 1.946352766584976638e-03 -2.000141443561410947e-04 1.298584523698758167e-03 4.296028246772728250e-04 -1.606130491936375959e-04 -2.315314776171188693e-03 -2.915332747787765030e-05 -1.286077402249455369e-03 -7.633002814119293090e-04 -3.696673373453534302e-04 -2.184706684162783681e-04 1.567160742421817334e-03 -5.388477073753631047e-04 1.064664649330935697e-03 2.956157290039369639e-04 1.666781687113601468e-03 -3.598558491175554729e-04 -6.556098563471524001e-04 -1.049933947383012255e-04 -1.293143275756863378e-03 4.316308272938901985e-04 -3.682750612363425418e-04 -3.236632608234751981e-04 -3.606519017812567372e-04 -1.134870753317331266e-04 3.583894290295136032e-04 2.503307589389719943e-03 -9.060192051292991671e-04 2.106150607728514857e-03 8.962224476662645849e-05 2.592451886806946409e-03 1.674351975786277005e-03 -3.208799487962470695e-04 -8.421500785916743526e-04 5.067983097552621660e-04 1.417227745176695593e-03
-8.805837892928085331e-02 1.234881328908494190e-02 -9.416319681215026480e-03 -9.472806264304464013e-03 -8.726287251563475886e-03 -1.130056890331137577e-02 -3.178519248365567137e-03 1.517832141044977339e-03 2.209603906511857854e-03 5.365495695864643325e-03 4.373088001838802241e-04 1.159759223131629567e-05 5.025824298195706759e-03 5.920119223220444028e-04 -5.172173315539015939e-05 -3.791694533472092423e-03 -1.626942431491868856e-03 9.916765224808775023e-04 -1.526721960456563004e-03 6.987490412798607426e-04 -1.209727310415856065e-03 1.809053982871777986e-05 -5.140268136161230432e-04 8.641664128630322612e-04 -1.129668239555388018e-03 -2.708432604194102610e-04 -3.301778569249982660e-04 -1.380272029384294790e-03 -2.232718830996004069e-03 1.202083086987601425e-04 -1.539087818054163869e-03 -6.175075881048014523e-05 -1.793461403832870402e-04 -8.139493696172165086e-04 -1.492400580306493460e-03 -6.426497953400073064e-04 1.754043885761990065e-03 -1.985741847089371982e-05 -8.248147421775621317e-04 -1.076503577431796093e-03 -6.494436790787893850e-04 -1.285940084552539622e-03 8.944550453259156016e-04 6.253933959176924233e-04 7.098995710346555428e-05 -7.640540807033874813e-05 1.304636428788209118e-04 3.580901298117402775e-04 5.373614980671518465e-04 1.102651177811422118e-03 -3.941128475873031966e-04 -5.396786651193941639e-04 -4.680037158739280465e-04 -1.157730771152981332e-04 1.395212868742484855e-04 -1.932887652458767673e-04 6.006570091591429458e-04 7.771631564482718579e-04 3.130926599047648964e-04 1.170479985085918963e-03 7.197168009227745186e-04 1.212378574891758397e-03 3.040023248475348113e-05 1.934365743058035522e-04 -8.582039331900686045e-04 7.166482362768651117e-04 3.656229721400509848e-04 -6.577722648581446835e-05 1.526850148042490328e-04 -7.137036218540284424e-04 4.666407848445790207e-04 -1.161670898294025166e-03 5.856840484134383500e-04 -9.230772930857303934e-04 -2.137069634631894209e-05 1.220814893865694974e-03 -1.081428722359281712e-03 6.505620159406149674e-04 -2.143933104450698301e-04 7.127160632966879437e-04 -4.610272233758586384e-04 2.957976334566468786e-04 -8.230853236818390199e-04 -4.662323240158993613e-04 -3.247016137209842910e-04 3.357090573500478951e-04 4.752284641200286752e-06 -2.475248006127324656e-04 3.953057253027441719e-04 -6.059708466427849328e-05 -6.238621480365926257e-04 -1.281339416948939396e-04 6.364774779638055630e-04 -6.703308466618418870e-04 1.088139472723766583e-04 9.747365365828889339e-04 7.126382817205404807e-04 1.397036657304299611e-05 9.850722048201565801e-05 -7.568789598977894006e-04
-3.753660351994915489e-02 2.664833055456808375e-02 -6.783497894770698818e-03 -1.467779421851577414e-02 3.788389465596165000e-03 -1.342605572275235547e-02 3.516300716466819447e-03 7.073985576275758531e-03 4.085283184827001243e-03 2.129650465635562519e-03 -2.285633885797653999e-03 -3.266119355204130160e-05 1.046273347551799097e-03 3.126894214875675267e-03 -1.925137212332198261e-04 -4.856332238324431901e-03 -3.106258700314942084e-03 1.574686694113199047e-04 5.325747383061079417e-04 1.691851201981795351e-04 -2.474805170980237841e-03 1.611485081912102492e-03 1.048423527341771746e-03 7.947881185300820651e-04 -2.392622772477398952e-03 1.822362862326730101e-03 1.198057529740236904e-03 -1.847242899898869639e-03 -5.976508422943772837e-04 -1.192371359625049587e-03 -7.263696756808985314e-04 6.667942274744320175e-05 1.747534748123884913e-03 -7.933025671846939209e-04 -1.263464877304499179e-03 -1.334121084732317261e-03 7.972735515048294704e-04 1.919970024436936425e-04 -2.621618529333205020e-04 2.579244684884439160e-03 -2.228620026178728623e-03 -1.564277650408879301e-03 -2.674902700005070346e-04 1.803345577570805236e-03 8.530629163817001490e-04 1.006195406100806287e-03 7.744501713737555592e-04 1.318236394654752862e-03 6.508313266083813348e-04 6.291551538460566110e-04 5.970562740575711220e-04 9.340668487719430268e-04 -1.126642118446632892e-03 -1.192355271480748016e-03 -2.662922959998509907e-04 7.049325770078897300e-04 9.755422187498024840e-04 1.129008382328415810e-03 -2.559202356632629140e-04 1.006283148086830519e-03 -1.222452064658048133e-04 1.535376744877255768e-03 1.063310348515976314e-03 1.138230582109843242e-03 -2.725086508093725341e-03 -7.408548913643046244e-04 2.026894128982864812e-04 -8.841591847814692356e-04 -6.843786442261782892e-04 2.078861943069253322e-03 2.694107647960813316e-03 -6.460187128409654485e-04 2.278967302792291906e-03 -2.132181807189586793e-03 -1.081818291703202191e-03 -8.285321439873985982e-04 -2.563155741764325431e-04 -3.907536147871843541e-04 2.992337930567007536e-04 1.134323882755730074e-03 -9.978305580460174965e-04 1.010618454187646714e-03 4.183640806609704782e-04 -1.269405958651548694e-03 -4.115066005648174000e-04 5.427023840296975234e-04 1.271446308389252201e-04 1.062139208373895751e-03 -3.828533526575675925e-04 4.341372595098301501e-04 -2.227592731194811757e-03 -1.674352066297882160e-03 1.643972172659836516e-04 -2.318579686869501246e-03 2.275653638760665332e-04 1.125120564661733023e-03 1.847516085354304356e-03 -8.334021673718369988e-04 1.679349594598515509e-03 -4.664321045104312022e-04
-8.559361086202837976e-02 -9.864531238282032294e-03 -1.247090683093712675e-02 -2.012591524824956790e-02 -1.087310368638091072e-02 9.884554259115479330e-03 -5.297032970053574489e-04 2.748301424852375805e-03 5.928343586364919274e-03 1.287875460014311323e-03 1.026509656680127478e-03 -1.375977007952794689e-03 4.336177890242070253e-03 9.131007646056679737e-04 3.583148808521884835e-03 2.456754797867406596e-04 -1.549988246374316538e-03 1.190264790511321889e-03 -4.860525563510880299e-04 -3.678777523073220308e-04 -6.040695688771514872e-04 -1.339678587370484895e-03 -8.018012812417211988e-04 3.168129343796709956e-04 -9.671603979573988085e-04 1.050812161464500767e-03 -6.236069703311904709e-04 -1.380120650978886986e-03 -2.383980887506481888e-03 3.629496193315547340e-04 -6.846250052186996166e-04 -6.095492390709443846e-04 2.350009642182464178e-04 -1.661362202115332061e-03 2.251843905142441693e-04 -1.656878553852114482e-04 6.702652965438350274e-04 -1.722564960069903348e-04 -1.370687364059940822e-04 -2.055884098321541890e-03 1.127009695651109847e-03 1.974651851391542997e-04 5.721048865408355716e-04 8.221709333520881057e-04 -2.854335103496176852e-04 -7.336537403225278000e-04 5.516797952278545015e-04 8.215568808750018260e-04 -3.492612177586392071e-04 1.780912668147072555e-03 3.699658134985196181e-04 2.205567133552125000e-04 6.254024878337622641e-04 -4.467415294597552378e-04 1.328911619657968711e-03 1.775472063240188421e-03 -3.357822137038282250e-05 9.135886846001207420e-04 8.116074194006958099e-04 1.747836798895245538e-03 -1.528834564910390133e-03 -5.666556745334549181e-04 -8.297518874712721346e-04 1.011917550542828104e-04 1.776104822458349827e-03 1.487725907998567140e-04 4.035085101257202163e-04 7.020998738752141357e-04 -1.223179591785175415e-05 -2.159944897353791114e-03 -2.872547545601866021e-04 -1.745110807401296449e-03 -1.108560464443135614e-03 -3.818521428409032926e-04 -2.890474383788367162e-04 1.107285271930098618e-03 -5.820185551350815769e-04 1.391605689471004997e-03 -8.137480134063385280e-04 2.059177579892981433e-03 -2.767305251395044065e-04 1.087540068809922047e-04 1.672080293765964133e-04 -4.801126551239790321e-04 -1.941842034276690203e-04 -5.806019948278735420e-04 -1.142796142617085635e-04 -1.512976849131172409e-04 9.849458991450119548e-05 3.172742826550180827e-04 1.689924082604691517e-03 -7.066690839884589214e-04 1.355468110019096561e-03 2.255325352275401260e-04 1.324927154715785805e-03 1.422206836496744129e-03 4.252234527643166165e-04 -9.100024958883037602e-04 7.934388086551245130e-05 7.729189558670625194e-04
-7.615918231665097515e-02 -1.506975930562707774e-02 -2.947923010758881149e-02 -1.487767937896654000e-02 -7.914386951676948001e-03 3.273050240088392314e-03 2.655013277532294359e-03 4.575256455591484445e-03 1.521968209153123268e-03 2.807747080098699569e-03 -1.184978494302085534e-03 -2.437842595705099250e-04 1.256108876902083202e-03 6.680639173893588049e-04 6.103503101992847251e-04 -2.231606215949101177e-03 4.185462045934009237e-04 6.052888057339268942e-04 7.991720250990928462e-04 -1.648030974489913549e-04 -9.534986382292936309e-04 -1.127141874403014311e-03 2.158696836445479165e-04 1.611362147933329946e-03 -1.979400646791041381e-03 2.449907809182601866e-03 1.119164625608050356e-03 -6.302973007897506776e-04 -1.483679725787217987e-03 3.113485109951489465e-04 -5.900467787142313304e-04 -1.857621657144027996e-04 -1.246251273984751422e-03 -4.102510320294621305e-04 -7.956544025480582778e-04 -5.705453083480408871e-04 6.958645574206188088e-04 -3.940728043557654016e-04 -1.751236172281386838e-03 -1.237104393975815668e-03 -1.137025797838536832e-03 -1.629653700585707724e-03 -6.585197295585464841e-04 -4.722934673713832256e-04 -2.174335625196119597e-03 2.139806629871382872e-04 -6.946774181882817091e-05 7.060210213178359871e-04 4.713464518594338046e-04 1.780531318485675243e-03 1.750466533699587943e-04 1.872279830978418097e-04 1.574518167009294263e-04 2.064254632514712982e-04 -2.215970211467166743e-04 -6.415864793544458732e-05 1.268290370573164861e-03 2.950789376363161876e-04 3.721471461960123000e-04 -7.277221737643757007e-04 -3.237584419284694585e-04 -4.507516729304111500e-04 1.073500531859250046e-04 8.958885177428850891e-04 -6.359421019857332442e-05 -9.173282242199574032e-04 -4.488987136227385629e-05 6.610786706936216820e-04 6.190447797232625365e-04 -5.708628188880385387e-04 -7.067666883712368049e-04 3.120652896193829614e-05 7.087007374809872360e-04 7.936173104426497377e-05 -2.402034408459624814e-05 -3.958726754533396298e-05 1.099437563597441920e-03 -2.386975079053916897e-04 6.612848535599998544e-04 -3.995525818541606771e-04 -5.224919534180947267e-04 -5.625596761360643653e-05 -3.778299865123041826e-04 -2.378752174233572810e-04 1.159854502321182789e-04 1.246497031683911952e-04 -1.808120570515183519e-04 3.446088740402201284e-04 -8.803815919995562145e-04 -1.313676773419042085e-04 -1.105185329753901821e-05 8.258657118109761098e-04 -1.058368530404681047e-04 3.514940029637390558e-04 -1.233343338613059601e-04 6.226411970192805055e-04 1.336205225372574530e-04 2.632926914341713514e-04 -2.540502314519970219e-04 -3.279407257900172597e-04
-7.162428625958007500e-02 -1.740673220861123707e-02 -2.608260772497643723e-02 -1.704428605926755491e-02 -4.377960796087782686e-03 4.314729216932098807e-03 2.266764269019689443e-03 4.852896430810677703e-03 6.086785872724389873e-04 3.604056206577755782e-03 -2.449107273439544725e-04 1.680649732841418072e-04 -3.360499257524711490e-04 1.465679142637986605e-03 3.923774234574738530e-04 -3.613291821602543624e-03 2.001545856087847720e-03 8.054404574539653734e-04 2.443400226098057029e-03 -1.031256629198341141e-03 -4.644632610941275210e-04 -2.371999802868537347e-03 -1.086646813021324151e-04 3.236166324199791534e-03 -2.639408830212687431e-03 3.198809989162760322e-03 2.340037724372687807e-03 1.657189384286102932e-04 -1.682730468518297412e-04 -2.923646807425921059e-04 -1.027928380879427391e-03 3.834231473366427013e-04 -1.913043353353540343e-03 1.199343762140435464e-03 -1.734987627792009685e-03 8.359429551853177773e-04 1.331683142248796248e-03 -4.024153248641098581e-05 -1.449646482200809628e-03 -1.338236452319691494e-03 -1.491397877220102539e-03 -8.138961091378060396e-04 -1.779207776919575863e-03 1.008297113322122532e-03 -3.873003161304479185e-03 -8.744823740367792990e-04 -1.247901388235526021e-03 3.733373496711375923e-04 -5.189372992135253982e-04 2.486904101548865088e-03 5.881459613311067203e-04 4.183852946102824722e-04 9.202405061048491222e-04 9.139628813089985867e-04 -2.196564872911065721e-03 8.110891759920371594e-05 9.745541743305903082e-04 -3.806190140180240285e-05 -4.659821635938848970e-04 -9.876628648451991899e-04 -6.020118464908959938e-04 -1.688382600822774769e-03 8.084604902192203549e-04 2.361865593211938223e-03 -4.139388767777034796e-04 -3.423673150583439397e-04 -3.920102400606638075e-05 -6.492839557633424494e-04 6.892425229246591529e-04 1.081050667140972307e-03 -1.160411522188329334e-03 3.618699684311057216e-04 1.435513963635354261e-03 5.536875448943825171e-04 -3.025981170176047044e-04 2.036149518814309829e-04 1.413560543785392486e-03 1.469436412420162925e-04 1.760128613757899448e-03 -1.267426516494102144e-03 1.521914761335789847e-03 -1.289964378714749229e-03 3.271795528080646029e-04 -1.370126775080369617e-03 1.036680340351970892e-03 7.905424422566744054e-04 -4.299508599634467278e-05 -7.463510301930659533e-04 -2.064996923805248810e-03 -6.291697109004247427e-04 1.144140446912822375e-03 2.742705765662019259e-03 -1.655610014459949798e-03 5.470033238188130257e-04 -1.243510715624933632e-03 7.309246539999052943e-05 3.588100174923915839e-05 1.903266961474958056e-03 -1.741495446178342125e-03 4.199524831369562438e-04
-9.191646976092253396e-02 -7.046023918059378735e-03 1.743295704818802671e-03 -1.425294712167660648e-02 -9.663745966846354341e-03 2.689104794676996837e-03 -4.980676858635011035e-03 -1.025185985870253128e-03 4.676634004343749144e-03 6.541194968061469703e-03 1.737169362691551091e-05 -1.519853448533194464e-04 3.415943910163637444e-03 2.846917389993283134e-04 3.938434973458377480e-03 7.824991679327236932e-04 -1.875876130358553658e-03 2.703096058999214252e-03 -1.830821924619179236e-03 1.749831558925581251e-03 -2.925523795006069409e-03 -2.084551486807105069e-03 -1.668150288440602320e-04 1.069370758415204596e-03 -1.520008839455827109e-03 -1.188885833704668871e-03 -1.639438831925365625e-03 2.410715765779180967e-04 -3.547356719084627553e-03 1.475703396462232540e-04 -2.900408667375814053e-03 -1.184955546031043853e-03 -2.214162478764512398e-04 -1.253483943882873668e-03 2.430654477563048705e-04 8.066601725150112333e-04 4.146933161014074685e-05 1.205514213311474798e-03 1.220755402344249948e-03 -1.479620059208289814e-03 1.607442567384033145e-03 1.203321772940613458e-03 1.104712503063963415e-03 -1.194964927652768884e-04 -1.273955236007729211e-03 -1.006986599657177074e-03 1.343544096410902600e-03 -5.574283535185499270e-05 -4.809909632366912431e-04 -4.216071451873845796e-04 -3.701861494380087299e-04 1.295970269458853960e-04 2.069607174707751521e-03 7.012479614809018430e-04 2.707628707588563164e-04 2.710752712141056928e-03 -2.063621599184557731e-03 1.362328682849496889e-03 8.219428770313777369e-04 1.581729969296534347e-03 2.955618007520876417e-04 -4.452245298534344888e-04 -1.607098898971626470e-03 -2.058436849647553603e-05 2.590697677206429267e-03 9.403894240850703629e-04 3.016920457900942073e-04 3.634627043311415302e-04 -1.115366499306098000e-03 -6.731044729775969735e-04 -1.428371457543346421e-04 -8.692526539608840799e-04 -1.032920662708226915e-04 -5.815833394948933437e-04 -8.526040549146349842e-04 2.819062485350422721e-04 -1.184787606956806943e-03 6.966089135157284848e-04 -3.315593290608836183e-04 2.067085304204313839e-03 3.768327193077748694e-04 -2.168695426198861032e-04 -2.236047351867582081e-05 1.317465825899516397e-03 1.290126266587800880e-04 7.705658221311166220e-04 9.326240336863184446e-04 -1.993912083983927154e-04 -1.873662656394352614e-04 3.642220043625311529e-04 -2.086465010786227889e-04 7.063754340529695367e-04 -8.574367045418042864e-04 1.174225236675187193e-04 -1.390295527879873002e-03 -1.135356562154644141e-03 7.425759666568851640e-04 6.545312541130294181e-04 -1.473748658192323329e-03 4.463803508709828405e-04
-9.032449564211729454e-02 9.703968516771592848e-03 -2.244120613645935250e-02 -8.082799540314223805e-03 -1.166291372390347407e-02 -5.243807704095312938e-03 -2.158601972882357150e-03 -3.989076935718837303e-04 -6.300680475253117151e-04 2.482944802215326669e-03 4.028249826824704428e-03 2.241651505711021557e-03 1.765657021620037478e-03 6.965703981179926542e-04 -2.640599667042895296e-03 -2.383598837928026237e-03 2.399079366159333464e-03 -4.949078683798886638e-04 -1.470640508570597745e-04 -1.628121205787324362e-05 1.572520295872816692e-03 -1.613022057726830891e-03 -9.694982119812969434e-04 3.801081625185150710e-04 -2.780790922005687725e-04 -2.088853406860893011e-04 6.063092562454751002e-05 7.573726003083677653e-04 -7.371559995900166338e-04 -2.554175085799064034e-04 -9.032274994268549512e-04 -4.637209016181351173e-04 -2.269473724595472315e-03 1.460105843541314660e-03 -2.325060991651842018e-04 -5.373604285897038389e-04 1.224378723249256850e-03 -1.976806745568443578e-03 -1.554911434354641414e-03 -3.048444468116639182e-03 -3.691061528885712824e-04 -7.779622873965617250e-04 4.606453893111322464e-04 -1.268060648510297979e-04 3.982173107160666718e-04 -4.152691159236732870e-04 -1.303223146699457324e-03 -5.621409574541277356e-04 -1.116418563553014248e-03 5.077269847290503740e-04 2.424105698462621962e-04 -6.440822188900905462e-04 5.182183702941706291e-04 8.780185203267967537e-05 -3.336229205283422982e-04 -9.181861601759416097e-04 8.754084472171932280e-04 -5.671111843990412011e-04 -1.692271482821436661e-03 -1.545968855927246826e-03 6.294445786977498217e-04 1.022856813787217673e-03 -4.017833577409967230e-04 3.074393991556034354e-04 -8.031911873978917751e-04 7.106876180641041223e-04 -2.443355459422275533e-04 6.716116716537557426e-04 9.222712097711260133e-05 -1.238199016389485629e-04 -4.289805816240110274e-04 2.173531407228077055e-05 -2.946762483096576754e-04 3.930026351382572437e-04 1.824700232448555476e-03 1.324468792804163930e-04 9.169927165432517537e-04 2.812060498734684643e-04 3.768630815208428512e-05 -4.524688152813438786e-04 -3.652565531489839206e-04 3.369023679072835576e-04 -1.840049967474647339e-03 -5.076823054762600327e-04 1.668516893235407719e-04 2.304718571555096457e-05 7.234104788189763989e-04 -6.290997796220926209e-04 4.120534121735886153e-04 -1.122880879783166386e-03 -3.084687562005069454e-04 -3.555559386062745919e-04 -8.706373789348615224e-04 6.279844685219444908e-04 8.970300332483279685e-04 6.283792622462451008e-04 6.287363387190702266e-04 5.822364378453673576e-04 1.017186070777754915e-04 3.883006025821770602e-05
-6.124795981517600768e-02 4.553172638337469463e-02 -1.080148329182050067e-02 -6.686717476683541606e-03 -1.037548876141131463e-02 -1.274776024984484134e-02 -4.220605067600449213e-03 2.229912611988876261e-04 3.780866201489316031e-03 3.276446585975501327e-03 6.909886391247498875e-04 4.136427829914543150e-03 3.265907401817760348e-04 1.606780460828270436e-04 -3.380234718127961367e-03 -3.148458424939728616e-03 2.157893665639763498e-03 -2.498664671085118298e-03 2.255588505434693442e-03 2.327294025741607781e-03 2.805667438367698990e-04 3.803734676872654735e-04 -1.768653828324023326e-03 -3.258931484264182966e-04 1.371625355625949927e-03 1.777762517126415547e-05 -2.391500447676598445e-03 1.964227968806496401e-05 2.411100695114116229e-03 -4.641656551703580145e-04 -8.190476020989639417e-04 -1.007828499745727548e-03 1.548952512372017568e-03 -4.421212983465969029e-04 -6.236669477412265777e-04 -1.749114553474030026e-03 1.181656477769393171e-03 -7.052958781592310851e-04 -8.524979453858046001e-04 -4.365986108347345829e-04 -1.936940603842728916e-03 1.023247447956274637e-03 -3.827220293856313516e-04 5.130241574372682457e-04 -1.106306480321954562e-03 -1.583597362709085379e-03 4.252188505488063469e-04 -3.864532885108901269e-04 6.667280741911230839e-04 -1.388453175789549851e-04 -4.398831239527751982e-04 -2.214649630537088212e-03 -1.589941991098937392e-03 -2.661027517733881645e-03 -1.531260687258030270e-04 7.392431047353746935e-05 -6.048454059231826675e-04 4.317438882948370499e-04 -1.942956164923086929e-03 -3.837335175002771484e-04 -5.480187915845738736e-04 1.640547136825080141e-04 1.010845209136592609e-03 -1.352470454073054044e-03 -4.554327171939347467e-04 1.417986588618463852e-03 -3.946520637096862915e-04 -2.444831406856001971e-04 -1.338183006915123806e-03 2.098277767417797504e-04 -4.782857305257408168e-04 2.233088330549704622e-03 -5.030816806618522430e-04 -1.209868582681854383e-03 1.239014362456423470e-03 -4.731542256710226575e-04 -4.127556894013344690e-04 -5.728289581172036835e-04 -1.237352385980118250e-03 1.186122412222599763e-03 9.164110236545742897e-04 2.231074071870857347e-03 -3.028463375091805174e-03 1.153890497040565904e-03 -1.324257197810523512e-03 -1.325676004286556811e-04 -8.109105626740512052e-04 -2.366171732695859960e-03 -1.319607687101978163e-03 7.698536593502720024e-04 -1.390888555491032359e-03 2.044349726775839590e-04 1.581578741576946051e-03 2.864558888875366771e-04 1.673176794355755179e-03 -1.632198109061437034e-03 4.687346858637596683e-04 6.252804706387757577e-04 -8.834880124535716029e-05 1.026869701328241274e-03
-7.826847587557932140e-02 3.306165173877306795e-02 1.480099671234941065e-02 -1.465428434661458258e-02 -3.008169269609437847e-03 -1.078244037950568286e-02 -8.130777630526855176e-03 -1.819435614328675276e-03 4.045034934042002900e-03 5.750913414197479125e-03 -4.703432839756417627e-03 -1.014925256245653024e-03 1.612119917294862863e-03 1.780464002334989469e-05 -1.104446816191839839e-03 -1.806331373173311258e-03 -1.879764203426850149e-03 1.792536434069836020e-03 -8.155831651745669908e-04 1.786452556450855668e-03 -2.418924307330626040e-03 8.292195959001635950e-04 -4.879112187397881620e-04 -1.540073233345853367e-03 2.976543655662077371e-04 -1.970853708493882544e-04 -3.540865325831485302e-03 -3.504522649431544498e-04 -6.422549582866625677e-04 -9.960078527607224216e-04 -2.398671686784882660e-03 -1.650435382650162651e-03 2.952401743364946318e-03 -1.137238529116757404e-03 -1.469147756437792903e-03 -1.821068653628211899e-04 1.251740055732809311e-03 1.402574173268784702e-03 1.304257148074273456e-04 1.619004314950586720e-03 -1.011058613563960065e-03 2.872124971586664896e-05 6.591359797050131168e-04 7.963676541158556379e-04 -1.483287610075042259e-04 1.017648573304655822e-03 1.654356857966334481e-04 -9.926116675224119258e-04 6.028779696279000337e-04 6.833519537948324046e-04 -1.391190770398731185e-04 -1.248717654320565494e-03 -1.063417754178268976e-03 -1.959340623097347760e-04 5.666891449388380394e-06 5.718285957186543657e-05 -1.334827707638988658e-03 3.702820280658089438e-04 6.502709736146958025e-05 1.334126517605550366e-03 8.798385333088287134e-04 -1.393119168688447171e-04 5.590276159133691610e-04 -9.187038405973962582e-04 1.690106513278801423e-05 1.011692023845512604e-03 1.378776448882098335e-03 -3.047875589044749954e-04 -1.181544130946583521e-03 -5.437932377758175791e-04 -1.113758928280260234e-03 -3.707669457245863919e-04 7.704763569475353048e-04 -1.333451908147492791e-03 6.273321656350329281e-05 6.523766289698997934e-04 -1.096891623536490031e-03 -5.263821146667814913e-06 8.504460488720377463e-04 4.187511048074650370e-04 8.961738792840751294e-04 6.355839129356725915e-04 -5.900894414252714658e-04 2.007509476468542450e-04 -8.149504919172561104e-04 2.011246959824773055e-04 -2.916178662253613883e-04 -8.849335402917924993e-04 -5.916941883097682001e-04 9.118882017439250811e-04 -3.815062878273070080e-04 6.199174163389031258e-04 2.002258926719181569e-04 2.544733782097180616e-04 -1.868709443565838221e-03 -6.453212231089724830e-05 -3.269313355517151887e-04 7.129589967999440999e-04 2.505079970056598533e-04 -9.167109153825406514e-04
-6.900220880213786545e-02 4.288580958864971621e-02 3.048261786972034787e-02 -8.942572430425501859e-03 8.229292554766216503e-04 -1.107836011645763410e-02 -8.016345135710220213e-03 -4.167546156162927479e-03 2.108951086021566574e-03 2.456844185772991736e-03 -7.911125700289688839e-03 -2.368631843947836477e-03 -8.414193564029737995e-04 1.497106837027979698e-03 -3.602871829101948666e-03 4.382565084244279788e-04 -1.662130558562952562e-03 1.828747835832749075e-03 -3.111794290741267299e-04 1.290834894940283157e-03 2.417738262080304078e-04 1.203060438334002929e-03 7.193739891545878132e-04 -5.938249721736148972e-04 1.446239862781399047e-03 -2.012227630353829576e-04 -1.982238422060020929e-03 1.596808761530873859e-03 6.586025080132627710e-05 -1.111883519019483973e-04 -5.107365635127927676e-04 -8.022695884606609361e-04 3.267644045629133388e-03 -1.007391076810222738e-03 -2.247608552050823789e-03 -7.256588203157906744e-04 9.258974824172382795e-04 1.319122137775225519e-03 -1.850205019798351004e-04 2.651824991081790529e-03 -2.283586353892867152e-04 7.999563016810344520e-05 -9.355511522695165094e-04 1.548741010477255094e-03 -2.818613564363255000e-04 9.543483921252396592e-04 -2.084196925041071973e-04 -2.771700756259704804e-03 1.157449935842796984e-03 1.467883947271183924e-03 3.028106326810625247e-04 -1.481606431785064413e-03 -5.723418201567576948e-04 8.286293190352311735e-04 1.588049903642072141e-05 -2.035738302047415769e-03 -1.863100087428524673e-04 -4.920137459087859299e-04 3.369138569163560612e-04 4.761444450501420441e-04 1.716367873914594283e-04 -4.876547960007503028e-04 -1.628918940208025075e-04 -1.719292326433912972e-03 9.181616422125002137e-04 -4.233359192384615523e-04 1.017979585067707408e-03 2.439078965149895186e-04 -7.127242669129446291e-04 -1.416444168584849199e-03 -2.195966531187434033e-03 -2.144989294046337983e-04 4.381565692382870789e-04 -1.222783678364888641e-03 2.998194682790902518e-04 2.018790672265268588e-04 5.191091267870666512e-04 -6.101577898402635661e-04 9.225726247274429297e-04 -1.252693435020202622e-03 6.571701233679891081e-04 1.200714969640963493e-04 1.494581792802045835e-03 6.206723485883282971e-04 -8.493468239250552261e-05 1.011668454084871773e-03 -1.088945832762470761e-03 -7.127348804947623297e-05 1.483578748700198292e-04 5.258137133521209464e-04 8.744028449501635826e-04 1.150114881288582950e-03 -2.305629409140932408e-04 6.729634439763932481e-04 -1.964885603204993749e-03 5.947480065204425705e-05 5.782822288430621526e-05 -8.723636410297346336e-04 -2.065087414440669455e-04 7.105019578309087645e-05
-9.411125912075476996e-02 8.624396423275988363e-03 2.107959558767023844e-02 -1.043436876019164690e-02 -7.864665497012810966e-03 4.098666693256695914e-03 -7.177836721111478628e-03 -4.045273761729845270e-03 4.508654908764408303e-03 5.104027739224755757e-03 -6.632142083641017665e-04 -3.178354267176494892e-03 3.824522091083840678e-05 7.063663596926437723e-04 2.241415394929705332e-03 5.472215487258766647e-04 -7.810936438384427215e-05 -1.134215580587897280e-04 -4.790187036173335598e-04 6.324194965195504680e-04 -1.283407204400136437e-03 -1.992561683837605797e-03 1.652935393580218671e-03 -2.054866701717241904e-04 -8.564244695693589262e-04 -3.341771884469730853e-03 -1.559855037606140389e-03 6.609524868480169755e-05 -1.026649683975753994e-03 -8.780910150849462106e-04 -2.535945102191745036e-03 -1.276635882716853799e-04 -6.899938973792612510e-04 -6.633976506870085379e-04 5.987501015358247768e-04 9.889021862966112207e-04 -2.793054754393983373e-04 1.541855602926199380e-03 1.622699156458868230e-03 1.257087603929347985e-04 6.265945841332288321e-04 2.685762776304750178e-05 -2.129891414141204750e-05 -9.280229555674818307e-04 -3.571844093107602673e-05 4.359865869024139528e-04 4.132424392921597758e-05 2.433609381922001175e-04 -1.331544409485835908e-03 -7.941545777105533726e-04 3.997162448855833754e-04 1.030533367242570915e-03 5.166048051093778638e-04 1.411456663531763774e-03 9.441046194964562753e-04 1.016087158615303770e-03 -9.081130733323369451e-04 4.776266395112748657e-04 5.104923086540266849e-04 -6.268112102939211788e-04 -3.514609357518072439e-05 1.623645140489104674e-03 -1.208447021508783550e-03 5.998126603464193465e-05 8.484086298389257371e-04 3.259977204718766735e-04 1.271845653933585630e-04 1.743352489409244780e-04 -1.146767577381742738e-04 1.291275558889784210e-03 1.010620565684621159e-03 2.151592863588634654e-04 -1.428570197892593038e-03 9.014749634146383044e-04 -8.567472243712444995e-04 -6.100487118349058775e-04 -3.728583264965223639e-04 7.871595780060061795e-04 4.874272895557751569e-05 -9.571729350734674172e-06 8.119783518473689321e-04 -5.406778598386248209e-04 -4.925527864565312292e-05 -1.764060161948062565e-04 -8.284663987640220528e-04 -2.690132915948592824e-04 4.669082060358533998e-04 -2.624480476185254339e-05 -1.975652610082423866e-04 -5.919876485679912868e-04 -3.350277320732979809e-04 3.526593575682783845e-04 -6.039635832466382732e-04 -3.521756436494638954e-04 1.275777347228010308e-03 -5.705618659882332995e-04 5.597443706867306999e-04 2.634336170821875776e-04 9.442425464613102065e-05 1.371307600514300878e-04
-7.219207496762566900e-02 3.514302418327542449e-02 3.843401072277231184e-02 -5.289469518137237744e-03 -4.448015072929228914e-05 1.025169234527984743e-03 -8.625411433805711334e-03 -6.349212826523944683e-03 3.273961423897109400e-03 1.233511859041670549e-03 -4.814750280090112147e-03 -3.491580910051246805e-03 -4.971975296923371312e-03 7.515389001152949621e-04 -3.412483090753089948e-03 -1.511856834493497640e-04 4.590660219992337052e-04 1.551337766435803567e-03 1.757424076848632111e-03 -2.047352057740564762e-05 -4.251748841835744795e-05 -3.420375829195081326e-04 1.954916639436254065e-03 -6.864243579634518892e-04 2.545121265233768124e-03 -2.749185280313894836e-03 5.835010655307985026e-04 5.494813015937861792e-04 -6.925871365132731669e-04 -1.963010323790370226e-03 3.232906987910836487e-04 4.604424189586429862e-04 2.019818207183142760e-04 3.843987158190449228e-04 1.264627980525543619e-04 1.286989577027035196e-03 -3.831438648325890747e-04 2.528656605485239423e-03 -8.153883612482102803e-04 1.372853765215725579e-04 1.301663764355848359e-03 6.137711961978656143e-04 -9.646576052089814038e-04 -7.352321059775347419e-04 -1.047711938315599696e-03 2.971064323806530891e-03 -1.432741562510414296e-03 -1.267680455575932860e-03 -1.358492084269238712e-03 7.655268458854130268e-04 2.415847647696167579e-04 2.656817861749499569e-03 -2.721085173859428833e-05 2.993231802460636737e-04 3.665280240269871851e-04 7.460214817073693378e-04 -2.172065101555488717e-06 1.276273021018247984e-03 9.443234541838379506e-04 -1.699562762225524833e-03 3.974101499376597323e-04 -2.592574215756764285e-04 5.465841629606857681e-04 1.035890285795154805e-05 4.866559645716636123e-05 -2.003992108636668088e-04 -7.215781065507008343e-04 7.941162525016251701e-04 7.142203608775406351e-04 4.212014977545240618e-05 9.529153776026121352e-05 -1.380924051644551870e-03 -4.097549807405831673e-04 1.712217429454208125e-03 3.267521872024248177e-04 -1.323329061629539919e-05 1.145742350863475150e-03 3.777696388458834419e-04 1.537445773230238649e-03 1.240788027992197366e-03 -4.284657410903252271e-04 4.347860501451960950e-04 -5.539149299821739206e-04 -1.170497772653057798e-03 1.250257608100934035e-03 -3.099095399994040013e-04 2.391475965892383439e-04 1.372931937666673451e-04 -3.309929441714814548e-04 3.704592714936974897e-04 -1.320108194063142251e-03 -6.361465095496024675e-04 -9.332586309474362940e-04 -1.544054687433048419e-03 7.538374623559968447e-04 1.207935689075160743e-04 -1.325584013281037659e-04 -4.453659279382750770e-04 -6.513033139726770622e-04 -4.663023710579669947e-05
-9.583246215286815584e-02 6.590416709643310243e-03 3.037830423480682163e-02 -2.553674829343242220e-03 -8.406703613784722445e-03 -3.691471480930006311e-03 -4.578201210647928412e-03 -4.375878721610742227e-03 3.818546981687284767e-03 5.521958328380723209e-03 -2.772382290380688997e-03 -4.458465658451878956e-03 2.120900181074776916e-03 1.272220649526706847e-03 -1.479634222625520303e-03 9.065032855240088595e-04 4.775565734188287701e-04 1.818165435765965255e-03 -3.732047141147721171e-05 1.599154571087880528e-03 -1.566031691098324031e-03 1.146598426980919563e-03 2.075989662578318906e-03 1.365100967614005581e-03 7.958596144752610362e-04 -2.131486282842356451e-03 -7.432795708286738358e-04 6.151971662095772958e-04 -2.092593417528799092e-03 8.232505222013284914e-04 -2.518151087950697229e-03 -5.971415733278733840e-04 -1.429802994884315484e-04 -3.788206547566705753e-04 -7.403589709804814180e-05 1.078789094510676115e-03 -8.369821175893696688e-04 2.006203420128335572e-03 1.927936202818932270e-04 3.996048464747944105e-04 1.326240006501343098e-03 5.057523211295323002e-04 -3.913356609670090233e-04 -1.729208418085212374e-04 4.202991670771184796e-04 1.998669608509135668e-03 2.344531031205403997e-04 -1.140204828198782471e-03 -7.969819989194685097e-04 -3.871067964522333918e-04 -7.906742765652658052e-04 7.521550280355217234e-04 -3.083635020457165519e-04 7.765039003358408225e-04 7.129499953825809864e-04 7.846939745363358965e-04 -2.262184950473011043e-03 2.141762926972733995e-03 9.897499345180226990e-04 2.809608519937665193e-04 1.233735664160515990e-03 6.625934171483304218e-05 -5.309639300084768778e-04 -7.368880518982069737e-04 4.214884456701677900e-04 1.121395222828608720e-03 -2.241783133097671895e-04 8.623223153630953401e-04 -1.585893130345102553e-04 3.749455434170351209e-04 2.118290815302024103e-05 -8.151363251062673700e-04 -4.477324710202876625e-04 1.090975181891412843e-03 -2.953974025303335326e-04 1.080976236416456886e-05 -1.052177030585661370e-04 -4.136949565122849864e-05 1.431901616968691811e-03 -1.737275088362171243e-04 -2.539240334442979937e-04 -5.223625480729668499e-04 -4.991627397801063574e-04 9.991487799248658427e-04 8.388757061363325603e-04 4.675711443388271991e-04 3.819957265251061260e-04 -9.594016425971194214e-04 -8.948941063082782891e-04 -2.435133014057043205e-04 -1.318004970902292598e-03 1.162814865230081020e-03 -1.476911884145011133e-03 -4.129399345360141378e-04 -1.624699407551931938e-03 -1.009185038523739220e-03 5.606272669754787906e-04 9.568156341450083889e-04 -4.801033296934180817e-04 -5.315194191441172458e-04
-6.452637291006584064e-02 4.281803969888534761e-02 4.086698995399573597e-02 -9.770223926851485940e-03 7.372637270326188111e-03 -2.805197555234052471e-03 -8.608033908840403287e-03 -8.486598556091453846e-03 2.405038830662589895e-03 1.750674381057960817e-03 -7.585600721876147902e-03 -4.438710860270162623e-03 -5.732980770862471445e-03 3.178892091403841204e-04 -2.824108670784337451e-03 1.922712931676242481e-03 7.505986291396785038e-04 1.872238100427720854e-03 1.705040595860649131e-03 -1.309806818285343729e-03 1.168656294636386374e-03 7.112358834798110678e-04 7.460638362096423714e-04 -7.262529673539380943e-04 1.437358846722859920e-03 -1.701682324025978943e-03 9.843349396290684665e-04 1.068063500703902774e-03 5.005793680709157796e-04 -1.144336257706201785e-03 1.068852594053666628e-03 7.801588479099784293e-04 1.323520354174514491e-03 -3.867338672960665604e-04 -7.285969316798894622e-04 -4.046600500450121796e-04 6.591891330001172335e-04 1.870820169347315503e-03 -8.616819868401747818e-04 -4.486666439310765548e-05 2.336382874473340711e-04 -9.222015024659090652e-05 -1.031036623756729576e-03 2.607697126738177428e-04 -1.281011493795899438e-03 2.386495015542619471e-03 -1.482015126969198765e-03 -2.011795404462603416e-03 -5.379623459681349019e-04 1.098308320962458314e-03 5.299831497995758853e-04 1.377663281702792277e-03 3.155173596214433233e-05 6.843003545406426032e-04 1.255814851431260465e-04 -1.673827099315848641e-03 3.114568301886847185e-04 2.616200092068935541e-04 1.334257747509275062e-04 -1.007237179749457092e-03 -2.391036139523796422e-05 -1.042477927480402146e-03 8.650820224720966414e-06 -1.712902335420490028e-04 1.359830452260733498e-04 -3.042053027532401130e-04 2.224295606974636182e-04 2.517619241395136430e-04 1.689191824466748063e-04 -1.122633249975995250e-03 -1.455075131531473115e-03 -1.060956372797946428e-03 3.809457536523524861e-04 4.117810716497736861e-04 9.820465303215686510e-04 3.675175642423210366e-05 1.480567004181582288e-03 -6.517121375923180836e-05 1.033598687634086112e-03 4.576877945370559100e-04 -2.970493278740297060e-04 3.252014009337078973e-04 4.520899284389332928e-04 -5.155457413019089207e-04 7.735671114108247544e-04 3.719698304256066320e-04 -8.321618838006765136e-04 5.204288601535848316e-04 -1.671954087222358532e-04 4.149156491593229972e-04 6.038611088146929036e-05 -7.223180629637298298e-04 2.229116643311579430e-05 -4.461627392366982240e-04 2.014680983496097905e-04 1.099388083646544306e-03 3.975384346771571980e-05 -1.205118898263067475e-03 -2.488691297371989895e-04 4.821299519302676083e-05
-7.595275875356856388e-02 -1.108902722604663237e-02 -1.544637829874029658e-02 -2.491315288066453873e-02 -9.870395067297128497e-03 1.905933198560979744e-02 -5.810616558955337529e-04 8.622917836136221800e-04 7.059487694669577644e-03 -1.086471105607024956e-03 1.255079289439101683e-03 -1.058518880940138808e-03 7.071465397866212935e-04 2.342136182761173687e-03 2.848045043258650572e-03 3.660421118095613657e-03 6.309115970170907708e-04 -3.987156933936288712e-04 1.386164034618450310e-03 3.168879872414936640e-05 1.141330534631027028e-03 -2.076478552763044629e-03 -6.530150196665832031e-04 -8.979880074970544726e-04 -1.112735191226869738e-03 -1.865803112037900792e-04 -1.061963477945509311e-03 -1.713363079010227046e-03 -5.179420708275713154e-04 -3.093600686895478166e-04 2.520836060485226026e-03 -5.440682979626063932e-04 -6.712401624846103245e-04 -1.442678230943941081e-04 2.130482652677882609e-03 5.291751659973002980e-05 -1.544690463525915823e-03 3.625177259857185075e-04 1.441135015010953490e-03 1.011889497097110411e-03 3.250926754160095495e-04 2.359376133757844133e-06 2.693632045169395734e-04 3.575298833226386516e-04 5.542252944659044464e-04 7.828348351564679009e-04 -2.688861162637680427e-05 3.478954303069487939e-04 3.670968065834482761e-04 -4.014636698325037148e-04 1.648811329810284199e-04 -6.136052970002967835e-04 -2.765266704512647929e-04 -5.314688300529419630e-04 5.010653816345473971e-04 -6.225951704911985088e-04 -1.470777175820045740e-04 -1.421597101448899983e-03 2.086467970660774683e-04 -1.082939657572806313e-03 -2.621649030208629528e-04 2.506163767518588778e-04 -5.849266227438192295e-04 4.204816468237216470e-04 -3.320809894073033794e-04 -2.695055293091287696e-04 1.100237821088523998e-04 -1.842739203529927534e-04 -1.028427577429297246e-04 6.762649566998124584e-04 3.656160701583104533e-04 5.632530432740455841e-04 -4.404420441058158240e-04 1.262268997132465936e-04 -5.245401700286459910e-04 -1.186570991340943218e-03 1.504897908988489542e-05 -1.605668306055533926e-04 -4.271032921366012258e-04 -4.576272479804544230e-04 -1.650304864136546180e-04 2.146896859549183320e-04 -6.708472447425944322e-05 4.937896694536815208e-04 -1.535853823316157872e-03 -4.507826047259279106e-04 -8.171714921087014447e-05 1.006865398686781685e-04 -2.825877910000205257e-04 -3.284493760652834322e-04 -1.514299050553338083e-04 -4.223995843786153823e-04 -5.324383127472925685e-04 -4.230017671113092052e-04 -3.642352170871927027e-04 1.170298571216950682e-05 1.436597923693817250e-04 -3.163322399942135278e-04 2.653296440874660538e-04 -2.507413063492016660e-04
-8.576522455690024915e-02 1.894623891129128398e-04 -6.979686277573570602e-03 -2.413711800726002846e-02 -9.098771820526142112e-03 1.275850405860185985e-02 -3.985873872521979167e-03 -1.236548829553683849e-03 6.265384675989324123e-03 3.356210598119766051e-03 1.632007223062009174e-03 -6.007760016108258617e-04 3.653619215969639185e-04 1.352221298100518250e-03 3.503686898238627789e-03 1.586346191223723901e-03 -1.047645288265974068e-03 5.476267863438865485e-04 1.968739962331030350e-04 3.610624163282200472e-04 -4.639895105964350250e-04 -2.636684196987009853e-03 -6.693685402156548622e-05 -1.010737910032804155e-03 -1.508133092832529684e-03 -2.339693975315704395e-03 -2.167031372145431043e-03 -1.034700592203001640e-03 -1.049760543240318023e-03 -8.038539185929265401e-04 2.793516930889973433e-05 -8.314412045774080030e-04 -1.118134634720745809e-03 -7.818223819043980220e-04 2.405690325148494759e-03 1.530230117866858246e-03 -1.011287872716985954e-03 8.254959767808375121e-04 2.383343786329343659e-03 3.883646200024306184e-04 3.855881830516852144e-04 1.289807119831207639e-04 7.738902234906574638e-04 -9.524221276837764984e-04 1.386749709239246272e-04 -9.247478366888279489e-07 -5.175508280192483713e-05 7.333915144272340047e-04 -6.323873089967859372e-04 -1.260903143920623316e-03 5.810188078530262139e-04 -3.247677269203364274e-04 6.204485909052615770e-04 7.465958284568496341e-04 1.110999796550430534e-03 3.382261520521351078e-04 -2.922413413655083935e-04 -1.146372847670151839e-03 -1.302578150926151713e-04 -1.155911700079773150e-03 -9.781657738265725054e-04 4.561623331493736759e-04 -1.415210711994046048e-03 8.028232789101017548e-04 2.568880831096778151e-04 -4.505352719329628101e-04 8.976893555440292125e-05 -4.806846028894630105e-04 -5.431104589121600861e-04 1.030416717233372231e-03 9.896493571130982048e-04 9.093191065055153573e-04 -8.596830877977045199e-04 5.718904071938016954e-05 -1.011639481240583565e-03 -1.430880487158152619e-03 -1.839891318143713379e-04 -1.924842017323448204e-05 -4.707564010595498998e-04 -8.277167912723667630e-05 2.894362695258799250e-04 -6.612602992531627717e-05 2.821767418596612975e-04 3.312845628285530182e-04 -1.662336948727836895e-03 -6.440720118074024772e-04 2.083069462113802521e-04 6.389681156171645631e-04 -6.164487089972312765e-04 -4.267880417915001588e-04 5.606009952287109317e-04 -6.591540413665863832e-04 -2.840136604736731010e-04 -5.261464623603900057e-04 2.916561092362896109e-04 7.644000228718883700e-05 -3.479896670767498412e-04 -5.911205089159977683e-04 4.909030092790373900e-04 -3.332336017598315795e-04
-6.946788378155094312e-02 -9.221129676066098721e-03 -1.944868941167864421e-02 -1.845268297158184426e-02 -1.171030681172172128e-02 1.882531150883325760e-02 2.895447491915858953e-03 2.129845650850854116e-03 5.031487853913501826e-03 -5.876915411354649045e-03 -1.323031237739013492e-04 -2.882284036431804336e-03 1.709171993603280379e-03 2.336127519236923765e-03 3.177469844828522717e-04 3.532109696586654100e-03 1.185607204463448323e-03 -7.057134881135625464e-04 1.809534447846196121e-03 -8.702603874514707339e-04 2.578811686391816078e-03 2.627095166142241322e-04 -1.669088195499212517e-03 -7.112166011497855246e-04 2.529810799260536185e-04 1.131985039203201949e-03 -3.085284914476961481e-04 -1.383311776328408158e-03 -5.392994998408830133e-04 6.743747492378702503e-04 4.314022237261481117e-03 4.043340662570195192e-04 1.478323710136812338e-03 -6.010962490364692547e-04 1.286374111709022092e-03 -1.619339739658209702e-03 -5.082449638265431344e-04 -1.015473676171731263e-03 1.411882400914660674e-04 1.768574955400832420e-03 1.387375012674651195e-03 5.476817246461447965e-04 -5.535041073974243057e-04 1.092685629035666144e-03 1.549471946997142561e-03 2.311303153864182475e-03 -8.147560298164079927e-06 -4.029143436218219536e-04 1.624717890687843490e-03 -4.940558539739229064e-04 -9.864233298455488217e-04 -2.451670735090038080e-04 -1.335391402344988715e-03 -6.058195690859130046e-04 -6.207373424969321856e-04 -1.567514233988850968e-03 3.640687681014192719e-04 1.486466424500224341e-04 -1.463917373350537190e-04 -5.714430235064002061e-04 9.606150365223562696e-04 -1.819351543744795747e-04 7.474275144690700453e-04 -4.217892081229415659e-04 -1.214924760738449053e-03 8.748375929795500650e-04 6.411120434811390422e-04 -1.173974459428746625e-05 -1.816758055702651824e-04 -2.176294394754831312e-04 4.555271723303652600e-04 -9.172308397876552128e-04 1.022494194912223608e-03 -2.335408508697022953e-04 2.394460727506468264e-04 9.431119747174947091e-04 -8.714869067112501191e-04 -6.600503067193013492e-04 2.391735348716591929e-04 -3.839548978340976402e-04 1.041209803210274250e-04 -2.518478181144152188e-04 -7.718542665865027507e-04 -2.286804707741223620e-04 8.558282881104753567e-04 5.091935564584289383e-04 3.755790325887707018e-05 -7.951230424319681057e-04 9.570985585849435756e-04 -2.627252512054864281e-04 -8.033449952506811287e-04 1.081932381446275683e-03 -3.251347397126960791e-04 -1.655832735418711916e-04 -9.067222569677027555e-05 3.496506260807956341e-05 1.908546536696710571e-04 7.596857477130913817e-04 -7.604008715404775342e-04 5.005425596225666907e-04
-8.341818704583461863e-02 -6.631180686704388205e-03 -9.168869380857074675e-03 -1.976844375003718179e-02 -1.111943490554636108e-02 1.177200169567160955e-02 -2.130882127289932242e-03 1.702040081935749351e-03 5.612942811992353669e-03 2.085486621219392010e-03 4.764821142496403704e-04 -1.473605428247150263e-04 1.274951814989877313e-03 1.100010640663758813e-03 1.767314947237436790e-03 8.185726634284142510e-04 3.206724863539905370e-04 -1.512350882993719571e-03 1.035929491965308221e-03 1.047890748089264469e-03 -3.923918370551514475e-04 -2.514650637523911918e-03 -2.749018854988767818e-04 6.928581098169602935e-04 -9.630641929000860078e-04 -7.260316054643591250e-04 -2.042561434228336043e-03 7.187169234112742518e-05 3.043747419262744552e-05 2.741135158254676086e-04 7.592234169456695643e-04 -1.243449801904990965e-03 -2.098207426786226522e-03 -2.708218022087186981e-04 1.227386889312161253e-03 4.371428009302549085e-04 -1.875398198192261773e-03 -1.510670679182009660e-04 2.354792098658060483e-04 1.731458820983191758e-04 9.599726383688821866e-04 -2.564139662681366705e-04 -4.605195415457494739e-05 -2.913887637459203575e-04 -3.979573994878589697e-04 -1.185680326807321512e-04 -7.251761899256817733e-05 -1.585141395581073467e-04 -1.310980834301618894e-03 6.487156226012330323e-05 5.817189782327174350e-04 -8.650182549807760267e-04 1.202130028534797394e-03 -5.423750446091398381e-04 1.364998285319284988e-03 9.560852462346693375e-04 -3.421577103080724485e-04 -9.410440944504914118e-04 -6.813278333743864445e-04 -7.259620874556991761e-04 -8.323406926322769349e-04 -2.432268480526978414e-04 -1.071599301666368437e-03 7.426313931548041754e-04 5.747036308429123892e-04 -1.002863370755880962e-03 -2.697103721845946580e-04 -4.115802426291218581e-04 -7.023522191496334990e-04 6.459218057626441457e-04 -1.512772950629692108e-04 8.651801605366966821e-04 -7.757322410397271377e-04 -1.638696843950942800e-04 3.108761563727034378e-04 -2.000199093209435643e-03 1.156860652526644920e-03 -2.759810595975579128e-04 -7.158477603672483642e-04 -5.979840391746398497e-04 1.674411040421165545e-04 -2.000482490009307748e-04 7.784830807765184021e-05 1.383507057414473532e-03 -1.358461308915375311e-03 -7.977100838082881945e-04 -2.444013177093316011e-04 7.929593593362201575e-04 -2.660638416120895120e-04 -7.595397998948092907e-04 -8.370531371111049508e-04 -1.140631280986884391e-03 -4.899375712691829681e-04 -3.628830457182343622e-04 -7.162206277192881667e-04 -7.751127625503739750e-05 -1.343711209804164313e-04 -4.820688427507525855e-04 1.237640951143942174e-03 -6.875798313159895824e-04
-7.446600533002659117e-02 -7.200546205427916374e-03 -2.158391867548925189e-02 -2.302933921645820142e-02 -1.322688222836642530e-02 8.807756979066331399e-03 -7.031259181145815135e-04 2.150995702117045223e-03 4.903995195485999319e-03 2.040658363777151946e-03 1.123415916623649383e-03 2.520215305749830964e-03 1.996071856573237990e-03 9.309139896946708442e-04 -2.486988113617454184e-04 -9.669508714146539266e-04 -5.847943082146534914e-05 2.038081169530773281e-03 3.288061727596576847e-03 1.594964979612338010e-03 3.735956921299671664e-04 -1.543615025267527138e-03 -7.664505395220030373e-04 3.391970776841093417e-03 -3.607566664769244844e-04 1.815862515233866324e-03 -1.066806674133582782e-04 1.455948447141575380e-04 -6.422446195390877147e-04 -4.934740027093935128e-04 -1.467147033754831638e-03 -2.310219086616489663e-03 -1.041329281320295744e-03 2.197685162933774115e-03 3.184500362748929900e-04 -1.349088888690363726e-03 1.672292914711778029e-03 -7.391356625291847565e-04 -3.458725373190527259e-03 -1.923306717393629371e-03 1.692780532008553596e-03 1.217074888745235889e-03 -7.081848669149855930e-04 -4.139009906688085206e-04 -3.196788730984689766e-03 -2.727740126137853400e-03 9.896739674091976132e-04 -1.510071973754551150e-03 -2.145639557474472367e-03 1.023573142150441002e-03 2.061462816554428257e-03 -1.695819802514399004e-03 1.591922523236595933e-03 -2.093947125910859079e-03 5.052654571218810191e-05 3.781893630075223913e-04 -9.306085203581740623e-04 7.842759665532373985e-05 -1.467612448445994398e-03 4.964363062771580968e-04 -7.943616976583244959e-04 -8.957335672829082676e-04 1.617263460986459748e-04 3.312458396032932255e-04 1.348133494100186821e-03 -1.399515228210025360e-03 -2.439172935848234712e-03 -8.420298050871916811e-04 4.731455925196564107e-05 -7.732751513258903208e-04 -8.648135614237139170e-04 2.142280796879330197e-03 9.365012988659094078e-04 -2.261600626301497538e-04 3.089303352997743290e-03 -7.562155729717381664e-04 3.070531529690852853e-03 -5.331441371421691928e-04 -5.047394215027046268e-04 1.795399346191923042e-04 -8.041825108706195362e-04 -6.862170916112919367e-04 1.419611028039730570e-03 6.822739872194327532e-05 2.469509810110658184e-03 -1.253324886848603123e-03 -8.013774784546763043e-04 1.406084914225165343e-03 1.752741529683141683e-03 4.425901339225299424e-04 -2.161948250517932695e-03 -1.321760308634851782e-03 -6.815353237685883414e-05 -2.169424202361154347e-04 -5.589502842875518395e-04 -1.488013959574653513e-03 -8.550373474514381782e-04 6.562047968275887147e-05 4.319815739360566222e-04 -2.148675390813465421e-03
-8.534032437970616447e-02 1.869534880582558733e-02 -1.483818638453324006e-02 -7.295678455580479477e-03 -1.256734692757546790e-02 2.426851280871511647e-03 -5.857662125411857573e-03 -4.128852961067594127e-03 -1.167489994132713937e-03 -1.267272184274526470e-03 3.720828437030138016e-03 4.080432333509183913e-06 2.672136389977735628e-04 1.032371684279451271e-03 -2.372148945265291960e-03 -1.163627115685993748e-03 6.582614741322958618e-04 -2.000069105562099579e-03 -1.690768700009245276e-03 4.430967494888499712e-04 1.452496135348812188e-03 5.413954460625536097e-04 4.737247105533630214e-04 3.905986940082575767e-04 1.366757009295378614e-03 -2.906464989849645488e-03 -2.653338570163181736e-03 -4.777740161516480359e-04 2.086641415506593732e-03 -8.984927953893419577e-05 2.209145553911436716e-03 2.646266035199355349e-04 -3.094814368692072083e-03 1.285934566289929524e-03 1.508219675549817354e-03 1.338905807558672754e-03 -7.669371388490570140e-04 -2.396641548354983518e-03 7.007280404667873275e-04 8.755001322756779088e-04 -3.744465905440126836e-04 -4.183874071979169095e-05 6.646591146092492358e-04 -4.883432141895363565e-04 1.415825873999830521e-03 -1.445520985958578288e-03 -6.224054286704051907e-04 -5.436776064949532233e-04 1.183683165579609855e-04 -6.711962012576695898e-04 -7.738189533514529402e-05 5.306687908716374753e-04 1.574153129248721762e-03 1.277033341785786206e-03 -8.139672378896994432e-04 -8.402138600671420991e-04 9.848918313550469785e-04 5.077356750004800336e-04 -1.541327731675057886e-03 -4.214434878796228471e-04 1.034131182589734330e-03 1.525657178558501622e-04 -4.184326908534597204e-04 -3.573313020128876917e-04 -1.326618087279789844e-03 -5.481359039287871234e-04 1.136191744111470349e-04 -1.082188073296211237e-04 -3.930000811557626773e-04 7.522805723815156930e-04 9.711968225422630508e-04 -1.209646579137673350e-03 1.080944924715239409e-03 3.735737461638850561e-04 5.731868085656642358e-04 6.894228235515813957e-04 5.166134976383853286e-04 -1.941764828066776184e-04 2.082412536721206227e-04 -1.578969153995507372e-04 6.201345779280136548e-04 -5.539936389435635511e-04 3.927843282738058424e-05 -7.388700058843929673e-05 1.568936531686865483e-03 1.296886711966295080e-04 -3.734334973507531384e-04 1.220676452912184177e-04 1.213506184621444264e-03 -1.419939334402396669e-03 1.890107214969895754e-04 9.150279851761285079e-04 6.721024646477949545e-05 -1.241402642591722032e-04 4.228158165222845153e-04 5.150101281790911379e-04 5.152128685038630246e-05 6.378677577986675363e-04 8.691141186516244824e-04 6.006336593793740663e-04
-4.503271896643203792e-02 3.303009305072200988e-03 -2.301378036812131225e-02 -1.485072689837754756e-02 4.428491680833486488e-03 -5.262739498001213836e-03 5.242075452768781355e-03 3.518340599634463620e-03 5.608901750531635443e-03 5.292162313655592379e-03 -1.763934391512246927e-04 -2.075400850227654154e-03 -1.774151897019608619e-03 -1.134648588243670391e-03 2.937557944408661012e-03 -6.380322940891774118e-03 2.333796500975271210e-03 -7.056301100866739940e-04 3.023332162169198312e-03 -1.920900011943029156e-03 -1.589093848311482014e-03 -3.187333991442373822e-04 -3.228733052899856169e-04 2.154519125656748600e-03 -1.682736824524787853e-03 2.907588599347678271e-03 4.812195864464390710e-03 5.355219802378944195e-05 -4.657234952562441365e-04 -2.119241516002704981e-03 -1.246839735181852699e-03 1.618634026271508928e-03 -3.040507547751379971e-04 2.867401649674953482e-03 3.886243812502321879e-04 1.023702931874176164e-03 -1.597346697322117045e-05 2.358681831260321324e-04 -1.558336854969453750e-03 1.166649455247193963e-03 -3.153474323547041016e-03 3.516945231845991027e-04 -9.251091943228272746e-04 -2.114112516300836308e-04 -1.485895352942319999e-03 9.834694105252759361e-04 -1.371035454044784892e-03 5.547487934255494182e-04 -3.378375780295909459e-04 1.467231122152606653e-03 -1.680227158523715921e-03 1.801058341670020097e-03 8.514580910572096565e-04 1.842228063500472683e-03 -2.105746263419257681e-03 -1.031372371766970308e-03 -2.852830789503956453e-04 6.285695402198148915e-04 5.815042518663736176e-04 8.658610666544296931e-04 -6.463035651090497059e-04 7.983893615321946326e-04 1.772714521750841854e-03 1.429826140102547329e-03 -5.925146775775360026e-04 -3.087482822966573152e-04 5.625092783038664881e-04 -1.640322762872650948e-03 4.966986490557222613e-05 2.299491629964951593e-03 1.611416980443378349e-04 3.935254580427043080e-05 1.297283985877075926e-03 -6.251559893487953394e-04 -1.243176031460330134e-03 -2.131952411653023193e-03 -1.904118050070054656e-03 -5.850321066386234741e-04 4.107225526967792149e-04 -5.023041491216754780e-04 2.439881008843011474e-03 -1.872199980693805849e-03 1.493308484864252963e-03 1.901353747774141376e-03 -1.909424270473172782e-03 -6.780827349553934097e-04 -2.849770146561598637e-04 -4.064928854103519126e-05 -1.146728762365951471e-03 3.296178828966795250e-04 2.030656377713026695e-03 2.462026354643372366e-04 8.078865753750765323e-04 -1.761994056064028653e-03 -1.111253130413472753e-03 -9.578924380124274451e-04 -4.045149207124198489e-04 7.405835132602922935e-04 8.539935432405318166e-04 1.379398624158189972e-03
2.818378076966277998e-02 2.202809508058983790e-02 -8.687382614651040572e-03 -1.748837525550622080e-02 1.114673567938398446e-02 -5.049365715699088639e-03 1.043159320646942952e-02 4.820899421233021571e-03 1.016209116012136218e-02 3.994305893222692937e-03 3.989442572332005735e-03 -2.575624912082116746e-03 -5.036994081248303591e-03 -2.055765719411682766e-03 3.685731157340381859e-03 -8.381968463777842576e-03 3.241263080924458410e-03 -2.276731271807381878e-03 3.066373502067433476e-03 -2.550772895356679944e-04 -1.068074915540988121e-04 2.284722375686105370e-03 -1.323262958131346577e-03 1.327638022805684766e-03 -2.143706720991846951e-03 1.988754457993447116e-03 7.707311479974228441e-03 2.372578423726863679e-03 1.429961406546625567e-03 -2.463018193551635635e-03 -7.925436649137767523e-04 1.255720679133340810e-03 -1.101103616326152201e-03 7.872045619340460685e-04 2.981842849853812497e-03 4.939296733476780318e-03 2.046923581628508348e-03 -8.759781529957865256e-04 -1.523782996979511969e-03 5.389801584025001591e-03 -8.157290379861106312e-05 5.348536745939243622e-03 -6.491424851922217808e-05 -2.542019609021382767e-03 7.021347737045154774e-03 2.007935552910544361e-03 2.304382373165902260e-04 -6.114237472883393264e-04 -2.091539253886963976e-04 -2.013892206780717314e-03 1.150322446185691756e-03 -5.894041697073498001e-05 2.845344911236195960e-03 -7.450398125476167220e-04 1.932871010715884845e-04 1.738025968353816000e-03 -1.180568300641945045e-03 -2.450270565673188464e-03 4.590104930160398156e-04 3.605700763270724279e-03 4.352779525123224615e-04 3.017756748073767013e-04 5.504533834822967494e-05 -2.157021730161224303e-03 1.304590602940556643e-03 -3.774074453373679077e-04 1.015734180373298670e-03 1.110784099185230635e-03 -9.179214954181690901e-04 -1.643036456108870353e-03 -3.223098985011001345e-04 1.154508247981940808e-03 -1.516655415462574283e-03 -2.995463209376917138e-04 5.709367552321887142e-04 1.712954973052565645e-03 1.455887787750776178e-03 6.382675215167554327e-04 -5.669093228857209437e-05 -1.560880950462596815e-04 -6.714139588427142560e-04 6.634286234761607596e-04 -1.252604007905974747e-03 -2.981257320972677326e-04 1.238744554807872777e-03 8.592397134026009411e-05 -6.537708362143271898e-04 9.267138913393625776e-04 -7.304454901853547942e-04 1.558696557803832261e-06 -6.023205284031246881e-04 1.215759724244618555e-03 -3.307199550362497254e-04 1.045088355786583795e-03 5.431786009873656226e-04 4.003876615979715982e-04 -1.815403773042253792e-04 6.981726578850754874e-05 -2.271673123477524687e-04 3.914256093983657409e-04
-5.753587268289366702e-02 1.255704536695687913e-02 -2.999680532003756381e-02 5.468508182633054042e-04 -3.349799311938909691e-03 -1.757595762782599921e-02 4.474180865976559035e-03 1.820598542715359943e-03 3.471254264353388578e-03 3.965898594759682295e-03 5.562788043601091205e-04 1.544739715112766146e-03 -2.504889993784867493e-04 -2.919597244964439262e-03 7.223809151364182562e-04 -3.400025617610498863e-03 2.052975005094204858e-03 -7.974843148057786640e-04 1.463481162945043943e-03 -9.915316860766468059e-04 6.455046812333061802e-04 9.208082961631111358e-04 -3.061377944351277840e-03 -2.839911276894339898e-04 -1.968143105690909906e-03 1.064938768919836305e-03 3.725138342652733678e-03 2.460288700070038543e-04 -1.875821622629733534e-03 -6.327647042567403424e-04 1.476848729776720831e-03 -2.732959453634068109e-04 -1.215750118016152657e-03 1.420839811948436350e-03 -2.074631350133986866e-03 2.216424821919704376e-04 5.599131227490875776e-04 -3.475990452814460498e-04 -7.521138396635809612e-04 -1.001924160385790543e-03 -7.677908033321841595e-04 1.048419829745540809e-03 3.064465842597303719e-04 1.084814342652116667e-03 8.506958432014481708e-04 2.188361288528846427e-03 -1.397831220780869268e-03 -1.036064572112564957e-03 -6.424619022327761070e-04 -8.299065621143946825e-04 -2.402045235018360463e-03 -1.378899259584551282e-04 -3.838233242879826850e-04 3.129330007163034534e-03 -1.245233054709762649e-03 -1.620914698831565958e-03 -7.605693192493188232e-05 1.101664446489679242e-03 6.348297000469698857e-04 -2.643439042282450576e-03 1.164232793011905779e-03 1.909553389338829708e-04 -8.854604199576041968e-04 -7.207917814441260193e-04 4.949796427800960685e-04 1.113590383058366733e-03 -7.803405275645291985e-04 6.970817624209437640e-04 -3.379177654263236389e-04 -7.593490984374777703e-04 8.943684982951455829e-04 1.624952916301715042e-04 -1.404572564853879581e-03 4.112605283800379544e-04 -4.869663476756174890e-04 -6.969350495171731930e-05 -1.433394498910744476e-03 -6.846476408289437626e-04 -1.607134232957912806e-03 -1.768999431603017047e-04 3.940072635965669615e-05 -4.568753561569882118e-04 1.432136528414249292e-03 1.463856856644736625e-03 -4.652648653851391546e-04 -4.362400306408302568e-05 4.040801868998487271e-05 -7.175759092663984212e-04 8.151583710043564315e-04 -8.603674587557572431e-04 -1.947358080873298509e-04 -2.411014151853054822e-03 1.007081266451707435e-03 -1.185360019895396550e-04 -1.086852308615606942e-03 -4.064355369534419630e-05 -1.501540303114062976e-04 -2.358342246181287412e-03 -9.105286260433711630e-05 -1.498944246443418291e-03
-7.912451077950637124e-02 1.084826398799150146e-02 -2.529329676543908348e-02 -1.335123015974541043e-03 -9.425486159604474015e-03 -1.426556115913025884e-02 9.306224017980608415e-04 9.690347557914813937e-04 3.012450367944984986e-04 4.915256303163782932e-03 4.177362811241711396e-03 3.311529733446321160e-03 1.129901383156559861e-03 1.674862030827562072e-04 -1.059162143818611528e-03 -3.721205026170388338e-03 2.444305783044777372e-03 7.102294010294725620e-05 -4.405793320419590028e-05 1.035438038489824760e-04 1.423876734897110748e-03 -3.244776643497645900e-04 -2.170456534515365857e-03 5.670470961986746709e-04 -1.082353222154587352e-03 -1.133171194389112212e-04 1.814560367287163791e-03 1.369142739424803238e-04 -1.567596887741050469e-03 1.382793634917221262e-05 5.513361659075737388e-04 5.361892018143555498e-04 -2.236052258977790259e-03 1.353030276207496619e-03 -1.066491343685224517e-03 -6.764036543737757690e-04 9.441510786451491567e-04 -6.221251659814183450e-04 -6.199560085036184484e-04 -2.557283181270127419e-03 -8.711413612609882192e-04 -6.928734446672832380e-04 7.108983326558345828e-04 8.740921346998533010e-04 1.825965956692279031e-04 1.438967067262798827e-03 -1.994572401086509936e-03 -9.111019863981903314e-04 -3.981002109814175309e-04 1.334169571210275327e-04 -1.529990702936710962e-03 -4.549954144632802956e-04 -3.722559785390660669e-04 1.669658751113386195e-03 -1.246455518094581822e-03 -1.586258876051520501e-03 6.686814177311483547e-04 2.126571089292618105e-05 -5.993833090777020753e-05 -2.941078918210470079e-03 1.364996318569850452e-03 4.209370206222123509e-04 -1.465461337975396301e-03 -5.337154380088970917e-04 -6.023833654220795542e-05 1.144543795353842501e-03 -1.673920664265426917e-04 1.055118660455753093e-03 3.264373736833308526e-05 -1.753782734402272077e-04 2.062813759704620106e-04 2.277526132718616086e-04 -9.214818027431936768e-04 7.262474469103440871e-04 8.627970039646046859e-04 2.749890609508873554e-04 -2.741161027317039244e-04 2.881081285901777585e-04 -1.095317771955650176e-03 -7.081310878326931317e-04 -2.841623936395365696e-04 5.651181286512548842e-04 -3.496827185339131182e-04 1.875800795055978685e-04 -2.124711740593178682e-04 9.384837199306776201e-04 7.795482505052896052e-04 -9.339149193955074155e-04 6.386482026427929689e-04 -8.054414318045326161e-04 -2.286950666471384425e-04 -8.982519244453734172e-04 -1.054231647345364254e-03 9.693572455521710539e-04 2.792817168740844929e-04 1.571322829101444180e-03 2.115974222320981082e-04 -1.606638530731021924e-03 -1.005934631592253752e-03 -1.387745813770795665e-03
1.445629289547781526e-01 -3.895665046137187365e-02 -4.656688338386986807e-03 4.040497670368318681e-03 -1.143081099264140746e-03 -9.316030312028645427e-03 2.172235656450961089e-03 -1.644048813252372773e-02 1.180868299191597907e-02 -3.508213183695596538e-03 -3.044583261633915933e-03 3.336463451413447003e-03 -2.761426804734986098e-03 -3.305991757458475594e-03 -1.917061977688433970e-03 5.250071536443930761e-04 -1.778421947051794490e-03 -3.117396828084522970e-03 -5.995050078750602425e-03 -1.850134351387450844e-03 4.184084027212843358e-05 -3.467297496340972490e-03 1.754370763640775719e-03 -2.779253539940918448e-04 1.707355875165505630e-03 -1.131535991001405795e-05 5.729619695393934091e-04 -1.108415961594074947e-03 -2.065069466139266181e-03 3.336498891623094175e-04 7.804036525554948174e-04 -2.487890607539509132e-03 -2.477325816956441138e-03 -2.035500372240112849e-03 -2.926596577172074299e-04 4.450274578289497391e-04 -4.290350148376680692e-04 -8.349120292361656174e-04 -9.375464658995511825e-04 1.724595280005610052e-03 -1.394517145498767180e-03 1.043197694549297897e-03 -8.648295615838060522e-04 -3.636402678654842912e-05 -1.989716493760949976e-03 2.190171559031910261e-04 -1.836362976506472817e-04 2.172633599124786444e-03 -1.744651704267868690e-03 1.817639889262539056e-03 -4.083401232394363260e-05 -1.351767459560407336e-03 2.065755881164090273e-04 -7.191768686676202303e-04 8.602085444076544834e-04 -2.088753292159360991e-03 -7.278635658634994296e-04 -1.284064351585478955e-03 -1.124792224275200653e-04 7.147064941845615018e-04 -2.077995419417537175e-03 -2.686325989541801839e-04 -4.078272961970927694e-04 8.319644234576758579e-04 -8.664631332324241588e-04 1.908793453067051966e-03 9.871952303955524189e-04 1.157037574156930199e-03 -2.127375840558523318e-03 -7.177053778937657726e-04 1.452601922115382294e-03 2.310239150228890427e-04 -1.075663697887444155e-03 8.745006368663962686e-04 3.381587884057342223e-04 -8.374071138134207924e-04 -1.274249164541048623e-03 -8.391778119738972500e-05 1.066693056507219111e-03 3.420562701134823957e-04 -4.066680317704948213e-04 8.571199923605296242e-04 1.247918748436398131e-03 3.289029109075527319e-04 1.946359091416257313e-03 -1.013360229605706885e-03 6.159260703313292323e-04 -1.449842787278717710e-03 -9.261088221742963403e-04 -1.909106278270538380e-03 -1.482869214269522421e-03 8.110120053504381440e-04 -2.662029153449954892e-04 2.952294783313177398e-04 -4.071185150186781366e-04 5.401154622657335872e-04 -3.542913701471722579e-04 -7.675449064361393589e-04 -1.881770570321165893e-04 -3.425051026755075289e-05
1.405185089971243972e-01 4.025903514535147075e-03 -1.635215972562278214e-02 9.635096604138044390e-03 -5.564298010066136800e-03 -4.971074501323268294e-03 1.333428049776329977e-02 -6.128361859499719365e-03 1.130192088636454255e-02 5.210564594383094821e-03 -2.264464230967864946e-03 -3.403222168290702572e-03 -3.720365151105503761e-03 -5.921183440296480700e-03 1.445036971867996907e-03 9.332930296824519956e-04 -1.375618594672950966e-04 1.884779849294557913e-03 -2.857444489636743693e-03 -2.143431061230113323e-03 -9.218467395680824848e-04 -4.083715817640034911e-04 2.728197939848169690e-03 -2.372967273607681782e-03 1.251538773212769592e-04 -1.815871238495873376e-03 -2.124494304600532072e-03 -5.877998090977220496e-04 -5.612943693556231772e-04 6.940499894121304270e-04 2.908374120951874846e-03 -6.250381489367099310e-04 -1.322815346708609060e-03 5.429765134433741074e-04 -1.656029725739453882e-04 8.385706585104666039e-04 1.196640416689089600e-03 -2.677129421398259483e-03 -2.103868495701326832e-03 1.800568954608089086e-04 9.992828231419703753e-04 -1.131288622149578832e-04 1.496617862172505914e-03 -3.409029032992032552e-04 -1.748820891434086484e-04 -1.234109104687124798e-03 4.180310294262641830e-04 -5.070310262705580127e-04 1.110308407291768002e-04 -1.011135153528938940e-03 -6.635426592007972850e-04 9.419274631526904171e-04 -1.427847769825518320e-03 -1.671223024561692416e-03 1.748842248424225653e-03 -9.251011747333488615e-05 7.865677889884566598e-04 -2.253110567271674630e-04 -9.696375920723227827e-04 -7.963631786598103534e-05 -4.363461575426368132e-04 6.845966473894832651e-04 -9.099354356134318090e-05 -2.782368869645147577e-04 5.487786185251241543e-05 -1.278551771614398411e-03 7.786735770114623905e-04 -2.654981971524722918e-03 2.812320387908504461e-03 -3.079155758759303521e-04 -1.149505557547912671e-03 -1.528972236486154251e-04 1.088974811346460434e-03 -9.135343038540744143e-04 -7.748306258584590316e-04 -1.182041152069967019e-04 1.107055163426823199e-04 1.106227185192941269e-03 1.053401649407230207e-05 -2.062624095526950380e-03 6.333801199012400974e-04 -6.604320712449729966e-04 -8.703991608762174032e-04 -7.878681661817676192e-04 -1.345409570797671817e-03 7.650553085575752688e-04 1.047085463995319496e-03 1.301281956720769283e-04 -1.251124074990318151e-03 1.565052554911449843e-03 -2.747772850358399578e-04 -1.077765011789183052e-04 -1.277350237501800358e-03 8.791383415851670644e-04 7.884891615186364298e-04 -9.629897345943474064e-04 2.305818605582231340e-03 -1.934990556404454125e-03 -2.412950669895640339e-03 -1.611517999328970988e-05
8.822027144559034528e-02 6.052080856330830511e-02 -8.642833434059615447e-03 4.848132612502551939e-03 -5.405204262344809329e-04 1.002694971370091288e-02 1.234899156529535233e-02 1.406389629991320256e-03 3.912399358741323538e-03 1.984610145068265927e-03 1.091834730831336498e-03 2.105882144800028631e-03 -1.795218377981893081e-03 -4.301680810047024683e-03 4.098901718108965042e-04 -1.958314770527703227e-04 2.578518396444289418e-03 7.682095481490753414e-04 4.619908366521541460e-04 4.418940208470508325e-04 -2.186339430617739146e-04 -8.415407547837059103e-04 -6.189045813376571397e-04 -9.440097072796228839e-04 -2.489840236121925506e-03 -3.930527629377242988e-04 -1.020576729303334122e-03 1.486584350453966624e-03 -2.820885186812637380e-04 2.209771947992626370e-03 -3.061774153396766389e-03 -1.165982633495632340e-03 -1.671870824351363426e-03 1.021986238761321813e-03 -3.159995083242953841e-04 1.680702049695564134e-03 -3.556670027572246735e-04 -7.644500323890688178e-04 3.121638324853111355e-03 -8.310328731833634998e-04 7.492788702378436238e-04 -1.143993900747060106e-03 -7.468097540992872175e-04 -6.822544262096569539e-04 -1.226107457291047195e-03 -1.725656465539596347e-03 -5.587025361848180129e-04 -2.184605944179021479e-03 2.435741336894412488e-03 -9.915427422667445843e-04 1.987589283865960036e-04 1.343773802399463859e-03 -5.975322639190595777e-04 -2.019109432434606187e-03 7.313519089942520325e-04 -1.048030411258771754e-03 -5.507178738429325225e-04 -5.088877997154662340e-04 9.630204139085281985e-04 -1.916112027489534419e-05 1.632059464726169596e-03 7.505783521189583491e-04 2.313263490699813980e-03 -7.859693910008982401e-05 -1.970380258192914839e-03 -2.434546457165632279e-03 1.370942625804109265e-03 -1.981697530743085911e-03 2.581077962034082586e-04 -1.987295615853305886e-03 -1.284808548921697723e-03 -8.345340221288876465e-04 -4.384717272770630734e-04 -3.617044578816491730e-04 1.636800256004197654e-04 -9.523727184291517220e-05 -7.692648741510318055e-04 2.807473886480694840e-03 1.213816817154636648e-03 2.230454910303892853e-04 3.640595435923496461e-04 4.517123493511695760e-04 1.138276631273623784e-03 1.834890677250061632e-03 2.401058700069840391e-03 -1.021386351393455561e-03 3.235907341621824739e-05 2.768889944813424727e-04 -3.625061415559426015e-05 -3.106311509518222373e-04 6.207048450931471528e-05 -3.538643966028568507e-04 -2.235666529441044260e-03 -3.189449875564187901e-05 8.566692972173318077e-04 2.280608219785680915e-05 2.890722548728457287e-03 -2.145898624479766325e-03 2.266321884703788921e-03 -8.743897318127121475e-04
1.401468329723481177e-01 -3.023929474178533791e-02 -5.896562261739981409e-03 7.522928297097927330e-04 -3.667996180226729998e-03 -8.094544910156913770e-03 7.578642852231351479e-03 -1.175941588280025353e-02 1.030919169277016816e-02 -1.852153678962202045e-03 -4.207575946094290441e-03 3.720646699607042850e-04 -3.346017838109329075e-03 -3.133582970564726452e-03 -1.909097710300768080e-03 4.447288967192915689e-04 -2.822248228736782411e-03 -3.418667413624454799e-03 -6.225715164668660373e-03 -1.855513646834704112e-03 -8.901877541025618283e-04 -2.512117403039339225e-03 1.878858308033212179e-03 2.850941535971526883e-04 1.154648619689547379e-03 1.486008862068014663e-03 -2.635519778573606206e-04 -3.156040675569370124e-03 -1.193310974804725599e-03 6.101630582375295236e-05 1.591329864382312739e-03 -1.773676979129802048e-03 -1.551524428028878055e-03 -1.586709204282419272e-03 -4.095331049793486298e-04 1.400450454816505120e-03 5.176218520816272713e-04 -1.780759901179616422e-03 -1.373988173041941051e-03 9.670223084960859888e-04 1.884328651506314068e-04 8.939623768463173794e-04 -1.189873122955403600e-03 -7.177889299551185737e-04 -7.802240862886091139e-04 -6.453645208224309147e-04 1.764487047941839810e-04 2.470440439949780128e-03 -2.569003114695441337e-03 1.255460910841487213e-03 1.134291033415911910e-03 7.292464145435374268e-04 -2.419576475847464889e-04 2.520339289789564003e-04 8.063254405753781436e-04 -1.577075499962827913e-03 1.228973109833218433e-04 -6.981840650960103103e-04 1.752485136283869196e-03 2.513548241911680247e-04 -3.192245320167954236e-04 4.687238790732558029e-04 2.578629458359388022e-03 1.722666692998389227e-03 -1.775607423940474099e-03 2.340503360602989597e-03 -7.837390554441318012e-05 2.870896569833619912e-03 -3.368798020393164259e-03 3.030641126711783469e-04 -9.989090191051441976e-04 7.549485969530314632e-04 -1.673370886280589696e-03 -8.033724064629015364e-04 -1.092765435869241623e-03 3.796086373956358666e-04 3.356444922887630452e-04 -9.517938923576065762e-04 1.205389485843175873e-03 4.875070226353175364e-04 -4.450156763641554864e-04 -1.570151266219374769e-04 1.412368035761082680e-03 3.750506863607735910e-04 6.094548416581820017e-04 7.695960393358592180e-04 -8.773231262516883056e-04 -3.956922509696024189e-04 6.870540334355768834e-04 -4.691873227450640512e-04 5.299989574891458615e-04 2.403378683458323045e-04 -2.670599249897480918e-04 6.757913392404321000e-04 6.217420344051453971e-04 -6.951654741107478157e-04 -4.050416265959610172e-04 1.285432160250275356e-06 6.542584846715737180e-04 -4.580041937684832206e-04
1.540235382919451779e-01 -5.164282076711194935e-02 5.296392399929515313e-03 -9.388582695375999321e-03 -3.566313483094754513e-03 -8.610246174256732526e-03 -3.290599956567662708e-03 -1.644066469028438934e-02 6.873456250632202502e-03 -7.120435612213944949e-03 -7.570230945101098135e-04 3.319880168855391788e-03 -8.215133253683608956e-04 -4.851995473752163481e-04 -4.150290924858410398e-03 -1.206367887492214964e-04 -1.207443003479431905e-03 -5.166592295120926194e-03 -2.126122588206169790e-03 -6.564050010728010153e-04 -1.040659303426440425e-03 -3.364391571531952403e-03 -1.721192405809700591e-03 1.685523187787746910e-03 5.687641601862241259e-04 2.837899026307088950e-03 1.943517682625753957e-03 -2.735169484453623453e-03 3.839034686609094516e-04 2.005185250682318260e-03 -2.170095523031712482e-03 -2.513724137078282919e-03 -7.918584891045060215e-04 -1.969929984251736575e-03 5.401455594955298888e-04 -3.136287741759404631e-04 -1.365841782869914040e-04 7.648223613849340933e-04 1.828770761435476481e-03 2.803816141944809304e-04 -1.464094702885688170e-04 -6.488338874628659173e-04 7.613233024679067070e-05 -1.036003849387831738e-03 7.561278703460393180e-06 1.107404439507499606e-03 3.928983267633176079e-04 -1.435593749997450140e-04 4.681814952974778588e-04 -1.618761579341764043e-04 9.694085901258725924e-04 8.461897283344443086e-04 6.970115568516081035e-04 7.100900204938238956e-04 -9.357855022087169542e-04 3.001378037743265508e-06 -9.526804495320144971e-04 1.110257319317866547e-03 1.144469386276636500e-03 -3.148547315788283646e-05 1.948363919529420320e-03 -5.213546497350038866e-04 1.510951776121157320e-03 -3.639601508224298541e-05 -9.406677347176497410e-04 -7.557498664030994420e-04 -2.036899692279909180e-03 7.011020041851572090e-04 -6.183543896919723717e-04 1.452313761552180690e-03 -1.919373511367788868e-03 3.290149254194586520e-04 -6.454195822499182505e-04 -7.430210546739470781e-04 -9.608136710319821819e-04 1.067598097834767746e-03 1.906408444944932088e-03 3.058137471511633608e-04 -3.708015497924695559e-04 1.005412652123329528e-03 -3.927436770888787019e-04 1.651583196727309064e-04 -7.654281311462552773e-04 1.891586340446661698e-04 -1.696342777261666043e-03 4.592997743156238617e-04 -2.199265044695236822e-03 8.511951950699843741e-04 2.852194809946318084e-03 9.064965531945707884e-04 2.170563899622538710e-03 -3.168833010657513306e-04 -1.199159313471461017e-03 5.846487683666605571e-04 -2.709466220911448640e-04 7.746829472296544821e-06 4.048025161018199767e-04 6.414809057804764930e-05 7.462434648732469431e-04 -3.885141370654368142e-04
1.144986166826406637e-01 -3.441504906326907365e-02 -1.015231823920278650e-02 6.957211252448023894e-03 1.041543122268582221e-02 4.391896792902646486e-03 -4.149016513110277520e-03 -1.138354164424274818e-02 2.834199706352859369e-03 -1.559373397926346137e-03 3.443224611764000073e-03 -1.050699684478415517e-02 -1.223805046199529564e-03 -4.935075865231701095e-04 1.822600260163790209e-03 -9.840302284186907070e-03 -1.357068865566401876e-03 3.591442499973075773e-03 1.962399629082918658e-03 1.602651669291636424e-02 8.513867659583770897e-03 -2.067630584795633348e-03 -1.634049759326393261e-03 -1.636743960099731670e-03 -2.433830258620563007e-03 -4.167464302389491874e-04 -2.007541901333890176e-03 6.575278772197793277e-04 5.368477335105891791e-03 6.671013982148287121e-03 -6.175996658474488263e-04 -2.412516372814499290e-03 2.195612090739876548e-03 -3.124693310731549000e-03 -8.576173471225664478e-05 -1.376861488184919630e-03 -4.152058020437104512e-04 3.378293353688221166e-04 -2.660845419573520682e-03 -2.343983029756633359e-03 -4.883076435052677343e-04 2.149622434982298783e-03 3.880183076072865177e-03 3.247471277896055164e-03 3.489889773667594649e-04 1.621955767231243609e-03 1.612034319595787154e-03 9.939263915241340879e-04 -2.619995470327496530e-03 -1.665941999666991540e-03 -1.072289886816320606e-03 1.769530845988670888e-03 7.654942882007436788e-05 1.041111452958759856e-03 -1.129208396607076208e-03 -7.059860042406820510e-04 1.540652698156324846e-03 -2.295191302064728510e-03 1.173732034136995344e-03 1.620016194489956748e-04 -1.537184345093631655e-03 1.713013385897506704e-04 1.215822879394875362e-03 1.875844301605397333e-03 5.283252890005060969e-04 -1.752865843279989393e-03 -1.115434862160381282e-03 8.136661649249688627e-04 1.341486660326722687e-04 -2.877484087568217899e-04 1.369375539002832859e-04 1.029182799946037755e-04 2.243831500097202044e-04 1.143228776924649654e-03 -2.534246136066027350e-04 6.837016674359332278e-05 -8.867181588989456404e-04 1.212501517477046183e-03 9.670271322507906914e-04 -4.147014250025087305e-04 -8.472023555001071868e-05 2.330543749820466429e-04 4.450565843952849739e-04 4.963554739211116376e-04 5.938125945510553874e-05 6.147323147842237477e-04 -3.199941667957015312e-04 -7.363897493547446509e-04 -6.221694716653780859e-04 -1.536765950596170026e-04 -5.354010056415745749e-04 -3.576486321555178349e-04 -1.703220685703115246e-04 -1.970429673149865489e-04 -1.233738072567168282e-05 1.258707245723648211e-04 3.847155134116210973e-04 4.824833395890059176e-04 1.421027808902442749e-04 4.062911705017529379e-04
1.480863034636837050e-01 4.134551522938571810e-02 1.729245191544414445e-02 -3.221826700338606669e-03 -5.488869493583151300e-03 1.192900706944262888e-02 6.873090799244380850e-03 5.372517215419114235e-03 -7.537179305802563581e-03 5.114503334200910280e-03 1.029408096742262307e-03 3.400146121540231162e-03 4.023608929779721663e-03 -4.217359717060403627e-03 -1.985997778251347677e-03 -1.197604118675582282e-03 3.441551203282347711e-03 1.841841426998736160e-03 -2.351065212625251012e-03 1.162031372168182558e-03 -5.046927684270932765e-04 -8.950797388647830635e-04 -2.407347641948924142e-04 1.145143230024910303e-03 1.057449051376214066e-03 -1.963553409948015464e-03 4.653319155851575839e-04 -2.408704546973802145e-04 1.175605222959464615e-03 4.996004499745779984e-04 -7.975051245855438150e-04 -1.329833640099993075e-03 -5.091440898726865526e-04 -9.771691908128624267e-04 -3.072517152999923364e-04 4.233860948716777761e-04 -1.635069091426362203e-03 1.020909615932627133e-03 1.532347510181231338e-03 1.646869441565713488e-03 1.774692829424441098e-04 -1.083677748728505748e-03 -1.232839354351238353e-03 1.367470131134301088e-03 -1.349840733385605329e-04 2.818975324372098015e-04 -9.890961354934596234e-04 1.257003796566917651e-04 -1.687855789265749586e-03 4.800381206941132329e-05 6.144155524429419698e-04 2.695053775014502866e-03 -1.730594912909373543e-03 1.367006407490666681e-03 -8.744310362969727555e-04 -2.514663527469113841e-03 -8.248373834614781508e-05 -6.492052413156740700e-04 2.088432745603567044e-03 2.554415481208954287e-04 -2.236139544889455928e-04 1.413973973269850898e-04 4.110774894536964124e-04 -6.557253238743191966e-04 3.738575144931068181e-04 -1.423014765082700975e-03 2.420343038132319715e-04 -1.180886613265327975e-03 -1.718128964241919031e-04 -2.267511975136475252e-04 2.471506064220482281e-03 8.803113952046274279e-04 4.046788282672299252e-04 1.011554829394452327e-04 2.993012408941433098e-04 3.851374086320601240e-04 1.069623877189829902e-03 -1.785712585197085948e-03 -1.744560247547715867e-03 3.915825928854352322e-03 -1.813279156637665835e-03 3.812032957905083950e-04 -6.779693065377441355e-04 -2.701261534304836859e-03 -5.976903789720570829e-04 -4.493474384573926321e-04 -1.528549409739980366e-03 9.297584255422327833e-04 -2.058179533049827627e-03 -1.475858635300003174e-03 -7.021650398124881960e-04 2.387264243561382595e-04 4.786606385357090095e-04 1.623266770642460164e-03 -9.183958630594880445e-04 1.973803396405936146e-05 -2.470949809517164735e-03 2.343258307415114333e-04 -2.993608337847924582e-03 -1.116471772097805135e-03
1.488640705182975865e-01 1.078980220448103738e-02 1.141870228494153150e-02 -1.443286426615991366e-02 -6.789927096720040252e-03 7.967889089551278420e-04 7.661205427157400522e-03 5.670575164489013303e-03 -1.265538128007164410e-03 2.551332589910528317e-03 -6.518625691656124415e-04 2.364425346969237490e-03 7.961340973834905854e-04 -5.068076020155467924e-03 -1.014250588833239940e-03 5.323507504603888297e-04 3.348727152901880520e-03 2.047414934586827637e-03 -1.684771913197660557e-03 1.333185303890900260e-03 -2.502647290468532678e-03 4.568865779972745432e-04 -3.174145893714520400e-05 1.981420344341224167e-03 9.923665850745194640e-05 -3.382429070450641145e-03 7.294927881687289463e-04 -2.915742084483000270e-03 1.090386652464746991e-03 -3.669949978806060983e-03 -1.723415157345075722e-04 -3.168978599093386257e-04 2.081645809900324346e-03 -6.783590531761129420e-04 -1.476770755345500202e-03 -1.846623280268402164e-03 -2.335121321385704406e-03 7.579542718723386889e-04 -2.299150875240916440e-03 2.515107489898778595e-03 2.465422703320009970e-03 6.812864530343662288e-04 -2.592554458428951436e-03 -3.568843607669200477e-04 -2.113269078605993327e-03 -2.215219105467501094e-04 -4.626023378732740097e-04 3.080041300561193497e-03 -1.068498276276008772e-03 -2.563270290364055588e-03 1.369350278673296109e-03 5.501412388236991829e-04 1.380196496990629624e-04 -1.310065955741217519e-03 -1.295778100082181292e-03 1.055136140017644318e-03 2.019273024076977206e-03 -7.696659770575685301e-04 -9.838406092490396045e-04 4.936684162234489671e-05 2.259125759624830768e-03 1.570747361150319878e-03 -1.610997402756881582e-04 2.069206277636561394e-03 -2.323568275384220341e-04 -2.123574823659149600e-03 2.124706490849558992e-03 1.008872767320898728e-03 1.542519888122744409e-03 -1.837369422059333167e-03 -1.458667515504409639e-03 9.450235434867461891e-04 -7.618189522144451411e-04 1.416645343354480495e-03 6.035866119186025173e-04 7.514415373259899535e-04 -1.514218272560806291e-03 2.403117016697429217e-03 -1.038443467258442230e-03 -7.385352342504286410e-04 2.654896361278356095e-03 1.487157639089572731e-03 6.747898246284615102e-04 1.522583730287047294e-03 -7.776400495371406808e-04 3.727430686439695343e-03 2.041188573725856523e-03 5.221078523457955674e-04 3.518773628540483762e-03 5.726108912091206968e-04 -2.863626556727736912e-04 9.464346957681088295e-04 -5.338849410180489241e-05 -1.759918927518499361e-03 5.590066495797568942e-05 7.521821073282044861e-04 -1.939491832193050149e-03 6.709016443790442701e-04 -5.008047716385455794e-04 -1.314853734980782774e-03
1.789157863961567674e-01 -3.268175701804238581e-02 -2.275041320801864456e-03 3.190232808718002598e-03 -1.749542950691950968e-02 -5.141865207601740290e-03 -5.588445513172900052e-03 -5.905201185030829747e-03 5.538544729927679343e-03 1.056707302596182965e-03 2.347886667061897022e-03 -4.727943840746039704e-03 -4.719888348457009983e-03 -4.620208897597920250e-03 -2.583543281321310642e-03 3.474843575500312582e-04 -1.801401536585243686e-03 2.141756801382719167e-03 -6.606286997010253279e-04 -1.422084218505806439e-03 -3.689988501331600747e-03 -5.211007437015641262e-04 -1.252292331234068504e-03 -1.513841616232758109e-03 4.559107489583742864e-04 2.696345402744923514e-03 1.842653625562672712e-03 2.839936940656784552e-05 9.404113918181778841e-04 1.240492656084601301e-03 1.696177827319091591e-03 2.133255050515211939e-03 6.850166392272562937e-04 1.983327793338306622e-04 1.186696385618241572e-04 1.819319089879057336e-03 -7.077473634395060279e-04 6.101255534206912086e-04 -1.663052975124339281e-03 7.250954541411997259e-04 1.259940257672820555e-03 -1.667198257054157851e-03 9.972591372783348729e-04 6.593306587673550831e-04 -3.800708964515906244e-04 -2.705967408902012171e-03 -2.294962373475847417e-04 -1.130475790279045255e-03 3.992423808884258988e-04 -8.622095220181915428e-05 3.338756898286768986e-04 -1.220299871612369512e-03 -3.360821500570314421e-04 5.496107833637957785e-04 -8.557996969325818389e-06 2.078573102875340417e-04 8.794158931898516253e-05 -3.637250663154584598e-04 -4.775972910904476731e-05 9.016036032923506807e-05 -8.013080578730247651e-04 2.042575591643032342e-03 -1.693816258945541340e-03 1.407744648941627213e-04 -7.733842598478507090e-04 -6.947850379135408062e-05 1.235166127524091979e-03 6.113187485208906868e-04 -2.542945956886831830e-04 4.264418826752701202e-04 1.616030038615146145e-04 3.013195129843620535e-04 7.201607422419136189e-04 -7.740095317666052322e-05 1.032567538999336777e-03 -1.179461946111421550e-03 -9.629922853477690392e-04 5.846892928884215223e-04 2.729998377546169323e-04 1.355301053255515828e-04 -6.507384723081700211e-05 -1.292288571106805888e-03 2.602178466807821043e-04 3.417631683519154438e-04 1.927144011693197130e-04 -8.855071155287367549e-04 1.690975434380474676e-03 -7.759104474647953494e-04 -6.432854780418563760e-04 8.211974993826527073e-04 -1.549809652974651212e-03 -1.580170191283495815e-04 4.407552199457851405e-04 -3.520965792660683651e-04 1.134802824835618286e-03 -2.803248949693367938e-04 -1.221341098224122115e-04 -3.644334038020003537e-04 -2.532776783702261978e-03 7.671161658842922835e-04
1.852460404902224467e-01 -4.678857349823017583e-03 5.139398939403316303e-03 2.492504553899377306e-03 -1.686008267743348971e-02 7.745342813994466995e-03 -4.742593488021259497e-03 5.848626926028773382e-05 -3.650284380359601188e-03 6.502153962350134576e-03 5.657594098267074330e-03 -4.947826296746285317e-03 2.866064531316882724e-04 -5.356833643929203442e-03 -2.345699251498003547e-03 -8.372524357249893192e-04 2.068284294573704066e-03 2.455908701386772149e-03 1.019335850584993618e-03 3.601076821380818868e-04 -2.902799506745925347e-03 9.683209555705349705e-04 -2.902370082788920504e-04 -5.944384951159909338e-04 1.249823088437732564e-03 1.823207240380591383e-03 2.061674599746942099e-03 5.572461045002652770e-04 1.819490556876963375e-03 -1.642737348781555737e-03 2.689474758172275904e-04 2.617010185286929805e-03 2.935894585422153986e-03 8.905971736275050850e-04 -1.213427731770222890e-04 -4.843416527473437018e-04 -2.384156663389923791e-04 3.472940115308847421e-03 -3.329043251379045247e-04 9.398396758256217414e-04 1.207607357885695770e-03 -2.536812656591284215e-03 -7.996912070361650651e-04 1.814211366028612403e-03 -2.983983113954884539e-04 -1.692442288100849332e-03 -9.122743031871455559e-04 3.480080459632784503e-04 7.491421570479893366e-05 -5.411035810465732957e-04 2.331911977517082079e-04 -2.225001189753644110e-03 1.676478212695360149e-03 -1.845260524317136625e-03 -7.499219695655002247e-04 -1.135880837641398220e-03 5.770547443615720766e-04 -1.192429071262307311e-03 4.683230326974003785e-04 -7.649454020983736968e-05 -6.141249140656485474e-04 2.227021823736737276e-03 -2.240573788217831760e-03 -2.627327221034017092e-04 9.907155433750342889e-04 -4.367499030338213334e-04 2.035016932386533872e-04 6.579459362470784032e-04 -6.381922813284458817e-04 -9.155701965244842852e-04 2.137670851611733758e-03 -7.732614730094187648e-04 1.274923147997904151e-03 1.276935064228607551e-03 1.180168612215051326e-03 -4.670324177194065196e-04 -5.278723435883693211e-04 -1.216839827169672976e-03 1.261366834554472714e-03 2.102486652133888322e-03 -1.473430037854327928e-03 4.593145456071922933e-04 1.315399435625823690e-03 1.304617040088931572e-04 1.026205938520104817e-03 1.010829087708253835e-03 6.282949878850177658e-04 -2.524345983448716990e-04 1.134882860916469442e-03 -1.476148490092096561e-04 1.915910923751921145e-03 -1.106847954617009433e-04 1.514868441334105489e-03 2.121706985629132243e-03 -1.085806708983067708e-03 -1.119908998940092725e-03 1.953317705631366856e-04 -1.759530063547412647e-05 3.446474973336200853e-03 -4.609031146415939627e-05
9.000219430358484540e-02 1.390376789160129543e-02 -1.827267570346316483e-02 1.595929979654089198e-02 -1.762812344265832221e-02 -3.839628128968438237e-03 3.344232067916819671e-03 8.762978784535618154e-03 1.191497938839495944e-02 3.532691924172619204e-03 -2.158350705870170326e-03 -2.263679359865662438e-04 -1.106482061159491427e-05 -5.221812262764149136e-03 3.192825573305904316e-03 3.239256790770287612e-03 -1.251449553771603841e-03 3.905189881422466581e-03 2.015548617093195806e-03 2.468652897410624110e-03 -2.449509046164467536e-03 3.263732190727263935e-03 2.665036331281042930e-03 -2.193436278298162290e-03 1.854546037054526000e-03 -1.111192590444848554e-04 1.881793382211179684e-03 -1.222156289747910844e-03 2.538338398705613022e-03 4.087248548857035806e-04 -1.087266727734201603e-03 1.179397784690936358e-03 3.613266816288362819e-03 1.990891051413930246e-03 1.854666013425757291e-03 -2.244629983786462172e-03 -7.602535300756026746e-04 -1.135219995929274625e-03 5.011611694406080397e-03 -3.365366721203487399e-03 -7.204366868797658224e-06 -3.453692946095362603e-03 -1.470331335706742204e-03 -3.687678779633819966e-03 -1.999308622538536226e-04 4.436169333416443115e-03 1.359379596852672073e-03 3.213207249220444671e-03 -2.610314507900191386e-03 -1.421184808600198766e-03 -3.091478205013007373e-03 -7.586393180715416242e-04 8.203013379337109135e-04 8.381966888023915712e-04 -2.374881545563448711e-03 -3.414080320258743788e-04 2.044783339023815202e-03 -1.209457484775677003e-03 2.832582091125653619e-04 4.202853237339334268e-03 6.625516368172751748e-04 -1.547237562392816479e-03 -2.484054572915419829e-03 1.358851310314540886e-03 -3.327671766234459923e-04 2.247782949186436299e-03 4.571908035437184398e-04 -1.955493871642620483e-03 6.658833590421820879e-04 4.615739793422538929e-04 -1.764473893591000800e-03 -1.132680902728495963e-03 -2.096988140352336674e-03 -1.859926263240731540e-03 3.979733857958230015e-04 -9.312664238183326806e-04 3.784347345068701449e-03 -1.397479180532191275e-03 9.559362395153469041e-04 -4.260061064038682876e-04 6.843352419439786317e-04 -6.776167053294387607e-04 -2.454333563167577625e-04 -5.020595390297628944e-04 1.790002835481816661e-04 1.769608615533219164e-04 -4.137832033031273496e-04 -2.140380350474999603e-03 4.870930324864359250e-04 -4.992780785425333977e-04 -1.380513748849500084e-03 -7.616500664251715704e-04 -1.585222422261306849e-05 5.499162687272492319e-04 3.038586125641672001e-04 7.083393330626778020e-04 5.231483432190133496e-05 1.790622277061186508e-04 4.330019816055361904e-04 1.004027447700705719e-04
1.869992861644027282e-01 -2.880166439318309832e-02 3.427401116781000293e-03 -9.272767322241322286e-04 -1.613660804679931809e-02 -3.951183275213305743e-03 -3.458042128062362077e-03 -9.372936306490425168e-03 2.123454722954124831e-03 1.054494866027826496e-03 2.465883308938222537e-03 -4.969617901506605435e-03 -2.382744447841109690e-03 -2.978727630927339477e-03 -3.239833355707058115e-03 9.460225733165879194e-04 -2.749693198498917926e-03 -2.096497918280661535e-04 -3.159463885124920585e-06 -1.788485564688006672e-03 -3.907549013090713154e-03 -3.589621744319574813e-04 -1.683121136710395488e-03 1.061470351044210641e-04 8.885530366408810185e-04 3.187456772356033266e-03 2.425000216174005418e-03 -1.678690467067244679e-04 1.699173504641019730e-03 9.452442461048986451e-04 1.355771617957585900e-03 2.197872258176968973e-03 1.688380027875460579e-03 3.289110832005491341e-04 1.204939445401265272e-03 1.050947167825798390e-03 -2.801820014782484269e-04 1.305020633779856122e-03 -1.068088384465363215e-03 -9.141403552453150703e-04 8.523488901804514382e-04 -1.693691401843016101e-03 1.961614410242961109e-03 9.100247276737229813e-04 7.775843092937974972e-04 -2.753309485292714225e-03 -6.434708594228355678e-04 -2.062858805257422254e-03 4.925124749007098656e-04 3.923063087994383118e-04 5.089830977141475665e-05 -1.175237869478311815e-03 -6.081407386505513837e-04 1.538851753768424131e-03 -2.689286656583288432e-04 1.111382311797141226e-03 -7.003372004453632020e-04 -2.402382150842143950e-05 5.555194527237940867e-04 -6.698109995921195390e-04 -8.370952584093486549e-04 1.285407017369022582e-03 -9.069636998680876338e-04 -1.996301194887401418e-05 -4.568771510433408765e-04 -5.123841652992359476e-04 1.237753529222513976e-03 5.016517649700984269e-04 -9.437927857805448453e-04 1.323568054553008605e-03 -5.324285502113521116e-04 4.417460380381880189e-04 1.968922529637448927e-04 -7.998637455581483627e-04 4.152006369717420710e-04 -4.919621440410218167e-04 -8.983956563484028941e-04 -3.339342406920826163e-04 -5.237574902067340240e-06 1.702508344294422545e-04 1.588594534962650001e-04 -1.007191636325557079e-03 1.838542135769945013e-04 2.745360094033903135e-04 2.425146299332058475e-04 -1.541758068830943610e-03 1.066693495324663298e-03 2.342661940443670915e-04 -5.147532080068705808e-04 4.271669753830450392e-04 -1.052267740565956825e-03 -1.364451470442789465e-04 2.689980522034533675e-04 -2.554237644535280508e-04 9.542445262667503727e-04 2.338336850257503126e-04 1.500689303778706112e-04 1.874478580989836704e-04 -1.721737946708734720e-03 8.884498165693963329e-04
5.066810103964705658e-02 6.687578802667346056e-02 1.046926751665691255e-02 1.917658435083798235e-03 6.952175364450302077e-03 9.060131483920319528e-03 7.669555799206122281e-04 6.324597763397258980e-03 -5.743093206042294233e-04 -6.154123686555631849e-03 4.826100773661984138e-03 6.299521178047301929e-04 -3.044814538860185493e-03 -2.946362507920463939e-04 1.422642312963936671e-03 -2.517509632827904468e-03 1.290841005427501150e-03 3.168980087272221628e-03 -3.714422640900448373e-03 -5.744176010518770243e-04 -3.922019440135727781e-04 -2.914640303247599800e-03 -1.808444051880061859e-04 3.253274199656589448e-03 -2.683441765554257959e-03 3.125430060853816999e-03 -5.617749330824586482e-04 1.753262376821018405e-03 -6.096708068130079865e-04 2.236620387859125821e-03 -3.705553129300211482e-04 -9.534011430778788513e-04 4.544357075440242331e-04 -7.246968566549456987e-04 -2.045953323009616382e-04 2.838773637235029556e-04 6.948888008319611346e-04 -1.175045262959435255e-03 3.318887378124627061e-03 -9.529542036075212483e-04 -5.192712310332359138e-04 -1.176711657560227178e-03 -1.738534147895177354e-03 1.658162082289313301e-03 -1.869323590008800488e-03 -1.363334198942893092e-03 1.104425175457110020e-03 6.082339596313195195e-04 1.324475194555126871e-03 -1.822895833578560068e-03 -1.805292457130448737e-03 -4.551515042947245704e-04 -5.236069427208063943e-04 1.582418433602734813e-03 1.173086824650734685e-03 -1.357297154080362115e-03 -2.010394975926306331e-03 8.987161456149952467e-04 3.227485094505818091e-03 -1.025618824330396753e-03 1.762874475749409372e-05 1.459502040447935257e-03 -8.958163929324070062e-04 -8.322825344209412550e-04 -1.269327243517147418e-03 1.764383609386125122e-03 -1.888798018768823373e-04 -2.182170728890544804e-04 -2.726247519188584596e-04 -6.219493807158818933e-04 2.467225507175625906e-04 1.052987119043756210e-03 -5.405609742582363026e-04 9.491125169803379903e-04 7.118628539367139385e-04 1.981874619164500709e-03 1.290088762601822835e-03 3.186776277242874380e-04 2.054573023623846445e-03 -2.091987763847213088e-05 3.634447276400526883e-03 2.850171909077354603e-04 -1.422385525503143140e-03 5.347377339837941805e-05 1.296704611469695493e-03 9.040728847751639550e-04 7.873112391075138021e-04 3.624555143167568303e-03 -8.222427046899645226e-04 2.458176541876613526e-04 -8.931380864516459987e-04 -1.429986853982464882e-03 8.866092485244941781e-04 -4.574394394945526985e-04 -1.213315701595494368e-04 -2.620679317612211270e-05 -1.627957353297755823e-03 5.387853030079843304e-04 5.042536834479605231e-04 2.305242356642648888e-03
-1.772291857453643302e-02 5.407710342177419333e-02 -2.623865960091676178e-02 1.914295718313897138e-02 -5.115097360586660230e-03 -5.587629478690192726e-03 -6.652402253315405946e-03 1.529465861004199612e-03 1.019991283862002737e-03 -5.071118682645258356e-03 5.959206395153603293e-03 5.165098338061828009e-04 -1.033660189379878282e-04 -5.704557571499872240e-04 1.388223085209394940e-03 4.006822826953726144e-03 1.228570097363579448e-03 -1.722169458715232856e-03 2.763045030825501871e-03 -3.691503078451482457e-05 9.874215196144129573e-04 2.504726396599076584e-03 1.579369183000286700e-04 -2.077178392761753079e-03 -5.742437662868782951e-05 3.821472768061679923e-04 1.931469387137166457e-04 -2.319350759972870629e-03 -8.312106057230494961e-04 -9.966035122668831948e-04 -1.687061391833394623e-03 -1.900877554348233585e-03 -2.506668702486804928e-04 -1.367270829688741829e-03 2.007467132552603201e-03 -2.636122540755831464e-03 -2.339846221154097666e-03 2.966803684396216844e-03 3.522827587070011821e-04 1.778926634021672087e-03 -1.857666738422910442e-05 2.964365743598229054e-04 1.967102324637301503e-03 -1.478289613878670155e-03 -3.025881835521844352e-05 -2.205288440653374593e-03 -7.171538854169056971e-04 3.489196743143799392e-04 8.502250953083128086e-04 1.400711479477141815e-03 -6.627462000403862470e-04 2.267425019137685790e-03 1.480874564476860299e-03 -8.533481619189827545e-04 -2.758951946618826151e-05 -4.206298804025651421e-04 -1.010051335652237215e-03 9.115044894589679775e-04 5.539272437697398107e-04 8.716656791904597162e-04 -6.741608728307830556e-04 1.566334559916401827e-03 1.290615780621591621e-03 1.306043313861585163e-03 1.361770672723042414e-03 7.401023209059591100e-04 5.363015432453045218e-04 -5.317346395485846250e-04 6.994278514371505715e-04 -2.463292502680292204e-05 -1.289116542958476880e-03 1.620885493072650495e-03 1.162329844611887731e-03 3.489825794734961652e-04 1.262200643522855010e-03 -5.859377526273242844e-05 8.115811256748973763e-04 -8.975459394209168431e-05 7.607970315731902569e-04 -6.603606822426834897e-04 -3.687801509034999582e-04 1.012651907028175270e-03 -9.019540726261111299e-04 1.113418841978377344e-03 4.997402197617667637e-04 -2.819132193666853080e-04 3.702544063854181920e-04 1.810486336974355414e-04 -6.903298739840056609e-04 -1.724138863050804114e-04 3.006784151361665148e-04 3.697370111064213118e-04 2.935946248320251990e-04 8.246483151809193236e-04 -1.676053416792299940e-03 -5.617025165045146920e-04 -3.945119010606235803e-04 -7.364407098865659697e-04 -1.576130465253657237e-03 4.106873622135439011e-04
1.138745032697134098e-02 2.375414779087808154e-02 -3.115411521196519498e-02 3.091432002799256173e-02 -5.903180449296889683e-03 -2.024768151615300750e-03 -9.070882921120130421e-03 8.610875780640179708e-03 3.284919844053576458e-03 -4.499060712114269500e-03 3.151676046955898761e-03 -3.131922728860496788e-03 2.729707710754026000e-03 -1.613056357436216124e-03 3.388111012505135022e-03 3.493251753831708595e-03 1.866279619901805003e-03 6.150637048409113338e-04 2.556981229407015140e-04 1.679538447208198376e-03 5.424518107336305127e-04 1.247779964594625821e-03 8.135001495560951427e-04 -2.787812937139664670e-03 2.381009105989170468e-03 3.868230659246638461e-04 1.278076937223800473e-03 7.182393373573939656e-05 -1.357678541192500503e-03 -6.890268881838487606e-04 -1.060981175693100596e-03 -2.598640650845767622e-03 -1.916464908410401907e-03 -1.323413756926993369e-03 2.667584617480664444e-03 6.292195193608605052e-04 -6.911035160348756243e-04 2.518310275544762521e-03 -1.126427820185682928e-04 1.214522857285440984e-03 -8.778928930491471279e-04 -3.462656540896778801e-04 1.417284347987063636e-03 1.782853141236551793e-04 -1.788407993420704418e-04 -3.283298510455950328e-04 3.570058264060565166e-04 5.036424007813808477e-04 6.101726381660326848e-04 3.447409527120330261e-03 -1.401696674717808119e-03 4.716048381407417396e-03 1.639246113767467254e-03 1.651255715669304978e-03 -2.023726095446128157e-04 1.311005684123972711e-04 -2.194523310147740696e-03 1.401459593165542807e-03 -8.893367087388143926e-04 -2.920843447785205298e-04 -1.103491154020098822e-03 2.263218481827241463e-04 -1.441619058104221841e-04 8.028558996927698255e-04 -3.159849890824136301e-04 2.118544233279966345e-04 1.181012867027618268e-03 2.086667464410111011e-03 -4.557513449734588778e-04 -1.815886339605828114e-03 -6.226931917208605510e-04 2.515378656626533933e-03 3.487513875617875327e-03 -1.808305936712735658e-03 -1.130147889559155903e-03 -3.320721235235402340e-04 -2.180888294127932372e-04 -1.146744428914921047e-03 -1.875636795106175531e-03 -2.101562841540581972e-03 1.189580478852837351e-03 2.718517736009065698e-04 2.957341467117437987e-04 1.604499480584589561e-05 -1.722611416131335829e-05 1.125733531473263908e-03 -9.444016834768687290e-04 9.533771586137600824e-04 1.723212494185835707e-03 8.775202932663699702e-04 -1.489321476821516346e-03 -2.018789568969110541e-03 4.700363374855026080e-04 1.538921096970580823e-03 8.190196088721245259e-04 1.773518816461613565e-03 -1.285750731898298478e-03 -3.637162835817496476e-04 3.418206380155962504e-04 2.618442179599253451e-04
1.285111111381452564e-01 -7.329014238177042340e-04 -1.966532355361047188e-02 2.488608720353313250e-02 2.478072718758339305e-03 7.662290780564421679e-03 -7.211796783237457882e-03 1.855010575848039644e-03 1.476353433220702277e-03 4.698908640446386800e-03 1.830239957290870486e-03 -6.619561714434684524e-03 6.184965799932028337e-04 -1.788458029915418598e-03 -8.895559772810625971e-04 -2.092045236030674014e-03 -6.382559233264985992e-04 3.889446445341350131e-03 2.073752647556101076e-04 1.353116197899089225e-04 3.433520500657595911e-03 -9.841925150194514010e-04 1.361411825667310977e-04 -4.038194163072529597e-03 -5.810711371172555453e-04 -1.463902468569335078e-04 -2.139336631715330582e-03 3.345299494684358509e-03 -2.092123402906744412e-03 -1.592214631256874246e-03 5.589066951458690003e-04 -7.928437782194527449e-04 -2.009927437304937815e-03 6.305086090436579560e-04 2.298597486388295839e-03 -2.570574366585377454e-03 2.502428162431633582e-04 -1.683040036924419698e-03 -9.468659726768742339e-04 4.133343931249743378e-03 -1.994180443716553862e-03 -5.914990338702076330e-04 1.912908562285493396e-03 2.908550524141275285e-04 -1.956695864737410633e-03 2.705913582096691056e-03 -7.909992673516486798e-05 -9.418524246198901060e-04 1.699592823882017066e-03 4.367948759599855424e-04 -1.330689030410167357e-03 -1.249631208971451488e-04 3.137205957596062456e-03 -6.447136737607683061e-04 -9.768219336933298776e-05 3.846118475458433841e-04 -5.288409106756676191e-04 1.729192615434193897e-03 -2.818544161239680220e-04 -8.220100201359200297e-04 5.292574583329120877e-04 -1.785581049537717305e-03 5.041938779362649490e-05 -6.682903642097656315e-04 -2.828802170674357512e-03 -7.276525761157940329e-04 -1.805306213908943955e-04 1.235478286132125946e-03 2.251021861223786861e-04 -4.924368397432025589e-04 2.130053377306855705e-03 -2.439146547414547069e-04 -7.501914270749464667e-04 -2.496416856408625005e-03 2.484270629960246956e-04 1.150594277720628405e-03 2.105201900164443106e-03 -1.928558907636420696e-04 -1.027025347891627168e-03 1.104694281777246099e-03 3.347592899453035635e-04 -1.438230538212821293e-03 1.310573214756584684e-03 9.678425175364231215e-04 2.116209985017145350e-04 -2.479214248316715698e-03 2.370051158466431572e-03 -1.206739922010662501e-04 1.177335767422709855e-03 2.258505502226751133e-03 6.591226587633780987e-04 1.720335271191477397e-03 4.138391432400549555e-04 -2.620031070393389998e-04 1.299902258677814327e-03 6.256588191557726922e-04 -1.036873852985324441e-04 1.651706350792340235e-03 -4.637600991324092770e-04 -1.908304279763191119e-03
1.365492641971145782e-01 3.549221722468910711e-02 -2.984298296339706492e-03 1.495295665224356287e-02 4.148543364992754966e-03 1.692733377740475789e-02 4.759356683368683866e-03 -5.567578050041743429e-03 -4.740437874236300662e-03 4.689729451140485332e-03 -5.781845832345119344e-04 -2.822078461401095716e-03 6.932205580128763915e-03 -2.961538382808467105e-04 -2.214795706999165247e-03 1.408925261588196091e-03 -2.285120155896318284e-03 -2.185918342164439813e-03 1.111871188183567640e-03 3.923580861799113380e-04 1.554835012920526699e-03 -1.621284436334538342e-03 -4.909830367107060608e-05 1.570637440235309306e-03 -2.193137124113124677e-03 -7.909314985661345917e-04 -1.251913718746458732e-03 5.969713759636827806e-04 5.255591204666219081e-04 -1.615601392402102820e-04 -6.739453834708616312e-04 4.728584348390850326e-04 -8.672864900529100255e-04 -2.166002073922299476e-03 -5.076595789401383823e-04 -9.278478740679913612e-04 2.873615380640277481e-03 -1.343646401643424455e-03 -1.577527263314368799e-03 7.812142521088706907e-05 -1.392553884903896186e-03 -1.082925714847735033e-03 3.732613556601460311e-04 -9.433166782555087561e-04 -4.548876473167009029e-04 3.011671625314440905e-03 -2.339537275166611325e-03 -2.350434133796323617e-03 -8.493906277577151654e-04 3.892438643465529900e-04 -2.254678437590331135e-03 -1.805746411559187989e-03 8.471091706096790233e-04 -1.108926177155641598e-03 -1.476373624336591766e-03 1.419774681167126993e-03 -1.273582219947191202e-03 -1.350971608843883802e-03 9.741704900359565884e-04 -1.406289552313749443e-03 1.359156596267274957e-04 2.707418141169085058e-04 1.278681952804098740e-04 4.888866992334670340e-04 1.622804984412099351e-04 -1.498046379907023865e-04 1.891032049447616368e-04 -1.771329504659721870e-04 -5.884153403341789261e-04 7.643426965173478072e-04 4.603712868053923973e-06 -1.115818486443974459e-04 -9.064963525546078111e-04 -2.195227101211378803e-03 -5.299939375434074710e-04 -1.521960932454997700e-03 1.147672005759871555e-04 -9.882590749355081149e-04 2.555954470114302668e-04 2.892674011886177399e-03 1.327104485159444857e-04 -4.359526346352891749e-04 -1.756783866988542470e-04 -1.225997658686114487e-03 1.086278843297121488e-04 5.486019127803501254e-04 1.754849666149526331e-03 1.685360197238592109e-03 1.888902185540097204e-03 -1.045876281811581503e-03 5.855562035001124748e-04 1.524549338100814532e-03 9.781323515325715447e-04 1.709821305889776006e-03 -6.065210198609270872e-04 -9.066586724992511297e-04 7.088778931761207476e-04 -5.048859053342840504e-04 5.584832191151318809e-04 1.272277038760335493e-05
-7.687655428259258794e-02 4.000814754701549625e-02 -1.662497193445000576e-02 -1.152760251392437318e-03 -5.640910389290718432e-03 -7.202998166958005100e-03 -8.797905608148864562e-03 -6.479591169099374083e-03 -2.668483631047847797e-03 -2.782852827975813284e-04 4.638053435474296000e-03 6.340749970407280698e-04 -1.146345877959511518e-03 6.124244729521155983e-04 -1.576001405842068770e-03 -7.702060954153499422e-04 -3.603404170152981704e-04 -3.364116036369960323e-03 -1.328866089421312097e-03 -5.336850141736337264e-04 1.439806057587809376e-03 1.796595277265162225e-03 -5.607149499941931460e-04 -4.447497548168004603e-04 6.111823177037326157e-04 -2.529151590097154616e-03 -1.449841583257594456e-03 -7.551524820896581610e-04 7.166715869033521945e-04 -1.197982091166378913e-03 8.858067753764973249e-04 5.102414477416999808e-04 -4.389523859948307651e-04 -6.921239768030448087e-04 8.722649748484065163e-04 -1.418444313187603768e-04 -2.450835303401646854e-04 -1.313028337985586288e-03 3.200031777717933447e-04 8.170715317833532711e-05 1.960716463051876454e-04 -8.879620926320709118e-04 1.250056639760628195e-03 -4.128676482532261396e-04 9.470586416788364477e-04 -9.609705314800583240e-04 -4.786242074638320603e-04 7.679202720386064376e-05 -1.203867943029065656e-04 -8.066016033874133821e-05 -1.975792322919378281e-04 -4.903687035136457002e-04 9.379509043693026206e-05 -8.752828910781183152e-04 -1.250065193855752921e-03 -1.057987117311292224e-03 4.224021906774280016e-04 -2.915777834712645396e-04 -6.308239697846305038e-04 1.297125895329080724e-03 5.033725258332192838e-04 7.342808811610948517e-04 1.126245285632580849e-03 3.717265835623864679e-04 -9.835431737034814204e-05 -1.963554873787464236e-05 4.039503990144572242e-05 -3.517610909538718437e-04 1.646764743120554672e-03 3.323292568080547164e-04 1.558666958051607774e-04 3.596630294919725868e-04 2.272769702376465560e-05 1.003220946268128342e-04 -1.355181685848004698e-04 3.757631219959960828e-04 1.325694319247064205e-04 1.712977035855102438e-04 -3.328421562417352843e-04 5.736084482119832356e-04 -7.467388701694860191e-05 -1.289070208170530092e-03 -1.213120091930592573e-04 4.720954381057684726e-04 1.102957228142015592e-03 -8.191708609443688893e-04 -3.059436512758534864e-04 -6.753317894079493980e-05 2.415240231710989510e-04 -6.167900521775305069e-04 5.109117378589956519e-04 9.069705867848927008e-04 4.285060298285935272e-04 -8.531113418964184417e-04 4.287894049291313402e-05 -3.939835248895510794e-04 3.315796239993421923e-04 7.457500867028469356e-04 3.861992684544243194e-04 2.486013288497451105e-04
-1.447740220394517878e-02 5.347038694076428761e-02 8.178138397002482698e-03 5.479041663955328684e-03 7.949242093272980078e-03 4.073572681721451122e-03 -1.207030983423364526e-02 2.743271364384685437e-03 7.427799112708929983e-04 -1.194064799665771510e-02 1.077692196757069551e-02 -2.262005188346894163e-03 -3.618691701743204613e-03 -2.622786239090289014e-03 1.021939064447060889e-03 8.517553714926623084e-04 -6.698400945147162545e-04 4.221805281314607375e-03 -6.357779165281619155e-03 -1.892667258911159226e-03 -3.792628866966494833e-03 7.193398866087392712e-04 1.696786454639486472e-03 4.660137018530493072e-03 -4.106924258580059786e-03 3.184801874800118754e-03 -2.645675917893241993e-03 3.289737058631811607e-05 -2.397563231915443951e-04 -3.665766123095460030e-03 1.891711453339379838e-03 -3.503273646533028394e-03 -9.178089535843600129e-04 9.781232835514885090e-04 1.764983479769007154e-04 -3.579633347287800547e-03 -1.301521702488217481e-03 2.744659759835829226e-03 -6.023266609480262693e-04 -2.864477971211871598e-03 -1.535414498368717524e-03 6.768011249669738218e-04 -2.405669825246329425e-04 -2.656097841970392337e-03 1.393593729011139478e-03 2.877790603479212644e-03 1.630348579341304744e-03 1.000586547301382957e-03 -1.932318650156343511e-04 3.034876093038442663e-04 -2.642383558695792205e-03 -2.490572788729818795e-03 -1.515599227106073383e-03 -6.272916919765770399e-04 -1.215102287332122961e-03 1.395520929458820593e-03 2.006753206631593789e-03 6.386003699879751444e-05 2.334358860698741364e-03 -1.510490779038156867e-03 2.501999284401640791e-05 5.571504455428674283e-04 1.359120846975970598e-03 -1.306270514828508167e-03 5.885480094111012828e-04 -1.221970982843568641e-03 1.218365247257272688e-04 -3.878882231505349667e-04 -2.941329996093792424e-03 -1.532972857891936268e-04 -3.710420466529581107e-04 1.978017135067859341e-04 2.406711999071531685e-04 1.821390530695768135e-03 1.710744124351018568e-03 -1.640209794505869626e-03 -8.837787610403667333e-05 1.573747690493905666e-03 -1.177873608517469774e-03 -3.695755840153602942e-04 -1.253674747354866772e-03 -4.993816545495462049e-04 4.673159560716066974e-04 -4.147294655759884807e-04 -3.483201325229989213e-04 -4.454626436721894267e-04 -1.451680075462699572e-03 2.525926961905389711e-04 -7.434186050595118552e-04 1.957996381507067299e-03 -9.912631646146880231e-04 3.690163101410280557e-03 5.096028710979170562e-04 -6.453305107884676779e-04 5.056504282194738357e-04 1.564229285346373580e-03 3.436047322653170257e-04 -1.827047421059028022e-04 3.568131431250944454e-04 3.241202195355342357e-04
-3.512795473557306369e-02 5.634116644482402986e-02 2.129834885368606448e-02 -4.990114447985896130e-03 8.690422621442848300e-03 3.784518344911755577e-03 -9.249961763172064727e-03 -2.204273550716681976e-03 9.913775580535162581e-04 -6.218307069935757880e-03 5.059612669909510467e-03 -6.470594725000849154e-04 -8.190535141147394643e-03 -6.775400077681138647e-04 -8.034567628356259657e-04 -2.224366612796638276e-03 1.334590630549345024e-03 4.987416012981791771e-05 -1.943841934131887482e-03 -2.885155914913650841e-03 -2.591406130197111538e-04 -2.173501568945961950e-03 8.582524778932352875e-04 3.188983927479025274e-03 -7.869535779299220843e-04 8.437610552152650326e-04 -2.455648557740994068e-04 6.036696287343369834e-04 1.433543781792661872e-03 -2.551669743662759744e-03 4.205202136133047441e-03 -6.223789258964970966e-04 1.434624132421545312e-03 -1.039309585802584805e-03 -1.680138374876920812e-03 -6.952072673938553080e-04 3.609596421107705202e-03 -2.044484732450104316e-04 1.049417455509045385e-03 -2.216269116576284094e-03 -1.121824493635745776e-03 -9.083772709418096039e-04 -2.049047823139026579e-03 -7.572483695259227439e-04 -1.114993294223778041e-03 1.135216731860472705e-03 2.024718195576864169e-03 1.494233645907466811e-03 2.930162243042560080e-03 -2.251385133925425607e-04 -2.818881833953571208e-03 -9.948982056003509000e-04 -1.938976527487436350e-03 7.844887317562119003e-04 4.902621042301081764e-05 2.091758342681525069e-03 -2.187561164363410662e-03 -1.789547528046824855e-03 5.502798387058872734e-04 2.187978721223386280e-03 -1.738081254547479059e-03 3.855550200743573146e-04 1.134167060812133268e-03 5.472090601449931509e-04 2.248271286513163058e-03 -2.053315146165618239e-03 -1.372438709159748199e-03 9.371128275475172024e-04 9.389868494956659208e-04 -1.141102742993603666e-03 9.065083860889162513e-04 2.685048556355866100e-03 -5.571802462247071831e-04 -1.531527960809434159e-03 -7.859368510770768602e-04 8.520696592412420030e-04 -6.298002671913076203e-04 -1.010657874178117572e-03 -2.277939139486347153e-04 -1.111564065390634745e-03 -1.670340914341947400e-03 -1.637518536788234004e-03 -1.310311214564471210e-03 3.407590479599031876e-04 -2.908996786568054027e-04 1.517056488081736890e-04 2.758395489238177171e-03 -5.405675084540300084e-04 9.038969722448648373e-05 -1.436383333780003914e-03 8.779716712189423664e-04 -2.248725840647429301e-03 -1.510089911063789130e-03 2.672929099691722537e-04 -4.483339942702649480e-04 -3.187776503797079487e-04 8.509735554247287918e-05 5.799954467581898562e-05 -8.430633859009182239e-04 -2.373240879700506002e-03
3.817426134368127368e-03 4.519131111815388735e-02 -4.264480220035041583e-03 7.602455513633071989e-03 1.531936609180581214e-02 2.697616651246151093e-03 -8.317695433424077828e-03 -1.409673301761726243e-03 1.198213649367149382e-04 -1.093544352127126182e-02 1.372324527145823633e-02 -5.017517619952357663e-03 1.497093060079646024e-03 -2.040357892202037966e-03 2.720863181776108503e-03 1.302104642125478332e-03 -1.470491117731391028e-03 3.548923634696892968e-03 -5.450349530888013404e-03 3.241221405548224853e-04 -4.210298104446813516e-03 8.652091842735312515e-04 3.084498736856095425e-03 4.694237305006712137e-03 -2.045994935188373554e-03 2.295937154345710322e-03 -1.396536712515611162e-04 8.597269728677742976e-04 -2.543761634478978323e-03 -2.939494641892179995e-03 -1.667970048588892631e-03 -8.835432656515013194e-04 -5.946052218454175821e-04 3.901216897925110887e-03 1.383842047523914853e-03 -2.756102966064104113e-04 -2.621458721926726420e-03 5.051474528466418654e-04 -1.511161227479509853e-03 9.858806484261419499e-04 -5.936057176899600120e-05 7.087913838676476947e-04 1.007304109828861816e-03 2.903284783451530113e-03 2.451882738122605852e-03 1.452003856074332187e-03 4.967127466473588056e-04 -3.467434260294315757e-03 -4.132702724923213722e-03 9.085527535536492465e-04 2.624016069046014414e-03 -6.826184721700311172e-04 4.749376374418222370e-04 5.377154909569507776e-05 3.030607179754154102e-04 -1.338126653770485694e-03 1.662361093783422655e-03 -2.870264606472544577e-04 -3.041132712513921772e-03 -1.520806059159640925e-03 4.072347415503488203e-04 7.093548719183488671e-05 -5.828637286401364197e-05 6.335158111864964145e-04 3.120275134540848993e-04 1.742108305088920460e-04 6.464489956091598816e-04 -1.581015931082168247e-03 1.160887840701026142e-03 3.105721973025054499e-04 -6.581722732142749341e-04 -2.757652994020544888e-03 -8.648547326742866623e-04 -3.182843277456489078e-03 -1.289230624969528102e-03 -3.103560771928625837e-04 -1.353364595186381429e-03 9.053485356297754976e-04 9.971507715721139586e-04 3.307164062459533229e-05 -9.660394714106306088e-04 1.874759866305871804e-03 1.620265095069886119e-04 2.148116503437552893e-05 3.693794535452082006e-04 6.597739940726357849e-05 -1.117182219498075082e-03 -1.362131704901128068e-03 6.503631365383203029e-04 -1.203812000607657222e-03 1.573322106859977726e-03 -2.684847806168691019e-03 -6.623509310411444893e-04 8.049156396702293430e-04 -1.413917692354462168e-04 -1.858242118882274217e-03 -3.807012143467144224e-04 9.355310453093077091e-04 -6.473221677142336483e-04 2.697973435799581095e-04
-3.261797677912552790e-02 4.883932918744016832e-02 -1.880914318222385098e-02 1.073090466475709603e-02 6.754164380225875959e-03 -1.585643257645676573e-03 -3.796110352368973085e-03 -6.509334266488547675e-03 -1.060376435410983120e-03 -5.394316339663221722e-03 6.334242015737102938e-03 -3.289348190235305905e-03 9.672398969936845704e-04 5.457952186987080840e-04 2.628869777106784562e-03 1.110062626021103213e-03 -3.264684015938864280e-03 -2.306678451538708707e-03 1.961966595221773229e-03 -6.193519331301550407e-04 -1.396286134103732514e-03 2.726633972455756120e-03 2.786120186069628892e-04 -2.845300812078983854e-04 -5.377341763329771896e-04 4.590303492193688372e-04 -6.018472715513475697e-04 -3.470691011189371619e-03 -1.209019110788754018e-03 -3.375047954303696555e-04 -1.473985658132653115e-03 1.552799442628047168e-03 2.777141608397430857e-03 -1.487445979666855234e-03 -5.246220327396628478e-04 -1.255919468672104253e-03 3.561297720876450165e-04 -1.773435963629011510e-03 -2.281608458953621275e-03 1.317778340586031518e-03 2.362876071024819571e-03 6.543142810256288985e-04 -1.432372548801147220e-03 1.057631806416840488e-03 -6.912985741473176549e-05 -2.269600468587828785e-03 5.771283210789100900e-04 3.270203730321118965e-04 -1.222417501250338059e-03 5.877330144635548167e-04 6.581906425660301275e-04 1.393378420704980639e-03 -1.668053582346962064e-04 2.295961143112350104e-03 2.359296610683711429e-04 -2.809943367415836113e-03 1.353153903184489497e-04 -2.194838844733298889e-04 -1.534585460047941784e-03 2.853265165032741173e-03 8.556865370875059050e-04 -1.206941980929138267e-03 8.880206490656321859e-04 6.836597631925067859e-05 1.920486322551381766e-03 -3.520465785912231743e-05 -2.299289596967010914e-03 -1.384315845252413095e-04 2.659072554953880764e-03 -8.310738782443237449e-05 -2.498683349826887100e-04 -6.702463637115119643e-04 -1.434554560840781579e-03 1.786476671159778961e-03 -9.082121250352149676e-04 -2.155134422437819924e-03 1.808762972064992735e-04 -5.901976542212351157e-04 -2.070098643609271597e-03 1.127135409489224893e-03 2.531514603860281990e-04 -1.771298756043432213e-03 -1.641261251372324518e-04 1.001862355693815395e-03 3.618934867759965855e-04 -2.187435034653260457e-03 1.391289813796028538e-04 8.044602563713937381e-04 1.131117619200315864e-03 -1.766548437777322803e-03 -5.738734239772984996e-04 2.806319361089344450e-03 7.856235728577574831e-04 -6.863138989336990984e-04 -1.509378677481460385e-04 1.510136910373296093e-03 6.703851734661484679e-04 -1.940659274112562036e-03 -3.641128054619289112e-04 1.620021682330348607e-03
2.309127117144968433e-02 7.250421060501011095e-02 2.864060203791337841e-03 1.117443351737866346e-03 1.302364216901292018e-02 7.032168282175746410e-03 2.672235462492084795e-03 -4.288918926952148790e-03 1.137737180826328513e-03 -7.572541036952856915e-03 7.168579407485733100e-03 7.503288621653923319e-04 -1.333275419568053346e-03 1.320713953916325756e-03 1.405935951733245249e-03 -1.938360896327075795e-04 -9.093762007623224994e-04 -2.991498033224664001e-04 -9.642234587276512971e-04 8.627590870088189300e-04 -2.792861062214683707e-03 -7.025787775379112613e-04 5.971322121636776867e-04 3.044571005208318842e-03 -1.501141909409643618e-03 2.131963668125347322e-03 -1.139511802816427872e-03 7.366369305640439388e-04 -1.047517324896242701e-03 1.665391693483796003e-03 -1.804573084553745804e-03 3.411406824745350647e-03 1.623290711772656979e-03 2.844939731682584634e-03 -1.470775357696714383e-03 2.445944599338369108e-03 -1.350591546535483481e-03 -1.991978273793758650e-03 1.463620798162355982e-03 2.624826131247038111e-04 5.263047609753016606e-04 7.432250580291532328e-04 -3.029859981502887952e-04 5.075435953400529200e-03 -6.118663230816682704e-04 -1.332572227862209916e-04 1.120317982751627486e-03 -1.111417641351941513e-05 -1.579929199200463298e-03 -2.139776613832995635e-03 1.632654393438248436e-03 -4.553997193652045521e-04 1.851041573727249621e-03 2.428321047464130223e-04 2.335353325026863144e-03 -1.396546601849813288e-03 -5.777555327840213284e-04 6.878508810597285883e-04 2.483518488617399676e-04 -9.899882379049815447e-04 3.550134685979760662e-04 -1.250094413102913844e-03 -9.739331597062061193e-04 7.081107594398972213e-04 -1.313540233852224671e-03 2.700531580340140032e-03 4.511893216350642915e-04 1.489863453352434928e-03 1.815465369409808346e-03 -2.260476106207950562e-04 -6.978060939518834164e-04 6.353537667535127465e-04 -9.645530888032110336e-04 4.031000908313848259e-05 -1.833010305422634600e-04 1.191159139723211311e-03 1.513624908165749723e-03 -2.187476587531642525e-03 -1.251098638369997489e-05 1.165529731756332179e-03 2.142167920714823769e-03 -8.545677198421115697e-04 -4.979203899078165404e-04 5.783749744416551760e-04 -1.413731953530412283e-03 1.038201719353922664e-03 7.015364215412146949e-04 -3.485794179065578404e-04 -7.008298553104003398e-04 7.617791840441869803e-04 -2.465378675377499318e-04 1.037220736808288339e-04 5.463804063143752219e-04 -1.532999058061450400e-04 2.188081937540022862e-04 1.074946252589405789e-03 9.239872999173045619e-04 -2.554816731327137490e-05 -5.837713630235728639e-04 -1.369691537019370083e-03
-1.665184726003719751e-02 6.444059824580104789e-02 -8.976194256153898279e-03 -7.630845929007994480e-04 1.900715479327186970e-03 -5.686503534868498320e-03 3.522636150542866364e-03 -6.475219221285298619e-04 4.202967715322468087e-03 -2.742961207937732494e-03 8.245425428897005821e-04 2.707899714646318408e-03 -8.784451950066048814e-04 1.988210147496355211e-03 -1.178108489553384786e-03 -9.732709150069119653e-04 -1.064546496590599786e-03 -3.929518771759765369e-03 3.080563927868426328e-03 1.105420574767389036e-03 -2.940999364247642595e-03 2.167609606673288457e-03 -1.013885746974472471e-03 -3.894495321571526448e-04 -9.702239941363651182e-04 1.506940818659392028e-03 -2.428512973261907557e-03 -1.846151171053151546e-03 1.426408799360182750e-03 -1.230215593845950005e-04 -5.917408242713266455e-04 1.629275690493729809e-03 2.083215794649350902e-03 6.049463420765036027e-04 -2.204248502983899120e-03 6.057973168484880126e-05 -1.313279633545504348e-03 -2.934042634485949552e-05 8.332133816743862893e-04 1.827878990367179770e-03 -1.009474916692747323e-03 -8.790622470934079708e-05 3.511208706737502868e-04 2.790134713957757168e-03 -5.320067397101577254e-04 -9.052553889745844134e-04 7.113112931428937011e-04 2.164799767727776120e-03 -4.755653588232949206e-04 -1.738234034241544672e-03 1.098628059399120102e-03 1.108405288528598823e-03 -6.966838284345966360e-05 -1.318537293956926343e-03 9.444398298668034647e-04 1.104233559210155216e-03 1.952211420844619598e-04 1.140849918898013873e-03 -5.609253764762809637e-05 1.400412960218254703e-04 -1.033360106722993601e-03 -1.389116694971253424e-03 6.865900671252505054e-04 8.542645653951816062e-04 -1.754552015535113928e-03 2.194593039508614966e-04 -1.231993112182020638e-03 1.377542892956549678e-03 5.914667010004536667e-04 1.496801214968545212e-03 4.922752201616279952e-04 -3.406708456895519727e-04 -3.685728053212348901e-04 3.117452744175235805e-04 6.328353383781840829e-04 -4.152004788817712693e-04 2.273343522575648216e-04 -5.818203437104976002e-04 -1.551170363619612655e-03 7.967275903670459434e-04 3.586910081550914145e-04 1.008204776392525532e-03 -4.321297154221669383e-04 -3.734386070762583205e-04 1.322285119949725149e-03 -9.091598807574877627e-04 7.894146416352337695e-04 9.676484184547943504e-04 -6.744138340130282445e-04 4.811439350604485151e-04 3.978346523260038823e-04 1.273633053853869858e-03 -7.208126166846412150e-05 2.658836349467116520e-04 6.174618688454661976e-04 -2.950641230262557335e-04 1.788593807832013194e-04 -6.467222328474305382e-04 -1.032213511590202850e-03 -2.606916938491160574e-03
6.265579640943655382e-02 6.361854964505138377e-02 -8.636799751073931039e-03 1.298540079048065427e-02 6.327021629128563862e-03 8.519533668824880168e-03 1.233339486288470392e-02 -9.315426654517134850e-03 2.227237380607590225e-05 -2.216994660047514384e-03 8.451479305137668194e-04 5.122258356192089688e-04 3.016711474995634017e-03 1.419743969990228767e-03 5.132936795992714503e-04 3.792023823954327345e-03 -3.663014188825637878e-03 -4.140851622211682431e-03 2.782979806591194104e-03 -2.028291864227055796e-04 -5.325408655934731669e-04 8.314855775023942928e-04 1.912823348538349785e-03 1.316016151970607470e-03 -2.077902870619351746e-03 1.697870390768483305e-03 -3.614459489867453881e-03 -7.338061839718682715e-04 -1.061902219970094641e-03 3.339997784853846342e-03 -3.358394886992460606e-03 3.935389293429039821e-03 1.158881643603620979e-03 1.144037553454615346e-03 -1.790640665876981185e-03 2.295349129924557571e-03 2.038412999046534165e-03 -1.344850706255947470e-03 -6.486339445499716798e-04 -9.254712439721998404e-04 1.275972244840525946e-04 4.771127584927179290e-04 -1.208864121206810463e-03 4.039655322704847396e-04 8.599673485969953467e-04 1.455037064688346213e-03 -2.002647110948787244e-03 -1.502270125350794029e-04 1.488286495453103797e-04 -3.073416496785207085e-04 4.973721875430119440e-05 5.994908621071336414e-05 2.029481225890912392e-03 4.071261701998328021e-04 6.670162093741049524e-04 -1.679161939999510012e-04 6.699181718039016499e-05 5.299830729087966598e-04 -3.257252029166944770e-04 2.784188711111023630e-04 1.496040473593175657e-03 -1.045402499658343309e-03 -1.210939485708017061e-03 -1.181123302067034215e-03 1.493701264595179157e-03 -3.714825457300936209e-04 1.810566744090263578e-03 2.750954441514531865e-03 -1.158800688626344944e-03 5.525247593578260603e-04 5.876853985666585269e-04 3.286079384324196943e-03 2.964615540395576249e-03 1.880690504822532701e-03 5.856580840889576622e-04 -1.744955285181765212e-03 -5.240120820591591877e-04 1.198835197147113396e-03 2.114577382995368356e-03 -1.531185194949310178e-03 -2.221260315430496901e-03 -8.947260979157527477e-04 -7.173020651093977565e-04 -2.330366245885332876e-03 -4.301759512005231666e-04 -1.414530236803659144e-03 1.381207380252426299e-03 -3.081826913489134345e-03 1.347354764907405253e-03 2.051189027605144002e-03 -4.459013447688435321e-04 -1.200271846122371320e-03 -1.548733456483418827e-03 -1.209712103857061780e-03 -1.853681501842714230e-04 1.299800700513607018e-03 -1.875911232478018461e-03 5.699459407395014677e-04 1.634583308042459812e-03 4.845691676905883186e-04
5.205789841310323220e-03 5.428319614143724964e-02 -1.702454656487419407e-02 8.609634989030653940e-03 -9.162820248872946896e-03 -6.611330007306990414e-03 7.020752841232374454e-03 1.885679759403151821e-03 7.692262602176825823e-03 -1.011906743804947021e-03 -1.292267551205721846e-03 2.648231371741026439e-03 3.959508317051399278e-04 2.964046150019735044e-04 -9.071792631859325025e-04 2.689708563496808532e-03 -9.468839273919737965e-04 -3.011991487456585834e-03 3.248660061417249327e-03 6.816094531627010615e-04 -2.062548604179374051e-03 4.030006366231375994e-03 -4.543993537326507259e-04 -7.799618683597496884e-04 -1.179330681890477812e-03 7.732552637114600402e-04 -1.413221170175199982e-03 -1.879228555460865169e-03 1.493288910990618829e-03 2.541503554890628533e-04 -1.098508867599831381e-03 1.089678011202801881e-03 2.137623371757628541e-03 4.973994871534550936e-04 -4.213521929509120843e-04 -1.129315183037014891e-03 -1.153522676179315806e-03 9.332935558199372461e-04 9.179167935898110108e-04 3.694765879402877478e-04 -2.422325667916754369e-03 -9.621351095656988832e-04 6.672387262246722061e-04 8.108281934214647000e-04 6.320995163076062679e-04 4.463192846573268784e-04 8.549616065613173431e-04 1.886554039977529022e-03 -3.201169134195595628e-04 -1.073454810015956164e-03 -6.628936146488292403e-04 1.320552029172726311e-03 -4.938968596494854556e-04 1.595083290621183316e-05 -1.742542407660994019e-04 2.585895710336119299e-03 7.146954552832570588e-04 2.061842456770021040e-03 1.434881275061066581e-04 -4.645695719510529965e-05 -1.634726388818197665e-03 -2.152835597767781967e-03 3.887144027006908466e-04 2.123480017739066039e-04 -3.472461376604316129e-04 -9.352874195364492332e-04 -5.600035377696242940e-04 1.244909796849752621e-03 -1.384269869399567783e-03 8.385509878302492125e-04 -8.291047996332763645e-04 -4.143710592792195749e-04 -6.392399871500998860e-05 1.225825068827511881e-03 8.103157494504812037e-04 -1.299425198046226006e-03 -1.263279621597964905e-03 9.354314286574494028e-04 -2.878303430438443485e-04 -1.306629766905404973e-03 -2.399191203383893502e-04 2.043444742555452186e-03 -3.777431616082990544e-05 -4.196793859403831180e-04 4.067800120725896182e-03 -1.017859444151098143e-03 2.323659565177887645e-05 7.223105276972796324e-04 -1.170031722338497155e-03 -8.628617334749759914e-04 2.691194397271544705e-03 -1.394894073491744629e-03 -3.000963632862235536e-04 1.092244086601513314e-03 6.509920453842243503e-04 -2.145088728916302607e-03 1.384113699232720682e-04 1.339119935936057548e-03 -7.434796689333145712e-04 -1.070737264133797941e-03
1.581859942701008270e-01 -4.269948921497930018e-03 7.371209853374392079e-04 3.536417343836553880e-03 -1.792991441305422790e-02 2.597695489366492767e-03 -3.534619943527566102e-04 5.772329107115944675e-04 4.669727756128267890e-03 2.947854182708640070e-03 1.786245502177468336e-03 -3.990921621803695911e-03 -3.725651355597942331e-04 -6.032308390357523330e-03 -1.343283400167317489e-03 2.143689810510719575e-03 -5.985110076039038782e-05 2.394384877222613395e-03 -2.264801977840495955e-03 -1.036741873473929132e-03 -3.371737775108866499e-03 2.996541271197574081e-03 1.615842879312742991e-03 -1.214737455471323222e-03 -1.579018594299023579e-03 9.514558334465692772e-04 8.508248159425663582e-04 -8.119295535302835376e-04 2.310235530233298133e-03 2.135488096785920480e-03 2.215591013173737970e-03 2.217557917423877960e-03 2.849354749252016889e-03 6.701793300250530978e-04 7.348816532568886058e-06 1.237671941350054847e-03 8.384452928429905793e-04 3.534689795315606244e-05 -9.388297724151859229e-04 -6.948319823389088141e-04 2.632916347200693879e-03 -2.997133226162091574e-03 1.090291913151012447e-03 1.037726659043953841e-03 1.639222708379157057e-03 -3.198561350319826472e-03 -1.842882928074542244e-03 -2.967821314752528989e-03 -4.630143639811415412e-04 6.681427814683195670e-04 -6.665479835609722237e-04 1.290498128218770619e-03 -2.416897369605234457e-05 2.034315013214669458e-03 -1.340234773505938380e-03 2.596676397808302811e-03 1.360808426086297456e-04 4.013425866483371208e-04 -1.086515807573212649e-03 -1.139668669709379464e-03 -9.007746843694860138e-04 -2.258297432102563188e-03 2.059484115551638017e-03 8.381453732700391108e-04 2.645765394945153847e-03 2.068261865726262437e-03 -2.641039398715490285e-03 -2.888490163713496820e-04 -9.957572581143405571e-04 -5.703932576653024909e-04 2.493787795241441622e-03 -2.190266698677196839e-04 -6.710968673308793583e-04 -2.950240627863646623e-04 1.532168516149168746e-03 3.749737105035523630e-03 -2.149403452874208058e-04 -1.849137131257469133e-03 -8.698300284211936059e-04 -2.112612357196684380e-03 4.744762807946640388e-04 8.293860356605616251e-04 -3.934432520346943236e-04 -2.065613592691426372e-04 -1.305802065857476161e-03 4.668902884179299440e-05 -2.341917987811087051e-03 2.013295543241378979e-03 -1.081591774504967775e-03 -1.186450746958961155e-05 -2.671600770286435651e-04 1.233408496864614413e-03 -2.426173002106286284e-03 -2.240517838986733415e-03 6.323903338150015552e-05 -8.259705618004677542e-05 4.719759826364869294e-05 2.476447942371570496e-05 2.497674165409461376e-03 -6.244865485359825299e-04
1.660828195612572833e-01 -5.585331404237266206e-02 6.369210086786462714e-03 -7.106395123908865533e-03 -7.530790742168404737e-03 -4.121277186997293097e-03 -1.349965953083463038e-02 -1.467915701060646359e-02 4.137856256690564290e-03 -6.719312803989003699e-03 1.330151799379788394e-03 2.123230818091236070e-03 8.776347944784735353e-04 6.375900905632324225e-04 -4.294974645198059056e-03 -6.985867185359666840e-04 -1.119333173035599654e-03 -2.164502180161741434e-03 1.363614400078598477e-03 2.210375173698909794e-04 -1.729200667963640744e-03 -2.560670523952259317e-03 -5.125646501202198863e-03 6.339212995307388259e-04 -7.038848611568254265e-05 2.637663414986065203e-03 3.687487676284936615e-03 -1.290402179313681697e-03 1.184635398917176707e-03 1.944302150643155251e-03 -3.064987355864192201e-03 -2.711587407466813074e-05 6.516122045790682937e-04 -7.092815172629530118e-05 5.068054736654029448e-04 -1.069950025773481941e-03 -1.377465100335309586e-04 1.047622098409744336e-03 2.318775315115597594e-03 -4.917416454281919782e-04 4.201879651501092683e-05 -9.218858591325908075e-04 4.371696133657017097e-04 -7.261943676568196953e-04 1.042184586496701284e-03 7.865380860677212383e-04 5.405715545054579334e-04 -1.505651750206150018e-03 2.217706442629878340e-03 -8.826423669468199317e-04 3.303102870840555301e-04 5.285762254408126132e-04 4.996959432329333339e-05 7.139779566385497057e-04 -5.729036506156129664e-04 8.777462325433061123e-04 -1.365376309943581177e-03 1.205204274781452667e-03 1.766452954199633539e-04 -8.447862388852516531e-05 2.331627647967575608e-03 4.422896912919208219e-05 -4.760228210021449479e-04 -1.030482648672867907e-03 -5.182478934501447056e-04 -2.303491529518249085e-03 -1.139574262969433090e-03 -7.093543353240795235e-04 1.364616382830798232e-03 1.427534261136242238e-03 -1.817013671821622340e-03 9.008745318563859939e-05 6.705332623139459132e-04 -2.142980060078643182e-04 -4.103995289053366676e-04 -3.757545543166796419e-04 1.454095877733048653e-03 1.141530202189247958e-03 -4.205890110032718286e-04 9.831814128508275987e-04 -3.144127543203303579e-05 -2.218817227513872207e-04 -1.322327346741851038e-03 -3.977543433072414677e-04 -1.783273644906286292e-03 -4.717063500373442026e-05 -1.167092911918687914e-03 4.866696887670238962e-04 1.419307987816289564e-03 7.152375358365379784e-04 1.361976771270460894e-03 -6.806765194560398819e-04 -2.993960593543005589e-04 -1.654380794193948724e-04 -2.058236941477151628e-04 4.776173352476135287e-04 7.334276980474889896e-04 5.926543938674314754e-04 -1.000762049388591616e-03 -6.596685710021350869e-07
7.511864972960398401e-02 4.623640751508623081e-02 -1.031176667124999655e-02 2.179490880886962578e-02 -5.198221205767320982e-03 -3.447195305469482728e-03 7.216709628869227497e-03 1.289597643520889536e-03 1.459209953583649917e-03 1.828113126388874977e-03 -5.236978073075469926e-03 4.333034360581865078e-03 4.266384238069117173e-03 5.923180506593121730e-03 -4.705297652793584591e-03 7.194096039896230067e-03 -8.509361169978265846e-03 1.150964662377701279e-03 6.458057459481729261e-03 -2.936682044226564497e-04 -1.070385270525685490e-03 -2.864127335435506794e-03 -3.883575331084789641e-06 8.316451305269777217e-03 -1.586520652185712237e-03 -1.002715130772903300e-03 1.150660163400561709e-03 3.793752040522770097e-03 5.106458388305646669e-03 -3.376371674689868183e-03 2.934115074940478029e-03 -2.337291734237786044e-03 -1.999246984165383399e-03 -2.324776508615318885e-03 6.751667473034731652e-04 1.377305984298785816e-03 -2.187264886506062097e-03 9.222833562298535367e-04 -4.515869180053523136e-04 -2.547742340023286846e-03 1.436020183245851527e-03 2.588370477855532047e-03 2.007985962787014501e-03 9.938694594346757227e-04 -8.772917785161132159e-04 2.326361735985355873e-03 1.791346638840864624e-03 1.950414056837834927e-03 1.217425019072138027e-03 1.337931763884926987e-03 3.415317244146355222e-03 9.725718863220464460e-04 -2.487892796604835926e-04 2.016015956408837885e-03 -3.229557695769899248e-03 -2.115953897512258802e-03 6.352602570705427089e-04 1.104076382139324963e-04 -2.409352075852126251e-03 2.558858171829551682e-03 -9.613698683463903476e-04 4.486540522717605978e-03 -1.645874323315855287e-03 -1.712019776272852376e-03 -1.208251193549566161e-03 1.206557308005089561e-03 -1.738779344120984505e-03 1.188213504670828161e-03 -1.106933918017948031e-04 -1.028851686355277415e-03 1.774023891317502450e-03 -1.417928795228142608e-03 -3.894823948646545055e-04 3.298927460968377186e-04 7.910239506155213778e-04 1.078293100028254042e-03 4.420157064693005697e-04 5.724470213266068383e-04 1.538139273220255705e-05 -6.699817506411942167e-04 3.012799365288254647e-04 -3.067372544880266408e-04 -8.663905675424446039e-05 1.158123790250866316e-03 -1.150536686416663273e-03 -9.248856376896144029e-04 5.361862900248408597e-04 7.780378977289069235e-04 -1.349006271669862854e-03 1.593278197571323072e-03 8.836678579454687729e-04 -9.131211665877707600e-05 -1.019752586434060889e-03 2.247155723629866290e-04 2.908866861802257442e-05 -5.031594551996951964e-04 4.441682657640384823e-04 -2.247272892450130101e-04 5.046945753117314986e-04 -1.012332035965872597e-04
1.476924021258280983e-01 -9.654768337061695599e-03 -2.210750369803610085e-03 1.391178629913854964e-02 -5.760111732416067082e-03 6.886266126175770615e-03 -8.525480434945817421e-03 -2.206826890780453580e-03 5.335689472450300249e-04 1.755178732723058476e-03 -2.460348711232957734e-03 -1.113616209858825411e-03 8.130818286690228575e-03 3.378991486077805636e-03 -5.368567394586357816e-03 1.233999040361079659e-04 -6.761960732712577263e-03 4.425165834433136304e-03 3.180977863171439903e-03 2.209264611206391280e-04 -8.776515360084414250e-04 -3.659860064769109803e-03 -4.756722581086779943e-03 4.200158946065524375e-03 -8.982359550436466191e-05 -3.456936649995497393e-03 5.108317695546597120e-03 3.914020288530809313e-03 2.071529415097125848e-03 -4.893125748951349628e-03 2.191355042844146932e-03 1.387073605620563850e-03 7.996847567848226843e-04 2.375302054525977626e-03 2.669716971754161443e-03 -3.039774659936472952e-03 3.967638729543131746e-04 -9.504269502507839678e-04 -7.853762233627191187e-04 -8.295176125974097498e-04 -2.701212806423498002e-03 -7.269076722782488557e-04 3.097983829323413662e-03 -9.355815585756141473e-04 1.904184896937380659e-03 -1.706093059937049570e-03 -1.404147816268577157e-03 3.743729989197818603e-03 -1.252628224691148054e-03 -3.792404172343105586e-04 1.969463630289631107e-03 -1.674509075057243430e-03 -1.961312733536532509e-03 8.487233259894228594e-04 4.699182171435876444e-03 -1.505299593803574977e-03 -1.583431112929458264e-03 1.313889622649467952e-03 3.025172579573139498e-03 -8.526093975170424442e-04 1.112681803493257437e-04 -3.880552498205113235e-03 2.476229728071319743e-03 -8.705958369406278539e-04 1.994707040313267125e-03 6.408849553657967933e-05 3.493920568346306835e-03 -1.337473226854957176e-03 9.604311015948875391e-04 1.352401437426288371e-03 -1.321752524525437230e-03 1.373855905665753762e-03 6.870722138744829541e-04 9.823628278750084260e-04 -1.929931975844664804e-03 9.125185523917760588e-04 -1.078354635426579121e-04 -1.464583313183764066e-04 -4.235285471196141550e-04 -3.913747068483426042e-04 8.637754988862260614e-04 1.105153798130939155e-03 1.351354687490733970e-04 5.675536926328975345e-05 1.376340553516503017e-03 3.036173879968924110e-07 7.053865912023479399e-04 -4.882764299597267834e-04 3.963033449527205527e-04 -1.275963896566922667e-03 -1.023649847143409631e-03 -1.300037277636083917e-04 -3.748988676314634477e-04 -4.751567310341705511e-04 -1.976682350291463918e-04 4.008502213209272553e-04 6.160228223421780006e-04 -3.221107408805880712e-04 9.644653427835536740e-04 7.971479890284229378e-05
6.577251588281536610e-02 4.698662857474672494e-02 -1.159627419083485676e-02 1.497743406059622549e-02 1.149017584242279996e-02 6.530870758075817649e-03 8.027361750129155191e-03 -7.337571983830615263e-03 3.598731473558234271e-03 1.996248236822089229e-03 -2.781591894518058074e-03 -1.740476523184434927e-03 6.052479146477525787e-03 4.017437919050180148e-03 1.240800954150547437e-03 1.782334719541743681e-03 -4.441305204026391694e-03 -3.386609631422018030e-03 2.157263860187542698e-03 1.250209168921402212e-03 -1.160187167341534533e-03 -6.257799567214060096e-04 -2.222185925677210884e-03 1.868596897768079858e-03 -2.620953221822288921e-03 -2.154926804088584929e-03 2.259205804941431567e-04 4.903609542887659703e-04 1.195263656268987515e-03 1.218414155529032273e-03 -2.690728378715160122e-04 1.104696452679574011e-03 -1.483370390187123355e-06 -7.911163022834000452e-04 -2.777300883934361378e-04 3.050898654057237428e-03 -6.888475269216996592e-04 -1.777441469378048303e-04 2.511750716770839932e-04 7.247650886839100324e-05 -2.249651704912931927e-03 -9.034233704766415386e-04 9.673989963901339780e-06 -1.879129959870747988e-03 -8.964241018187004383e-04 2.554009680947389935e-03 -3.070200025952425952e-05 -2.429674707706266142e-03 -6.862638644343010486e-04 -7.278570231999434523e-05 -5.929037833235257116e-04 -1.809050971773123106e-03 -1.895712798407772322e-03 -2.649626503086019002e-03 -4.580144058327732803e-04 4.133505723458564748e-03 2.246029765301667226e-04 -3.798282894931435645e-04 4.925932621934333785e-05 -1.779720300631336275e-03 -5.742164485560688134e-04 3.157699429692349956e-05 -1.339639769330763916e-03 3.911381363616367283e-03 -2.091032110928391086e-03 1.799665301288764759e-03 2.502499972259312599e-03 8.215537710250018870e-05 1.555851762480209418e-03 -2.076134615146609311e-03 -1.467182618376133320e-03 3.116815554196936491e-04 1.168029520169844380e-03 4.498704850358691085e-04 4.985697514245403510e-04 1.070594259506374955e-03 -1.037905377474581531e-03 -2.075079572198088463e-03 -7.316596583765841086e-04 -5.906032553106120445e-04 -3.588608739028875064e-03 -1.708000070514652377e-03 2.082938945787543008e-04 1.343513994749095551e-03 -7.260985660556992750e-04 1.238062365987327960e-03 -2.405565501985757349e-03 2.224690703048955946e-03 6.873710436310266235e-04 -1.195006485097117616e-03 1.060205798782980127e-04 1.012452929016158546e-03 7.240624699426037461e-04 -1.815605154890421319e-03 4.212771457623534798e-04 -1.315645577368616077e-03 -1.169304631637438883e-03 -1.210927549353283663e-03 -1.540046636760245002e-03 1.096733732275708079e-03
1.133789095475051974e-02 9.245136929815152976e-03 -1.124179761546486613e-02 6.649228314519222381e-03 2.475766010986850396e-02 -1.640066938967402231e-03 -1.100726637814579368e-03 -1.229668076160087171e-02 1.954456295859561057e-03 -1.524383791677004583e-03 2.905938202170467270e-03 -7.247483641446668227e-03 4.607458049130548627e-03 6.004800207859119048e-03 9.224997622347687679e-03 -5.718821490531605586e-03 -2.472611660244884366e-03 2.169609454314470019e-03 -1.218667815747420885e-03 8.407376146687305790e-03 -2.247939579484221906e-03 9.409313043842554248e-04 4.215096052463867876e-04 -1.687195252920515535e-03 -1.986294212613085117e-03 -2.268463457315109903e-03 3.300949460971413889e-03 -2.819020435665849089e-03 3.810626879068587463e-04 2.092094412902102338e-03 7.109193330658626978e-03 -1.310265448070409462e-03 -2.078436903808420812e-03 2.783796431085411565e-03 -5.713058700018576984e-03 3.420716385331483162e-03 -2.423722033736984676e-03 3.785893700370358741e-03 2.543250013230185548e-03 1.400917984853320645e-03 1.341498768245357517e-03 -4.362346455644840020e-04 -2.935008562193335956e-03 -4.512157664871349963e-03 -1.197915088007098705e-03 -2.301641204955164055e-03 -2.823945956534886902e-03 1.596030458095594299e-04 3.206276428261268987e-03 2.975450940084092312e-03 2.883017889520353948e-03 -1.037022880697429771e-03 -2.822542409507429201e-03 -9.692656252474365864e-04 -1.706088676808877524e-03 -1.564524343432834984e-03 2.658868520223378910e-04 2.104762513683070078e-03 -1.079534786678344044e-03 5.757917723750227484e-04 1.303523955161602597e-03 -1.724713714789711475e-03 -1.524408338422246923e-03 -2.936415253207361599e-04 9.423156384450891068e-04 9.508905012612107327e-04 -2.482291846588708609e-04 -9.518103231902864730e-04 -1.392931679559139676e-03 5.653697656669553215e-04 1.132589255601448353e-04 1.234585972699404378e-03 -5.147140109872803048e-04 -6.103582981605499332e-04 1.518583521303816519e-04 -2.017477439819796248e-04 9.586853531060844386e-04 -3.496573868530228584e-05 -7.976121222523854673e-04 3.235661456166664691e-04 3.895316219324048085e-04 6.741874054117883699e-04 -8.979290715979036056e-04 7.472015340053008792e-05 3.321963829975081543e-04 6.127822444883513329e-05 1.447673702848574495e-03 -2.549552232983671161e-04 5.381604327681600505e-04 4.526840317031666943e-04 -1.423254941546410652e-04 -1.285314703630761315e-04 1.412855566422803650e-04 8.480148011383793934e-04 8.637260657136866526e-04 -5.892043862516423971e-04 2.781002717492207657e-04 6.491636994859216773e-04 5.312746748623806961e-04 -3.840747663636299276e-04
9.784630002065521082e-02 -2.147910384553132143e-02 -8.829730925099225566e-03 8.527894056610058060e-03 7.427331913587013890e-03 1.174265178124604854e-02 -8.687015404131493215e-03 -1.354604585297779044e-02 4.870978391799874428e-03 -4.156239819042535123e-03 -5.290616158820067930e-03 3.387225859479552851e-03 1.132462550756672438e-02 4.106525543033897122e-03 2.170946526562476334e-03 -1.664201354538387715e-03 -2.569255335344011997e-03 3.650739868105234900e-03 -6.247069788032784919e-04 1.516004771447948107e-03 -2.236166746548524323e-03 6.446423588698104541e-04 -3.450762950085663368e-03 -3.341061965523238388e-03 2.592113481921382197e-03 -6.501889418303702720e-03 3.552176430379075898e-03 -2.222964052507612857e-03 -4.893068203969347472e-04 -2.963544358076611145e-03 -1.037266439801597497e-03 1.523280706160491313e-03 5.408338583399950042e-04 7.406493447220869816e-03 -9.326889047973694995e-04 -3.761688967900223522e-03 2.882421834863538139e-03 -2.734141506634670243e-03 1.555822112729265700e-03 -2.542118160100967101e-03 3.105789388455413962e-04 3.427188499466232979e-03 -4.376934007648993277e-03 1.681137960990661262e-03 2.115357708306393140e-03 -2.774206213170715869e-03 2.854867628424848699e-03 -1.147578279849491897e-03 1.459073289439665128e-03 -4.919137536525736891e-04 -3.160762770272372481e-03 3.457049188752739366e-03 5.324813644722401623e-04 -6.824590458814841108e-04 1.441147361200664475e-03 1.573645761598499362e-03 2.178994450543104630e-03 -1.809048472679448483e-03 -1.140279639264055005e-03 -1.068482672723360897e-03 -3.907213298907357833e-04 3.993627265139066546e-03 1.240482527321466006e-03 -9.793105172627844177e-04 -8.285107167405992385e-04 6.662485466147127300e-04 -1.256535358117070100e-03 1.403283208190150193e-03 -1.520884327939420752e-03 -7.206791729167974199e-04 -4.615040558244082520e-04 3.952759648470392318e-04 3.969236374453579265e-04 -1.451744220446510693e-03 4.728160807124304806e-04 -7.799386832194564727e-04 -3.124058109232447067e-04 5.848910334382995717e-06 1.467354971102091026e-03 4.240917080660364970e-04 3.591447723549928846e-04 -8.800666905402120205e-04 3.994538427554241745e-04 -5.887802376938644933e-04 -2.794341557964304524e-04 -8.817480540983347139e-05 -4.873706515577184138e-04 2.437838199817096143e-04 -1.428695787245504254e-03 -2.481171084236095102e-04 3.286624237952835530e-04 7.093857810521227028e-04 -7.408608631513376001e-04 4.615533183588253221e-04 -5.958154850781551340e-04 -2.889719769089793449e-05 -1.149696567916955832e-03 -5.404704733449811928e-04 -3.619512173862869274e-04 -3.752949330094573202e-04
1.199570888794369850e-01 -1.175828844299467782e-02 -2.509109684395811543e-02 2.034968387037576487e-02 3.733497537637421679e-03 2.202884346130323193e-03 -3.961363578949397835e-03 -9.571381484983631930e-04 8.321226032182977780e-03 6.348804188153420354e-03 -1.509882149845331823e-03 -5.067545323905508874e-03 -3.360123635823733957e-03 -1.482321484472936581e-03 3.164848478451836797e-03 -2.828442626250855015e-04 8.656915761157113736e-04 5.015655346290567342e-03 -1.797469012261882155e-03 -2.108881186171259782e-03 2.846594265946074225e-03 -2.825014719814314314e-03 -9.452134559590864371e-04 -8.869076248610116044e-04 -6.621918995793508057e-04 -1.031351137898229306e-03 -2.158741275609609832e-03 2.908301971027191235e-03 -1.835669386994937674e-03 -1.775148243249117510e-03 -3.699260665174065681e-04 8.228602410516838413e-04 -3.328105988261633157e-03 -3.594748676000023469e-04 1.787034631119263574e-04 -1.081221224915218659e-03 -1.361778454259169897e-03 -3.191751460886097565e-03 -1.951680929156872878e-03 3.472591456953882851e-03 1.219574172202115159e-03 -1.187072330954154660e-03 4.790094576516231622e-04 2.196326584279138273e-03 -4.370450860304513942e-03 1.865151581466699448e-03 2.146723282353709978e-03 -7.211317912803969638e-04 5.118327709037928837e-03 -9.205194285131188285e-04 1.072902114055362087e-03 -1.777617638889424437e-03 4.847562157338018403e-04 5.000225181887190708e-04 -4.745535970975236681e-04 3.368031179189305384e-03 4.515026485938474464e-03 9.896483405951871266e-04 -7.474390934362354442e-04 2.425160223615035766e-03 3.499701229702353519e-03 1.357282888095521459e-04 8.288279224252117052e-04 -1.686661716500654053e-03 1.374969740741761089e-03 2.324801630914633075e-03 -8.246541340695444974e-04 -3.536566136145558172e-05 8.395213638540807905e-05 2.075205509873172434e-03 -7.353251280846594129e-04 2.100618219588003873e-03 -4.924011127193822805e-04 3.854429373979691761e-03 -6.044183358306783830e-04 -1.407085575505273621e-03 -1.239631201921800397e-03 -2.000693875417792079e-03 -7.653328969550480740e-04 4.816186978861424395e-04 2.583378961982885709e-04 8.613410751862302399e-04 -8.643024625404174864e-04 -1.373760570267554010e-03 9.766863063476597436e-04 6.449440559884789866e-04 -2.167349350902910733e-03 4.948034256034960620e-04 -4.763510300195507221e-04 -7.854358636304285823e-04 1.120210153191748955e-03 -1.892984166463876870e-03 -1.539252575178202877e-04 8.840416675347620738e-04 -7.688408298839167045e-04 2.691862133288872505e-04 1.904084357356700770e-04 -4.466497654702775762e-04 -3.557302882072384948e-05 8.708810317121903812e-04
1.998424674398932479e-03 7.113255135881231539e-02 3.021390481856242941e-02 -9.716682738010087861e-03 1.108107640652169178e-02 7.898605957109467585e-03 -4.013264495793271783e-03 -4.074342781595432367e-03 -1.338945044982590808e-03 -4.266952086430323039e-03 -6.888023969385882392e-03 5.788550276101870479e-03 -8.114006889158720606e-03 2.977071048683802186e-03 -1.408586598189896571e-03 -3.259362778678288972e-03 -5.272136221674893035e-04 3.905197089672240995e-03 2.499979168660939211e-03 -7.214578480540332489e-04 -1.119706033781368832e-04 -2.582398546967809658e-03 -5.976810253921825775e-04 -3.379190386231784200e-03 4.314689116017032811e-03 2.712431971515901537e-03 2.337150801318192868e-03 -3.477109035054472600e-04 -1.846865345112549918e-03 1.935232750600676503e-03 2.059479440258759047e-03 3.149441239515861357e-03 -2.921323518706072861e-03 2.095078534786665690e-03 2.284585908405927304e-03 1.033008759139094008e-04 -2.680920511378548767e-05 2.333780477811655402e-03 -3.531315167902282504e-03 -1.272792059616890872e-03 2.733606227176079134e-03 -1.244369189975260510e-03 2.789724787600909774e-03 -1.640048317957391389e-03 -7.260830969871898794e-05 1.676573667227592834e-03 -9.731899134242991524e-04 3.134605789150488389e-03 -1.327316632302011790e-03 2.403798634269415862e-06 -2.073406968693803878e-05 1.595270570303485404e-03 1.013732112186698561e-03 -2.193910872572911366e-03 9.678977765438779267e-04 2.270762084083580764e-03 1.661466518621658103e-03 4.725654484118359689e-04 -1.201321907846656994e-03 -9.759134374013842287e-04 7.161132538420521883e-04 2.064791507681392380e-04 8.108684187733875654e-04 4.051187988399498029e-04 -4.359720919229403079e-04 1.862323348980285138e-04 -1.003184913231095193e-03 -1.017569225585262561e-03 -9.768267553412822261e-04 1.601640976753342582e-04 1.724472698423115897e-03 -1.163874055510655823e-03 -1.442475869025822957e-04 -1.185643411311607283e-03 -6.001014358554243632e-04 2.585475971367524016e-04 -6.334966252442746429e-04 3.560304852078075987e-04 -2.126934024408942399e-04 9.056543156498635463e-04 -3.694401523016564346e-04 5.282493916634986071e-05 -1.452411217122969800e-03 -1.656891893584491466e-04 5.276668833203567322e-05 4.315683461918333507e-04 9.483471263940887637e-04 5.154940614332882741e-04 6.661704999378465462e-04 -2.674365471041684661e-04 -7.329713822521001032e-04 -2.901272478682251268e-04 6.370454278595657398e-04 2.753058296335150388e-04 -1.067679798692708305e-03 -6.606978005670411736e-04 -9.866644246940006139e-04 5.435585406910049648e-04 -3.255406042483046888e-04 9.767217981251558653e-04
-6.639206573541574230e-02 4.074789709003284049e-02 1.747054455251509028e-02 -1.580502065795665739e-02 -2.708039418490748148e-05 -1.360545912526304200e-03 -6.844371133573576814e-03 -3.873961085799381039e-03 3.911712701282159428e-03 3.106593572455409839e-03 -1.797796473739646629e-03 7.501812932744017449e-05 -2.282294330262159016e-03 -1.107465652241456560e-03 -3.611682022658965589e-03 -1.134536564756419156e-03 1.969737888432005965e-03 -1.462996290365812168e-03 1.588824082101932857e-03 3.112947550962183892e-06 -2.830552334391025137e-04 -2.391659165897092477e-04 -1.955613020506102601e-03 4.014322262392767851e-04 2.362840200635957233e-03 -1.782310611532546014e-03 -2.963132961187101098e-03 1.788240912307505551e-03 2.439996847884738813e-03 -1.559946523983307687e-03 -1.146386260267380670e-03 -3.325923377927914628e-05 1.230953327486391429e-03 -2.862305750188258511e-04 -2.936045931296099240e-04 -4.061003883452708220e-04 1.462321186412410181e-03 -1.140725574549564594e-03 -1.232476901241694482e-03 8.832276952828987384e-04 -6.865901351018662696e-04 3.362337112169384423e-04 -1.190090060430048103e-03 1.174716141427056392e-03 -1.252019750624099384e-03 1.215155590599534057e-04 -1.504406894418053288e-05 -1.374988395375384073e-03 -1.185552542224956865e-03 4.956869923190023158e-04 8.435244739235862573e-04 -1.299369149116488126e-03 -7.228956880040091071e-04 7.127754375434796567e-04 6.716334817205381726e-04 -9.975715675062982418e-05 2.605325663429111584e-04 -5.364303378926373305e-04 -1.078338642718150919e-03 -4.395443348127876749e-04 -4.906698142703667378e-04 -6.453211449435439532e-04 2.551616804110923829e-04 1.078809339461979398e-05 -1.607347806102912575e-03 -6.661067612108711056e-04 2.177199908357908907e-04 -1.054733180139253096e-03 -1.029496069914693146e-03 -7.464950837886123475e-04 -4.148206217191601386e-04 1.363714448565286506e-03 -1.367158093068096460e-03 -8.789597822946591853e-04 1.402574359260071093e-03 -1.074507527557469651e-03 3.642122316361551780e-04 -8.303932368199435548e-04 -3.801691060661868378e-04 -1.101705653621451800e-03 5.577385207400794263e-04 1.046964088262853677e-03 -1.415707385014154662e-03 1.707289563730825330e-03 -1.228113066541460787e-03 -2.029670845077857484e-04 -5.862541560875697642e-04 -4.355414757074191177e-05 4.680915213677194655e-04 4.913993366018398279e-04 -1.361689610890467409e-04 -5.590711218983938999e-04 4.195028536838007701e-04 1.617858744084993720e-03 2.401639261000346019e-03 -1.484818856356662881e-04 -4.754160975731898061e-04 3.421743917434183241e-05 6.220634377989242396e-04 3.455108708845766076e-03
1.023448806872456207e-01 4.846297777315375366e-02 2.370114253110293043e-02 -1.215059543388907239e-02 5.954067926954499657e-03 1.231227372483410971e-02 6.042373217286664544e-03 3.936148771834712019e-03 -3.567893977370365562e-03 4.697327561735074853e-04 -7.463065146612453361e-04 6.499588561042782264e-03 3.151516351507364054e-03 -4.890065729681914580e-03 -2.302264117501570586e-03 -3.322363630223799198e-04 6.032329537443913495e-03 -1.071481758959929730e-04 -2.703724343696349390e-03 1.816158236949098155e-03 1.356700158408066792e-03 -1.725338502044793847e-03 -1.609593925689417789e-03 -1.632713781471865563e-03 8.746575044948824316e-04 -1.574883850529036752e-03 2.288548045497110044e-03 -7.061087143618188268e-04 -2.949317078078691318e-04 1.552723744133850073e-04 -2.579963235974883085e-03 -1.008298085298634395e-03 -5.528205656759305588e-04 1.996937899095529696e-04 1.351003307856491744e-03 -1.145044352575438744e-04 -2.603268012012573823e-03 -9.297716469418088525e-04 -5.248455208593841813e-04 1.465221065217530111e-04 5.130974249880862915e-04 -7.054982211286271688e-04 -6.427471921628565271e-04 5.525414168578262871e-04 2.021772034629774087e-05 -9.648176560809004114e-04 2.064541961787748001e-03 -3.470085119762728303e-03 -1.443632435583221867e-03 1.453645295530757138e-03 1.875587980730091930e-03 1.910612594896111223e-03 -3.961354873518603201e-03 4.206231474286450771e-03 7.671825203744751060e-04 9.548338447069788001e-05 2.292633690403801921e-03 2.582886108880363442e-03 4.787749051536618321e-06 2.574138105500404540e-03 -2.923246660935260085e-03 -3.456137283944180094e-04 8.461034403832675722e-04 -6.062931651626955222e-04 -2.184124765010817242e-03 -1.266734664502963551e-03 2.785468007123239643e-03 -9.675716904986647257e-04 -7.218096078522583418e-04 -1.161124930639014776e-03 1.103121589893620155e-03 1.768234076308857058e-03 -1.753464875909212716e-03 8.944835714713233413e-04 -4.935081433902981487e-04 -6.140448890576859827e-04 1.283661765710273576e-03 -1.030774045518945310e-03 -2.232632015589721807e-03 -6.825241169614902972e-04 -2.816931864011970859e-03 -1.850225825807209120e-03 -5.890124816348807184e-04 -4.688449654691936321e-04 6.396644165424682899e-05 1.297255772762177795e-03 1.306373231064851710e-03 -2.055691276832844524e-03 9.093277975925652932e-05 1.575265221821474989e-03 9.221059398763083951e-04 2.260571763458260922e-05 8.675925277657293500e-05 -6.193014678924226675e-04 -1.365456069354773361e-03 -3.403665039476357784e-04 1.399569561857567012e-03 1.156655066750249348e-03 1.312024854943636895e-03 2.178340429259199547e-04
1.403936134236082600e-01 4.211187357716523333e-02 1.777648170996478511e-02 -1.001847906597432177e-02 -3.411140712251567626e-03 1.262871249530375835e-02 1.084737533675602002e-02 3.698653239466746984e-04 -6.265249792349656885e-03 5.706583285384552243e-03 4.193535331801279999e-03 4.967674304753050968e-03 1.111871815874601122e-03 -7.000485196610999918e-03 -3.470432167026653216e-03 2.872622510269700323e-04 8.706940822630817450e-03 6.182282961834009564e-05 -2.567609441754542879e-03 3.069353162541335351e-03 -1.867176094307055126e-03 1.294107251809887681e-03 -1.117933877107858990e-03 1.765420903577269397e-03 1.085335899499014108e-03 -3.132748523897534599e-03 8.318824691757754214e-04 -1.633157034408780177e-03 3.130642212205912885e-03 7.389198016637127256e-04 -4.604174574051950934e-05 -8.833661990555530859e-04 4.261645200604580359e-03 -2.612025231129716518e-03 -2.359234478182692211e-03 1.641839956710580304e-03 1.277520488832413655e-03 3.353231565338728442e-03 -1.483559205901951918e-03 -1.004735933193815281e-03 3.605312498935977117e-04 5.445412142466471081e-03 7.014271118164356862e-04 -1.544708739249610416e-03 6.593941197064640295e-04 7.240684321291414099e-04 3.861576739151435615e-03 1.972660478531334128e-03 5.678495031934178809e-03 5.524157037510177282e-03 -6.915898818822380743e-04 -2.168135287600509234e-03 4.259673316447691246e-03 -2.802045088892836204e-04 2.948518582884189932e-03 1.059202532943026760e-05 1.316090817174043505e-03 1.632112345258448095e-04 2.359595396549447226e-04 -3.083406440342714890e-03 3.750422647667289592e-04 -9.963732579197880079e-04 7.189777482815820804e-04 4.415423326161406936e-04 -4.516656189456674710e-04 3.083039606763408273e-03 8.207910209518320347e-05 -1.993288037889688418e-04 2.018078725066215807e-03 2.686915228625998565e-03 8.833978632621744846e-04 -1.701554232456134073e-03 -4.926658266036048665e-06 -5.341639544116471953e-04 -9.963373674902072357e-04 -7.206057829535853507e-04 1.308615182421391313e-03 5.559478525383102334e-04 -4.310397612319334226e-04 -8.809442527996541898e-04 -4.276159320914331755e-04 -4.012921003857608808e-04 8.117817585072436941e-04 2.394604707488544358e-04 -2.721885391059574228e-05 -1.311327288318305147e-03 -3.245590523188719798e-04 -4.242812842310005918e-04 3.690259413145884895e-04 -8.464568670489315549e-04 1.991372353757447477e-04 -8.183711324380500305e-04 -4.539403607289663450e-04 -4.936652175609928866e-04 1.811213296782592907e-04 2.746432299572488600e-04 1.907274439361791505e-04 -6.654093925178914792e-05 -4.809646746653943638e-04 5.742552868157658769e-04
-8.009795887660163538e-02 -1.337882037290165534e-02 -4.031394255879186539e-02 -3.770491005345599344e-03 -3.353930392319964468e-03 -9.238924017817386810e-04 3.405926061816937946e-03 -3.461057884236165214e-03 -9.945321300517291629e-03 -1.321922967990414935e-03 5.267014341740131186e-04 6.725359828961330116e-04 7.781807821890387522e-04 -2.008506825604231699e-04 -3.121621192638764086e-03 7.060555557595996111e-04 -1.204532799386149418e-03 2.358364970895655919e-03 -2.685087874865692975e-03 -2.286406540314072180e-04 1.768287022769506446e-03 2.800777553160586084e-04 1.576724438834508279e-03 -1.057489416093399290e-04 -4.726389870445606655e-04 1.432205654960267858e-03 9.069866397185233050e-04 7.661311428619855613e-04 1.306507992721797932e-03 1.433821642591277118e-03 8.489503304675439632e-04 2.381012902930274933e-04 4.505336224650858547e-04 9.483266130687941766e-04 1.620056645010890600e-04 1.697500851511863197e-04 3.676864138631677384e-04 -2.372045525177873826e-04 2.084059677412135477e-04 -4.308605644663368226e-04 -3.548473845477973995e-04 -2.245122987179646245e-04 -5.648693467957816147e-04 -6.767261740566841034e-04 1.244552010594963498e-04 9.527858771934306784e-04 7.888372485512972228e-06 5.711398352042677470e-04 -2.153503128801895878e-05 3.950609478603674270e-04 4.493531916252456655e-04 8.494093304516637253e-04 1.681694758229524322e-04 -1.041596246411401937e-04 6.482094769287183745e-04 -1.827760088203816535e-04 1.149421528415831787e-03 4.231269411594428204e-04 -3.641742412351325507e-04 1.246127602474255249e-04 3.179901764938481649e-04 -3.960367275530044429e-04 7.235035392004333242e-06 -5.531030573834391393e-04 -4.232120336076594202e-04 -6.189388433563518515e-04 1.463269860830521618e-05 1.033576197489891870e-03 -2.463855671407304900e-04 -9.962279563221409714e-04 -5.912528534582400710e-04 -2.847983793570357000e-04 9.167398911910239374e-05 -5.986419286117553246e-04 1.492411574095284027e-03 2.968380038530543837e-04 7.865194494660232745e-04 -9.190071486232183383e-04 -1.653946766838091070e-04 -2.089294625267990382e-04 -2.490449193443829457e-05 -1.164133281118346432e-04 -9.770357112945460623e-04 4.224860045316280229e-04 3.139464791841833869e-04 2.393764170532376950e-04 1.558979256395898541e-04 4.507057805588547228e-04 1.019260841275696590e-03 -4.545448927550422322e-04 -4.944143747856833771e-04 -8.249273231417308331e-05 -7.284891257685810668e-05 -2.665483928328449986e-04 -9.531424202029359263e-05 -6.280905652844791232e-05 5.430720402004560491e-04 6.337650122762011071e-04 -6.989602307224768120e-04 1.462253172155502257e-03
-7.864028195668465449e-02 -1.572040911294529664e-02 -3.821806921402778889e-02 -1.260561384967726420e-02 -4.587597045330720630e-03 4.957086870906989191e-03 3.684225320290648344e-03 -2.921728888283716286e-03 -6.359405399167493596e-03 -1.764214630501228977e-03 -1.244809114967726732e-04 -8.542272130654691769e-05 8.826988332655146506e-04 2.461178632791794396e-04 -1.924975316371196812e-03 2.408445628116591235e-03 -1.693390856495974968e-03 1.910081788610689009e-03 -2.664752267547121443e-03 -1.195955020314704628e-03 8.962332701003822419e-04 -2.685580436128262539e-04 2.071162685605802255e-03 -1.919624619229945298e-03 -4.493890523279801276e-04 7.862502148194486359e-04 7.433864248478494604e-04 8.113842214511837346e-04 1.448885476291105097e-03 4.944459040987736432e-04 -3.952731079274703139e-04 2.622974401622353135e-04 -2.444534843818973297e-04 5.646534711589864218e-04 -1.365457319945460196e-04 1.289525139464016640e-03 -8.059306031887965760e-05 -1.378798973539769452e-04 7.912770460246849923e-04 2.704326160430535128e-04 -1.814168742709448313e-03 -7.385301023161846233e-05 3.326461682345550571e-04 -1.531474699790615112e-03 6.506573884747136752e-04 -3.095288543082630564e-05 -1.769143373973590958e-04 4.755463262379427242e-04 1.328429500592703686e-03 -4.965855069218800318e-04 2.958771886285509298e-04 6.034758689195929802e-04 -1.776238508302792677e-04 1.068115296407457757e-04 2.736466789900898495e-04 -1.110800249727169150e-04 1.302847384918227056e-03 -4.423715481669090511e-04 -8.501427392675893035e-05 -4.002779387542234344e-04 -5.019153387976284285e-04 -3.431469481086160960e-04 -4.138707620385951962e-04 2.889480322344636595e-04 -4.222487624846782200e-05 -8.409419441533540207e-04 -4.317479876759789244e-05 8.221380664246892437e-04 -1.250788671001810829e-04 -5.421914595299706348e-04 -7.771062650034012316e-04 -7.330773998860613859e-04 -3.832985136080529131e-04 6.772789475734617424e-05 5.318649034931976311e-04 2.161057818327453191e-04 3.129529083347076563e-04 -1.308700083860066992e-03 -2.192395238179759530e-04 -2.329178229107604957e-04 -5.090137478979887657e-04 9.322358256888701490e-04 -3.953999608263725121e-04 5.909864661717149957e-04 -2.492735329684857477e-04 2.876230510926324380e-04 1.675402817467178194e-04 -4.717676302451122815e-04 -5.331746115947509325e-05 -9.768021869293500405e-05 -6.217161233489698407e-04 -2.307816040014041745e-04 1.677236939538090691e-04 4.355168634722467159e-04 -7.334773706152220626e-04 2.623611799706571015e-04 8.195766575159070923e-04 5.865370248066975340e-05 -8.436088668773650615e-04 7.364479218272247879e-04
-5.251364757177749004e-02 -2.327367501122270046e-02 -4.001375912256684153e-02 -1.386782210578384363e-02 -2.074711960924568999e-03 1.264154097902995232e-02 2.903256740631893380e-03 -2.036505895653355387e-03 -1.910872890301153855e-03 -3.880215125976595267e-03 -8.674011279728449523e-04 3.041344008714527442e-04 -2.950824132591752576e-04 1.727913013178325160e-03 -4.920107289712382726e-04 3.715315519789189405e-03 -1.393330472229012537e-03 2.223700022180562512e-04 -1.025947880913596118e-03 -1.836954673576248398e-03 1.267472659462649375e-03 1.201126872229476422e-03 2.820874623227746878e-03 -8.398077443991542202e-04 2.631138111803309112e-03 1.275801520844746908e-03 -7.296689419314349168e-04 2.061077249319635818e-03 2.371640299200965599e-03 2.193853438896157051e-04 -3.679442557949861442e-03 -3.708960579215814387e-04 -1.284857241447424046e-03 2.190997706215441678e-03 -6.252890020367373250e-04 6.717809806030185672e-04 3.145693971528861019e-04 1.673821115178293585e-03 -2.890179766240768850e-04 1.178943947325201795e-03 -2.668838219853708789e-03 9.099688293146945394e-04 7.490212354302362837e-04 -1.529070185800998497e-03 1.373623440027473691e-03 -1.486116836935456702e-03 -1.270458885553080002e-03 -6.588511452889230478e-04 1.772132613815216801e-03 -8.649552688753659162e-04 3.926472989153140334e-04 -4.196044814826356247e-04 -6.322026956612973418e-04 -6.246625201163370474e-04 -1.594844532995102907e-03 5.261839011914605947e-04 2.210069485045879165e-03 -1.294667695842482156e-03 1.285822873051138812e-03 -6.103509943703872009e-04 -7.612005927900576717e-04 -7.594306403107002525e-04 -5.963067517699853536e-04 4.105292939583932979e-04 1.299107319313005807e-03 -4.810751802585689604e-05 -5.120035999797666309e-04 1.879933128536769851e-03 1.098812229449880329e-03 1.476106425911191330e-03 -1.061715387644036196e-03 7.143753482199145495e-04 -2.253673124097887222e-03 2.147788438618792074e-06 -1.410849742369679445e-03 -3.294130634194550973e-04 4.969216612429038513e-04 -4.662903473947464968e-04 -9.463995447280763428e-04 1.368188323765041469e-03 -8.341181853628538761e-04 1.697404520729158591e-03 3.140152355203346991e-03 3.847584327680292761e-04 -7.214138120027681518e-04 1.003901267916880490e-03 -4.957824362238688262e-04 9.887852742432155393e-05 -2.613065431175273789e-03 2.516376999915877384e-03 -2.660063525786146663e-03 -1.604191252799828200e-03 3.983048539969759869e-04 -2.016150720899117718e-04 -7.028678039017107479e-04 3.303186890026897724e-04 1.064179807704457303e-03 -1.054627775978150101e-04 5.764300724565812710e-04 -7.593125083710973314e-04
-4.155856484840187576e-02 -3.360095889912069478e-02 -3.911719720901156438e-02 -1.142551407213965829e-02 -5.055643698452051476e-04 9.939863464549572591e-03 6.312519190803019160e-03 -2.133052294289270335e-03 -1.338734586215585684e-03 -6.196285749980876174e-03 -1.478933351018529114e-03 6.200485345713325092e-04 -5.349079183323986707e-04 1.184882213250021106e-03 -2.043258979372952148e-03 3.930210448796077512e-03 1.285484796730130099e-04 3.600900774549719695e-03 1.773799509638147170e-04 -1.407130422096255227e-03 1.739684376928881141e-03 5.151054760681313908e-04 2.297643900453175819e-03 -1.038330896661956776e-03 3.187677241874281326e-03 1.979432672570527636e-03 -1.359058454058110783e-03 1.793536179950529176e-03 2.237984527696899786e-03 -1.610444549724203257e-05 -4.736642151676108414e-03 -2.987428524963776965e-04 9.501385864836768384e-04 1.697115901199295219e-03 -4.029538572439298263e-03 -8.458904513635070836e-04 1.133220652136994683e-03 2.122914430090759065e-03 -3.276089519002570779e-03 2.011335349034267580e-03 -3.258086149546328761e-03 8.528678713192545859e-04 2.038525793483201252e-03 9.251460630048976945e-04 -3.064603954455414280e-04 -2.175978447636835005e-03 -7.778009362201510329e-04 8.067110877646646713e-04 -2.573970845257932409e-04 -1.435700127792800308e-04 -4.470789630311769978e-04 7.260601740064924264e-04 -2.457957837131086870e-03 -2.530155375470741165e-04 -2.079455660003344097e-03 -1.264128690505533445e-04 -1.307222294458404194e-04 -1.185536326648273481e-04 7.194205581208797193e-04 7.432951973191144349e-04 1.444003835630752221e-03 6.654190033393722831e-04 -1.239570739716479644e-03 -2.576681596498370383e-04 9.446237867847200693e-04 2.419883829388395479e-03 9.832771484810902006e-05 -8.825936265420234340e-04 1.622023209028650289e-03 -5.041779130423198856e-04 5.358627877746053279e-04 1.043062406626029488e-03 -1.536787746160676394e-03 -7.803795102107806241e-04 -2.574365571591745623e-03 2.731000574910072594e-04 1.336261981541507190e-04 1.961204230339317744e-03 -1.102448565819957605e-04 3.993961199768943007e-04 -5.348437896163024804e-04 -1.689928296487548318e-03 -3.596991283751589186e-04 -1.079400614743319047e-04 -8.585714526939562175e-05 5.051273542632317773e-04 6.752559824694565234e-04 6.948533209561396458e-04 4.208906804021752656e-05 4.671837791590569109e-05 3.274571918763712563e-04 3.968706684401446120e-04 -6.561719287334581837e-04 1.502424731211341510e-04 2.128578645621036994e-03 -3.737914713052496556e-04 -1.456244260563326108e-03 -3.111233720250422921e-04 8.277348484060304337e-04 -1.783497647952700111e-04
-4.862868934759025097e-02 -2.733679717807857221e-02 -3.042131747947637507e-02 -2.298135347828301946e-03 9.416330356565872847e-03 2.621147828072824173e-03 4.962525768141705373e-03 -1.566672138735485846e-03 -4.412264042240959805e-03 -5.583410553444529377e-03 -3.891705811359873896e-03 -3.865736795968149724e-03 -3.385853407200441634e-03 -3.807176992238431399e-03 -2.238503833960634685e-03 -2.262078017672683027e-03 1.408871004398869848e-03 3.858080366783329680e-03 7.748524645666872305e-04 6.241650080294411373e-04 -2.938471467385190671e-03 1.878145289825908183e-03 -3.801166973125306818e-03 1.010232529639044008e-03 -2.272402024982476617e-04 -1.518146051297751260e-04 -1.730927236750538821e-03 1.449238429443659064e-03 -2.140249697833538668e-03 -1.190688876195152750e-03 -7.142085708481073127e-04 -3.947184882701063567e-03 -3.653740211681292226e-03 -1.054552776664475621e-03 -8.851502199104713644e-04 -2.862322480976732877e-03 4.632379115233772882e-03 1.157826230409616554e-03 3.030268992282252917e-03 -1.735983370727464756e-03 5.388766139645933401e-03 2.230334090928919825e-03 2.276077817392139075e-05 2.091692085782856109e-03 2.481930109378494790e-03 -1.321876308438903148e-03 -4.308016990485241150e-03 9.783350444130902747e-04 -4.670184728648937595e-04 -8.030280490792345287e-05 7.197361578102245321e-04 -9.608107499453219730e-04 -5.341282001547359177e-04 1.956298958143193778e-04 -9.517005829303594585e-04 1.518062874871556637e-03 -2.325975280823415774e-04 5.006885615373073226e-04 1.561283477079717210e-03 3.304688874888284719e-03 -3.156102795146653963e-04 -2.027505604182689748e-03 8.403756529820462316e-04 -2.191303451786291668e-04 -3.076840539400104400e-03 2.311264573896744574e-04 1.638217460665221869e-03 2.325190781326163039e-03 2.634578027958566285e-03 1.531131101479856014e-03 1.876172696772112833e-03 -1.697054169335750857e-03 1.037982502651405969e-03 6.589074236810035009e-04 1.230308996596596966e-03 -2.382835384046038275e-03 4.331639586337913527e-04 -1.705458178660105347e-03 1.274356903094043050e-03 -1.654578846130225211e-03 2.741820488447242027e-04 9.458813008218199068e-04 1.707373726102331566e-04 -1.093049122258492030e-04 -1.742165066839309858e-03 -1.005425581719233890e-05 -2.179914467235474025e-04 6.577021896181461892e-04 6.134519389575633858e-04 -4.736086924824036500e-04 -1.082850983167299989e-04 -5.264653931120208494e-04 5.658883840875626042e-04 4.063875754555342683e-04 6.634095863385896640e-04 -1.732664861480723425e-03 -1.019019168954166544e-03 -9.726724722962200916e-04 -1.136764756705887777e-05 3.291054199846718781e-04
-7.698039504656671583e-02 -1.600390116644768296e-02 -3.043089704817436222e-02 -1.031936040119224574e-02 -4.010862465918027704e-03 6.926694883970851979e-03 4.835641673077449576e-03 9.263418161949639506e-04 -4.700580446216629828e-03 -4.808006485332924108e-03 -2.281305968770563734e-03 -1.465839079288367786e-03 -2.669658949247841022e-04 -3.549557526252354687e-04 -2.465075388646749497e-03 -1.528852940080789504e-03 -2.044339238774354941e-03 1.293540922357222425e-03 -1.364216080940893003e-03 -8.722366473975128520e-04 -1.038158165320185455e-03 1.032951703232206676e-03 2.022969824884017324e-03 1.341558460769891824e-04 9.696426492581890384e-04 6.456413617425430049e-04 5.063590084697790856e-04 4.191115356699384254e-04 -6.719513680744532451e-04 -6.130405184742980258e-04 -1.261300809420823690e-03 1.100841422872827656e-03 -1.371104208282081629e-03 -1.037385474423952207e-03 -1.343702884486402092e-03 1.911770608690351839e-04 -1.540858570615758838e-03 -6.425436714489348410e-04 -8.020296890211795230e-04 -1.353645822428530552e-03 -3.917206188144619359e-04 7.178386940624674321e-05 2.336944460952255402e-04 -7.397373199030403326e-04 1.996093840770377310e-04 -6.182312899931262026e-04 -6.516011017395348989e-04 3.668398346774849952e-04 1.879261963437788225e-03 1.322713183795890446e-04 -4.734209073612771957e-05 7.546752666729722317e-04 2.954303392889885151e-04 -4.513737689718067794e-04 4.004301954543818052e-04 -6.621810207261800713e-04 7.805041971944633476e-04 1.096514891244767045e-04 2.066405116820838701e-04 -2.613348243601685086e-04 -1.945923830899251214e-04 1.000236994859836354e-04 6.565508389882335899e-04 -2.443522522568156771e-04 4.374385784983438009e-04 -1.134255556395488305e-03 -2.261232553460609221e-04 1.592893031241638573e-03 7.138058516968138513e-04 -4.702239158136747063e-04 -4.872816364329728904e-04 -6.785003645656589779e-04 3.016919569812044066e-05 4.771430972338253432e-04 1.528320418787166028e-04 -8.760442465787636500e-05 1.236564848233935240e-03 -7.034010242332188216e-04 3.170311377271164488e-04 2.769393593033169431e-04 2.284980448873296863e-04 5.615133690613696021e-04 8.439964086819717697e-05 -2.485524823658734014e-04 -3.760676475548228631e-04 1.009426373003428608e-03 2.014839371906034925e-04 -6.045125642522389693e-05 3.724977614007337029e-04 -1.795124190358545434e-04 -5.064985405617151559e-04 3.170381762780596501e-04 -3.878198461585757374e-04 6.492247826750120439e-04 3.377699851411199096e-04 -1.045080780666927901e-03 -3.969055821814655477e-04 3.480613387902872064e-04 2.001786350924010798e-04 8.366833492439886130e-04
-8.837213345621559857e-02 -6.623255723677050344e-03 -2.949513122135464724e-02 -1.040798015774332258e-02 -5.478437234760286795e-03 -6.094355383296964348e-04 -5.282274143296702734e-05 -3.467194330303745558e-03 -7.204675384498260282e-03 1.947764624134611881e-03 -3.853690309603252996e-06 5.846454046831483847e-04 1.784199061105459436e-03 -2.230152450657299620e-04 -1.735400170054449533e-04 5.743748701608123694e-05 -3.730698170821911477e-03 1.434364647058008774e-03 -4.001765525883764496e-03 -7.261965530138842764e-04 5.459863159811476939e-06 -4.734849700877104739e-05 2.223191873211249198e-03 -5.374051862214314183e-04 -1.618795281681816240e-03 3.305054912859993845e-04 9.480998743028590508e-04 3.842018059466203441e-04 5.721546806013980726e-05 2.096817653419486439e-04 -1.425168717801784035e-03 9.731669229520160556e-04 -2.842710279336664505e-04 -7.330564808414625089e-04 5.430320617768579763e-04 1.882791116371163118e-03 5.267849421784039158e-05 -4.395252349910415087e-04 1.008043632034420458e-04 -1.182216193982482677e-03 -1.161751435337905411e-03 -1.658643067371753422e-04 8.706944065481627380e-04 -1.325981543201547276e-03 4.146881653819585326e-04 -9.984655316154502584e-04 -3.281215858421011335e-04 9.733560344745903741e-04 1.990081154178700504e-03 -4.262716343770550490e-04 -1.364827288376628284e-04 6.079453870668547312e-04 6.734970496965783475e-04 6.183550471787238839e-05 4.905296955569666975e-04 -7.635848062755156308e-04 1.522711329248195708e-03 2.962878368216243690e-04 -3.989433473389256525e-04 3.645288435705886843e-04 -6.355568094119300702e-04 6.894818520502621947e-05 4.906098125258717040e-04 -6.531152910385247252e-05 8.596229123087233213e-05 -1.261902510545487906e-03 7.360775373579131237e-05 1.339398263497680380e-03 5.715380229381538876e-04 -9.415283736084937129e-04 -7.183883332512212491e-04 -1.011180341280509690e-03 6.156123565625915733e-05 7.335243584430034070e-04 4.739621181317548934e-04 5.664389161184095944e-04 5.556775064259143054e-04 -9.685625731512911450e-04 2.779168987208687348e-04 2.458908908036671779e-04 -1.656023553460504001e-04 5.746898171712589093e-04 5.445363239859859128e-04 -2.922413723743541667e-04 2.735051777014402779e-05 8.592363715253606990e-04 5.083649954737542233e-05 -2.248816797338645628e-04 7.141791101705095228e-05 6.062782461231582291e-04 -1.872849440682901681e-04 -7.810889499852057211e-05 2.442398760535030599e-04 3.241368098931249916e-04 -2.656409979375093052e-04 -6.630929798371201864e-04 3.012504285728249921e-04 4.767123027249780187e-04 -8.362690687156121381e-04 9.365310058746861496e-04
-7.495918473111488900e-02 -1.114739946633458607e-02 -3.833968028666596972e-02 -3.677377550785373810e-03 3.145923540492691090e-03 -4.028389522315304998e-03 2.134440981399538927e-03 -4.708267785773769323e-03 -9.571754662662029442e-03 3.333763546890754475e-03 5.176956833177309399e-04 4.338112302905185180e-04 -9.070301036764171366e-04 -5.383576464945544465e-04 -2.933749318941848119e-04 1.201869219236695796e-03 -4.726967866094327437e-04 2.976801168732531259e-03 -1.254443055240216315e-03 -4.940679821770092633e-04 1.329555635346606549e-03 -1.344304250788851867e-03 -3.681927851379036810e-04 -6.887109066869409515e-04 -2.001992975891723949e-03 3.627683913009368096e-05 2.169691224571973932e-03 4.956978755044248383e-04 6.864402606428716188e-04 6.613980352092496857e-04 2.845115323322930335e-04 5.077826865330311874e-04 2.094799804121402764e-03 -3.253849254544405258e-04 1.658449460138007765e-03 8.388598389581521488e-04 1.293876030843675281e-03 -1.476603748411425441e-03 1.397835598793967585e-03 1.075127314553281799e-03 5.195313366541029883e-05 -1.443962778052577034e-03 -1.554768662677661435e-03 4.577021388421332552e-04 -1.721399484231846654e-03 5.141290035486786002e-04 1.374320871956556493e-03 5.655906213836788161e-04 7.748733353855866320e-04 6.036330426018435063e-04 1.075249792941514008e-03 1.875317482500742962e-03 -1.203218225021697820e-04 1.567267039304176676e-03 1.447081512348556611e-03 2.411243715775065067e-04 -3.045175013143378863e-04 -1.142998082018331250e-03 1.013716632543850858e-03 -7.732549611063780975e-04 1.398241258464315642e-04 -2.577295503908414625e-04 -1.266261411052215348e-03 6.859273148084603540e-04 -3.455894225375638444e-04 -5.079176336751904273e-04 -1.557857770498165435e-03 -1.018529671921319371e-03 4.297784313176591779e-04 -9.722476080688434094e-04 -9.075819562983975354e-04 -6.201740880589429791e-04 -9.436867335030399949e-04 -5.701040165324573576e-04 -1.362296130022911528e-03 -1.151384795959408064e-03 -2.148363280016325153e-03 -8.000238375532931802e-04 9.857853549411423229e-04 -2.020959961811265304e-03 -2.149040565628810347e-03 3.843761065772682665e-03 -1.192981960803364463e-03 1.070443553052936913e-03 -1.309975341187780075e-04 -2.501212711342428157e-03 4.710546646136814109e-04 8.163247054838335690e-04 4.742105150735607087e-04 1.571456486657342617e-03 1.332021007855024918e-04 1.509309337168360634e-03 1.009510300849633538e-03 4.817820206554370940e-04 -1.794620536295619972e-04 1.913298063542332058e-04 -7.766299810133247541e-04 8.039015414865905785e-04 -6.309242323423051098e-05 -8.813753538490033722e-04
-4.965590680882690094e-02 -3.086565346912401378e-02 -2.991642670353052494e-02 8.251351245716990676e-03 1.373563495444186933e-02 -2.440363598476092834e-05 3.462238808568488500e-03 -1.882490646645946760e-03 -1.092143426519275561e-02 -5.677950855212191830e-04 -7.920548762859596151e-03 -2.285525865885623675e-03 -2.303637867824794537e-03 -3.416486211459702008e-03 -3.617841976682736101e-03 -9.413362848002764351e-04 2.289582788290823751e-03 -1.822814861591273662e-03 2.696246217681350175e-03 1.109307276296822358e-03 -3.172080021306876267e-03 -2.912821603770144241e-04 -7.734501666662927082e-04 -1.041069542185519073e-04 -1.234994207649072308e-03 -2.465347970181256732e-04 -2.959092368542146859e-03 -9.002326807221866772e-04 3.306068278702395911e-04 8.072022207909218148e-04 1.491785338423777313e-03 -1.825887032069078725e-03 1.595192708482898430e-04 2.563388607134571562e-04 3.934114619119202794e-03 3.586184795478495647e-04 9.910322504163870429e-04 -2.861096052419139272e-05 2.331105864753904751e-03 1.469699742116331587e-03 4.556916106419332162e-04 -3.102546360837569431e-04 -1.092295859206372354e-03 4.476230063417632895e-04 5.079997042594478233e-04 -4.451068365576842534e-04 -4.207499184666367771e-04 9.965648617622070802e-04 -1.558918386630176942e-03 5.922059612817045723e-04 3.290243502448508351e-04 -7.660484403153996688e-04 1.127372900288962487e-03 8.280027271192553140e-04 9.954809253446680536e-04 1.283167490669322435e-03 1.160434013356974933e-03 3.584993354646748352e-04 -8.305344298658440521e-04 -6.044862795368381204e-04 -4.139309411010765874e-04 8.450874114247484449e-04 -6.510274682186427712e-04 -7.154482868855546306e-04 4.904458580801869267e-04 6.880602818696720212e-04 -5.359131031203711324e-04 -6.566645138985273021e-04 -6.809805822644936484e-04 -3.849671056116614541e-04 -8.374349617271782198e-04 1.135836151110681787e-03 6.513140996079408787e-04 1.166685605080808857e-05 1.315278867673666761e-05 9.173236566873596001e-04 -2.621755425213334839e-04 3.763290751280466955e-04 -4.895753630639144505e-04 1.137802682952978066e-03 -6.395317379806978321e-05 -8.437850238689334134e-04 -3.793731331453010602e-04 4.912554919625565335e-04 6.251694265314656010e-04 1.274754299724258229e-04 3.011502397619385762e-04 -4.314763834081948145e-04 -2.004972740248382225e-04 -2.987545319161936334e-04 -5.928926231853926681e-05 -1.706100722285070241e-04 -3.380063769289497655e-04 -9.984861521651511741e-04 -6.371641609304310502e-04 9.109470406184747883e-04 1.267582585857145953e-03 6.380787388455592089e-04 -8.558425878175292397e-04 -6.732453133318203921e-04
-6.972501331916816647e-02 2.494383465146533460e-02 -3.728401526886369194e-02 9.527385416800366116e-03 -6.790565065414306059e-03 -1.760887244457401066e-02 -5.134563215910805051e-04 -6.793808678242153551e-03 -7.357277798097230405e-03 1.495465705327443662e-03 2.812489307891631943e-03 4.379132245388256579e-03 -3.586573848976227851e-05 -8.480633980582300696e-05 -6.031791636326233131e-04 2.032725550502412735e-03 1.472930650720527925e-03 -1.349595184290045338e-03 -6.335523336016295106e-04 -2.307588596398238315e-04 4.439270577915919481e-03 1.087154128465865448e-03 -2.310508871555109079e-03 -1.150663887085730079e-03 -7.670792443705174660e-04 -3.201389110141248458e-04 1.484806476351762479e-03 -9.482401346442859971e-04 -1.204241213246911495e-04 -7.940136175281292067e-05 1.942534427178614414e-03 7.848835337276580983e-04 5.562011393324197707e-05 -3.648594084709121891e-04 -2.785688085889972249e-04 -1.796946509018064030e-03 -6.971243957395926007e-04 4.574201087127780321e-04 4.029508910353448689e-05 -6.058416625025584302e-04 2.518624829241143757e-03 -4.942005405580125006e-04 -6.078047418631569212e-05 6.113638014682095832e-04 7.242283758763962435e-04 1.139735459657630328e-03 2.251077071886506008e-04 -1.482141712769801702e-03 -1.627400748187399823e-03 -1.808320398202121159e-04 -4.039843215442774372e-05 -1.063259758941810648e-03 -2.448568691523109425e-04 -2.098573960733773197e-03 4.171412287619947763e-05 1.377276322530821418e-04 -9.946541351615869817e-04 -8.046089259948886827e-04 6.648781158046552934e-04 -7.833780843277508843e-05 6.984525102383795560e-04 2.136843009374786136e-04 7.470395577359749319e-04 4.823509823874580992e-04 6.911346327377537258e-04 1.131764925511131005e-03 6.146771676079273170e-04 3.480508733199968617e-04 7.133205099203814535e-04 4.118524108638908559e-04 3.099904289895689165e-04 1.286679678003391052e-03 -1.628640029631579084e-03 1.797176700520164221e-04 -6.562347131853171235e-04 -4.539615451378752834e-04 9.515261713614770476e-04 1.168140814930400525e-03 5.078902079864636545e-04 8.194568672253039207e-04 -6.267867639758096967e-05 -4.120331638907874061e-04 6.149317271697210150e-04 -5.528975409612411906e-04 6.627314568608903269e-04 7.625124397747359622e-04 5.082268631501536422e-04 7.821051101090368586e-04 -1.512329861914571373e-03 6.664864181033806814e-04 5.874658899437287503e-04 -4.170669482801342203e-04 3.824502687792855706e-05 -8.479272228914071013e-04 1.472354275392568279e-04 -9.110419622632977103e-04 1.185316042839228922e-05 7.490153829615007379e-04 5.600523281722887253e-04 9.025709668608156936e-04
-7.144439773798740012e-02 6.856934016158603394e-03 -3.765964928730283073e-02 5.966348080179113139e-03 -1.488818534378953456e-03 -1.367329040321125025e-02 2.319205336056385592e-04 -3.711703383528904172e-03 -8.329897254713961030e-03 3.297215537300902163e-03 1.797713999389998537e-03 2.153480923834291769e-03 4.738390580196991130e-04 -3.057813274357238037e-04 -6.232530637485712453e-04 4.605651587094034406e-04 1.568711782366807818e-03 7.673150762844444406e-04 -1.565733424913033503e-04 -3.480199900051757147e-05 2.644553935151566434e-03 -5.898944985821767250e-04 -1.938537168777695104e-03 -2.856521533158014694e-04 -1.052358631073809295e-03 -6.175274850727366285e-04 3.442408072863506561e-03 -6.240822824613664497e-04 -5.947215661636097959e-04 -1.277122034299242321e-04 1.868001165381388265e-03 1.699547486501016592e-03 7.081373669908273350e-04 -2.922973568935343215e-04 5.253629081227005485e-04 -2.735923014066441285e-04 1.963339593327141305e-04 -8.347060013279204672e-04 1.107374197311524703e-03 -1.688900560705341113e-04 2.812741417269424421e-03 -9.298280440566082444e-04 -1.352538108990816073e-03 1.558366210672876544e-03 -1.195289647962182811e-03 2.123556450291036197e-03 8.889642629437594394e-04 -9.579961387653162077e-04 -1.274562626479146688e-03 8.770718220926736588e-04 6.653136707246900400e-04 1.863212348906155102e-04 -8.240305097449833482e-05 -2.848193510952087989e-04 1.183565825788165200e-03 5.817250301974330462e-04 -1.600598191815180661e-03 -1.515738573417967387e-03 7.207720918671068613e-04 -4.364213567137391553e-04 8.217150672775716319e-04 -1.940110501551517972e-04 -6.785578856540645061e-04 1.134670680152181013e-05 4.766014457136779335e-04 5.076253235035105933e-04 -6.190090798090601941e-04 -3.313801073429240344e-04 8.261737117333107757e-04 7.802057363398562373e-05 -3.933636265571168258e-04 1.444561105370788939e-04 -1.479127188265282273e-03 -3.496816119960812147e-04 -1.447830269600599651e-03 -8.419603689179904447e-04 -1.033170075965276309e-03 5.233241037678471042e-04 3.294816050260056532e-04 -4.790211541766928901e-04 -1.405695496402234630e-03 8.481722444457244145e-04 2.845129317812189170e-04 -4.204361634532232848e-04 -8.257358418581338443e-04 -8.420821745287121940e-04 3.186601430501254714e-04 3.450243876532309490e-04 -4.928383735261373209e-04 1.365900872522587354e-03 -3.410682700464336007e-04 8.646352429840398895e-04 2.249774326452441047e-04 2.693786628582323550e-04 3.640383207230215592e-04 -1.154697043602035062e-04 -5.248281271364580152e-04 2.438307436932606487e-04 9.902524787265213745e-04 -1.129984546411504477e-03
-1.740843734736978107e-02 -3.226231125598714999e-02 -2.517016287199828548e-02 1.575039285832361335e-03 2.277913260840501788e-02 -3.539245724602990781e-03 -2.716189336074422561e-03 2.779142241008612010e-03 -1.690582601804707348e-03 4.269497608028593322e-03 9.483823954474647055e-04 -9.217503535142306274e-04 1.559084162369173414e-04 2.865062972427553662e-03 5.060508853970847182e-03 -6.220465965152259004e-04 5.703363126261625643e-03 3.194587992367295577e-03 5.357451900040581831e-04 -3.230812349887347834e-03 -4.132248477791882271e-03 -3.811673939907850566e-03 -4.680546351172092980e-03 6.540411396119379800e-03 2.662115039635205328e-03 9.018806014296825097e-04 -3.445321090088496012e-03 -2.219530246142130923e-03 5.025548930988402163e-03 1.601438589848399457e-03 6.482154745398666573e-04 -1.340923168703306474e-03 2.360801381443922500e-03 -2.478872445971314585e-03 2.632047989405457943e-03 -2.027062404373452306e-03 3.398400145822543916e-03 5.154203212268199325e-04 -3.605178539902040725e-03 8.021930035941898958e-05 -6.112852736535436590e-04 -2.721243289520774902e-03 -6.683150176255221904e-04 -4.769070339805857317e-03 2.990118293876239150e-04 -4.152079979428386735e-04 1.980493427074486289e-03 -3.698426052254428966e-03 -2.027619050077443964e-04 -3.975810621945011746e-03 -3.181272684471342848e-04 4.043276766520515625e-03 -1.817601537015497244e-03 -3.885836320128311597e-03 1.985793357737711436e-03 -3.273679831850632039e-03 -4.334581124623466280e-04 2.250839705451456070e-03 -1.187433093025072562e-03 5.450228710746632876e-04 2.097480733522723989e-03 -4.797163540651552187e-04 -2.083687291508021580e-03 1.422621730123608055e-03 6.022855538884876311e-04 7.031360997169237761e-04 9.095631594750686272e-04 3.248226365229060428e-03 -1.252186732874208336e-03 3.184152749997664006e-04 2.158278512305206089e-03 -1.277830850646643817e-03 -7.850091801425921733e-04 -4.890930799748008172e-05 -4.866312690340570324e-04 -5.019074944300909490e-04 3.353007208266746268e-04 -7.885505182258202789e-04 -6.424256136817224801e-04 -1.377484437438614194e-03 9.481516247224029822e-04 5.927480724969465671e-05 1.349600884287468616e-03 -8.302608088722936716e-04 4.158994518449389706e-04 -6.034835296449041426e-04 -5.364007429605757932e-04 -3.922465528516898411e-04 -5.231079854861683419e-04 -3.314784298184722772e-04 5.464352889343930758e-04 -5.212771689222708144e-04 -2.790241237988023764e-04 -3.949351036852325722e-05 -6.156351311627937441e-04 8.173395315141956550e-05 2.304784051608387962e-04 1.910957890699602974e-05 -3.857166610649973709e-04 2.225650948435289260e-04
1.469674608842754665e-02 5.401187628378016636e-02 -2.730483095811888847e-02 1.502424911153539371e-02 5.773826741321501713e-03 -7.795148541449311609e-03 8.169132283358516294e-03 -9.403532951821396910e-04 4.700047013802210842e-03 -1.685104858614851079e-03 3.023943803092012453e-03 1.459386393195294916e-03 -3.718523215991931426e-03 -3.394082782593088241e-05 2.185762034298594728e-03 2.611178396513287071e-03 1.949195778091027294e-03 -7.868039361789789382e-04 5.221198640450725251e-03 -2.808830819235267305e-03 2.730327171947679026e-03 -1.604831816665584039e-03 -4.172357712972064869e-03 -9.254337639951246792e-04 -3.069894959943064803e-03 -1.120936875302946121e-03 4.405645965762657696e-04 1.933001375388422116e-03 -1.117782365743432175e-03 -1.088312260712537413e-03 -1.439092838162337818e-03 -1.835150942439806986e-03 -1.779257957997058869e-03 -1.647217039673727276e-03 -1.453239203207248821e-03 -2.277135547036648194e-03 -1.822392726522608069e-03 1.725731682780142634e-03 9.017845032108347475e-04 1.530161534463332900e-03 -1.589837297621979827e-04 -5.736685062810437238e-04 6.336313644997700533e-04 -2.926189781322679535e-05 -1.534382153929599252e-03 -2.836906863981098620e-03 5.284399241338347914e-04 -3.675264094129204132e-04 2.329072959860874117e-03 -1.074383534754781841e-03 3.405326623846161981e-03 8.920024551061438807e-04 -1.098990347081689337e-03 -3.227953906632117023e-04 2.298225304988450388e-03 1.456388896510243296e-03 6.536799042304150455e-04 -3.301033448883169442e-03 4.409527911942406463e-04 -7.114018798994035161e-04 -5.263252804954145605e-04 2.497174626092249017e-04 -9.009244222462398945e-05 7.457497901641585826e-04 1.387444547692053215e-03 -9.957015083295027175e-04 1.638104536648362665e-04 -1.185684840075696290e-03 -1.664516063375455490e-03 1.459117647916585410e-03 2.936018892503804677e-04 -3.196481184671381634e-03 -5.055571951834542631e-04 -1.140317045678613302e-03 1.448385089468135758e-03 2.299470674113715443e-03 2.464910199456174660e-05 -2.131988853692243658e-03 3.970291678602357391e-03 6.514359526093735310e-05 -1.161712293405679764e-04 -7.799828318002228035e-04 6.386903391069364590e-04 -1.033371848911652504e-03 -1.535110314709417717e-03 4.589318287734323021e-04 -1.158769920889703283e-03 -2.501302528913039187e-03 8.437495564111587671e-04 -4.457416848069585221e-04 -7.406229230383464110e-04 7.917367552002918659e-04 2.821085839273413656e-04 -6.967465540649003374e-04 1.174946515497825045e-03 2.350741525577236188e-03 -6.410268659293653741e-04 1.632256880681871728e-03 3.132927669309369515e-04 -8.107045838130824949e-04
2.373017782793540240e-02 -1.933807377399118441e-02 -3.629653232114898181e-02 1.787640649948739335e-02 1.711811082299929954e-02 -7.872120239129972580e-03 1.189668074710150238e-03 -4.638787721008663482e-03 1.846596660613586665e-03 3.190891413256132392e-03 4.425391973820875483e-04 3.893071635302840726e-04 -9.913971179516865937e-04 2.081183148170644061e-03 7.906411064874978994e-03 1.942715706895843750e-03 5.456035017318840510e-03 6.962269677649084512e-03 2.007322593272143404e-03 -3.096791107769922974e-03 3.991073051257534171e-03 -1.030028368618790546e-02 -7.910453616337526604e-04 5.398616408768932944e-03 8.691353148201760512e-03 2.947716516014002109e-04 -2.685988693561981114e-03 -8.775245347606788499e-04 -5.039865570213221402e-03 -7.720172279827523104e-04 -4.981043778070600239e-04 8.456487827416182173e-04 8.037260269222235715e-03 -1.921259090948178056e-03 -3.400758258460228733e-03 2.180267502751707075e-03 -3.745580786920668041e-03 -3.466840514730170058e-03 1.668524049278075766e-03 -1.455101395646737038e-03 -7.877212068497628115e-04 -1.694295575008145441e-03 2.016456647504348445e-04 -8.231725591712371441e-04 5.259861878688451217e-03 -2.131855199126176910e-04 -2.927656799039555276e-03 5.061537724864639733e-04 5.593498724482126334e-04 1.903797907255537014e-03 1.434547920773061522e-03 2.170105439422122197e-04 2.196426162028956245e-03 7.762132149852412960e-04 -1.984314931106687455e-03 1.780883129274545311e-03 9.249719276959203587e-06 -9.079966521337029127e-05 1.950836690008663713e-04 -3.550509728824868491e-04 -1.478345082447063332e-03 -1.364694847327792900e-04 1.830789632620665689e-03 -7.147904097201543752e-04 -1.453312030759577400e-03 -8.836341671029853155e-04 -8.241103171932760620e-04 -5.090027015738668621e-04 2.866379293471303527e-04 2.511307874032998053e-04 -5.808247381659957433e-04 1.772471306014475226e-04 1.621384147531486938e-04 -1.050462454603835424e-04 1.920773357035172229e-03 2.143702662207775690e-04 -2.277231225429316548e-04 8.642791689685810127e-04 -4.044108712159355068e-04 4.990498671869947377e-04 -5.965665461931769298e-04 -1.833751021017784194e-04 6.240010436279998989e-05 1.248314442827923136e-03 3.389431319544305337e-04 3.436589440218195866e-04 2.829965341790670677e-04 -1.365722585442789014e-04 -4.248115105488076940e-04 -8.035085244012876715e-05 -9.356679686137859111e-04 3.142168890600753172e-04 7.590565699217788559e-04 1.706968197460940237e-04 -2.338291566578085112e-04 -4.940164906528915880e-04 -5.899034218782708090e-05 -4.752764678072105660e-04 3.094159926604696156e-04 -2.575951329325950018e-04
-7.381539452496643783e-02 4.833667055472046052e-03 -4.086574249383095880e-02 6.613692764311515128e-03 -5.923480146753302283e-03 -8.964332470740857955e-03 -6.944177214423834970e-04 -6.398974825839255469e-03 -1.162038353532138593e-02 -6.647600036358936948e-04 1.120380783700952688e-03 3.439680414421037499e-03 6.878251832737902229e-04 4.521793232490230164e-04 -1.159243085932793555e-03 2.498064033179910569e-03 2.434680801342318721e-04 1.022019481510662168e-03 -3.265802726460488928e-03 5.587697930166447315e-04 4.536884482243227698e-03 -2.617497814368130752e-04 8.286967709130150335e-04 -1.228419031645862055e-03 9.061856397426934972e-04 4.103974251063670538e-04 1.813213367890762710e-03 2.336819550110794553e-04 1.259389905913242073e-03 8.474398021802371280e-04 1.884834954665545346e-03 1.590582360523019314e-03 1.391147820993740027e-04 8.264323537551925567e-04 1.046159623208247930e-04 6.067944364954092529e-05 -6.574556782498108473e-04 7.959940320570261510e-04 3.449328157153233555e-04 2.564252522150191728e-04 2.071339487620593375e-03 1.713455697625016307e-04 -1.650721914616115008e-03 5.405054784435211731e-04 -7.699575157618118813e-04 1.295290912356816121e-03 7.676479635679787613e-04 -1.831129885320609274e-04 -1.510002840721867646e-03 5.058732274642967468e-04 -2.295592869902839432e-04 -7.196002539557764741e-04 7.035990540712626145e-04 -1.982321260927790221e-03 8.052469482474058568e-04 1.262515277433075940e-03 -1.229496798159970903e-03 2.367342401203033071e-04 7.673399624877557485e-04 1.000357047705193424e-03 3.773971389974632436e-05 -3.439543894358648024e-05 7.266498965824000128e-04 -2.764888152378896461e-04 -6.450428723209034130e-04 -5.070624134446699978e-05 1.028823191674599694e-03 8.035744102709754377e-04 -6.516917276441409369e-04 -2.337031739016815835e-04 4.063317967504912631e-05 2.015759968496547768e-04 -7.859119029359929332e-04 2.588727649166204384e-04 -1.198238752655648949e-04 -6.289993015507060496e-04 5.240478599552580779e-04 5.690804594183645907e-04 -5.219085724367860876e-04 7.764846416846467444e-04 1.180123962157780685e-03 -4.164689181598198999e-04 2.205364181555779168e-04 -1.741128166223253196e-04 -2.415325282146528214e-04 5.124443654198599816e-04 -1.059029459656550954e-04 1.443286564650734160e-03 -9.702778521267635403e-04 1.734070699440694589e-04 3.914427439040462568e-04 -1.337375469601701297e-03 -5.229688208105408038e-04 -2.193453735409066699e-03 2.722202721937748903e-04 -1.040775819066455578e-03 8.388132439009494522e-04 1.118238394120779113e-03 8.256204991158585605e-04 1.376070665781636924e-03
-8.075931259428861808e-02 4.121551062880467534e-03 -3.953717600766998991e-02 -4.605588612501725423e-03 -5.367183414517580180e-03 -9.175523978443478681e-03 -6.217054566778794974e-04 -7.945942223442062705e-03 -1.029900916313748575e-02 3.447006642918667811e-03 3.301883179723503255e-03 4.096906734764861786e-03 4.610682880537356741e-04 -3.985518283492976016e-04 -6.602749804895681994e-04 2.678154109972324514e-03 1.340916870070406395e-04 2.014127366775946525e-03 -2.283785572351905001e-03 4.972206843962495657e-04 3.799252758245096843e-03 -2.455587828745567358e-04 2.138286182051173058e-04 8.450633316284885148e-04 -1.955157450514506245e-03 3.853160048659263147e-04 1.702093463452149279e-03 1.751344002672520085e-04 1.519089027411711949e-03 6.237848635844213700e-04 1.522764851011445359e-03 2.408693148324843672e-03 9.288853154952673432e-04 1.856419334416277650e-03 -6.414073236656999072e-04 1.556851309441333823e-04 -1.041768192421707113e-04 1.165439728334265667e-04 7.596184490450887550e-04 1.660897221630176605e-04 1.793290079093581195e-03 1.609926897931981396e-04 -1.777584046830175393e-03 4.092381106040371332e-04 -1.712967559782138530e-03 1.236340528659703088e-03 2.701275309701308379e-03 -1.072891660825888880e-03 -2.603948819812096274e-03 -2.550005421320003887e-04 1.382337989425767638e-03 -1.191033468545888482e-03 5.941998658619749137e-05 -1.489109178307667421e-03 -3.133987971254004602e-04 1.737123972493021581e-03 -2.444744518232106964e-03 1.065222805388974696e-03 -5.038447816796806829e-05 1.629398262092951509e-03 -7.226068922200531422e-04 -1.607133888709374710e-03 9.644545962911084012e-04 -9.494170015572242190e-04 -4.756984575255430981e-04 -6.161647746156585000e-04 -3.834094731851739470e-05 -2.114934999243052297e-04 -3.685727285053417256e-04 1.766607611599087897e-03 8.840093746760648583e-04 -4.782169022758416639e-04 2.435689340982288842e-03 2.304142769918425418e-05 -1.069969898262598459e-03 3.924067153066288535e-04 -6.800418243093460857e-04 1.290454113827389261e-03 -7.893902195560241345e-04 -1.025587737971010369e-03 6.087110498242164283e-04 -1.442102024461185475e-03 2.702527563785598642e-03 -1.152440023907610285e-03 -4.531347396077219114e-04 1.508115466896378307e-03 -1.106909172872318128e-03 4.685238165413907631e-06 -6.681815518742315399e-04 1.350045338094355701e-03 -8.325491870518543936e-04 7.709943029451419520e-04 -1.337138034842320954e-04 3.637422641916779244e-03 1.416875887267168756e-03 1.668657419323813125e-03 -6.957483025405109206e-04 -1.964886154726327126e-03 -4.755839932120252281e-04 1.719519137014226422e-05
-7.939146106302205630e-02 -1.048947670362593981e-02 -3.567699617820435654e-02 -6.139165497665945159e-03 -2.959353212544146416e-03 1.135235159736157091e-03 -6.551748567815839520e-04 -6.502370261284698243e-03 -1.016485020095028724e-02 -2.376492854923491498e-04 4.396594579470327929e-04 1.868242285937793618e-03 -1.320114167287125394e-03 -1.080412712579617080e-04 -7.713422462775000772e-04 4.075501741475250593e-03 -1.948772091001875180e-03 3.348600410797040669e-03 -2.795223247078022430e-03 -7.754808847166836435e-04 4.443549631725817253e-03 -1.144418495254466038e-03 2.865849379084087645e-03 3.262813911993701411e-04 -3.323122342849209711e-04 4.829762801619956318e-04 1.326790917566321318e-03 1.022930184317838139e-03 3.151888988041071527e-03 1.506122795165003867e-03 1.080658975091817586e-03 -2.000522901188882382e-04 1.291357194490125749e-03 2.848701834622859464e-03 -9.250739471207055373e-04 1.632641446417134809e-03 -1.003480428923197261e-03 1.748512307728694766e-03 -2.801957675507679626e-04 3.335182361840644590e-03 -2.621029297440054771e-04 2.116188524265563871e-03 -6.261684495097359377e-04 -1.189217108473610446e-04 -1.192406359629619725e-03 8.065026922013497981e-04 1.672240040747058256e-03 4.494628702618172814e-04 -7.038106506884114896e-04 -1.076159501720393890e-03 -1.098280763157490417e-03 1.145717502823803734e-03 7.178918045849962994e-04 3.135643879953289620e-04 4.996572140157318166e-04 2.147533678526804268e-03 -1.780727190867889163e-03 1.210565558417461829e-03 -8.283115613491959456e-04 9.758895584670335436e-04 -1.082939655368015276e-03 -2.165258638977076745e-04 4.141577851699500658e-04 -5.485123798992920605e-04 -7.387298712965402686e-04 -9.226431365417005898e-04 9.625373565996964576e-04 -1.186998849927791430e-03 -2.829230938242971016e-03 4.628499139256023924e-04 6.551386714271434722e-04 -6.390687166930476967e-04 1.906334429628097184e-03 4.211379974080568388e-04 2.448551627166685972e-03 -2.837349288194833527e-04 -4.416689476853002299e-04 -9.956488694023634073e-05 1.116036746763385143e-05 4.603891744494760909e-04 2.364066742494125815e-03 -5.093358842864806032e-04 -1.389568275983014533e-03 -7.768936885441561971e-05 -6.794680835195588027e-04 -6.588216613852338789e-04 -8.660526268553577368e-04 -1.729632903908585179e-03 1.393986978338384534e-03 -3.113904999182389843e-03 6.532692791273706813e-04 -8.261711364224964566e-04 9.382554120833355889e-04 -1.445419500721059972e-03 -1.155109187740117373e-03 3.540068470347828883e-04 1.722173969958179333e-03 -1.711367382020696857e-03 5.193336111737986732e-05 -8.872123939973540182e-04
-8.204502662683017811e-02 2.869905828266487019e-02 -8.558372027722405823e-03 -1.707911783002025521e-02 -6.999644009378937909e-03 -1.241557015153181998e-03 -7.201194962274355856e-03 -8.572791925587941106e-03 2.267199552592418996e-03 5.614779834904303976e-03 3.008052698290419619e-03 1.937936941191186748e-03 -1.365859988098345416e-03 5.102007429184585640e-04 1.799181363233054703e-03 4.424550521065594827e-04 -1.835176521229530669e-03 2.005835760001794220e-03 -1.925116401584876400e-03 1.051565425373690230e-03 -7.645812059150838835e-04 -5.369409604728275521e-05 -1.011258967947530410e-03 -2.685862734994290488e-03 -1.024125622949042039e-03 -2.821056948814802071e-03 -4.157587054813444497e-03 -3.561192929976095289e-04 1.769229407832855145e-04 -1.820012104846941868e-03 -2.113004521719063274e-03 -8.982548676327478969e-04 7.275840085830605642e-04 -5.417429445797065576e-04 1.543878370559925240e-03 2.817718756016476291e-03 1.515067214923872252e-03 5.614984594585169242e-04 3.133494128361922343e-03 4.327008652058868081e-04 2.771516824905758303e-04 -1.024219705358919290e-05 2.320422521716718374e-03 -2.807052360523194616e-03 1.931440107212362015e-03 -3.219593713554124836e-04 -2.204429587127916372e-04 9.083482003999248560e-04 4.309994093559533211e-04 -2.330774578864071127e-03 7.831886528626225618e-04 -6.869674115418739546e-04 -3.143982783567155197e-04 1.535346592050064723e-03 8.722297435320946991e-05 -1.759799620691785554e-03 7.629388767602797536e-05 -1.714025715043357521e-03 -1.380348961063876910e-03 -9.244207438739437954e-04 -7.701198050507260511e-04 -3.314124900208404237e-04 4.348033909216629782e-04 3.870287676740960937e-04 -1.389832931810391133e-03 -1.049685442980040226e-04 -9.842044098923647039e-05 -1.321237153486460583e-03 -1.392995738354304354e-04 1.671665081250538762e-03 1.238666051544343042e-03 2.147423852084140525e-03 6.168323239910949041e-04 -1.825915079023165998e-04 2.526064829554230563e-05 3.103424178142097345e-04 -8.748355567584630314e-04 -8.067538765916612434e-04 1.014319080124321284e-04 -6.568621517122566087e-04 5.386135032481709608e-04 -7.809122151891208967e-04 7.247178346125295262e-04 -1.278193808367429586e-03 1.080524205110522341e-03 6.034775862990575303e-04 -1.064543594736423618e-04 7.402554689184946300e-04 -4.269687084209999579e-05 5.455848581907887232e-04 2.294416017059677099e-03 -6.826900573378157945e-05 5.745870741365027021e-04 -8.422070095032948070e-05 5.547956062327031061e-04 3.572132533660701457e-04 -2.490530762657360789e-03 -3.279091213990128388e-04 3.950530558030142009e-04 -4.764752778275914663e-04
-6.107963361112838524e-02 5.496196668023960175e-02 2.300875522331370313e-02 -1.155775219454125043e-02 4.067259324411001686e-03 2.407205211014491406e-03 -1.034935404590826315e-02 -1.024653863178258233e-02 1.940129900613839437e-03 7.341545488349117540e-04 -3.042990100375530561e-03 -2.730040561655069551e-05 -7.858036562402170508e-03 1.766861230940242186e-03 -8.240113289117739380e-04 -5.545831425746553011e-04 -1.043209745371817890e-03 1.179293255003754535e-03 1.149415722378669021e-03 -7.035546508926728828e-04 -9.616350275164322389e-04 1.436703592298822622e-04 7.346792473410515209e-04 -2.119381641243637659e-03 1.887923243063736791e-03 -1.834527858700126489e-03 -1.437294191313489341e-03 -1.453258350303758680e-04 3.384713275668263711e-05 -2.074901188746086991e-03 -7.498508751357995869e-04 1.740900695556332886e-03 1.017349214825365037e-03 8.089686631534040136e-04 6.105222480806947200e-04 7.433117727968389715e-04 2.170271257276066429e-03 1.996729102918462853e-03 1.756098392941695828e-04 1.398015555742148058e-04 1.405688120187895216e-03 -4.918684798688721920e-04 8.446488387240978042e-04 -1.264725110817836154e-04 -6.325397080425673897e-04 2.003793109161430136e-03 -5.718298702443320438e-04 1.238211496137966994e-03 -2.160972508676666209e-04 3.772372549573844622e-04 1.082583649078074084e-03 1.518377991518036086e-03 -6.075227789180908224e-04 4.569294458872297151e-04 -8.647842502108728062e-04 -8.857039378260743402e-04 -5.669266414287056004e-05 -3.737271373097883985e-04 -9.068772532660213256e-05 -1.470120932189437511e-03 -6.348268359294279017e-04 2.096022331295034982e-04 9.796794780299494017e-04 1.915045762383806624e-04 1.974070591429153126e-04 -1.449336071760077985e-05 -4.217248307897565997e-04 -3.529711484804814287e-04 8.988314104524800559e-04 -3.367190598389990710e-04 1.164281272615652358e-04 1.073642167315975613e-03 -1.239983224851060571e-04 2.845182843128938547e-04 -1.735372484984873875e-04 1.259698368030881662e-04 6.479725606572240117e-05 -2.183189705113855228e-05 3.790048538966157610e-05 2.669812341829462120e-04 -3.441595604129947332e-04 -3.865284981144811094e-04 5.196744465919522467e-04 -1.039501433259673547e-03 -4.824130958509444274e-04 3.547192276473692474e-04 -1.968800175935840320e-04 3.046553458520923833e-04 3.379456804359727887e-04 -3.366634574795040525e-04 1.292513486523252854e-04 -2.479672563771733763e-04 -4.244115360713755216e-04 6.984857210996635877e-04 1.018195071995391370e-03 7.486203358962622732e-04 3.895148982915057801e-04 -7.017167364749045139e-04 4.852217805286395324e-04 1.319790446711418717e-04
6.892165453631717009e-02 -2.161581216342871661e-02 -7.512261900589673261e-03 -1.465203481128913091e-02 1.537657868514829933e-02 6.033745613458960794e-03 4.541036518755656518e-03 3.714243973412972074e-03 8.217112209674528114e-03 2.025939283117848214e-03 8.341699716441674378e-03 3.598438906433933365e-03 -4.775605714062432054e-03 3.473829441036316735e-03 -3.570985671178809624e-03 1.255668622795308095e-03 -2.595837450282987690e-03 1.513143478166122850e-04 -5.016148232526836982e-03 -3.689117595612378866e-04 1.956835421371540176e-03 1.174993281430817063e-02 -2.133946728072978055e-03 4.739374587244224793e-03 1.432415187401997816e-03 -6.458311442950895147e-03 1.993258046786383717e-05 1.893032546969954577e-03 -5.328075552858600739e-03 6.217002124937242961e-03 2.037728840117863233e-03 1.809872693065960872e-03 2.313870302840278885e-03 -2.765956121173104900e-05 3.907732401285672792e-03 -4.430105905566053721e-03 5.339250853132482006e-04 1.002273100847801820e-03 -2.768833998178042884e-03 -2.120671345162331196e-03 -3.436298740313347040e-03 -1.201428558108701443e-03 -5.263517201495196505e-04 -1.836527927032644350e-03 -7.538291451933860909e-04 -7.510057246097541538e-05 -2.114082480722812452e-03 2.074343464719491327e-04 1.924318301396540486e-03 -1.741079017274826525e-05 4.143005852892049472e-03 1.588470723879885317e-03 5.040621669526470193e-04 2.072130781147985858e-03 -7.565375728186121479e-04 1.768336369537273521e-03 -2.337540485274593443e-03 -3.770737769327306855e-03 -6.040547631086790308e-04 7.741212296203636408e-04 5.551395367095964288e-04 -1.195895598742979880e-03 -5.842524721760934204e-04 -3.380340402316843809e-04 -2.218851021791186026e-03 1.584983537619386170e-03 -1.755617085418762348e-04 -7.707494573094869801e-04 -1.099345093999859165e-03 -1.763914773644847077e-03 7.530239967154799159e-04 1.003313049093636119e-04 1.132028792861365088e-03 9.508560212027263470e-04 1.978336302098890703e-05 -1.555903700128086339e-03 9.599243719883346327e-05 7.910589948255208718e-04 -9.515743274131525866e-05 1.390843023228402172e-03 7.436862535180297244e-04 -3.876232164561222576e-04 2.730700666306771986e-04 1.012367466370816226e-03 -2.041809947997488025e-04 6.173750186574200952e-04 4.556061952559585385e-05 3.792896434494532178e-04 -6.482457864837923561e-04 3.383220171094162101e-04 7.043739581753124222e-04 -5.789448882834278979e-04 -4.939833379142875109e-04 4.806631034346372003e-04 -4.414841968628927036e-04 2.562155164839854889e-05 6.774644408669562405e-04 1.898683648884573591e-04 -2.220466673334798929e-04 -1.438779494293877478e-04
1.120675286683445225e-03 -4.156514153779145709e-02 1.285423002412427150e-02 -8.417492768787528806e-03 2.071362612265375061e-02 -8.758716987421330188e-03 7.252720450324483259e-03 6.216940993644077401e-03 6.528465223883200830e-03 -2.457220371022458827e-03 6.103598433728158433e-03 -2.123607968082254563e-03 3.437062327999476381e-03 3.449139642373363478e-05 -2.952251820603899422e-03 2.600327267031680122e-03 1.451873826197639175e-03 3.268073993950987028e-05 -2.775905073340367152e-03 2.213304079977199482e-03 1.492930117647835002e-03 -1.447505553993476716e-03 -1.857341152099710848e-03 -8.344309628234916620e-04 2.611064730235264798e-03 -4.166631473907333040e-04 -7.407230501548757928e-04 3.614888679931355705e-03 -1.763920714290530354e-03 -3.243323639195068615e-03 5.922282477491263176e-04 6.570037241346208569e-03 9.428116080294764547e-05 -2.770307590865493750e-03 1.914434404324144709e-03 2.303362513443384368e-03 2.080183623179843438e-03 2.257203485453770659e-03 2.715456692773675872e-03 -1.042806307190989948e-03 3.998863738818151151e-04 3.760960168629560443e-04 -2.694259007058177674e-04 2.127824281867266454e-03 -1.611589341813057970e-03 -5.262186745490468913e-04 -4.426462890544646529e-04 6.586912359760735197e-04 -1.245483435219096793e-03 2.044916768579083544e-03 -2.698301618532153185e-03 1.506386906692405367e-03 -1.511257253768954209e-03 -3.184757566855815191e-03 -2.328161642472178355e-03 3.184545472315630397e-04 5.557793627856237595e-04 1.297517503667233339e-03 -4.266553199200330245e-04 -1.278576968199264324e-04 -8.420045987161992691e-04 9.726005676302371984e-04 -1.296659342192831932e-03 -1.655776065815397049e-03 1.590220995436720890e-04 -9.608321662135633177e-04 1.605943686700242326e-03 8.284666737015904244e-04 9.218179402122858622e-05 1.226279946520734878e-03 -7.576971367419818798e-04 8.343950875572671375e-05 -4.143657609944941802e-04 1.600910248173170475e-04 -3.923284877186382098e-04 4.638319596163252567e-04 -4.125010372142255704e-05 -1.003293385687877053e-04 -3.557406433574970025e-04 -1.224982064280521067e-04 1.342376718201103349e-04 -1.953869421274036141e-05 5.166659779965554044e-04 1.007387460587283370e-03 1.150080591067446445e-03 -5.298613955423441728e-04 -7.795650631113455438e-04 5.993194760896311101e-04 5.935379495539322615e-05 -9.513790042706445202e-04 1.108322769871058306e-03 3.584962356868791837e-05 -2.139892779205874746e-03 3.225086976314118364e-04 1.131383435357493023e-03 3.218647391617315986e-04 4.561679220135142010e-04 2.215624319395866765e-03 7.974337590149612950e-04 -5.665737606731446017e-04
7.524976856034978900e-02 -4.453488866929796591e-02 -1.345314386116720079e-02 -9.229985735070054750e-03 1.793867199550729444e-02 5.967128139107908714e-04 2.161389171164269062e-03 1.734337373550870866e-03 6.457111415199128304e-03 1.631272924779959008e-03 2.679895003873551500e-03 1.337764425850297700e-03 -2.133906530543843317e-03 2.993826422996143100e-03 -2.244809197553714660e-03 -6.622136438933358231e-04 7.379623970533062693e-05 -1.976353918201344522e-03 -3.004140055062045397e-03 5.977447300116206941e-04 4.232428653408490393e-03 4.053716289397095440e-03 -5.766554029489509266e-04 1.190706657596434480e-03 1.319833980266348636e-03 -2.074705872336704213e-03 -1.460414384295828606e-03 2.789737510052936117e-03 -1.723947129677178697e-03 2.270502258420238097e-03 -2.306493811242542932e-03 1.167532810989319308e-03 2.111708404177666497e-03 1.725051605023391861e-03 1.741606132569319164e-03 -2.412584452260402800e-04 -2.009790075851070773e-04 -1.020079583239398959e-03 1.655467683498721690e-03 -1.421543281737408732e-03 1.179880645446493249e-03 1.786749113155782507e-03 -1.742865433705705373e-03 1.116612231413030782e-03 -2.155673286064458891e-03 7.413943981026824758e-04 -2.248251316979114119e-03 9.253759870911707191e-04 -1.090093062262334977e-04 -9.129783268338472575e-04 1.313390950851792268e-03 -2.042921548085524942e-03 9.316891364567033622e-05 -6.950312305240169018e-04 -1.719982068639050064e-03 1.556822080440715852e-04 -5.278038960637871637e-04 3.345827931737267204e-03 1.046864856467445790e-03 -8.604872854970036997e-04 -3.091719208503801181e-04 5.924059110989813443e-03 1.781391187474712194e-03 2.761305818612602540e-03 3.855176959972589790e-03 -1.166417267647664987e-03 2.067937811411504120e-03 -4.403256040448757331e-04 -1.510915579277383267e-03 2.250907700170956711e-03 2.955362518468559216e-04 -2.048797303081603422e-03 -2.604030148536271515e-04 -3.673665821721743387e-04 -1.466023616249315141e-03 2.428617592523396769e-03 2.445108707106831945e-03 -1.740024533286662831e-03 -2.439236452991753058e-03 -2.400083643573607504e-03 -2.973364007015391565e-04 1.222034949951177063e-03 -1.180075050654693595e-03 -6.337775453960543554e-04 8.239209548053333344e-04 -2.034712720753903761e-03 2.040528721059957406e-04 -1.207968866931345307e-03 6.193442137336470713e-04 7.196278496677301897e-04 -5.518626885668624594e-04 3.287443503124674654e-04 1.066102544624178200e-03 -6.165732498319437954e-04 -2.688363399032300187e-04 -2.122407144505847809e-04 -1.051915157692075165e-03 -1.673725011420926527e-03 -4.866843183505743949e-04 1.704372533542536003e-04
-6.085676835219624992e-02 -3.311614752315699545e-02 1.800683030539508567e-02 4.039395435761547817e-03 8.611040917457958924e-03 -1.028691911604305044e-02 1.036472504213286142e-02 4.592967475271760198e-03 1.630396854189500051e-03 -2.016052695131219027e-03 4.060829613836249366e-03 -1.975299183703455030e-03 5.055045796437598361e-03 1.332040795178839705e-03 -5.687368135462818851e-03 2.208120129428847028e-03 2.908572894510657713e-03 -1.170178930649409333e-03 -7.969059263275924190e-04 7.654993789232520393e-04 -2.568005239164014054e-03 -4.435344355047591072e-03 -6.491999688265901770e-04 -2.103307986103096321e-03 7.048631665070901968e-05 4.074683412066819636e-04 -2.306532075903931604e-03 3.926886222027204873e-03 -1.895572162913695003e-03 -9.790845571668348787e-04 1.782736259937569992e-03 2.743431584857541905e-03 -9.639901444559795859e-04 1.787315430593650891e-04 -1.100995467884889698e-03 1.089794427717810437e-03 7.242930840098385677e-04 2.747320989615234521e-03 6.803642224059616283e-05 -6.710688541036143647e-04 4.055096765705809960e-04 -3.015772390808535062e-04 8.021973827726746036e-04 5.812639917023323900e-04 1.743262642651790054e-03 -7.681806082067908195e-05 1.934101998212566778e-03 9.204340128278988217e-04 -5.268350919643325454e-04 5.981852659127956818e-04 -1.897325820007171159e-03 5.842238998398121804e-04 -9.457803899395483306e-04 -7.330943669474472525e-04 -5.783629478424232723e-04 7.066785697413270053e-04 -8.098064779642351850e-04 -2.688020127203839208e-03 -1.215205649600946186e-03 1.093757038128144411e-03 1.188664780195155526e-03 -1.295180555618517283e-03 6.231598627389098007e-04 1.873628214401434336e-03 8.283693861821543668e-06 -6.062695709465512053e-04 -3.323530450294446040e-04 -1.072400302140479132e-03 -6.095620629204017609e-04 -6.501754778312207866e-04 -1.880181517026467295e-04 1.724318343493338340e-04 1.307868554428270446e-03 1.511695126155800399e-03 2.216065110513670020e-04 -6.943915582379312900e-05 1.321380856694367176e-03 -1.520003479468444354e-03 -1.596993670225935408e-03 2.287251406675497225e-03 1.103417722905234355e-03 1.742740820901236528e-03 8.363551473738672307e-04 1.472539976997432965e-03 -5.681877573795542953e-05 -2.397707531871855972e-04 -6.776768852699178590e-05 -1.901103077397711628e-03 -5.047228902363951096e-04 3.374423848899503952e-04 7.826337269036275947e-04 -5.891596063124654187e-04 -1.278572523688639934e-03 -5.108586598103299556e-04 1.200884174256907884e-03 1.407889369960483748e-03 -1.011271331022398946e-03 1.469564453865855028e-04 -9.207296077289177675e-04 4.305429995388173410e-04
1.042414206830464055e-02 -3.471531217553881082e-02 -2.020702897803798234e-02 -3.220550398530292509e-03 2.120128971090334824e-02 4.729558159381970321e-03 -4.544024625393124246e-04 -8.664019677593129409e-05 2.463562243630300699e-03 7.227529688965131371e-03 4.730523841832136485e-03 2.781729452608574897e-03 -3.299622415159738070e-03 6.120248872784845272e-03 3.142310021221841497e-04 4.796411682709864760e-03 3.527135429018029688e-03 -4.305657171243803920e-03 -5.877019918145408046e-04 -4.056100043667839944e-04 -3.446518099612761593e-03 5.253799188853115407e-03 -1.431627068729787473e-03 7.602485098525853247e-04 2.157214275555938057e-03 -1.605879248705153637e-03 2.670493308105282518e-03 4.216698022879307450e-03 3.087648298116653454e-04 9.694206172859737996e-05 1.634760980418193629e-06 -3.066640062091741722e-03 1.265566426684102633e-03 2.732831503982492694e-03 -1.540475041619788479e-03 -6.565418151250471731e-04 1.304083593635372781e-03 -2.191623475520222773e-03 7.832883698548285525e-04 2.298660191798304782e-03 2.366514571561163967e-03 -1.664110189150809710e-03 4.798904199417922817e-03 -6.315229853559868297e-04 1.871517606432350359e-03 7.293001932872875430e-04 2.719391228338179350e-03 -9.865003546301012900e-04 -2.521065330632786734e-04 2.344109843734660734e-03 -1.913671449712522465e-03 -1.833918702075297558e-03 1.219914595838621392e-03 -7.965239901467863291e-04 -4.217142218842785369e-05 -1.882716436451602931e-03 8.232984994654242916e-04 4.737441281078741233e-03 1.196997961075302449e-03 4.891462361461685737e-04 -2.981124224079262017e-03 7.044888850576824920e-04 -1.192774887286359581e-03 2.735455446154170384e-03 -1.022193973532160936e-03 -1.931871024181455818e-03 -3.088057066707610744e-03 -1.188009960304421339e-03 -8.607350603897773308e-04 -2.082648631654668986e-03 -8.921186871575139538e-04 1.399771326670484891e-03 -3.953762099453470946e-05 3.243378330942804297e-03 -1.767804592775360688e-03 -2.442577286521623731e-04 -1.252545551515859331e-03 -5.750833211883649631e-04 3.045594953584055894e-03 1.373642688806702870e-03 9.393569382347766780e-04 4.882398420547818174e-04 -1.257146405526040646e-04 -1.309307814979772909e-03 -1.665369698308806707e-03 7.458261503552714167e-04 7.098494438613775839e-04 4.284316963801324105e-05 9.303330922942528456e-04 -7.690594027540518943e-04 -1.354288657811221009e-03 8.853813176922208095e-04 -5.963736233205885889e-04 5.953399923078578045e-04 1.131517200232210873e-03 -3.553753634672758674e-04 1.463675337697518172e-04 4.406525675234566506e-04 3.213789751197574946e-04 -2.867241610853886544e-04
6.198897562254621421e-03 -3.676774738437776913e-02 -2.440537209006059943e-02 1.528500395370933559e-02 9.458604476586389073e-03 9.894912072470260760e-04 -2.607870878653305476e-03 6.488071218153285136e-03 -3.602334573266875923e-04 4.242303790617349586e-03 -8.200763346656468958e-03 4.989532197647861267e-03 -6.732089758360090131e-03 1.355980116343379494e-03 -3.735723787768477876e-03 -3.183181847086204662e-04 1.664633094954960342e-03 -3.244297793689465432e-03 3.046098388156627187e-03 3.042002574862086566e-03 -1.535119633458769967e-03 -3.084294398124202020e-03 2.076241422591015937e-03 3.290333955621900074e-03 -3.657505538819291399e-03 -4.063750760260896426e-03 -2.135233284343399790e-03 -4.345483835987570646e-03 -2.892282185350149651e-03 -2.475539721371818633e-04 2.184395064208922467e-03 -2.253494833678022866e-03 1.856643734441189774e-03 6.845854026185205221e-03 1.822404770668569667e-03 2.849441805127242086e-03 -4.074285851752539565e-03 5.284799568889820415e-03 -1.561199945226399415e-04 -1.072548397526435805e-03 -3.949490432498936783e-03 -1.527866728576105382e-03 1.358541266017749063e-03 -1.972171427632192617e-04 -2.485505326379345258e-03 -3.798353108838147234e-03 9.296978700986869475e-04 -2.701747092535749031e-03 -1.660981226391617434e-03 -5.021291630339845633e-04 -2.879159130081415750e-03 -1.531900504945272329e-03 2.564532399604921211e-03 -4.837805256414281227e-04 -1.395767710012971391e-03 6.839967582453109146e-04 -2.001072028650577469e-04 -1.748549484180204894e-03 1.219775323061341116e-03 1.487495034725043073e-03 6.031239567131979271e-04 -2.428967967912783426e-04 2.750207426004480562e-03 -2.675651572778617315e-03 -6.777910603049979365e-04 -3.224075865367891677e-04 2.662686664758214775e-04 2.710734644563635772e-03 2.056940658350976756e-03 -1.487486668516482509e-03 1.260552789802040895e-03 -1.126108850093961600e-03 -1.189638827432267908e-03 4.458249849757476581e-04 -2.314689261981342418e-03 4.331775589061647065e-04 -3.554607662731343700e-05 -1.024605216447906303e-03 3.828286356323799431e-04 -5.298594837079705251e-04 -2.073392285354392316e-04 1.094217007928129266e-03 -1.427489079436877100e-03 -1.307538999508444776e-03 -5.234717993992043465e-04 -3.909965647334786307e-04 1.473502592205810121e-04 -3.419042498586024746e-04 7.863896308451011688e-04 -1.217459114128975395e-04 3.347757582928538887e-05 2.431477448803936279e-05 4.297746368580850486e-04 3.223284228379277925e-04 6.435412309290869121e-04 5.927934863711820318e-04 -1.272408825088423520e-04 -2.860880677375157266e-04 2.894208030406295756e-04 9.616711040855049604e-04
-6.440262989978018382e-02 -1.158931548514821434e-02 -3.143371782253563673e-02 -5.007550303924302761e-03 1.423605048267853135e-03 5.927790038543087614e-03 5.905806168529956039e-03 6.813680385958620876e-04 -5.647411665994957718e-03 -4.744557706630704412e-03 -3.208058480362069309e-03 -3.793332222955003805e-03 -2.389051458774325062e-03 -8.861297619428198588e-04 -2.834274649626499203e-03 -2.410673380995769118e-03 -2.192783962141302192e-03 -1.412956876747632111e-03 3.288594161215399798e-04 2.141165052925605300e-03 -3.017459841950988642e-03 2.407797706047785490e-03 3.740871596116111548e-03 2.054446181458071037e-04 8.140186231396422199e-04 -9.047504868217630869e-04 1.749065389421048528e-03 3.673439327785308034e-04 -1.210759856893501305e-03 -1.211934201845115506e-03 2.883325789933711275e-04 2.273044202249508913e-03 7.582969240226799775e-04 -4.029750856821849928e-03 -1.001125046990636053e-03 -3.642653345374672366e-04 -3.328040871127199447e-03 -1.728674724535094170e-03 4.863660402320044260e-04 -5.458240372645330228e-04 -9.270973004106483877e-04 -1.707244448519387985e-03 5.936708772195023595e-04 -1.219922250970171965e-03 3.019637872201481540e-04 1.335645570932927993e-03 1.148566680281125222e-03 -7.490400249310136043e-04 7.461345839520558409e-04 -8.604989044223278422e-04 -6.727205012355448469e-04 3.324898225274288657e-04 4.778158023026017197e-04 -8.527004253624378364e-04 1.824920108379469519e-03 -3.692892360848342662e-04 -8.610829013242310100e-05 4.947662749001766232e-04 -1.363175338651426670e-03 -4.357005425325650625e-04 -2.665304092285059111e-04 5.990453158006625112e-04 1.338380770486071987e-03 -7.918833835864728683e-04 1.026716269907814848e-03 -1.588381062160849422e-03 7.654552614644900962e-04 6.055136265445187557e-04 -1.191650296166989605e-04 9.404072769247904281e-05 -1.872130436565293851e-04 -5.692732631028912761e-04 4.772678205704027196e-04 -5.729253511139723972e-06 7.428292206439309137e-05 -2.398372194637451245e-04 6.944166213882081414e-04 -1.004301778288799055e-03 -1.961476298867974628e-05 4.071387725182233587e-04 8.096516593787451716e-04 -1.408914472073937276e-03 -2.930770625464233759e-04 1.489299913845765254e-03 -1.111234216148395413e-03 2.665008185766880137e-04 1.999909218704013265e-05 -8.906211381058222118e-04 -7.387996266903758616e-04 -3.753491898239565486e-04 3.954554666719362943e-06 -4.612522355287271584e-05 4.036707822598824968e-05 1.082535504229361744e-03 5.465807881811169050e-04 -1.459802180338578550e-03 -6.869139088134708099e-04 -6.299114286579555197e-04 9.640721061600052199e-04 -8.258841080674326433e-04
1.732096379383925994e-02 -3.537392677247700595e-02 -3.124811050980260546e-02 1.387850882092390298e-02 2.279182749833296405e-03 7.093084083058666216e-03 -4.594703228305546672e-03 1.128392436044693518e-02 1.304141813418200398e-03 -4.753958598538638759e-03 -7.701221332617925672e-03 -3.067102767521516548e-04 -3.633032471132279038e-03 9.092094076887674179e-04 -2.382138486944734813e-04 -5.829311605259923125e-04 7.551254095641685409e-04 -2.417439042630743079e-03 -6.499224835397182914e-04 7.046953672857831415e-04 1.069353022401160237e-03 6.356422419431206590e-04 4.385529881800322529e-04 -1.454858877456773536e-03 5.902202653987335046e-04 -3.733616680290835748e-03 8.086429869019844379e-04 -2.796138439812142530e-03 7.162252325484074183e-05 1.424076344827166418e-03 1.056872738912363439e-04 1.633369400965094427e-03 1.748384703961220062e-04 -1.574023515926447909e-04 -3.067400588346895583e-03 1.018764293121637333e-03 3.397564531538685949e-03 2.315491955327434164e-03 1.442069317905952789e-04 -5.278112767065860217e-04 -1.551166098477872648e-03 -2.005840927409588414e-03 -2.716693353276610824e-04 8.948044280205685527e-04 1.748900216736122603e-03 8.857616096469089024e-04 1.349489297394606277e-03 6.097041869932357850e-05 -1.822443467108750964e-03 -3.691301328975380379e-04 1.976014711317471834e-03 -2.729111004719607728e-03 -5.496093601178557176e-05 -2.051108689972598316e-04 5.950880682632965100e-04 -1.247897318140261296e-03 4.017712928566021815e-04 1.558560113661776672e-03 -1.177294249082133345e-03 3.304328443195977678e-04 1.479912513207139657e-03 7.646289818527675450e-04 8.794899479355438709e-04 -5.480220332630885783e-04 5.467839526195330743e-04 -1.478447756397190680e-03 7.202267106037944745e-04 -1.752960630394074419e-03 -1.955092665655497049e-04 5.342769708805722049e-04 -1.457124832646779667e-04 1.849604018778572636e-04 -1.477116857149012898e-03 1.147554261816723532e-03 1.367357893282837057e-03 5.129330637772367774e-04 -6.661389427813507475e-04 -1.363076178323743533e-04 1.042968648251780617e-03 -6.023122827593205178e-05 -5.312619278475956249e-04 -1.524738577870457090e-03 1.540249544856599987e-03 3.119033552856866412e-03 -5.512407512921436645e-04 -1.105151880559703459e-03 -1.500262557019095056e-04 1.982584435284173632e-03 -1.798138803296341895e-03 -2.710990574471797317e-04 7.132414387914276553e-04 -1.212628825674357327e-03 2.631026433287980324e-04 7.278988034712134333e-04 -5.347622868307451774e-04 3.036942407444143469e-03 -1.474558535726977265e-03 1.437879935615984841e-03 -7.207791779378784668e-04 -4.718496161486621359e-04
-1.925025333442904885e-02 -3.389677983998896915e-02 2.201971821764649867e-02 -1.447297192539584096e-02 2.018499050241848169e-02 -6.360064411781544969e-03 4.925452249651430907e-03 9.898018154954710268e-03 6.792799813209154935e-03 -1.422327701368337246e-03 1.094486644214712548e-02 1.597003480320183851e-04 2.942929321131040974e-03 -4.702738138751804027e-03 -6.210241277137459708e-03 1.830389060154789761e-03 -1.403185616610135283e-03 8.386259839081142316e-04 1.406212052984609322e-03 2.369212481471082068e-03 1.885855361643255356e-03 9.017362137852426968e-05 -8.419567800289755885e-04 7.450393181986852758e-05 3.147897258582333800e-04 -9.668379691367745337e-04 -1.536767847219618543e-03 1.193266806224478220e-04 -1.020807463984080201e-03 -1.743839727900133030e-03 2.311086159076766906e-03 3.487203592934134868e-03 -1.062958733820215012e-03 -2.614478012352680018e-03 8.439419683813088055e-04 2.186379260859166312e-03 2.016307477771456681e-03 1.864945289312640482e-03 6.346524919233160816e-04 -9.629257530154992396e-04 -1.427537214848521342e-03 -1.046988364548717817e-03 8.128440183759218359e-04 1.477939946663138992e-04 -1.309428497768518745e-03 -2.019611746582618793e-03 1.212524327282270059e-03 3.336434924940123183e-04 -1.123471805009720794e-03 1.438815319278121925e-03 -7.203441950707304428e-04 2.116359802011458062e-03 2.647115990562028576e-04 -1.331992628215769928e-03 -7.081196139718770024e-05 -8.501565698712891788e-04 1.648887450721446199e-03 -5.663076724230859055e-04 -2.278432522783573316e-03 9.051544273581369707e-04 -8.174530126577278337e-04 -1.790526143567524372e-03 -1.636486293961792555e-03 -3.362507551796051816e-03 -1.063972000415623533e-03 -6.831772405276996269e-04 -6.054223614189912974e-04 -2.174328727173948121e-04 -4.785468395073169028e-04 2.754682376760527775e-03 -2.090161851654591136e-03 1.281770917103047152e-03 -2.192743006663179593e-03 -1.429207429325308370e-04 -4.251948414028302713e-04 6.508228816045384061e-04 -2.610251958315842544e-04 9.415503090511561767e-04 2.444305038865397361e-03 -7.926270979841603488e-04 -6.147402130520969194e-04 -6.829991591977147957e-04 -7.527801569580259890e-04 -1.970058656836341186e-03 -1.023896859565424314e-03 4.494780450459696756e-04 -5.223167421216621419e-05 1.228093260591886808e-03 8.663049581016843935e-04 -2.655481980528422463e-04 -1.226568918682774531e-03 8.971618125443972698e-04 2.665778816448922516e-03 -1.358391776597153580e-03 -2.146930076842168498e-03 -5.300622714526692430e-04 -4.632643444094371285e-05 -2.452717569389774570e-03 -1.649469372440078973e-04 -7.085195513646989169e-05
-4.896887592549502982e-02 -2.719598811737593616e-02 2.677285959862979459e-02 -9.345391667590836546e-03 2.313494277299269625e-02 -5.256141507921827626e-03 -3.000101209536480858e-03 5.754469064664634662e-03 7.602252188280216955e-06 4.677874516274924989e-03 6.599096217271302987e-03 4.027528946964262918e-03 2.458169425401811933e-03 -7.181627998756001836e-03 -4.510912736749994080e-03 2.312316526385461719e-03 -6.834310613013375862e-03 3.269171998065888152e-03 6.312287124191386968e-03 -8.908170264139643512e-04 9.218052562131387462e-04 3.444724614657398792e-04 2.306477025420731845e-03 -2.430863897696915188e-03 1.952251371260599637e-03 7.746647683890550695e-04 -4.861271217380414033e-04 -4.840185390455632557e-03 1.224846152931928327e-03 3.456487294479120616e-04 3.470804953484751191e-04 -3.076372190486568320e-03 -2.009346764537929021e-03 2.061824780966539563e-03 -9.291328368386039946e-04 1.210500202474988152e-03 -7.914244299897418280e-04 -1.072545474833283422e-03 -2.027499800729405839e-03 -1.111910402769620198e-03 4.612633652991669515e-04 -1.537326619796547302e-03 -2.174124897490552297e-03 1.700963721702998793e-03 2.425314075763156628e-03 1.441073895035211057e-03 1.299934874235407251e-04 -6.526109625163336453e-04 2.358626820539618842e-03 -6.426291673226585798e-04 1.268406860594298324e-04 -7.300406633856776047e-04 -3.590131458570262858e-05 -5.560829781568637272e-04 9.277922314925276040e-04 3.280022894353595039e-04 -1.577595636817043321e-03 4.209122988010408333e-04 4.526093739450026514e-04 -1.768705186069346102e-04 -1.804687241036439420e-04 -3.709560826035426893e-04 -2.049248201809899020e-04 1.052225489621962280e-03 -2.223229929861978826e-04 1.644669155065167816e-04 7.871850942411218839e-04 -5.657608325999982819e-06 2.944747777693918866e-04 -6.964957572497661393e-04 3.932991801735800518e-04 -1.613327270442486505e-04 7.137809614980687853e-04 5.881852356593886711e-04 -5.428318453079173257e-04 -2.347834035113144954e-04 2.845406810139294493e-04 -7.385623290323191934e-04 -6.059984328428630676e-04 1.051686679766084594e-03 3.675048345383557353e-04 5.124185585173763897e-04 5.299251708272868788e-04 1.314883007162437074e-03 -3.892577368981512808e-04 1.959770525559652874e-04 -4.693360472630448712e-04 -1.805302413760835980e-04 -8.587720724026224684e-04 -6.956515897793133160e-04 1.147589604088281235e-04 7.420229841320094783e-05 -8.099170668426231836e-04 3.459909463160893589e-04 1.210548213665823408e-03 1.055571643959447121e-03 -5.444719911284955039e-04 1.692800813119273032e-03 -2.349560452237661702e-04 4.762480502723322206e-04
6.649194705929406535e-02 -4.696355191551819519e-02 -5.253621078372870679e-03 4.848490421909185111e-03 3.443308111815893743e-03 4.161799486422645099e-03 -1.399596711259082013e-02 1.779885564266218273e-02 3.718197365436275333e-03 -2.941536376741243040e-03 -3.253776402131763543e-03 3.226982007049888218e-03 -6.021611231587844018e-03 3.469438626945713262e-03 -1.670112952051969885e-03 -1.304274159529518733e-03 1.274470226526130739e-03 1.757949532671910660e-05 -1.322385265627453333e-03 -2.296409259989520921e-03 3.954954962128390088e-03 4.170975132775700859e-04 -1.167806108766725193e-03 1.432501260268841288e-03 -7.121099322143952665e-03 -2.130587182112292453e-03 -1.524952173116378212e-03 -3.075543670879890730e-03 2.231970463543196670e-03 9.110900278109735012e-04 -4.302615162943783551e-03 2.845139281149730234e-03 -3.685051180734983355e-04 -4.605292136184666063e-04 -4.176477343918036898e-03 1.587850580556751407e-05 -8.368669371693231770e-04 -8.924937744254371431e-04 -1.432664995405087075e-03 -1.917293274789677647e-04 2.672691418641073673e-03 -5.976258761859824494e-04 -5.761156491217264046e-04 -2.270992344184390947e-03 1.906455712287079838e-03 5.079617883922011570e-04 7.415589956005962319e-04 3.475819465573044527e-04 -2.164765999676853368e-03 1.196462888945815312e-03 -6.431069642474579809e-04 2.339175860157380413e-03 3.078321218625742475e-04 -2.915195544278114531e-04 -4.441252035586828973e-04 -9.111961044726161812e-04 8.260720535520646533e-04 -1.011759102660893120e-03 1.008599488476593373e-03 -4.402385339019147261e-04 -9.260304244159071451e-04 -5.304416890654131667e-05 -5.745195116780157192e-04 -3.181418779826715448e-03 1.234537877162335349e-03 2.096016569892416703e-03 1.837410518098801749e-03 -1.663033375868525933e-03 -9.536886009003149199e-04 9.845863625571726202e-04 -6.466049966320249051e-04 8.497121758117778681e-04 1.706458183992596222e-03 -9.501625966368955025e-06 1.874537939597147604e-03 1.048841996189710376e-03 -7.831070832018261884e-04 -2.463896068772153912e-03 2.043926785350206417e-04 1.377627351210735816e-03 1.306955644384856236e-04 1.737435077551067845e-03 1.949048735745317418e-03 -3.018915160249760658e-05 -1.842756574530550386e-03 -1.706261855091772495e-03 2.564099299892712465e-03 4.895047121156819413e-04 1.863561257401242155e-03 1.195942837576024348e-03 8.530429868555657264e-04 -1.613852186509042407e-04 -1.023650356328237613e-03 3.594346771425360005e-04 9.351111775211658162e-04 -1.943509962430602610e-03 1.628761163653041476e-03 -7.434212731241936949e-05 -1.489200168965999164e-03 3.028676585717479295e-04
2.740614116348342663e-02 -1.871992605700716072e-02 -2.409560917967663862e-02 2.546553407538714939e-02 -8.689444694136513186e-03 4.563121790759017138e-03 -1.220524806357410445e-02 1.896197540405691537e-02 3.956444465649200555e-03 -5.733252416599081067e-03 -5.678945997495129377e-03 3.744640612182194837e-04 -3.686256769864179952e-03 2.058991536104538128e-04 9.453910438900298098e-04 1.088867517166008242e-03 1.242164253124756210e-03 -1.174469419591921355e-03 -1.401669339382667721e-03 -1.803994408308738986e-03 1.871500891233763772e-03 -1.474790113485474185e-03 8.672559426454270375e-04 -1.265284590718289155e-03 -4.110485533805247928e-04 -3.582176822230868744e-03 2.749668190827735809e-03 -2.127750722494280849e-03 -1.308973283980530014e-03 3.284321967030938926e-04 2.533359886673913763e-04 -7.489328034976236925e-04 -8.380217858073983096e-04 -1.649996527158348423e-04 -2.889946790441982275e-03 2.738938727417207421e-03 6.063308148601828651e-03 2.235735571581839564e-03 -1.361831534927272433e-04 -1.079367296066930217e-03 -7.702113428010821461e-04 -1.533576309690997926e-03 8.421781580256567550e-04 1.694082576038548425e-03 1.500227409417657573e-03 5.413534713506497602e-04 4.680522470044103794e-03 1.639330912768774992e-04 -2.769857831575819082e-04 -9.047173286153429228e-04 3.792654429444420900e-03 -1.755648260844096167e-03 7.251952763664471814e-04 1.269725824495328325e-03 -9.709508722386056079e-04 -5.409075722164049865e-04 -5.476812354868534904e-04 7.070074080924887861e-04 -1.094502936423911738e-03 -5.292039264386639652e-05 8.918635575044460461e-04 3.251813394879077995e-04 -4.987744490166442926e-04 2.072323324322178969e-03 -2.164383207531537774e-04 -1.103884266153099848e-03 9.644792702891253570e-04 -3.222712113628249794e-04 1.171946739195876727e-04 -1.554186304735900783e-04 -5.389163154129540710e-04 -2.640447374957923627e-04 9.457507770448628649e-05 -5.115587180941287126e-04 6.790088277149950021e-04 -1.120028028075891347e-03 -5.242656895684313229e-04 1.008697243151045328e-03 -4.860664316898029411e-04 3.141413729092997799e-04 -5.666894259787556279e-04 3.790440091410313410e-04 -8.952155034271278792e-04 -1.367803768826726684e-04 2.138852585471785750e-03 -1.463992436397281499e-06 -9.694040591417718740e-04 3.140610500048281596e-04 7.433256743814973437e-04 2.050041897502288260e-04 -1.096428582280182390e-03 4.193746192731603937e-04 8.975528290779499307e-05 -1.061483659786294611e-03 -7.139029016380216055e-04 -9.139267540377794992e-04 -3.278385727466953409e-04 -2.933372504654012001e-04 3.668475836376263528e-04 6.185699198126149833e-04
1.273536720864369420e-01 2.134402914582756404e-03 -1.317472392935648863e-02 1.564084723472441291e-02 -5.976310741765010395e-04 1.217323007531181077e-02 -8.275464099430678705e-03 1.023130771466673229e-02 -4.795422190234146500e-04 2.196081280698266181e-03 -2.197908017770857313e-04 -4.162379711519015486e-03 1.553486455355937174e-03 7.408958275909525689e-04 -3.850979866767447997e-04 -2.615962600074828691e-03 -1.283729851426609067e-03 1.415958463391444287e-03 -2.067641219845108534e-03 -1.606048847408013663e-03 1.913176781903596496e-03 6.056017558244173671e-04 1.039895962899183663e-03 -3.653130789631431515e-03 -1.367550845431904968e-03 -1.656056583407904386e-03 -7.603012970149041101e-04 -6.465076853709190302e-05 -5.789475422577414340e-04 -1.715846369293756854e-03 1.878891443678881983e-04 1.659107579265276097e-03 -1.705209161797530083e-03 -2.720762861127890074e-04 -3.816258062642788849e-04 -7.493980911959902905e-04 2.651625441376002056e-03 -3.089865161685791914e-05 7.275534398050737938e-04 2.277405031260081470e-03 -1.576567460265148116e-03 -2.369922422423080891e-03 -9.432654773512397966e-04 1.367094891306344174e-03 4.919783672618109269e-04 3.715058448650909343e-05 1.656441699816748150e-04 1.251199507564132148e-03 8.327146488545301333e-04 -9.658975601161274823e-04 2.257698076428961507e-03 -2.381130483172505931e-04 1.014116319217788723e-03 -1.482759670188221702e-03 -1.629780433778920822e-04 -3.065262788871602178e-04 -2.450480733864829255e-03 2.273396084532776189e-03 -4.300641086842857679e-04 -1.423688046850901028e-04 -1.911627735499228523e-03 -1.031361279650010350e-03 6.690986944132174897e-04 -6.818624338356767860e-04 -1.710826691095755636e-03 4.105404561215315320e-04 -3.015717400495250902e-03 1.004207377020916022e-03 -1.136619896071847807e-04 -4.481297822081467975e-04 2.988609813344116485e-04 -9.480412481925235522e-04 -1.942803534228396004e-03 -6.801724979468600071e-04 -1.738432150690282830e-04 9.913404775495301448e-04 2.109133655376419381e-03 2.933747476309004395e-03 -9.423996622517828324e-04 -1.258476581614279867e-03 -9.468814453637110825e-04 1.161030943729230737e-04 9.998857806793627883e-04 -2.792440997813321751e-04 -1.700678332697602713e-03 2.518518572692760591e-04 5.694219409141108076e-04 -2.538877631103943124e-03 -6.926058309814493415e-04 -1.565936900387587274e-04 1.315377027876508400e-04 3.131757854839515459e-04 -5.740261688041891014e-04 -1.820213073252262758e-03 -7.742678316842507976e-04 -1.383082586140670610e-03 -1.504137927690897417e-03 -3.487947089380969562e-04 -7.285286927628224643e-04 1.402804631474362934e-03
9.595497084938163501e-02 -4.958613405016060183e-02 -1.271423862865026302e-02 1.074526743950526830e-02 6.819612961956616863e-03 9.922394472439163924e-04 -1.220391217229867958e-02 6.283606060498318768e-03 2.636177158532027748e-03 4.935636599241548933e-03 -3.202964604552412456e-03 4.965364017825188263e-03 -6.983523092169773711e-03 3.223896734115260301e-03 -4.676133275322478210e-03 6.570189133514230204e-04 1.498479413628746966e-03 -1.049557430941611179e-03 -7.741634363950696245e-04 2.437277335115171136e-03 2.671134836235764367e-04 -4.467783696436696743e-04 1.460087634231069026e-03 -6.735262937014976133e-04 -2.654055447358745316e-03 5.504724057250228982e-04 -2.288657747376247626e-03 1.145468850229043600e-03 -3.434899293970255845e-04 -1.503775320675092330e-03 -1.519979459775574028e-03 2.463199149676162641e-03 4.770471248700423948e-04 3.467035010175637064e-03 3.066549749390435568e-03 5.281298708169391046e-05 -3.843453943252030016e-03 -2.623203176372805850e-03 1.126540006891339155e-03 -3.390459161874989722e-04 1.501731642679541758e-05 3.420968043740722341e-03 7.184435697102913455e-04 1.480821328106441542e-03 1.526699663797983933e-04 1.786366140615049884e-04 -8.249223597789382637e-04 5.895418343857752744e-04 3.146652656084463016e-03 3.759389289646125360e-03 -1.791596322480343978e-03 3.950265058793546642e-04 -1.551031934794652300e-03 5.260266429493127695e-06 1.912020245899219992e-03 -3.580724701435217608e-03 -2.119110723689111679e-03 -3.541246237052401644e-04 -1.744301850872045641e-04 2.352269383737114281e-03 3.134181915590428334e-03 -2.512488302884097798e-03 -1.422123261179532609e-03 4.230455679253024640e-03 1.691014568280235384e-03 -1.647064449592434629e-03 1.137438980891645172e-05 1.309547510549089432e-03 -9.535548657983364653e-04 1.407608674576259515e-03 -2.587181188651397823e-05 -1.421360966137177407e-03 -1.209051816076030586e-03 -1.565050595806763423e-03 4.658156740424850874e-03 -6.110097851972232444e-04 -1.926737752532970164e-03 1.263290501692184570e-03 -1.042300008140101134e-03 -1.412464991825663585e-04 -1.812497310318848028e-03 -1.135583577446534287e-03 -4.219966752677459113e-04 -1.152420545552468789e-03 -9.803360305592223080e-04 2.728245865460649129e-03 6.658328970971208634e-04 1.766384046014046055e-03 -1.342698059877012011e-03 -4.138613114953016260e-04 3.589546117391389244e-04 1.293355507574846567e-04 5.039043529370691293e-05 -2.487266347120535353e-04 4.371441382924598279e-04 -4.683542671025063813e-04 -3.337257851730285308e-04 -1.982877653160275454e-04 4.310125048808769463e-04 -1.228862659589532778e-05
1.824006018813588703e-01 -3.487056334965875359e-02 3.432056035992595792e-03 -1.435901557690074520e-03 -6.896462284288092104e-03 2.060377507214862080e-03 -1.034873473104223028e-02 -3.342567842653963381e-03 -4.713293773816757543e-03 6.200343892254506911e-03 1.944921369856867201e-03 -2.252398481106141111e-03 -2.847579979797248799e-03 2.975325277369420852e-03 -4.372507938565820852e-03 -3.053550634062170751e-03 -7.728905947765460837e-04 -1.342168526158427511e-03 1.524409281353721578e-03 -2.415067176745662719e-03 3.130595209206324479e-04 1.677404367122199572e-03 -2.262858837812079665e-03 4.282824274683676049e-04 -7.808263507933564749e-04 4.558864720271038271e-03 -1.941805027945507026e-03 -4.089203656255025929e-04 -5.511939326109793888e-04 -5.759083452357561909e-04 -2.119845233191632267e-04 1.701064197203217259e-03 3.722779136646300240e-04 -2.936215226799101900e-04 -1.613092710886067241e-03 -4.105006607196450149e-04 -2.513297646221589535e-03 1.927613614357653188e-03 1.154045202152509603e-03 -3.692474190138257629e-04 1.464460562265197836e-03 1.123468416678516857e-03 -7.157255358110157367e-04 -2.729454295581859201e-04 8.028048544671612585e-04 -1.532300936847711932e-03 -1.471315586228170286e-04 -8.107028584156180523e-04 1.298147476422012664e-03 -9.530083242640636056e-04 -1.008777782701517410e-06 -6.167215420875614505e-04 -5.298040512636833328e-04 -2.124821687640035344e-04 6.291316235324755752e-05 7.613480668683651363e-04 -5.875728348061551570e-04 -2.860123922180180856e-04 -1.604484653140746987e-03 -4.705065628805325871e-04 -5.419912261331470606e-04 1.297329838566548075e-03 -2.475119990509551567e-03 3.535634350408634031e-04 -1.717637057726732839e-03 -1.437496468646140470e-03 7.379098029173163185e-04 4.382991779440390196e-04 3.509910597902106931e-04 -6.132672801945027131e-04 -6.032984727219274082e-04 -1.012367155291657916e-03 -5.802344241237921861e-04 2.229812545723901306e-04 -2.149602350074044429e-03 -1.662237386542568139e-03 8.065022581845775152e-04 7.831200042719356665e-04 4.563486187253023045e-04 -4.039773527670440629e-04 -1.251431662797087565e-04 -1.129259211638595183e-03 -1.914926369547054804e-03 5.274239420804341253e-04 1.832562212001177934e-03 1.675813437033872371e-04 -7.308443105854101713e-04 -2.705138833494057787e-04 -1.078754960766318627e-03 -1.833705730563925688e-04 -9.793495120355170860e-04 -8.594882060167249958e-04 1.658421034790365234e-03 6.535641719041324548e-04 -1.365025841713232279e-03 1.937985619076084375e-03 -1.420909681069408754e-04 3.981778607014332949e-04 -1.841769732177705662e-04 -8.959552141019995128e-04
8.069985698719997491e-02 4.101935122633516839e-02 1.507263197236897133e-02 1.838736079267088168e-04 1.735507416297368127e-02 1.843981519596856952e-02 -1.612551149787872905e-03 4.863578402460467642e-04 -5.345224650935270945e-03 9.012657811302145997e-04 -1.689465907351813930e-03 -1.247877676619284573e-03 3.417139150079012179e-03 5.278999066796646921e-04 3.378092282005618042e-04 -2.234245726623194494e-03 1.365443642774374564e-03 -5.383507943270845163e-03 -2.026901917380590553e-03 -1.199743647298712971e-03 1.707836771009427429e-03 -1.109084838077865334e-03 -1.023393057027095114e-03 -4.027824785147597272e-03 -1.317900663638536156e-03 9.988255755319301165e-04 2.176800405739159720e-03 -2.096750509865262513e-03 -3.440162112415089796e-04 -7.108532850723265359e-04 -1.817441012698005343e-03 7.625338360444384577e-04 -1.679164627523216467e-04 -5.853716757234286036e-04 2.819404135103357068e-03 1.830631107955687457e-03 -3.897602320478007424e-04 -1.273005241958198065e-03 -6.210749127014680024e-04 -9.161852408778248724e-04 -2.396714046685611849e-03 -6.102279502218369489e-04 9.874477647717563606e-04 -1.061013556804556212e-03 -1.289785569661652429e-04 5.436408167028475681e-04 4.819818169251678447e-04 -2.139277874650302030e-03 -6.144403944773526986e-05 9.224551838117043320e-04 -5.103229871989885822e-04 -1.531011856252557229e-03 -4.131589256453008750e-03 2.663759431933711806e-04 -2.356374884572580062e-04 1.805786881295499881e-03 -2.033763375051755341e-03 4.813661798898021091e-04 -5.052247680751158513e-04 1.224181146002054814e-03 -3.275726418259385531e-03 1.017765907028336022e-03 -1.105111979327220431e-03 -1.134731996160853176e-03 5.915062340850264257e-04 2.537458121918313367e-03 -2.441885237198531625e-03 1.027653474447465156e-03 1.734192949934019101e-03 1.556399702680497099e-03 -1.268365154593368519e-04 -1.744046509904023916e-03 4.866033323410311629e-04 8.686837542581496213e-04 2.945382256411645250e-03 -2.240282926190747539e-04 1.239611982289454042e-03 1.417525458279058357e-03 1.242152157005063737e-03 -9.019955732582890908e-04 1.552511432667202755e-03 2.599077408505388789e-03 2.074499612430035118e-03 9.321124878954097515e-04 5.256814354183294950e-04 2.021195717447930428e-03 9.161623966846581995e-04 -3.956677806447281049e-04 1.170556523786056092e-03 -6.340856161416958759e-04 2.080033425375044445e-04 -4.985577563172556266e-04 8.786085443486361685e-04 1.060571355776038357e-04 -8.323926060088605470e-04 1.322987570954347030e-03 1.766591567350405724e-04 -1.051336042404187737e-03 -8.007253210047517394e-05 -1.656911590187935585e-04
1.369421013372716933e-01 -9.766291112081345802e-03 -7.448781562427595621e-03 1.043123012260780899e-02 4.203379523413843660e-03 1.201486348128534033e-02 -7.118225401568721578e-03 -2.177756641608157104e-03 -2.563487602418803787e-03 1.523179297710291168e-02 -1.616246929885657518e-04 -1.190644522271653476e-03 2.016225535628531507e-03 7.037971084086825681e-03 -2.151809163142051704e-03 -4.603530823640543564e-03 -9.298738957185673573e-04 -3.519989823222141774e-03 8.659167767208139903e-05 -5.237246666754701886e-03 4.084708253650196595e-03 5.862650771057075459e-03 1.981583079913773384e-03 -1.598845652188609105e-03 3.625949960162970671e-03 9.419152352218842714e-03 -2.686073658600458217e-03 1.177688480078640555e-03 -2.539057700535212684e-03 -6.153923087327919147e-04 2.814309335345582547e-03 -2.131732999296825307e-03 4.365411118808959663e-04 -4.568692561341911062e-04 -1.035616597241948008e-03 -2.622434801964150237e-04 -1.339868565551518079e-03 1.137837245238791347e-03 3.672892555180018795e-03 -3.006063578524832431e-03 -4.948152823181881533e-04 2.712982039681942695e-03 -1.109559921748605373e-03 -1.784967323840313657e-03 -1.067932975089526599e-04 1.341479016300019299e-04 3.955281943950818280e-03 -3.111112465671649432e-04 -2.590203233313434668e-03 7.154012682714173997e-04 7.176303652145787654e-04 1.401248025401587854e-03 -1.508256617374885726e-03 2.583033169685274282e-03 1.359277927548266374e-03 1.226534921892987991e-03 3.076764411765802940e-03 -3.081143999921958439e-04 -1.695700155404269820e-03 -1.735437435421236657e-04 2.532317818855564593e-03 -1.090581943063380398e-03 2.670149082271858296e-04 3.702529763311968839e-04 2.271844170810908138e-04 -4.461036345658934781e-04 2.473030314546321475e-03 6.487415330794559995e-04 1.892322335347104137e-03 1.253213419655819518e-04 2.062921355219092534e-03 2.746362618712654916e-03 4.665142349223777606e-05 -5.641090601861451599e-04 1.195218937912375106e-04 2.318121152728957763e-03 -2.952031001582291624e-04 1.187445249611697277e-03 1.642319923440678465e-03 8.343602634140821327e-04 9.546136919785047593e-04 1.638014043019550515e-03 1.138313957458485931e-03 8.368084124036871295e-04 -7.712787968732861318e-04 -1.500255800269346702e-03 -7.626804219907146794e-04 4.731659001839851877e-04 6.084982585977901683e-04 -7.812185485417346862e-04 -7.529169804980560777e-04 5.426795171545316680e-04 -1.165329174300079547e-04 -1.051608121860200470e-04 1.427752208027939236e-04 -1.166160276209814856e-03 -6.198458060578141088e-05 -9.421913593529172338e-05 -1.351742003183953116e-04 -1.386144817474328371e-04
-2.331825973350886913e-03 -3.010686967498759151e-02 2.351516686911417613e-03 -6.222862136711720948e-03 2.348843621991108382e-02 5.970065545712103204e-03 -8.229776872073163094e-03 7.665547126087242195e-03 2.452416525984348755e-03 4.838641186161988031e-03 3.821234303603378291e-03 2.373916159644863088e-03 1.171649585435032784e-03 4.420586251346955188e-03 1.328954633595417481e-03 2.331090092867789051e-03 -2.408517882683187169e-03 -3.157368804123272116e-03 -8.998864599766639863e-04 -1.683703848685690454e-03 -1.836919408745610934e-03 3.574493339324989315e-03 -1.991418585547429128e-03 1.297874365974212817e-03 2.599053712886317726e-03 -1.034954664059648021e-03 5.104539216911306576e-03 3.252433619057252829e-03 4.728306082733503470e-04 6.247398019834904913e-04 -7.645459450219616645e-04 -6.341848412586409238e-03 1.351301269810806140e-03 -8.001908547618178519e-04 -5.600769258120583301e-03 3.249028252959873693e-03 -1.834543913894797135e-04 -2.309932954267060988e-03 1.083889664015714365e-03 3.648409334778121918e-03 4.731008716768844886e-03 -4.240099348508911611e-03 3.791763386106280272e-03 8.845196293434428713e-04 -3.939980981428120241e-03 -1.651033841160284756e-04 -5.767696988611403786e-04 2.380531077851017700e-03 -2.160936969627849820e-03 -1.371769172967979462e-03 -3.502390507878367157e-03 -1.006958894284110459e-04 -6.529072305841888838e-04 8.426500629420643389e-04 1.687949257229155297e-03 2.960740125646508830e-04 5.771019828055471259e-04 -4.245858197149396558e-03 -9.148354320635600787e-04 -1.550710064067097396e-03 5.993351146394766162e-04 -4.762019976632418856e-04 1.504343766494869094e-03 -2.322702232617364880e-03 9.895658245905522826e-04 2.053332519745071577e-05 5.271848738333593902e-04 2.311921442177366538e-03 4.232756291466381230e-05 4.809129001215893041e-04 7.381412418489245329e-05 -1.312831887301551658e-03 1.288727974265986174e-03 -1.948498518541334984e-03 1.145066901471042051e-03 -1.476141825503177792e-03 1.690170094086876481e-03 1.735529704790835046e-03 -1.693363001888156544e-03 -1.079857026819242829e-03 -1.101196085117002021e-03 -6.646836614539110722e-04 -1.909720863419870815e-04 7.550499016513299204e-05 9.980623035237324876e-04 5.368754945569929318e-04 -3.080779116258665091e-04 -3.705079529748302961e-04 -9.395222383581008701e-04 5.799314101260832693e-04 9.304822350420585697e-04 -4.344457751282456521e-04 4.596047662261480812e-04 -9.239693196770689581e-04 -4.948218746459799892e-04 2.201514967417269892e-04 2.505894849637872908e-04 6.497514162751622966e-04 -1.005433310175334277e-04 7.785191474687359848e-04
-7.402324529769759021e-02 -1.248994508427761670e-02 1.402357671026443521e-02 -1.898327827276361348e-03 1.033678654616343971e-02 5.395496664906971988e-03 -5.903890145240679906e-03 2.385422924821276307e-03 -3.077861218358356448e-03 3.158451067618023213e-03 2.444430702826603814e-03 -1.399504355790137785e-03 -2.126866659214910783e-03 -2.892734979914027629e-03 4.150807303714178220e-03 -9.121617703952324000e-04 -3.290362731233029657e-03 -3.280685629646331800e-03 5.272177622001422660e-04 -3.933157138148396861e-03 -6.331574718041862917e-04 -1.193351422654535116e-03 1.756627457722744661e-03 -1.067936931931149237e-03 -1.230043050618696192e-03 -7.561040061493774040e-04 3.084486892946386536e-03 1.180128712837766368e-03 3.517218115056718400e-03 2.516367412719106543e-03 8.694930536988625678e-04 -1.978746989965292444e-03 1.024159878283599024e-03 -3.048729979702687054e-03 1.368492257802752577e-04 -7.640318713218244556e-04 -1.726401957241660524e-03 -2.075365718396697729e-04 -2.153089044428985513e-04 -1.860484013043929141e-03 -2.190173915561491758e-03 4.767460190118162698e-04 1.333574053504764281e-04 1.420002302118615134e-03 1.536086675959324414e-03 -1.369105128023890118e-03 -1.067161819341771361e-03 2.261241667198972925e-03 -1.596623694684826513e-03 2.395679334011296003e-03 -4.739433053038783687e-04 -5.790669486053751742e-04 -7.129394134777004280e-04 -2.731176438680106219e-03 3.113096021140093783e-04 1.623280174085760729e-03 -1.039037731622603680e-03 5.211262120458328350e-04 -8.019526306985082665e-04 5.607927281238122950e-05 2.573177409842210793e-03 5.342282823543340140e-04 4.030094537467852791e-04 7.197661828705512145e-04 -1.881844950912478238e-03 -6.085709808124757344e-04 1.486182455386302427e-05 -2.062991196335925079e-03 1.662161708740640719e-03 -6.209164588482632072e-04 1.205131761453329337e-03 1.976531198809843438e-04 -2.118942882595811934e-03 -2.461087679225942024e-04 9.647197528975347399e-04 2.143342998055148304e-04 -1.309497394956172329e-03 -1.380298056156235116e-03 5.540380469245854977e-04 7.701489368812015381e-04 1.663990161948790056e-03 -9.911491406134546704e-04 -4.229655708965263149e-04 -2.702007362848260312e-03 1.223509278046387358e-03 -3.051911046450532148e-04 -6.711697656473570358e-04 -1.901698896464897818e-03 5.278538125468702855e-04 3.307837781283881444e-03 6.804335250915746411e-04 -8.622306231511415444e-04 -2.391436720453272817e-03 1.130715998871671159e-03 -1.919603707965924578e-03 -6.497317828378165608e-04 -1.786571324908697422e-03 -2.374407221655096007e-03 1.964594442219896615e-04 2.797307431203553511e-04
-5.242340204930744790e-02 3.019726163614816494e-02 1.764909990640256077e-03 -1.198697523501784544e-03 1.239928544174788948e-02 -3.242899001431839064e-04 -1.185678433645418091e-02 -2.006585415529350044e-03 -3.033893059619163085e-03 1.820606164154143407e-03 -3.447840638945292267e-03 -3.244930485958275827e-03 2.384369779702542880e-03 -2.869313419138356906e-03 3.714307160628804987e-03 4.667091037504486010e-04 3.220821164181578936e-04 -5.510079087883439433e-03 -5.925505860166318780e-04 -1.949296098187351580e-03 -1.660455057884584629e-03 -7.021284301994975500e-04 -1.919036478623237230e-03 -4.492856551722115843e-03 9.041793540346976807e-04 6.145718626976963287e-04 9.390385465199385477e-05 2.856749873305989272e-04 -5.504654979849017780e-04 -1.060446950713391737e-03 -1.856279131042118955e-03 1.634355918512411354e-04 2.667677113860860653e-03 9.348035535494859808e-04 2.624786547944482802e-03 1.124293758294837896e-03 -1.086888483361959229e-03 -1.353040753823134788e-03 -1.160947164528855231e-03 1.365450839698741732e-04 -7.696507850373936308e-05 7.237276281110304908e-04 -4.780709352764710520e-04 1.536256121660832400e-04 -1.389629974477117353e-03 -1.476440818066629499e-04 4.318123462092639535e-04 1.011355406067022261e-03 6.281525084934671535e-04 8.317088862598188016e-04 1.519247297626546500e-03 -1.029318977631464701e-03 -3.626289704111367723e-03 -1.241769250066968857e-03 -2.762916150523270740e-03 1.216686911784138343e-04 7.219598939857773236e-04 -2.603834903111385338e-03 1.108566720252576396e-03 -1.167382312811021590e-04 -1.492977720615662127e-03 -3.344698050083875856e-04 9.743784970005657303e-04 1.693838267659813612e-04 2.629506288856865498e-04 -5.996337388265820774e-04 2.550789718072810769e-04 4.431166907800805068e-04 4.809494267418105008e-04 -8.018466787351903862e-05 1.661522629286836853e-04 -2.211810436691101500e-03 3.595280143037760090e-04 1.124972004967472955e-03 -1.539978590655565480e-04 -9.939421407527739298e-05 5.305130272603486357e-04 9.893759508921432574e-04 -1.051162215932996110e-03 -4.051115473012321033e-04 1.967854266135768589e-03 -2.891679711824546653e-04 2.432864963577810501e-04 -5.361502589838325296e-04 -1.219903614732409988e-03 -3.176641167139753873e-03 9.352420001718750753e-04 1.566694347945309486e-03 1.008900890530662741e-03 -9.329696719767685727e-04 -1.318365576507305814e-03 -7.961387115767522196e-04 -2.305868986230954522e-03 2.074984449197361368e-03 -8.689851678909808102e-04 6.873280202426779390e-04 8.608081916819066641e-05 7.239243850259763011e-04 2.736390516646735162e-04 5.004044854390273835e-04
-9.133709776583885664e-02 -1.446379119574426296e-02 3.301886346619660462e-02 1.288867921072880474e-03 4.185316227169151235e-03 4.920688459131310546e-03 -2.851188815376499118e-03 -3.857760180594588337e-03 -1.369765272531808537e-03 5.128099408461647864e-03 -5.963679159195972102e-04 -4.738084768643396156e-04 -3.459307265717356979e-03 -3.635336572031055199e-03 4.324282822558517432e-03 1.241564263137967701e-03 -3.441375963070573366e-03 -1.016541513915604229e-03 5.998388570306015417e-04 -3.808890780779240412e-03 1.716455978148961653e-04 -1.119983510851858821e-03 3.715698671003350348e-04 -4.664597592522507115e-04 -1.356742216022205523e-03 -3.040285472312968026e-03 2.650480342529755624e-03 1.558315289857001469e-03 7.516471107588197946e-04 1.362864834138721943e-03 -1.102437519993118391e-03 -8.957118536239822807e-05 1.103243642078272638e-04 -2.012937710573207278e-03 6.092100231081628474e-04 -6.737223231920233535e-04 -1.710048473982173642e-03 4.685108166521275395e-04 3.426325580514993203e-04 -7.957133955413705747e-04 -8.902108654640404975e-04 1.686022414482342456e-03 -1.634163945018722889e-03 1.971571715755045164e-03 1.070749149353771934e-03 -1.754048023491064584e-03 7.330081314404988924e-05 1.252264958017452643e-04 -1.248986420013439933e-03 -1.983189451255895879e-04 -6.367446255273761678e-04 7.992326748965994159e-04 -1.048572748827336567e-04 -8.276129121379113482e-04 -6.807503647400121047e-04 2.891678272226168539e-04 5.169589306516415590e-04 1.320436279089401465e-03 -3.538562807443602763e-05 -5.152976974423313823e-04 2.736966142516939621e-03 -1.374087214269258171e-04 -6.395987019070701024e-05 4.576776291148435829e-04 -1.244718436926807903e-04 6.581825090085230423e-04 -1.004040320861265389e-03 -3.137529259480043476e-04 -4.594765335516004740e-04 3.594869590017304647e-04 8.153224650046385791e-04 6.332194080594160876e-04 5.162427060962802763e-04 -1.252785856842846865e-05 -8.659792492245950196e-05 -6.213659017697977481e-04 1.109267799263220864e-03 -3.563447465029969796e-04 4.770728536737303270e-04 -7.486273771003623028e-04 -7.281572681996191987e-04 2.749390269463821692e-04 4.953091093742736191e-04 7.005364845917366138e-04 4.790471165543094671e-04 4.067790047074818708e-04 6.547478904587007102e-04 -1.324972402463177150e-04 5.931184373995941194e-05 -1.729408874317147639e-04 -5.958682070426880829e-05 5.772926349292963966e-04 8.859649421835068218e-04 2.827507440534610030e-04 7.698940450201574408e-04 3.345840722262657875e-04 7.875217550715750458e-04 6.948744905482074708e-04 3.362695224595691943e-04 3.636395106324385876e-04
-1.220667458355830307e-02 -2.838100989663840980e-03 -1.443516706123520836e-02 2.211420848639407757e-02 -4.397608344437938140e-03 -1.269134821120493318e-03 -1.305006359883791045e-02 1.929675953367701591e-02 -6.617039337146660540e-04 -6.796654051987025859e-03 -4.694282696277936491e-03 -1.104490562467114840e-03 2.140385311710589922e-03 -5.194463405410874217e-04 1.840428093598136475e-03 6.294709029667656789e-05 6.227909362361082985e-04 -3.081771990980843902e-03 -2.372795512792664260e-03 -3.716570979468070330e-04 1.154815997514260870e-03 -1.773574816832269559e-03 1.387455689304751411e-03 6.331669354562207341e-04 2.313464683316581155e-03 -1.375294642273101412e-05 2.224990649442806865e-03 -1.233834774492860095e-03 -1.299856263927129342e-03 2.331549714225873465e-04 8.782686269933111668e-05 -1.131448156556839175e-04 1.407505370243746119e-03 -1.212926794610720343e-03 5.181439249719754130e-04 3.021575584221202100e-03 3.667524302976453519e-03 1.756824082412047168e-03 4.256755824232743017e-04 -1.413907224699489538e-03 2.550586396385573539e-04 2.275733536856474042e-03 9.533141557472761063e-04 2.101601761255301234e-03 -2.131958847916297817e-04 1.045198015102537931e-03 -5.775497751837991049e-04 -3.914994704069349896e-04 1.698574378130316993e-03 -1.412613006822166810e-03 1.970957836137416427e-03 7.947593679997578620e-04 -8.965042525522709874e-04 6.887838481369708060e-04 -1.105019637274318466e-04 8.720983671992587087e-04 2.016064059326076849e-04 -1.762142659307074175e-03 6.895289460315953082e-04 -2.045573173906807974e-03 -9.770101422126982406e-05 -2.256288259363217383e-04 -2.470288508822747128e-03 1.683623817715775711e-03 2.747066934924309161e-05 -4.497019404979164131e-04 1.309103320900869075e-03 7.914630984275964308e-04 4.124626529466341482e-04 3.567809819609367265e-04 1.081234492063685515e-03 8.844169948865887587e-04 9.328821493585972170e-04 -6.027359330840746003e-05 -5.852501378092949498e-04 -1.285324951070086199e-03 8.481358247811838580e-04 -2.895419355736006720e-04 -6.381206665600381179e-04 4.373385705741630099e-04 1.923484722246566418e-03 2.101815306453954485e-04 -1.905559349454569477e-03 -1.805230153044146699e-03 -2.774448886508020282e-05 1.271660357839050036e-03 -6.095297757077571812e-04 -1.238283957888462739e-03 -9.418437425519600665e-04 -5.189535068201516594e-04 4.289232153726307535e-04 3.138767936501736175e-03 4.191732560631714326e-04 1.534531774562612619e-03 8.906045600419061061e-04 -1.205633024525682925e-03 2.465544910817945006e-03 -5.938391782368803102e-04 1.696007549953386677e-03 -1.084261332704299433e-03
-6.379374108072188854e-02 1.098072077631536466e-03 -4.451667011474307370e-04 7.076035668276629831e-03 4.062421191439993286e-03 -7.123912465219772901e-03 -8.429738978479586406e-03 5.240648247334927373e-03 -3.465169373420839971e-03 8.337360256499839421e-04 -5.386987708220111228e-03 -4.615133340290817222e-04 5.049017151321279553e-03 -6.111306930091080919e-03 3.924041665725389386e-03 -3.524657343184114098e-04 5.766993113869652195e-05 -5.870327127408657246e-03 -2.092896606497109818e-03 7.251025245942238932e-04 -2.590594370745548294e-03 -9.175689404873726670e-04 -2.097018748147975401e-03 -1.746136792623556979e-03 1.841407472949454756e-03 1.575420185103314739e-03 -1.188742711554026865e-03 1.115793547003417294e-03 -9.210435399420382075e-04 1.045507303982261445e-03 4.450829005336926652e-04 3.259404135344095015e-04 1.192436830475182823e-03 2.638931577326412981e-03 1.306129309525531999e-03 7.296441806506641283e-05 -1.289662864291251645e-03 -2.054580114648659785e-03 -2.744612350799112421e-03 -3.572306974904302062e-04 5.481107670777084087e-04 1.658723170573342095e-03 7.829661224408885484e-04 1.874049501354464590e-04 5.147079933826413265e-04 1.340883138551508607e-04 2.380367971646819413e-03 1.342687641181894214e-03 7.897168370875176690e-04 8.840983331428329184e-04 3.080663570178880217e-03 3.641056744339019936e-04 -6.231367126386957132e-04 -1.737521545602900216e-03 -2.604240296208419191e-03 -2.415615862932092128e-04 1.186683983075342928e-03 -1.961517274210423326e-03 3.867972061150589270e-03 -1.203933454965303842e-03 -9.459642346738546606e-05 -2.295509446336262051e-03 -2.369120170748677517e-03 -1.974879475858391450e-03 -3.505048219108460543e-05 -6.329284918161824473e-04 2.774515567895802183e-04 9.484954972000485393e-05 -1.949023176369636809e-03 -1.488558654880010532e-03 -5.832314978139140332e-04 -1.332162642292508475e-03 -5.588314103548810464e-05 8.403022386887640856e-04 -3.802007024838335533e-04 1.906647495056563264e-04 -3.137585923822355230e-04 -3.303320024509141133e-04 1.297799179756491139e-04 -2.765522256358656276e-04 1.619608604333431633e-03 -2.704059897495950365e-03 -1.053857238496594927e-03 -7.921045110725289870e-04 -8.276135907934846015e-04 -8.600396875831545261e-04 -4.843488437486946695e-04 2.426766169419978332e-04 5.592359083974525772e-04 1.774164429397048358e-04 -3.655220675173986964e-04 -1.710897626290665448e-03 6.683437885874156988e-04 -2.127348773661396492e-03 -1.019644384196194712e-04 -1.493609236502073260e-03 -1.029068185259569140e-03 6.093007322719757061e-04 -4.041574903571798147e-04 -1.075906166298953512e-03
-4.735524871395205282e-02 -3.113894294022733628e-02 1.511720181041609906e-02 1.030501649801559422e-03 4.530819244567508772e-03 -3.854447146367883520e-03 -7.990986570424733759e-03 7.025694381027722257e-03 -1.443135728035044698e-03 -7.460215822267215113e-04 -4.798847940437665424e-03 1.758236976412160153e-03 7.284111795115046951e-03 -6.964586775049565366e-03 2.955976338292734019e-03 2.153794085179148998e-03 5.510555382045441387e-04 -5.020090063128085714e-03 -9.164412363218343242e-04 2.907540175175703494e-03 -3.106696067705646581e-03 8.707719119926849317e-04 2.959838992168707119e-04 -3.743997172575377376e-04 -1.326504897262072201e-03 4.865233969958836398e-03 -3.303450267707158834e-03 6.959037328683853304e-04 1.854234751305848224e-04 1.122155787676926619e-03 1.470784134206842408e-03 2.612614823409372560e-04 9.979170017041078498e-04 4.350213027229832448e-03 -1.803418337559505296e-03 -2.568170013825156126e-03 1.174047302019081513e-03 -2.425380311408378668e-03 -4.043656930095500365e-04 -6.209619495199263962e-04 1.795822555275355947e-03 1.009927064207531092e-03 3.613443725824123931e-03 -3.702006105899547251e-03 -1.771435026564770372e-03 1.947246192255682211e-03 -4.062060120977309456e-05 2.758585037741189652e-04 3.383301543526965531e-04 9.230988187169624068e-04 2.855394130082302816e-03 2.930743134973560517e-03 1.020872364146804216e-03 1.577157613125101617e-04 -4.611860429584949822e-04 6.184813948150452842e-04 -1.761524543086575049e-03 -1.736228225919585915e-04 1.133149140716408106e-03 -1.255394323118623609e-03 5.309292136871291605e-04 1.287933386061693901e-03 1.059186567513994910e-04 -2.466756924979874449e-03 -2.987814823014904911e-04 -1.687460516408035042e-03 -8.694917276779911197e-04 -1.510439796666092176e-03 5.798667347994763185e-04 2.027350930785130640e-03 1.756771735794583535e-03 1.384522677693950717e-04 -1.125309288197708655e-03 1.721198171007676182e-04 -6.231026162541040058e-04 6.722898137263311766e-04 2.309895218448994531e-04 -2.203110509686131285e-03 1.519321079840601054e-03 -2.826342100195231260e-04 -1.485582414832377048e-03 1.182817444264069396e-04 -9.437433298583919371e-05 2.658409276594773593e-03 2.863076715434804270e-03 3.021208466132975154e-03 5.822267658992344745e-04 -4.426305478153978170e-04 -1.208026613034717889e-03 -1.512019959669737203e-04 7.530843000006551789e-04 2.511232801584027848e-04 4.546706091224078498e-04 -2.341043516460034469e-04 1.612220162141475305e-03 6.629584015666157388e-04 -3.889705219126007949e-04 -1.723254702727801098e-03 -4.266125864753792071e-04 8.091614239620946794e-04
-8.150066503880824820e-02 1.955293268133993616e-03 3.413196555997886905e-02 7.332820274749645003e-04 -2.645418393395116579e-04 -1.008165449692986076e-02 6.059677860843113665e-04 2.381919221695596046e-03 1.527606005850890448e-03 7.399296514571216017e-04 -3.707341482864669538e-03 -5.850605157688325980e-03 4.558853146232205028e-03 1.063379388056553618e-03 -3.490602612865407062e-03 1.487729661232638440e-03 1.482587529906346938e-03 -4.937678240252904843e-04 -5.497086483930662239e-04 -3.459154479803052198e-04 1.087040450434911213e-03 -2.403483144687544322e-04 1.563589501464852059e-03 1.421150968973467366e-03 -9.741961649817028682e-04 3.130010438627324368e-04 -4.371986245695561052e-05 1.633386163381798234e-03 -9.999609930820224733e-04 2.618206791613896488e-03 -7.833085904344403013e-04 4.150757022945605521e-04 -8.842444925097771692e-04 6.750751391521377532e-04 -1.797741210876974789e-03 -1.155436800047455722e-03 -1.140700481814017420e-03 8.646353487976806166e-04 -6.265174266106447514e-04 5.079483402491664435e-04 -8.014694288109871188e-04 -1.255877236159625788e-03 -5.968899285162495346e-04 8.290656743893564566e-04 2.253514284629582354e-03 -3.267848343949686938e-04 3.590075134796202059e-04 -6.431409814801381279e-05 5.021794508009604216e-04 5.721635125242433050e-04 2.817541932707280346e-04 -8.231750284636680463e-04 3.394909969447003676e-04 -4.985782838653438380e-04 2.692173682507386940e-03 -3.025011515663497989e-04 6.617128203652379364e-04 -1.651641309029927649e-03 1.214556083618791027e-03 1.503573389250430301e-03 2.330349830379855865e-04 1.444648036743085553e-03 -7.968152403597852235e-04 2.059614554505389931e-04 1.972311769633384525e-06 -6.004967815911082998e-04 -1.603410130434783191e-03 -3.482052029304728044e-04 3.203040717883644798e-05 7.410785902873901160e-05 9.109361059315486831e-04 1.018277947539625262e-03 8.236272794020126282e-05 -6.196369454609306979e-04 -2.667904860350958900e-04 -2.858503804761890957e-06 1.405725881234896012e-04 -2.895495910646655297e-04 -1.105594307473678354e-03 -1.800020550842689870e-03 1.001776632075616251e-03 -7.938691130062338448e-05 8.534664618685247530e-04 -1.864069752161013043e-04 -2.059142263324274574e-04 1.502933588273079471e-04 -6.965424948294660036e-04 1.200103502763399271e-04 1.127422676606890843e-03 -5.837401226341876539e-04 -1.911446375461472210e-04 1.807358703146141421e-04 8.063267808001932770e-04 9.610447661485640070e-05 2.326381917670899643e-04 -1.860946997483864970e-04 -1.546029085747142385e-04 4.415120041355511922e-04 -1.786572618904825336e-04 -2.212532193612799314e-04
-6.769524043718688766e-02 -2.243649479446710535e-03 3.974998875886495003e-02 -3.977090943681526117e-03 5.913897045422093594e-03 -6.334402582667081512e-03 -6.441256774971339076e-03 3.495186087140545166e-03 9.364870564492270818e-04 5.917726695807994011e-04 -3.263694201908914211e-03 -4.968143333082659062e-03 4.960321869740007619e-03 -6.020033963763934265e-03 -5.488734499453690099e-04 3.147242055499907369e-03 8.892304278800313962e-04 -6.552807565803023693e-04 -1.931053002697186508e-04 2.145884885758686587e-04 4.149958929980901131e-04 -3.134801157663065756e-04 1.212818568900445688e-03 2.248016808937018044e-04 -2.144478321244180571e-03 2.494746979104520059e-03 -3.294460324356897167e-04 -1.671888834933432568e-03 -2.552070009190246470e-04 3.416831024686517969e-04 -2.936686884662627534e-04 5.563451275915732392e-04 1.526559119047423427e-03 8.708427041978586977e-04 -1.692809603746607376e-03 -8.057804064800682189e-04 2.985864138988466644e-04 -1.137705856366528828e-03 9.825907189117647367e-04 -6.341425996532464113e-04 -1.054479588652965224e-03 1.506617837183129270e-03 1.765103603168147444e-03 -3.763739417608752262e-04 -1.623313341312641270e-03 9.387201038964567161e-05 -9.936750194331589285e-04 -2.642193283990613073e-04 6.556594647654480292e-05 -5.295695453358113640e-04 9.190473628677369279e-04 7.996072624656224001e-04 3.775234807708371465e-04 -5.619970766298097633e-04 1.832992424294483313e-03 6.526864257190186092e-04 -1.383488100481011958e-03 -1.226859740883683787e-04 -1.137905505762518490e-03 1.840959810180459047e-03 1.514691910140506014e-03 1.193773798333495201e-03 9.397371492055935777e-04 -7.280212543056004777e-04 -7.984029923309509487e-04 2.922037458292250337e-04 2.808193385077812363e-04 -8.083305730923731527e-04 -7.436605241170274935e-04 3.355789608374048702e-04 9.064333277532815461e-04 8.088833127120727219e-05 6.223975872202682988e-04 1.319857128385032224e-03 -1.279580617258830200e-03 6.237823585205341413e-04 4.726536531478874622e-04 6.021805745513394590e-04 -3.744604782949162761e-04 -1.645675036056062305e-03 -2.070345570671359905e-03 -3.340091477089286590e-04 6.323504431767789681e-04 5.253783555012426576e-04 -7.443795212386915142e-04 5.479267169890443198e-04 7.814392744601742977e-04 9.863086114331996203e-04 5.291075255200175997e-05 -9.674547801120183567e-04 -1.520473827491519150e-03 1.670828525512305508e-04 -4.489709984880276982e-04 1.503141607889028767e-03 -6.273272217401517454e-04 -7.692507075355445529e-04 -5.398259976878109091e-04 1.449588355082773649e-03 2.784185203588458051e-04 5.681452914911933137e-04
2.011908197057082556e-02 8.430256497928152737e-02 1.804898366867823886e-02 -2.337400095173547323e-03 9.516303484730618753e-03 8.171607724719550866e-03 4.110946845324391194e-04 -4.716547478131341564e-03 -9.579946972068305614e-04 -3.285515716219261553e-03 -4.214759177000766688e-03 6.694148358797252785e-03 -5.742502855012201687e-03 3.206090237973686745e-03 -1.227625494365751227e-03 -1.963800049630122849e-03 -1.548681281969678612e-03 1.798992464608487009e-03 2.364015523329215159e-03 -1.642000494877025169e-04 -1.789130712156486664e-03 -9.924820905419491981e-04 -1.154567666189575299e-03 -1.548383663998946502e-03 1.623639158532312349e-03 3.377526510714530614e-03 4.930301205209065016e-04 -1.628682652835884313e-04 -2.565667130282640786e-03 3.751437614322904006e-03 -1.263354142267833968e-04 2.935866517489443741e-03 -1.770247440365718032e-03 1.626616004865119374e-03 1.519109389197928700e-03 7.401121593945791510e-04 1.439802601256631297e-03 8.307301755453982148e-04 -5.259366946581566947e-04 -1.345163951299328288e-03 2.598329530631377730e-03 -1.541969476444444032e-03 2.571700045856926877e-03 -1.412593907366329878e-04 -5.293930655768084876e-04 -5.867954670103847723e-04 9.642677915591194547e-04 3.321955525346205473e-03 5.382870137415967596e-04 -7.233102076592598084e-04 -3.214010935863874271e-05 9.880913682719821064e-04 8.944891752466407062e-04 -2.389346944022958420e-03 -3.083166616288040380e-04 -6.298039159978179209e-04 6.441054883622771184e-04 2.881032110222364172e-04 8.685852659084598078e-04 -3.209119324425228296e-04 5.398816762509549500e-04 6.915959854901748520e-04 -4.217056572071298378e-04 3.969071698667506567e-04 2.213451279159326095e-04 1.080386007603260489e-03 -3.141136190992295974e-04 -8.226155181802934438e-04 4.328065031970658189e-04 -6.279800749043606967e-04 -2.859822699087495395e-04 1.066589347513512056e-03 -1.812357734214615275e-04 -4.685789619963366334e-04 4.307209241385704063e-04 9.780804613302969755e-04 -1.624557926679532586e-03 -2.513637968974828966e-04 -2.245412492113135414e-03 -1.348060186919066913e-03 -6.534272220369423704e-04 4.467180051312657748e-05 1.714045643675931544e-03 7.299003954781729028e-04 -1.068860969158333266e-03 5.999067895297972115e-04 -8.584505866177581353e-04 -1.258382569611555786e-03 1.308635803885611557e-04 -6.026682897782884929e-04 -2.119654346733997529e-04 8.373673396397430819e-04 1.277544694445657695e-03 1.610113288249747461e-03 -1.548067668713159475e-03 3.201762782760010162e-04 1.834450939319258716e-03 9.864146083643525117e-04 8.771632110293934269e-04 3.512989746419173539e-04
1.052639030626542349e-01 4.995748805083403271e-02 3.111478142607710870e-02 -1.453582638163892354e-02 1.269924939645131895e-02 1.195411751636552174e-02 6.419109562292457487e-03 7.859755435124741313e-04 -9.443805691119296769e-03 -1.660071934779953039e-03 -4.303518113739876992e-03 5.258364177688846890e-03 1.815744787171051752e-04 2.439174658991730442e-04 5.557629919582989311e-04 -1.402754220471383209e-04 3.916376546571528547e-03 2.455641919658969365e-04 -2.721251820715294822e-03 -6.519813771423737451e-05 3.210060275312220761e-03 -3.853300142920435944e-03 -4.004604964020633869e-04 -2.302612539931467046e-03 1.597388105491555528e-04 -3.427596456042406839e-04 3.266143243271140209e-03 -2.421300880916662460e-03 -2.446561838666077432e-03 7.567186710486028351e-04 3.843405179751949586e-04 5.686617185033361827e-04 -1.071989604936790519e-03 2.577240960745635348e-04 8.870125109720138979e-04 -9.677049658982851861e-04 -1.306413513569337206e-03 -4.270785128480034912e-04 -1.623804823780189421e-03 -1.582418482739452511e-03 -6.642662770496905343e-04 -1.069620653701308871e-03 3.649349929092760274e-03 -8.075833714270358931e-04 5.938768365792719117e-04 6.299372752381000623e-05 -1.300873194241491297e-03 -2.193888952023747066e-04 -4.870647268231816074e-04 -1.260535999230820827e-03 -1.350589491928323510e-03 -1.926927084987843089e-03 -1.736878509144500508e-03 2.261628113060879571e-03 4.130918024589070822e-04 -1.505511424225694950e-04 -5.499098333463852892e-04 9.455159776621564890e-04 -1.604992455752578869e-03 3.220347283751207566e-03 6.254261202698321778e-04 7.742463100514976326e-04 -1.718058768023939756e-03 -6.971063520133147272e-04 1.396895016989971056e-03 3.365539997136814273e-04 -1.040587227541037163e-03 7.574142348105713596e-04 -1.651212113523260825e-04 1.673699524650597553e-03 -3.830802214114445426e-05 -3.683788384207601621e-04 1.365687737086155326e-03 -9.635363746895815248e-04 -5.249700245979335364e-04 -2.056455237628106430e-03 -4.261280106586679689e-04 -5.278499437589196541e-05 1.384508441590816220e-03 4.188186432938219121e-04 1.358037593223564545e-03 1.126666799689788229e-04 -3.061089985965122608e-04 1.382493027515527663e-03 1.174779258530242064e-03 -7.310109343198835418e-04 -2.641009814113036251e-03 -5.288911689440041605e-04 3.366342265180520939e-05 1.652825305513518040e-03 -4.886339271584032567e-04 1.257693600516582907e-03 -5.350191632097548149e-04 -1.729185406993556749e-03 2.748632950588282553e-03 -1.130445843646263413e-03 -1.136576808243864017e-03 1.652706890414379153e-04 -6.100222323828560084e-04 -1.541640893379656865e-03
-3.770225333261212342e-02 1.142028844966540453e-02 5.020551127483168646e-02 -7.950229868598541680e-03 1.493581029451320104e-02 -1.976128694852850995e-04 -4.095516991198850862e-03 -8.630163704177801947e-04 -5.581560084960925832e-04 -3.606554292806663994e-03 -4.630572443187561636e-03 -7.243126989993623442e-03 -2.517036646006281511e-04 -3.661843103872701368e-03 6.886907862099673767e-05 7.069063525724767101e-03 4.707407853394346767e-03 -7.723724422877569938e-04 -4.229468869521287662e-04 -2.391063352404201869e-03 4.136868903662857359e-03 4.093848785015518412e-05 -1.268993047927075880e-03 -2.012896990512502877e-03 -4.341441800160808842e-03 2.949563238379240056e-03 3.231364141576102429e-03 -5.535978230409529556e-04 2.689029267620275231e-03 -1.671345177191610855e-03 1.735698523434834901e-03 -8.589826694643862672e-04 1.782472329787651620e-03 4.037805939037415206e-04 -1.598558244356728351e-03 -5.374162296611908682e-04 1.522736183562154420e-03 -2.748806467393285873e-03 2.516175471817891883e-03 -4.055683335700031172e-03 -1.448681680075731681e-03 8.027995482091012519e-04 2.738238912129746776e-03 -8.516368132235903722e-04 -2.359264799823829802e-03 -1.579182158931492254e-03 -2.668832223562097976e-03 -1.053302940498468919e-03 7.938996338629753825e-04 -2.371730973712732251e-03 5.636528333675431494e-04 -2.723089470456256460e-04 3.722361014613699559e-03 -1.957963585741509559e-04 2.870494153733756646e-04 -1.265672593229169368e-03 8.959962722519361966e-04 -3.257820545751891408e-04 -2.991359181113824751e-03 1.936557611185522323e-03 -5.516743212487091024e-04 -6.988787314122065159e-04 1.166657317509145258e-03 1.892814782565475354e-03 -4.125376619905963302e-04 2.212051450654941784e-03 1.471055759338597618e-03 -5.622872371190227323e-04 -2.202446483442237462e-03 -6.898589004432051407e-04 -4.404668246792111850e-04 -7.035141991032881374e-04 9.771238943615246069e-04 1.321773047436199762e-03 -1.685697593412527773e-03 6.034438617760586650e-04 -2.022325293302522896e-04 1.978828883505158974e-03 -1.108078634836336248e-03 1.376881844995607711e-03 -6.662656388213387959e-04 8.074406904493105532e-04 -6.710813446962311064e-04 -2.860647004963686379e-04 -1.903450977937999784e-03 -3.102069933481935680e-04 2.734400715332099222e-04 3.658588835507717101e-04 -4.511301326214884428e-04 -4.460566742758777128e-04 -1.878897047865753765e-04 -4.103098077844454850e-04 7.019087421806218668e-04 7.689005119698469294e-04 -3.288951728069643772e-04 -6.775883427297419576e-04 -7.001860905059030049e-04 6.675078192247958743e-04 -1.709955179782552976e-04 -1.343837011356122926e-03
-9.151474070530535299e-02 7.129283387276469722e-03 -2.398639002891627889e-02 -1.096712634651941451e-02 -7.231335639054350430e-03 -5.528980902798341472e-03 -3.653322463192846571e-03 -6.179889984185493561e-03 -4.705643903459770343e-03 4.986778184319302747e-03 2.846325358764049095e-03 1.921405548858994873e-03 1.927428786572303295e-03 3.121795409758083058e-04 1.184495834441106309e-03 6.866996313401945665e-04 -2.538265722183222564e-03 7.666145459912449348e-04 -4.146247716953230765e-03 -3.680620503037336727e-04 5.425052335741430837e-04 -1.453140707698487603e-03 5.655607460945141860e-04 -1.745379341510727277e-03 -2.337341625354453709e-03 -9.877660869357586700e-04 -6.824228444102217782e-04 4.464676819820452379e-05 4.831505078819640312e-04 -4.381149472989712807e-04 -1.150460075702852041e-03 3.883317686842627323e-04 3.762806272240735105e-04 6.782340248179559027e-05 1.043985636766285412e-03 2.372007717945859642e-03 9.669148315385948499e-04 -1.116023182702808236e-04 1.233227076480611492e-03 -7.306888299756206283e-04 -7.507261477725516363e-04 -5.245862478870670555e-04 1.427515521437382933e-03 -2.392657133805376358e-03 1.425789697173816296e-03 -5.520060778419266572e-04 1.385525473429669138e-04 9.095192845649871516e-04 9.177293866237988887e-04 -1.695834564153023138e-03 9.721935210947066852e-05 -3.658947530429955994e-04 4.728603899914836828e-04 7.232783423958944564e-04 -3.481349021731946006e-04 -1.252948635710314940e-03 1.421175947250484864e-03 -5.591636698102889387e-04 -7.892815688921853883e-04 1.052001893792704805e-04 -3.802122961028306207e-04 6.189722243593543055e-04 6.502870900088673738e-04 6.980825252222163204e-05 -7.923196680070433316e-04 -6.602250351051045484e-04 4.894976382030141645e-05 4.749528409192870057e-04 2.520323777761298385e-04 -3.769163920877547817e-05 5.363233789251515725e-04 -3.808446781236278630e-04 5.164330784881180844e-04 5.490396543310836460e-04 5.445667638099763983e-05 9.115034453363933357e-04 -4.443707762235662474e-04 -5.769129245394438721e-04 1.207855785881810720e-04 -1.616324036599775277e-04 3.081791122015018381e-04 -2.827544571932672098e-04 2.272923650900825741e-04 -7.279524633949373573e-04 9.820571488211211637e-04 3.807821976223137780e-04 5.001774892330441372e-04 2.376092644304166176e-04 6.001975039409878027e-04 5.813531603357330281e-04 9.875821546543100612e-04 1.875020530128557238e-04 3.145735671203266776e-04 1.979085444808901194e-04 -5.837620013957732935e-04 1.769278928752322821e-04 -2.640695152364489601e-04 3.841823982745153120e-04 -9.791495767893241067e-04 4.842874628050028375e-04
-8.727638313920955959e-02 2.608599439264623621e-02 -1.938621306987809920e-02 -2.772542538918941826e-03 -7.051082423657551064e-03 -1.228588472331180320e-02 -7.188753668170018429e-03 -3.542728797347556666e-03 -3.750213581337729762e-03 4.522432695619407403e-03 2.117167590974836002e-03 1.934776196910706087e-03 2.430701135808838956e-03 4.166990577117450807e-04 -7.985399545066656753e-05 -2.251371914440657152e-03 -2.821579715679562329e-03 -1.666901922677164853e-03 -3.312814587797509747e-03 5.497183930301831984e-04 -9.419383210462172189e-05 1.822210938468291032e-03 -7.536272289483242879e-05 -6.320492538063363867e-04 -4.523476221594459486e-04 -1.213576211380525344e-03 -7.390347299664599577e-04 -1.048468357108431901e-03 -4.654921094421260105e-04 -2.242333069859842195e-04 -7.070748915141004173e-04 4.043122469648634232e-04 4.433108639765929960e-04 -1.159322151915534145e-03 8.448532472708821656e-04 6.168910539705436914e-04 5.248487202584692542e-04 -6.839624103692873609e-04 1.570196542556287543e-05 -5.879703957845148045e-04 1.419422832673734695e-04 -6.725922299096820725e-04 1.897765104108256563e-03 -2.769829791166979280e-04 1.018556282113577179e-03 -2.657478211080648305e-04 -9.426629836318955883e-04 4.170956781704045213e-04 1.461606313944723142e-03 -6.550827206308009907e-04 -6.318945811884954739e-04 -8.781501146094427722e-04 -2.155262307344420604e-04 -8.637084663144982237e-04 -8.909118020511243904e-04 -1.583162200948330395e-03 1.132553743815831095e-03 2.992859532386887671e-04 -1.696941593109552073e-04 9.362592698869972403e-04 2.598169526674277540e-04 6.333003133817261118e-04 1.308520775093463670e-03 -3.868832363864532472e-04 -6.693522080099466266e-04 5.432980010149061510e-04 1.917756703798535300e-04 6.155533056983523402e-05 9.121459886802152275e-04 -1.187805816515912828e-04 1.499371809368019431e-04 -8.698934245499443274e-05 2.272696077340093795e-04 1.866475870309453825e-04 -1.098264216498603333e-05 1.078640891887011361e-03 -3.727376190753897939e-04 2.396938146721402647e-04 -4.375116681664872599e-05 6.227400263453679351e-04 -1.283014347074767924e-04 -5.001469085418832521e-04 1.381082961777857336e-04 -1.680201527403212393e-04 8.256793161546847415e-04 1.344439433929816776e-05 -1.384112920669575738e-04 1.114526666001583216e-04 3.968416325611916770e-04 4.252535341644861377e-04 7.124686736346398598e-05 2.819663789740039020e-04 4.404222836519078082e-05 -8.940965099124279685e-04 -4.481386283658683419e-04 -1.414795417845379061e-04 -4.044882801013386015e-04 8.017246020675635257e-04 -8.950369201595307245e-05 -3.538757938626842714e-04
1.181486128974612998e-01 6.112797138841136874e-02 3.458829434595825977e-03 8.810340287694408065e-03 -1.443374086681335159e-03 8.184007155063290420e-03 7.853986047659035005e-03 4.973197299220167254e-03 -4.132604707329418786e-03 3.536726732168283920e-03 -2.691424641078749968e-03 3.332660527883697568e-03 3.400565624168787760e-03 -1.396288535852102360e-03 -6.432002454711926564e-04 -7.750566004902006284e-05 -1.444795352898185737e-03 1.758742477217885422e-03 -1.137999178064542059e-03 -2.384243276323884430e-04 -1.345907615009821635e-03 -1.533713452846116587e-04 2.499426447097820476e-04 1.167767269345286853e-03 -5.676688159299497034e-04 -1.188809155031860784e-04 -8.880424800232168334e-04 9.136199448307952622e-04 -5.964151606860913736e-04 3.075004588664092403e-03 -5.563501568730043305e-04 -2.469830957283403921e-04 -2.737628777327883681e-03 -3.686231784865114298e-04 5.459424989629496101e-05 1.762236645175024657e-03 9.291154810026466728e-04 -3.958427103178178931e-04 2.501253404526357013e-03 7.675824872723215021e-04 4.852072539900700019e-04 -6.437920509096247334e-04 2.721996001723482757e-04 3.645415558949177898e-04 -4.901348084517266048e-04 -2.288648406484972207e-04 -8.373648921549314752e-04 -5.432482314793985563e-04 9.385983934520795253e-04 -3.470623365474158090e-05 -1.127349936239565838e-03 1.211575384717771854e-03 7.370757932185461984e-04 -2.099260684641833605e-03 -2.082294967026553176e-03 -3.260717455471355726e-03 -1.544759454668414179e-03 -5.645733123836225130e-04 2.270434902937907163e-03 6.493152461014935943e-04 1.523447396492400149e-03 3.106711989565620483e-04 1.080833627346003200e-04 -7.370513724741910994e-04 3.663591528704138037e-05 -1.192774734405212386e-03 -1.181159294074800710e-04 -1.612601126587679323e-03 1.398841710383866917e-04 -7.278010215632900329e-04 -5.416647079263035933e-04 6.619047618951220220e-04 8.414575785162318718e-04 -3.355906790646307836e-04 4.329209248855552905e-04 1.937646662691019797e-04 -5.339569922834018576e-04 2.048819822849586112e-03 -6.821648496755992441e-05 3.118906642919884930e-04 -3.295388493003401672e-04 1.541981471574164911e-04 7.157535954626014982e-04 9.867828597982702455e-05 -5.164383995925350907e-04 -2.382202713612287682e-03 -2.423358136153204619e-03 -1.007352480014604441e-03 -1.020570532009669983e-03 -1.846471460266666280e-03 -9.581605372686615276e-04 -8.233597647858254508e-04 4.786409900002904167e-04 1.443699123744947885e-04 4.754777884829507802e-04 -4.091247290925170135e-04 -2.828065285676333225e-04 -2.169350349069431848e-06 -6.760854032644764882e-04 8.036160622373212520e-04
1.588331857937552438e-01 -1.201537753204273522e-02 1.595135768001338175e-02 -8.230670855267598757e-03 -5.814582205358652389e-03 -3.465300288889865740e-03 -7.029520523342265396e-03 1.012171822469860177e-02 -9.098457687555690232e-03 -1.122959457583030257e-03 1.159877589293219820e-03 -1.075163525407921454e-03 2.966756588621515759e-03 -1.193606358511621049e-03 3.681956597632054747e-04 1.132504719812850490e-03 1.610949899605327923e-03 2.817243322244726111e-04 -2.205901748535308722e-05 1.315967511363695121e-04 -1.153502895989512228e-03 5.322546734437732033e-04 -1.354436345936742671e-03 -8.960909965441480858e-04 -8.072546888948699479e-04 -9.345756168044966816e-04 -1.283433199190966729e-03 -8.999424452483628482e-04 -1.220114008316055968e-03 -1.759009858278759875e-03 2.577728197289812250e-04 1.183054291334668853e-03 9.962853733558854532e-04 6.568956792077891918e-04 -1.181325404966916551e-03 -9.839892934142523140e-04 -1.041594461524697653e-03 -1.332942398547335913e-03 -2.394914828284558069e-04 2.079837136794819141e-03 -7.952547366785746004e-04 1.230385631317364560e-03 -4.902142803232117929e-04 -1.293873636824848568e-03 -9.697040931146928746e-04 5.400141164055539348e-04 -2.255455553082276552e-03 2.963149390678765371e-03 -1.578485445949947457e-03 -1.309413417299641830e-03 1.397203235190113552e-03 -1.018619770853386453e-03 -2.628189163603269238e-04 -6.964411253055041544e-04 -7.780002735825581293e-04 8.597718623277821569e-04 -6.812297556928071512e-04 9.533998914799892864e-04 -9.733544887186594528e-06 -1.288975976806196189e-03 2.225350549676407327e-04 -4.810970563357706213e-04 -8.346894773932558983e-04 1.034004841763498357e-03 -2.826591092937749770e-04 -1.367618060019839491e-03 -2.587083397108545270e-03 2.108514402564082030e-03 2.622905225399298212e-04 -2.011452315214429156e-03 1.700656048674548213e-05 2.544964668899340685e-03 -7.079636145914605937e-06 -2.867465722899482819e-04 2.410889620994930164e-04 1.784153226160523379e-03 2.111035966012844082e-04 6.765712397096293679e-04 1.853872163032187475e-03 -1.084698246476085677e-03 -4.820106460704078402e-04 8.735321973735052327e-05 2.524631319475541995e-04 -6.467044685807414627e-05 -1.733635982831909254e-03 -1.206480503266072488e-03 -1.055052102127088803e-03 -1.566370853129711929e-03 -1.537829385990141648e-03 -5.516155856734065652e-04 2.092780569843819081e-03 -9.357702708825206724e-04 6.250081059072848172e-04 5.744147136076225169e-05 -7.276676277249513212e-04 1.060680076897928416e-04 1.623452510733570942e-03 -7.982144587929602183e-04 1.754185200486718167e-04 1.587234412174216283e-03
1.704206965660579887e-01 1.278275933233534618e-02 2.307295859493620552e-02 -1.417868180137944224e-02 -1.590664242913873792e-03 4.774879031537565197e-03 3.595749956295560181e-03 1.383788225944558147e-03 -1.227674070448683818e-02 2.392496325243259007e-03 1.778954223065728124e-03 2.799022895329314887e-04 3.115782369944227262e-03 -1.881165311022425443e-03 6.009945358136219726e-04 1.213952496942143598e-03 4.221522180387900919e-03 -7.136803415194329162e-04 -1.495854245733651330e-03 1.041829563693143570e-03 1.980191371329494620e-04 -7.124660320616978387e-04 2.159678564403843105e-04 -5.625921277576052728e-04 3.988910002710271377e-04 -2.197834598701558020e-03 7.338491604986073112e-04 -3.081905892676868857e-03 -1.963386665199859295e-03 -2.637760281166758557e-03 7.572035900898469070e-04 -1.808552092583650599e-04 1.122305075898761759e-03 3.002855649026821497e-05 -1.373081243276167394e-03 -1.789021913997943100e-03 -1.151177157654280445e-03 1.137826987560374174e-03 -1.204586514938167088e-03 7.830304791698321654e-04 -6.806033363319810396e-04 6.605720910050875841e-04 1.033850752149132477e-03 3.503000751244847075e-04 -3.409260697199144883e-04 1.094979526509171379e-03 -2.814566730252803222e-03 2.165817315870261807e-03 -8.682779951987943398e-04 -1.699575287710384207e-03 2.967182338840632268e-04 -1.134233339013584032e-03 -2.674140702856919239e-04 5.119050170229323248e-04 -4.666041332719538773e-04 -2.038303584784912270e-04 -3.357270365554296558e-04 2.806829484821450724e-04 -9.209755660699006814e-04 7.338654150063666148e-04 1.655107591794583669e-03 2.750991636127711210e-04 -1.489821422493056496e-03 6.965987928026599885e-04 1.078866041346230849e-03 -1.327999699680202511e-03 -1.590434897467364259e-03 1.536766916596798635e-03 -3.465920507789783576e-04 -3.044637193177803501e-04 -9.474143872277389616e-04 1.088943792724220887e-03 1.301136009186107867e-03 -8.859823053226440143e-04 -4.526270256544551922e-05 5.266684041053553995e-04 -6.196102988392964469e-04 -1.279783322679249038e-03 1.804043325562178744e-03 -3.936227650612293683e-05 7.253622332391103833e-05 2.943190321393133720e-04 9.899900895851644275e-05 -1.488654145517966229e-04 -2.067442262147890862e-04 -1.627134618825190875e-03 -1.071617410207755970e-03 4.912068163660610141e-04 -1.147155884797680832e-03 8.173282692737201887e-05 2.211057581383097314e-04 -1.671962614496239031e-05 -7.118899774223213031e-04 -7.479238690033418349e-05 6.999609009302922968e-04 3.449636642252150291e-04 1.366277238678082016e-03 -6.964605772868269398e-04 -4.017213830610039896e-04 8.850204316922428592e-04
-9.052492956144089775e-02 -4.914843813601257015e-04 4.428421667376212373e-02 8.367232140966577442e-03 -5.464847378799900408e-03 -3.019449610449874248e-03 -7.432924904603731861e-05 -1.669843645361381371e-03 1.787474679286628733e-03 1.127322969562368805e-03 -3.974896555438822872e-03 -6.109473344802576929e-03 2.579234624864219089e-03 1.757219369560575470e-03 -3.192702059284954069e-03 2.542377269851361053e-03 2.417538687721742293e-03 7.004343768276738783e-04 -3.392811306797034743e-04 -1.073235097502461664e-04 2.020422153544273666e-03 2.916728415162619069e-03 8.141421567228384953e-04 3.464166125524163840e-03 -7.550407400381208521e-04 -9.363436154779507942e-04 1.816813690909076283e-03 4.622623076457654302e-04 -1.802633435160729599e-03 2.802053155132841131e-03 -1.526646291090274273e-03 -6.892780483687198194e-04 -1.560415407878920201e-03 3.399683185841089177e-04 -2.406456262266494452e-04 -2.008461810010831751e-04 -1.765701452822989121e-03 5.386222041367126276e-04 -7.715159007526498384e-04 6.128289362744658835e-04 -4.717201927187518896e-04 -1.282421720384444106e-03 -1.548507766344834778e-03 -2.201216040449995004e-04 2.013089063306357576e-03 1.922831669979771519e-06 2.050931863449307745e-04 8.655943366656194482e-04 -2.507482128822704787e-04 1.526544226531209494e-04 -3.023304737829410078e-04 -3.539827289670142746e-04 -3.190497726008821025e-04 -5.108459098430948595e-04 1.797623869717482857e-03 1.425210733776908047e-04 1.279708726628027557e-03 -8.717543664004628965e-04 1.941269569694595125e-03 4.306417924208418339e-04 -6.608170868778931841e-04 1.007758384325709586e-03 -9.174032068352803602e-04 -2.210282716115908696e-04 -3.326842840887925040e-04 -5.583431957643106769e-04 -1.414850247212946993e-03 3.051430842132001769e-04 9.946214719367102008e-04 1.561260932966690310e-03 -7.358487293157166438e-05 9.780471585145306124e-04 -7.131021557288465566e-04 -8.743319066460899115e-04 7.145840795868586837e-04 4.191652775661624804e-04 -8.548776831262609429e-04 -2.530447236598716760e-04 -1.208915515882131361e-03 -1.258224105615941184e-03 8.880253146228160501e-04 -7.442967982744283072e-04 -1.496986751463885051e-04 -7.733184873675063491e-05 5.483101713297099545e-04 -4.766097508834079319e-04 -1.606506730778236485e-04 -9.707109114403435625e-05 3.123240135061310552e-04 -3.552206570982012674e-04 5.371631321795478043e-04 1.419972488142146635e-04 1.036381475882162733e-03 1.799815368236891899e-04 7.191479913317187040e-04 -1.652679604469121076e-04 -2.993210230042773730e-04 4.531918263758924438e-04 -3.814027329290310296e-05 -4.550062864280032099e-04
-9.097286875241701598e-02 -2.243194435656734390e-02 2.957678285939394427e-02 9.709783095603717260e-03 -2.940140526107353370e-03 -3.785137516297644011e-03 6.471910494106600242e-03 2.530717116246008948e-03 -6.184614700196934675e-04 1.512773850388472556e-03 6.034910343369507407e-03 -1.051127826207855611e-03 3.409319785841869073e-03 2.689400825169695804e-03 -5.048223490402478295e-03 -2.288829556403429877e-03 1.854770543035340162e-03 8.692991537919303891e-04 2.337563831875549749e-03 -1.064243697818438973e-03 -2.647875539013955920e-03 -3.937489922664304948e-03 2.685541064711910366e-03 -2.250801817848631023e-04 1.448608959160076551e-03 -1.178845669083813507e-03 -3.578819481987788233e-04 4.750840403476412643e-04 -1.059463413185891389e-03 2.379323450413922767e-03 -5.718928961283425982e-04 1.682967467826925476e-03 -1.394098444129022920e-03 8.447092470512708451e-04 4.365514243282654790e-04 -9.403560842273783749e-04 4.037068209566042518e-05 7.178524272282000261e-04 1.468970205143808297e-04 1.665135744105563503e-03 1.307981779447494773e-03 7.412506099823772641e-04 6.575358196606506580e-04 -7.080660682274562707e-04 4.335561820874628183e-04 2.289387464505954358e-04 2.006223950102252636e-03 -5.785672985069483182e-04 1.408111178165186302e-04 -2.339667427252057762e-04 1.531078316814463234e-04 -6.950015688271224444e-04 -1.542098802010888467e-03 1.126824341408534484e-03 -4.231173024990420180e-04 2.766717625865671164e-04 -1.506045908878361208e-04 -1.206854413543577680e-03 -7.554982148944846491e-04 7.305259125053031877e-04 -1.813292836790131530e-04 -6.229865832503012069e-04 1.130156476150543255e-03 1.640196476601921138e-03 3.092098323923645766e-04 6.924168911375484705e-04 -6.522895811659218260e-04 -8.065643459053506252e-05 -5.390836759230761789e-04 -2.563617022412907056e-04 -6.389171072144370035e-04 -6.987284905604904724e-04 1.076729316054691110e-03 1.423642780484291645e-04 -6.500740677445338836e-04 7.411803037265574969e-04 -3.960900185532902762e-05 9.612899966155777614e-04 2.985097009777810538e-04 -4.443580851539994693e-04 -2.934038517033747879e-04 6.991286192061347226e-05 -4.105156485317608688e-04 -5.935725882368089821e-04 1.410218222891496576e-04 1.877060800213115120e-04 4.396403094191915343e-04 -6.035492925064854953e-04 1.717747263030646192e-04 2.735505844351445478e-04 -6.485719950769982339e-07 -1.274192261171637106e-04 -1.681796693443210890e-04 6.432908157198165928e-04 -4.820626989192984199e-04 -6.163224375488734206e-04 -4.315562969102629634e-04 -9.557069444378308524e-04 -1.609760688042807255e-04 1.710377844904500543e-04
-8.919060519965248124e-02 -2.914398855390246471e-02 3.606947459675873685e-02 1.581912620408242390e-02 -2.788837833706100857e-03 5.884941013105896446e-04 6.192599278837641365e-03 1.649720379830474067e-03 -1.639127308670629410e-03 1.091576360007844634e-03 6.647706612138071756e-03 1.447456713663578714e-03 -1.837701040169638193e-03 -1.255548646535010852e-04 -1.771081274978366987e-03 -3.113613172856687615e-03 -5.514792769381807310e-04 9.213596760243128762e-04 3.551081816111458130e-03 -2.538907638514184637e-03 -5.598597031856011180e-04 -2.336493169958661544e-03 4.196864149840306632e-03 5.712924768470214413e-04 1.025178263612149757e-03 -1.388108685955593419e-03 1.129979198687867297e-03 -3.437204891053136785e-03 -3.246713188632914114e-04 2.855942691303877626e-03 -5.326922977299727033e-04 1.953069653994719910e-03 -2.931548163450498328e-05 2.719541781788013357e-04 3.231819108349977244e-04 -3.534927616161235089e-03 1.715639002021693933e-03 -7.286492551681296231e-04 3.143697673033602792e-03 2.583491489309086130e-03 4.444939374511505756e-04 2.023588446535224804e-03 2.079487041656379823e-03 -1.884356160523275236e-03 -1.222158299709055415e-03 4.441909364679206933e-04 3.715087348625058564e-04 -6.448429022729542303e-04 2.075305253131091811e-05 -5.511091319237732005e-05 9.225768549401084382e-04 -1.175473005735868173e-03 -1.373197777582539419e-03 6.704114220289429226e-04 -1.282084631055103964e-03 -5.867794549648506792e-04 1.523931723048155707e-03 -2.292380796354740672e-04 3.953627036520158998e-04 -9.432341454392719968e-04 -1.162924932364321458e-03 -3.230053575785315784e-04 9.527529985558038685e-04 3.550813831421970301e-05 5.198766815242411837e-04 3.329101587502665224e-04 6.103132164172875426e-04 1.281243059160100915e-03 -5.916519307688128306e-04 -5.823589584618923693e-04 -2.863527229006674127e-04 -4.521618201066867401e-04 2.698246505030081187e-04 -4.630767845369509572e-05 2.787891258211767638e-04 -2.007304073748076450e-04 -5.540668148178663543e-05 4.458616502552276801e-04 -4.421596027189278060e-05 -4.722137880411975911e-05 3.896360300947764510e-04 -3.567279590660164790e-04 6.137230313449159669e-05 -5.527742758565302084e-05 -7.374942258196219504e-05 -3.261317511368335169e-04 1.982434217908901034e-04 1.014186997187417096e-03 -1.459128339663975623e-05 3.769380145638790759e-04 3.708608712060508061e-04 -5.971498662924852813e-04 5.996862588231998423e-04 -1.247251770231710066e-04 4.917383658429969832e-04 -3.326394827923718068e-04 8.143830677265753097e-05 -2.235394061665980513e-04 2.439030440586695671e-04 -4.421721360734011982e-04
3.469415884854777123e-03 -3.699571855221880923e-02 2.275761980408607180e-02 -1.779631005157865375e-02 3.017688412570448606e-02 -6.349987188609384700e-03 -4.051304070415762126e-03 7.579392780671241961e-03 1.920132919244662553e-03 2.998823108845013151e-03 7.260795265717786759e-03 6.294865168013345606e-03 2.602921053746002668e-03 -8.033816287635600281e-03 -4.480096641976029880e-03 3.170821179603713728e-03 -7.314714207628451696e-03 3.801458349210788939e-03 6.120752189519167857e-03 6.437259089590922868e-04 4.401237540894043648e-03 1.789982000262018346e-03 8.709926472631605073e-04 -3.860171490234744207e-03 1.307780575940154216e-03 1.993432823938981122e-03 -1.922545740203224131e-03 -4.401102808704938571e-03 7.001656137799521179e-05 -1.243392507941628493e-03 2.391972344042279279e-04 -4.339008751522650635e-03 -2.293636692756474086e-03 1.223782517226178201e-03 -1.133085492391287531e-04 2.815855747919461093e-03 -9.421151935741860738e-04 -8.741353289447028078e-04 -2.901315511069605703e-03 -1.546510724455965992e-03 4.810969435758350636e-04 -2.952684145206367454e-03 -2.986984840529047659e-03 7.457049705817756771e-04 2.103059900924563255e-03 1.698107062219203446e-03 2.613588590214713063e-04 4.892515265057320199e-05 2.596973091502740531e-03 -1.326962986260658102e-03 5.599617330557753571e-04 -5.273931892379995351e-04 7.863872547124249168e-04 9.513925959945966800e-04 2.493193723894079547e-04 -1.549502104303120630e-04 -3.595519500653975562e-04 6.052906446835173721e-04 1.797377876715966060e-03 -4.373768289510484371e-04 -1.164806037848822601e-03 5.574795851361936689e-04 -1.497539107294426804e-04 1.136295415664254592e-03 9.876997210435678205e-04 1.721457404427941137e-04 8.698482033444719002e-04 5.104281484949174793e-04 4.365004642497898545e-04 6.624155031262854995e-04 -9.755975942791500911e-05 3.563962692861039213e-04 -3.685617851171674566e-04 1.949804636672939110e-04 3.165020979825448476e-04 3.897277965825594946e-04 -5.682564703897731960e-04 3.858011145984945544e-04 4.822013228445681094e-04 4.875411349396115135e-05 7.618731515911200160e-04 -2.910026365393584440e-04 -2.774576976365101351e-04 -2.313982909943674735e-04 3.713231278521164896e-04 -4.858435661077830639e-04 -1.198580076211934204e-04 2.215726110040821672e-04 2.541226388213154168e-04 -3.575005773391609241e-04 5.589986587470591834e-04 3.945568625998676824e-04 -3.404488458505315748e-04 2.927830997847078592e-04 2.705924686033121804e-05 -7.865779723073728540e-04 3.136921926763234277e-04 -6.389016848620042259e-04 3.744504153292984271e-04 6.697191816754790187e-06
-7.900826653574272163e-02 -4.203395414237950239e-02 4.013823568548246373e-02 1.775366734018555756e-02 -7.663685394180529305e-03 7.632770630867065711e-03 5.375792960141095866e-03 -3.385077225187163412e-03 -4.918417213397061971e-04 -1.525719791423322744e-03 6.491317282013570186e-04 8.313235407409870145e-03 -3.773408122987285517e-03 -3.467125713979964715e-03 5.344115521007979791e-03 -3.527782038237698087e-04 -2.430645085116368755e-03 8.685748273859768926e-04 -4.923542558643830350e-04 2.916618795183410166e-03 1.778451272404760978e-03 2.144548364556633172e-03 -2.368910692045274064e-03 1.507065779779104059e-03 2.441398400167147579e-04 2.028279929034073649e-03 -1.457479983849755377e-03 -1.967430615342902873e-04 -4.653119600394988745e-06 -4.159703617531807646e-03 5.405738003747079462e-04 2.038401378195793708e-03 -1.024245518786385829e-03 -1.987427192452889940e-04 -1.240010016729475818e-03 2.102157583534594891e-04 1.918856991950669208e-03 1.005995289878128859e-03 9.177343920683353907e-04 1.502748077309076823e-03 -9.708331035866424579e-04 -8.417973261354232779e-04 9.478661422389850297e-04 -9.524203154974951457e-04 1.906047840072502679e-04 3.188072574817825302e-04 -4.748037567807995266e-04 -2.783859246671213476e-03 -1.036372514347827381e-03 1.216063613090703505e-03 1.007294947799026812e-04 -5.030645502597511960e-05 -5.849127643313839237e-04 2.314784941690689214e-05 2.086072979199014420e-03 -3.879719161478512967e-04 1.499531850195873033e-03 -1.382629455259532132e-03 1.778487207660217617e-03 1.032955013726066188e-03 1.059508998829032309e-03 6.038234384613932462e-04 -8.449135757071998820e-04 1.996510314083536040e-03 -1.016080957070874310e-03 -1.218078533913738920e-04 -2.021926652091674773e-03 8.534161396625766045e-04 1.435731950139927226e-04 -8.243427362429104851e-05 -2.352863941660382659e-04 -7.877192103576457832e-04 2.100951784596446180e-03 1.185018956651266372e-03 -2.262617032872112175e-04 1.392491044465747748e-03 3.778413870558034945e-04 2.107955570369146451e-04 -1.682747456929192028e-03 6.696569877361818269e-04 7.679820076816080152e-04 1.000546621054360173e-04 -1.082528128181824015e-03 7.617333943249332811e-04 1.872949254521683352e-04 -1.162539623842485676e-03 7.694985665923263036e-04 -9.844416188914296029e-04 -1.283351180964211618e-04 9.418692503539999187e-04 1.619612987028473314e-04 2.604810906353922733e-04 -4.784581163230784131e-04 -1.831785199621084853e-04 -1.004326666358484931e-03 -2.035205735333407771e-04 -2.591794414176768857e-04 -1.161264779976361452e-03 7.357222297882770167e-04 4.749559990281009632e-04
-8.710997966706435225e-02 -2.115687966601919115e-02 2.520635067616974409e-02 5.391195751095063634e-04 4.124982580444044519e-03 5.098812930847697843e-03 -3.972208233117033131e-03 -3.784701837081147578e-03 -1.990870264694270895e-03 6.514371106222437667e-03 -3.451645087522269093e-03 2.496707263268809016e-03 -3.101448430001366250e-03 -7.606562969036632059e-03 6.757280981722530583e-03 2.752059975708720692e-03 -4.243786797580303277e-03 -2.601072310181023507e-03 1.952790924611886299e-06 -1.731240173482683073e-03 1.476456271282698197e-04 -9.752542881454201191e-04 -1.069007247349686596e-03 8.387923646814907227e-04 -9.382475628105444972e-04 -1.989165306320037248e-03 1.746937515024198041e-03 3.722748699284826341e-03 -1.195879645432797005e-03 9.569970093831096447e-04 -9.264258343639058006e-04 1.011345263784324327e-03 -7.701181258664850692e-04 -2.118920507159565477e-03 1.372591325105722770e-03 -1.418521165088044316e-04 -1.861257397471157825e-03 1.822895435178468072e-03 -7.263006497157820790e-04 -7.314877408035231916e-04 -2.334941680874557356e-04 1.209427922805117375e-03 -2.277433336966678667e-03 1.950143882262336424e-03 2.435812018278684862e-03 -2.348700017613788906e-03 2.369277812213053253e-03 5.799218364703365245e-04 -4.396965199669649379e-04 -1.930067348103579753e-03 -1.320343216363319703e-03 -2.837020733484014513e-04 -8.990326087849512910e-04 -2.927460092660342616e-04 -2.239961997872538888e-03 -9.990825225763544631e-04 1.497285454049648900e-03 1.540135269071747507e-03 1.617119779888843588e-04 -7.374310638983876467e-04 1.901480874200168081e-03 -1.819820358354440728e-03 9.123556775116102927e-04 6.209239924366995568e-04 2.034356747845721515e-04 9.801352908249206033e-04 -1.351447423111008447e-03 9.643837304822620805e-05 -1.309311657642021421e-03 1.960262599456754143e-04 5.804408760993529960e-04 5.269931314379564533e-04 2.434480738993393106e-03 -9.163466775519130787e-04 -6.678348365025178236e-04 -3.854801426129187097e-04 2.327605792091371178e-03 6.909112950356937916e-04 1.002291653500286426e-03 -6.350442964538008253e-04 -1.949106448958931159e-03 8.603255015865461696e-04 -2.687572397778818710e-05 1.767886754407476573e-03 -2.917832382779554667e-04 5.938015214983549455e-04 1.869714921206451150e-03 6.473071461798293779e-04 -2.167859838729146635e-04 -4.838418346193076847e-04 5.515717075668164935e-04 5.851414596891046666e-04 1.734995218904690191e-03 4.248001570866650448e-04 6.959430406165631466e-04 5.436726926761659183e-04 1.001838187044614943e-03 -3.619541369782895484e-04 -5.450281579124919918e-06 -6.385299696907538122e-05
-8.376150532606847776e-02 -3.193799294922709114e-02 4.448033287243733508e-02 2.205823626850410626e-02 -5.417472464287103120e-03 -5.973094560630079659e-04 6.155430265737327038e-03 -4.204829294387540592e-03 -1.367290033303121067e-03 2.694316855986843675e-04 -6.460285928120474861e-04 8.673677975363682641e-05 -1.965992509579756928e-04 -1.974803229398866241e-04 8.222021087659756771e-04 1.201655326967582390e-03 1.959588421826294769e-03 2.384284706745161062e-03 -7.622492227451757108e-04 2.551844952041332215e-03 1.346408963427406756e-03 2.905152629312510344e-03 -1.300894288933133417e-03 2.606642415640357362e-03 -3.350414878148597476e-04 2.321256927042870261e-03 5.250458983905687774e-04 -1.943872142700349501e-03 -9.807325790243766241e-04 -1.126024148964177574e-03 -1.328580350015948729e-03 -8.694585204980624388e-04 3.394999637582286824e-05 1.131984941415556590e-04 1.569349922377308261e-03 1.944120668364425139e-03 4.831985196385201516e-04 -2.257236445076391679e-03 1.209463703125215363e-04 6.141739549598407809e-04 -4.656492646931953134e-04 4.483352295301852326e-04 9.655983411292815271e-04 1.261070355648733756e-03 -4.699349798000551940e-04 -8.932956123911422498e-04 1.562489378593558435e-03 2.150888925539715720e-03 6.671485851448482685e-04 -7.655869423227753233e-04 -4.090147334184711619e-04 -2.978891181210805914e-04 -1.880607796936081865e-03 -8.083407120137111766e-04 -1.617842294282971667e-03 3.404552554955358394e-04 -1.405764429851501717e-03 9.033046081239428683e-04 -2.039748970917025679e-03 -1.427207938283919526e-03 6.465041670452950249e-04 -2.074428373069616771e-04 6.245551076997473946e-04 -8.766278944624084860e-04 6.029516764104677923e-04 -3.278007091006330826e-04 8.657968088246715752e-04 -6.665665504795728960e-04 -2.854121905279471223e-04 -8.900291356354798162e-04 8.574850431255100604e-04 -1.813159139286936103e-04 -5.682496233060015936e-04 -2.231556942788053726e-04 -3.950390518840632452e-05 -1.474370619661666184e-03 6.821350704831654743e-04 -1.475866456524694507e-03 8.060408310469345571e-04 8.512081575867931149e-04 -9.000444489627363633e-04 2.268551213412189015e-04 1.500943662761292758e-04 7.126138536242428677e-04 -5.964547834302709114e-04 5.156642928688823046e-05 8.555731226880592722e-05 2.304822539069130254e-04 4.701298029128645156e-04 -1.787248122854742400e-04 -4.222769790048246032e-04 2.702031480159592996e-04 -7.231690393204360818e-04 -2.192319228567613486e-04 -3.513512280032118147e-04 9.380814371954134499e-04 3.198344415514266215e-04 -2.410041587394265634e-04 1.618231668507799225e-04 5.421385390718512368e-04
-8.792157415871260095e-02 -2.678254930572670015e-02 3.854968173433105660e-02 1.219268305169260436e-02 -6.071345845480150862e-03 2.183616542364976050e-03 2.774961953739328666e-03 -2.463107926181733708e-03 -5.539239756895251608e-04 4.973006677404150436e-04 -2.033733393362300006e-03 1.712909808819255151e-03 9.568966963079371391e-04 -4.788260055870976160e-03 4.331103560970368457e-03 -1.186147678390477933e-03 -3.653984381253423349e-04 -8.057976940444218925e-04 3.126851764228216562e-04 2.252120795702625133e-03 8.931816481841394449e-04 1.156517580638931385e-03 -9.530089267778932597e-05 3.420820364605696526e-03 4.047911224075202035e-04 2.265344664294553258e-03 -1.111615107002055696e-03 -1.663513588670541493e-04 -1.724583977692603545e-04 -5.692057763342808600e-04 -3.103110067270260721e-04 1.668493207508873859e-03 -5.442074196820180900e-04 1.912574553897077078e-03 -9.501487117511976362e-04 -3.858914628309170606e-04 3.170528316071602633e-04 1.084050944407373109e-04 7.522782435186284354e-04 1.448313187190453360e-03 -7.160955654102526147e-04 -1.726002341220607352e-04 8.551466440220886842e-04 -7.359635433576779302e-04 -1.081402002970853596e-04 1.523670841067543166e-05 -6.598355566015983624e-04 1.366414039175535902e-03 6.012936589502337111e-04 3.662033725933201331e-04 -8.073988356244064454e-04 6.624648761390868230e-04 -9.454979008293799532e-04 9.476326863041298560e-04 1.345594371262663277e-03 7.028618205791095901e-04 -2.428727377407982786e-03 -2.114566325834091873e-04 -2.195995813160724584e-03 -3.529527444901395315e-04 6.667399465969333933e-04 2.117751146609826024e-03 1.147669399920508418e-03 2.986477907815360397e-04 -1.714948847434591948e-04 2.052488287222473172e-04 6.050404058085415496e-04 -1.474671884586559645e-04 2.500348290840524409e-04 -5.780358408979834788e-04 -2.237111521170811383e-04 1.187040495856930757e-04 -1.680459617677436575e-03 1.546568130415192869e-03 8.081611191043580524e-04 -1.268909902050289638e-03 2.765452845970836409e-04 3.298674464855814623e-05 -1.378647195971091069e-04 -5.799659935184026333e-04 -6.689569273101931884e-05 -5.473716859301899816e-04 2.043028191309689129e-03 -1.548162573639300403e-03 -7.859410015468624262e-04 -1.144170192495377186e-03 -5.586129835396349327e-04 1.467811938425643580e-04 7.688805830411840148e-04 4.462238297530574278e-04 -9.382855783289705074e-04 5.303929879853740408e-04 9.803527956670238935e-04 3.324961968175596961e-04 -8.689837043509964843e-05 -5.424187337014687443e-04 8.650939819414639508e-04 1.255805550215968519e-03 3.271679535104910570e-04 2.378464568258471150e-04
-8.523829589259195039e-02 -2.601047428891998040e-02 3.347783610482200911e-02 1.078888226847695558e-02 2.294419665027077043e-03 -2.722353275072416506e-03 3.579755260680871857e-03 2.353135979122443402e-03 -1.736453663798263099e-03 1.991874729441564691e-03 7.083158809398592409e-03 -7.279615894740071823e-05 7.617502603290315010e-04 -2.058560127185874757e-03 -3.561956187282736865e-03 -2.756921458168539417e-03 -9.086991297283691146e-05 1.748912067912416829e-03 5.162947212601686452e-03 -2.514564062634385474e-03 -1.142702183541986728e-03 -3.462464906247419288e-03 5.853987456796399050e-03 1.384345725904023239e-03 1.292686497917211507e-03 -1.516235209441860231e-03 6.875462993346928087e-04 -3.395551160671663599e-03 -7.373855697354062206e-04 3.450607220998535511e-03 -4.503503374746335480e-04 2.378357738481643672e-03 -1.142729845629012224e-03 1.075906459128171200e-03 1.193437196026715983e-04 -3.466106048386557829e-03 1.972717504165235735e-03 -6.288566065839690461e-04 3.488572988907101286e-03 3.041058526142789188e-03 8.871555096343020303e-04 2.501831861327704840e-03 2.317701559436136007e-03 -1.802037262822929042e-03 -8.837777106166047093e-04 3.653183040061539649e-04 8.941580859548963443e-04 -9.092208812343429564e-04 1.333192801750358294e-04 -1.530823099693555715e-04 3.532324645088783378e-04 -1.514255679600275736e-03 -2.111277091210186484e-03 9.741301837686734818e-04 -1.136767150037290217e-03 -2.343754515949454306e-04 1.200985824406746979e-03 -5.206105255638651241e-04 -1.708327019804293720e-04 -1.009126069664115135e-03 -6.022792873778395678e-04 -3.573447574974354907e-04 1.255416809483549069e-03 1.047639757630800493e-03 4.171569917946777589e-04 7.339805362302241403e-04 7.314976052634591507e-04 5.779029541619593339e-04 -8.924690109784368108e-04 -1.040417992201235530e-03 -3.789680697453184964e-04 -7.581216137699637279e-04 8.736714731819675847e-04 1.987291036765990722e-05 4.583712087984895350e-06 2.748670007091923512e-05 6.529412280302439742e-04 4.222456586036596395e-04 3.206977070454250793e-04 1.120403697240193763e-04 3.663195810474882143e-04 -5.258777700073262451e-04 -1.430939884304735716e-04 1.728093114926970383e-04 1.948931541178865222e-04 -4.325273564587726427e-04 7.496112981216317269e-04 9.624218948976696192e-04 -5.489553160826269283e-04 6.651598541171294728e-04 4.286411818547288173e-04 -8.304482480103097869e-04 6.736132367554687351e-04 -2.660417958710901238e-04 1.044469472221013151e-04 -4.877840892085578625e-04 -4.263166426375981271e-04 -1.844343432776787196e-04 3.712836930913930101e-04 1.174301358446625237e-04
1.903360089781923059e-01 -1.919756149918614568e-02 1.879207917095065267e-02 -1.076008235260593471e-02 -1.995140026020094173e-02 -9.882760843304964904e-03 -5.860058454904130444e-03 5.728053028470106792e-03 -1.405783286686915906e-02 -3.587182807022552909e-03 1.788460492279398415e-03 -1.042274533815551376e-03 -3.317347858966481280e-03 1.875915788553230226e-03 4.374368211791121973e-03 3.041049207522901737e-03 -1.161602669201771115e-03 3.341532127213707373e-03 5.172138668871144838e-03 -1.083191698701991938e-03 -3.745895840299029531e-03 1.219916063024887752e-03 -2.417871229953657934e-03 -1.262068128960063852e-03 -5.929732985331697586e-04 -2.471328016116775949e-03 -1.913434730376584398e-03 2.803488288540603116e-03 -2.747827421610277935e-03 2.606752439549676545e-03 1.764487009788369897e-03 8.022178216449963510e-05 -1.062988476712969617e-03 7.492762664224688306e-04 -1.148220319024485575e-03 2.561224686503527168e-03 1.552938303679546805e-03 -2.966168143024040457e-03 1.200779926718312864e-04 6.602968494570641460e-04 -3.048989008409231424e-03 1.197322935662194872e-03 -1.830230717447293379e-03 -4.082257316895201321e-04 -2.643903158498349284e-04 6.852779781137379855e-04 1.995997322548141142e-04 -1.003415748733897840e-04 -1.076846445139671878e-03 1.491966145271098705e-03 -1.368706165006991493e-03 1.053723169783994272e-03 -6.115546541401136512e-04 -1.282977815791858578e-03 7.846488547141881919e-04 -1.699631823387050440e-03 3.823112987115237569e-04 -7.250021069823646804e-04 3.599336631124168081e-04 5.491651418073656594e-04 -2.265082179595965129e-03 2.511448607497954611e-04 1.750206292066816072e-03 1.108367136796268399e-03 1.747661111598805463e-03 1.128529817995486094e-03 8.276623461423697091e-04 -3.037197654993886262e-05 1.127130582017443576e-04 1.744811559248718924e-03 2.589978549061165616e-03 -3.520966042201449848e-04 -1.120051030296739455e-03 1.533023237095349758e-03 -8.711011510104606941e-05 -7.155999769792030811e-04 5.852656677650570774e-04 1.582281264834659029e-03 7.807696698550953881e-04 5.697529416362662235e-04 1.548855893055474742e-05 -3.537762790893647191e-04 -1.888464516988745722e-03 2.090857096568250143e-03 9.479859231190336446e-05 1.239489486830166326e-03 -2.248168071766871567e-03 3.627100836937092185e-04 2.464706554818804716e-03 2.443294860826398813e-03 1.809646978347475990e-04 -2.521517235785077581e-04 4.503085183124464147e-06 6.980160392043814740e-04 -3.458182208013751914e-04 -1.169696642736966884e-04 4.518447082121785372e-04 6.981769920089287828e-04 -8.570323371011319240e-04 -8.167414525313118536e-04
1.737566725196478534e-01 3.979084889491357226e-03 2.444216451913279464e-02 -1.998493459897245778e-02 -3.514203459499985402e-03 -5.530892627120827416e-03 8.302757521795441076e-03 1.619435944992827711e-03 -1.405580271216626438e-02 -4.164174111789031353e-04 1.515352985834149966e-03 -4.695195429629053243e-04 -7.223100461598604268e-04 2.269027337650101304e-03 5.568159198806825645e-03 -1.013546577789185382e-04 1.362373984064715405e-03 -2.278325414624849093e-03 5.326939659533182995e-04 1.192532774211749668e-03 1.553323032520795852e-03 9.525495539129936421e-05 2.843075645849109032e-03 1.102436925066383995e-03 1.264829463664944630e-03 -2.978464255493687516e-03 -7.293965777465565362e-04 -1.553408001262718708e-03 -2.164665600887746757e-03 -2.189939051673033162e-03 6.033160312699372367e-05 -2.705437792884149602e-03 -7.447092616759284044e-04 4.068027610487032772e-04 -6.219152545790725692e-04 -1.510672766937317920e-03 2.184688746063664791e-04 3.680633935877949134e-04 -6.319788717475774984e-04 -6.228265634016331162e-04 -2.618162685132492890e-04 -1.391107587624750659e-04 8.136726452132354718e-04 2.122763156562237734e-03 4.757229277291514049e-04 1.648025904537506756e-03 -1.112885828110532249e-04 1.062203933123529245e-03 3.859481928053963215e-04 -7.750341208707223596e-04 -3.785788836601798797e-04 7.929137316611323044e-04 -1.164952060354712516e-04 -2.373820184718414457e-04 5.859670187373699276e-05 1.192179050622560097e-04 -4.508533081675148097e-04 -8.301790500431618968e-04 -1.612381103807527648e-03 6.000845773202808514e-04 4.691204826549643975e-04 -8.979938436868629189e-04 -1.288355218818234725e-03 3.891285224076154086e-04 -5.127596856274323255e-04 -5.074654931763371648e-05 1.496561189061912541e-04 5.236767748098954340e-04 -1.333699648462001366e-03 1.284556209494261848e-03 -2.334483832180379338e-03 -3.987674174794175849e-04 4.307092290138137577e-04 -1.018798677291713395e-03 -9.456341547964052874e-04 2.314162884995301251e-03 -7.141022533301317077e-04 -2.118244482605485552e-03 6.501123782633653721e-05 -4.933224909503811833e-04 -2.669336800626023287e-04 -1.112579337869948424e-03 -2.634278102225305032e-04 -6.260178618391594799e-04 1.246647008388000397e-03 -1.111634327318302470e-03 9.712899067441017496e-04 2.465678836179486556e-03 -1.467310766954455318e-05 8.811838328267956010e-04 -1.566493545557733069e-03 -7.837577597616657418e-04 -5.822440062309096592e-04 7.100291115756565252e-04 1.783631634878603411e-05 1.720174553503817460e-05 2.046972104124317876e-03 -2.387711381256910553e-05 -4.913808467961283905e-05 8.436375572667501608e-04
-8.236738924907471837e-02 -3.109571052111811604e-02 2.559166145402065953e-02 3.948398199744589457e-03 4.966786160643252984e-03 2.480054902028387513e-03 2.072312964000179794e-03 4.048171265012891554e-03 4.215341843440767260e-04 1.576563789939698732e-03 7.460085624449414900e-03 5.534465884838405151e-04 -4.355778786771500092e-04 -2.097819922356076398e-03 -1.385265774059311276e-04 -1.516635517685325498e-03 -2.734910905416309754e-03 -1.762320498266110337e-04 2.110532615765656813e-03 -2.940652543454877216e-03 -1.528310432033191512e-03 -2.781775276361098722e-03 2.290320631560086549e-03 -1.794101883953426717e-03 5.688569313313892499e-04 -2.482716925079457744e-03 1.534345763508343464e-03 -9.229797476755900471e-04 1.078884769464391732e-03 2.339731001010700480e-03 1.719281638541911316e-04 8.128781781547911095e-05 -2.349519939593605990e-04 -7.618071671167175787e-04 -1.259545578860252852e-03 -2.026310318462953407e-03 -3.118326329762624474e-04 -5.349981852783321353e-04 2.096241750454711384e-03 -2.065772829060962793e-04 -3.953907606244822025e-04 1.804061693773743348e-03 1.689223851963018259e-03 8.750782692012464177e-04 -4.234432942729123169e-04 -7.730474238850075118e-04 -7.735736724135150336e-05 1.444438919755641321e-05 -8.352217924530136147e-04 8.759772263037295592e-04 3.123487400069260150e-04 4.043915070511359261e-04 4.232963981423698021e-04 -5.442534383375333389e-04 2.471337591469987020e-04 3.393783720229697105e-04 -6.728302362813627690e-04 5.246071409622049216e-05 -1.162185737746643412e-04 -2.118453452178555517e-04 6.972595476822613996e-04 3.993435558590322800e-04 -6.625717344810956632e-04 -1.097993472361539656e-03 -2.517386706026729414e-04 -2.138754781563351453e-04 -5.321596431953850128e-04 5.723195880454608837e-05 4.022119062406157957e-05 -3.005582111500297842e-04 -2.987284647180275723e-04 7.127781733976693360e-04 -6.075475299159097120e-04 6.109647550311114988e-04 6.334938001751733551e-04 -1.947297822306082616e-04 -6.231585211250287217e-04 -6.773166206821723979e-04 -6.270942094508076331e-04 -2.388903547354116568e-04 -4.669974054498367375e-05 1.033014995213108822e-03 7.954410177210937197e-05 -2.626610668786460382e-04 1.265572627621924177e-04 4.125886968671984146e-04 -4.307196574981085645e-04 -2.285138693360349205e-04 1.081348835181991452e-04 -1.899263308898649708e-04 2.488818774894160928e-06 3.242471114553166565e-04 2.485943515949918755e-04 -5.737778150695646085e-04 -5.109311325453566935e-04 4.429076718277343743e-04 4.317136045810112495e-04 6.736315649768700314e-04 -2.529401227006663057e-04 4.189819357085301210e-06
1.076200042716458638e-01 -4.547133844702940658e-02 7.163076429793566180e-03 -5.394167814980786908e-03 1.738048525457131215e-03 -3.994902314522721931e-03 -1.054091851876199845e-02 -1.733409131013412957e-02 6.323678497590225211e-03 -1.310202065083623454e-02 -4.865007740318830730e-03 1.477983784604146832e-02 1.323548883276423963e-02 -1.495131621017885791e-03 5.161841657420234916e-03 -8.222401749780419017e-03 9.701871402475791342e-03 4.760287775844261431e-03 7.372706185440256604e-03 -6.612769443870437913e-03 1.341616234982759498e-03 6.116886043597512951e-03 1.120031565001897329e-02 -1.285337618143124255e-03 -6.373672292784003136e-03 -2.291435469558082173e-03 -1.974749848593815478e-03 5.964425919937742064e-03 2.025501508774488982e-04 -5.291692057662664541e-04 2.960004094135601244e-03 5.313812323093527443e-05 3.061716422755797733e-03 -3.025032315026984515e-03 1.664902119134271030e-03 2.406860458262387054e-03 -2.216324273880150965e-04 2.030461140715957230e-04 -1.473308057886782603e-03 -5.946502528471582028e-04 1.273677917732624239e-03 -1.546371955638569306e-03 1.667665224241981353e-03 4.890200660831986500e-04 -2.612666370949239783e-04 -1.049770664933153460e-03 7.089617631755504561e-05 -1.340130090812064823e-04 -2.697227959886079433e-04 -1.743299830956052251e-04 3.776174032615221159e-04 -7.181389731123684643e-04 -6.989758760626344457e-04 1.483395206756086572e-04 -1.957724452119776447e-04 6.586608702508328888e-05 -3.850010893303628182e-04 2.087346878969037706e-04 1.039429987404201288e-03 -5.457339004506703268e-05 5.639419546210618734e-04 1.626838814493324970e-04 -5.107781507554899408e-04 4.062780659724488466e-04 -9.182147016175201465e-04 -1.427139644619576317e-04 1.471791711957758932e-04 7.727391611268500781e-04 -5.236146476894970245e-04 3.904539973628204483e-04 -7.975363331534845654e-04 -5.474117956172633770e-05 -1.391463209226787977e-04 -3.614320752284493293e-05 -2.285173999843633061e-04 -7.110766277325554366e-04 1.729677775162648853e-04 7.725212194787947292e-05 -5.012586151768306500e-05 3.008809300541073024e-04 -4.044341398165228859e-05 5.815690862514974008e-05 1.977422603001191244e-04 5.753162658688993641e-06 -1.913952952519264975e-04 -2.034971757320912526e-04 -4.378635520747620912e-05 1.386117633577969952e-05 2.463938053942894249e-04 -5.388297376981693700e-04 1.533513984357457707e-04 -2.090769946269371426e-04 2.346749333055294685e-04 1.887383344951226889e-04 -6.207422834261298156e-05 3.457729137463791749e-04 -1.345006439405828933e-04 3.340463806499804553e-04 -2.222131279709293669e-04 1.317734535063972172e-04
1.406107833160158138e-01 -5.181406110532375126e-02 5.005285735347999448e-03 -3.602226576693698910e-03 1.197483933434924895e-03 -3.399986374640217961e-03 -8.243213270271726109e-03 -2.001295255549911598e-02 7.897518892829521325e-03 -8.771799297044630475e-03 -1.724619121606126146e-03 8.621922675171247649e-03 5.138289306665265975e-03 -9.644514416355184786e-04 -3.599851214288319126e-03 -1.977652336427713695e-03 1.364569839162227275e-03 -3.378754607724616596e-03 -1.881423156238482344e-03 1.466772895875203641e-04 -8.292031918367044358e-04 -2.560764614834905306e-03 -5.511711072214690475e-04 1.742509483923749105e-03 8.168769064595136952e-04 4.069753401763060818e-04 2.673322090594572320e-03 -5.995155911541028915e-04 -1.787425119771456029e-03 1.096876734963127107e-04 -3.621594549780441340e-03 -2.802911186739414674e-03 -1.406218071256403000e-03 -1.077751224324619700e-03 2.689712082858065271e-04 -1.904907319714435002e-03 1.604089841749073753e-05 1.125239189476077940e-03 2.786993106321153033e-03 2.436098912431462239e-03 -2.220230528690482139e-03 -1.178819960998459850e-03 -2.722916887519901893e-03 1.089522360208442821e-03 -1.773154020540662200e-04 3.639163200874020055e-03 -8.616194502494572841e-04 -8.096349797523766888e-05 8.775421981579572010e-04 -4.071963150963180925e-04 -1.177036531818479673e-03 5.001520481810366528e-04 2.313739341480195669e-03 -2.307630823058024697e-03 -8.418595742015647998e-04 -4.311630928333854340e-04 9.851334069857224825e-04 -8.954952269280570245e-04 -3.558240373057644946e-03 -1.462544036179698156e-04 -1.883378255638051965e-03 -3.201950730556176600e-03 -1.905090631471980734e-03 -6.748433619617799422e-04 2.995647255923233714e-03 -1.621956080081584024e-04 4.575903766338499908e-04 -3.086467345597810642e-03 2.437855073543078368e-03 -1.750131605576073918e-03 4.081637396321934411e-03 -9.783995486914429975e-04 8.223148390770802655e-04 2.464157257335717211e-03 4.658064222050749162e-04 1.473885283913038127e-03 -1.188495997244166935e-03 -7.658556935084808316e-05 -7.667270042759245915e-05 -1.911971918245032251e-03 9.114580411543664546e-04 -5.550718136375359387e-05 -3.387612623722802922e-04 1.201201635554769912e-04 5.800981844457040728e-04 4.557709584621345378e-05 9.994862679772017946e-04 2.813118759104029829e-04 -1.395898426430028458e-03 1.013217593822540253e-03 -1.167421787022010363e-03 9.108239664156121920e-06 1.070852815047175976e-03 -4.227617353819378664e-04 5.289567458936638052e-04 -7.263066188553118528e-04 3.438719647582923937e-04 -1.230734479611669862e-04 4.149081137672660808e-04 4.641728378397324889e-04
3.538403341572909575e-03 -2.242222320227396301e-02 -1.618501317301250866e-02 3.744502252503339231e-03 2.124186200630197655e-02 -6.898162639179012887e-03 -3.437135862650640174e-03 -5.043012640422213887e-03 1.922111281278070065e-03 2.826168892131336683e-03 -2.467056160093614170e-03 -9.095601904610794292e-04 6.611974270029725639e-03 3.973227324320665124e-03 9.735098986690959161e-03 3.671902375677688936e-03 5.957290458205283246e-03 4.286964968782722325e-03 -1.678136403338382435e-03 -7.040673232408400581e-03 -4.998042811283038428e-03 5.035588616262035890e-03 -4.683775529663343831e-03 -1.593096919538998339e-04 4.269238439376304289e-03 -1.284952961091579001e-04 -3.422783876974253622e-03 -5.463779690478995366e-03 8.319330231322088001e-03 2.436521771826810449e-03 -1.224789768061311382e-03 5.941928992419350658e-03 -8.006534721145264211e-03 -1.572964845060869851e-03 6.920931521546020305e-04 4.894083910636148546e-04 -1.900899274637687106e-03 2.477719511695809611e-03 -6.020689412455435116e-04 -9.964562539941388200e-04 -1.622975788280675352e-03 1.558032258046979177e-03 4.673879085588923351e-04 3.128605246917131721e-03 -2.041770297994430824e-03 1.721835430515924895e-03 -2.450029302054933310e-04 9.562939451076362361e-04 -4.651640066300533386e-04 5.164575578853631286e-04 -7.990779917806907018e-04 -2.908218645459296429e-03 1.577995882112012346e-03 3.158619504315487905e-03 4.309255755021590829e-04 -4.709491126728933882e-04 -1.362167283790759621e-03 -1.851454622877420856e-03 6.539687978551248469e-04 5.119952050597642058e-04 -4.313348836932747116e-04 -3.083148909231505372e-04 2.072513850662172433e-03 -5.011574167912365195e-04 -2.694960893293736739e-05 -2.189804597063385334e-03 -1.861391360734767470e-04 -6.416887497561853722e-04 2.519715798796128846e-05 -8.030393144201290051e-04 -1.209082519217872251e-04 -2.199845630883569476e-04 -5.659761766092873787e-06 -5.486555402763362540e-04 -1.513482812061527358e-05 9.749594805961584246e-04 3.130499372425055334e-04 3.300135620124653607e-05 6.627010669185367077e-04 2.402950129913624167e-05 -2.605165145843382725e-04 6.561504895562889376e-04 -9.619630643168354187e-04 2.910722011297598003e-05 4.943891776989059635e-04 8.179006459566667223e-04 7.120244678425394604e-04 4.190370135299608089e-05 3.683601684595968887e-04 2.893385704947656185e-04 -8.309367229487833045e-04 1.458945293337554671e-04 4.799080301673674378e-04 -4.959128518592807516e-04 2.612391125143243248e-04 -6.391315410599241083e-04 7.065186372755804514e-04 -1.678734920212087117e-04 2.848116207424485936e-04 -5.287708824425055906e-04
-6.651429225779992294e-02 -1.410036740326179455e-02 -3.636694668364796185e-02 1.027851916192435051e-03 6.464577776670136187e-03 -6.400855217591309120e-03 2.864841940128899558e-03 -1.700068127076363646e-03 -8.841467777931891203e-03 1.918167374072370221e-03 -1.998196410766430245e-03 -1.360174703737579730e-03 -7.284112496159267673e-04 -2.535669554652654478e-03 -3.143533867596390351e-04 -1.731271487270104196e-03 1.235241234000460054e-04 1.574060737550218771e-03 -1.140090984596942459e-03 -3.984954291350940089e-05 -2.310823979101564191e-03 -2.375855932022655844e-04 -3.475675027208308533e-04 -2.202752010825250351e-04 -1.875157101370438862e-03 3.037798924687666472e-04 1.374983685091515613e-03 -1.515205089941412274e-04 -5.991734409643175146e-04 5.385274793477164840e-04 5.257042844014272066e-04 -3.377549632065091328e-04 7.135268241595142062e-04 -8.656144073997486038e-04 3.015008601320783976e-03 -4.959002745752065034e-04 1.529942318442665964e-03 -6.597759829429203403e-04 1.189571248930744235e-03 5.844653850835522670e-05 1.928274542322426011e-04 -1.318215699080082202e-03 -1.434112595645304754e-03 4.981743778175400485e-04 -5.285942570457377370e-04 5.051447013353653395e-04 -2.923118277515203358e-04 1.243335380004463586e-03 8.551347731954832406e-04 1.251612274281089197e-03 5.013078206581202253e-05 1.406095716229647857e-03 -7.349246918320136331e-04 1.231392793585982292e-03 1.151284272081618551e-03 3.013961437458047006e-04 5.183607326429908076e-04 -4.054574610807278154e-04 1.025238651079422077e-03 -7.386371351597891726e-04 7.332008881905841371e-05 -2.404587978224597092e-05 -1.152043302450744952e-03 -1.330636734950731571e-04 1.681254012341216184e-04 2.312631079929908636e-05 -3.705128905131299037e-04 1.309092075357588315e-04 3.169733341671776691e-04 -1.243314467167950079e-03 -1.107371991774727888e-03 -7.298823080552650560e-04 -2.155141616623482592e-04 2.138675038707789670e-04 -2.178778254445527720e-04 -1.111764774437639779e-03 -8.182391396871456501e-04 -3.700975304503795345e-04 6.457684921342988224e-04 -7.230523480435243006e-04 -1.378304637796584978e-03 2.191898274209059388e-03 -8.260226798868069422e-04 7.112714824369293547e-04 2.052396993093544200e-04 -1.337685554107523453e-03 2.738157112577289899e-04 1.146280095423431129e-04 2.982781044515232425e-04 7.419219505055128262e-04 -1.508582628300522352e-04 4.003620070125732747e-04 6.550027250981155713e-05 -5.605132992533382605e-04 5.628271580272286830e-05 -5.474637661611164155e-04 -9.027392377563399567e-04 3.535756594617690081e-04 2.179679244875804109e-04 1.692199888032852573e-04
-5.668827552740682285e-02 -2.992158712929090039e-02 -3.779258056317293807e-02 -9.943292563510208390e-03 2.704104582711559703e-03 7.940500326042349011e-03 6.109718328017673880e-03 -3.956134222423270813e-03 -5.175425618420717404e-03 -4.256678674120606409e-03 -2.229699131301118766e-03 -1.148992539798125625e-03 -1.219626109736167982e-03 3.558424067519792519e-04 -2.658035913093113271e-03 3.533216439160906473e-03 -6.406923161172233244e-04 3.556500827760097211e-03 -4.753376688662542594e-04 -2.148016706029271493e-03 2.197303053210064236e-03 -9.395057560707903779e-04 4.575461662991720511e-04 -1.144953597594482999e-03 6.403856688428614550e-04 1.774392567046470612e-03 -4.681214883500538627e-04 1.882945440461778180e-03 2.051637065538512369e-03 1.350082039510285567e-04 -2.167576195966081955e-03 -1.633950704579451322e-03 1.660983711648627171e-03 2.342498407290206919e-03 -2.376948937241517724e-03 -5.333737436527462116e-05 1.654273823776373879e-03 2.039929815831682813e-03 -1.394531099751795868e-03 3.023210057737578307e-03 -2.057993424038539673e-03 1.335268865589390444e-03 8.440767522243928286e-04 8.432417409523916183e-05 -5.869702108267690194e-05 -7.657976753174737354e-04 -7.574683349163056998e-04 5.852646795669714337e-04 1.750164484200718599e-04 2.195903074670117608e-04 -1.180578979991642793e-03 1.733190191910903739e-03 -2.137294063589091977e-03 9.743112496286085314e-04 -8.458599136557149074e-04 1.002055513200765047e-03 -8.187462059856618745e-04 -4.331188145864977787e-04 2.628106908953639089e-04 6.011997864944282474e-04 1.217250089634002276e-03 3.768365166948136388e-04 -1.618609836938271311e-03 3.030732307934974352e-04 2.584416621178003536e-04 1.954156269624962410e-03 -1.687312359994372314e-04 -2.089095682213660578e-03 -2.571427093891139916e-04 -7.085457144336647752e-04 3.759937355158185284e-04 1.625983227788019953e-04 -1.101906751575365247e-03 -2.924723228970100208e-04 4.632043409977411037e-04 3.979990491050825851e-04 1.296490964094763952e-04 5.142302765009195602e-04 4.263921985013121685e-04 -3.777591924386918530e-04 -4.721912922506498475e-04 -8.274194258323045587e-04 -2.055703052713009609e-03 4.525530826213912438e-04 1.042491550572896943e-03 -1.211885416258065779e-03 7.448588752839958253e-04 6.830059887392376912e-06 1.214731724524145250e-03 -1.710045677144331590e-03 9.639247736957543911e-04 3.092530897188618989e-04 2.112261015358371248e-04 -2.636783724074032468e-04 3.682137290224884747e-04 4.302933668391517423e-05 -4.128698699534602968e-04 -3.850730612932864094e-04 3.136222362106425715e-04 -3.166269923090804191e-04
-5.095958673631222069e-02 3.598693833970503103e-02 -3.156276796077928104e-02 1.813163709405170299e-02 -5.659594351021176965e-03 -1.454506857202167783e-02 -1.369514618126460451e-03 -2.428218659536365842e-03 -1.486338248218593491e-03 -2.008335907374543539e-03 3.694340075999669615e-03 2.437112538356418865e-03 -1.364688850044440188e-03 -1.382821175823384667e-04 1.743819254455017138e-03 2.432505657545981376e-03 3.302289931216943752e-03 -2.713553680829435422e-03 2.034778784629401056e-03 -2.785929199350729206e-04 3.503654189510140363e-03 6.061480285444173022e-04 -2.412131890063699043e-03 -2.378032193977014548e-03 -5.248781245893352661e-04 -5.647385479896631540e-04 9.480454223147625949e-04 -7.707207410306785716e-04 -1.084582672289901651e-03 -1.331453444314400830e-03 8.113469790090561224e-04 -8.995185992119395912e-04 -2.005382585087381753e-03 -1.667868452623372027e-03 -7.140503008565857743e-04 -3.640558376801213830e-03 -1.960279024122893888e-03 2.315197067602914327e-03 -1.072616959340693261e-04 2.358797492694721598e-04 1.108564974282510605e-03 -5.737578116478248393e-04 1.273485944202759146e-03 -4.383394373078100732e-04 1.159072237283238988e-03 -8.267531280808618384e-04 -2.338103312194973716e-04 -1.491911637334027846e-03 5.194497419843571544e-04 5.957834720471661240e-04 5.130183400714050232e-04 1.495816358608541155e-03 -5.192169673874918566e-06 -1.295391655396178855e-03 -5.795955783983423740e-04 4.241926454925343628e-04 -6.908162847918018160e-04 -8.257948100171480033e-04 9.287165270867508765e-04 -5.788801070325820574e-04 -8.558985216616431463e-04 1.223671617248328364e-03 3.315372399274095581e-04 1.412475428011333465e-03 2.181310892039549972e-03 1.350214753579943860e-03 1.615801356488343011e-03 2.660504378838783428e-04 6.820282596656992036e-04 3.653333625707916614e-04 1.263209659279635249e-06 1.466007181829571005e-03 -1.018867237513364568e-03 -1.860437301985194821e-04 -2.107249364684612319e-04 -2.185352089832709628e-04 1.810613262231097059e-03 4.656517864900238551e-04 1.805988822005395950e-03 4.720761608353590670e-04 1.589714083803423395e-04 -7.641432445724118073e-04 -1.325859264555038716e-04 -1.980955393643869003e-05 -5.437158555426693232e-04 3.949689022971322370e-04 9.943103492836523338e-04 -2.156434450071243391e-04 -8.886617375786544110e-04 -4.955589518009416656e-04 5.603027241949103555e-04 -2.228211878037052857e-04 -6.635517477176387173e-05 -7.659449474054620894e-04 -1.197860811631089621e-03 -4.474496962026400715e-04 2.368870975518181288e-04 1.811794274918532852e-04 -2.646963802215214511e-04 6.468114165283664427e-04
1.260496583075855492e-01 3.443315644419334826e-02 2.862675836683839254e-03 4.600286279367915392e-03 -4.581703530746188656e-03 5.689243310617988873e-03 1.490753829084923501e-02 6.679996328839997227e-04 2.191558062407009220e-04 2.054223996076192001e-03 -5.223515679145600624e-03 2.503485147601393519e-03 2.000449727583743752e-03 -6.830509949837919054e-04 -4.118999217407375880e-03 3.964211334676883032e-03 -2.852660216466611047e-03 -3.199301422542916769e-03 -2.250198005657881844e-03 -1.648878501449070957e-03 -1.687048461921916102e-03 4.073964300180456135e-04 1.023935146092238256e-03 2.331587766652512290e-03 -2.469565736828804089e-03 -2.153931723492374072e-03 -2.714246995720305707e-03 -2.637376564920769538e-04 1.881513281028320212e-03 3.978967602008459713e-04 1.995151246255452357e-03 -1.078812702670306880e-03 -1.282412838376888447e-03 -1.128446022120951735e-03 -1.302009996246353664e-03 7.200737132584693247e-04 1.923576429052250951e-03 -1.944591093821551944e-03 1.992544096945610458e-04 -1.058932948882284220e-03 1.527228676418307916e-03 1.270854892772608038e-04 9.658389884944235809e-04 7.222499428788213549e-04 3.139545716030530103e-03 1.311833219221240649e-03 -1.954277776955332894e-03 -3.192482607653666926e-03 -2.210087671988152417e-04 1.548553697226349611e-03 2.852271421944680449e-04 2.257516444955699666e-03 -1.591121644384088164e-04 -3.050192210753606696e-04 -2.403044417167923483e-03 2.242097624241458191e-03 1.033115512476908381e-03 3.325080216800811467e-04 -4.102886992403271789e-04 -5.448183684786295266e-04 1.048018545721874544e-03 -1.569226738610122887e-03 2.284083468558572270e-03 6.511241361317495315e-04 3.037007285058750897e-03 -1.976433685717591312e-03 -1.281952929697569195e-03 3.026412560824651813e-05 -1.304178642785980497e-03 6.695296523100789784e-04 1.513025888732213536e-05 2.545264568410780240e-04 -1.769453766181957330e-03 -1.993402671422620214e-03 -1.077056510521455469e-03 -1.628248204314232742e-03 -1.140275567027471256e-03 1.072718297673297752e-03 -1.844356534366142981e-04 -4.041044321235958770e-04 3.693691732977374357e-03 7.328010758861249049e-04 -5.395771987640181171e-04 -2.042095556659749393e-04 4.124178535697907953e-04 3.222834857298401156e-04 1.799231112426034071e-03 -4.112190438157823768e-04 -1.283947032002257958e-04 -2.402191283721213759e-04 -9.805437991508138360e-04 -4.353336930996374037e-04 2.596868230304505074e-03 5.927468848676701371e-04 -1.367071927935606911e-03 1.622457345718728277e-03 -5.741809490485465456e-04 1.557983494544327129e-03 -6.107473000512749222e-05 4.242466895258728988e-04
3.236136776924763980e-02 4.949627550774467200e-02 -2.560144596997388292e-02 2.617510911647164679e-02 6.207878814075393041e-03 1.006493329702410830e-02 -3.274826100747675389e-04 -7.147091136622515765e-03 -2.952783494966401256e-03 -3.974848313815358691e-03 4.273359055204135545e-03 -3.663573565507943688e-03 2.964126142429467179e-03 5.649231869013497014e-04 7.694411926683305571e-04 4.730931468698442756e-03 -3.194102536502509831e-03 -3.617382944678439790e-03 6.514002169449034305e-03 5.676891916666052407e-04 2.832146123806565056e-03 -5.710701798400607231e-04 1.226850596254705581e-03 -1.736886777276243788e-03 -1.027505567723312394e-05 4.929421141255239296e-04 8.553752720263778928e-04 -6.962055789905466753e-04 -3.502757872740387343e-03 -3.911798514917564609e-04 -3.367489497918339358e-03 5.964265506276338188e-04 1.610348760090421971e-03 -2.865416420112358933e-03 1.422413084973524504e-03 -5.156177171485494277e-04 4.439234790539371180e-03 1.265336872650165876e-04 -4.469006167206603791e-03 1.114518724185965858e-03 2.337883623085498363e-03 7.130601192405919622e-04 -4.296945831709708848e-03 -4.920729384612868018e-03 -1.379274366031487667e-03 -3.196511827880082601e-03 -1.968708311535381425e-04 1.264647922001631980e-03 -1.684841538044248551e-03 1.747560089218174947e-03 -3.443205136314748081e-03 -3.394372965109537527e-03 1.283321129819316349e-03 3.175418403177022748e-03 1.928453140964253430e-05 -1.419844366711499242e-03 -2.487262825727875465e-04 -4.395143483464733101e-04 -6.821573441168329237e-05 -2.057780672939208907e-04 1.875967895606385147e-03 2.645918148105776808e-04 -5.715811925139525213e-04 -8.531539090865635638e-04 -2.091129274488658964e-03 -3.043808564513401146e-03 2.233080300435203488e-04 -1.134644197019131235e-03 -1.698915511867139013e-03 6.725152471679180172e-04 1.433864609714347992e-03 -1.817871122800207703e-03 -1.234488731886093128e-03 8.396470756639471192e-04 -7.653595403473768301e-04 1.775784752653540924e-03 -9.531063064048618831e-04 -4.618941605736145918e-04 -1.231762396595099170e-03 -2.148707054389967220e-04 6.670590221745771814e-04 1.684982442468069795e-03 -7.826742359916131000e-04 -2.204794512261594517e-04 -6.513829883622046252e-04 2.318880241298577633e-03 -8.008059336795547061e-04 9.092672813571229097e-05 -2.041668541184486936e-03 3.943111613974840815e-04 -1.265762371291573091e-04 -1.226091903846235820e-03 -5.984848686460871731e-04 -3.607942878351414113e-04 2.986859475558353134e-04 -8.706609767515005247e-04 9.244604190320059207e-04 5.614410578461206686e-04 -5.848206256724402911e-04 -7.866906702965691632e-04
2.567398227767106814e-02 -3.348801518209203881e-02 -2.077045257139143938e-02 1.293173165650231445e-02 8.833159311979728659e-03 3.036991556056759835e-03 -1.340550528318822619e-02 9.885410419344846465e-04 3.556440472926432946e-03 1.178970745262020343e-02 2.630966926587513955e-03 9.581031360302949204e-03 -6.165451131726139289e-03 9.079708742568623481e-03 5.232496578586402205e-04 1.089269660106971516e-02 7.307394090289898864e-03 -9.061093458118887488e-05 -1.232807968232753565e-04 1.250024494728265746e-02 -8.305650434706586191e-03 -1.777526848571686635e-03 9.837556592414453335e-03 -3.078205567468977281e-03 -7.246397479066986076e-04 4.754468457262835644e-03 3.379312088407709306e-03 1.149992739911163443e-03 2.211340462994343663e-04 -1.421699968676403423e-03 8.492880740850165680e-04 1.328369073774161293e-03 -2.647412820134849385e-03 -4.724955359207511259e-03 -6.300061229058212748e-04 -2.340952295535134869e-03 1.884184981380972916e-03 -2.046124306589771659e-03 -1.666518066622041296e-03 -1.219746693716361333e-03 -1.078232204848173295e-03 2.079768582926430718e-03 -2.578603693576202605e-03 1.028294038309791013e-03 1.067477881929577597e-03 -7.806309578402768597e-04 -2.850391191924553369e-03 -9.506488456126117349e-04 3.161352262384992833e-04 -3.033779393523959849e-03 1.088773654858149822e-03 -4.663340495769928993e-05 -1.129559586915281381e-03 2.592837507661890285e-05 5.397983099112688187e-04 9.289598637141170808e-04 1.909792688529734421e-04 -6.320020902668532347e-04 1.255733760036985150e-03 -4.008115683938985661e-04 -8.404930348934657120e-04 2.485719587070423582e-04 8.226347984137656957e-04 -1.514260054063350496e-03 -1.002539931790698410e-03 1.024198668272201500e-03 1.039131925993094895e-05 -1.055901959448974628e-03 5.178430813109305723e-04 9.678667816396792912e-06 -1.016621310642090091e-04 -1.391260940004454983e-04 5.082930237077457752e-04 -3.167956052551541878e-04 -3.969268886335943630e-04 4.108245443074485148e-04 -3.178451214031774723e-04 9.773193655791054658e-05 -2.652346834296008234e-04 -1.238321497360506693e-04 7.128477358004338339e-05 -5.516020166423702027e-04 2.600627310314580017e-04 -5.489697935036192658e-05 4.342796464696579506e-04 -1.141197046557477753e-03 -5.493309109734992183e-04 -5.790639791263426349e-05 1.210956831616210368e-03 -1.238586155828590662e-04 2.937030144098856416e-04 -1.121264337639297668e-04 6.548830642631144538e-04 -5.274181587245350186e-04 -5.687072797509689194e-04 5.608288348716262365e-04 1.183167020813514402e-04 2.668529881820916414e-04 -3.152078932644399208e-04 1.199562166410443116e-04
-3.541656810811765616e-02 -3.261319549992645894e-02 -3.826557659469994460e-02 2.687405694298516598e-03 1.467002991204320421e-02 2.761048298639268150e-03 6.265714710187580971e-03 -3.108351266219520036e-03 -7.696262131609279619e-03 -4.648254963968345352e-03 -6.594972911418122558e-03 -3.514505459089670159e-03 -7.892593949980529835e-04 -3.369387192499504347e-03 -3.260257664296678341e-03 -1.311907433698273001e-03 1.709175858377488290e-03 7.244043014828738204e-04 1.914372041514713447e-03 1.373443848684910179e-04 -3.578270254001281094e-03 2.914148692361487238e-03 -2.143801773806286708e-03 -7.151305987234148325e-04 1.940516243400705176e-04 -1.147323693605372172e-04 -3.051910417319590035e-03 8.564173728009574727e-04 -1.695164360304464576e-04 -7.320340541609487344e-04 -4.551823318157777014e-04 -3.500492785919508305e-03 -1.003489327992438751e-03 5.071125966007168466e-04 7.442797397031066355e-04 -8.783276857348802646e-04 1.307127122555400665e-03 7.496405669366647002e-04 2.458074119689671998e-03 -1.002274267164404497e-04 1.480596571700467604e-03 9.327737595695939849e-04 3.624229308997369003e-04 2.498702468906736679e-04 2.114178697856281854e-03 -6.900649537385916818e-04 -1.583885994172952883e-03 5.367200066579426139e-04 -1.681262525054434166e-03 3.924076428146548029e-04 3.679998546473503248e-04 -2.051412682824012464e-03 -1.136836663582415914e-04 -8.811784273389579336e-05 -2.825974935322038656e-04 1.348149618051226826e-03 3.058332169545175403e-04 8.912301568246179789e-04 1.723817398254741731e-04 1.253083420063874848e-03 -2.052193384142140251e-04 9.192243803312326062e-05 -4.321643863365638326e-04 3.705017096294646963e-04 -1.092093250604126353e-03 1.268190347986289943e-03 3.656711219310868934e-04 -4.185350619730987889e-04 -3.363656529977106821e-04 3.355067455908061996e-05 3.117294396721212576e-04 4.414760668905030644e-04 -1.061058023924356316e-04 -4.232256644352340604e-05 8.867915589522997561e-04 7.406692496016375419e-04 -6.084350568343894605e-04 1.274347878965376992e-04 -6.926282290865605224e-04 -1.544335354398767798e-04 -4.973417014797167557e-04 -1.230972930582931125e-03 4.290685910486413505e-04 -3.029833201632322931e-04 1.431350144382790679e-04 2.197132901431320020e-04 1.056620371332899790e-04 1.618431463744138667e-04 -2.116541066162880129e-04 -4.973571406436276462e-05 7.248243247735682796e-04 -4.725223812251786088e-04 -1.828148141643382441e-04 -3.550646432918564029e-04 -1.224964962041892808e-03 1.458344241356766694e-03 2.122010137485719986e-03 3.441830454491303748e-04 -1.152206634057412280e-03 -5.672688580472970638e-04
-4.998363026308240420e-02 -2.335253347104702254e-02 -3.605317893042556815e-02 -3.969385502459719418e-03 3.811028188825991894e-03 5.297050561350788965e-03 8.885742572424883828e-03 -2.072250639921702307e-03 -3.777566205531021019e-03 -5.881454624602344174e-03 -5.479397908585277761e-03 -4.515475356849481953e-03 -2.830761751260208771e-03 -4.270263377872556866e-03 -2.217044779963108902e-03 -2.925292833516966295e-03 -8.546718886114386534e-04 1.064082417855895333e-03 2.101775922481255617e-03 2.465144147349121895e-03 -3.411403020656324659e-03 3.509201095134285419e-03 8.136690088960963621e-04 -5.232050787695044849e-04 4.387390503525406826e-03 -1.263205945728918889e-03 1.594907595643575487e-03 6.290609683760117277e-04 -1.757351958580088665e-03 -3.342199913896684148e-03 -1.964384755325938089e-03 2.140889725677381453e-03 -8.842416318384690435e-04 -2.747094728639963308e-03 -1.603869362713330896e-03 3.368999298396205440e-04 -4.588549364276408443e-03 -2.426284230750996342e-03 5.806093864921440043e-04 -2.881682333565202796e-03 -2.399633352575595809e-04 -1.790533168893931795e-04 8.682114617633991368e-04 -1.518498490459068394e-03 -1.259417762435436489e-03 7.777619468950587231e-05 2.824390281215985801e-03 -1.855759264923771516e-03 8.661239662805231808e-05 -9.652061199680488698e-04 5.528895047780948502e-04 -5.958008796683935283e-04 4.985512902381285250e-04 -2.894878528135425510e-04 -7.813556652912392701e-04 -1.538718851407321932e-03 -2.344833676778029178e-03 -8.448558258312442509e-04 4.003775194275415524e-04 -1.027775117328900588e-03 -9.716746688267442126e-05 -4.074812813107846817e-04 -1.930117988681732315e-04 -2.569032247981037462e-04 3.100349466760157291e-04 7.604820839690865000e-04 -3.451160612397919042e-04 -2.604562630668626200e-04 -9.389191177445855392e-04 2.575409786341394960e-04 1.161889151972631462e-03 1.313898474735516932e-03 4.483144430041562578e-04 -4.414854819355669533e-04 -1.810185460085705174e-04 3.777649062745710106e-04 -1.148399904613439746e-03 9.359336882347915436e-04 -5.625754508657219814e-04 -5.415526241489573931e-04 4.247989993150959450e-04 9.540445933872573284e-04 -4.583602447211079572e-04 -1.306963440131151538e-03 3.913525853172923315e-04 -2.714060008546846734e-04 -1.385629664686531060e-04 5.988133529839064010e-05 3.394644556139390880e-04 4.985464764370756575e-04 4.458718468258763765e-04 6.098960775584409282e-05 6.379918789209905916e-05 -6.265816328379043365e-04 7.745737338019649911e-05 1.339332702196576103e-04 -2.065925086930311017e-04 1.123334480243864128e-05 -1.243911852032094398e-04 8.011821526853079743e-04
-6.800917307148204860e-02 -1.375201372944094384e-02 -2.672530376486172490e-02 9.683807305692661294e-04 1.270557862595360441e-03 6.205949332538176350e-03 3.161077341702710816e-03 2.512642900443791839e-03 -5.748480383428316264e-03 -4.512605690708807252e-03 -2.661796545634482602e-03 -3.521795679116881093e-03 -2.329686709183648521e-03 -6.638410707219110501e-04 -1.745462521666121250e-03 -3.045004409983916634e-03 -1.576978161724200151e-03 -2.092890550694778869e-03 -3.924868594854929722e-04 7.518101201261335412e-04 -2.767327780333660951e-03 1.562089259842680804e-03 2.917161017844981281e-03 -4.159176948672619787e-05 -3.701520740504727876e-04 -1.290245383974909137e-03 1.234826256608026127e-03 -4.376239191858114440e-04 2.788409053679380366e-05 3.487454395420031862e-04 1.019850107554619387e-03 1.914784827070397950e-03 -9.436096175270951986e-04 -3.842970883705624976e-03 -4.596824366291799089e-04 -4.286471966862443763e-04 -1.761401831947250352e-03 -7.023879285683439161e-04 -6.659851300344710526e-04 1.416066535468573240e-04 -9.054206335527571195e-04 -1.269142118264699696e-03 1.819344027698908679e-04 -1.504444540846817328e-04 1.702643116595261978e-04 1.264709139525336742e-03 1.502737274857993328e-04 -3.997699905366799283e-04 1.061505132325086566e-03 -5.644700628756335950e-04 -3.192615769009464390e-04 5.801397838893241352e-04 3.195374717457649021e-04 -1.470292524041118405e-05 2.422176615920232628e-03 2.851935429801961161e-04 5.269932399352846540e-04 9.988994324402538857e-04 -1.294531491692644740e-03 -7.786119876084817738e-04 -3.298220062404238687e-05 6.801823647702804829e-04 1.101169139830416926e-03 -1.146405233566059369e-03 1.073004629681137976e-03 -1.673905052711039147e-03 8.572224773163577031e-04 6.682828704432705992e-04 1.385734836223084495e-04 -3.405460290115336830e-04 -4.646635500439779548e-04 -5.340498759119658790e-04 -2.127852134591795075e-04 8.322964986461024381e-04 8.066129755829577156e-05 -4.903236223279056538e-04 9.928650172201646407e-04 -1.384710149193971781e-03 7.263662019667225253e-04 5.765659455347950119e-04 4.583718681082135215e-04 -1.535230629805775515e-03 -9.221227421943836884e-04 1.594062664089731379e-03 -1.220533303014551809e-03 -1.377286016605240213e-04 -9.754364445595641860e-06 -9.864726940460709511e-05 -9.190296592217562024e-04 -1.125829860930049756e-03 -3.980467499029709819e-04 -2.917089948551132269e-04 -3.390659621267537492e-04 1.202218459139875548e-03 1.634538646543659101e-04 -9.983552496521145517e-04 -9.031134288696823732e-04 -6.638067531909380790e-04 1.080896347053333147e-03 -1.060622113026834634e-03
1.365158917821939211e-01 -3.918668807190795605e-02 7.776617081899721805e-03 7.307605258780754641e-04 -4.788536395122481204e-04 -2.930661197660955081e-03 -1.152177902834797436e-02 1.153938237349343664e-02 -2.067636109947169724e-03 -1.299739701078146984e-03 -1.538701938321340073e-03 8.503353320299071724e-04 -5.366314097549063945e-03 4.001071184764168516e-03 -3.296888400690916199e-03 -2.140225644503136130e-03 -1.142570936701018921e-03 1.458495842101335468e-03 -9.883676235556708889e-05 -2.199214685711637762e-03 3.172571060021580919e-03 -8.714454229440845830e-04 -2.562109739322051410e-03 6.680991259411420786e-04 -7.350947425774002897e-03 -7.671209426223892566e-04 -3.472577014604016042e-03 -1.198986764610907984e-03 1.888715979961657406e-03 -1.006519911328136209e-03 -3.391978766079689622e-03 3.718766713976602318e-03 -1.209118102447503083e-03 -1.347811889627438748e-03 -2.720258608357662127e-03 5.909462522783079207e-05 -3.784393338347888380e-03 -1.621381767090388252e-03 -6.150627352837264705e-04 3.829969042894069498e-04 4.390187137392762354e-03 1.668675574114805932e-03 -1.000740656459324146e-03 -2.761301524954743597e-03 1.960466984244049228e-03 -2.860017224658837842e-05 -1.491022202826491330e-03 1.248619476650711813e-03 4.906495255863431220e-04 1.361651632585277093e-03 -1.725830282380620001e-03 2.211031775010887518e-05 -1.433688138640528765e-03 -4.484794855647996855e-04 2.177541052008428652e-05 5.951637965235951353e-04 -3.397538834807564733e-04 1.931118578679600744e-05 -1.344920129896448732e-03 -8.462884487301239669e-04 -2.073005307404286648e-03 -9.837686299983693268e-04 -8.313137313091151269e-04 -1.827675363075339664e-04 -2.119076083526670075e-03 1.220565921592529348e-03 -6.736394403457000813e-04 -7.384069876059370712e-04 -5.468518271066017544e-05 -2.993996128756340729e-03 -6.813585677134736581e-06 -4.397048489931536827e-04 4.891492731569824139e-04 -6.785928982161981400e-04 -4.302406105903185465e-03 -1.040956981792502331e-03 7.715538400204710601e-04 -1.931409387783036401e-04 -2.840050335475209240e-04 -5.740733027671311673e-04 6.657661630349582908e-04 -8.532182897932959025e-05 -4.731048299525867067e-04 1.762590482875684230e-04 1.866674750353239853e-03 8.333971153692345277e-05 -1.974372834825942162e-03 -4.291110501971253516e-04 -5.281790708870326119e-04 -7.922078881569904031e-04 -1.111763694895017167e-03 8.544068254680336336e-06 -2.948958329377137982e-04 1.838011586467343307e-05 -6.375230335506714384e-04 5.420373598878046578e-04 -8.410848070221460223e-04 3.996645377281377476e-05 1.038648287753429463e-03 -4.447046457894220767e-04
1.683798504769140891e-01 7.587065128887600721e-03 2.153940986882113377e-03 6.218130249856163201e-03 3.693936073314319228e-04 1.389989288637628710e-02 -4.583151341802092532e-04 -3.403146604342521895e-03 -6.928879583989765167e-03 1.219213091024999931e-02 4.324141530342723717e-04 -1.678123111239567802e-03 5.093539250836199260e-03 2.529509614506421540e-03 -3.162844599776312975e-03 -5.275367663284580462e-03 1.694116186591633217e-04 -1.262151520870612251e-03 3.564666550473531096e-04 -3.695147305792460552e-03 3.039108134403984904e-03 1.906114767166035111e-03 7.609294137881671203e-05 -3.408064263742129302e-04 1.749753808799500840e-03 4.552136343305868138e-03 -2.729806201541167855e-03 -4.845405391964348351e-04 -2.803275697667015343e-03 -1.977413119502719700e-03 3.477391682621955738e-03 -8.573092872181668940e-04 -1.672644194790019875e-03 -2.143230755724035742e-03 -2.272929201471208128e-03 -1.404511948714074772e-05 7.834412479473594308e-04 2.618316064808820509e-03 1.833610543443920347e-03 5.255420974107049810e-04 -2.322492901543642910e-03 1.457720883654271739e-03 -8.854653978984551718e-04 2.928577722732602184e-05 1.335905969987554983e-03 -1.488877167738451813e-03 9.892768557535332272e-04 7.632543563874325801e-04 -2.239637258138759985e-03 -3.048653669210185657e-03 1.018114149741952646e-03 1.852126285287448559e-03 2.450451258268219502e-03 -1.467306110520484727e-03 -6.826741340972292821e-04 -2.198079372817174620e-03 -1.080070493872295522e-03 -1.398495305696110277e-04 1.746019060771233445e-03 -4.997212184911319710e-06 -1.545860615006305243e-03 6.215305988023687132e-04 1.182080843348191045e-03 -6.016757864467004889e-04 1.725273798127279802e-03 2.154819362509513819e-03 -1.841815088751783819e-03 -2.509147938078312278e-03 -8.654055431294232440e-04 -6.732040508420823353e-04 -3.410772942811486283e-03 -2.940163659701195125e-03 2.378325223804798514e-04 1.020433594936061847e-03 6.827487193223202985e-04 -3.445684580874551657e-03 -1.222144353225313243e-03 -2.190471127762430668e-03 -1.908358099177648705e-03 -1.838064820526202469e-03 -7.558223522808351063e-04 -1.173317437914381083e-03 -1.605912097283176661e-03 -9.082116819427198725e-04 -3.707053552113813411e-04 2.262142792077265728e-03 6.377066131711748957e-04 1.187468224032042844e-04 2.347256614747251732e-04 1.054087878230572243e-03 6.811426687351484523e-04 -5.622402021663400759e-04 -1.739532297606254541e-03 -6.499382951465863941e-04 1.474846226311927674e-03 3.862532958862787249e-04 1.014194791620507888e-04 3.888236046131772331e-04 6.387503323094876478e-04 -2.972922969778228527e-05
-3.422453678124813548e-02 -2.150316212278502448e-02 -3.441686531276283434e-02 7.449122087431789968e-03 1.788890896726105448e-02 -5.461181519491456644e-03 1.391362167904840359e-03 2.547383222497744907e-03 -9.633117601358334725e-03 1.653013290557378123e-03 -6.516274614326807157e-03 -1.796990502520292134e-03 -2.783892045081636391e-03 -1.304810076942206944e-03 -2.075947144331074731e-03 -8.713439525471656111e-04 2.119656805656438842e-03 -1.940944762090784361e-03 2.402385392628478278e-03 -2.499687051429840315e-04 -2.955993590430792007e-03 -4.024384967168269291e-04 -3.733340494674870324e-04 2.755962923548405108e-03 -3.425587957952823739e-03 7.792301713354006249e-04 -2.727177191150374075e-03 -2.010633004464614394e-03 1.037480916744718895e-03 1.479625943473136893e-03 1.300724330539118276e-03 -2.389767957031792896e-03 1.929253908002816729e-03 -1.949495868168055765e-04 6.650296052366578073e-03 -4.919766203172818824e-05 1.114039833208250703e-03 1.062233979230878071e-04 1.530392166510086962e-03 2.428338743891895937e-03 -1.137440359542374178e-04 -1.303976553328496614e-03 -1.956167213712544598e-03 2.227654203496119180e-03 -3.174786918149141512e-05 -1.080614341908413560e-04 -1.617054779787899113e-03 1.352282940162534419e-03 1.738519998065304938e-04 1.129590331916469764e-03 -1.664930453795761885e-04 4.591463406750604119e-05 -4.558722071015178354e-05 1.507765715317284242e-03 1.452121952654381390e-03 1.049876069206587525e-04 2.188063620004287568e-03 -4.268241761256562870e-04 -1.759290593529615589e-03 -1.880559369098186656e-03 -6.508426351909976735e-04 1.761092603125361412e-03 -1.205739599096599095e-03 -1.109323292442453450e-03 2.048001404133817805e-03 1.528017745346769551e-03 -1.147151025921833156e-03 -1.528432905854804286e-03 -5.511512925869332469e-04 8.137418021927618570e-04 -1.966284032827108220e-03 1.623617759992710633e-03 1.279645638598641460e-03 -6.928670611053552647e-04 -5.322510108291012574e-04 9.526291000096825858e-04 1.012305422444870337e-03 2.523127505575507683e-03 -1.017887357029670240e-03 2.283923980916450266e-03 1.692201534763472818e-04 -1.315947119967666046e-03 1.330783143690655607e-03 3.067407237721271370e-06 9.164917906849187612e-04 1.523167894871109472e-03 -3.537885023031996394e-04 -1.253589193804968650e-03 -1.593819686090379450e-05 1.280801838257110891e-04 -6.576005059408642286e-04 4.478825038766773943e-04 -1.059058243166935897e-03 3.274365704171758556e-04 1.133152219068452298e-03 -1.135846529050371905e-03 -9.688538284858416597e-04 -6.826633056229150162e-04 8.304254949814509875e-04 5.519173757759942732e-04
1.807686786272644187e-03 3.499412785527192260e-02 -2.626168596903644473e-02 5.817791814433898902e-03 -2.873154019257432180e-03 -1.607797286460220521e-02 1.615627679625887200e-02 -4.080349009714821979e-04 1.143171955248305054e-02 -9.360451271583004505e-05 -1.397651664782490475e-04 2.301887395010548867e-03 -4.004196181130795056e-03 -1.189360742155819856e-03 3.817209870937583456e-04 1.711130847994590505e-03 1.970579804980039738e-03 6.565891065080062565e-04 2.763073203381813132e-03 -1.654556360862611663e-03 8.237571540451329262e-04 1.494802001980682915e-03 -3.460779295943007712e-03 -2.726616060065471109e-03 -1.751578188932326977e-03 -1.336402135623358019e-03 -6.157017478721355032e-06 3.655426686569760927e-04 -1.535047042969440610e-03 -1.075982183071108009e-04 1.703820593245289469e-03 -7.738460079827528225e-04 3.188146197024136256e-04 5.695764102056137491e-04 -3.336130869102714360e-03 -9.984017304895181563e-04 -7.721809645047113648e-04 1.160470055672849395e-03 1.490951542702868664e-03 -1.417455036456295421e-03 -2.017984876504955866e-03 3.106738042941123261e-03 1.828346837671027711e-04 6.872472458466554130e-04 -5.364044055398701138e-04 -7.619909521842820922e-04 -2.792614727641011367e-04 7.277112800956023371e-04 3.554689893081698963e-04 -3.660547294814694465e-03 -1.417855331205970185e-03 -3.847265559958203498e-05 -1.707479219939953431e-03 2.344096395086692035e-03 1.343234870181033141e-03 5.908947140235988301e-04 5.922345608114840251e-04 2.187164086702805647e-03 1.806454234507174456e-04 -2.343705555425680889e-03 -9.153049359655856653e-04 -2.170104105695822277e-03 -2.696023555038505690e-03 -1.507546208627798647e-03 5.055916844723695215e-04 -2.760078786399567004e-03 -1.397360742509211719e-03 2.991867198460981532e-04 -1.158172540600687543e-03 7.051026847301435562e-05 1.025426986598158277e-03 -2.099483355442626799e-03 -1.468910632647085898e-04 -1.692737485663240430e-05 -5.265051604105496722e-04 5.201202053917563378e-04 -8.766502084866572501e-05 8.648733745077541793e-04 -1.725549613510168499e-03 1.345850716157261529e-03 -4.575159506328122959e-04 -1.389954865473505248e-03 1.694373066129983103e-03 3.611844378988010584e-04 1.853063539847287812e-04 3.521114561347745407e-04 -5.782076810915499823e-04 2.783557216570977278e-04 1.980933917272196393e-03 2.143578782539061519e-06 -1.011620327017223814e-03 6.675437174069686177e-04 -1.091644369666703402e-03 1.302578709122114960e-03 -9.634836461545247472e-04 -2.029671220916128092e-03 -9.033877892287962104e-04 2.281486285835946379e-04 2.459630145406836287e-04 2.697591483626388988e-03
8.794037642492875950e-02 -8.470388956988440451e-03 -2.636074374319548330e-02 7.541842101824247808e-03 6.613141030064171753e-04 -1.505279026245168184e-02 1.448809444776144942e-02 -4.891952353562076077e-03 1.428896754443523959e-02 5.243786137727859996e-04 -2.656304484744232124e-03 -2.359636889488469884e-03 -3.339567879596149706e-03 -3.474231348246565199e-03 1.046827452073897371e-03 1.909043970115699602e-03 -5.370720781427908326e-04 1.700005111899663673e-03 -2.876781368636299567e-03 -2.044202146632132389e-03 1.381846534772060778e-03 -2.937919836304519984e-04 1.930595521486192130e-03 -1.498123395591324965e-03 4.751413665878371768e-04 -1.434012142038835471e-03 -2.621094941547893065e-03 -1.395193449367033251e-03 -1.320227807153708660e-03 1.241602031550225610e-03 2.456881785567600722e-03 -1.610131684317808905e-03 3.775722615924859637e-04 1.613853266625499619e-03 6.282099207610941215e-05 8.199120108642273842e-04 3.777927576682836943e-04 -1.792456297988736114e-03 -2.961678238652567900e-03 -8.798133738713602089e-04 -5.979421698494707125e-04 4.224569391467856462e-03 7.638283297899791041e-04 -2.129398789687645364e-03 -2.191777083493568780e-04 4.031154588059027264e-04 3.899000263306163887e-04 5.297927994801446966e-04 -2.783685832279393993e-03 6.002536478179994265e-05 -5.100385661392793212e-04 -1.051046757890075059e-03 -2.009057996168504747e-03 -9.288640180958621052e-04 2.402403507913496855e-03 -1.215605889546073331e-03 -1.320503702342539594e-03 1.359207445267588939e-03 -8.145665364641893353e-05 -7.981304302736434058e-04 -8.955328406306656535e-04 1.508760458664958710e-03 -1.860907021536019465e-03 -1.655303994458653559e-03 8.543593809308563675e-04 -5.976551631571585697e-04 -8.578484171790308260e-04 -1.160150471649375138e-03 4.180010155568344293e-03 -3.563621052273679849e-04 -4.707795503089593717e-04 -3.531632059643399638e-04 3.710605365710432490e-03 -7.288189560500941272e-04 4.483650764080511584e-04 -1.166322284903683807e-04 1.718147011650417774e-03 -5.460159645251816841e-04 -2.393488218070147591e-04 1.020868554915114156e-03 -1.914352434885050738e-04 1.147609938189126820e-03 -1.125793385669355976e-03 -1.464707979115074162e-03 -9.602741264959382917e-04 -5.212952912798441731e-05 4.746001376922284580e-05 1.432968958565356823e-03 -1.260140093696162028e-03 1.814653941849239172e-04 1.804425817260311201e-03 -2.544994507304869887e-05 1.371840578118102040e-03 -3.639278390310302547e-04 -1.741998105963083170e-03 1.117091323210113799e-03 -3.062105767979191170e-04 2.497047814514655444e-03 2.111495235755925324e-03 -6.241653089653872218e-04
