-5.903873867218681348e-02 2.051856770462059248e-02 1.363850458177496595e-02 7.686556750017040432e-03 2.532870153893349019e-03 2.891953366624675989e-03 1.057816024813747376e-02 4.047314066708660070e-03 -2.450676033109494469e-03 3.998631527465925858e-03 2.525062575108455876e-03 -2.559749651242843992e-03 2.426819902023166862e-03 -2.413704753196930630e-03 4.115807516532642152e-03 -1.121848442366489952e-03 2.190762825067881382e-03 2.047437468891210623e-03 -2.060590850520380580e-04 1.506777484602499564e-03 -4.403720164607488087e-03 3.493478236751777852e-03 -1.874340768800682568e-03 6.429461315057370847e-03 5.621046002145900088e-05 4.686966885233905910e-04 1.304994011730095486e-03 4.168551342245471920e-03 7.254958947071065171e-04 -1.216204197028438079e-03 -8.574243365676294205e-04 -2.616314063922303224e-04 6.985761357535735447e-04 -1.002407577753437187e-03 2.927338239525909339e-04 7.747171278061853019e-04 -8.910866714913366279e-04 1.305581821217756660e-03 2.104835332010555980e-03 2.582371273938070984e-03 -6.578966605955818619e-04 4.850286227653671941e-04 6.626690278091575993e-04 -1.448259634825934685e-04 -4.154237359893652609e-04 1.347380134213863783e-03 2.532212569952800512e-05 -5.573716048731133755e-04 4.787640814395401285e-04 1.688537022362304437e-03 -9.167983761396926619e-04 -1.397480012900115644e-03 9.406294468021163648e-04 -1.113768981700073235e-03 9.745413351873053126e-04 1.053300984640213184e-03 1.238093597448192053e-03 -9.894499557260483160e-04 1.324823172200214087e-03 2.854007368154934366e-04 -2.586177904501306911e-04 -8.864068709233700535e-04 -1.001177048672194109e-03 -1.438123287817251288e-03 -7.546363019650146144e-05 -4.795637424130929868e-04 6.317972004650661191e-04 -1.189210341782390807e-03 1.137067577741445248e-03 -5.659281295302945238e-04 6.466361325660741326e-04 3.757125127637291517e-05 -5.604606962837510717e-04 -1.510552643595798475e-03 5.150892957631857940e-04 1.876642056143146210e-04 -1.805542981728688184e-03 7.310213073010549296e-04 -2.816844878273888175e-04 1.875738281725527730e-03 -5.311486781109780184e-04 1.520718592814677885e-03 9.417684124906250441e-04 5.786794888825270381e-04 1.021460139484362857e-04 -5.985440857415151323e-04 4.579712210440094818e-04 -6.318749584414160101e-04 2.219466302399557289e-04 -1.029753957025109773e-03 8.465168124686491729e-04 2.681596330649581132e-04 9.045054394829134953e-04 1.145718842923787841e-03 4.647622183955752448e-04 -1.003223165488701301e-04 -4.690056085058913861e-04 8.081863097570751503e-04 2.796421773802178039e-04 -1.139692410762503449e-04
-1.051888207142725878e-01 1.839833063761025372e-02 2.071360150778264742e-02 5.620571138913500915e-03 -4.720562370214136452e-03 -4.336212154019608578e-03 -2.317935577485472336e-03 -7.735259381934567928e-04 2.945160502678410668e-03 -3.181783807468419479e-03 -8.782559610440344869e-04 1.642102908316421745e-03 -1.339801991576857124e-05 4.896413639163153461e-03 -4.831472754444705343e-03 6.354013463125950936e-04 -2.473865729972211155e-03 2.305806375753724231e-03 -8.063317233172356173e-04 4.826447029696226664e-05 -1.994114175885845395e-04 9.576503686302714844e-04 -3.513546252762054438e-04 -1.141316705121182221e-03 2.959751992555748469e-04 -1.566133919213135448e-04 1.515103326914526657e-04 2.457474705198336214e-03 -4.631959872723414749e-04 1.259980722918968132e-03 -3.695142004651994936e-04 8.715337564622984735e-04 -3.544095731479434135e-04 3.428124038740769874e-05 3.351078620688038357e-04 -1.798914418059823503e-03 -1.075118410691444084e-03 7.814311251022577291e-04 3.090008403552947668e-04 -3.349554131699112691e-05 -4.513274390712712679e-04 4.459817192565107124e-04 8.978684240361498514e-04 -8.198155945174842303e-05 -6.438299720820488126e-04 -4.972589951278621545e-04 1.010095518561930509e-03 3.559661731829373782e-04 1.270290393509673288e-04 6.941421025982475205e-04 6.217823493017465212e-05 -1.218498264767834598e-04 6.452696508935211472e-05 -3.324211261172684375e-04 7.231312618992348420e-04 2.481815790765878296e-05 1.497381431006250439e-05 7.885010403472234378e-04 -1.742812172720661500e-04 -3.206857905270225017e-04 3.864178301020241299e-04 -2.214390429037511952e-04 -1.333553762879240373e-04 1.951137727687628801e-05 -1.106163105745341479e-04 -2.500100707632694303e-04 -1.458948502442955790e-04 2.870275814468910432e-04 -5.610305395801725489e-04 7.291584568988742450e-04 4.803283695892213417e-05 -1.885909952825012262e-04 -3.624137413989012165e-04 8.798562696750327795e-04 8.958420576707539070e-05 -2.638430527764726329e-04 1.418479516951292371e-04 -5.446106512649793964e-04 2.112718109840972501e-04 -3.110729633928484262e-04 -3.581702264954092279e-04 2.432792228519316236e-04 -3.139738724219589454e-04 -3.484939772621582402e-05 -1.525173308126739837e-04 2.060589007433386521e-04 2.868801211860181341e-04 2.399935002939431589e-04 -1.031141499937189485e-05 2.897099690673398558e-04 -2.030885840289455436e-04 -4.046339982987161537e-04 -2.473230277322714795e-04 -3.302113123484980454e-04 2.640064543404757908e-05 -2.780207220909033179e-04 -2.107775594436139843e-04 -5.805446359820566201e-06 -2.413752126821650437e-05 2.301801639260824201e-04
-9.816806374168977889e-02 1.408603270376000173e-02 2.777298082854926659e-02 1.074191667816948824e-02 -6.653113017101205430e-03 6.169427605807007754e-03 7.080504400885785123e-03 -4.208582775623966521e-05 1.440279440399655584e-03 5.145255772907325218e-04 -1.231939060028478103e-03 -3.073950535015607544e-03 3.832526515798395910e-03 -1.828700514750061746e-03 2.736666304393955799e-03 3.419376566372964057e-04 2.267482562875298806e-03 -6.010144563994105358e-04 -4.134452659006200136e-04 2.158591515706059414e-04 -4.725818973505030072e-04 -9.974476579645936633e-05 4.595560245487768187e-04 -1.512773173528877491e-03 -4.548393329419053960e-04 2.079968419792009658e-04 4.515619882414052756e-04 9.327154913489321122e-04 -1.786354046104394805e-03 2.456750695534426661e-03 6.268812504436243119e-04 9.238531264064357533e-04 -1.199900485745501169e-03 -6.240638983803861468e-04 1.133045066089895985e-03 -1.254649557678617520e-03 -1.305687834955130680e-03 4.624086849620186179e-04 1.432653236426783194e-03 -4.671807734142237063e-04 -1.110217845938919539e-03 -9.670409380045443285e-04 8.652979139070277525e-04 -2.497279680411195303e-04 -1.315376414185772313e-03 1.973067941928384039e-04 1.531160822016172521e-03 1.358524251489351322e-03 7.898950351587493779e-04 6.472549431848552979e-04 -6.515010533170174630e-05 6.331215905006574302e-04 -5.099969722081080462e-04 -1.314783258442882145e-04 -8.131673442533124364e-04 -7.191279705974506792e-06 3.182002988387178056e-04 -8.020306865356766329e-04 -3.930824041997386768e-04 8.220943006888430668e-04 1.010401767769226198e-03 1.813605667154818187e-04 -1.347197942554671096e-04 -2.522028199815467826e-04 7.226448932233999639e-05 2.984225301147330452e-04 -9.390218559669626271e-04 2.512196417118379727e-04 -8.617224497722260693e-04 8.727858627771123944e-04 -1.963691329255884540e-04 -4.467684671818536435e-04 3.556707483514438980e-04 8.196937173032541480e-04 -4.755314886671592662e-04 -3.881030421414459800e-04 7.934634634198837414e-04 -4.241952632950449329e-04 -2.922699245835337070e-04 -1.193897768547657993e-03 2.102832106819957944e-04 -1.873812932021007012e-04 -6.605798803402587315e-05 -6.030263147961601638e-04 -2.346483182650344783e-04 -4.749295140646276367e-04 -3.638576021072344418e-05 3.521306312329282101e-04 -5.048083577559671397e-04 1.717113507166023083e-04 -3.204697762749594446e-04 -1.568605349000468216e-04 9.573682441831565771e-05 -1.053244762895194772e-03 -3.287508524181037491e-05 2.534096203064693971e-04 8.457978083333552409e-04 3.512731227475812332e-04 -3.317567387035088981e-04 3.134237910757865938e-04
-7.667470751679388019e-02 2.078031424614435255e-02 2.044818845172718946e-02 1.129120648705875599e-02 -7.232073396653987971e-04 1.906134557821853354e-04 9.624671301675194815e-03 3.331199647211782831e-03 -5.632774374542554854e-04 3.949688302384655320e-03 3.366214286763125584e-03 -1.799491483453300898e-03 2.050198269384163018e-03 -2.790417489303175132e-03 3.035835550977807398e-03 -1.784109518568552984e-03 1.445975257008101601e-03 1.827809109195791849e-03 -3.745017242213957015e-04 1.769213192801988299e-03 -4.010160616978520817e-03 3.170833675489241436e-03 -9.668331534866253778e-04 4.990126229366008068e-03 1.634430014201764089e-04 2.681251167582473273e-06 1.096198597120130519e-03 2.471405539287329072e-03 5.492596239021557084e-04 -2.887722878954778762e-04 -6.653768532620952776e-04 -8.333823239708977679e-04 1.026142083154713436e-03 -8.015577512735381138e-04 1.204170287918808219e-04 -1.419383790018962717e-05 -1.036203003426229650e-03 5.974916165972551495e-04 2.019655955383382624e-03 1.879301993288003386e-03 -7.281611671663663172e-04 2.519416465622095801e-04 7.577417074149405719e-04 4.401208413040741671e-06 -2.653113339149533131e-04 1.369656707734022774e-03 1.574148382314562590e-04 -2.249830002741692479e-04 6.638970103084393132e-04 1.205396839845001991e-03 6.485628169933048518e-06 -8.706522404219817733e-04 1.255428230474656560e-03 -9.786842183851385962e-04 7.941661275719829379e-04 7.660454019749527018e-04 8.276003310925537145e-04 -6.281138527807488166e-04 6.064472157203319811e-04 4.397974532706761647e-04 2.149171700373464424e-04 -6.288827214336796013e-04 -7.762820070590034389e-04 -7.691021589256178065e-04 7.389313906961149088e-05 -2.173485107783079619e-04 9.826560018784192326e-04 -8.722664820217561820e-04 5.294820956414041492e-04 -4.269884722593535295e-04 5.544407752011803851e-04 -1.123237125544427386e-04 -2.826829143175057417e-04 -8.597219672441591470e-04 3.629752901512835065e-04 8.505425331856957384e-05 -7.941523838275217498e-04 3.738071210544986539e-04 -1.087911001608778784e-04 8.905614328775352494e-04 -5.135282005518317268e-04 9.808173459645583639e-04 3.081143648638521963e-04 3.745741066551245332e-04 2.736331082973303191e-04 -4.463214951609473582e-04 9.671245079799651180e-05 -1.901012936206838934e-04 -1.890696273121292460e-05 -1.063964637321856293e-04 1.715144584571036315e-04 3.394273895070301465e-04 1.021007013720700782e-03 5.002960961391983907e-04 4.002953554587414362e-04 1.360024727517406169e-04 -6.971127643392425631e-04 5.537768301168779789e-04 2.056619868571018029e-05 3.218509892918675996e-04
-9.232625036334489443e-02 2.299495801165005182e-02 3.196284174642997911e-02 1.671289269104139774e-02 -6.963115123130843818e-03 -2.678887543107362924e-03 8.274484946770539057e-03 4.508363601246968052e-04 9.988524689015655222e-04 2.430151010038411261e-03 2.634863583186256974e-03 1.039339013550916050e-03 2.799311705781114337e-06 -3.500348412497483134e-03 -2.493381218155637027e-04 -1.574359244811832049e-03 2.447681729392968061e-04 1.168096861645832136e-04 -1.304185998215089820e-03 7.013888653798665621e-04 -1.403033050177431799e-03 5.760166337068574382e-04 -1.313322242162332084e-03 2.107384673458747009e-03 -1.973791487405307651e-04 -1.223188463741337864e-04 6.202050746019824442e-04 2.893009012732608142e-04 4.993416143197430129e-04 -6.641965542783768398e-05 1.579418480239302503e-05 -9.748887634639860763e-04 1.376294249253779637e-03 -4.526478983394114904e-05 -2.588158019751424037e-04 3.018978805318477121e-04 -8.615464036779180591e-04 5.167604141612571617e-04 1.640008438473614712e-03 1.361953997719890649e-04 -1.239260935974937478e-04 -8.469069402463979103e-04 9.908192472775521550e-04 3.372294055347247583e-04 1.806562794168290498e-05 7.326882619305013795e-04 5.492116295947141264e-07 1.987095134782084773e-04 1.731205809360761229e-04 2.335415465891035739e-04 4.796017281672976360e-04 2.753621559583029369e-05 6.802502330494248923e-04 -5.547749757037668704e-04 -1.156398805701430428e-04 8.575587149483175262e-05 2.211778778552195469e-05 9.047330351712182185e-05 -3.830894345235058584e-04 4.998501488966775735e-04 4.975067597241316850e-04 1.047641678598038582e-04 1.704591588113790073e-04 2.534804935533368098e-04 1.902717980289670135e-04 2.442591176705905909e-04 1.966160203997370916e-04 -4.051560479755162412e-04 -3.350055173169952665e-04 4.042705643102571366e-04 2.392436662991489382e-05 -4.783910235273929187e-04 1.328037887993793525e-04 6.902112496605069310e-04 1.310875540437333911e-04 -6.218151539459189283e-05 5.954397093043405391e-04 -2.806936208744782312e-04 3.373501390544205261e-04 -5.772383366080285514e-04 -2.334441352134167941e-05 -2.232354749934207486e-04 -1.371116387327626267e-04 -2.164644209108927892e-04 -1.274590263408255581e-04 6.525369434154387619e-05 -4.849195886180506193e-04 1.775529548449477485e-04 -1.165417472831467067e-04 5.299320112305554338e-04 -2.869011308078106516e-04 6.782843437031384865e-05 1.542999788764925530e-04 -1.881616572275153607e-04 -1.377707245600254260e-04 3.132931827380342827e-05 -1.804648220961741747e-04 1.707862473970835060e-04 -1.486304041641030825e-04 2.093156264242294483e-04
-9.213116751038953611e-02 2.476339052803322102e-02 3.590376592975343811e-02 1.943002955874503432e-02 -7.285507715802795603e-03 -5.347321915302578887e-03 7.102441625759028064e-03 -5.201559885638072666e-05 1.446112618750005708e-03 2.045448209649962379e-03 2.390446443341881499e-03 2.643924903781008553e-03 -1.430259328440528161e-03 -2.429955813302706567e-03 -2.061461820169462836e-03 -1.665386386339222802e-03 -9.537884452481119359e-04 -9.157832460951940924e-05 -1.060898112365206338e-03 2.210526259386608584e-04 -7.500340141653457715e-04 -7.436387922267397466e-04 -1.394782526924847081e-03 1.482800743464530004e-03 -2.658081982925222407e-04 2.592601094283663601e-04 1.907435029581253160e-04 -1.024646272525239288e-03 9.983837281441368221e-04 -1.062874984835655628e-03 1.084452518898262809e-04 -8.248948894396922063e-04 1.374184181445495647e-03 5.396636397649589049e-04 -3.834611029683628741e-04 5.942704171980903519e-04 -2.632361673539815555e-04 2.412559783239971449e-05 6.331149459689823424e-04 -1.167398596286590490e-04 4.122339488589581158e-04 -4.774822210342480268e-04 3.963311579496665133e-04 5.502257594606249202e-04 5.352698455482138035e-04 5.293154148411703501e-04 -8.519036052578342951e-04 -2.736693968789100377e-04 -2.305616117956026535e-04 -2.459830308766894087e-04 6.615394441289920973e-04 1.693223089226259946e-04 6.174545459140543327e-04 -2.939545174140148162e-04 -4.059315379853236619e-04 1.085170397555800176e-04 -1.159275529109180761e-04 4.186136682316339520e-04 -5.171907146024785906e-04 2.436207804290372876e-04 1.364520956137219509e-04 1.464481570681537082e-04 3.338423967906086636e-04 7.109746434335012088e-04 1.232635266268162133e-04 2.306982748552021485e-04 1.467869284519869913e-04 -7.331659894501943626e-05 -4.420535971924977959e-04 3.201583600681950611e-04 -1.306845372053468276e-04 -2.444342760107858122e-04 -5.751098713701728016e-07 5.190467153946760111e-04 -4.739920002589605212e-05 -7.263677698912309334e-05 6.585871448509173680e-04 -2.323948091715975902e-04 1.152223676515814902e-04 -5.511040276367318389e-04 8.796493253413064468e-05 -3.201684205461834500e-04 -8.763305479307607481e-05 -2.821929823751305813e-04 -1.464122817557899031e-04 3.232080703540999461e-04 -4.733072157406904086e-04 2.466500920113793151e-04 2.468678048813273859e-05 5.058475354758162727e-04 -3.119222357286980762e-04 -1.229502004057348471e-04 4.747226807157725403e-05 -1.428072724810367877e-04 -8.236537676755374877e-05 1.133181748073409538e-04 -2.688706015076343294e-04 -2.549129751107888147e-04 -4.781942332738072220e-05 1.232099445648271441e-04
-9.767888936279243983e-02 1.854460851014016337e-02 3.376052805678286806e-02 1.479102494842908337e-02 -7.728327760137389778e-03 -5.941864007690573699e-03 5.106637865490439541e-03 -3.067531605047853476e-04 1.001116946158263528e-03 1.248111918246021636e-03 2.409393902521351181e-03 1.591591411451293014e-03 -1.402786690836520852e-03 -1.491033413359443361e-03 -1.849491129967519585e-03 -1.867647250889614479e-03 -9.446283014753430445e-04 5.986452288686906808e-04 -6.382514623875938696e-04 6.523343731628534472e-04 -5.112100406431304691e-04 -2.491171182604646063e-04 -2.909263845262654289e-04 6.865011701287255120e-04 -2.389356152001058324e-05 -9.425572947222012965e-04 -4.084903884726758081e-04 -6.825176652222779763e-04 1.128849142704857391e-03 1.546758327124476872e-05 -1.319037709541418901e-04 -2.600251149250206633e-04 8.074995012570596650e-04 9.090570919529991504e-04 -3.361514753634401538e-04 -3.683944676914938468e-04 -4.970270229403430219e-04 -1.338124127143294534e-04 3.707597674602595197e-05 1.544019258475051357e-04 4.685367805603436026e-04 -2.217243070048190211e-04 3.438113492252109970e-04 1.464411934187001129e-04 3.383150015021082276e-04 2.701331942200958813e-05 -1.068533844357204580e-03 -4.628753171229271096e-04 -5.448119397085954144e-04 -2.540905126086068222e-04 5.334270455565463288e-04 -3.556533193142768611e-05 9.137878148964914292e-04 -5.675370040108174054e-05 -5.331671537801646816e-04 -5.183172116514759724e-05 -5.848654066495554511e-04 9.875861819454933264e-04 -5.502370830657623548e-04 4.351034592029596722e-04 2.836262050827784891e-04 3.198915098373472979e-04 2.944047746194690006e-04 9.317506243221818042e-04 -1.229589828867876902e-04 -5.001892822159877393e-05 3.227346972000399192e-04 5.148033827419048851e-04 -1.074599449111636202e-03 5.620640887494135571e-04 1.639099273838077737e-04 -3.151709339608906333e-05 3.109718827187403349e-05 6.183618308764718971e-04 -1.051116766838246463e-04 -5.198624504470520042e-04 9.979203240755504800e-04 -6.401371715354359617e-04 -8.895410282988141246e-05 -7.900954380980605317e-04 -2.183315570021451119e-04 -3.826967734221364175e-04 -1.932836128999969891e-04 -7.064166438807577058e-04 -2.437307012754197323e-04 5.257407310681578520e-04 -7.024567810306248973e-04 4.369192851890366883e-04 5.031337867986584338e-05 4.726152793559964117e-04 -2.061872344382810810e-04 -3.180690447185604858e-04 -9.306810832400994266e-05 -6.114523207001144271e-04 -2.567811415143870482e-04 1.352643646705525826e-04 -1.647646081503160455e-04 -5.458724575982431323e-04 1.870116222791065553e-04 -1.236141563554176261e-04
-6.442013408020914877e-02 5.833811070976799469e-03 -1.318641958583798360e-02 -1.577004680218111257e-02 -9.950318831327823951e-03 -1.874906120939428059e-02 2.208061516149301996e-03 6.835846626520836536e-03 -7.935237346377650020e-03 5.397443043081917406e-03 1.374244890674706024e-03 -1.843364874242741898e-03 9.797811526160314557e-04 -2.503421310198323656e-03 -1.607046518617046005e-03 2.053049897896587744e-03 1.764250451463678050e-03 1.233911894228195694e-03 1.727638182925049981e-03 -1.720220936461914151e-04 1.409717988600608062e-03 3.793210441941327377e-04 -7.760187009035020766e-04 -4.202932564567352113e-04 -6.883052901896518803e-04 1.439937519568660522e-03 -1.167147007278530830e-04 -2.133542123414787928e-03 -1.603687017192101979e-04 7.922203701619109440e-04 -3.517270922572706023e-03 1.666551978380411249e-04 7.820057117329925339e-04 2.366855697545480535e-04 -1.009047811959626166e-03 -6.246056165460517080e-04 -1.028507193747772285e-03 -3.239894689905739198e-04 -3.213834880467325399e-04 -1.287996592106199810e-03 -8.996214996150884210e-04 -1.222172936962038338e-05 3.650683146585808974e-04 1.678852535391772358e-03 -8.547854988817654839e-04 1.397626267851095590e-03 1.348804270832135578e-04 -1.856902587815820660e-04 7.529799901447039407e-04 -3.220465126119737963e-04 -9.479405823693671206e-04 8.415196007570122701e-04 -7.856033621367260493e-04 3.979441434984263681e-04 3.148116094311647316e-04 1.800667588096631442e-03 -3.197470452918034565e-05 -5.364849609165444093e-04 -3.053484993650109214e-04 -3.823703894076901618e-04 -5.624032411656194322e-04 -4.969008371737344051e-04 -1.058992665753205739e-03 1.036160281182425379e-03 -7.080393299713385984e-04 -3.697528429155482257e-04 2.713814873031965020e-04 2.728567934694194866e-04 -4.257561597269773662e-04 -2.515891433846229475e-04 -9.155954507734688768e-05 5.514248816208966323e-04 -9.634081853478659776e-04 -1.209046587427484528e-04 1.928387394243130377e-04 -2.916757477790303489e-04 6.574561312564413187e-04 4.214738724081840593e-05 2.934141700592747472e-04 -3.572618333394489269e-04 -5.541483861502192977e-04 6.746078116525432990e-05 -3.248516026053655881e-04 2.137569253075766857e-04 -3.501497949278146115e-04 6.704783167274417591e-04 -7.093589933400468487e-05 -3.766897846815396187e-04 -5.282293987401954950e-06 -7.733968546130075652e-05 -2.132155225419088288e-04 -4.056092501351068807e-04 2.470600850648159864e-04 1.032474794403818140e-04 3.202578094793910222e-04 -1.591098804782989915e-04 -2.147157847923107611e-04 -4.028114693845944415e-04 4.684478980179547394e-04 -1.780210633500460700e-04
-6.529882369449763191e-02 3.777160889286693655e-03 -1.235156308446708207e-02 -1.701700241881657499e-02 -1.024314232069611225e-02 -1.783343850216903559e-02 1.573609816901241432e-03 6.105614900412037992e-03 -8.503514704075329500e-03 4.881935341456531893e-03 1.138493281950454924e-03 -1.684280976397352966e-03 1.529017895843330426e-03 -2.136656370000154445e-03 -1.313635489575395911e-03 2.452891563946716594e-03 1.798599988595976249e-03 1.236055277493704240e-03 1.795065467953630908e-03 -1.537790647513216202e-04 1.235083763359796048e-03 3.666409783372552296e-04 -1.022820232269203893e-03 -1.472542805349296065e-04 -4.945477444044361166e-04 1.248641042313555641e-03 2.953232682692618445e-04 -2.023435757281586041e-03 -3.540144108969459601e-04 3.733751564135710690e-04 -3.523334589121253010e-03 4.351039002541997577e-05 7.594165607759330219e-04 3.512006075729554055e-04 -1.027188415210413637e-03 -5.082752761264047086e-04 -1.093928664957953588e-03 -1.608157695384055980e-04 -3.725562793401660856e-04 -1.148202547948359506e-03 -9.056181605899067850e-04 3.030401266867385453e-04 2.398575001229508424e-04 1.396711193449065493e-03 -1.004056654683910298e-03 1.327402686667593975e-03 1.789812509128425183e-04 -5.137477774487941981e-04 7.922711433272547864e-04 4.773181182442844941e-06 -9.249285520692045789e-04 9.973350556580036150e-04 -8.958347641421052525e-04 3.435045872452007734e-04 4.759226360520357356e-04 1.523925502136812792e-03 2.785043730719202011e-04 -3.574252600290449278e-04 -1.589638987631361556e-04 -3.121106577647681543e-04 -7.103437854439870842e-04 -1.174557205690892931e-04 -1.210475997793797158e-03 9.190945235745735277e-04 -8.871821881301018061e-04 -2.936575541284587327e-04 2.181206951787764746e-04 4.637026711660979859e-04 -4.340450195645219680e-04 7.358382562537590411e-05 -3.270692446496447085e-04 2.418655489543838108e-04 -5.641554198404496187e-04 -1.521537199449676065e-04 2.848880891182721292e-04 3.059946900743520021e-05 6.737922220320782590e-04 3.781780859249745568e-04 2.200484251393666139e-04 -5.899517222451369780e-04 -5.016580969136949378e-04 9.870637227361085014e-05 1.046424503286962543e-04 2.738442309625928849e-04 -1.256486477038277604e-04 3.636773482880729371e-04 2.363366099652068465e-06 -3.491322930047183518e-04 -1.078839304736732731e-04 -1.099869655601801779e-04 1.071749273547116180e-04 -2.321651899236787641e-05 1.686660337044067930e-04 7.010951836480118591e-05 3.976037010415686625e-04 3.921010168918079720e-05 -4.749235904366857423e-05 -1.228609928892757607e-04 3.133245454257344953e-04 -2.445047350483576729e-04
-9.825097840560295670e-02 -1.670259432192779461e-02 -7.276699585995519658e-04 -2.401323920419029968e-03 -1.253231851430283879e-02 2.634437188962502219e-03 -5.010745641889936645e-03 3.936406243419203997e-04 -1.910150048881158018e-03 -6.682959316551027396e-04 1.628064686587521025e-03 2.870570864590481588e-04 1.934297146915453514e-03 -7.183384936530617937e-04 1.658537141303685842e-03 -1.657869210803579203e-03 2.111623218952594309e-03 2.610548074488508105e-03 -7.178709683822491819e-04 -7.845227981421130101e-04 4.799912591811495571e-04 1.928996411299840744e-04 -6.775915776569757043e-04 -1.630122653410919029e-03 -1.470576489238107406e-03 -1.411644065175910552e-03 1.862649794606309212e-03 -4.590707370518840242e-05 8.999517910379987388e-04 3.866266009986240172e-04 -1.032746031303635216e-03 -3.660374133497880920e-04 -1.950637159632009942e-03 -3.392067238166523307e-04 6.389673013940896408e-04 -1.038036927885807679e-03 -5.791445800010197294e-04 -1.809933804085847283e-03 1.156510678358617676e-03 9.358577142962802272e-04 1.135364608585299811e-03 -1.347275124300135714e-03 -4.296493976502479000e-04 5.646095554559286325e-06 -8.662438316598642871e-04 -5.814045559417606096e-04 -7.909323227345696960e-04 3.223083199039137751e-05 -5.433738929353948855e-04 -1.088157887139257858e-03 -6.435761600163393504e-04 -1.217394554669067383e-04 1.329536037214709536e-04 -3.185214965965579240e-04 -9.453967278044203137e-05 -1.125085192168532667e-03 -1.249312789634029639e-03 1.254298658633789913e-03 -6.696574695804995278e-04 -7.472116210810084667e-05 -7.593409429474930411e-04 6.448261884976937272e-04 1.249083837151384897e-03 1.279047572508005854e-04 -5.813176944782341747e-04 -7.210555258084698580e-04 1.384075587946344190e-03 1.770100796197709688e-04 3.218774216988976250e-05 -4.719566083702910397e-04 7.866624175462914176e-04 1.221363146785752439e-03 1.012980095556571900e-03 -5.468471510369088276e-04 -8.766677842577302914e-04 -7.787447187881144746e-04 5.329394168630661619e-05 -1.809289303454720719e-03 -4.942433431635694644e-05 3.333597843908275501e-04 -3.657349926653825564e-04 -6.682609497955391492e-04 -1.042926701334318538e-03 1.952716170314242538e-04 6.475388613801533687e-05 2.534616996021053510e-05 -3.251559796124821561e-04 -1.256072524560384283e-03 -4.401167949521427405e-04 1.566277005534772978e-03 8.016529512487042923e-04 6.684394807570592453e-05 -9.153018972734305609e-04 -1.188589868949708290e-03 -1.097318302939058075e-03 -5.718188731904496128e-04 -7.295096577050394493e-04 8.901834332612686704e-05 -2.333306622234639625e-04 -4.440765897081508091e-04
-9.637316868258685720e-02 -2.909159088668228019e-02 7.794923163352183819e-03 -5.488910391111578510e-03 -1.155201105240463494e-03 -3.459837597107793660e-03 -8.601458573034521937e-03 -5.739004103800172257e-03 -1.157797626826896718e-03 1.294759071505078045e-03 4.629645389069660978e-03 -1.347499009588344274e-03 -4.490195236113512199e-03 4.996987555556487793e-04 1.760508007109127561e-03 -1.903172885532051399e-03 1.208305122165355102e-03 2.917649133182464213e-03 4.166976602858942641e-04 1.964044806431258978e-04 2.795222836788549135e-04 1.035197581077792507e-03 1.173890615576689582e-03 -1.480901960197929159e-03 -2.101619423338929767e-03 -3.146734393615839131e-03 1.771932885414573625e-03 4.025044085318495515e-04 2.418326604054557398e-03 -9.494707119176214270e-04 -2.394014283797345297e-03 3.504071015825099898e-04 -1.127275474699933723e-03 -2.409093153478908736e-04 -2.666934597798694263e-04 8.153967845209891038e-04 5.671202945236206118e-04 -2.661954594720084607e-03 -4.573754016607992296e-04 -2.821281512907989939e-05 4.288684594784305647e-04 -6.921907585888917606e-04 1.545229098993878159e-03 -7.177342985826665493e-04 -1.122806251397436434e-04 -7.970932765769211080e-04 -7.006283516644833554e-05 6.800560169837643930e-04 -8.399810889308322688e-04 3.850848976934712628e-04 -5.233711850936408408e-04 -7.672524812974934562e-04 5.657227190089465134e-04 -2.057154697820746773e-03 7.014145285004684625e-04 -1.164656192589512721e-03 3.795795888242851262e-04 -5.809451189139394883e-04 3.113579145880899211e-05 2.172209264457691509e-04 -8.655793156830319081e-04 8.050653684230900137e-05 6.387466295914853232e-04 -4.590837893147296203e-04 6.922421169047529447e-04 2.883081731946071256e-04 -3.933802620422844959e-04 -1.070751959351365053e-03 -1.016274419475690031e-03 -7.582256270084644211e-05 -6.676277819046227101e-04 4.858068851617283420e-04 -2.041491510727673736e-04 8.860245712403864949e-04 7.804626647935240455e-04 5.528980080124925158e-05 -7.325802263949418385e-05 3.388614859590790012e-04 5.380403700402294884e-05 -3.817398003515865175e-04 -8.229050005470794947e-04 -4.892328211657852527e-04 -4.288160467565649238e-04 -3.736557770929522792e-06 -8.287606683692411375e-04 -4.626294914951410188e-04 -1.034186203656070443e-05 -5.003175966626952857e-04 -3.800350021701118307e-04 7.771647091335888739e-04 8.631679031207593542e-04 1.237952445516936773e-04 3.145714374199521822e-04 4.271050452272030296e-05 -1.114482732538834469e-03 -4.569388604160581663e-04 1.457371875639202913e-04 -2.640560304714604047e-04 1.051706062974287233e-04 -3.059878602411582240e-04
-6.324247439607563748e-02 -2.833487710974890925e-02 -1.696872488863391485e-03 9.331469575725353030e-04 -7.455784287930196201e-03 -9.454449583658822848e-03 -3.992752322666217116e-03 1.652413349681242224e-03 -4.434863075239749153e-03 6.998379067680661307e-03 5.139075911928283648e-03 -1.262666534514278070e-03 -1.733133867410095990e-03 -1.470055745733778825e-03 6.649514768606292143e-04 -1.927819191540283304e-03 3.283961063493793294e-03 3.154340003013819931e-03 1.248052831353126081e-04 -7.916261176076776380e-04 6.190490295280778876e-04 1.020990544370467616e-05 2.126725986929714864e-04 -1.225027214406540759e-03 -4.106306389171323311e-03 -1.161489432284514099e-03 1.171611242552913438e-03 -3.526825402457913763e-05 3.160025398045834474e-03 1.226988041165705810e-04 -2.256500923789481802e-03 -3.819762776426270049e-04 -2.794276672375795283e-03 -9.155911441490647510e-04 8.458900641330074040e-06 9.439560007107992848e-04 -2.244082479052245463e-03 -2.960970802091621255e-03 -5.071369875015321969e-04 -4.381859882288176322e-04 1.297930999331763048e-03 -1.353420121488542027e-03 1.213845798966930664e-03 -1.402751141223678951e-04 1.570443012576152176e-04 -2.226694606963217516e-03 -5.343179729463724354e-05 1.534687221952583556e-03 -8.405620510004000769e-04 4.216429410995341438e-04 -9.682070886670268001e-05 -7.989382730084375935e-04 1.338928052389083603e-03 -9.779899013555294846e-05 -2.926727350889741125e-05 -2.075979682764091290e-03 -3.755763250307687083e-04 8.980478285225700118e-04 -1.376918061521049735e-03 4.254082786810546362e-04 -4.737145754932039522e-04 2.195167299514475705e-04 2.502804478368572585e-03 -5.441468028531561531e-04 7.071380052618826770e-04 -7.778973955366171814e-04 1.240954295632906669e-03 -2.902005394098706721e-04 1.634494899630001307e-04 -1.173049251152013096e-04 1.543462792643267268e-04 2.782430200604756997e-03 -1.551439456983135737e-03 -6.169061810894556515e-05 1.603207801602114920e-03 3.864836274656298755e-04 6.998029294057394548e-04 -8.998161408855572408e-04 7.488368814901889044e-04 -1.955129148072434471e-04 -1.148520981627333118e-03 1.826407108212293670e-03 9.705568270734940247e-04 -3.485140292113141579e-04 1.047001273110055065e-03 -5.524176252362587424e-04 -5.006471814243825761e-04 2.169721287887719629e-03 8.295798342086912677e-04 -2.047787791421823173e-03 -6.535567246365298327e-04 -1.480583202659008875e-03 5.942792932901541734e-04 2.601874706310032656e-05 1.825225163165794442e-03 4.330738524556031416e-04 3.012666894656542858e-04 -6.361512908828370247e-05 5.147010282811245166e-04 4.395771991268155373e-04
-1.003161974600258605e-01 1.941969614889508047e-02 4.362324512207462618e-02 1.900221872291625244e-02 -1.094169091646880060e-02 1.090471733424112216e-03 7.840660532679672237e-03 -2.452889230886406546e-03 9.583523794706214722e-04 8.997174043999508824e-04 1.516897527088568306e-08 -1.287311468128309088e-03 1.193979900649998985e-03 -3.905537724467928948e-03 1.295932572306956890e-03 3.825793537540393783e-04 2.834388203203324144e-03 -2.081607857304758075e-03 -5.862487149036914097e-04 -7.537805116229163516e-04 1.126877970502914664e-03 -1.907466537315770675e-03 -8.957689714091944229e-04 -1.159808492413517533e-03 -2.753779365293609958e-04 6.762491253743465073e-04 -3.954008399996918359e-04 -1.240353270148916720e-03 -8.494758774825650512e-04 5.864714108058338791e-04 1.223183319922274519e-03 -4.851382951689711090e-04 -2.841239217251102485e-04 -6.451523915783281046e-04 -1.253083752191609017e-03 1.231914665760627152e-03 -5.673659106643137197e-04 -1.918463514542484817e-04 1.134539441028835577e-03 -4.356772150908842680e-04 -5.929577171276620168e-04 -7.811606978004749903e-04 6.735132597635019825e-04 -3.191406787053963382e-04 -3.421828344228227325e-04 -1.119423235464757507e-04 1.091986319674355431e-03 1.388617083049183175e-03 4.556581754157408050e-04 7.007390549122366778e-04 1.889007744186636199e-04 9.262096939250101134e-04 -6.063082954822586251e-04 5.313770401659781602e-04 4.769867519969364449e-04 -1.382862045078279056e-04 7.305220212181467835e-05 2.278669921142346413e-04 1.944179192547986976e-04 2.571242231843335089e-05 1.122143362190985679e-03 -2.657271421704421386e-04 -2.816881821271302079e-04 1.941908975853397766e-04 9.055426957554603296e-06 3.223355756185606116e-04 -2.677961701942356532e-04 -4.993542897648962036e-05 -6.047141745679330367e-04 4.822274202311016555e-04 -1.280827588858813118e-04 -3.856110362621634701e-04 5.909541616832485840e-04 6.911618150161300293e-04 -4.620972968827770740e-05 2.153060860940355075e-04 6.802556662352498553e-04 -3.382354039695006627e-05 5.350262433494512365e-04 1.640062154613437686e-04 -1.186963976933869737e-04 -2.694306282085752479e-04 -1.896079429609392065e-04 -2.464530029570659005e-04 3.820731863478408032e-05 -2.226183712416243037e-04 1.529692271706709517e-04 3.388873696510257276e-04 -2.056667315390350425e-04 1.158029280841771776e-04 -5.422525936414892899e-05 9.974530666530762732e-06 -3.218912653898620894e-04 -2.183825198240461776e-04 -2.139612779352346417e-05 -1.582560836928756658e-04 3.034022787451986689e-04 2.714373653801366521e-04 -1.840739654585139275e-04 -1.114481479697759255e-04
9.871057105484461192e-02 5.095815236640681943e-03 1.215908490058739341e-02 -1.271733259528821415e-02 9.345365871937613700e-03 1.465527742973019194e-02 1.497526132597629817e-02 7.513856806260238441e-03 -4.769301776768390157e-03 2.893728865866120915e-03 -3.327675439566026364e-03 -7.482707383590305903e-04 2.664872697311259503e-03 -4.436173605832608759e-03 -2.644819105875784344e-03 -7.233824242438943893e-05 -3.483791190915565879e-03 1.269316199932802669e-03 -3.021998332179580415e-03 -9.662521194624516677e-04 4.365451579870801777e-03 7.769413224695755245e-04 4.100201895965570331e-03 -9.882090509328873406e-04 -1.262008061726449483e-03 -2.806222034613376870e-04 2.405015279566493800e-04 5.512218476634936099e-04 3.251177427039184456e-03 -2.865982714135472537e-03 7.690269253660414082e-04 1.294417628365283814e-03 2.834931005341615666e-04 -8.681719819086085050e-04 -2.709582633008775481e-03 -1.425778715501581969e-03 2.427668684029508938e-04 4.558523261138880763e-05 -8.252415630179363044e-04 9.782210396032588618e-04 -2.299315611403718578e-03 -1.310432718009805738e-03 7.417405040257585855e-04 -8.087247357261066966e-04 6.302585742684233645e-05 -2.029218362039603759e-03 3.519300665695271530e-04 -4.990559348419338834e-04 -2.004360586356414980e-04 4.181842758133555459e-04 4.318044196354045377e-04 4.870337431939071831e-04 7.066120012464082670e-04 -1.311552735280144396e-03 -7.023149363336474420e-04 2.637172304938646184e-04 -7.065006291290839950e-04 3.216773963402569771e-04 -2.309258721909398376e-03 -2.106096188900852002e-03 -1.632863129560195603e-04 -1.015592906905350571e-03 -1.680661715726318017e-03 -4.465788434029714237e-04 4.467034342718061331e-04 -8.897903282571272129e-04 -6.369079287798570929e-04 4.568934118188185123e-04 -9.371565244251625539e-04 -3.661501362938914114e-04 -1.825221327399508030e-03 -1.684070640711359586e-04 3.436172338699570918e-04 1.539860426826156333e-04 -9.720819315464433556e-04 2.366220394992343129e-03 1.446763946120613927e-04 -3.797270079559088860e-04 -3.227117942530396879e-04 8.536843751695949965e-04 -8.149944461029682424e-04 -2.643335319664761370e-04 -1.033678690298018080e-03 7.241400575858295127e-04 2.788836563426636017e-04 7.542292086979521812e-04 -1.803256918875828767e-03 -6.222027728954915076e-04 -2.052761258057935433e-03 -8.826378276612109695e-04 7.264362521041321753e-04 4.379883208279796293e-04 -8.687747457048754533e-04 -1.177307088710195055e-03 1.229336025530304577e-03 -7.989252140802757763e-04 -3.793581040774205598e-04 -1.547889449777907836e-04 5.494805319450374748e-04 7.983309216522603514e-04
5.287358255720962102e-02 -2.330601885491368278e-02 2.813044017785917839e-02 -1.672546557101309284e-02 5.352502299174763389e-03 1.952066346451468773e-02 1.175159786476461486e-02 1.032430772511279404e-02 -1.456307047279847139e-03 4.232628172728715443e-03 -1.029152821866844737e-02 1.076821706072096782e-03 2.869317380479732924e-03 -4.941576661422167512e-03 -2.438045972888872991e-03 1.112602653402564121e-03 -4.906778762713508331e-03 -4.226019101860931278e-03 -2.226587738210902487e-03 -1.052219080534065165e-03 2.273448369345239684e-03 1.680135181739223415e-03 1.516287089136185255e-03 7.898234798535472409e-04 -1.141577063738729528e-03 3.507225034598316499e-03 -3.085708520261796800e-04 1.170545707577694836e-03 5.454831008082571767e-04 6.142107977477889594e-04 -1.153843614818913328e-03 1.617242240425324253e-03 1.131612445212633843e-03 7.242907764830022917e-04 -1.267530471362163062e-03 -3.219103095105162529e-03 -8.728251389550707902e-04 -1.276765627168863953e-03 -1.785971022682022406e-03 -1.692373362088077891e-03 9.640472832811948284e-04 -1.237851301880638208e-03 1.084923799323482817e-04 9.223435322991972891e-04 -1.411185320247178515e-03 -3.075878356791051770e-03 2.060995505365479969e-04 -7.917316167072312345e-04 1.378116904515536882e-03 -8.393160939133882410e-04 3.071508512040212343e-04 3.272160624275650357e-03 2.858133823127270452e-03 -7.554826675494271141e-04 3.120822138026291769e-04 4.898083062028906224e-04 -1.103182112976537491e-03 -1.183693235938918344e-03 5.511477522779518329e-04 -8.307445153732719587e-04 7.961169443713346375e-04 1.707300449652144865e-03 1.201878333994320890e-03 -2.557604633112013116e-04 1.939691691877194757e-03 1.169207389957145800e-03 -1.272943645300945504e-04 3.125112182396918518e-04 1.190403425030385053e-03 -8.782034685276764348e-04 -2.897568639742270982e-03 -1.156258669116908651e-03 1.892983525388366810e-04 -1.254817250286867326e-04 2.092738452390511573e-03 3.583373122278952529e-03 -2.379546098744036563e-03 1.889167548036865590e-04 9.010076251892419575e-04 1.054242664246623465e-04 -7.207945143553986297e-04 1.773035836936099480e-03 9.433010828983805565e-04 -2.281237363399746254e-03 5.502003081441401251e-04 1.581288450405905852e-03 6.645460166995412893e-04 2.402035122335616744e-03 -2.392259517809689970e-03 1.703300610751406520e-03 4.167133707853301530e-04 -2.578055868832736437e-04 -2.082202695362200991e-03 1.842044508669311246e-03 -1.657393833827401283e-03 -1.040931068606273154e-03 -1.489309433180815729e-03 -2.277544605550085605e-04 3.129292153760849637e-03 -3.115917353185157068e-03
-1.045661373629664659e-01 7.538976823006567594e-03 4.755975912124398713e-02 1.310327841668657706e-02 -7.552901734256583371e-03 -1.525777017033633698e-03 -1.487941068170227618e-05 -3.754497671329345282e-03 7.032090611615755826e-04 -4.038943512032717792e-04 -2.428353411799941217e-03 -3.601360054886313441e-03 3.908923904274050164e-05 -1.541928032673185636e-04 3.941825800969263609e-04 2.321803331335455921e-03 3.066149518603284232e-03 -1.058005938984347191e-03 -5.456925145353774863e-04 -5.968664821098544127e-05 2.528919644464159688e-03 -2.547881702955450463e-03 3.281316906143725941e-05 -2.538496282919355806e-03 6.145225688211789026e-04 1.519743821189416374e-04 -1.633745331297222761e-03 -5.158958846009564433e-04 -5.668910198393948066e-04 9.993756302990725298e-04 9.163145796931106753e-04 -5.672572430781091211e-04 -9.933443604280896722e-04 -6.276398930929444732e-04 -7.206398419048747235e-04 5.564778699745135358e-04 -8.375707853360441803e-04 -1.165199822813703249e-03 -2.062454444092907003e-04 4.871569621958195305e-04 2.736903282179463555e-04 -2.297824606893337303e-04 3.536916661342495390e-04 -5.632848861422712653e-04 1.879382655451769003e-04 -1.397163642525094422e-03 -2.132630908912344745e-04 9.391696510025064658e-04 3.601651340126373231e-04 9.934850774604335813e-04 4.046625523288898416e-05 -2.199070058087996020e-04 3.667231999310467672e-04 1.301309139911761923e-03 4.273401664225437262e-04 -6.906322392683684347e-05 -3.871651545643173156e-04 8.740914163452415033e-04 6.018095551952103595e-04 -2.672554796341152904e-04 9.698323961089004618e-04 -2.647247593468985468e-04 -9.902952121786154480e-05 -8.675220221657669358e-05 -4.739762156636069036e-04 -2.278235712990952610e-04 2.853613173340888371e-04 -2.931791259758311101e-06 -2.618514410284691809e-04 8.782254134903419570e-04 5.153888292957018687e-06 3.183516256723179394e-05 6.375934375066225025e-04 1.168360823915487608e-04 1.824784731847310865e-04 -2.958469900145706483e-04 8.490085298015566297e-04 -5.440203434127330231e-04 -1.955745898552607807e-04 6.105548382218704091e-04 -4.019577311318632096e-04 -2.081868143223353544e-04 -4.516131955791457750e-04 -2.155848947997089388e-04 5.757689574955649793e-04 -3.352937236602532658e-04 3.740368732342681064e-04 3.286287780066027438e-04 3.912100974739244025e-04 -9.047878278091506233e-05 6.084544227633775001e-05 -4.694547380171889281e-04 -3.192286738859566536e-05 -2.337939278970996944e-04 -3.240156262559016091e-04 -2.227481157040908557e-04 2.796046133635520349e-04 -2.426493319240152649e-04 -3.303256517334400761e-04 1.647106911248740868e-04
-1.019339915794155310e-01 -1.456294785222961644e-02 4.429993704172057595e-02 8.435144507546296817e-05 -2.203084520086176501e-03 2.955360140714290672e-03 -3.843932888253622122e-03 -7.317858998862678335e-03 -1.117449915726255200e-03 -1.665383970038362667e-03 -6.194818914987710971e-03 -6.094165682758259130e-03 -1.486676483534013970e-03 -9.315100935913688169e-05 1.989612118664992307e-03 2.852803300406131937e-03 2.516444158325120868e-03 -1.189007048376155900e-03 5.956656086157578311e-04 1.177918199140698527e-03 2.802973002200909863e-03 -1.464050127610032510e-03 1.434400449658401397e-03 -4.975076605210777261e-04 -2.321980287156717151e-04 -1.222350440280670298e-03 -2.224312390827300201e-03 6.456616570662338439e-04 -5.034949108847492749e-05 1.479751543802865818e-04 5.636604407421207585e-04 3.485422091200000416e-04 -1.322809767068844789e-04 -5.046022460680371939e-04 8.523171407547665713e-04 4.149809569347987230e-04 -6.740668186629897958e-04 4.612191405214722422e-04 -6.323991677523408414e-04 1.220123677671323178e-03 -2.107268143855057022e-04 4.543652854942138589e-04 5.725377887828355132e-04 -2.588958023192945796e-05 5.239238877688559646e-04 7.062845898634630354e-04 -1.375397157686602916e-03 -1.301758741809448585e-03 -3.910479537299539512e-04 4.944202664046898387e-04 5.626099761140428319e-04 -1.476857437136736137e-03 1.360623679136059713e-03 2.303768659405600527e-04 -7.343480956964121764e-04 1.222785730927119716e-03 -1.318192622450610517e-03 5.719143404362800505e-04 -7.438327319782662376e-04 -2.630347741702171254e-04 -6.219033701647118015e-05 -4.878396174306478172e-05 3.427948979579602110e-04 -7.577704538250064413e-05 3.574362863185651681e-05 -3.256363832436860579e-06 -5.004373260098892839e-04 9.163016980113162895e-04 3.327288070170644654e-04 7.663666982538121794e-04 5.468908131197623484e-04 4.404941322437269701e-04 -2.488589255785511080e-04 -1.020436865455622531e-03 1.097919921961715566e-04 -4.979713803886229914e-04 -8.137149135435573118e-04 -3.344550323035707295e-04 -6.729012210673407032e-04 3.477941832698459791e-04 -1.361059604476980698e-04 1.903597279324433249e-04 3.729374763390552196e-04 4.217801304652941301e-04 -7.111591996492467324e-04 -1.044657517808381673e-04 -4.690425448405157209e-04 2.871505632440260317e-04 2.227216982675581114e-04 -8.508414073126014201e-05 -3.589554263289339016e-04 2.851095575113288478e-04 2.748422612326421486e-04 8.830240106396733272e-04 -2.783959713109084608e-04 -1.181692805583245478e-05 -3.875276312370856376e-04 4.046168468759080540e-04 3.770307119941321500e-05 2.045780773347935630e-04
-8.634610056070095296e-02 1.792558790576050456e-02 2.603373583488055587e-02 5.698470300723785902e-03 2.293024119920726404e-03 -7.405343590726701057e-03 1.355466255046782137e-03 2.318218149752174131e-03 4.225594110522100421e-04 8.456003710399952319e-04 2.697163380234544189e-03 9.586947487280121595e-04 -9.604194902794566894e-04 1.682807164222245968e-03 -2.442043576067370967e-03 -1.184516420480204732e-03 -2.553914034654345810e-03 2.628178830849618383e-03 4.094043507699450307e-04 2.726141899501073954e-03 -2.447806285793123395e-03 1.736182368383488604e-03 8.027982324787028131e-04 1.650913638311303283e-03 7.873431100681734071e-05 -9.620816884806329032e-04 -8.110775120670247421e-04 -1.935305838551579314e-04 1.666827838973518978e-03 1.017998240545838666e-03 -1.326125843130403431e-03 2.932012175939606723e-05 7.566356294172085339e-04 1.043491657342319589e-03 7.152649416988130730e-04 -1.977900702593122020e-03 -7.508251425247938282e-04 -5.444038214849534650e-04 -6.296976751327725214e-04 7.897571167089334054e-04 4.227981174050252631e-04 1.555945263938339485e-03 -8.510575698831173742e-04 5.371581748634770333e-04 3.213332636264336524e-04 5.245264326828777662e-05 -1.203020629014931245e-03 -4.281780699063221919e-04 -4.488315700263881378e-04 -4.637437016814600823e-04 5.733527953549525345e-04 -1.827849274222885598e-04 9.018378818549390667e-04 9.353513182486141581e-04 -3.894322442389470951e-04 -3.816603463861744381e-04 -3.271061542010588450e-05 2.161276306281949950e-04 -1.208215976304730506e-04 4.347335073468716268e-04 -7.156485243247474003e-04 5.818165833204999495e-04 9.355061607650255436e-05 1.157337259580146693e-03 -3.873239120034183873e-04 1.713393165383406038e-04 2.432819646584128597e-04 -1.306779284990123994e-04 -7.698568172892254963e-05 -4.412830055113016979e-04 -2.445606947472385830e-04 -1.013965118192734896e-04 4.869564412805710350e-04 -1.220522679680943317e-04 -4.122035859550939453e-05 -3.759201903378466859e-04 5.478867218577247776e-04 1.620296806788082162e-04 -5.957285434404573608e-04 -4.518228132322766569e-04 2.699731432909850464e-04 2.758688503729596255e-04 -4.181418161442817345e-04 -4.229528105920963058e-04 -2.860289050560187022e-05 2.060075323568323581e-04 -6.576815554150239980e-04 1.848946730665308768e-04 1.943266844808985854e-05 -9.862349789072747427e-05 -3.694301045488492517e-04 5.397539792996765284e-04 2.722359444034806145e-04 -3.784097741401495554e-05 -6.052441288871546459e-04 2.623522521616773197e-04 3.105842197772274837e-04 -6.720992773405186100e-04 -3.644493245151156054e-04 -2.697170359529969200e-04
-1.039642254632858059e-01 1.694800895679654529e-02 5.409300373305267473e-02 1.941556548951195796e-02 -8.009409933075707297e-03 -1.422721981138948190e-04 3.703996133147789433e-03 -5.400580123603431620e-03 2.136496944501871560e-03 -9.275286405400298174e-04 -2.540443922132154791e-03 -1.278111231349941986e-03 -8.743966085449566628e-04 -7.805803274735565291e-04 -5.042239680510001874e-04 2.266778633529965576e-03 2.425754558668132173e-03 -2.642952120411202338e-03 -7.561087031005040251e-06 -1.559710685054104332e-03 3.090697356812215947e-03 -4.051170117563653895e-03 -9.194680622556739230e-04 -2.359807307814273860e-03 5.256486222374032917e-04 1.852650882839621026e-03 -1.881245126117679373e-03 -2.047513216572531113e-03 -8.706101070455545638e-04 -9.077364308353643709e-04 1.403009546446259102e-03 -3.707158828466792025e-04 -6.523009690556123103e-04 -5.253371973417050042e-04 -1.479799561131018562e-03 2.355206077297526332e-03 2.140990094559561303e-04 -1.295110783974132498e-03 -3.333728165444114783e-04 -3.833350356906538303e-04 -9.511158378115708691e-05 9.700244470804063280e-05 -2.642344031905919342e-04 -1.708138032318881399e-04 2.172809137096402637e-04 -8.829854172523264166e-04 8.361164496712324623e-04 9.503858015795059932e-04 4.620802771966826209e-04 7.997860856583017706e-04 7.850638208466815485e-06 5.586723656222980288e-04 -1.094600072760646510e-03 1.272609487868940842e-03 1.094447629091662572e-03 -9.421234642108809628e-06 7.109991942110278755e-05 6.007626911381751386e-04 8.062331436049376783e-04 -1.077963758754965900e-03 4.403274359509988935e-04 -9.192516990293893298e-04 -8.011696797532621549e-04 -3.861026893523029262e-04 -1.125968926345406827e-04 -4.424370261200110131e-05 -3.291597250816397872e-04 -1.535808871906462012e-04 4.639639906744126921e-04 7.811151004681396922e-06 -2.498721486912610138e-04 3.272244837692484388e-04 -1.376369783727882296e-04 -1.173166914073446799e-04 9.121268733298403312e-05 4.513482634190341602e-04 -5.179135630824163597e-04 4.865917053670150991e-04 3.715089506054174563e-04 1.199755833209472820e-03 2.941877856130466293e-04 5.674340455625378755e-06 -1.988778769350470395e-04 1.251339464295328171e-04 4.248800167619791587e-04 -5.135525371628729034e-04 7.549876935365726132e-04 3.042772756410431806e-04 6.362317634543721912e-05 -5.401275272914613087e-04 3.668665101067832370e-04 2.024424437522759975e-04 -1.978630408913982584e-04 3.119609868679006190e-04 4.496524139875813413e-04 -1.240464497401512327e-04 2.224169245800759862e-04 3.019202016087887009e-04 1.472667359944847948e-04 -1.483709994322346350e-04
-9.362236710033769449e-02 2.182147786183183391e-02 4.939902918283956001e-02 2.296890382628135469e-02 -7.065686535335506668e-03 -4.716625283577257494e-03 4.629232019127628786e-03 -1.479041141292310483e-03 1.440800182391833084e-03 1.166952397923650374e-03 4.676548998399574349e-05 2.425935110843509442e-03 -1.512283799393410308e-03 -1.191949324162899304e-03 -2.342279189612884917e-03 -2.252013970626911041e-05 1.708321976954622619e-04 -1.677649726741717176e-03 -2.258953812499767838e-04 -1.462180169397024609e-03 1.591722973399076028e-03 -2.776648687436152757e-03 -1.740079955811391467e-03 -7.870254977032943838e-04 -2.869551468518257635e-04 1.374594096518273008e-03 -4.861667161463270343e-04 -1.916884345951072903e-03 4.716439072825891698e-04 -2.479410067190854911e-03 6.691581427843068313e-04 -1.161815464084251973e-04 -4.087815035138624826e-04 2.782906460968625280e-04 -1.211833932356361655e-03 1.888651618188935677e-03 8.596433760311170472e-04 -9.512534551667420736e-04 -3.346034942068308897e-04 -2.295497077602824362e-04 1.054004429351919347e-03 -6.528177576161936111e-04 -7.448068435125566617e-04 3.190681577691810628e-04 4.338063273016968808e-04 -3.227192977830879673e-04 -6.320260497773016886e-04 -8.746773519188543629e-06 -4.136299414911890401e-05 -1.528314930830616597e-04 2.172669549805981569e-04 1.836744211409502552e-04 -8.895173610288643982e-04 4.597300716068239228e-04 -1.932033146010665790e-04 -3.424642063182723687e-04 9.480360540574228189e-05 -2.442103195714678886e-04 1.789715712862548929e-04 -6.359698854579337634e-04 -4.944517006104445778e-04 -6.103100731417287334e-05 5.764585965459007467e-05 -3.134857835446502351e-04 3.814702353327126287e-06 7.379347008995436579e-05 -5.603634914275285278e-05 7.161800124703669875e-06 2.859015970935498683e-04 -5.401698148458697725e-04 8.230694110686556804e-05 4.654264728814818688e-04 -2.695868916101704980e-05 -3.554671583039920838e-04 5.572476511590776803e-05 5.411588836482737188e-04 -4.540713116115815463e-04 4.024023916214060945e-04 7.407021921262557792e-05 2.548410194939704655e-04 2.290567026651576371e-04 -2.042624165649529729e-04 -1.801650801891849436e-04 -9.564327546776314835e-06 3.338596849015891543e-04 -2.638488212153598323e-04 2.909832992656727650e-04 -5.711684774528327400e-04 -2.490819899299350176e-04 -1.316622451467930571e-04 1.811833270919636387e-04 2.331356683022042223e-04 -3.933931971803286166e-05 1.140713818502924739e-04 5.425371710434750104e-04 2.832982396342642790e-04 -1.166895304249307918e-04 1.742718979200130140e-04 3.093073052588449332e-04 -6.654277897086464683e-05
-9.439699352829238055e-02 2.678053079728001315e-02 4.334160634907310850e-02 1.958223684628679698e-02 -5.889836626528307389e-03 -5.440930548457495637e-03 6.109005031690675942e-03 -7.942456560280102993e-04 2.172886729686431245e-03 6.649466619469900867e-04 1.041237385275794319e-03 4.079723282153292427e-03 -2.361333806796493077e-03 -9.887563486963195716e-04 -2.551278353697889693e-03 -7.211619269158161313e-04 -1.554237421808822009e-03 -7.251929756478479308e-04 -3.164281003892144653e-04 -8.135025194378216586e-04 7.375459714204115995e-04 -1.687771062943905749e-03 -1.837005308197265947e-03 3.680072582930107340e-04 5.196924909483251903e-05 1.199634768386758071e-03 -4.349097740932390593e-05 -1.182805666551401845e-03 6.796246341915695771e-04 -2.483112875653658083e-03 5.469796406311047601e-04 -4.285372184710559639e-04 7.446151008905825758e-04 4.226700079514169131e-04 -6.266644750076149229e-04 1.090336049895107920e-03 4.082857008331038833e-04 -3.862333455446807459e-04 4.515268172825054929e-06 -4.131994193065219572e-04 8.702059942213286178e-04 -2.540930316547264557e-05 -5.173755439047057108e-04 6.906543633863706545e-04 3.936758150471880669e-04 -2.092888626258611291e-05 -7.892661265586211694e-04 -7.782734165536055269e-04 -4.554286963619643119e-04 -7.362045062776191801e-04 2.586681962372564631e-04 1.218394345787372372e-04 -4.274809823346263421e-04 3.795934399665431874e-04 -1.668326388599983008e-04 -1.821532934300840797e-04 1.325678000951101938e-04 -1.280006705336315432e-04 2.598048263255779851e-05 -2.759904349984945618e-06 -5.881522400324257823e-04 -5.080152280267119236e-06 9.494301579974622493e-05 -5.590943230844330514e-05 -3.957534934163151611e-05 -7.788433764544583826e-05 -2.663817862441513243e-04 -3.923638260013766963e-05 4.095035346857571761e-04 -4.425652346428569721e-04 -1.999901024357777569e-04 1.016064771351513513e-04 -3.837667707759741991e-04 -5.471230460265253640e-05 -6.928433787290998462e-05 2.975590679980519336e-04 -6.751345799782926911e-04 1.211458857750559437e-04 3.110889824965452216e-05 -6.660948815277766607e-05 -4.844065875168745977e-05 -2.003729895051928561e-04 3.527913650535311634e-04 2.655224315235703183e-04 3.231863009770727922e-04 4.066409783176756190e-04 -4.587477903511010435e-05 -6.718345471677227574e-05 5.816431229149238998e-05 -2.503219344947722522e-05 1.804632665183245640e-04 -6.032889727423776155e-05 -2.159298998934097203e-04 3.923585860348513836e-04 2.227408195891025029e-04 4.954832346057545003e-05 -1.259695433912496124e-04 2.280135194578276642e-05 5.631767654354661798e-05 3.338806970447706938e-04
-9.347952872757708809e-02 1.961424754424789807e-02 2.806466452135682882e-02 1.216433725510623898e-02 -5.118952105076009923e-03 -6.419225683272200729e-03 3.645727262932454971e-03 1.989899250758409531e-03 1.375783547923141534e-03 5.677983911776487589e-04 1.173096862017324700e-03 2.889328939621805311e-03 -1.372203534221340133e-03 -1.538953948890036067e-04 -2.852311500572923993e-03 -1.625076855918969419e-03 -2.235301886683416662e-03 1.880090019649075829e-03 -6.367589285050530810e-04 9.846793273161553225e-04 -9.620189639887550626e-04 1.282148774089817084e-05 -8.710492589449563396e-04 1.252047190217948436e-03 -4.763701430141279326e-04 -2.395480476128846001e-04 5.325426335831490512e-04 5.369112312474801183e-05 1.325450053555497429e-03 4.460914753280536188e-05 -6.342698334404127348e-04 -6.873590845984959771e-04 1.170431238639687644e-03 4.349715107754453564e-04 3.017771918503036363e-04 -1.129555581666118018e-03 -6.190945648548265871e-04 -2.570068612709113594e-04 -4.958025915686669846e-05 2.224954893027616281e-04 4.351507794996860778e-04 4.109394738741737642e-04 2.303495541415665022e-05 6.366261357114807356e-04 7.165625622115976041e-04 4.315586400490474712e-04 -1.489345722712662927e-03 -8.752548136499268454e-04 -4.761640289153464662e-04 -5.409522011331309096e-04 7.761328763205738472e-04 -2.073911319166209038e-04 1.066679590608603755e-03 2.287282248501815065e-04 -9.047923278237351378e-04 -1.062836828958189933e-04 -6.112600838674213345e-04 3.500519739776473266e-04 -7.933118824985322531e-04 4.146670586376382758e-04 9.014500290100804542e-05 7.352318518291740736e-04 7.307625778297680095e-04 9.268605632425815349e-04 -2.917847571333752115e-04 1.948854061779934223e-04 9.427922727710437304e-05 2.264459849695521596e-04 -8.245857092723294203e-05 3.763461840278514475e-04 -8.332242571052585819e-05 -2.368905958016994707e-04 2.942361334342619779e-04 4.913571836699480574e-04 -3.217543809853998541e-04 -3.516317486409472844e-04 2.849180343609071845e-04 -2.073695452540060349e-04 -4.284316254455681713e-05 -8.224543277083134173e-04 1.777940863987162781e-04 -2.629591014906155545e-04 -6.022503455208520747e-06 -3.192584900510093190e-04 2.048012480200812451e-05 6.598848109376215373e-04 -9.730499000532916902e-04 2.189402676103247025e-04 2.268254504420427124e-04 1.100302532252310148e-04 1.328897863261132966e-05 1.309478771113610080e-05 -7.292102896016557323e-06 -1.026767327727166819e-04 -5.420134696499598077e-04 -1.269330711446697716e-04 1.856190455769127334e-05 -1.987656949478599990e-04 -2.047598552481557385e-04 1.638717294781404945e-04
-9.570979668819071251e-02 2.352888041783966072e-02 2.856849195366666441e-02 1.044427647823084615e-02 -7.367377376880378075e-03 -4.479879033850457139e-03 1.636637812837886440e-03 1.944729653737308286e-03 1.003186743234673771e-03 -8.801085472690226312e-04 -4.280502858598562630e-04 2.550373233194715584e-03 2.553350372071892211e-05 3.272832941347056986e-03 -4.296212883063438986e-03 -2.256255589203492345e-05 -1.923861764438738672e-03 1.771415567755558421e-03 2.460933010897002082e-06 -6.964842307407790581e-04 3.034729343308808364e-04 1.592939005538635986e-04 -1.750592598988193226e-04 -1.909715483690398912e-03 -3.813589503641560681e-04 9.236344673783826323e-04 5.757642883736852676e-04 7.505765360402834275e-04 -3.561940678540361361e-04 9.214746529641469792e-04 -8.688782474435800688e-04 1.796504245591732914e-03 -2.033811166253750573e-04 -2.218298460670970178e-04 1.198259741379341728e-03 -2.169623494495423639e-03 -4.756811931631030679e-05 3.611133679483546021e-04 -4.576987397898191743e-04 -1.114355211481830995e-03 -2.295338506743240046e-04 4.772342968604049562e-05 -3.356486625216442308e-04 -8.701820736543615245e-04 3.088853169990984199e-04 3.171549765338677052e-04 -1.061980945645808180e-04 -7.950418081689984045e-05 2.722695325242141832e-04 2.842029332035500263e-04 1.016460546196982454e-04 -6.074458437844803654e-05 1.854804884858209590e-04 -1.389875278342909753e-03 -5.021701740856686488e-04 1.367028411064190178e-04 -1.108059266908857507e-04 4.165453776367674418e-04 4.519783939498024281e-04 -1.621546293178312921e-04 1.017437063626148563e-03 9.405597858369954024e-04 -2.299705382024320522e-04 5.053325988699318818e-04 9.211421192339397357e-05 3.900599469528657039e-05 3.452524796680311457e-04 2.332299396306990939e-04 -5.762075036941488029e-04 3.958563732413840201e-04 4.718256821139839383e-04 2.203846083712144720e-04 4.100469808963521636e-04 2.710214667547907754e-04 9.605588294517841132e-05 -7.596192390346208790e-04 3.083123685354681866e-04 -5.842295983999404047e-04 -4.598280242120929046e-04 5.930855172502259723e-05 -4.034405895968671239e-04 3.683082946872063028e-04 -1.694239430342818020e-04 -3.301644273645982781e-04 -2.998337979554662977e-04 2.729971622963666420e-04 -5.481726713075905531e-04 2.434627892030457772e-04 4.083537282436069634e-05 4.526349686567015520e-04 7.880026677392463780e-05 -4.128873738145956169e-04 2.820152803545679463e-04 -1.886429489348911016e-04 -5.003391234877323365e-04 -2.977833156399918775e-04 -8.177066483383793691e-05 -2.292757069360387364e-04 -2.810256099696259837e-04 -8.603430720237765497e-05
-5.225948932899627392e-02 1.429681290583666858e-02 -3.400106419444369477e-02 6.763695990767439568e-04 5.824870896217842348e-03 -1.403691534417764479e-03 5.492956686018898166e-03 -2.258952577445720415e-03 5.066570331926926324e-03 4.898180407678611598e-03 -3.889116270440324836e-03 -3.059156651383013875e-03 -4.560629587452694526e-04 1.154329470736010447e-03 2.495758422143465848e-03 2.444367633097451658e-04 2.928893062716027588e-04 -1.902627431776575699e-03 1.173268997477653957e-03 -6.908453076061009000e-04 -2.589584756781930334e-03 -1.809945152777841029e-03 -1.271534276557963758e-04 3.601143644012050945e-04 -2.713644785811258810e-03 -2.772990010317764463e-04 2.208522932849322346e-04 1.404611845579949213e-03 -6.125961672855409436e-05 -1.360174660990632039e-03 1.549209551930874661e-03 5.498970530826039968e-04 -1.091710755902995655e-03 1.648126570494757529e-03 1.251835242389485623e-03 -4.501392219276943284e-04 -1.368122268039829960e-03 1.838837654303251620e-04 1.047892025173147016e-04 5.927288934767888052e-04 5.412187180188141045e-04 5.260583243000617774e-04 -1.230224602342217368e-03 -1.160552867307873765e-03 -6.667394226642741999e-04 -5.501491800993144705e-04 3.035874929682372682e-04 -5.249948551411917803e-04 1.982130750209968825e-04 8.598994064616172000e-04 -3.001259125102676961e-04 -7.751435307391108106e-05 -9.039154244365492016e-04 7.390438018584771784e-04 1.852016285882535963e-04 -1.921725067164001515e-04 1.832482085555596973e-03 1.640078995341189081e-04 2.423786151085925223e-04 5.499156648957594313e-04 -1.614880716411384116e-04 -9.429544112390118903e-04 2.413143070375959101e-04 -2.650072168471034710e-04 -2.465492733845195991e-04 -3.320733232514795153e-04 6.735520049556458161e-04 5.440909089147665743e-05 -3.817922413114466750e-04 2.809518160591825643e-04 -1.126690475100136386e-03 1.983471376059717326e-04 1.259820810270721378e-04 -3.654625032670775803e-04 -2.440368526448031161e-04 1.047749649250687446e-04 6.202408846962579681e-04 -5.751369153471816952e-04 -1.482924944340790834e-04 -3.591517947118186413e-04 -6.226746702023031954e-04 -1.480853985224255659e-04 1.145530425731332638e-03 -1.113887221665238068e-03 -5.528262762106842844e-04 1.376791648969823069e-04 9.929283942971745187e-05 1.733342856413332090e-04 1.162108288552172662e-05 -2.878160260295390218e-04 3.587933137266799887e-04 -5.504572438239498187e-04 3.181236586452368376e-04 3.558503613366821496e-04 -6.734162578137052038e-05 -4.843249499154050224e-04 -8.485992196301401494e-04 1.482152277510625463e-04 -1.673745313789353742e-04 -2.798048027607382337e-04
3.253192175882427262e-02 -1.816589438278736835e-03 -2.592049678223249526e-02 1.927427895434407831e-02 -7.857924428602509892e-03 8.099392682352232406e-03 -5.437179080165364031e-04 1.342397008990032711e-02 -3.354368610910898191e-03 2.513946170559011768e-03 -4.813495837029722543e-03 -7.355584768804975275e-04 2.245604538391971633e-03 -1.969070992735688207e-03 -1.794466148668015385e-03 7.165911195308084661e-04 -1.431288658781443637e-03 -4.589642101708007581e-04 -1.486145072732418743e-03 1.467000679224434714e-03 5.131989616929519998e-05 -1.050648445070035677e-03 8.411624685316240963e-04 -2.265597559737729094e-03 -4.029437216285674563e-03 8.139847943007113770e-04 2.225367351923344050e-04 -1.798629810404074191e-04 -1.221753837001133235e-03 1.346317536837409682e-03 8.134634967322096463e-05 -1.255282975340718922e-03 1.174955580218574021e-03 1.856610412224066371e-03 -7.444809322785612624e-04 1.442015576358309653e-03 -2.030517498070130624e-03 1.512469348051422762e-03 1.867349546771778597e-03 -4.281311979426475137e-04 -5.280682225509713851e-04 2.660418981918162128e-03 -2.306353304543462199e-03 1.526097900706685582e-03 -4.561025100814556889e-05 -1.304758370469192479e-03 -3.695806189420121780e-03 -7.805426972385912533e-04 3.001131735489120326e-03 1.382482051597224955e-03 -2.516235497123140308e-03 -9.346402069643523769e-04 -3.224235466193309209e-04 7.312923839127795280e-04 -1.163749951342480434e-03 -7.288191143601161198e-04 -8.656207327394988471e-04 1.847977645947558025e-03 9.858304603679057289e-04 2.510721359828324952e-04 -1.101056667439304152e-04 -6.466982316136202311e-04 -3.180388473720655289e-03 1.840932651001083754e-03 1.544663285496457360e-03 -4.898889095022697848e-04 -1.121625796651587806e-03 -1.153642608735638798e-03 3.894310376659867361e-04 -1.251482061814126459e-03 -5.789176616230218590e-04 -4.765674975802072408e-04 -6.189479765949639769e-04 -2.349785692496907542e-03 -4.844399767653667513e-04 -1.277046251746302838e-03 -1.204897710529970710e-03 1.385433685075045888e-03 1.200157844429827802e-03 -5.617785384658225903e-05 -2.219520177654097162e-03 -2.406485299894182549e-04 3.044406889842022918e-03 5.059897498717917056e-04 1.296566363556159217e-03 1.736935746385800386e-03 -2.337283540393306821e-03 1.717840596384586672e-03 -5.716011385469402283e-04 -2.067859426735029708e-04 7.045529256382492087e-05 4.757191045150320355e-04 -9.901398002193011021e-04 1.805909415132158974e-03 -1.206014263157217578e-04 8.814906089097810683e-04 9.094194526253373450e-04 9.200727106307693404e-05 -2.849123152719144469e-03 2.018272288773094621e-03
7.022109333246082108e-02 -5.961999473384842554e-03 -1.030699298089967318e-02 1.622532499688249946e-02 -1.370771975210834277e-02 -1.013617212666775499e-02 3.559667503260315990e-04 1.513913712901704053e-02 -1.079068869194208663e-02 3.883810906359399118e-03 4.319505009379559154e-03 -4.918948503576433401e-04 -6.694552337106255118e-04 4.330693527800060644e-03 5.033365733415712479e-05 1.738566307646305603e-04 4.221679833926151107e-03 -9.741860867762345676e-04 6.065366775807425666e-04 -1.903894372177018963e-03 1.260678340768167692e-03 -6.677215910917592512e-05 9.222358418189059064e-04 2.568908306756159492e-03 -2.808057328554441987e-03 4.660950588841407025e-04 -1.482572168030041847e-03 3.955106333272445998e-03 3.797471681312925094e-03 1.499736660243584409e-03 3.302372859067395812e-03 -2.467922851228418479e-03 -4.605367388281409705e-04 -2.291481202146704484e-03 -1.470579067825618456e-03 1.499853442493453114e-03 -6.297445697813155606e-04 1.769642794651577053e-03 -2.615687519671847441e-03 2.613187692440756098e-03 6.986872243078892392e-04 -1.812554933137494433e-03 3.608308808569383498e-03 -1.170424907483320681e-03 -3.328187340292468061e-04 1.102370525266332685e-03 -1.427561644788435035e-03 3.491778019369745569e-04 -1.811165249946057989e-03 -1.458590422445383639e-03 1.710407389671433952e-03 1.346651511388830512e-03 -2.014273667263937698e-03 1.040025269928582501e-03 -1.492822502833600264e-03 1.129584150638799061e-03 6.484234301030863609e-04 1.407491569061602554e-04 3.395207399486781675e-03 -8.305881341449488893e-04 -9.722253988027672409e-04 9.662999387156293160e-04 -2.313116745912741773e-03 1.804721469229004409e-03 5.252867654094054784e-04 -6.296619738514842640e-04 -2.563312849225199159e-03 2.495604676276233155e-03 8.161267194311885853e-04 -1.267577306376739283e-03 1.031369795247415091e-03 1.404617878209251563e-03 -1.309318002798795554e-03 -5.472425046143121171e-04 3.056584801248789750e-03 1.235624206771802859e-04 2.611522827513110354e-03 6.973674016450691522e-04 -7.087138292084439902e-05 8.106067590067369752e-04 8.050086927853872861e-04 -1.322391758071884580e-03 1.585209666245048518e-04 4.229582878341610992e-04 -2.604406681703989130e-04 3.632753395435839305e-04 8.530539614386588223e-04 4.949758312879483455e-04 -3.839104141498038089e-04 -2.328499151096007330e-04 1.196097722861293958e-03 -4.336983230738876232e-04 3.194111427804214600e-04 1.973831642230657220e-03 4.300855933738429262e-04 4.546841574940316635e-04 -7.201414727965821470e-04 2.316856715633731640e-04 4.110821797440537937e-04 8.489756074671208448e-04
4.759511484708403573e-02 -1.858140322165054842e-02 1.211918915054004987e-02 -1.553072975387824115e-02 9.506338376948320025e-04 1.387526243852570465e-02 2.259167732787901832e-03 1.610468275082109837e-02 -4.890019089035103732e-03 3.023647049342458471e-03 -7.106395184689456163e-03 3.227417075661881928e-03 3.576925007007429255e-03 -1.170391947828413638e-03 -1.177407001360161005e-03 1.972239363216145129e-04 -4.071447129501977458e-03 -5.773455974031890120e-03 -3.173644889213936629e-03 -1.122963659426476791e-03 -1.873426150190156837e-03 -3.925613755152637251e-04 -1.223921228358952184e-03 -2.746472780620088988e-04 -8.032721647174389645e-05 2.976894498630806244e-03 -2.696802587702348472e-04 2.343973392038072736e-05 3.774142827411827500e-04 1.119338200948877000e-03 -1.247760409030595303e-03 -1.003558477705920925e-03 1.210498601556615891e-03 2.204961735553166192e-03 -4.749213417857768745e-04 -2.445113216446203035e-03 -1.057758625433316687e-03 -1.939540901865619308e-03 1.981937482305905955e-05 -3.875149545303136021e-03 1.154406633756284396e-03 6.188299542400786581e-04 1.557150765304710863e-03 -1.620535423995498638e-03 -4.983227701045231644e-04 -2.111258041557740727e-03 1.351594080000003816e-03 -1.173585362580616999e-03 -1.381881875274687532e-03 -8.189040680464703325e-04 -4.869570054323939484e-04 1.918624005632012068e-04 1.055794485723260748e-03 -1.273088616062379840e-03 1.854873310136036365e-03 -1.942487017887566331e-03 1.603345706376628791e-03 -7.393909613788565488e-04 1.108592227608826142e-03 -1.210000162663904186e-03 -1.062940109252668392e-03 7.180950200998015721e-04 -4.605530047059488400e-04 -9.087813489334489736e-04 -9.069521439278359441e-04 7.776471539429495507e-04 -2.084726436566836625e-04 7.311045767158049933e-04 -2.384148973040586469e-03 3.243061323375735685e-03 9.782879558546855436e-04 4.878472708839751018e-04 -1.171987698460731295e-03 -3.943351440765466114e-03 2.762792106400183286e-04 -5.801888773100271788e-04 9.645412738541653307e-04 -8.476306904894251185e-04 9.661498789921971935e-04 9.100315491000499904e-04 -1.493832769204822292e-03 -7.579154622103923119e-04 2.220255225310468225e-04 -1.313943855792715264e-03 1.255014124299007544e-03 -1.859878972483683835e-04 2.209314786892290026e-03 -1.942681764109708913e-04 -1.889389879369490581e-04 4.594476219249975929e-04 -3.137074801438281303e-03 1.305097448935241267e-03 5.767943393589505075e-05 -1.151927201606364705e-03 -2.617161436606015891e-03 1.015461700344750997e-03 -5.737048704895705842e-04 -1.581356532482099987e-03 -1.137143633086304699e-03 -3.230457624641725769e-04
6.431460748134990024e-02 1.746387010999159856e-02 -1.248812315944062071e-02 1.713351173763573779e-02 2.734113197716233831e-03 7.000056977878797411e-04 -6.530577361764973096e-03 1.782689725922033050e-02 -4.722795913716253818e-03 3.464622091055861736e-03 -4.364521763683740056e-03 6.142512859383593730e-04 2.218235345537130417e-03 -7.015425405512325588e-04 4.873267878463515826e-04 -1.060123845156105528e-03 -2.601677347366849850e-03 -1.116880485049952893e-03 -2.092646595276676565e-03 2.326365305581466650e-04 9.635679890437826630e-04 -4.119120332891962788e-04 1.504930449342644066e-03 -1.154904869795155388e-03 -3.123743057117959673e-03 -7.977262932532386535e-04 -1.928083850857938608e-04 7.745276868767144753e-05 -4.410638749628810126e-04 2.269847666343678661e-04 -5.917781049313613952e-04 3.527321699357066436e-04 1.165088746946594389e-04 9.563492507625550362e-04 -1.127951884733192174e-03 2.411935352608512734e-03 8.527674104198175323e-04 7.589468289692212098e-04 5.424456720141277366e-04 4.531116235394792380e-04 -1.513578515493711968e-03 3.483166228507611484e-03 1.132816972188755854e-04 -1.765221696741031655e-04 1.899757422409640000e-03 3.053331862951303355e-04 -2.253635230046904629e-03 -2.738237588925460184e-03 6.220888948012244599e-04 2.647496966681582489e-03 -1.369703798508978883e-03 7.284746298780399223e-04 -1.370408247921233011e-04 7.204073204876022254e-04 -1.767106175889424395e-03 6.199552177118742950e-04 -1.769293066520410181e-03 2.945693785228511974e-04 -1.119834583673476628e-03 1.299159195264332082e-03 1.264465167124998292e-03 -1.763839230042514453e-03 5.534008345791432146e-04 -1.514413469427079934e-03 -1.658135787064520797e-03 5.253712299446093147e-05 -1.954783346826481031e-03 -1.974797207609548834e-03 6.937969918387050213e-04 9.025629045986028210e-04 7.217725556404834672e-04 -7.994569657989141886e-04 6.891551748879749762e-04 3.560515985528842553e-04 2.955591098608773199e-04 -2.064934862072887345e-04 1.499665010196064982e-03 2.770804070930959107e-04 9.804613329998804541e-04 2.906846817095787446e-04 -2.015155440109892351e-04 7.118143218121392862e-04 6.643043529554363636e-04 7.610667372887025236e-05 1.505219620772410387e-04 -2.060870654326368932e-03 2.084680907895994275e-03 -1.217722241935370467e-03 -1.213217220661328994e-03 -1.003586677658037211e-03 1.349533238874621238e-03 9.769142251111161135e-04 1.199709202749142889e-04 6.204923335419845537e-04 -3.260799598186372278e-04 -1.665822613795190201e-03 -7.579663574398236433e-05 -1.363476242357743596e-04 7.768708260687192139e-04 -1.090944568877374185e-03
2.184976185564560178e-02 -4.523855352531439694e-02 2.639289780823524806e-02 -1.897611550131486982e-02 6.247200065088503659e-03 1.210051189951352572e-02 4.283639596488190114e-03 7.904923280603114860e-03 -3.243931931106418124e-04 2.239648800167979518e-03 -1.063800818025729608e-02 5.848046537891647863e-03 5.689912937700428251e-04 -4.774374882136090369e-03 -6.218356773783727384e-04 2.732889713398632008e-04 -3.835641693373614478e-03 -5.757854875036049445e-03 -1.920406575308397645e-03 -5.726640774799693443e-04 -1.342127432465406618e-03 2.968618571295064657e-04 -2.341653065966453184e-03 2.341814041823167113e-03 -4.863186390975326144e-04 3.724618611218175751e-03 -1.585203559819110429e-04 3.647010764644761254e-04 -4.994050539327739031e-04 3.422436115321864526e-03 -1.508446452545050571e-03 -9.496071455903389285e-04 -2.106522469285719654e-04 1.986922806825928024e-03 -5.104272077478350995e-05 -3.199135498627116245e-03 -6.153459320219266480e-04 -1.085160112332912014e-03 -4.633232937832782719e-04 -2.782430869970515565e-03 1.208060410530585821e-03 4.049761141324486973e-04 -1.305387760196095827e-03 -1.324240820024532130e-04 -2.128573260087465811e-03 -2.737953446524972381e-03 1.295724358190044733e-03 -1.872028634297379134e-03 -4.161004307731870633e-04 -1.675139022206135987e-03 -1.534272516550091699e-03 2.579744646716002933e-03 2.548161130910512207e-03 -4.427837404037994473e-04 1.839996069177385818e-03 -5.196699530094107001e-04 1.501206498660056870e-04 -9.499473104940634339e-04 1.490328044020137544e-03 -6.949493382537146871e-04 -2.154153515645588973e-07 -8.761527409692987725e-04 1.726160885899292747e-03 2.512118275666338639e-04 5.413555490689778756e-04 1.520375716272891068e-03 2.759255445788113409e-03 1.563740216277396478e-03 1.896946968585188503e-05 8.843859451737781218e-04 1.061543850676665473e-03 1.126545217291496519e-04 3.689905605127368404e-04 -4.753718587655271000e-04 -5.767336201784871739e-05 -1.710087216097144880e-06 4.128766785753966201e-04 1.665453672188655114e-03 -5.381656562774779539e-04 -1.552296031538431039e-03 -3.347567958467334223e-04 9.555107960425533720e-05 3.032835803588998839e-04 8.248006801526392784e-04 -2.307661855869806310e-04 7.291635013798836401e-05 4.742225676070290874e-04 -7.854170307825243755e-04 1.798071833640972270e-03 2.031420187103526176e-04 3.877162774489753983e-03 -2.058332385659491278e-03 -8.439331560159818706e-04 1.446258723064187046e-03 1.194641142884309394e-03 -1.283616223744316488e-03 1.275470979626078943e-03 2.448284701228897655e-03 -2.194987652513690456e-03 1.144658899354849277e-03
2.104910787978117037e-01 7.013929820670809431e-03 2.558977692514713756e-02 -2.095400420483410284e-02 -1.544048949538319795e-02 1.444285481444732705e-02 2.511216091080599368e-03 1.373404705534387151e-03 1.713618994042546279e-02 3.550132653333809042e-03 1.536104420805361418e-03 -1.089840995228208128e-03 -1.965443726692582722e-03 -3.299921336980995556e-03 -5.761419336600299111e-03 3.499170330195532173e-03 3.936839922819979206e-04 8.728376378738984549e-04 4.689732923162189329e-03 -4.032044292612783757e-04 -1.774636660595815905e-03 1.228133083421778450e-04 -1.261955136687818117e-03 -2.382921759233390759e-04 -1.474187258263505050e-03 -2.102305366012008521e-03 1.562459041109448294e-03 9.711716489990809874e-04 -2.605886608576728908e-03 1.042014006162651080e-03 -1.113491199473167349e-04 -1.382032968773855893e-03 -1.529534812496814982e-03 -4.442944201990653473e-04 4.014390950300669486e-04 1.145848786949178440e-03 1.057917914023574942e-03 -1.211574764008350276e-03 -1.379944023526123080e-04 1.178123623351590583e-04 2.587140442907785460e-03 1.337241765980190598e-03 3.355027824484272314e-04 -8.141525325135581857e-05 5.418556848845250103e-04 1.493944927177729212e-03 9.975328159189291843e-04 -7.112355614422013844e-06 5.710431754533987995e-04 -8.558508902419430025e-04 -1.655659278375439154e-04 -6.590764282635090503e-04 1.628933694427556376e-05 7.686866819287873969e-04 -8.058533374380099723e-04 5.196997811914112406e-04 -8.767562480379796066e-04 -2.625516193953088203e-05 -4.438943525680138081e-04 5.325393952940000661e-04 1.540402902633846805e-04 -2.859918327302475301e-04 -1.033338322782186144e-03 5.604475884880020858e-04 4.108644955013458343e-04 -9.849720026409826759e-04 5.086508229510347279e-05 -5.205816351241039121e-04 -1.532836418743951229e-04 5.312241249101005038e-06 -7.293912408932254213e-04 1.346337378132786633e-05 1.087322242426179522e-04 -5.663452624189014548e-05 -6.227804349726937926e-04 3.990725926864022795e-04 -2.941336692760056258e-04 -6.350619654636712461e-05 -4.330213537697748271e-04 -4.288598905076950038e-04 2.423925463766316140e-05 -7.558678014157655933e-06 2.273384869712481271e-04 -2.076066316762984712e-04 5.435742247346783191e-05 2.318078345998928565e-04 -2.902096573268726060e-04 1.555878018639977813e-04 2.058390504192034995e-05 2.094796734411949175e-04 2.717465296474891800e-04 -1.070921116198264025e-04 -1.144102552275924758e-04 1.114497896187384061e-04 -5.761105197419364040e-05 2.295709260794889588e-04 -2.485352278284212540e-04 -1.313218606422461349e-04 -3.010445615741810777e-05 -3.096944050077563427e-05
1.082808575967966341e-01 1.626594096604809872e-02 1.983936448164325475e-02 -1.915746975479015041e-02 1.402565442947727690e-02 1.175224928648290618e-02 9.233639348610633499e-03 6.381188888709862089e-03 -4.568428150213099150e-03 6.235743624734842172e-03 1.636564614473090106e-03 1.692580825323634474e-03 4.772190846476733264e-03 -2.969355380670811407e-04 1.884361968475221655e-03 2.206084825700635119e-03 -1.020425277981146716e-03 5.840228394293761746e-04 -2.149640301835455906e-03 -2.702942679839205175e-03 4.560429132225444528e-03 5.264548473939127280e-04 1.196335336599498684e-03 7.076613399748106189e-04 1.468528373630575783e-04 -1.115943038259305329e-03 7.831099179809156065e-04 1.158187694697505443e-03 1.463926603684834052e-03 -3.437718177499821462e-03 5.142207134997302519e-05 1.706914038176289951e-03 2.030320040400088503e-04 7.343978695060516008e-04 -2.275795467111512392e-03 3.168773864946377488e-04 7.116264192565701415e-04 3.941529301599601669e-04 -8.716338002952223727e-06 -1.259000945726155239e-04 -9.304985220898336941e-04 -1.055485216523990031e-03 8.975669397612884596e-04 -1.761475185016608564e-03 1.581824444475451140e-03 -1.637238969594343894e-03 -2.115557281442944965e-04 6.841266980230091468e-04 -1.141194121226516344e-03 1.299393153621221679e-03 1.209162323153700151e-03 1.134489885747216702e-03 1.406412782600204589e-03 -1.728716853010649028e-03 1.618163572684159796e-04 -1.932504096263770699e-04 -1.087639556338517192e-03 2.102781774875586186e-03 -1.142657192983100251e-03 -1.692312680756139897e-03 -1.519233018660119715e-03 -8.255171160370928347e-05 -1.429744668916506107e-03 -7.242482306227532437e-04 1.346158989816990167e-03 -1.321288450624745307e-03 -2.944758028622942135e-04 4.589576448059009108e-04 -1.905361336606960785e-03 -2.881531037599270161e-03 -1.540154436748449214e-03 1.568350034175332837e-05 -2.420635879398013801e-04 1.919813142819932778e-03 -2.529908655162831088e-03 7.772425869091989037e-04 2.567723744959634832e-03 -7.459516204980613666e-04 9.904658344282930068e-04 -5.090093993375118886e-04 9.302592720454743759e-04 -1.769242343748621228e-03 -1.482361632438448961e-04 5.505919810419851847e-04 -7.270754612075495688e-04 -7.921710807630145913e-04 -2.876748338556749628e-04 -1.911047760462832436e-04 6.691015995387298220e-04 -6.677389694176010665e-04 -3.943637283521537681e-04 2.776205249961340919e-04 4.048373962919815032e-04 -3.703883026866558827e-04 6.653104228685505174e-04 4.272119883034676416e-04 -2.964845107059091108e-04 2.769455880013850079e-04 -4.507336126308997140e-04 3.669724212885663926e-04
1.387806956653233337e-01 -8.585957869942628315e-03 -3.465911902723871688e-03 -1.718525546006528879e-03 -1.246439045894400920e-03 1.252018259083301395e-02 1.507811272723708421e-02 2.459136671939251423e-03 -2.652583903620817085e-03 -3.477384039548833856e-03 -3.957651374437089371e-03 -2.405552583544769835e-03 -1.080039931474637959e-03 -2.685865226890304241e-03 -5.967178785488901419e-03 -9.354081763121411966e-04 -3.853467928267611392e-03 2.639790732558625454e-04 -1.616910149630500313e-03 4.068158974303818392e-04 2.166204242002253005e-03 8.782638374135815157e-04 5.934475187575857444e-03 -3.162192907934067206e-03 -1.592963950820009723e-03 -9.460985830289984867e-04 7.012435980540518594e-04 -6.751854439041189964e-04 1.213658332467440785e-03 -1.485041516732580648e-03 9.344931240654501595e-05 -7.412943149660753371e-04 -8.705740472614310324e-04 -1.403255564503484275e-03 -8.750666658764101906e-04 -2.083381783833000711e-03 3.530120192131625152e-04 -1.182705577223321889e-04 6.517489027502907078e-04 9.969877130128600856e-04 -2.347348479314506457e-03 -1.155181172691524842e-03 1.404943590486239626e-04 1.375471069806354996e-03 -4.244911852753626910e-04 -1.112541496942457547e-03 -2.616661275132110072e-04 3.247187484285397278e-04 1.138978157005764418e-03 -3.729957610046968019e-04 -7.631336261875304710e-04 -1.274803528913705936e-03 -4.625814437982546509e-04 1.884304336470287670e-03 -1.005215827253615494e-03 8.925463077967617405e-04 2.936732203349664639e-04 -1.622464902351734893e-03 2.147821376209163222e-04 -6.948249691847021388e-04 1.138646484437329980e-03 -1.493932926052204653e-03 1.354742100421790383e-03 1.387554335290740746e-03 -6.158835768740719609e-04 1.517969113630158323e-03 1.556880894099950180e-03 -1.656356273327609999e-03 -1.764091554394656017e-03 5.435373624242812026e-04 -6.485345049348335096e-04 -3.919909810211781305e-04 -1.293901019841678509e-03 -2.505756376085245020e-03 -5.408769583588764456e-04 -5.571882540182257438e-04 -4.914187586641847278e-04 -3.095972202493291452e-03 -2.433375449044480790e-04 -6.323217270344535070e-04 -2.610073138392509772e-04 2.188191296370992122e-04 -1.172677706802017963e-03 1.443164534586146219e-03 1.940420291574057642e-03 -2.708160440951305455e-04 5.884185996860564040e-04 -1.030783029150587286e-03 1.717716319650898027e-04 -1.435355644190816767e-04 5.291750662138724939e-04 3.915337520589137949e-04 1.651045940459452792e-03 8.727185166401960938e-04 -7.256442696755623784e-04 4.672593232014255631e-04 7.694271740636190321e-04 4.403610748018462026e-04 1.767678078714479770e-03 8.261788247128781792e-04
2.032315664446290304e-01 1.779221992525596707e-02 2.086368684464057210e-02 -2.256195490013026411e-02 -7.784274740756361513e-03 1.218646462473260347e-02 1.433601688443929528e-03 -6.322871935846367288e-03 9.928930892137621464e-03 4.900249762152211752e-03 5.370186882911766151e-03 -6.462674807648499794e-04 -2.230818941731646087e-03 -1.200949822075546508e-03 -2.299680419613858110e-03 1.914918645684443458e-03 1.664957303817859004e-03 3.829572764728525567e-03 2.643465770646795301e-03 -1.956811869411223710e-03 -3.061303383780515966e-04 1.389650958855965851e-03 -1.518374918449070772e-03 -5.432429531642003328e-04 -1.374875132529981576e-03 4.770995531699893412e-04 -5.103881977046358315e-04 -4.004281224737369716e-04 -1.270777842507540573e-03 8.790166774134547997e-04 1.900093128209368737e-03 -1.889722654528646489e-03 -7.143296836820235219e-04 7.834024615173795347e-04 -5.905931582914260162e-04 5.591160667958848139e-04 1.286134150662996052e-04 1.403971004975243476e-03 -4.594593028502992073e-04 3.871168833275551559e-04 1.138057184866974421e-03 3.977426635173113810e-04 -3.157122205801769018e-04 -1.483613786869732295e-03 9.934135067419887135e-04 1.694382378795315780e-03 1.380758417395652055e-03 -4.062164735337462740e-04 1.087789103284364815e-03 7.699301226746287519e-04 9.098507572538108972e-04 -6.879686768343663111e-06 5.074632869342773260e-04 -8.748870029222341515e-04 -8.445125601134234779e-04 -1.048255381217884407e-03 -1.207211712319163207e-03 1.536704175416669536e-03 -8.394753029425660066e-04 3.045324581316167264e-04 -2.699404726156328076e-03 -7.835498171926648305e-05 -6.209223071813169386e-04 1.968601712322593216e-03 -1.608995048245083926e-03 4.050801512637039188e-04 3.362640552338465403e-04 -1.148425417274015698e-03 -1.636738030759337780e-03 -1.645583021211094671e-03 1.837042565490640744e-03 5.625911679614378162e-04 -9.622121241674088266e-04 1.776062563523005946e-03 -8.873539904465681987e-04 1.113543348773734544e-03 -5.388747545428593504e-04 4.968671505700178372e-04 -1.560002889813128782e-03 1.074743132926504567e-04 2.802899586178225180e-04 8.043636572291432835e-04 2.517436981732209048e-03 -1.439941620963116784e-03 9.271268310501029879e-04 1.858296771953134218e-05 2.804845763509860625e-03 -5.089139510577366313e-04 1.571326504481476184e-03 2.461850153826254488e-03 -2.251864548177469902e-04 -6.152589773579432040e-04 -2.935680723082741334e-04 8.205278436762756915e-04 -1.430910805842677391e-03 9.142832404982936985e-04 1.361375428236302493e-03 6.540745626096781777e-04 -4.228380516004503456e-04 4.394548240123887428e-04
1.819249709963291495e-01 4.992451469536924279e-03 1.703971075655286507e-02 -1.358517012171886126e-02 -6.362966516450390547e-03 9.587201032235037612e-03 9.288128799569849228e-03 -2.782566439511864284e-04 7.588213699428122960e-03 1.112394137978382465e-03 -2.781486768063257532e-04 -1.999291347930749144e-03 -9.611532019160397332e-04 -3.246462239741054571e-03 -4.985744203422456250e-03 3.398497121862920143e-04 -1.306541248768523181e-03 3.265573963354671556e-03 -2.261239362857705429e-04 -7.166485283280116161e-04 1.890175978317453973e-03 4.765373467568794711e-04 3.558929091189334468e-03 -2.002435438724583898e-03 -1.662256397777872249e-03 -2.009865780962849947e-03 -5.264721620460916028e-05 -4.448087281393455720e-04 6.486773692677232344e-04 -2.092752208971630605e-03 9.591556498675894845e-04 -1.335231896768480095e-03 -9.073989625540388772e-04 -1.536172540003104226e-03 -9.647021806238091027e-04 -1.667429701020692453e-03 5.943670523262799699e-04 3.081097802558777988e-04 -9.115658749739630521e-05 1.904353803987683192e-03 -1.554294719943700043e-03 -1.105928397295968205e-03 -5.994067876380296950e-04 1.853470832675138767e-03 -8.466872490194400983e-05 4.123956349125013017e-05 -1.646380299604664451e-04 -1.147866940156016288e-04 7.060220365741190019e-04 -2.918619597719862547e-04 -2.579684313471740647e-05 -3.611539195750664466e-04 -2.910989682483818594e-04 -2.378927444621620202e-04 1.767349998534887461e-04 -1.787466910093091525e-04 8.334987209219782639e-04 -2.160688545615216220e-04 3.497939938454322647e-04 -5.164469694620704579e-04 -1.730055830715487267e-04 -8.951335238612269634e-04 2.834316776034250885e-04 7.079929249084291763e-05 -4.686952464128248618e-04 -2.090607097224035757e-04 -1.518622046818410873e-04 -2.128993574609498740e-04 1.300020795126411366e-03 6.708634191067991285e-04 1.140108557971273272e-03 -2.508109778326819781e-04 3.345762272136686729e-04 -1.762090302602791522e-04 3.789137181766573945e-04 -1.665341559211066429e-03 5.105179377975798717e-04 1.287621123324096239e-03 -2.210882807499525368e-04 2.049736273982299170e-04 -8.347760850801120550e-05 -3.005194196613969557e-04 1.094642825824975840e-04 -3.401719907844934091e-04 -1.153050504820478037e-03 -5.480351606297080959e-04 4.820051886785426694e-05 5.742259422492106613e-04 -3.046448475941111278e-04 -2.961536391478928232e-04 -6.030247104813511250e-04 -1.957981521982077701e-04 1.852965550508523624e-04 -7.798673848322671331e-04 1.005558065499650121e-03 -3.240555777601924581e-04 -6.801333527996160475e-05 -5.466291456950484471e-04 -4.841875788059396644e-04 -9.961283979656712553e-04
2.134997915985749339e-01 1.237256596541267892e-02 2.051709233022885881e-02 -1.432117043839206336e-02 -1.886737337135015527e-02 1.274343358783174354e-02 1.566675804927262876e-03 -9.409037614700312222e-04 1.349652364792325136e-02 1.724552785167536096e-03 2.177143950955193804e-03 -2.680843315490456704e-03 -3.398921491548795651e-03 -1.488045831101022110e-03 -4.395825839486288550e-03 2.325508338044763191e-03 -1.772879559542467906e-04 1.295938537374488175e-03 4.103905034133445776e-03 3.339868504041117506e-04 -2.594772194832849471e-03 -8.848037681443321912e-05 -1.068572717400722650e-03 -1.177259861471410807e-04 -1.467600843606573597e-03 -8.789371286819856310e-04 8.151112345414123156e-04 9.268261195321119165e-04 -1.598826791478825211e-03 8.966237022966439462e-04 -4.592841322452886834e-04 -8.886874510784720845e-04 -7.937224957858954799e-04 -6.691947437584666158e-04 3.954189793544706497e-04 1.562163327309274829e-03 7.448450401301191185e-04 -4.678286901577552123e-04 -2.669208396026686116e-04 5.507375555184087623e-04 1.590882616756316001e-03 2.394987796114118753e-04 -6.921574184823639899e-05 5.306046964515904671e-04 3.607545574392483751e-04 7.497108815215806693e-04 2.819852317135658742e-04 -3.466844568744933595e-04 2.351933783735111485e-04 -8.824092094905140347e-04 -4.637220895390867736e-04 -5.156121088746664803e-04 -4.555612785402275559e-04 6.137548714480526007e-04 -4.902568272537437006e-04 3.366482345497240369e-04 -2.585430401177300145e-04 -5.273758857631539163e-05 -4.211283800898244661e-04 4.780240824691844382e-04 9.497864237185045001e-04 1.397714031236290831e-04 -6.594584527073979636e-04 -1.770377115778579765e-04 1.491162399523369986e-04 -5.540337749355870537e-04 1.545051215410966981e-04 -8.888071461565559366e-05 6.021113322891300315e-04 6.254069031948287236e-04 -1.781630450809817891e-04 4.516810519581534382e-04 6.030430449279614632e-04 -9.509967536881645995e-05 -5.166430813505735147e-05 -1.464092366709723305e-04 -1.950465511563051273e-04 1.941361048822753629e-04 -1.960680760376326591e-04 4.928667257227847169e-04 -4.579736839318798540e-04 1.597405331765719427e-04 -1.938199295725307348e-04 4.293773943212580925e-04 -4.057896386634166270e-04 3.744117351129547244e-04 -7.642187635264339118e-04 2.363627408719007458e-04 -8.237589892788868464e-04 -5.716860825129165989e-04 3.871775673129540431e-04 -6.507189913124768752e-05 -8.234853831191174116e-06 -3.694539895422319022e-04 6.454293714147835755e-04 -8.012711728781761499e-05 -1.152660658726899700e-04 -2.476334070124961676e-04 -1.514718271620603093e-04 2.463927023180320815e-04
-7.572515734332295467e-02 2.465500226463691793e-03 4.669029209793795071e-03 -1.287652556249341794e-02 -7.312356511523360018e-03 -1.080198180056492555e-02 -2.318971340348819949e-04 6.317230719132597289e-03 -6.698652515900286285e-03 2.528690648889122226e-03 -1.702248135877429489e-03 -9.675830623171691614e-04 3.321869479756973595e-03 -4.970187097907747707e-04 -2.443741853966163117e-03 4.098276914791219860e-04 -5.273308287341211577e-04 1.486887867231559239e-03 6.775728868623528533e-04 3.342454124825485471e-04 -1.032107484685603708e-03 3.201886514849081261e-04 -1.033603536025585589e-03 9.052365509834178444e-05 -4.912280179581172187e-04 1.325606813667026991e-03 1.165132053847825868e-03 -1.919562334446000065e-03 -3.993734932556455429e-04 7.971061737860481687e-04 -1.595713612734319786e-03 -2.542407584310161020e-04 7.098448372023842979e-04 9.476597014418546884e-04 6.759688896909658547e-04 -1.464508309679464580e-03 -5.226798205199367862e-04 -9.018302429279048465e-04 4.597288626848096155e-04 5.365788477376372614e-04 -6.225988134836153536e-04 1.343256401652431341e-04 -2.635088789219538520e-04 8.386423012266568024e-04 1.064571217745365625e-03 6.281482118449733436e-04 -2.207647960897594918e-04 5.290125517890520955e-04 8.685100507112483422e-05 -1.209182986801169910e-03 1.152010325901510880e-04 -1.301553631246286089e-04 4.540979720786738889e-04 6.010784391621651910e-04 -1.239386181257065870e-03 -8.306652981135771892e-04 9.046403407627027354e-04 8.176386544329431469e-04 -7.074252632672411480e-05 1.377028947070005511e-03 5.545103491915461501e-04 1.040424736364157663e-03 -3.392337533060944062e-05 6.714049756005399270e-04 3.864836258052944322e-04 2.534206378427819248e-04 1.515247354519015221e-03 -3.063025949255092427e-04 -3.676190147767500463e-04 -6.887770492909937132e-04 -1.232650896030822846e-04 1.024101172701599683e-03 1.486899353800424798e-03 1.370014225120794529e-04 4.529228749205751418e-04 -5.617536007870206237e-04 1.584535014270950937e-03 -8.155029878497093267e-04 -6.132795540628623433e-05 1.214241820273264695e-03 1.458757297714093266e-04 -1.960393381519638458e-05 1.455536044634307593e-04 -1.607963259087076460e-03 5.673603964196795997e-06 -5.521875337956914497e-04 -6.888010967446145513e-04 -5.475646754729585498e-04 4.588710893670912162e-06 -1.125628423775669766e-03 9.053564648204842505e-04 3.722007414597059099e-04 7.345017925858525606e-04 -3.085243717579559783e-04 -1.512890311021035990e-03 -1.058377549665791067e-03 -3.109903827165295042e-04 3.028378591068349619e-04 -4.185180008217853956e-04 -1.404691254322763382e-03
-1.039254724932319601e-01 -1.210523568737092992e-02 -7.565840769477551880e-03 -1.255472429271541415e-02 -7.637102849279976853e-03 1.059078639508105081e-02 -3.221927648620272807e-03 -1.970964692367625868e-03 3.832309625474865014e-05 -6.495854654550584431e-03 -1.490616800905124502e-03 2.712349017004456729e-04 3.865743572199977982e-03 6.710449130723248690e-04 -1.634668588731520928e-04 -1.831152040749200842e-03 -1.190692363982876313e-03 -7.915539834764889022e-05 -9.700758764231817884e-04 -8.781598753967578960e-04 -1.080048122879719323e-03 5.156016568407564534e-04 -5.154919349351671284e-04 -8.705154169135343855e-04 1.855406650175534270e-03 4.610657119868598005e-04 8.882088164865690333e-04 -3.411627366415516827e-04 -1.802135498690162364e-03 3.446661050914088110e-04 1.539540856422368835e-03 1.981490448096402408e-04 2.895497937543401444e-04 1.767009249226775226e-04 1.519200154366206080e-03 -8.576935282533969468e-04 1.188327839228981754e-03 -4.782769189908345209e-04 1.108875373188816273e-03 1.121477550407802950e-03 7.127261456071249150e-05 -7.080936566631404472e-04 -4.046538509593123364e-04 5.113326775407183843e-04 5.309358334117391005e-04 3.148254350529506641e-04 6.123383588229275656e-04 7.110980419460561535e-05 -1.826337965247742771e-04 -8.391525011783412509e-04 4.762858480979863815e-04 6.244222738712338705e-04 -1.426730644385162440e-04 -3.969284609069477585e-04 -1.543846894443464258e-04 -1.161242025001750635e-04 6.427702887520666370e-06 3.215976917578101772e-04 -6.237533530506615166e-04 4.920354700701013752e-04 -7.530869647428950877e-04 2.499411111290935012e-04 2.857276305210489976e-04 1.311797679157888582e-04 -3.877083129805523453e-04 -8.143858764526582146e-04 5.139312479794799098e-05 -1.075094706981585271e-04 5.670213181439347173e-04 -4.321155717041872519e-04 -5.548510733909305711e-04 4.535472161423224099e-04 -7.651406139971486794e-04 6.232712785041304594e-04 1.215558134247377611e-04 -9.491584395192843252e-04 5.097553563320884841e-04 -5.920875077657353127e-04 1.724102485998984093e-04 -1.356522954847950741e-04 1.857916082842007706e-04 -2.447929257104160608e-04 -1.182794390004809947e-03 -1.056015803483997156e-04 -6.461626671199392714e-05 7.209844497723812118e-05 7.092094435483065149e-04 6.060159862976752633e-05 -3.654903227089018091e-04 4.212300176993563888e-04 -1.456777114507046722e-04 -4.706572221071094277e-04 -6.682799544628416106e-05 -9.319164417709032517e-04 2.466948963018032238e-04 -3.905203720743799815e-04 2.549242279981304266e-04 -1.099332288326905548e-04 9.616290178763333123e-04 6.108199975690088105e-04
-3.007805357402661833e-02 -2.080643256279772133e-02 -5.263922576923222608e-03 -1.324379302978563946e-02 -8.760633632014497687e-04 1.255997687917078179e-02 5.020790962370904990e-03 9.146204909999870389e-03 -5.670811671131322819e-03 -4.403706644083943368e-04 -3.703797047169148787e-03 1.494868085019467560e-05 9.124009215850586519e-04 -1.355065696829059431e-03 -6.821739031030931788e-04 -4.197795669606770898e-03 -1.523848935231995752e-03 -3.191647155542931547e-04 6.376245768128611935e-04 -3.507264191408813341e-04 -2.404647300030188402e-03 -1.019794785446702769e-03 -2.531272260539664705e-04 -8.859354485147984560e-04 1.223962006132336923e-03 2.625853650144941397e-03 -1.274132775950838825e-03 -1.832206841936348182e-03 -8.340247253996383022e-04 -1.912430830564162217e-04 5.372249103970716316e-04 -3.555325777126664799e-04 2.308057248884572751e-03 7.001937120130386936e-04 1.193802242351124946e-03 -1.052034722500049240e-03 4.660906262471452917e-04 5.090674418505584031e-04 7.952599277870226477e-04 -2.548203854436528661e-03 2.768127921545206031e-03 1.739439289115559902e-04 5.033196296257174589e-04 1.187512258345412497e-03 -5.316470550175088870e-04 3.499843258164242574e-04 1.069702162745539116e-03 6.289359949866787231e-04 -2.969281304901609541e-04 -1.292606169613591365e-03 -9.036505152548293457e-04 -3.748839759649235780e-04 -8.589029232038654978e-04 1.052863264969066672e-03 6.429851140090675921e-04 -6.941701730939778747e-04 -1.054524238835447556e-03 1.581234629470135676e-03 6.266661162459463881e-05 4.757847685586726874e-04 7.479118124263427279e-05 2.027060402944546452e-03 -3.161651478990683511e-04 -2.944103530890314238e-04 -1.877435002674949236e-03 1.650256737941818014e-03 -1.819722309915615703e-04 -1.173399475219732806e-03 1.712341350044138785e-04 2.724800848869442932e-03 -1.882223969044893516e-03 3.563525444934465252e-04 -2.503690849879038928e-03 1.854380831724969586e-03 6.313371524963565153e-04 -1.077603298664989552e-04 1.098393141257766360e-03 7.483277989264648265e-04 -5.506059560332377282e-04 1.418705534761950790e-03 -9.574814561829736014e-04 1.266158385233857430e-04 7.107856764575455968e-04 -1.297461688587967920e-04 -1.279190535056478001e-03 5.014897286053488336e-04 -3.215748101768922977e-04 -8.533799289738554445e-04 8.746621778211870375e-04 -1.103660374803247047e-03 -8.823579213590699395e-04 2.076885193027583603e-03 3.619776074265596065e-04 3.889371629632312841e-03 1.586203129389311391e-04 -1.545283985541810430e-03 -2.232885328589648537e-03 2.279735142629330837e-03 -2.258578232249018863e-03 2.313672160182093842e-03
-9.848837877088080506e-02 3.419512325453021940e-04 -7.726845271593088711e-03 -1.584174950500186543e-02 -1.166713634640751708e-02 -8.802697360510933558e-03 -1.978217703493113152e-03 1.771202942156412932e-03 -4.380069239300525032e-03 -1.598188879415576987e-03 4.696055587934963387e-04 2.375256918380841225e-04 2.773288227728695765e-03 -4.096091466475289332e-04 -2.869232301060818408e-03 2.459850709181483040e-04 -8.855850270862653450e-04 5.589221088576676712e-04 -1.029943494987504938e-04 -9.686318885511827894e-04 2.579744672650177554e-04 1.275565133562690410e-03 -8.401956551062524905e-05 -1.110938776396521409e-03 9.718089877776619687e-04 5.380258736483598458e-04 9.370206610555254206e-04 -5.418262216179466767e-04 -1.330712732734941903e-03 4.738793859394385775e-04 -3.506174773973174319e-04 -4.810041642762024955e-04 -9.430105351906669427e-04 6.154715282347284497e-04 -3.026075489666225175e-05 -3.427345186415828348e-04 3.425694674197273329e-05 -4.150070727135513862e-04 5.384813096678848100e-04 1.119969487129761831e-03 -5.616811748350007162e-04 -3.430617684427699474e-04 -6.921237955377128001e-05 1.725966111738812920e-04 4.938286529420783102e-04 -7.070774152717039258e-04 6.149817788871777494e-04 4.160241604675236817e-04 -1.675040092233549501e-04 -9.348756910910995454e-04 5.002260158253107793e-04 1.323468867916885124e-04 7.830907084414155152e-04 -1.467414719702594072e-04 -1.149602844131814797e-03 -1.213093820596156721e-03 -2.395799019456199344e-04 4.978103399430914774e-04 -6.625109750685615894e-05 3.502380237742455963e-04 9.580502326901595709e-04 -3.425474794626459760e-04 7.757357250764002326e-04 -6.700626465154500312e-04 1.121982760396208123e-03 1.496265919611769967e-04 -4.140052879520899926e-05 3.719302398450911873e-04 3.666678836310044583e-04 -6.342474242364751604e-04 5.168664292661776655e-04 1.691544724524240799e-04 2.875208377374425519e-04 4.679318320685119673e-05 -5.293631100608393826e-04 -3.005655891162032278e-04 -8.793001023420386666e-04 -1.073174750261276155e-03 -2.990257268817344541e-04 7.903303178962431874e-04 2.937200952871929445e-06 -5.130745104025329290e-04 -2.131089225881661011e-05 -6.723876524326429438e-04 -1.519939219043633754e-04 -4.958261020919467596e-04 -2.086474200071887063e-04 2.427801490350351029e-04 -2.829144867064947635e-04 3.671794450589513110e-04 7.121600509452233937e-04 2.960128943396583855e-04 -5.608153629391094200e-04 -5.486248881902782131e-04 -3.030351189697297397e-04 -5.355696689884550813e-04 1.102579711618485359e-05 1.285912841224354339e-04 -1.181599902315843199e-05 4.033874342599824171e-04
-8.074531981549860904e-02 3.435530431617903752e-03 -2.746619977781475375e-02 -1.069439574748957955e-02 -6.448571525729889474e-03 -9.523723273865767735e-04 3.720540067982926191e-03 1.252747907302817314e-03 -8.772465309018542270e-05 -9.147002523382498579e-04 -9.199691151056824459e-04 -7.602315620146320911e-04 1.144742445139469581e-03 1.345606632634978751e-04 -7.891684142939912883e-04 -1.725178017356268504e-03 -1.189694421003853860e-04 -4.668160638895547227e-04 6.981994825310648429e-04 3.503978735490883840e-04 -6.680749280879629817e-04 4.797786666085209731e-04 -1.197184563511062311e-04 -6.640749658938370926e-04 9.847840571429343146e-04 1.306206858002085039e-03 -1.261615810866509790e-03 -2.401064593589260002e-04 -1.336752331042611588e-03 7.103726365138458300e-05 5.011206538508640495e-04 3.131352006412180798e-04 -1.107016484600506804e-03 -9.370397696513224086e-05 4.096450017773014900e-04 -1.337359757467646698e-04 -3.221364557290662671e-05 -6.118314519201759408e-04 4.379178525242530306e-04 1.178227594267238073e-03 8.247839826682245093e-04 -8.503047949924812110e-04 7.204764259120638144e-04 1.546122286636968264e-04 1.412063478161157664e-03 -2.365509578462066510e-04 -8.087434500829062799e-04 5.546469611650707131e-04 9.720152832850163316e-04 -1.234570889937860972e-03 1.326526665715358725e-04 -6.540212910527366721e-04 1.016428564152220917e-04 -9.262024493481228315e-04 3.430073387463548505e-04 6.126868667369276536e-04 -9.953667902974634545e-04 2.810893045228231890e-05 -2.206136988843733710e-04 -1.801002417990843875e-03 7.180961148385517443e-04 -3.077506477029110258e-04 8.441205796951386413e-04 -4.524978368531506882e-04 4.993488684592146346e-04 1.807658640773723109e-04 -7.957185896057862324e-04 3.815097912961488676e-04 -1.253046450079523628e-03 -8.930802542605338320e-04 6.556221427616528872e-04 3.675014877528859900e-04 3.936342592676388445e-04 1.020709108524565868e-04 4.054258588622059660e-04 -4.570996686280042636e-05 2.633504187839722196e-05 7.652542559887618064e-04 3.085685425504211521e-04 -3.655365044442971160e-04 -7.988215142721342239e-04 1.274254878860887549e-03 1.203910157257535205e-05 -2.203957333636972365e-04 -9.129284623788528957e-04 -7.429199052353339103e-05 3.716674270651971210e-04 9.944557116058782729e-05 2.947712759717569355e-04 -6.693672998724590345e-04 -7.743475815792620620e-04 -1.018963081899025873e-03 5.215178005769765797e-05 -1.422413770769690778e-04 5.561243821432060395e-04 1.487664354791254893e-04 2.880588588793671486e-04 -4.622506317353477232e-04 7.275918022300432260e-04 7.278263394709951449e-04
-8.214826157161116138e-02 1.680506004788312772e-03 -2.863179565958154024e-02 -1.388845353622888100e-02 -3.574454724886161425e-03 -2.374816634626206429e-04 2.754158435476219795e-03 1.778399460160710269e-03 1.268524043210427247e-03 -2.038044318956204037e-03 3.537553531840977213e-04 -7.888366281342541449e-04 1.731427659855315038e-04 7.936448817223411148e-04 -2.110047880190955480e-04 -2.534170000370563908e-03 2.331317339475910450e-04 -3.963624475067931076e-04 1.003132798562356327e-03 1.253183691203042230e-04 2.445426963190543276e-05 9.920545311971429390e-04 -2.134909126647183131e-04 -1.257833703429272381e-03 2.476585954699201102e-03 2.269604892447468075e-03 -1.782533411615939241e-03 1.115432260277507279e-04 -6.538937325207650831e-04 2.026302509736019027e-04 8.282621568912119014e-04 -1.014461637563402385e-04 -6.639482796968181489e-04 -7.223330920349129184e-04 2.900080114158534299e-05 -1.141009617240210263e-04 1.427948293935888931e-03 -7.567293895334573951e-04 8.139747522265363463e-04 7.394621529724169353e-04 9.016652337452959673e-04 -7.847560521147579904e-04 7.291192746061450842e-04 8.705746330859067674e-04 1.292661296490398059e-03 -3.093321696532314578e-04 -2.798349384810508108e-04 4.752826926968675247e-04 -5.007472442722687349e-05 -1.848894521111371083e-03 2.409975265523968825e-04 -6.877160174078080510e-04 4.775690596101299910e-04 -8.240850518705816231e-04 6.962290792218271554e-04 6.431378696260180118e-04 -1.484934103867122622e-03 -1.024792972747434018e-04 -1.625292736978269233e-04 -1.025452945189781959e-03 1.772645319437297896e-04 -9.567977197321414062e-04 5.673146961629867103e-04 -6.690320973469175963e-04 5.679754102112735551e-04 1.727827275881736431e-04 -1.059867651427335179e-03 4.548046631524226284e-04 -4.631912154845187419e-04 -9.107316606671384202e-04 9.187054942185351493e-04 2.711187006325052346e-04 -1.006134781378491966e-03 3.759449641813730520e-04 -7.589600872873842816e-05 -1.836713653208322844e-04 -9.642697743272936025e-04 3.106993495333590176e-04 5.466698678741100954e-04 -3.522844596847172832e-04 6.434380479642292153e-06 6.143269931318617958e-05 -2.822271535219821482e-04 7.292053307500826181e-05 -7.902643398595858354e-04 1.902167000315476179e-04 6.488408015769705182e-04 2.735658825763749395e-05 6.028203764030884990e-04 -6.835381083911581642e-04 -1.763771160291178683e-04 -9.363266302665542449e-04 -1.142930766538859550e-04 -6.327885450192308235e-04 -3.024179376829206505e-04 -1.256073438105485991e-04 5.401433390106138337e-04 -5.658058428510194006e-04 8.783655498298367000e-04 1.737299574238624570e-04
-1.099700489347812671e-01 -8.950218600652459430e-03 5.904812890553980120e-03 -1.802597040180241306e-02 -9.732079795974089842e-03 4.380438925143734631e-05 -6.863650870918693719e-03 -3.358895108966139260e-03 -3.686304386183863590e-03 -7.196073180304142156e-03 -1.736611323536839564e-03 -5.502176122874499970e-04 2.972085559370540950e-03 3.059190191289606594e-04 -2.115671700725849265e-03 -1.224691811512550166e-04 -1.989490474401800837e-03 -1.096370536728723472e-03 -9.857850517101555618e-04 -1.130572651595317460e-03 -1.097302158056370812e-03 1.486991631922953208e-03 -2.168188830317529126e-04 8.042075978293043779e-05 1.465103838298207261e-03 -1.437757542216184289e-03 2.168989482134478682e-03 5.011153297376247937e-04 -1.879266846054913724e-03 -8.269887816860917412e-05 2.517311186295740060e-03 -1.081796927584226329e-03 1.515556254845501116e-05 7.270772225052731224e-04 1.533266678637130046e-05 8.284741526842384586e-04 4.555036235252917344e-04 1.207003313809232618e-03 -1.883904985649572533e-04 8.404416840320565142e-04 -1.010231364588877424e-03 5.273564151106154615e-04 -2.208076090294508421e-04 -2.112075235154389926e-05 4.514808460455166654e-04 -1.587839910205736426e-04 8.497456202518616480e-04 -6.711634876019042915e-07 -6.680692885138536262e-04 -7.044287126326806208e-05 4.610085684134038035e-04 5.688420342891754074e-04 5.577352975038093064e-04 -9.320277955346591842e-04 -5.094372034537619299e-04 -1.395602773671653345e-03 1.150960984439490780e-03 7.635105328800470678e-04 -3.311091910706798983e-04 7.798304200854408452e-04 1.652818411729760058e-04 -3.809102042514225621e-04 6.773196089464089339e-04 7.110485804235305949e-05 1.222352329318695044e-03 -3.319377235571289563e-04 -1.405738864755356479e-04 -8.236909576958143040e-05 1.271537448025759172e-03 -1.523816057980839145e-04 -2.369931506931746126e-04 7.849152465812211422e-05 -1.809979026011846457e-04 3.626488356903015474e-04 1.336814204781729468e-04 1.621958634912902043e-04 -3.841581047355300670e-05 -6.967082583004218345e-04 1.750940961711107489e-04 7.644850580677655175e-04 1.876154358879084756e-04 -3.560282080924525444e-04 -3.495034415742794519e-04 8.331112007775789020e-04 4.540764697299980971e-04 2.741378997150458819e-04 6.726551705028915125e-04 2.373218191960674533e-04 1.002119405991314432e-05 2.640745978624644977e-04 -3.666614086291442683e-06 -2.754777410407992518e-05 -4.532393579963097090e-04 3.762502301619130178e-05 1.637078289339490662e-04 -3.302951630500407216e-05 -1.361147543619103180e-04 -1.728273516629256579e-04 5.183803302128414800e-04 6.251890614437002869e-05
-1.048658693929999108e-01 -1.390796968303908802e-02 -1.788013293119636304e-02 -9.707586379468516324e-03 -1.271892774311238726e-02 3.293842192926779537e-03 -3.705001159212541455e-03 -2.942293253413099004e-03 1.467969019583691397e-04 -2.366997419117204075e-03 3.900423958186337216e-03 1.798511094513437691e-03 1.379999846996304499e-03 -4.815330836733608551e-04 1.276736600027186678e-03 -1.056899942998541482e-03 1.899236413833922969e-03 1.275225854600771716e-03 -8.061147167255731244e-04 -7.612089150884956273e-04 2.166159582107637666e-03 1.392507168479339714e-03 -6.269382482900395228e-04 -6.551086113079803135e-04 1.315653573270103929e-04 -1.456337030273785688e-03 8.312174744705786919e-04 5.202962400200625889e-04 6.154651130700999851e-04 -9.182818696011103713e-05 -6.302528324218153793e-04 -1.188945721693653170e-04 -2.421398360507166607e-03 -1.275090986769356104e-03 1.671595405991626606e-04 -4.960444798358048342e-04 5.441240241515023007e-04 -1.417313069154670828e-03 7.939202731502944177e-04 1.757346214821977172e-03 -1.579298036217681214e-05 -7.616858311841173115e-04 1.478685014271632469e-04 -3.477610593736083313e-04 -2.418508511388108495e-04 -5.662418842541941605e-04 -4.760539659706661850e-04 -7.464241060857835846e-04 -1.270890426862421926e-03 -8.040424981213402340e-06 -4.166096649831686229e-05 1.045068786299938480e-03 7.614726826198297107e-04 1.127612977982424188e-04 6.995021815963223559e-04 -8.484205456470540003e-05 -5.153763251829183599e-04 4.409724576527027139e-04 1.036879858280875940e-03 -7.527855268096984680e-04 -7.625045850489242400e-04 2.517097932177880283e-04 8.614023290742812153e-04 -3.285000349413712099e-04 -7.166758112124306220e-04 -1.624602763876188799e-05 2.260223780743861549e-04 4.585648361004633958e-04 2.705062299461638369e-04 6.929461706386818708e-05 -1.277290504790314465e-04 -2.074761734966133471e-04 1.048550346428322343e-04 -3.995215555220433634e-04 -1.447788718911843233e-03 7.375494888886786947e-05 -1.234901776339038465e-03 -3.541725891140169919e-04 -2.430108129638065362e-04 -3.968828461318974973e-04 4.022648177492998034e-04 -6.891011150956654350e-04 -6.774907297811561804e-04 1.700534231363325923e-04 -1.332382074902078366e-04 4.319712697458210184e-04 -8.561682967935962702e-05 -9.049747373645446527e-04 -5.771870190444137799e-04 1.556819169662953042e-03 -9.841699504099462887e-05 2.850456645809753132e-04 -5.728624633184463714e-04 -8.396380463376056005e-04 -6.826290265543337368e-04 -5.785636503342939411e-04 -8.166403170539572945e-04 2.010634797296525914e-04 6.039131267250054651e-05 -2.576771868174471385e-04
-8.241952327467740036e-02 -3.330853388370056539e-02 -9.549748162875727059e-03 -1.441238650226004357e-02 -8.311526488347712599e-03 9.178943077050666366e-03 -3.447119880301594864e-03 -8.207067540748761488e-04 -5.189439830069952561e-03 -3.778076575224801389e-03 3.253795536733453337e-04 1.984625636782236593e-03 4.206768227868700849e-04 -8.739272015319377680e-04 2.097315990186959973e-03 -2.888275515983802170e-03 1.322638678749729711e-03 1.793516310527660000e-03 1.797110032092047536e-03 -1.393818307303368526e-03 -1.290035805859994760e-03 -7.879322263220522220e-04 -1.718614257258147546e-03 4.834522892923499957e-04 -9.036814062700124065e-05 -1.236867615116993692e-04 2.312449427319743667e-03 1.331205833521817178e-04 9.047404071616255020e-04 -9.307616593451422879e-04 1.574341333897879116e-03 -1.392610867715447093e-03 8.933832836183799560e-04 -1.209744626628323188e-04 1.119875979100091795e-03 -1.262293633551730227e-03 1.083094582851763755e-03 -2.670598466362525251e-04 3.483504697791956167e-04 -3.850659878082496670e-04 1.406177453006513369e-03 5.516434195735491798e-04 -2.829983358740948297e-04 9.012272932843674910e-04 4.280363766830659437e-04 -9.986200437265605433e-04 -2.947807060890626730e-04 4.756685648013853892e-05 3.574782049760604391e-05 3.073242560863667259e-04 3.829515086134704861e-04 1.757137972563020331e-03 -9.298459100739790663e-04 1.155181701040126473e-03 2.240958000988192852e-04 -1.518468798445355491e-04 2.666633076526837018e-04 3.422727547010698864e-04 1.921925901820451541e-03 -1.354103752297237365e-04 2.276723762443715667e-04 1.065534928045331542e-05 -6.377124313261655622e-04 9.364194696718203910e-04 -1.069552469298846618e-03 -1.417049585162460132e-04 7.400432327677015053e-04 9.636312955769593691e-05 1.140996400308043248e-03 1.066706799026004814e-03 1.462122508233054327e-04 -1.666725676500652132e-03 5.991886976286296251e-04 1.454503537307442031e-03 -1.624995644947232944e-03 1.227000796205476342e-03 1.247376713684284703e-04 7.797065091204134898e-04 -1.240494705544248647e-03 1.512451336399065068e-04 1.657696418727522877e-04 2.130449668093442519e-03 -1.989252739160525703e-03 1.666200735153843676e-03 2.862200240915267952e-04 -5.069582932375582253e-05 -5.276098436044707402e-04 -1.304993729148770827e-03 7.638521158283672740e-04 -6.354296012126351952e-04 -1.766073664729122172e-03 -1.320206396733380073e-04 1.136810270575386132e-03 -2.913504209773853915e-04 -7.510894664219977361e-04 8.381644060807516734e-04 -2.017511412924457746e-04 -1.330882013623772224e-04 -2.648313321986841824e-04 -6.890567053585228488e-04
-9.275232413791141550e-02 -2.578414927930888778e-02 1.256925406801779124e-02 -1.619998153432223448e-02 -3.232932040773002155e-03 1.113493136461887224e-02 -8.004690599313460039e-03 -2.309998137457432762e-04 -3.634533300397296135e-03 -5.798511543855023632e-03 -5.389862673296142402e-03 -1.017276284742375331e-04 2.881142576715686222e-03 5.806082267330069709e-04 1.547931157350784532e-03 -8.908529736096786923e-04 -1.509936670293496840e-03 -1.252881092646587194e-03 -7.081197636905464578e-04 -1.531292026060984170e-03 -2.764943258023417477e-03 -3.932783586482573035e-04 -9.329105935881214836e-04 7.929449279878011481e-04 3.520010643247217168e-04 8.558450315374279045e-05 3.511209350504790501e-03 2.961821448328356434e-04 -1.001140221970395379e-03 2.355157906524673025e-05 1.818120854288030616e-03 -1.387596033624728924e-03 2.195856169742151261e-03 1.142485658029418006e-03 1.835369619378031609e-03 -1.250126288861410544e-03 1.472146436143576030e-03 5.577723312614570658e-04 5.543589481953893052e-04 -1.087556085713344781e-03 8.348558372841706141e-04 1.787315220812045826e-04 -2.947995883421291870e-04 1.027158323481715176e-03 3.609878721622906354e-04 1.991627716820120885e-04 3.049149980822372344e-04 -9.373845537614942155e-04 6.098669784547995285e-04 -1.011907032932227949e-03 -1.172214917134713161e-05 1.434381150789918943e-03 -8.583807460948393976e-04 6.294322938759092578e-04 -5.306573944196387935e-04 -8.564038979607853114e-04 1.450663674691484795e-03 2.392139466597245428e-04 -2.875596788266524440e-04 1.649280237651770805e-03 -9.607777535673157595e-04 6.058888560963504095e-05 -4.689810680338486569e-05 1.011947235475115338e-03 -1.823533469077366479e-04 -7.629194701090734462e-04 9.733397353282655486e-04 -4.524337464256666334e-04 1.153291125367750334e-03 -6.923728174074428570e-04 8.215124536596737827e-04 6.263225032780391551e-04 7.401003731593222275e-05 1.137043265171444389e-03 1.000432739663750488e-05 -3.419347295561884202e-04 6.803114049820070891e-04 1.445064375606090854e-04 5.792199557588045226e-04 -2.667609709554724369e-04 9.374201292783377161e-04 5.709761391040322782e-04 -1.028587033061539044e-03 3.133722117602320920e-04 1.499443523739955528e-03 3.852654696489337077e-05 4.002765817400243445e-04 -9.685307572202618608e-04 2.618672418867107939e-04 -7.994113085213362798e-04 -1.215792582175479744e-03 -3.023552049730684403e-04 5.147304722524875765e-04 -1.694160009512029295e-03 1.126512211171487934e-03 5.105769936476578594e-04 7.692126123435068404e-05 -7.170852094533894296e-04 4.873833695614091226e-04 -6.088513922769112397e-06
-8.976093436459549324e-02 -3.824822726813888879e-02 3.053621081825420511e-02 -1.225625453306522505e-02 1.014976824352829821e-03 1.387252754501267296e-02 -6.616024152981181405e-03 -6.464639539220180114e-03 -2.342888664520104743e-03 -4.655972967888219634e-03 -9.444684798932498349e-03 -1.921273000209056548e-03 -7.178512020770419846e-04 -1.128141212928225005e-03 3.533463938319986956e-03 3.805234478001583522e-04 -6.953057389040171940e-04 -2.769045234289686103e-03 1.684909072886679390e-03 -4.068223187679334790e-04 -6.090192183951354497e-04 -1.282240941043271982e-03 -2.355106304274536488e-04 2.449903098443435932e-03 -1.514455800406351062e-03 7.524279766464507893e-05 1.514773366769020394e-03 6.090194617644760803e-04 -2.261957980752970631e-04 -3.144416603568638024e-04 8.864129515479208035e-04 2.701627017036995469e-04 2.413044215162194958e-03 -1.914869210551238966e-04 1.406808428667295080e-03 -1.008245149746161929e-03 1.071497928976815860e-03 2.326471005086797397e-03 1.144144214763452832e-03 -1.873803882019844805e-03 3.464971601046410788e-05 2.262293026379130398e-04 2.435878421167072291e-04 9.436064691135958877e-04 4.870009539159536258e-04 2.379211332460628905e-03 -3.540015398767720864e-04 -2.516163376804824835e-03 3.918116722994489606e-04 -1.482233459037613594e-03 8.718018054278826564e-04 7.696077889879558665e-04 -6.901674361257146379e-04 2.238926993452101911e-04 -9.046547705677463998e-04 1.517524563680077137e-03 -3.659390083616949839e-04 -4.915032908629187250e-04 -9.808656521114666408e-04 2.014704014346784748e-04 -1.167672173018042381e-04 -1.090894894577655681e-03 -3.074790686092565561e-04 4.096201321168160478e-04 -7.145496236550903310e-04 -1.509492703853952472e-04 4.317309719904423586e-04 1.822254876839071171e-04 9.790980069192642844e-04 -1.170011881394900088e-03 2.560991493581079963e-03 5.944595358051804786e-04 -4.719343520317842823e-04 1.436872929780212737e-04 -4.864026103356282110e-04 -5.273935149433413554e-04 -1.193551323861881267e-03 1.788991155720950419e-05 6.806588997444537473e-04 -5.328604440406143001e-04 1.611101390521891717e-03 7.016725184397058519e-04 9.249784434212339956e-04 -3.284194893438871217e-04 4.717974860617052987e-04 -4.538427666980086655e-04 -1.230694314014487865e-03 3.698784211357953699e-04 -1.144238230669744513e-04 -8.407304909819540229e-04 -6.551679547352020402e-04 7.951807466894417089e-05 -6.183558200164304209e-04 -1.298192365611574315e-03 1.430259784688717346e-03 5.386471422576433361e-04 4.596116215692904101e-05 7.215197136693486625e-04 3.121315075458659552e-04 5.893581010863388481e-04
-1.112440985540474603e-01 -1.490849772650810340e-02 2.328973717633447960e-02 -9.573905695453077680e-03 -6.097528834634751566e-03 -2.681161519566257687e-03 -8.688891055949258049e-03 -6.787256036799400524e-03 -3.215236178798309714e-03 -4.393211176341991521e-03 -1.175087254283773948e-03 -3.255520234894524433e-03 -9.342190384799535117e-04 4.438941197240989234e-04 -6.248717284478831104e-04 8.379209019153265221e-04 -1.157051748418326396e-04 4.022717201854014387e-04 -4.978138692316395192e-04 3.520956450229402479e-04 -3.957011984415385766e-04 9.745812054216562194e-04 7.498648510181298152e-04 -2.765260696558100658e-04 -1.383944573341155276e-04 -3.955675700152620419e-03 1.254994893929386188e-03 1.051492697582911582e-03 -2.447917823515023293e-04 -3.780025304120586253e-04 1.073811339150986628e-03 -5.403930367334767353e-04 -5.078672893161979059e-04 9.332441315470249663e-04 -7.210486668797604646e-04 1.320246313417262809e-03 -5.761588032736917123e-04 4.056947105433613538e-04 -1.124202831484795656e-03 8.141311334674077548e-04 -8.105061493397983487e-04 5.386104565885740459e-04 9.935089886663559661e-04 -1.815255836580815900e-04 -1.431344557360794375e-04 -9.268337365694847478e-05 -2.233108359295893851e-04 7.397278658015196378e-06 -1.055437893178150146e-03 6.686659097675768477e-04 -2.329319160491797583e-04 -9.041617268146997935e-04 7.958335363940848787e-04 -1.085701791817774006e-03 3.406695362063514969e-04 -1.061400785034922155e-03 8.963715130716000444e-04 1.317530049488346931e-03 -4.672864478191984155e-04 -2.104907356180849996e-04 -4.823001983820783566e-04 -7.439814674555478259e-05 9.696951738288322065e-04 2.960973335600932234e-04 9.229372197757376240e-04 -4.623748842400153439e-04 -2.753925716641159559e-04 2.684738978484027517e-04 2.808637129771573998e-05 2.620194057550082056e-04 -5.877988054366239164e-04 1.105463566295706912e-04 3.917387722905714821e-04 -1.767342515901166927e-04 3.261782158127767136e-04 3.174992210275968366e-04 3.422434482534716634e-04 -1.166159263085053444e-04 4.550624691255770364e-04 1.656352456883007542e-04 -7.682007825172113176e-04 -4.138907909432168832e-05 -8.007120790834344087e-05 6.371476179996008382e-04 -2.228403723040037893e-04 4.875191583872858230e-04 5.159487773983156573e-04 -3.149017874325488794e-04 3.349905947984915095e-04 5.081712200783156759e-04 4.987267163599456554e-04 -1.013519389378152738e-04 -8.993374404017577854e-05 9.084560871051449056e-04 -7.443105397773690495e-04 7.433596452249904569e-05 -5.815021416947087178e-04 -3.472636757494443555e-04 1.135482812873310244e-04 -4.158838173714954410e-04
-1.069513099708448850e-01 -2.357700708379859011e-02 4.044200380187298882e-02 -3.421874448849077793e-03 -2.553315444036525876e-03 2.883362339203765761e-03 -8.427508714526806000e-03 -9.011769816028050023e-03 -1.926312082056240178e-03 -3.322912401523495356e-03 -5.370286200567178474e-03 -4.633060104867482362e-03 -3.595939286939641572e-03 -3.076619149383232185e-04 1.607418134516463721e-03 1.585964626989588106e-03 1.377266683984508175e-03 -1.494901106474497707e-03 4.616143666078748107e-04 8.992009227193106368e-04 8.862117692999221894e-04 -8.514576478668655322e-04 1.162454389096984064e-03 1.660828736249061815e-04 -1.003116727677048469e-03 -2.687927233824261280e-03 -9.132630103695905900e-04 7.107480996614486688e-04 -2.700231120093668827e-04 -5.677159253389663617e-04 8.098849071359923808e-04 4.242730747396669514e-04 -9.133977146068464174e-05 5.660763754759487194e-04 4.801986957739784971e-05 9.287391626416644994e-04 -3.224341142639945029e-04 1.310418142077878802e-03 -2.196026978860585426e-04 7.051678077391874185e-04 -5.953066149189047314e-04 1.014594036793181007e-04 4.902709027867304704e-04 2.039130487609518386e-06 3.169099604142869829e-04 1.565446140603966689e-03 -1.496021770813143938e-03 -8.420925155431949541e-04 -1.027132306200246844e-03 8.632389010150533297e-06 4.150537022226117635e-05 -2.708410103597945397e-03 5.877663007137405669e-04 -3.972329058273626839e-04 1.702513191466992822e-04 1.256413275046005726e-04 -3.942072208339574457e-04 9.913218009854013555e-04 -1.081582053213343223e-03 -1.121494034607111237e-03 -9.511386099580157634e-04 -3.765277088409433887e-04 4.946099011163468178e-04 5.428528653321324730e-04 1.253453315046230824e-04 -4.784947054967360531e-04 -1.722657102829935048e-04 1.038266269003184673e-03 -3.722265752766080175e-05 4.223203802904485003e-04 4.373452333853849192e-05 1.032559808341372088e-03 3.349759701938926693e-04 -8.217245466083597256e-04 3.670512583212667411e-04 -1.657068345213851847e-04 -3.366120000459090996e-04 -6.614000924218424535e-04 7.877553639500507699e-04 8.604713905725363578e-04 -7.147617577913467721e-04 -1.938511045434092056e-04 -5.230340747488331204e-04 7.094026145114928612e-05 -1.058037315655553732e-03 7.358970856447491103e-04 1.898694228536909265e-04 -2.990434454656256259e-04 6.898560107233885162e-04 1.604650482736109007e-04 -2.651541002232191309e-04 -1.125795027010753814e-04 6.520036318733861457e-05 1.176353873511732338e-03 -4.340988948884082254e-04 -2.170061395818625907e-04 -7.221725403755851634e-05 1.515410845011015825e-04 6.216434129807055795e-04 -7.892988561424046012e-04
-1.114474082752691525e-01 -1.580735728727710940e-02 3.634086358880420781e-02 -4.078410892102623739e-03 -8.482011356026296356e-03 4.924175841508126455e-03 -7.359307858380013598e-03 -7.071774187867761567e-03 -3.428043877986612642e-03 -6.273333605913531882e-03 -5.619302384351045412e-03 -3.926053652056962773e-03 2.163505996058941790e-04 -7.974020098564221087e-05 1.049269221566159326e-03 2.084284752508858661e-03 1.501831666350623680e-03 -1.872898076201394597e-03 2.404159370866332875e-04 -5.366156626396361394e-04 3.402438716887744405e-04 -9.838084638625109804e-04 2.844487985341767416e-04 -3.696463352338474678e-04 -3.219642937634536626e-04 -2.548855138534684203e-03 5.611794436228276835e-04 5.427324053617079390e-04 -1.364681355898355458e-03 -7.360296844707941131e-05 2.379644793714439863e-03 -2.101793236820035174e-04 -1.360732932758354572e-04 8.515571258009132713e-04 1.423528019835115777e-04 9.693976611436856856e-04 -2.151845324976399410e-04 1.653636424476926043e-03 -8.199997465721654919e-04 2.353606898968970665e-05 -6.045866074292534365e-04 5.110312351618957142e-04 4.918718855029052209e-04 -2.328395599667303854e-04 2.426274652392241594e-04 1.205952004289034558e-03 -6.451739015253810106e-04 -4.916108333007049866e-04 -6.380341238267561374e-04 2.396407566089388339e-04 -8.596601171182524528e-05 -1.378896259836610242e-03 1.993371750697080311e-04 -1.097069392299708122e-03 2.091692900941730104e-04 -4.094627705968316564e-04 8.002718636130937667e-04 1.443351142378168118e-03 -9.596122563137479905e-04 -6.097583668807848249e-04 -7.964478963800802284e-04 4.639218419165281443e-05 7.925231076522735443e-04 9.368731217423121541e-04 4.007466719600202344e-04 -1.135224996466025794e-03 2.602441018606662477e-04 1.339440983641517098e-03 6.906832791920109686e-04 5.964937094266959056e-04 2.638304230872648751e-04 6.619402602863431193e-04 7.758732214066385233e-04 -1.423486325875808554e-04 4.385166039124912640e-04 -8.061146259112456308e-05 2.843134960186392618e-04 -9.513299094129545538e-04 9.415813074004395584e-04 1.146180005275581303e-03 -8.828137118405067658e-04 1.366415808100793477e-04 -7.012135334128095920e-04 1.293512760718954109e-03 -2.762836232595032495e-04 1.218481254088882087e-03 8.432149730450339865e-04 -5.124261221318854049e-04 1.383781005604322939e-03 5.012727480851149938e-04 -7.480070181055930841e-05 -8.167481181165676951e-04 -6.508184582958011861e-05 1.011181445059063273e-03 -4.261144431278137464e-04 -6.309906665253000555e-06 -8.013228021794683957e-04 -3.665093457585563317e-04 6.459912976926207194e-04 -6.146000288996398197e-04
-8.938939436480358713e-02 -3.804087691671340088e-02 3.512813577558122902e-02 -1.124694154303152414e-02 4.997445659948992688e-03 6.046029110708947725e-03 -7.411740420709183631e-03 -8.993112402834861976e-03 -1.796816606720473683e-03 -2.465858765043942285e-03 -8.110827378194003165e-03 -3.420283013999379871e-03 -4.417569590284006233e-03 -1.212660289368370798e-03 2.708129993016605234e-03 3.693393323371379480e-04 -2.053120428808209122e-04 -2.032615643793055094e-03 1.922025237557264390e-03 1.115605482310447856e-03 8.551987307824293009e-04 -4.493260877937616275e-04 8.165668734923002070e-04 2.480202021247858869e-03 -2.014075966744291978e-03 -6.928216104625971794e-04 -1.050278009860200956e-03 7.576572561852831789e-04 -5.457190360694141087e-05 -1.006759234687168436e-03 2.986634632910782541e-04 1.308427207945459057e-03 1.341368779689326024e-03 -7.923524510066910515e-04 8.402793598584101971e-04 3.891369752611292289e-04 8.013485510434149037e-04 2.424877800195462604e-03 1.107552733263784690e-03 -2.418927527762105146e-04 -8.003622662597518686e-04 3.839365829519874413e-05 1.577805228409453944e-04 5.549005932776138747e-04 9.040030761024183239e-04 2.409620721438813108e-03 -1.380516250608581665e-03 -1.495735440359516853e-03 -2.411415882433439286e-04 -8.560582755864642752e-04 1.165749374215731531e-03 -9.102824139352758094e-04 -2.570157434837599952e-04 -7.978237236908207789e-05 -8.983707659927392961e-04 1.802303700911391318e-03 -8.169269483122576503e-04 -1.521895901187639700e-04 -4.586340842752894111e-04 -3.548468746775454777e-04 4.946881197750422786e-04 -8.246208441348117221e-04 -2.926721354873232980e-04 -3.576132991290772545e-04 1.285123756287010280e-04 3.803741126544903377e-04 -6.026737778873911874e-04 1.263971439131481521e-04 2.113638669062947175e-04 -1.011162986846448437e-03 1.503848391737826326e-03 6.834657329726799091e-04 -5.089903980709684040e-04 -5.850135771503078017e-04 -5.012219104062911983e-04 -1.985862559814596340e-04 -1.509668193222415966e-03 7.027175385296292843e-05 5.339430769292618367e-04 3.806259515409684646e-04 1.261218442517058735e-03 3.293282113636013058e-04 1.228879436561602619e-03 -9.555898947399808514e-04 -7.661061876951127210e-04 -6.945040473030057813e-04 -1.469145230637020592e-03 1.027104436967476780e-03 -5.874883722093749176e-04 -7.312167955855295581e-04 -6.930642721334822698e-04 5.131009187981782228e-04 -6.570092748847206282e-04 1.044042035557741230e-04 3.842825910619754098e-04 1.376665995413416414e-04 3.437174846184352819e-05 9.436765310917518031e-04 1.465083205787214336e-05 5.431774765222188673e-04
-7.166609438940521604e-02 4.039795829752623919e-03 -1.166387833245195911e-02 -1.947143964208484720e-02 -8.345933287454112420e-03 -1.780287547500839646e-02 1.429254260848553777e-04 4.065557078882787480e-03 -6.788855293251553139e-03 2.544342657225173807e-03 6.623259262516503158e-04 -4.146297936966473769e-04 3.245873370565804418e-04 -2.084698979711677950e-03 -2.265631283281951871e-03 2.174777064689930196e-03 4.289985780760687179e-04 8.564226733234534374e-04 1.455009201238615562e-03 4.418860879830375263e-05 1.256092838489498422e-03 1.259012175362753073e-03 -6.043193523814277199e-04 2.620346771907951716e-05 -1.420265554273970399e-05 5.600130894101207389e-04 3.490118332051530756e-04 -1.571362791171223780e-03 -1.963619137338354337e-04 3.934875083575519312e-05 -2.213938677316048230e-03 -3.306964824755253586e-04 2.718327805686470539e-04 -9.114585805550202632e-05 -1.414808587585828122e-03 1.358634680573655811e-04 -1.168025911496060757e-03 2.333980289906321373e-04 -8.650649547057869980e-04 -1.295589982487074321e-03 -7.421411166897088751e-04 4.993025684112765679e-04 1.684672274835604430e-04 7.180785217319164910e-04 -4.829823448040910594e-04 5.898377697457768409e-04 -1.740133837366531803e-05 -4.967275326587530185e-04 2.819830303339204616e-04 -4.018609055093805629e-05 -6.436459955645912508e-04 1.035539094444782541e-03 -2.193026277086997111e-04 5.878380000200364138e-04 -2.616601823188993291e-04 8.777066672152225406e-04 1.578686347963109758e-04 -1.141015543713127254e-03 1.775878379704971561e-04 -2.834088769327284402e-04 -1.392153996105445935e-04 3.965279428590205474e-04 -3.496092449359401483e-04 4.234721307998080375e-04 -1.202566533358550839e-04 9.113533783831121425e-05 -4.074575032281339804e-04 3.442835733954886389e-05 -2.265079934558980092e-04 3.820829031745127773e-04 -2.076957736298374745e-04 -7.478288902211614048e-04 2.751122413095827670e-04 -1.486425587928246383e-04 1.321392284036099934e-04 5.381245579531928301e-04 3.594943663787637914e-05 3.672353140621738266e-04 -3.638577900537052199e-04 -3.044580057290831331e-04 -3.705359665222000723e-04 3.190403951324562496e-04 2.914538232422306274e-04 6.744740781362636205e-04 1.523882464756897846e-04 -1.776321208539200479e-04 -2.462588874272473682e-04 2.926870485415466552e-05 7.332395751180111889e-05 -1.678774520577775830e-04 -1.676469506564327253e-04 3.128862340168250822e-04 -4.406131030886693058e-05 4.075819905313087898e-04 6.312509336919399283e-04 2.846139560751031680e-04 3.995874865800725338e-04 3.425080534427258521e-05 -2.580672665877499841e-04 2.862340276871333587e-04
-9.917415673757645767e-02 -1.011420642578259380e-02 -8.025620873099334820e-03 -2.033309270575207536e-02 -9.551391476241972295e-03 -9.464255770710763849e-03 -5.656484544986245186e-03 -1.827875698620695872e-03 -4.756355402805201825e-03 -2.621349188358664851e-03 1.670986830967569449e-03 2.789395725904047444e-04 3.138407783751724395e-04 -6.881622069915574414e-04 -2.912505353471807074e-03 3.482240909008682181e-04 -8.004174603861098679e-04 3.369964944891659197e-04 -3.400023979486803036e-04 -4.384790669349098455e-04 2.089084434592551024e-04 2.353129196507496718e-03 -3.222415844539780732e-04 -3.571637108816165616e-04 1.256152357467784936e-03 -1.607178020387360759e-03 1.905799561941062597e-03 -1.273068452263510038e-04 -4.831052755066196918e-04 -8.461227259397397860e-04 1.880115086466706536e-04 -1.138189251792110987e-03 -1.334767216469793204e-03 -4.220188788708167233e-05 -1.623003493734046085e-03 1.244357650117688605e-03 1.915628986472821577e-05 -1.244712616002010500e-04 -8.597744871653221869e-04 4.206076692249233412e-04 -5.805120852381132675e-04 2.649664976112921211e-04 -7.565307612300308556e-05 -4.043784704286782676e-04 2.272082233065878855e-04 -1.243438937565806163e-03 4.618062741820638697e-04 4.350596782243269160e-04 -8.899764654679439245e-04 1.457618749036483652e-04 5.751951607898480407e-04 6.600977925340762408e-04 1.032846178802775995e-03 -2.946706981029502534e-04 -6.221058913962353295e-04 -1.211350745211771775e-03 3.634835118256530976e-04 -2.473952948274059501e-04 4.258978272776436924e-04 -7.223264487920222582e-05 9.842797172019879162e-04 8.411952641405355470e-05 1.144613359124550464e-03 -7.502643087227485897e-04 1.131587552574318204e-03 6.518391300860156131e-04 -6.237809745254177139e-04 -4.961938481344821579e-04 5.475243752492114490e-04 7.396218187306482041e-05 -5.152953271820560031e-04 -8.750611796275564302e-04 1.768030784521395409e-04 -1.279991026342483008e-04 -2.046518298395358490e-04 7.350976340071905916e-04 -5.334724136754070848e-04 2.946010241723756020e-04 -6.342195171900655076e-04 -7.905569013981315766e-05 3.507636096371744851e-04 -5.234913982314697386e-05 4.843958603001964104e-04 2.498943489313440675e-04 3.837573119874967422e-04 -1.073139957790516900e-03 4.444584117956865656e-06 7.709821572045445466e-04 -5.622926508117249761e-04 3.383322261666880785e-04 -1.062226639640758048e-04 5.826934515918021605e-04 -3.294189925608606464e-04 4.359947613875109684e-04 2.371325594619365818e-04 3.442316282158298523e-04 2.223390944598483635e-04 1.600912748663012785e-04 -4.324011255546584219e-04 1.106022205241689003e-03
-7.637824727574295258e-02 3.530230651042604029e-03 -1.270466996843199955e-02 -1.460397375556150672e-02 -1.099612823707679828e-02 -1.417251575882571418e-02 1.055410364815405865e-03 6.630711104664591300e-03 -6.461761824045764678e-03 3.822834455524039710e-03 1.094503712855862372e-03 -8.767902221955484318e-04 9.071258334952661323e-04 -1.194227650807293652e-03 -1.103006055981630481e-03 1.267165348093247587e-03 1.191261589430080365e-03 1.863814706316609462e-03 1.364990261896542167e-03 -1.145062883714882733e-04 7.664012443409417901e-04 9.277739917959027926e-04 -5.425605382054322435e-04 -6.906873960903247602e-04 -1.065947136968477851e-04 1.446944494190651864e-03 4.435643855847613555e-04 -1.277776860967167350e-03 -4.545435451286985442e-04 4.770708455400436460e-04 -3.163809366950095809e-03 -6.374789665825643110e-05 4.786133096298351378e-04 3.268407259424903734e-04 -6.077373862595479050e-04 -9.448126564194984619e-04 -7.544903707777124826e-04 -6.812706124010253859e-04 5.977158055818080810e-05 -7.928871756404105679e-04 -6.419242260000644629e-04 3.474742054049691437e-04 3.513512088456055950e-04 1.301240230237855422e-03 -4.247864564450520787e-04 9.733913389892171137e-04 -1.110675639504966249e-04 -5.400922820453663833e-04 5.531969716663271992e-04 3.760496127640754194e-05 -2.743966566171038898e-04 4.889139630282858051e-04 -5.814826303406150183e-04 1.161411816284198083e-04 5.342038213528783105e-04 1.084416489456363616e-03 -1.378337394325329917e-04 1.139327009236532176e-04 -5.459725139465225301e-05 -4.906920913439679092e-04 -3.142076746000594572e-04 -1.750915889004729502e-04 -7.013412997925470892e-04 7.495476248118156061e-04 -4.550813178298130615e-04 -1.672253782496272432e-04 6.148187353977075135e-04 1.038154314372703984e-04 8.195754268751549200e-05 -3.970083944858572605e-05 -6.803071614381479284e-05 7.182212693605281384e-04 -7.842060108647476522e-04 2.562508849878315201e-04 1.165820477750594106e-04 -4.531751925629378687e-04 -3.331600133050393333e-06 1.731769603830975754e-04 3.278862418027496959e-04 -1.667867925903978937e-04 -1.253027275815918318e-04 -1.477751030349885549e-04 -2.392863889396770001e-04 -1.389250844230240209e-04 -2.928847044189573381e-04 6.320731414423982984e-04 -2.207846156089572219e-04 -5.368287131619946728e-04 -2.561643741336229766e-04 2.204399078848332384e-04 5.965256802433128351e-05 -2.757501384888861110e-04 1.533371846294899184e-04 -1.874831596944552309e-04 -2.129101617282100811e-04 -6.022738295906265936e-05 -2.017443316704899939e-04 -4.354172358475669083e-04 1.815406956169604905e-04 -5.238692274197203659e-04
-8.452622614046016725e-02 -4.912075235946920977e-03 -9.349526972858597865e-03 -1.968735589669689048e-02 -1.072806011992639107e-02 -1.092873120791881987e-02 -1.662832779074876165e-03 3.064720614350252906e-03 -6.314369927771740741e-03 2.020123993926799559e-04 1.339257757695614314e-03 -2.219993751479600532e-05 1.522626250631099222e-03 -1.548723545500528976e-03 -1.687242647447823908e-03 3.745388328964695647e-04 8.383055200431105891e-04 9.872397357494073610e-04 1.326011604098892207e-03 -8.182821992580432621e-04 1.283048981852293437e-03 2.238005433693724539e-03 -5.111456475795987360e-04 -7.329917022332523447e-04 5.289972902060333755e-04 5.585424641904492959e-05 1.100075088863565649e-03 -9.328986580636998167e-04 -4.060017835564796464e-04 7.108561668157447287e-05 -6.619987034324803553e-04 -6.865183816176630366e-04 -9.889692287151964373e-04 -3.245471445268704601e-04 -1.076433459825195185e-03 5.618864980756947902e-05 -4.025474083112169296e-04 -4.979799606696751679e-04 -1.450038591345126034e-05 -1.953555690381453551e-04 -3.139192932307508931e-04 2.442391588611630385e-04 3.040423360002696813e-04 2.624575463583511372e-05 6.146724826800535049e-04 -6.903223636785249528e-04 4.885519365005765825e-05 -2.093142478561765233e-04 -1.024834208911799176e-03 -7.835079634130420701e-04 5.678203022098125352e-04 1.105527621156633103e-03 1.077044285768027172e-03 5.939911686479107259e-04 -5.986063513195729420e-04 -5.637870320620200866e-04 -1.533993288813478005e-05 -6.442350094603676572e-04 7.407651980722852443e-04 7.703021347711776418e-05 5.653583419309791535e-04 2.549575252144032646e-04 8.085286142268829869e-04 -6.343974049159229259e-04 1.706777537559440734e-04 4.576447810881372554e-04 -4.519881295206602660e-04 -9.562732521496865442e-04 8.229507244880756786e-04 2.663578626633091116e-04 1.194213933301271701e-04 -1.022422953571937819e-03 4.785995891284518223e-05 1.251744873089992286e-04 -2.616361293274039701e-04 4.102625408208959300e-04 -1.007390232058652177e-03 -3.144244047702253637e-04 -7.848201049633700107e-04 5.332482793026324013e-04 5.637319748111171763e-04 -4.137661176740230142e-04 2.654216493535309124e-04 5.733379389058164194e-04 4.669835291759599121e-04 -6.642040447094861664e-04 -5.282513431564400935e-04 6.065070800973997945e-04 2.295759197146048048e-04 -9.562739253845959340e-05 5.449262965151462919e-05 6.534376503659364375e-04 -1.748419486253256598e-04 1.650181487776075954e-04 -4.791330648512382795e-04 1.881120843334199309e-04 2.422592810695973239e-04 4.150948401427384938e-04 -9.593653326559388201e-04 6.965654621919627719e-04
-9.186924640105094408e-02 -6.301833415203683675e-03 -1.833286710765194907e-02 -2.244619445551786913e-02 -1.008731039102059301e-02 -6.598924732658288141e-03 -1.814126531114978276e-03 6.172183267225175287e-04 -3.217711364327008501e-03 -1.554470631499961118e-03 1.170412823186390162e-03 5.921537251897442946e-04 1.929432271783267788e-03 -2.212373807867631850e-03 -1.381592763728135050e-03 2.714384558116517747e-05 -3.073742961413940830e-04 -6.528923066613301959e-04 -3.153587534919269591e-04 -4.764937068825684640e-04 8.630887219452337659e-04 2.044261111283820608e-03 -1.720987556930692964e-04 -1.002397154317201953e-03 1.222835076648016083e-03 7.702180892777037505e-04 9.100655240621859489e-04 -8.387788965035723179e-04 -3.814025278381048541e-04 2.179015125651105535e-04 3.491085204891838088e-04 -1.134870959433754078e-03 -3.255205615837265028e-04 -4.419888576985661795e-04 -5.630202547661842909e-04 2.050436958394022337e-04 8.153414051573858569e-04 -4.030828510995678035e-04 8.352817654972529348e-04 6.299611066900337149e-04 -2.171405162516312586e-04 1.132693821663960252e-04 -7.150570374419414554e-05 7.927665555870405992e-05 6.922194576379357873e-04 -1.017007170390421501e-03 3.085235277230793200e-04 -4.352831721711683267e-05 -1.067207637777398523e-03 -9.985004635407056413e-04 9.369889695129599667e-04 6.883995314893249021e-04 1.229172521517893704e-03 6.946240869125520478e-04 -5.089743745122367975e-04 -8.285975390973640076e-04 -5.927788078645199454e-05 -4.139813855561746666e-04 4.922727579327606942e-04 3.302862386522339901e-04 4.995085720120274412e-04 -6.049680107959186284e-04 2.711918287494089418e-04 -5.028937042845699245e-04 1.342880743172131491e-04 6.886439422982580444e-04 -2.221199210145850518e-04 -2.925080962824550164e-04 3.646074593211264632e-04 -1.687345774306272400e-04 -3.784546966091195555e-05 -7.571628834020134591e-04 -1.730254702642757466e-05 6.523965416832231171e-05 -8.263520760143151008e-04 2.696963291785355998e-04 -9.508763279439826467e-04 1.679115021516086506e-04 -7.499027541221253050e-04 4.965217602019375174e-04 1.132207633081969535e-04 -3.509839456406001917e-04 -2.511777980007343509e-05 5.154082470683952252e-04 2.857846371687205360e-04 -1.855437381780593233e-04 -4.448898149821793602e-04 1.062894323985363269e-04 1.357659740388663674e-04 4.435233215784629437e-04 -8.874133381614232163e-04 7.955394472532731007e-04 -1.288437257473884414e-04 -2.985032621612436531e-04 -1.117103252015011982e-04 -1.688287781300033743e-04 -4.698206703168705031e-05 2.326629123396108036e-04 -1.806762284907875726e-04 7.788995319505307140e-04
-9.891392274044502608e-02 -1.699604320601072818e-02 -1.142813222222932579e-02 -1.252605138181589126e-02 -9.414276572830820172e-03 -5.583479236956438545e-03 -4.677915847953380626e-03 -3.459738436136865301e-03 -1.186640556930713660e-03 1.358036764909186520e-03 3.702438034518542274e-03 -5.739495064370120944e-05 -1.055936541049955647e-03 -9.213276976949734062e-04 9.157647938971579839e-04 -2.933807943178838064e-04 1.089237274028396823e-03 2.110340544441188793e-03 -6.778440394387077626e-04 -4.286251771587948871e-06 1.096170817606129545e-03 9.261281198002419045e-04 1.610359084937948069e-04 -8.969927298905639975e-04 -6.974252520820205118e-04 -2.482997627919630163e-03 1.868925479429718161e-03 -2.224989254690361057e-04 1.550398310619420300e-03 -5.067957939893453969e-04 -1.855401069350618576e-03 5.949335993138714732e-06 -2.281801561977086362e-03 -3.939919241261749462e-04 -6.710122406222658381e-04 6.789516038735815768e-04 -4.676124008130077376e-04 -2.127979890274525002e-03 -5.041045723682696525e-04 2.831755589379031076e-04 3.120925068451508303e-05 -1.557848167272957228e-04 4.520405611588746461e-04 -5.439063501233392089e-04 -1.208786773973973558e-03 -1.355865800003431274e-03 -3.183254752197615988e-04 -1.885878869060492419e-04 -1.050499366088679214e-03 4.863691522026836211e-04 -1.527132650322994242e-04 4.495132525975665248e-04 1.109423188310550753e-03 -1.297127096518386840e-04 -2.807825214273580337e-04 -1.451460405244779748e-04 -4.118737472488901981e-04 1.482398796181307358e-04 4.253185099861953597e-04 -2.657772368008430672e-04 -6.170221582997087928e-04 4.054017273414691749e-04 9.705638730981363486e-04 3.812213117398995614e-05 -4.712127605287914607e-04 6.255353515813794410e-04 -5.060607585893965024e-04 -4.317592031299959348e-04 1.953050730313801795e-04 4.886004296196479668e-04 -7.221000298196795369e-04 -1.831995744416845128e-05 -1.011056546136043484e-03 -6.326569394476525866e-04 -9.835609740822368226e-04 -3.107954056993615785e-04 -2.907073297028091828e-04 3.532604869182931094e-04 -6.640980424322053292e-04 -1.208892500057441024e-03 6.887484753842339170e-04 -1.755691966684100585e-04 -2.272648409899045855e-04 1.663530120806340712e-05 -4.313242311191355137e-04 -6.463654772263758034e-04 -2.789393502246741521e-04 -3.406032257691554103e-04 -1.190161158368365640e-03 1.535227748599784928e-03 8.374986392541624593e-05 1.868901516359220479e-04 -4.051245909296263912e-04 -3.022570184052982508e-05 -4.780749868293246809e-04 -3.973637842751136262e-04 -2.373636552701391855e-04 -7.050830754156516814e-05 -7.594847721751084085e-04 8.066219595171525685e-05
-1.950992265408673862e-02 -6.379582728652458644e-03 -2.946295285647205706e-02 -1.258932058772028670e-02 6.265604334806009444e-03 4.606857038772016640e-03 4.109724517048391444e-03 4.238869586709361793e-03 -5.418526687153914397e-03 -3.246692253265932339e-03 -3.051894813237786665e-04 -5.156820175572239583e-04 -3.191325315467421347e-03 1.441498519194328630e-03 -2.199876790971802294e-03 -4.318301678984334986e-03 2.022298733432902583e-03 3.162963605850976239e-04 2.997577890903589583e-03 1.123578233829460618e-04 -1.701272173248931244e-03 -7.078069822550505773e-04 -2.190383540929837338e-04 -9.140966845002015126e-04 2.158496968799518672e-03 3.372669673992937864e-03 -3.798775575587123865e-03 -7.154802023627070769e-05 -6.928212292623551257e-04 -1.535129751718456023e-03 1.337442092649887646e-03 -2.722040474821433914e-04 1.030864097984540229e-03 -1.733254664231389120e-03 -1.800697895408781926e-04 1.362853915994394725e-03 5.827079258518975523e-04 5.702967851563135303e-04 1.272588692293705496e-03 -2.817931564829236849e-03 2.342328963369561499e-03 1.347388296106819981e-03 7.267391508593255833e-04 -9.373266970934494965e-05 5.004681049056944217e-05 6.478166758194007190e-04 -1.854217132412020819e-03 1.343968057903650751e-04 5.009654033757866831e-04 -8.953570019562399115e-04 -1.145579465882782524e-03 -9.167062535614184859e-04 2.862747616515239047e-04 -1.539599417906714661e-03 2.229631870571086721e-03 -2.447603303778454233e-04 2.605143376088857733e-04 3.150075358183375765e-04 -4.953482537561049431e-04 1.095728232711238107e-03 6.028364872555377159e-04 4.298338443614056802e-04 -2.159859228130250018e-03 -8.350144974705743083e-04 -1.189210916014290468e-03 6.146084964035083541e-04 8.817874327394078712e-04 -5.689961442573602873e-04 1.418734797360729038e-04 3.030188449577336796e-03 5.428310681501931513e-05 -3.803114676892559599e-04 -1.118711510734604663e-03 -6.661049066064886033e-04 1.210944356036260626e-03 2.391707198302353132e-03 1.102295172272535961e-03 4.528883978510826768e-04 7.228398671271406761e-04 -3.183090847787597142e-04 2.486905877149143441e-03 -1.532472512318423796e-03 1.913038042333314306e-03 1.710915923293465906e-03 3.025890182091557808e-03 3.814848400995549940e-04 -6.650509800492074080e-04 2.373870213399151144e-04 1.463494811044946126e-03 7.904589095869634340e-04 1.639855300495538350e-03 -1.039969613224277960e-03 -2.952992759529504381e-05 6.799290030627453850e-04 3.742434991476646221e-04 1.115909354748057967e-03 7.413485132823652507e-04 -6.204890722146212201e-04 -1.802912176869213767e-03 -2.129188887366215404e-03
-2.231386758683680249e-02 -1.766042419314238152e-02 -1.325227945770129749e-02 -1.761201305131086456e-02 1.717054644443209710e-02 -1.294156001293304305e-03 3.875717370948928136e-03 -1.293293998348147905e-03 -4.751757145851922236e-03 -7.844013347356796045e-04 5.994838198875284893e-03 -1.610178298367302523e-03 -4.907424665501306481e-03 1.873052500592436043e-03 -9.397337594294430472e-04 -5.690253955297862667e-03 2.431369060556010358e-03 1.559828936143334375e-03 2.955384597188535738e-03 -4.944812561219134162e-05 -1.009015556720688255e-03 -1.211016836725206056e-04 -3.358544741174533188e-04 -7.277721593255309694e-04 2.362337325056182869e-03 2.199360530125796156e-03 -5.167401379783543441e-03 1.029849519846864556e-03 1.053610762336457162e-03 -1.788766663619760717e-03 5.914993657760444319e-04 4.224644871426637719e-04 -2.989623296404378386e-05 -1.775005126022121847e-03 -1.618603447022876757e-03 3.650752874177189567e-03 1.642829874018060347e-03 -5.058895466569353567e-04 1.454959621740207088e-03 -4.139297328585565122e-03 6.351853307244529484e-04 3.812957259297086472e-03 5.239979886964264916e-04 -1.930035977307960988e-03 -4.723865091434409358e-03 1.511875667570590802e-03 8.918100177895756271e-04 -1.795326100111609841e-04 -7.238956645802188802e-04 1.035554099882804013e-03 -4.175504414655057382e-06 2.872124506735473774e-04 1.830470520259874952e-03 1.114283762153189664e-04 2.519655792658237752e-04 -1.118085465751938535e-03 8.986121507474034058e-04 -1.950665106062958194e-03 -3.197509174524279865e-04 3.185570245342455101e-03 -2.335295334392236267e-04 2.901598850838802758e-04 3.805417995324329776e-05 1.317968881293481859e-03 9.705561181110234801e-04 8.528434181888481808e-04 4.904335145066949240e-04 3.878761146717584689e-04 4.216217250778692268e-04 -1.309044924342124419e-03 2.452151482631456599e-05 -1.159910678345674444e-03 9.795582557898495357e-04 6.718816958010610959e-05 -3.731925160791101656e-04 -1.156676789334163281e-03 -1.084516457089396277e-03 4.415127303226844323e-05 -5.174060754279073953e-04 -3.643471699036552724e-04 1.649923455334041439e-04 6.693640051229422013e-04 -7.023714032845495550e-04 4.214104546077874418e-04 -1.077521422549314670e-03 -3.542312714024391414e-04 -5.668758132515367473e-04 4.931429593963881962e-04 6.238399820893034912e-04 -4.407106810744700152e-04 -4.362804700077641982e-04 -1.117478383428803339e-03 -2.440738726182795342e-04 -2.794364063539402283e-04 -5.238937560950555905e-04 -3.322327081129744660e-04 8.099039528651762491e-05 -1.617332162193816712e-05 1.640571362183619261e-04 -1.942919918370312343e-04
-8.128919909156069601e-02 -9.715512922148020203e-03 -3.121962261824042309e-02 -2.589084997369954597e-03 -5.361479468548358690e-03 1.583503485619211851e-02 4.292807370631723275e-03 -3.582327610379494945e-03 2.512426878926321376e-03 -4.008999076958078868e-03 1.355470197974612558e-05 1.263532832802988616e-03 4.756346960426390057e-04 1.103467863635984895e-03 1.035979176652574753e-03 -1.660589936542172015e-03 1.360058362833877887e-03 1.935947749153705362e-04 1.118191137263723975e-03 5.912210568751915781e-04 3.221089121037894420e-05 -7.589875077939536169e-04 -2.446836288345331963e-03 8.728124308986435261e-04 1.870487377183168917e-03 6.763895995499768360e-04 -1.623875682797680910e-03 -3.678541511141988777e-04 -9.570381302350477971e-04 -5.875509612301449023e-04 -6.952004110600236235e-05 7.490575061360908509e-04 -3.788230186886737383e-04 -3.861908164921661556e-04 9.186944955954770477e-04 -7.264441267052162239e-04 7.854102830983988393e-04 -1.364468739657716343e-04 -4.475149953534385446e-04 7.630604445060479388e-04 6.020220821035340581e-04 -6.730146734844721750e-04 2.301256334777691793e-04 8.540900992554632809e-04 2.530360404378540146e-04 1.585560633271032582e-03 -6.435592877621120270e-04 -1.162095872930427276e-05 7.650860808765716612e-05 2.509371606975951095e-04 -6.340739934873738286e-04 -1.671667124578364659e-04 -5.241685938150621041e-04 -1.414382885205689834e-03 2.938527854598920922e-05 4.870765668935467230e-04 -1.468958092774719560e-05 6.189491845715414944e-05 -5.521466669887750787e-04 -1.829930215303192170e-03 -1.259525257026158752e-05 7.126560033338091014e-05 5.852908179528348333e-04 -7.319483872704502523e-04 -9.654720876345692943e-05 -6.900427143243739346e-04 -7.892632408960781592e-04 5.935245446778452576e-04 -3.890489076791249696e-04 -5.053539377026884443e-04 -1.373960770735984771e-04 2.135007031185612433e-04 8.877152937752145166e-04 -3.705300091753567276e-05 4.208544963675560726e-04 3.077527911952097754e-04 9.922969892615554188e-04 -1.733563477140499613e-04 4.295722850538823129e-05 -7.340012801971289216e-04 -7.275388223200838925e-04 1.282764691181812128e-03 -1.408018386336409617e-04 -2.739526014862318022e-04 -7.260845136544799485e-04 -4.812090922300407908e-04 7.232288789068421842e-04 1.693631259550708746e-04 2.622776169636714997e-04 -1.144495566997791178e-04 -1.899593825478984306e-04 7.054503578864491171e-05 5.418505191029150290e-04 2.472708761126274422e-04 5.071263543193720155e-04 1.083247379485883328e-03 6.790004080845017621e-05 -6.286531736542514195e-04 5.256854906069408345e-04 6.451019853980435740e-04
-1.030625677117111699e-01 -9.789355121561449727e-03 -2.389536418361469169e-02 -7.343638241876103770e-03 -1.030518002053590516e-02 1.163423088483380753e-02 -9.839729940197758373e-04 -4.663257732067850429e-03 4.246147763781621745e-03 -4.881328520524885230e-03 2.276734004815718880e-03 2.418343984335102458e-03 2.095406792856021466e-03 4.051824541769955164e-04 1.147416893829054886e-03 -1.073663815164183208e-03 1.240468270442217445e-03 -7.287625047616962939e-06 -1.257141368145339765e-03 -4.344709563086748870e-04 2.436670004628881635e-03 8.701185861162683867e-04 -1.030195725607398844e-03 4.818271911133309644e-05 1.734569613312763030e-03 -9.620158978929254138e-05 -1.228341472983646588e-03 4.015145392553672531e-04 -3.577815701319707093e-04 1.837581016725916086e-04 -2.981521903161403844e-04 7.842568561591807628e-04 -1.242860980741624993e-03 -1.559944197016897979e-03 7.191076544601154126e-04 -8.590450649683074391e-04 9.108038426149890274e-04 -5.123646304534903734e-04 6.039734796327667164e-04 1.757644995902035582e-03 -7.350365063508848334e-04 -8.145419136104108549e-04 2.792564488090676800e-04 1.859223229068569197e-04 1.386400915317188235e-04 9.899061400763368469e-04 1.849686944229847539e-04 -8.882862598571368519e-04 -1.249060499222544784e-03 -2.301769321967799865e-04 -4.539802692087960978e-05 8.148748662872826220e-04 3.439318101572349292e-04 7.942284646410545943e-05 9.161752217843999570e-04 4.838083332350471546e-04 -2.294274843062998545e-04 1.977249301970605247e-04 -9.756445994212643456e-05 -6.223701611753890270e-04 -9.928475920770976799e-04 -7.793674143663092979e-05 4.712037112794390556e-04 -1.534563977986502239e-04 -5.530676892253740071e-04 -6.233162477065468500e-04 -1.820858929005435582e-04 8.176288083262171985e-04 7.595841190803802648e-05 -1.165077373570481690e-04 -4.044817160443544982e-04 -8.085887338807333754e-06 -9.686184634835924090e-05 -3.065679199293282371e-05 -5.212104357839397826e-04 -3.185063816311782406e-04 -5.810118353470688449e-04 -6.376872272383378015e-04 2.286791655665547124e-04 -8.331292518847758935e-04 1.226798087168309923e-04 -2.095415558949263279e-04 -6.648300462411629603e-04 -8.685300131000611636e-05 -6.137672067717135551e-04 6.286331433926010395e-04 7.427152195522929243e-04 -3.052976534299657358e-04 -3.657553081853562467e-04 5.012800762781140316e-04 -1.071341236179633672e-04 3.133688941799881496e-04 -4.716312548962849852e-04 -6.719836549296950238e-04 -8.661785662039062973e-05 -3.970651183017001357e-04 -2.247414833062018444e-04 2.699512333591705198e-04 8.003198517384531698e-04 6.124064497245791823e-05
1.746089584879100265e-01 2.251950004269787781e-02 -1.884885204341238364e-03 -1.579712663832567301e-03 -4.669903127998529732e-03 1.031808054080301032e-02 3.225217074084816248e-03 -1.150557374360393174e-02 -7.915309940239747752e-03 1.521457035246335295e-03 -2.769659749003729535e-03 6.630473511865316201e-04 -1.761797566640794024e-03 2.590325159900685667e-03 1.569960313966823695e-03 -1.823934552091102744e-04 -1.906846455045540980e-03 1.428446115574221950e-03 -3.192366824890328653e-03 2.129586357746180488e-03 -7.581584924785725581e-04 2.501086813205562372e-03 1.093060125478351749e-03 -4.835585021834292070e-05 -6.143388144974503600e-04 4.427326058511636057e-04 -6.267507700130437256e-05 -1.093017382259547097e-03 -5.626151673490089244e-04 3.977522503297955983e-04 -1.374883855478516072e-03 -1.361016259207607467e-03 -1.303342095934956245e-03 1.401151992319919163e-03 -1.124761231442508578e-04 7.943201784848259294e-04 -1.151250918965412729e-04 -8.210250945254975305e-04 1.096956116225496951e-03 -9.183803901918303429e-04 -3.268294398637292594e-05 3.689450678998877783e-04 2.877781086770858665e-04 -5.006211993263035806e-05 1.039014934744147316e-03 -3.552234541311294542e-04 -1.300671290457264566e-04 1.349595643976296208e-03 -1.020138190946710561e-03 -8.325063950333164977e-04 1.309241196513752695e-04 1.048017415676435430e-04 -1.944954207767771507e-04 3.648818792005313399e-04 -9.953071254832255525e-04 1.104759956727810553e-03 1.178975256147603610e-04 -6.571285256028608097e-04 -2.452348526173260155e-04 2.786268576141451986e-04 8.431787603593072925e-04 1.762876660868265520e-04 -4.447320044827159395e-04 -1.024187929322383124e-03 -7.088510541723868795e-04 -1.257674910299551091e-03 1.101004094042286807e-03 9.028138997792056015e-04 1.671895208800807655e-03 3.648010115815782453e-04 -1.937209383607180348e-05 -3.633494457004483977e-04 7.415464457028158457e-04 -7.194173006471700829e-05 5.029438626959066404e-05 -5.288922020272433036e-06 3.770473348611785912e-04 2.814972367321920822e-04 6.041720640916193154e-04 -1.785301721386450672e-04 1.341174600915279495e-04 -1.842072127619548167e-04 6.766650805731934219e-04 2.898789832792227788e-04 -9.741144807129512072e-04 -5.688498941042898068e-04 3.520917560303003357e-04 -6.839264291558255250e-04 3.329767176776447617e-04 3.687172216969702575e-04 -9.824616384306228325e-04 -3.752513278011180122e-04 -2.342237123422196451e-04 -1.040699852083506473e-04 -3.176301782104184882e-04 2.327346042211183544e-04 -1.496597258475260302e-04 2.653409884925151947e-04 4.194447379607722337e-04 1.085826741824251626e-04
1.552513714942192480e-01 5.937941810066207438e-04 -1.308980357431114780e-02 6.837811253270386497e-03 -7.130314029015705213e-03 6.904423252900624731e-03 1.041963430049189579e-02 -3.266714201328342875e-03 -9.955840330182819109e-03 -4.605374409409283137e-03 -2.584589781611905390e-03 -2.388030125836087397e-03 -2.305667277552209907e-03 4.290076034927602783e-03 -4.681652265744796110e-05 1.355863863930095769e-03 -2.505116825563234468e-03 -1.122591226061610227e-03 -2.752686167430658162e-03 1.799292150626659011e-03 -9.785642188257174384e-04 3.294492360923354565e-04 2.679965729885284021e-03 -4.430629044424406267e-04 5.659592867990561464e-06 -1.182314061680102280e-03 1.351017036776665627e-03 1.218137500821423201e-04 6.602057621182903227e-04 5.869626266366499137e-04 -2.434313151255165959e-03 -1.108413786649311379e-03 -4.692743404764515504e-04 -2.010271653353516903e-04 3.563748276540326708e-05 6.032014101853297536e-04 5.869687328216545907e-04 -2.033496315881645148e-03 1.918360271888608663e-03 2.676772878553778385e-05 -1.809256726980216883e-03 2.627719352340619828e-04 -1.047828281269304286e-03 -1.288147131814613327e-04 3.403065081613410405e-04 -1.264124292397169778e-03 -5.711688001155404903e-04 -1.002637736699500031e-03 2.398180885376752789e-04 -2.131744076003286000e-04 5.936406989750422220e-04 -9.553657583296704461e-04 -1.309424118130617706e-03 6.742933078220590378e-04 -5.605293539179406759e-04 -4.926850098452385330e-04 -1.014517400144174892e-03 -5.002937683301544522e-04 1.207879719072313521e-04 2.865545800729379336e-04 7.671148123632386638e-05 2.157797992679840002e-04 -8.104593146709997880e-04 -2.881886626670116766e-05 5.623489430285638245e-04 5.367010223762980767e-04 6.836340988973981046e-04 -1.207685044503678745e-03 -7.009661521550803343e-04 1.485580128691755023e-04 2.376186599461708592e-04 -9.185596725860875990e-05 -6.157724193716119804e-04 -2.452078405695092326e-04 8.698605078091958126e-04 1.565709020051657906e-04 7.455591657543655503e-04 -8.437154062125569540e-04 5.915651718386522674e-05 -9.795418610074209647e-04 1.217261816553369923e-03 1.084460530348731926e-03 -2.272970647623700840e-04 4.902277486097290915e-04 6.889222338923331425e-04 1.212156137567972408e-04 1.207399640011156761e-03 5.341969482974885143e-04 1.048962451957104192e-03 3.311402537968544677e-04 -4.470239787376080009e-04 -4.166417780438057988e-04 -5.076698860585666679e-04 -3.843059155824706669e-04 -8.284475111888743842e-04 -1.113524346871156350e-04 -1.016906635919229097e-03 1.040085528286010912e-03 1.545045267886539005e-04 6.665532238949533174e-04
1.166792877742122703e-01 -2.939827204405533884e-02 -1.292196029140016064e-02 1.262787260235491253e-02 1.866745351167480678e-03 -8.070211805919410078e-03 8.835471664186219168e-03 2.019767752138791356e-03 -4.557204509772667250e-03 -5.357133413532948587e-04 2.864811301934051205e-03 -2.911058554605210503e-04 1.181419734615245980e-03 3.748963199305020092e-03 -1.960154334343002912e-04 6.671768977274630157e-04 1.081891658249380540e-03 -5.024650853151644463e-04 -2.124058929661576519e-04 -9.982511320585146439e-04 8.747916486049985203e-05 1.106071669998249509e-03 1.550013913983175427e-03 -8.542512504996491174e-04 2.366759530777877776e-03 -5.482571566372787964e-04 1.896980277642849834e-03 2.810697463874980984e-03 -3.508026940361667331e-05 1.827284197518320259e-03 2.194855459416289629e-03 -1.773135859677924236e-03 -1.238931679694101323e-03 -4.645423255748500914e-04 2.315515205051056841e-04 1.078941641012418854e-03 7.673006333029636214e-04 -8.042566953091081876e-04 -2.179521749056900944e-03 7.832735890670259726e-04 -8.350413809736601878e-04 -6.379765446691217133e-04 1.256555586385380268e-03 -3.188288852526391555e-04 8.248622016167565926e-04 -2.806573640581302336e-04 -1.342346236108605878e-03 -1.900683247744260453e-03 2.292926634167349095e-03 8.550492074886293379e-04 4.011820711933792444e-04 -9.995881959379273804e-04 9.360821195357845641e-05 1.411649809017259064e-03 -1.046567636177809634e-03 8.590422372134880755e-04 5.027575312068979655e-04 -7.585254563881228427e-04 -9.874140262451187519e-04 -2.852376265126564041e-04 -1.816669532368441788e-03 6.245158951503315377e-04 -2.339783647855809157e-03 5.051937472596299602e-04 -1.540331341305342747e-03 2.507859537636623892e-03 1.004130676759237622e-03 -1.107189000708359980e-03 -5.054729516896370236e-05 -9.136716384129237771e-04 7.582625069531283464e-04 2.249787758957827899e-04 -2.567562337716605236e-04 5.339517064306397451e-04 6.579926251550732548e-04 6.269567715760050383e-04 4.006275408456845067e-04 -2.498645867096927538e-03 2.110376930818230832e-03 -6.816600634497072420e-04 5.734433142545464489e-05 4.851489612155350344e-04 -7.001549346194312507e-04 8.791581902746566004e-04 -1.070498532535893227e-03 -5.379771130857421892e-04 1.112235169734772291e-03 8.549131713659201574e-04 -3.972703304000411713e-05 -4.673789671007144621e-04 -7.808966993899373477e-04 1.538547284897838244e-05 -2.595545853779043441e-03 -1.528799861556078606e-03 -1.121940163284962030e-03 -7.088391907504277764e-04 -1.699183088594375269e-03 2.280623572873732678e-03 -2.500394770856321017e-03 -9.250074481680911143e-05
1.596329958743520905e-01 1.898762284525627037e-02 7.888259835689521385e-04 -2.060540409741366298e-03 -3.046836891583639198e-03 9.797339867851487250e-03 7.450991312057684939e-03 -7.537360271275111642e-03 -9.307128534807815670e-03 1.514919167147071562e-03 -4.030254898977664486e-03 1.543534358983475593e-03 -9.204996481886289347e-04 2.366242389850523129e-03 1.695189983105604243e-03 8.901565710466608243e-04 -2.561312821527641972e-03 1.675710336284428215e-03 -4.060525630344362369e-03 1.439023092278685339e-03 -4.233816386896209569e-04 1.769444631940679915e-03 1.656247988245297459e-03 -8.746132285331140871e-04 -5.799309029681790550e-04 -8.433394529510894206e-04 4.793958580151175871e-04 -1.535477691885251718e-03 3.580276901810426540e-04 -5.225434804030478419e-04 -1.732827273597661389e-03 -1.509608558477711082e-03 -9.491553533493082839e-04 1.360378813036207564e-03 -2.459384910486090174e-04 6.330897177534570205e-04 7.228372496314981353e-05 -1.562452975608162164e-03 1.324601572396230361e-03 -4.399405011040607858e-05 -4.746212919386993381e-04 8.079203164461505908e-04 5.670888244104512442e-04 -4.676942690149100642e-04 7.615761536536005049e-04 -4.439762091874551245e-04 -3.528340599620357742e-04 1.722395999290836756e-03 -2.064630509058422610e-03 -9.826237556867444770e-04 7.229219586580156679e-04 -2.318303645460868475e-04 -6.206851446069749922e-04 1.291325358976354678e-04 -6.647465287806130678e-04 1.204646475582556381e-03 -2.168312005976928193e-04 -5.311194473618701317e-04 -5.233898796836133601e-04 2.482033073389102980e-04 1.173979582445000124e-03 1.704958447027203952e-04 -1.124972579133708128e-03 -1.386702955064715755e-03 -4.345173119021532348e-04 -1.454132578371992784e-03 7.979607425293113766e-04 1.427190896882077993e-03 1.830804363522276412e-03 1.374078512637716659e-04 2.194672037710825927e-05 -7.437926872256759529e-04 1.166241127610643342e-03 4.928077002909460541e-04 7.853628560314285289e-04 2.533028858524349737e-05 3.210749015068390375e-04 1.752887496407142020e-04 1.200657127251176766e-03 -1.957238837842359218e-04 6.342129783990918795e-04 -2.412134225614108527e-04 1.208749510522306352e-03 6.102232522144846643e-04 -1.000226577264478299e-03 2.184790256699433234e-04 8.604088301146973648e-04 -7.366251872458745966e-04 -2.115183264302821138e-04 3.256953319841595414e-04 -8.836646431710345941e-04 -3.867387440615328961e-04 1.163815686807400133e-04 -7.220091543911916904e-04 -4.879403470186862411e-05 -2.941139511576348941e-04 3.257795964533620687e-04 4.019835759909537345e-04 3.017452064685745695e-04 2.866150761698177873e-04
1.973580829923873015e-01 2.640179842709070371e-02 1.060901325587832421e-02 -1.262125479004037008e-02 -8.753844597043489509e-03 8.007505278059261211e-03 -3.060405158220455817e-03 -1.235492740178447020e-02 6.378598468727582869e-04 5.229766800488301788e-03 1.854455200022421665e-03 1.355160248677970579e-03 -1.417618029473989918e-03 1.136914133235820967e-03 2.329697745710379662e-03 -2.292704796231433714e-04 3.019054172740364946e-04 3.625412367523212550e-03 7.901702924633341549e-05 4.719983832058059032e-04 -2.270297220061143033e-03 2.344892011781221294e-03 -2.345524541514652003e-03 -7.373298491062143774e-04 -4.705397930011858917e-04 2.334704160592207447e-03 -2.024602424768399619e-03 -1.694889859862060448e-03 -2.706761338482864803e-04 1.663945958263946716e-03 1.804631588699889084e-03 -1.433176719819843252e-03 -3.202611997975691842e-04 1.792307110702836149e-03 -5.580091617137155014e-05 1.238758479260318403e-04 -2.316835808841405907e-04 1.619400203493784763e-03 -1.236987269089785116e-03 -5.918703634998170350e-04 7.082107599943858077e-04 -2.835052323270504239e-04 1.645963218830290547e-04 -5.695531857574071639e-04 2.553479547317197957e-04 9.120414646838798534e-04 2.880135509458376666e-04 -7.362404951529619114e-04 1.164444016771192664e-03 1.480017212682355752e-04 5.093315280392834337e-04 2.997857913836965882e-04 7.866715692373660827e-04 -2.978902334487194847e-04 5.673451992218321973e-04 -5.818393079857314383e-04 7.211572790902456452e-04 7.998216006137854163e-04 -8.462881914660523217e-05 -7.872934268331015228e-05 -9.477193414137458777e-04 -2.836002864095352031e-04 1.096144083529337405e-04 6.481579610916911576e-04 -9.237118856768339759e-04 1.098702111530846636e-03 -3.457421824298187668e-04 -3.032253770475315004e-04 -3.718268129341879705e-04 3.200806665322205148e-04 1.201888916399180196e-03 3.660454758760153609e-04 -8.407911672289944535e-05 3.962194130021563006e-04 2.606425543179314566e-04 5.780263022254113214e-05 -3.733676909590045762e-04 -3.525010248428475245e-04 -5.546045994170095087e-04 6.472264822384122748e-04 -1.189023988325644214e-04 -1.599940545450592448e-05 -6.043215168710834259e-05 -3.487186288727099604e-04 7.060050410005793428e-04 -5.020084233443152194e-05 -1.304040453471237140e-04 5.258847196128872724e-05 -7.689242861658785767e-04 1.444445022088889513e-04 6.211750704727031546e-04 2.469140020631841381e-04 -2.680252452448126537e-04 2.808744418805123998e-04 -1.181008410949068279e-04 -2.989060150927038209e-04 2.205443448626929624e-04 -1.477065782942071426e-04 1.305934460893510337e-04 8.518805701539305605e-05
1.099996909205837453e-01 1.624402869077026107e-02 -1.932557305723643995e-02 6.257946287316561509e-03 1.316998961330631199e-02 -7.713912754612904134e-03 -3.023980533342671573e-03 -3.219624393848731329e-03 -6.903416624637900324e-03 2.543479149328367779e-04 2.876817531415487832e-03 -3.461747739978934292e-03 -5.945934636872203516e-05 -2.971894497224686327e-04 -1.255920119268682817e-03 -4.607387755754670765e-03 4.966133695792998050e-04 -1.197667058409150262e-03 -7.090383057841059865e-04 -7.465762928873704435e-03 4.883151483068922175e-03 4.161958708850747304e-04 8.324947929928428608e-04 2.011007687561497848e-04 2.071449501003387594e-03 -1.002227033317762677e-03 3.755473714678417849e-04 6.164164656819008659e-04 2.559893527163493131e-03 3.193778765802837358e-03 9.318296956908417522e-04 -1.315994555174422728e-03 1.988624772538545322e-03 9.720663525357606206e-04 5.386029534483116263e-04 -3.656405902043476097e-04 -1.026607980250861268e-04 3.978775572458600909e-05 2.383941837795772959e-03 1.342340365393182100e-03 -6.801696798965492432e-05 9.700217286518960378e-04 -1.724745163504605222e-03 1.174501838752772635e-03 7.891450756920239046e-05 1.194970966963887493e-03 7.996663346497978738e-04 2.964499432565361457e-04 -2.227975674358588162e-03 8.643597535735071799e-04 -6.671289454285828742e-04 -5.290489497537626765e-04 2.123058619919169262e-04 -8.793635756132320768e-04 9.433067879983455953e-04 3.636903250343186426e-04 -9.159665412060875866e-04 -1.333588968233611043e-03 -6.321031148846065640e-04 1.329127526889197950e-04 7.183545661872349410e-04 1.402050900932159450e-04 -1.245645565011074688e-03 -1.184028962040304788e-03 5.188491363237414042e-04 1.444322649115090075e-03 -3.659994320197464102e-04 3.545828302188439095e-04 -3.466635298437379330e-04 -1.297437496418274623e-04 -3.382051249662456900e-04 -1.436628910449920169e-04 -7.259745946255767763e-05 -7.758799798678083556e-04 4.038362586519541036e-04 -2.025484312488119829e-04 8.591514453731312253e-04 -1.072975512289785129e-03 8.497180128206722159e-04 -6.431892900353236228e-05 4.749437660848977987e-04 7.581906864810117417e-04 4.899002867174810649e-04 3.230730287886655178e-04 -2.958664761816039569e-04 6.460200224473641424e-04 1.958745371296192269e-04 -3.920971990681368087e-04 3.747906769262274282e-04 -1.696142466738506430e-05 -4.435348388412557741e-04 3.213739692561872071e-04 -1.674935377993211935e-04 2.266019492766511219e-04 1.643241562138154368e-04 -5.675121143133011857e-05 -2.230316350726946817e-04 -3.988090231385995124e-04 -1.262836483458382360e-04 -2.265621252235401183e-04
1.866283120360608117e-01 -1.050301708971563414e-02 1.491747279708230227e-02 -5.479155909441786078e-03 -1.189309231466727929e-02 -6.075399644512899204e-03 4.777834862162671885e-03 4.799693538020913253e-03 9.430326608513690118e-03 -5.256545434377704433e-03 2.771088072431754281e-03 1.052696915818836666e-03 2.241991361641130706e-03 3.519739546813517236e-03 9.367697956673036929e-04 -6.171422581508913372e-05 3.419289951831249938e-03 9.038115894836935989e-05 -6.325135127489442356e-04 -8.451706682817549266e-04 -1.329663973224472825e-03 -4.789806906855806129e-04 -4.267224867547103753e-06 -1.139923044059043241e-03 -8.360464782827416565e-04 -1.870842043745838063e-03 -4.702163659838202070e-04 -5.056174807590153690e-04 8.257290801125687953e-04 -8.256622775973574378e-04 4.780777620275581709e-04 -9.164400552202257725e-04 7.571172147311336668e-04 4.163473632573206707e-04 9.824481999449879988e-04 3.053317193083134279e-04 -8.402044492273741524e-04 1.682247731311338739e-03 -9.705175759080042876e-04 -8.787850221691602621e-04 -2.576063953860362079e-04 1.007025420415350145e-04 7.229693478222335356e-04 1.193071777142512427e-03 2.649065882043790581e-04 5.038633857994684459e-04 -8.390012085488514999e-04 4.663338846481185221e-04 -6.308440040190951489e-04 -2.108079029224695967e-04 1.008024608829000612e-03 -1.298290421537344648e-03 -6.103428038036985605e-04 1.947148315889053142e-04 1.041153276397038460e-03 1.369384503060628059e-03 -5.683533422832444566e-04 -2.744373327328786184e-04 -1.085019786118306736e-03 2.539584676429527737e-04 6.812580631595221156e-04 6.504596500781902133e-04 4.564961051012771836e-05 -7.553336721431094401e-05 -1.417001382169128518e-04 9.230124434753300992e-04 5.971058021230340193e-04 -3.607331994902814617e-04 1.165306429667474546e-04 -2.280546251787209349e-04 -8.464448804347642812e-04 4.915425821958266817e-04 1.216449504077017873e-04 -2.070797388045220503e-04 4.176946107301946366e-04 -5.862344655026348501e-04 -7.525760419144243230e-04 1.292901123517005381e-03 -1.096978335130875930e-03 1.798325115763914871e-03 -2.429339447630512062e-03 1.685014676521081104e-04 4.585577105963128513e-05 -6.739796757779416411e-04 1.301076964715752564e-03 -4.934594483610270366e-04 -3.365980832151143970e-04 1.050294525915869024e-04 5.409821963574117402e-04 9.703972405046241501e-04 7.841393722445138539e-04 2.171821536823048194e-04 -4.757225672740215765e-04 -1.922884439592407535e-03 5.476978475839038712e-04 -1.065760735726884078e-06 7.293302716920764008e-05 8.900961767547663651e-04 4.541532448727909899e-04 1.853474764042074916e-04
1.420189154683438315e-01 -2.110188793365296890e-03 4.197887900063431744e-03 -1.428909429677103007e-02 -2.548483452227170141e-04 3.285968210843897251e-03 1.097584875036059643e-02 2.827509936758410610e-03 -5.761180870383520759e-03 1.717396638783374931e-04 7.119191441362634565e-04 2.588981105081024792e-03 -1.292991261558441397e-05 3.681108895319940792e-03 2.070673170262309114e-04 4.443656515976463959e-04 1.222045188601607584e-03 -3.860022194665004692e-05 -4.008832058747999021e-03 -1.774415338758344183e-03 -4.634190433155331563e-05 -3.336863502897704191e-04 1.197467066296180370e-03 -2.554698754819221228e-03 5.573700408333269116e-04 -3.081237974143659093e-03 -3.163201984555508552e-04 -1.791078211391463346e-03 1.579347885269898012e-03 -1.284251263382400450e-03 2.309077898851711632e-04 -1.560551190836867008e-03 2.011968558743984937e-03 3.650300744424262562e-04 3.715804492246391937e-04 -1.559268873775707977e-03 -1.300472418584352292e-03 -8.624552837376444454e-05 1.457525086222306084e-03 -9.369390663070792076e-04 -1.773895101522140897e-03 1.366509351172296230e-04 2.149022698749354383e-03 -5.441476294847991720e-04 1.166900583046676489e-03 -3.120791217719951210e-05 -1.500499200438888659e-04 1.980671398297190623e-03 -1.404147182789575480e-03 8.447318482794230910e-04 1.097017064978186504e-03 -6.326423362264799177e-04 1.380809662936258772e-04 -1.269736078714104395e-04 1.530069639500015012e-03 -1.618456961209143201e-03 -1.314766826730788627e-03 -8.539153148308911874e-04 6.809086295877060050e-04 -5.465049561850542689e-04 -2.330876729798821590e-03 1.463822254650808509e-03 -7.750266966913880139e-04 -1.326027977290885826e-03 -3.017985522647518193e-04 1.368611929847998558e-03 2.029684387469542911e-03 1.186042176595839730e-03 -1.009406727748098347e-03 -9.422267500628484210e-04 1.189917129214101412e-03 -1.501955468767063708e-03 1.230041862721457501e-03 -5.881018001887061480e-04 -8.445171627741929199e-04 -2.818547549286085606e-04 1.462869149709901916e-03 -1.893607667226084338e-03 -7.573918091333467495e-04 -1.988976519218837216e-05 2.743536582465525009e-03 8.591732560355554637e-04 4.319253131749984081e-04 7.595105553956529951e-04 2.760920077092605019e-04 3.069709838212118964e-03 1.587700025394214775e-03 2.465419039471254009e-04 -3.313878829901449347e-03 -4.191849548213530223e-04 -3.030222440929371199e-04 -6.344221421698753105e-04 -2.122199267374136789e-04 1.674425637333948422e-03 6.836882886306735107e-04 -7.751216428226406384e-04 1.004618439520527052e-03 -9.442566323511941738e-04 6.424369536207015291e-04 1.344566062400168313e-03
1.786616689955167481e-01 1.776153205210219757e-02 -5.479850888592296618e-03 8.197034842019869372e-03 -1.618692925199272103e-02 5.066622594758155712e-03 -3.145231470211751982e-03 -3.578696273577369226e-03 -6.690313964703786288e-03 -3.596750311600731883e-03 -4.050376056212824172e-04 -4.024512015768274761e-03 -3.065439516408556206e-03 5.525775593481204416e-03 2.054350835787605283e-03 4.799841616790865998e-04 -1.923299560408346306e-03 -3.144354145785622102e-03 -1.245445550771179938e-03 2.131939627552168013e-03 -3.410049749974615029e-03 1.812334171343045193e-04 -2.418962864843631855e-04 1.847036887279188523e-03 4.281352550117456946e-05 2.259339183336899013e-03 -8.674466035813165618e-04 -1.297176155502834048e-05 1.375235087582680300e-03 1.073141268123123859e-03 -2.052777039161106636e-03 1.962381965138325617e-03 1.183183381166725548e-03 -3.795336864565323370e-04 -5.663531088965450373e-05 8.853774124329531498e-04 -5.209001942449413428e-04 -6.080888176829771100e-04 1.171619138844541596e-03 -5.382781664965170928e-04 -1.521486283890511422e-03 -2.196160896387121600e-03 -1.223361850866549376e-03 7.154069315874707130e-05 -2.361122480242648210e-05 -2.327407336632270323e-03 -2.821319550583780041e-04 -6.233610500846743742e-04 1.058322221168051681e-06 -2.463364135179350574e-04 -8.210012315541597664e-04 3.279319815176157745e-04 -1.101447816537034683e-04 -3.842404131868276825e-04 2.875970494238057102e-04 -8.591847981644499307e-04 -2.333603270401979845e-04 -9.589842346552105920e-04 2.915568537253655735e-04 -2.090671394476972410e-04 9.814058787244162290e-04 7.890708932905421283e-04 8.995318383633720688e-04 -4.307226714129199722e-04 -6.511425014683298949e-05 -1.436495984075148932e-03 -1.707892067888081575e-04 1.359137824002538797e-05 4.930705184470121757e-04 2.434806851420180098e-04 -7.485051891513577749e-04 6.430563110357945906e-05 5.830445274593404293e-04 1.446459366625070726e-04 -1.137576538829747266e-03 9.292162610451991443e-05 2.432769977243745606e-04 4.005008510033548387e-04 1.559464605042190817e-04 -7.166143461314261132e-04 7.041189534783095139e-05 -7.091637502695691958e-04 6.192240530410242155e-05 -4.207829178339914512e-04 7.561390514464467040e-05 -7.007038081021715534e-04 -2.520697810501014414e-04 -8.440442476644178756e-05 1.029616306951219992e-03 -6.900172236030660934e-04 -1.109901012555046572e-03 -3.925393472911591726e-04 -1.011062185296297041e-03 9.734202828557328826e-04 -5.597426363294785929e-04 4.229895433492813378e-04 -7.189189899124284267e-04 5.117617852364966021e-04 1.013963537910644516e-03 2.041727323724391386e-04
1.991128526131211995e-01 1.188282486377564146e-02 3.693742599436834664e-03 2.966797098824604934e-03 -2.009201501397698056e-02 -6.510589372962434160e-03 -7.266666751569174701e-03 1.928729402110951157e-04 3.933206899322912002e-03 -5.277788521896464684e-03 4.165502545942975469e-03 -3.599333927857196157e-03 -9.273697467881331135e-04 4.037760485008961425e-03 3.149583321796606359e-03 -1.180542831744495896e-03 2.375360072901473892e-03 -1.818580985896253071e-03 1.646462587253032239e-03 2.714141345830484143e-04 -2.542550224949246054e-03 -1.463331737676899823e-03 -1.883219302575261283e-03 1.556599174062622045e-03 -6.090884861852476941e-04 3.295930985731806376e-03 -1.830232702560336076e-03 3.969646726067906604e-04 1.707176929198757570e-03 -1.532237713001199572e-04 4.665631259545722641e-04 2.468244539701061700e-03 2.698193050832071831e-03 -2.108057601047612221e-04 7.373319232645921982e-04 2.363285772649060471e-04 -8.736572304197275833e-04 3.861080526044135142e-03 -1.102045827216381830e-03 -8.039841500890032838e-04 -1.060864439448391209e-03 -2.150062802398246698e-03 1.122664243582781329e-03 9.337579359213766519e-04 -5.257024899326322945e-04 -1.548161808592450530e-03 -1.719021258246863991e-04 -2.043105469136540138e-04 7.147094424530102148e-04 -4.663865823173879161e-05 -5.696850149066153213e-05 2.288816216879485665e-03 1.766081023300189977e-03 1.484717885240861715e-03 1.545009883328470448e-03 9.262082026604794146e-04 -3.557717603889906568e-04 -6.379972559254708762e-04 -5.423809751299137408e-04 3.567753881312613279e-04 1.535546728956549249e-03 1.773635492776264424e-03 2.388732712668865076e-03 8.713019373902421410e-05 6.313075430092869545e-04 2.006165794010282457e-04 -8.109601239206442550e-04 -7.097403835569659103e-05 1.484475067504155389e-04 -9.257560473093454784e-04 -1.864661234235889462e-03 1.608667992859629621e-03 -1.496967675644176113e-03 -1.441014996080107078e-03 1.261257143812134893e-04 1.915381589697874153e-03 -3.973345141312626023e-05 1.503320983956688743e-03 8.166333897898061037e-04 2.740746222782823940e-03 -1.925069729645444063e-03 -2.401846909570383939e-05 6.305795616797953747e-04 1.636451826913990599e-04 -1.592625066654726300e-03 1.838736078102048803e-03 4.893433844690480089e-04 -9.994891029769729755e-04 -3.700966592603451423e-04 9.611159920581413812e-04 8.959093136322121781e-04 -1.983002851156320540e-04 2.768001390614603999e-03 -2.378208549241384289e-03 2.819487921592995464e-04 4.977363169314389171e-04 1.370737480322760642e-03 3.501155593674043021e-04 -2.686455219155948083e-03 3.213386280438079918e-04
1.435203108538141981e-01 1.677071987469559017e-02 -2.696613831668846252e-03 1.103122904429356364e-02 -1.314075209047249962e-02 -8.927373728218526011e-04 -2.593158973832734426e-03 4.779324016453994142e-03 -1.002113992960047655e-02 -2.798267404911342852e-03 5.667187498214832416e-04 -1.944025957557504042e-03 -7.283206007688849092e-04 4.893515389234766137e-03 1.072375141073485987e-03 9.091419016589703892e-04 -8.989003854538355192e-04 -3.999469891324171009e-03 -9.462751439099648934e-04 -6.632152360253057303e-04 -1.691386715747581447e-03 -1.338414008601228030e-03 1.515628739709637277e-03 1.933434691510794740e-03 -8.392417509243923395e-04 7.122480901879212198e-04 -1.958120282866623180e-03 5.533005977421920655e-04 3.390334711765690279e-03 1.541651749958459648e-04 -1.538312315320978271e-04 2.048396605642569153e-03 2.831099076699526620e-03 -1.932342012039346820e-03 -1.060687286729710983e-03 -8.066199521242374808e-04 -9.380722529167054077e-06 -6.290433977736666809e-04 -2.503395336434355908e-03 2.036850670015459552e-03 -1.538752847740482632e-03 -3.437351081724500813e-03 1.280008519206122554e-03 -1.710155715507223010e-03 1.729215917094251436e-04 1.489795990347400146e-03 -4.950399069367373412e-05 1.583707291790789834e-03 -2.024953601894218403e-03 1.053940584290266299e-03 -1.716251286819467283e-03 4.988174711431778889e-04 1.081844405446468166e-04 -9.271294475954849337e-04 1.560228875148470494e-03 -2.308428657397014819e-04 -1.433750945840239158e-03 -7.459569057513276572e-04 7.874196391373301145e-04 2.121170450729274130e-03 4.736216614138234748e-04 -8.799573495365275479e-04 1.216362106458881553e-03 -8.505233019674548946e-04 9.694650510055959894e-04 -2.595920643618382807e-03 -5.185234750263235156e-04 -8.573085568527193025e-04 -3.269305670100314991e-04 -1.676918968724219012e-04 1.585361072237581668e-04 1.078686519891133323e-03 1.401171132480204641e-03 1.375503042044223280e-03 -1.951304118301830576e-04 -4.338733905313300237e-04 -2.547319840738888376e-03 1.696838480476897410e-03 5.252750192172258616e-04 -7.811995948153410783e-04 8.974616020551721063e-04 -1.517683551589223058e-04 -1.799384071755734068e-04 -5.779687773183687363e-04 1.879257360103511092e-04 1.909971832247887901e-04 -5.663736033132285921e-04 -7.902393385314441772e-04 5.903610945699740251e-05 1.839598040925645103e-04 -1.194337695823553249e-03 3.122412945761917215e-04 -8.180253939192057419e-04 3.794942689373678952e-04 -2.259681427713978693e-05 -3.100378525404522286e-04 6.219607033096282702e-04 -2.037550422325369831e-04 -1.101166507093066967e-03 -3.706101377152372757e-04
1.902308360085092076e-01 1.901462574631061775e-02 8.200222588604337212e-03 -4.275839262701448297e-03 -1.247399870295783086e-02 3.930970690725605829e-03 -3.491579551204008515e-04 -8.453530921450153057e-03 -1.748494209085250592e-03 6.974587225060844501e-04 1.173902160493402310e-03 -8.206068739521169301e-04 -1.428020237475958283e-03 2.909647003198628009e-03 2.908556674046086817e-03 6.407050381544486615e-04 -1.040804464169627205e-03 2.227363865841652281e-03 -1.464889642847435692e-03 9.421250635759786116e-04 -2.812823222088298158e-03 7.168090329654438521e-04 -7.892032931322240461e-04 -2.684592390624211439e-04 -7.368758845158339572e-04 1.927386199994803387e-03 -2.001924044293417870e-03 -1.286645085225408217e-03 1.047950433797262401e-03 8.244628992138049606e-04 -2.422210927450954684e-04 1.583659325549337458e-05 9.864440875739987832e-04 7.058323732053100675e-04 1.625751477522767368e-05 3.623568055026100726e-04 2.644975801428947685e-05 1.123648805887413754e-03 -1.537695595603176481e-04 4.696047578959732329e-04 -6.199674231492121983e-04 -5.555030688147135276e-04 -4.780941755300276673e-04 3.644179558540958162e-04 -4.878312630221241395e-04 -6.952911432515416048e-04 -4.641209961696006882e-04 -4.270611549533873163e-04 -4.232073369769656342e-04 -3.188678547782213164e-04 3.432696286267075420e-04 5.444539929686072676e-04 1.332487206031223207e-04 -1.029216436693604787e-03 7.571021506218780913e-04 -4.602523970611620773e-04 4.211174879882934236e-04 5.921015919909221320e-05 3.103899614444124067e-06 -1.946949899179804897e-04 2.666274366775081930e-04 2.647642476123789122e-04 2.101444129185717571e-04 -2.284704075746464634e-04 -3.160625989773116896e-04 2.938237628100125523e-04 -4.910584800562236684e-04 7.521847161511972975e-04 1.192138384781287700e-03 8.508816367472645621e-04 3.479116256670881902e-04 -3.176405298111305698e-04 1.407984880213066371e-04 6.365096001193081433e-04 5.394154084256202672e-04 -9.226311569060889617e-04 5.118143923344457330e-06 7.259846560770774788e-04 3.993568265358073697e-04 5.930424199142527884e-04 1.024514674458087710e-04 -4.339410663783010470e-04 2.950131620613312696e-05 1.879491015933378267e-04 9.427669848980296070e-06 -5.586964068882923923e-04 -4.363740793369258702e-04 3.632276985664011602e-04 -7.004584763138154780e-04 -4.043615740368237173e-04 -1.290396437134265929e-04 3.875723960372520738e-04 -3.783388343409190349e-04 -5.640730771917140988e-05 5.013283752803044399e-04 -3.095420434513368197e-04 -5.526673829752115744e-05 -8.967427233231113008e-05 1.907724334124416196e-04 -5.217022821127980476e-04
1.100608944114832566e-01 -3.202458787255149653e-02 7.241360364035447257e-03 1.890184700997095705e-03 8.644775720205799888e-03 -1.754931558007188919e-02 1.616756391800897941e-03 7.373440519613066318e-03 1.652318555470596662e-03 4.027004940450901876e-03 6.022554925078246919e-03 1.653381107620248425e-03 1.926290267511324280e-03 2.604166934426927534e-03 -2.758914339592235415e-04 -1.234859069979940072e-03 1.721484748067047882e-03 -1.641654125620718675e-03 -4.138705519557282081e-03 -1.638800582584451970e-03 4.246942196728216911e-04 1.516772345758526843e-03 3.124893144285572429e-04 -2.850413797490549284e-03 2.072453386447801853e-03 5.880064090465109312e-04 -8.214350031685891144e-04 6.447311406538819376e-04 -7.030535845472704300e-04 1.935999584841541611e-03 2.113827717558596723e-03 -1.040255121281275950e-03 1.385904806629102031e-04 -6.735612418168737464e-04 -2.305295169324961724e-04 -3.303225610198408531e-04 -5.586973234428814809e-06 -8.777342603009059612e-04 -2.204340376904341450e-03 1.093027548447310241e-03 2.363168795475282396e-04 -1.558565048331341137e-03 2.424343866181472278e-03 5.596727798578414893e-04 1.485983499517326556e-03 -5.418094952978889413e-04 8.167185732723494275e-04 -7.149627075702629907e-04 6.489929875773232872e-05 1.239043462459983504e-03 -8.766409353318754642e-04 1.926795110798377553e-04 -1.116353339413589949e-03 -1.291558189046285729e-03 -8.817179986825770263e-04 2.251331509303731212e-03 7.210896070914616903e-04 2.183221145917739914e-04 -1.853230842617485750e-03 -3.096759495979333593e-04 -1.106316509177591566e-03 9.298705465354268999e-04 4.023798288842266274e-04 1.147841767199232451e-03 -1.945371595588405193e-03 -2.987704575220664167e-04 1.346864130769426021e-03 -8.095325558234471239e-04 5.020401987718573020e-04 -9.689540112848944124e-04 6.041838519969086781e-04 -4.413337110697967101e-04 8.761435751794846788e-04 -1.010583909822599622e-04 -5.240240054217956038e-04 -1.362120685510504348e-03 -1.903060837104052347e-03 -2.200324763940770482e-03 2.016917438652252557e-03 2.759831755080722039e-04 2.488306433103545240e-03 -5.679209316703200724e-04 -8.636350388759861645e-04 1.208404270953585035e-03 -2.887962012981201178e-03 6.512801791179018921e-04 6.591093395085310513e-04 2.445286684314028694e-03 1.208387739222667890e-03 3.113943878241319063e-04 -2.986577343412253845e-04 2.399774052918227443e-03 1.756960376034602555e-04 1.359321884552779037e-03 8.454645796595608919e-04 1.219975074406887648e-03 2.513804721423980358e-04 -1.289517254279521708e-03 -1.587817459376115537e-03 -2.247326107318631857e-03
-8.943551382488736101e-03 -3.338150425737987370e-02 -3.287027995269639624e-02 2.095475162213264464e-02 -5.006901083359359579e-03 2.728151729790192527e-03 -2.499208021088711665e-03 2.974445471806295028e-03 -1.389495945682592271e-03 3.639896227155535804e-03 3.376670983666871934e-03 6.604288653240653452e-04 -1.090708700929949411e-03 2.995099024303925607e-04 -1.974085101652986365e-03 2.669843470739288131e-03 2.072423226106543531e-03 2.134489803913055747e-03 3.516836563753099939e-03 -6.818413060988919266e-05 5.270207418294269941e-04 -1.685213500598684759e-03 -9.795622543366350968e-04 1.108783828436312076e-03 -6.681077594170530378e-04 1.064462171156993486e-03 5.724285468287571227e-04 -1.703886234441393975e-03 -4.967617572640793200e-04 -6.761350450594920706e-04 1.490115848578477857e-03 -1.992460860708596560e-03 -8.892853049944576078e-04 8.892192022031489848e-04 -9.039745706884493937e-04 -1.864530927761354597e-03 -3.006045611905856871e-03 3.045042656876946474e-03 -6.180714287424603562e-04 -2.194286279927854053e-03 1.749649415040027559e-03 4.832322758533574066e-04 -1.931629692580503392e-03 -1.384717938262464620e-03 6.155207391115681071e-04 -1.738709495799065389e-03 -5.019179966557828047e-04 6.325417344528929536e-04 7.978903806632274944e-04 -1.686976419600595993e-03 -2.790556640080688294e-05 -2.930785333738891111e-03 1.248861960505167137e-03 1.720741019835944326e-03 -3.823854563988667303e-04 -1.665705519985599681e-03 9.458842015129261633e-04 2.218873817199912887e-03 -1.897508124740593621e-04 3.012679720671627395e-04 1.282923133461764693e-03 3.135209481229445962e-03 -1.064700859362861058e-03 -2.024709692631044937e-03 1.246434816538052924e-03 1.267098157706803051e-04 1.069233023472352913e-03 -1.415436533064833328e-03 -1.138835370620038933e-03 8.446559776949768812e-04 1.066487957274694053e-03 -1.856036345524737655e-03 -2.339681493878744464e-03 -1.162790696799099240e-03 -9.097622147032548984e-04 -9.510941249130324847e-04 -4.064449533512299369e-04 1.224769199633372451e-03 1.831862077982997737e-03 -1.446740748993159990e-03 -6.037076369165616857e-04 3.708439534195581331e-04 2.291663114633454181e-05 5.250220121312161592e-04 -1.985196522204688181e-03 4.950644799633775565e-04 7.649089197761626115e-05 -1.350913318961684132e-03 4.767165818979249943e-04 -9.231580493661193602e-04 3.365506762771785392e-04 -1.563778980964354711e-03 -8.311805497311627660e-04 -8.708473532192462837e-04 1.842909076456654372e-03 1.346959414431985478e-03 4.349260239858803150e-04 1.250513174824754254e-03 3.149841200221238039e-03 -6.033941727911438504e-04
4.574650549811046241e-02 -9.450402956391820448e-04 -3.472590445457854336e-02 3.394729310639733183e-02 -8.514493414676525471e-04 -5.016213165606510545e-03 -8.028447464005534703e-03 9.181436326165508949e-03 -2.506743326561264654e-03 2.828598038031315386e-03 2.818540889504372524e-03 -3.760808566349083115e-03 -4.591114205715023772e-04 8.637983127142253225e-04 -2.766895314022252764e-03 2.233919963556838494e-03 2.529968338137141178e-03 -1.394009699545610548e-03 1.133994762043340253e-03 -1.678745768954167201e-03 1.769215938912860418e-03 7.127275006142232746e-04 1.034836924557413834e-03 2.272246531048102529e-03 -1.760929850629248516e-03 -3.476982136453514276e-04 -5.090354240012038515e-04 5.428221808207306636e-04 -2.302188540299738261e-03 -7.617700180188325667e-04 1.049307253003443257e-03 -2.808162125469592079e-03 -1.359467941731083793e-03 8.686382431725982959e-04 -2.340987981120163080e-03 4.501990442345398631e-05 -4.277101956059798011e-04 2.640902291818026867e-03 5.198178357882434104e-04 -1.504701000630836961e-03 1.229449086148388416e-03 -4.953274183325389072e-04 -2.052754587738758220e-03 1.344020359682401508e-04 -3.262479700697233295e-04 -7.435318374529699739e-05 1.077105116153018513e-04 -4.705166439746977648e-04 1.416716629802334789e-03 -2.403585894574042196e-03 -8.426980854643483952e-04 -3.000084647288867121e-03 2.664645379697049184e-03 -7.367714108050196645e-04 2.302719280733603411e-04 6.628941540197631158e-04 1.284204119356429198e-03 9.448073772378123673e-04 6.193527937605366714e-04 -2.431876343769305852e-04 1.554811789768165327e-04 -1.769441846068573127e-03 -3.570431308454748934e-04 -5.397163562209763486e-05 -5.258044345786959959e-04 9.809480284548377841e-05 1.021464161034637153e-03 2.074837616010547208e-03 4.325886961374495100e-05 -1.792713592388189099e-03 3.294677927688207590e-04 -1.529796609292883658e-03 -2.904901325676605139e-03 3.130057116564574290e-03 9.622253641131568724e-04 1.056681305589651527e-03 -3.700184321150693737e-04 9.994256056139636749e-04 -1.339526992354626378e-03 -8.737783876851521782e-04 6.191066843916285655e-04 4.276593697102230949e-04 -2.560461605081389602e-04 1.266201431530578850e-03 2.911016102417492667e-04 5.732484436359674236e-04 -1.216608990049063501e-04 1.398910078955725375e-03 -2.338527171561569171e-03 -9.300522374295670065e-04 -1.232238989795673241e-03 1.671743491550483100e-03 1.744405247567459242e-03 -1.882779726333514824e-03 -1.593080126180091522e-03 -2.157152977733731505e-03 1.080832238729607800e-03 -2.101749162152484018e-05 -4.996471819242499519e-04 -2.687628794171709201e-05
9.808689049709716501e-02 1.020137103437305029e-02 -2.977020050801531051e-02 3.312072655609807348e-02 1.459270482534228211e-03 -3.951243580231622414e-03 -1.101118503092212396e-02 6.964971157364792560e-03 -5.154319896957412946e-03 -2.865171511816891510e-03 -7.953158503284566251e-04 -3.255701390329932172e-03 -5.040201463886195311e-04 1.296523212344934551e-03 -1.411694634760970091e-04 7.042180103873283119e-04 3.917650857513629609e-04 -3.662771074896098867e-03 1.227382510762303931e-03 -1.065714706067088851e-03 2.332231929984151467e-03 1.195862355532660397e-03 4.697705716544932158e-04 3.365466298867313827e-03 4.556344791486599392e-04 -6.506908058988142545e-04 1.539009052033756680e-03 2.592557214710082287e-03 -1.809880209027488716e-03 -1.349406944990799414e-03 1.294019657698538899e-04 -5.155705583622893729e-04 -2.522335952360850453e-03 1.329859766757274773e-04 -2.048599573843986558e-03 -1.596715618535238506e-03 6.567974499620411039e-05 -6.952505194332966269e-04 1.551067973619327462e-03 -2.851082184140537462e-03 1.560407183102161888e-03 -4.565366820118414866e-04 -1.504410903267219130e-03 7.453170141428048807e-04 2.445191026917584252e-03 1.587197735473391000e-03 4.075435649642362664e-04 -6.520541927201826959e-04 2.924194192499635341e-03 -5.579024788068449609e-04 8.531621282395904568e-06 -6.858161659395416295e-04 2.032407630857831649e-03 3.304678554308893511e-04 -5.169989343807868945e-04 -4.054091588258264809e-04 8.833327440920794209e-04 2.012695647961074228e-03 9.927568257289891111e-04 -2.075014039645554212e-05 -1.041078854678630572e-03 -1.309889819030169485e-03 -1.868996013914067536e-04 -1.960694441336679355e-05 -2.069872539240583554e-03 -1.972461951370370781e-04 8.370694663548754167e-05 1.657624308107573212e-03 8.986352830073902594e-04 -2.042458909079329372e-04 -7.299544274638063200e-04 -7.021578963837012263e-04 1.069412338726842202e-03 2.088694195925896915e-03 1.251413743736107796e-04 -7.127434296261262359e-05 -1.654896972963851081e-03 -1.073109072385878448e-04 -1.414293694448918136e-03 -4.405819345124463784e-05 -3.399572709755092816e-04 -2.339517640959091083e-03 2.085428598987030830e-03 1.157538568833266110e-04 2.236739411195403423e-04 -1.534859679756137409e-03 1.363241729862243838e-03 -1.099056679280517471e-04 -7.852669558657518522e-04 -1.382901167220732235e-03 7.114226204181239594e-04 -2.038212931881407835e-04 3.734283751194789123e-04 -4.723125621606031840e-04 -1.265453791178228335e-03 -1.725867910846189341e-03 8.447358478382505564e-04 -1.218121866938867443e-03 1.069005007404556177e-03 1.709350893132437904e-03
1.345070365909296628e-01 -5.786518401509968546e-03 -7.050653658820356384e-03 1.616918841107898436e-02 1.033873581100315520e-02 -1.878001226886947747e-02 -3.453438973109399998e-03 -2.232871192744069391e-03 6.638245377857751464e-04 -3.284488337251404225e-03 3.768994022397150877e-03 -1.724110401251042210e-03 5.523618830308209444e-03 -1.336688412812348480e-03 2.308026368441731899e-03 -1.552333353970930616e-03 -1.976778048537279012e-03 1.037022288292265351e-03 -1.672981868912227089e-04 -1.797799415106675477e-03 3.028195197677329385e-03 -4.262536404538459084e-04 2.119643396351880889e-04 -1.018819502172678892e-03 1.876595228485089572e-03 3.815105827267030437e-04 5.577887832050721197e-04 6.021114906548146383e-04 -3.849362886944205850e-04 5.078354774103527791e-04 1.285107157118428036e-03 -8.336888342698494563e-04 -5.012360908006453872e-04 9.819348311461014410e-04 7.334650409183790217e-04 -8.159513053696018734e-04 1.570809540114890364e-03 3.533556443327101599e-05 -1.010091804622116022e-04 8.406255648518533427e-04 1.053778277575840574e-03 -8.538578975943838774e-04 9.237566224796282506e-04 -1.080199430986725478e-03 -3.290019829334444256e-04 1.916740346640982522e-03 -6.749424482197969883e-04 -1.322732797682352104e-03 -2.146996164345290822e-03 -4.368579944210389168e-04 -1.912850787491927797e-03 -8.273340288424944639e-04 3.826514149615381326e-04 -6.295914657541437859e-04 8.388654378105362232e-05 1.532264107321941460e-04 7.116740743181846664e-04 -1.302755299803363400e-03 -2.136139455596381049e-04 -1.409078216366713848e-03 -1.266113158397569284e-03 4.510219690835180935e-04 -5.996172815564029639e-04 1.529487284813465945e-03 7.634311084595075589e-05 3.122324603979192937e-04 4.020889521634996196e-04 -1.345049190206470166e-04 -3.527119150139070014e-04 3.973261141765269946e-04 -1.590755152792029149e-03 1.822591142567598873e-05 6.368480406831773929e-04 2.306907832763167420e-03 -2.004780459126140595e-03 3.234982519877848848e-05 -3.666996237230157342e-04 8.810054802111844281e-04 5.453190378609996556e-04 2.125801306727008021e-03 1.541727831714430081e-03 5.684353246728648208e-04 2.492818588823896486e-04 -3.313830773286840191e-04 9.535383997824732432e-05 4.496983594679588813e-06 2.116972614722781310e-03 2.174758963736364743e-03 -1.879662090393186035e-03 -1.130105564340180661e-03 9.437065732434018507e-04 -1.063825743680358194e-03 -1.604926049594208631e-04 -2.035049900903793607e-04 6.802158506757490994e-04 2.932147480130993956e-03 -1.814543132149214590e-03 -4.140013081415377672e-05 -6.809739513167493074e-04 -1.003916357962586752e-03
-9.593171101636757681e-02 -3.023486483841600694e-02 -1.736917390356131422e-02 -5.218196446809777143e-03 -3.606982973356262240e-03 5.094201687753026862e-03 -8.083106303475622728e-03 -8.973972412734908949e-03 3.887976175636494516e-03 -1.436221940757475939e-03 3.771613806941893996e-03 7.955897402339078906e-04 -1.678704646377564584e-03 -3.375692277655249936e-04 6.234525409678123549e-04 -9.036132032142025691e-04 -1.012393001232915187e-04 2.665745374735316742e-03 -7.515186352912139054e-04 2.011910432301201727e-04 8.855765560904329311e-04 -5.651319407317075601e-04 -3.079682309204129350e-04 1.234691565777752990e-03 -3.627688012829433919e-04 -2.364096863318193836e-03 1.196069138160447184e-03 -1.084932554400433154e-03 1.285852118808451230e-03 -1.373293101949042347e-03 -6.098277043394974934e-04 7.749541733304665236e-04 -3.393946103987785837e-04 5.604538915857371604e-05 -1.143453266850235923e-03 5.327460034403807502e-04 8.011645036050246953e-04 -1.847574884906308867e-03 -9.102215600588550986e-04 -1.128227333474580616e-04 -2.718026113785244912e-04 -7.140367350007847686e-04 -1.000635831768901954e-03 -1.538715687051484243e-03 -1.078744967414648360e-03 -8.075550318959376622e-04 -4.579691141552073332e-04 1.020373525529037805e-03 -4.443919783729506157e-05 9.369608206660319039e-04 3.211409337742309844e-04 1.719915782028341635e-04 -4.237440614949655737e-04 -1.149925693952159671e-04 9.083310903295780878e-04 1.178074770560112988e-03 -7.874249550813707628e-04 -1.126391619425282575e-03 5.338841217518398245e-04 5.914886631756965810e-04 -7.169227012928575170e-05 7.764756239793342346e-04 -1.948975487163894383e-04 -7.335955964247409472e-04 -7.752794490971633493e-04 -3.519570621735106618e-04 2.355758266673263284e-04 -5.813362202111933613e-04 -1.393091780162428748e-03 5.661297952054652105e-05 -8.854485189577446669e-04 -2.571518685495995430e-04 2.297453596831848239e-04 -4.979194433150321321e-04 1.845907361075084367e-04 -4.273413279709400384e-04 4.422845200591468250e-04 -1.300401790123050557e-04 -8.993280351279821401e-04 3.368493118863173500e-04 -8.714105706180776437e-05 -1.008661441582440641e-03 -7.039746968857875809e-04 -3.703643929709414659e-04 -5.808349638853045963e-04 -1.276997273082867718e-03 2.688771003155682919e-04 4.672628621530978011e-04 -8.831539321701736443e-04 1.219007767325373413e-03 6.356557449166476241e-04 -3.862892654837548267e-04 -2.590349496193804723e-04 4.499768388796447746e-04 -1.887441941407908195e-05 -6.691772140098703383e-04 2.923016815850360971e-04 -2.306822395276274533e-04 -2.135064464608202165e-04 -3.071399474359380274e-04
1.648907061868367177e-02 -3.520384091336870025e-02 -2.884362995652253476e-03 -3.562862837393436901e-04 1.399261013691419260e-02 -1.068570826915178976e-02 -5.287160479041564179e-03 6.722882543989132723e-03 -1.431129405989048104e-03 9.389328621312496848e-03 8.032275285141795770e-03 -3.486251961832895880e-04 -3.401945844995412152e-03 9.935776247297031273e-04 -8.261337177170387409e-04 -6.283099467163860219e-04 1.651994328491578447e-04 -1.061155184448933815e-03 -4.045172554505462904e-03 7.208225832756010813e-04 -3.267610079957974922e-03 8.790548652430781301e-05 1.015935338215736812e-03 -4.089975652798255590e-03 2.896691168230228642e-03 3.134065906340734349e-03 1.032023773948533268e-03 -5.316899901641152079e-04 -5.048809108123168210e-04 -1.422398937263538330e-03 -1.414886720328624621e-03 -2.320167982232395829e-03 -3.510459615805410741e-04 -1.271173085850867438e-03 -2.285977257750729144e-04 -2.085893857111228468e-03 -1.347985962136465012e-03 1.211404058977768325e-03 7.555383569781342701e-04 8.015556822651463079e-04 1.456878817582670611e-03 7.103387656422956316e-05 -3.120759186310657299e-04 -1.401794288556047156e-03 -1.887053554802647914e-03 1.462808854084302751e-03 1.738390036987584901e-03 2.855315657265765339e-04 -8.829471699415019801e-04 -3.709323378833294209e-04 -2.214664215869539560e-03 2.634448053706655614e-03 -5.795971139588955434e-04 2.577686900615929529e-04 7.119870842445498926e-04 -1.513030673203830632e-03 -1.332077453460078819e-03 -2.813963243820787616e-04 -2.122761834317893337e-03 -7.729127224931766705e-04 -1.172608147349647138e-04 8.059167507725098619e-04 -8.933438037857883637e-04 1.112823182040258716e-03 3.599383653927944941e-04 9.651484790910391754e-04 -4.990309442370029696e-05 -4.063441942546436726e-04 2.339972193643520115e-03 -1.851143208057142451e-04 -9.430516919997899498e-06 9.580795287733415527e-06 -2.885881404341325801e-04 -1.745485843664349498e-03 -1.017610218857719013e-03 1.267108601764647957e-03 8.173047778765355712e-04 -1.681462220652080479e-03 -5.863892695046704108e-04 -6.548917614372333626e-04 -6.192057314681716825e-04 5.440672652161841587e-04 -4.771463187902440554e-04 -6.224272542620266305e-04 7.956350209843976451e-04 -3.281446598535054347e-04 -1.027810861341385898e-03 3.309202503944711719e-04 4.521893888148970303e-04 -1.447994928638619535e-03 -7.975824987714966738e-04 -3.801492098959990875e-03 5.690500911349711871e-04 3.336014500390836832e-04 -1.149713984466920651e-03 -1.998018476201253186e-03 1.746998402733906377e-04 1.897684272311438169e-04 -8.664535576312720972e-04 -3.439641373844342753e-04
-6.165437913764754835e-02 -3.636145103920595395e-02 7.545694371632314691e-03 -1.175876815408282740e-02 1.310782243103939156e-02 -1.085964822875587488e-02 -9.889325686110048141e-03 -3.538224772110935053e-03 -5.971992029110019919e-04 4.615106951742022762e-03 5.041570747549875726e-03 3.941130251549898253e-04 -6.105511513042844417e-03 1.109543869291856107e-03 -2.674447756304434813e-04 -1.380473944981363459e-03 -5.165769778312327145e-05 1.843327777121891433e-03 -6.244161909754707140e-04 2.228997769423300603e-03 -1.595656292161373203e-03 1.568737600797972089e-03 1.157204550852820093e-04 -8.790675302328325533e-04 1.320975197456941751e-04 4.898795569158736910e-04 2.730476282954941939e-04 -7.159614720008747370e-06 1.632983934801890370e-03 -2.328664526804267131e-03 -2.986777196747844067e-03 -3.283169457404716053e-04 1.281783065751774782e-03 3.175218973217973492e-04 3.413615871041351105e-05 7.450913279335559872e-04 2.912969720537722865e-03 -1.490588031411125376e-03 -2.136174710668770592e-04 1.544542049113921791e-03 2.606343060070048632e-05 -8.829903468054804119e-05 6.413028563955032934e-04 -3.074019190638827849e-04 5.972368991683370222e-04 -1.029953970858596353e-04 1.671099850947354139e-03 1.971610605228074631e-03 1.227877984371239517e-03 8.347204366680780569e-04 -1.419518658328382948e-03 7.977863303307661941e-04 -1.391230952620274141e-03 -5.152698067136333429e-04 6.005453321691832901e-04 -1.960775417314084435e-03 1.763110265881259742e-03 -1.861716099441052636e-03 -3.248959042918178174e-04 2.483916699454120133e-03 9.065203819188761506e-04 3.057261324960842334e-04 -7.536897555760667606e-04 -4.262524595835218036e-04 2.152209167767565878e-03 1.210967614197776699e-03 -1.124573378905545200e-03 1.355816411199376771e-03 -1.503890451882911646e-03 -9.117690401242948281e-04 -5.926123362725073005e-04 -1.794574527729048130e-03 5.909718215533119566e-04 1.476643281014773873e-03 7.137595017570807707e-04 -8.707199948430678117e-05 2.368979250542717547e-04 1.798663600666892135e-03 -8.788543501322120541e-04 -5.814824453932982253e-04 -1.035554450243474393e-03 -1.932286584568383573e-03 -4.511563439193604129e-04 1.013751017637259293e-03 8.585055244567044858e-04 4.792439368586829361e-04 1.419763565377802836e-03 -1.138354754615743866e-03 -7.269212555101497693e-04 1.546331464002150685e-03 3.298935866087235585e-04 1.578557497234931578e-03 -1.038360052993617631e-03 -7.715202677876243633e-04 3.595109107815620451e-04 4.317179167214626025e-04 -4.970080072649670118e-04 3.053027400770368972e-04 1.059916411218667998e-03 1.940440807177986867e-03
4.910877076290792037e-02 -1.501594255677408778e-02 -4.140265793376687875e-03 1.223893659056315975e-02 1.361691053619101810e-02 -1.529330583132796142e-02 -6.323375564383758481e-03 9.912502145100277398e-03 -1.372778251980092236e-03 9.918081424793320777e-03 1.134838933352634062e-02 -2.895729147102268398e-03 -6.572946662757697981e-04 1.191307605788249598e-03 -5.802084723178059858e-04 1.811084711946926403e-04 3.876377157308993275e-04 -5.854676756657099020e-04 -4.244196051455264955e-03 -1.205966860830467178e-03 -1.384284060615274467e-03 3.229929170945828112e-04 2.543798148737912070e-03 -3.547025337461331539e-03 2.145202060659190911e-03 1.474899432046055184e-03 -2.839600427779153096e-04 1.127172436830599324e-03 -1.140790803305935259e-03 -1.524630267021078768e-03 1.679741458772411340e-03 -1.515243387980414391e-03 2.263011955344991966e-04 -2.473365573967615562e-03 -1.408667888820900726e-03 -6.792654325023961975e-05 -1.431295994741881928e-03 2.770361883941338792e-04 8.067602916684625015e-04 2.668334553947221063e-04 2.225269250895481950e-04 -5.544611235330217189e-04 -3.788866101564256463e-04 1.543594369599315475e-03 -1.107680188446983054e-03 1.003058893058954727e-03 4.950568190337296297e-04 -2.437560986773494587e-03 -3.869355219860846212e-03 1.508097893345205825e-04 9.979275285558275935e-04 2.785686000916319646e-04 5.440152117657363635e-04 -5.093764271204002155e-04 1.533793944052529873e-04 1.670415232020540331e-03 -9.695885250226973697e-04 -4.547180292255746572e-04 2.777051168823986473e-03 -2.012445263290922343e-03 -6.467352442378037627e-04 1.612952105821858508e-04 -3.386310399904406371e-04 1.040400413716802272e-03 6.532875198098199790e-04 5.230714780854315476e-05 1.119449404305515507e-03 -9.173222334840746683e-04 -5.465471006962683643e-04 -3.405868781000742017e-05 7.336454735086943854e-04 2.727445175782224930e-03 5.198420543034515612e-04 3.480718943908062222e-03 8.723920570968351183e-04 5.745600455895560031e-04 6.769702444324847152e-04 -1.652968503987983393e-03 7.290773154546465211e-04 -2.605682730003256296e-05 -8.986268252318314626e-04 1.635930749132648125e-03 3.151550194981990222e-04 2.127193916774824608e-04 -7.685928941754425819e-04 5.892966894591266215e-04 -1.104829866699838731e-03 -3.438352578728543266e-04 -3.797311412362206493e-04 4.795268758598202475e-04 1.186956263775205316e-03 3.017748057362277039e-03 -4.000526575316879765e-04 -2.084307888006131063e-04 4.579957527572724716e-04 2.070512087425220322e-03 6.281071640440143568e-05 -1.172377798738987332e-03 8.256454280990040140e-04 -7.671333550895770206e-04
-6.470011891245862345e-02 -3.059793293148652463e-02 -8.946362656491894938e-03 -5.926611372016399489e-03 1.070965153923808012e-02 -5.457065055571447276e-03 -3.926951291442221624e-03 -7.237660861634603870e-03 2.674504667213090624e-03 3.498865582285785435e-03 4.561864648738383869e-03 -2.324928970819765267e-03 -3.265224893467014514e-03 -4.862499473924300898e-04 -1.248915990488600391e-03 -1.137029138670941171e-03 -1.995024591906518780e-03 2.507054896675997655e-03 6.410468548071620535e-04 7.446936330085336588e-04 -1.725300359189334233e-03 -9.799508151269453737e-04 3.164487600858085733e-04 1.982906293910694547e-04 -3.166951632340084119e-05 -1.028492771572485853e-04 -1.147227989233761325e-03 -1.460492467598141931e-03 -1.438398147337519972e-04 -1.049145794399732870e-03 -9.338014374388372955e-05 1.111573369514827839e-03 2.280024865469023557e-03 1.041988304614387085e-03 -5.839755303620976690e-05 3.630149702276799263e-04 5.626511911782152440e-04 -1.841065583970978364e-03 1.461447424556293383e-03 -3.629855735495571539e-04 -2.217023236768614954e-03 5.252248462395262864e-04 1.072307270459623004e-03 1.286775650973624599e-03 3.714851543171393739e-04 -1.731527336302243715e-03 6.852236741057534178e-04 1.645458885451821273e-03 -5.732443815340874070e-04 -2.300866418878471883e-04 1.765931506424958273e-04 -6.352394521835868059e-04 -4.228777658408458691e-04 -4.247668291173640987e-04 2.730636389174957170e-04 1.435643803977589483e-03 3.453248542993269613e-04 -6.281426474224414405e-04 9.286431205215863556e-04 3.237123936550948076e-03 -2.988821062300311623e-04 -1.640591266682633279e-03 -5.796280522995749364e-04 -4.597073086789083972e-04 1.514138627765235787e-03 7.477614905066893008e-04 -1.795117279147064992e-03 4.841736406333706395e-04 -2.997748772104191946e-03 -3.922169558095453621e-04 -2.321510925092461609e-04 1.505478687880840378e-03 9.167764749062844425e-04 -3.551389143526011345e-04 2.442184050310664510e-04 2.090590021419171367e-03 -3.190272334387084067e-04 9.159731663965009008e-04 -2.105114909851924215e-03 1.152437192210682996e-03 2.048637919560812603e-04 -2.339740030184633314e-03 -3.401130460592367887e-04 1.641176638083415799e-03 -6.919783923220352044e-04 -2.790340870776511755e-03 1.159007777200475267e-04 1.018371832245686115e-03 -1.599937344746949798e-03 2.255023083130942765e-03 -1.431903198442686107e-03 -2.336996257924630043e-03 1.434117286472873579e-03 1.056308203405377337e-03 1.403567365906906216e-03 -1.257748702050347700e-03 -1.187164997862051553e-03 1.245953099012821110e-03 2.690472443102794324e-04 -5.027920003072840986e-04
2.848135551146365428e-03 -4.610052145651830774e-02 7.520953542425254379e-03 -6.910702735579203788e-03 2.003024780172533645e-02 -1.533180481814218517e-02 4.369709323531841450e-04 -2.656160306846028045e-03 -3.315724885267094585e-04 8.606137709623346010e-03 5.472516528161845174e-03 1.078644872936536337e-03 -3.780746758295144318e-03 -1.165524070043341600e-03 -5.285635832683393490e-04 -1.441519117499341033e-03 -7.420803029472321840e-04 1.332826312338754966e-03 -7.643790396205564367e-04 -6.850422997650822956e-04 -1.494835993567061871e-03 5.884011623896139151e-04 4.465043915607927070e-04 -1.684205700647693326e-03 1.791330464282846159e-03 2.964232428055046942e-03 -4.181671810448823155e-04 -2.468351403007154263e-04 -1.055046328487070249e-03 8.142836499088169314e-04 2.150854130376766841e-04 2.410124808448763263e-03 4.554967418103952870e-04 -2.291401296236857728e-03 3.423332499952678716e-04 2.227878848834572920e-03 -1.505778227401084008e-04 -1.278646344447645139e-03 3.262991236193309592e-05 3.225444586045952381e-04 -5.347438253220122969e-04 2.512901475498960629e-04 -1.571165774196068166e-04 3.339390883085655189e-03 -1.030222128384647223e-03 2.418656166180465153e-04 8.462396435224720046e-04 7.758666810072622480e-04 -1.879505246999455892e-03 8.656662208554443544e-04 5.312697339604960161e-05 1.215174587446129573e-03 9.909659558990898190e-04 -1.269567369653181853e-03 -2.123122795223301995e-03 -4.409706915754351038e-04 1.317419923087597257e-03 1.627941709405829156e-03 -8.658860753390883310e-04 2.271749808983565891e-04 5.479191305086898028e-04 -4.697564332659606452e-04 1.412714883249628628e-03 -4.636860228632950164e-04 -4.129157350221205605e-04 -2.423137202597028684e-03 -8.424213602216491575e-04 1.168290242171983852e-03 -2.421265413377344210e-03 -1.153348330554730781e-04 -5.677686123278332568e-04 -9.128303370286456600e-04 1.737302973025456462e-03 -1.238016233818215643e-03 2.400009998984369496e-04 -7.444716767075699928e-04 1.526204465302457073e-04 3.311545152782370896e-03 3.292378296541900403e-04 6.436324605689234873e-04 3.658423445748946925e-03 3.213694806906234876e-05 -1.537625199975270213e-04 -5.290294306834695528e-05 2.672337599951554905e-03 1.538537737882414219e-03 9.602631816691614220e-04 -1.343552985637445603e-03 -3.017608177635547188e-04 -9.621220768434337852e-04 -9.702610942155660530e-04 -1.109569923225852024e-03 1.109340990579470772e-03 -8.523445581261541223e-04 -9.119024900567756749e-04 -2.119168369947698610e-03 -3.224469461668670730e-04 1.634740034321645981e-03 1.367780309305687480e-03 2.360543925103058497e-03
-7.568211843113882564e-02 -4.311368919702802949e-02 -1.161866450988669960e-02 -6.231720076468450983e-03 -4.269832804954204301e-03 1.160331328591717240e-02 -4.291846621739882654e-04 -6.337329223556452049e-03 -1.757652484907352075e-03 -1.861819006738377668e-03 -7.973150912311085430e-04 2.167404384698769747e-03 -1.081996602941127797e-03 -2.236647461886792296e-03 1.555305510757684943e-03 -1.067045251983506950e-03 -8.326103959111909964e-04 2.453874130406017567e-03 2.128552887972765331e-03 -5.776576098445603512e-04 -1.547355788669756062e-03 -3.010640336929407308e-03 -1.592584301747977053e-03 8.777870100046006535e-04 5.829220855029553427e-04 2.502092284423320498e-05 2.768742480289473375e-03 -1.819252024253229134e-03 1.217790064554656387e-03 -4.324997767972330173e-04 1.034844770200900278e-03 1.328483549351414279e-03 2.597695142289390031e-03 7.008139063904410011e-04 1.220763182357857040e-03 -2.915094044638183034e-04 2.420969671447907069e-04 -4.700075985979592741e-04 1.431401920763660284e-06 -1.867007458775002751e-03 7.562009144476451597e-04 -3.547719072694989853e-04 -4.499805204734837541e-04 1.743387785723651611e-03 1.029526588095623776e-04 -3.954865027202567680e-04 3.694978071065091116e-04 6.802587045315110301e-04 6.298769871145631287e-05 1.388823638801648698e-03 1.131067215844206797e-03 -4.433890046384307016e-06 -4.578131609358810522e-04 1.129532685199193540e-03 2.674949943046679626e-04 -1.046091913141118922e-04 -1.811567437651186163e-03 1.937941975362429052e-04 5.884299302509396609e-04 1.352107076773608049e-04 1.205759044071445752e-03 -1.879905301275100861e-03 -1.801433865993759846e-03 -5.251497927001215092e-04 -1.016810677050727267e-03 -1.043235870792528141e-03 -1.020253073092181875e-03 1.349050597522126471e-03 9.942061223706071113e-05 1.183259118124708022e-03 1.038214403156307360e-03 -4.726796192982684209e-04 -8.498752803995001043e-04 8.333281969305043890e-04 -9.336421463876896660e-04 -1.691856948361303921e-04 -2.950326348897477934e-04 -3.843083362314088521e-04 -2.263761356032733228e-03 1.527749639268666986e-03 -6.586967679948500169e-05 9.297823521385205825e-04 -1.481980527014978028e-03 1.556672130669404597e-04 -1.549708006534268254e-03 -7.717089726844679823e-04 -2.580859335959784315e-04 1.517499238165889632e-03 1.404656389174538085e-03 -2.324879481451489280e-06 1.516163762189820649e-03 -1.572819421078934998e-03 4.630647066443618507e-04 -1.416251388506821593e-04 -1.239607186636169402e-03 8.477408931042309083e-04 1.426095847872743206e-03 -8.325383843194193506e-04 3.211706281128985695e-04 3.277117888949266880e-06
9.896096617673103002e-02 -3.250457549647972622e-02 -8.575617195864018369e-03 9.617275517482438627e-03 6.407645346138334148e-03 -5.687353056129331244e-03 1.074390566758677903e-02 6.769840426936069456e-04 -1.682001420485993055e-03 1.220238956275065869e-03 -1.472869432904782682e-03 8.394945236510489373e-04 3.627897519068393022e-03 -7.892190134088316288e-04 -7.015841299082147601e-06 2.422766218963919287e-03 -3.558491303715745260e-03 1.532860751501254276e-03 1.325632916336618112e-03 1.599789296673978251e-04 -3.283334655227864319e-04 3.582929886976110503e-04 1.637566900759185795e-03 -1.844163125943910908e-03 1.821121004569167074e-03 5.602005001561489832e-04 2.672952579181108596e-03 3.993319268251400750e-04 -7.414586071822300197e-04 1.722389403121647343e-03 2.821740491346581576e-03 1.332362920607597662e-03 -3.678475812936299745e-05 -6.156743651908369629e-04 4.835625658744774737e-04 1.106174076579639464e-03 1.609923181883811047e-03 -1.504314388824462079e-03 3.381695529664913700e-04 7.021275850872912058e-04 -3.588349085349972758e-04 1.074095935119019282e-03 9.304879298069245125e-04 -2.623150159296918290e-05 1.833766928215403865e-04 6.293408781024045252e-04 -1.180930262742124022e-03 -1.100763131681077546e-03 6.501317682628565166e-04 6.937892448254960251e-04 4.205701055149067553e-04 -4.549759653821789686e-04 1.703867834586493633e-03 3.508672254555039705e-04 -2.272194560445284965e-04 8.870946761187203109e-04 7.463830673368254730e-05 3.607041863177901835e-04 3.669782243112133845e-04 3.078186402187856594e-04 -1.631801509533075669e-03 -1.139300660201193185e-04 6.592334176614513853e-04 1.591208665151407249e-03 4.251290151691575442e-04 1.253333997439871070e-03 2.485381392702857694e-03 1.886137756188997240e-03 1.044663119886955977e-03 8.658020142696791228e-04 -2.966375731946983428e-04 -2.651544762689229950e-03 -2.159356424974378467e-03 -1.797010083729230724e-03 -7.700296084426048755e-04 1.058527372676989391e-03 4.377204364684365921e-04 -2.562525419825153333e-03 2.124234841341212862e-03 -1.590807804073748628e-03 -1.749649657823408849e-03 -6.039379359034832131e-04 -5.698568501601469392e-05 -1.963357266898202100e-03 4.144642845189549672e-04 -1.809633539526932840e-03 1.940026830346880957e-03 -2.697122934732100030e-03 -8.210664667139350387e-04 -2.067581793207535872e-03 -3.719920426809552043e-04 1.563190557153799985e-03 -2.410508962662839642e-03 1.158379811396412044e-03 5.164060904376279425e-04 -1.206015783978799799e-03 1.129496244689119459e-03 -5.336859614823908802e-04 -2.499657647332594393e-03 -7.488501360780155155e-04
-4.221599820389928398e-02 -2.808994123135332560e-02 -2.314035582434554456e-02 6.420274641056967178e-03 -1.123031807631487931e-02 1.591365225356561330e-02 6.837717702086228665e-03 2.061110972589650855e-03 -6.638329086982293001e-03 -3.127704280091790721e-04 -4.303732771412958143e-04 1.853077559823714578e-03 6.038481756173235630e-04 -8.932689104450022800e-04 8.105225621759879883e-04 7.071977356998358083e-04 1.529824668010488446e-03 1.451224396904454055e-03 3.805762114913736373e-03 -2.244001507127932311e-05 -1.235732789784929533e-03 -2.921775771438311388e-03 -2.685334296269733297e-03 3.560938821383786003e-04 8.382558686999544081e-04 7.684573154585955029e-04 9.775609123651505909e-04 -1.421559671305332694e-03 -7.443345937120848181e-05 -2.084865670620971714e-04 1.111572840896756864e-04 -2.998509878895708170e-04 1.038219922293755638e-03 5.428509640730542389e-04 2.179064629700699657e-03 -1.580368366421259618e-03 -2.253300507765818288e-03 1.585395433527170836e-03 -8.179852064583193220e-04 -3.455226008248619930e-04 2.711028780809617792e-03 -3.048673205593470858e-04 -1.495849955974685314e-03 1.307952841926151438e-03 -8.958099060048828940e-04 7.102629907398899732e-05 -2.182316476460669755e-04 1.484300242224887529e-03 4.691017260534677616e-04 7.120901327417605842e-04 -1.215346357036648037e-03 -1.287688170136860053e-03 -8.383249392550830986e-04 -4.556520227365665025e-04 4.862011107215021460e-05 -3.017984899166401523e-03 -9.964729773738741450e-05 1.938185771657936155e-03 -1.043406962690164759e-03 -9.494913880150572657e-04 5.921987882837211189e-04 -2.344589310703395092e-03 -2.862637735399366744e-04 -1.276363701019664712e-04 -8.726320751109760626e-04 3.503380213094462381e-04 -6.970965472531760656e-04 1.403618905487293792e-03 1.475587767810469710e-03 6.298039846270880480e-04 3.231491054285724534e-04 1.004952040410973324e-03 8.884697373054511972e-04 -1.509965759772608157e-03 -1.873002008289507449e-03 1.300805934427998450e-03 8.452930311709065669e-04 -1.474188969599445412e-04 6.940627190742884589e-04 -1.277496663857257938e-03 -5.991527126315676199e-04 1.981719291793058741e-03 3.592100714087650753e-04 -8.561425213473253942e-04 -2.632747704630329297e-03 -7.557159818237379903e-04 -4.891351292824618231e-04 8.745319381074306104e-04 5.227010682359118027e-04 1.455173871650225666e-03 2.707063314221707252e-03 1.190666271982039701e-03 1.007606973601464073e-03 -9.866248848272810706e-04 -3.480270155843972644e-04 2.683289822944752868e-03 -1.026071136285982644e-03 -8.516170370040597980e-04 1.035336572265390873e-03 2.255514714849877773e-03
1.663528144227762184e-01 1.100307083702773206e-02 -2.889843614849060566e-03 1.051306835368106055e-02 -1.508240011983676826e-02 2.017854043232738485e-03 -1.945977460997129352e-03 1.558426458565142147e-03 -7.156622466084252426e-03 -4.590500709552637094e-03 -2.231867464707428038e-04 -3.260719308325769460e-03 -2.022681641193222401e-04 4.961258874082130968e-03 2.037847668004304832e-03 1.005735094536952491e-03 -2.669434261484427036e-03 -4.147352181458321442e-03 -9.401055831285913111e-04 1.009645815165577170e-03 -3.479665230236462115e-03 -1.102161857161641301e-03 6.408208001172428130e-04 5.998166981329153876e-04 2.947936713574400672e-05 1.029033639078016579e-03 -1.295627404271148392e-03 7.253472249981907528e-04 2.890512088174470359e-03 3.569174573991942562e-04 -2.475952699215956850e-03 2.146500354290572978e-03 1.978024273749365292e-03 -1.084994583125194114e-03 -9.158059960915808590e-04 2.169439226099108189e-04 -3.509087545519473813e-04 -5.989957118852335489e-04 1.284566354097181867e-04 1.027619291024914469e-03 -1.542651790488629550e-03 -2.772601199672843336e-03 -1.009425794780657295e-03 -4.783874958047316744e-04 -4.701279925110406731e-04 -1.223899079301491452e-03 -6.374314076515441834e-04 -2.697188258800950066e-04 -8.384581298330910431e-04 3.430668402758671682e-04 -6.314082265113675745e-04 -1.630179732558842247e-04 -5.696468347551607607e-04 -1.320517181582000306e-03 9.983688033040525288e-04 -8.439241292804526822e-04 -6.541943492370275127e-04 -5.673933356961127468e-04 2.187309524137008988e-04 4.550100743198880215e-04 5.900636781286928935e-04 -9.045244503675194028e-04 2.694891074210076709e-04 -1.931379697849862202e-04 8.514916467952945251e-04 -1.913711820010921810e-03 -3.065447408080703893e-04 -8.837239016131425394e-04 -2.472513894433293999e-04 3.123183436696940624e-04 -3.384326742027115643e-04 7.419142878514274934e-05 6.056090279000894737e-04 8.132511980236874780e-04 -9.413139297786099436e-04 -8.813832112861310752e-04 -4.825812389634556786e-04 6.886674176764146253e-04 -1.259513336528217349e-05 -1.214783433028026943e-03 8.178170414899119632e-04 -5.054028926192265367e-04 -2.615529638085092585e-04 -4.137514270635141806e-04 4.894148532287617053e-04 -7.001557167767768694e-04 -1.926987248200253062e-04 3.953843128552714822e-05 7.229820327137312982e-04 -6.583565861870666839e-04 -1.186266819481732746e-03 -7.954257349557432796e-06 -1.493070986546893861e-03 1.021495774110513623e-03 -5.263098449680562226e-04 2.161284279953095235e-04 -1.196590905502301159e-03 9.606238013840091687e-05 5.097719840934080088e-04 -5.173981149936734465e-05
1.955207459751986399e-01 2.817495887351527048e-02 1.094812447728235084e-02 -7.884984191887330074e-03 -1.020340355183167041e-02 3.954088879022977371e-03 -8.767373379100671174e-03 -9.892726252443239179e-03 2.210720593322926600e-03 3.788723947632682311e-03 1.816332736210378614e-03 8.662561619378066242e-04 3.166811520846743075e-04 -2.532917102208765195e-04 2.948470516241270128e-03 -6.284105011233914089e-04 -1.797581653255259700e-04 1.905694956332563148e-03 1.365379055007834557e-03 7.724072658140710779e-04 -1.976285988303234757e-03 1.855030960774636415e-03 -3.875936892892442674e-03 -3.261521472229460370e-04 1.908622638754311931e-04 2.586225038156736173e-03 -2.354271862506120572e-03 -1.049299085356276365e-03 3.703597764699067727e-04 9.889337003733775656e-04 2.300383508541574765e-03 5.348633695737591877e-04 7.839876226968400959e-05 7.625014620956047920e-04 1.588511554195505687e-05 -7.989448151083793385e-04 -7.849147831065747581e-04 1.559066072106290567e-03 -1.922989763061595846e-03 -2.714730056914634081e-04 3.328330840664662344e-04 -7.663317248738641448e-04 2.519448663513575008e-04 -7.427101380423939718e-04 -7.475617654098829293e-04 6.620694430274374825e-04 -1.378826666428395692e-04 -8.524159258987901774e-04 1.508259528381937021e-03 4.373102943022541154e-04 1.649789310448587548e-04 1.887961909413191520e-04 3.620421936635370035e-04 -2.512478466514964852e-04 9.433461172790693402e-04 -7.070650609831598135e-04 1.095658112788501417e-03 8.349129965281981139e-04 4.370288670897028854e-04 -3.189350486254738273e-04 -5.806269343209576181e-04 -2.176623264213109108e-04 8.007768739368776234e-04 9.292715073387054032e-04 -4.593345631721633534e-04 1.452238369431564560e-03 -1.127656691399678496e-03 -5.243786760695752546e-04 -9.621275292185741410e-04 1.557231461855011767e-04 8.265502639816307232e-04 3.593504540414432032e-04 -4.815792993560955135e-04 6.096610235861965973e-05 9.339452006192646262e-04 2.574318363476761954e-04 -9.123751350752735490e-04 -5.770195949473080118e-04 -2.510899480101839933e-04 6.718315585165953981e-04 -7.276036932075505043e-05 -9.993373641574481098e-05 -1.174079225407074914e-03 -5.716509659306884928e-05 8.152888063446857422e-04 -6.238955043242219634e-06 -1.205120980288675817e-03 3.226305526548262732e-04 -6.305320833572789245e-04 -4.826996490537348110e-04 1.217947762195501632e-03 4.909798263215636943e-04 1.379939437771351832e-04 1.657511893034286244e-04 3.627292912956338843e-04 -6.612594474710072751e-04 -2.192593402830627096e-04 -5.937803365689095936e-04 -2.600915428493481016e-04 7.223853805686790006e-06
1.506228111482644794e-01 -1.229604999102245667e-02 -5.643056274544494804e-04 1.547308250565091262e-02 -8.452309918190294494e-03 -5.039940323542442969e-04 8.777613004580129760e-03 1.156387222474822675e-03 -1.194703093633725207e-03 -3.588231446841794355e-03 -5.061975226757504942e-03 5.197314185992428894e-04 5.166437124371798736e-03 -1.424128417317840206e-03 2.290956763176447628e-03 4.574228767033914310e-03 -6.407133302752781798e-03 -1.173145109359498024e-03 2.605898050830843162e-03 1.223808820415813034e-03 -1.151866899878944885e-03 1.447455454075162505e-03 4.526371172072867193e-04 -4.895108332627932587e-03 3.859860275497820634e-04 -1.599102587024621219e-03 8.406030640102010992e-04 2.893612953778151777e-03 2.912591225218933311e-03 -2.021496362778180123e-03 -2.183957285373885806e-03 -6.295824118441883683e-04 -1.769668609050211372e-03 1.194036851305964190e-03 -1.755869593738343176e-04 4.198682837066494266e-04 -3.059049650537792571e-04 -6.828359349696804708e-04 -5.274981311408002694e-05 2.299621016279552749e-03 -1.098457239058713963e-03 1.291598932572043598e-03 -1.359436407374483213e-03 8.047575939378700432e-04 -1.919619274197669194e-04 1.443215006909950556e-03 3.248249048327528647e-04 9.569485334581418097e-04 6.695331194027531350e-04 -1.052931676464793258e-03 2.125130517336753979e-03 -1.136903623145800023e-03 -2.485403030390113130e-04 -1.400782781806136695e-03 1.870214832439334946e-03 1.933373876256388795e-03 2.310694006153865196e-04 -1.495211094147363658e-04 1.264350349194861417e-03 1.797246005697819343e-03 2.040627458294671408e-04 2.394174963622127186e-03 4.024889061766714058e-04 1.737266588858932216e-03 -4.060535954506050795e-04 -5.228838886802961551e-04 -9.715318797079305034e-04 5.976904480893499181e-04 2.540490606961220174e-04 -4.519171306538817328e-04 -1.343593253487198593e-03 5.301468657178657782e-04 5.826328878842944358e-04 -2.142004386586937354e-04 -5.698906957820196531e-04 -3.351532911121669596e-04 -1.202014834783409500e-04 -7.744575651668464704e-04 3.656563461110428855e-04 -5.846437618636868630e-04 3.138603783763702819e-04 -5.964803272514370303e-04 -5.675973402114910119e-04 5.623964161839864169e-04 8.582049976206805077e-04 -1.167167524184167847e-03 8.772217827214709397e-04 6.297149629164898932e-04 9.970448115358347251e-04 -1.121082615574926561e-03 2.999003358973686474e-04 2.383813158548465027e-04 -1.264185938859696719e-03 -6.822311686744697307e-04 7.451482965180419198e-05 3.794204109921990912e-04 -3.829783172377267749e-04 2.603514119849134438e-04 -4.728834481453431061e-04 1.385324239854373565e-04
1.381272814729583853e-01 6.692113370416408018e-03 -3.381026915561028551e-03 1.301302337622996415e-02 -1.081390636005289882e-03 2.300749400141589938e-03 1.502571927962074658e-03 -7.165113378628820652e-04 -5.511109381614836232e-03 -1.083774734316522758e-03 -3.980713012896002281e-03 -1.637736226123119023e-03 5.898281634958512862e-03 -9.382886055847803599e-04 1.651856223737631444e-03 2.040667704518956977e-03 -5.817058557033531231e-03 -3.340454553908460411e-03 -3.724892803772192622e-04 6.090961598936114234e-04 7.328238799946029983e-05 1.785224167449880319e-03 -3.778518000623851147e-04 -2.058591722957942016e-03 -2.858896983078464973e-04 -2.280602291312024479e-03 -1.283907384843959798e-03 2.683735512362150563e-03 2.318979134249314015e-03 -2.966649915035498783e-03 -2.279571048336909763e-03 1.278340927976974982e-03 -2.232547924702014811e-05 -1.173310803479550579e-03 -1.636030935078924137e-03 -1.967036339118662536e-03 5.899246293914699570e-04 -2.355218488328059481e-03 1.006924376300745742e-03 1.368639074891938624e-03 3.171918061801838411e-04 8.365860415902606165e-05 -2.025609792286442879e-03 -4.594319402181253065e-04 -7.878395551319701540e-04 -1.088782577790065303e-03 -8.308198706362112393e-04 1.866977695487557435e-03 -8.144315920918533116e-04 3.951679254298379922e-04 1.384849590575430636e-03 6.731528648387996366e-04 -1.276602528648374370e-03 -1.315731348083462333e-03 -2.252301722403380127e-03 5.665780541244042675e-04 6.807109114391164065e-04 9.176993031489727318e-04 -1.731737550249818703e-03 -7.120890026216558817e-04 -3.177036026789521717e-04 -2.179569063562010380e-03 -2.112250128193408558e-03 9.406028359167925091e-04 1.953772031737505306e-03 -7.075442962511199361e-04 1.654693739235550860e-03 -8.599798736619345459e-04 -1.466526163634386591e-04 1.011019832964331995e-03 9.400605280204238747e-04 -1.760076424067562274e-03 -2.818319229990515033e-04 -1.322788983830660962e-04 9.978336264570882973e-04 -1.070882665759823570e-03 3.022082091412179520e-04 -9.611673009993290261e-05 -2.467065681220747403e-04 -7.513646907165665413e-04 1.477019842707367634e-03 1.226413844002943905e-03 -1.359418842749022356e-04 -6.134561667342159144e-04 -7.928320590676889330e-04 -5.629458812139721520e-04 8.027608490142372965e-04 -3.958898704909558650e-04 -9.357050944593898003e-05 7.895366064413544610e-04 -7.760429172380310875e-04 2.485781710753312058e-04 -4.126454461782146587e-04 6.249619535932528051e-04 -9.881313059679084558e-05 -5.140860885373243604e-04 -6.469029140459359260e-04 2.644728734156248976e-04 -5.252277769326222593e-04 -2.974179248927766935e-04
-1.186644306019663539e-03 -3.494356210968108806e-02 -2.168947122009935377e-02 1.311715586903546352e-02 9.646041512720969144e-03 5.334234613455154927e-03 4.088805007503639247e-03 -9.501989324678683860e-03 -1.369662876452990268e-03 1.725616359786702567e-04 -1.414002628870981906e-03 3.297662811430386457e-04 1.394199058746783959e-03 -5.956158734620221017e-03 -3.346542247101669948e-03 1.355586272482278047e-03 -1.398062850950389409e-03 1.730448606062284225e-03 4.295325339412554497e-03 2.345486257070354512e-04 -1.817200665307700143e-03 4.780816013092681577e-04 -3.746232004244531757e-03 -5.358920955075315148e-04 5.829651332922485083e-04 -1.891559590812539205e-03 5.917872164919323226e-04 -9.361542463570278992e-04 1.351993466585355973e-03 8.856486944537263510e-04 6.443923083802903616e-06 1.658439141573093143e-03 -1.060168236880244591e-03 1.762656390844630563e-03 2.131985872160599579e-04 1.827961953810057103e-03 -2.006893533806744512e-03 6.310200363055017223e-04 -2.647680401203457087e-04 -1.354430795913576799e-03 2.228307282437513165e-03 -1.105927230565202602e-03 -3.904301107068802279e-04 -1.529914092315504473e-03 1.142224976409327583e-03 8.975552700118971401e-04 1.618735146713590114e-04 -1.201013751330386051e-03 4.031911490393129643e-04 4.525970410217241614e-04 3.595635922834268658e-04 1.756709393070718730e-03 -1.995990027340393842e-03 3.056194899511509907e-03 -2.439440844960614682e-04 -4.719336743329020922e-03 -8.707330399468202111e-04 -6.996313465751825443e-04 -1.813762738180725652e-04 -1.404795493774084253e-03 8.808489526791828768e-04 2.917808445521851866e-04 1.679632168719327485e-03 -5.095626083147135679e-03 -2.049729255985402714e-03 -1.322061061752657701e-03 2.494625961770188978e-03 -4.485416055394561975e-04 -1.093281055888202036e-03 -2.081931784798542531e-03 2.053842876117365889e-03 6.780691349728017094e-04 -1.002228181940599495e-03 -4.213695574502981044e-04 -1.549584684552294308e-04 -1.065116009660738421e-03 6.485722619668555806e-04 2.475790688173543606e-03 -5.582040287883759501e-04 -7.822769953832333463e-04 -5.011219681805781888e-03 -2.598705032645868846e-03 3.333355807926177271e-05 1.375377052181362423e-03 1.566697093558211396e-04 1.386754693962676845e-03 -3.108634932039759050e-03 1.914416539476253764e-03 -7.652063829137436190e-04 2.168387770204441376e-03 -2.620454318370577873e-04 -1.757005068697397665e-03 1.367185420325230929e-03 1.498590662503410803e-03 -3.095053337560348117e-04 9.828254288768490700e-04 1.848795593424230627e-03 1.274740221655307074e-03 2.122309960065629168e-03 -2.525443392555887906e-04
7.103268936566804748e-02 -6.757367921769767086e-04 -1.461311265577875350e-02 8.647362851286708244e-03 2.307389317862764896e-02 -5.611086481426214370e-03 -1.824747096443259456e-03 -1.089119831690947733e-02 -3.786175245746439821e-03 -1.253577860002760272e-03 2.309375338585933825e-03 -3.225932971133808284e-03 4.017179644477866102e-03 -4.529001311915506825e-03 -6.343169216692468720e-03 -3.841580004961108602e-03 -3.923684966406583755e-04 -1.454953389269380117e-03 1.965620227120490175e-04 -5.318074058498852355e-03 -3.587906178451160234e-05 -9.977510770788453227e-04 5.302057340744921205e-04 1.256159733018272131e-03 9.456617549676230158e-04 -2.211643048677063798e-03 -2.746841102106186653e-03 -2.003815337810385504e-03 -3.622558263667780188e-06 1.789962093004684876e-03 -3.718694380074848149e-03 -9.107007475937784055e-04 -1.615468498484047772e-03 -1.837587650834558023e-03 3.140731881780217758e-03 2.293967409327551943e-03 -1.211108812864878943e-03 2.437220814787969224e-03 -1.474313976070415564e-03 -6.234020647409281189e-04 -9.596033289432621223e-04 -4.330450311935749974e-05 2.536175887101397002e-03 -3.298122223689670205e-03 1.143527410514189133e-03 -2.002836777662645243e-03 -2.125727088525425270e-03 1.969030088653360455e-04 2.777466831161673911e-03 -2.580553065771877715e-03 1.229028522427036375e-03 9.092578259352530369e-04 -2.241283318526582011e-03 2.973929069891825989e-04 9.911904556440106692e-04 7.280014136868153112e-04 1.196340415782793124e-04 1.204622850382029145e-03 1.000369225244105787e-03 6.175358989360386734e-04 -1.255323674070318906e-03 -1.146277589589361290e-03 1.134876719568199020e-03 4.995043050202026383e-05 5.871848831561066575e-04 -8.366447382205078297e-04 -2.681444427254233245e-04 -7.632413322281542817e-04 1.400811696612533569e-03 5.608332488240771758e-04 -2.077011033953253376e-04 -1.109247941432397588e-03 4.341976708842125400e-04 2.600626161812541644e-04 -5.723817166419169862e-04 -1.568508231077314597e-04 -7.219514303740037688e-04 1.752794106703790507e-04 -5.371432144995314352e-04 3.009631065567073172e-04 7.995867084489720377e-04 9.405986866271385648e-04 -5.787910861784508181e-04 -2.610803419099737567e-05 -5.430029460837940461e-05 7.454239940961239356e-04 9.000123227528497843e-04 1.297918482175148397e-04 -3.402044433276089821e-04 -3.478109293075254556e-04 2.061547710249338861e-05 -1.220483388926802294e-04 1.955970607913105072e-04 -6.688077959991654484e-04 -7.911723697624823857e-04 7.415587118319002993e-04 -5.429509312333785469e-04 -4.146635487288363058e-04 -5.847443575379188650e-04 3.635625894880907191e-04
1.266185329339593879e-01 9.007114133947509427e-03 1.026331391970531672e-04 6.936584203246280896e-03 1.005229093321707498e-02 -9.245342074127018903e-03 -5.596027226583158432e-03 -8.503174582557192218e-03 -4.215349127021511544e-03 1.419668924423050710e-03 -3.524654450224238428e-03 4.078468238461922107e-03 1.017439380956469512e-02 -3.625451573990030874e-03 -9.063928327266887160e-04 -2.510388354037375487e-03 -1.821231050644080271e-03 -2.743431419953040826e-03 -2.560439062841242050e-04 -2.310428631448590143e-04 1.260412145525222820e-04 -1.540748461285702331e-03 -9.588812919749162191e-04 1.813396269939281753e-03 -3.599288282633350067e-04 -4.860452654937437965e-03 -1.926024983319154322e-03 -3.749714069423440107e-04 2.593822195730236674e-04 -1.783499316952750092e-03 5.036173244592349375e-05 1.407538616245143951e-03 -5.094936187893672622e-04 -4.255627743899542334e-03 4.238965390785878621e-04 -2.417740688526058470e-03 1.998072479685611153e-03 -1.427194757261142800e-03 -1.811331624284310236e-03 2.372183914932427494e-03 1.496210626071728194e-04 1.639573839399840506e-03 3.453546115408136653e-03 1.177993963347081586e-03 -1.435538426703933130e-03 -1.505238336552686433e-03 1.257227826912572788e-03 -5.433845756573925769e-04 1.377319029875919559e-03 -1.364272198389578781e-06 -1.708336443224575717e-03 -1.993956028699303638e-03 -8.381335895706649595e-05 6.002238776570854514e-04 -8.800188081311629976e-04 -8.049544302390820773e-04 -1.339080052785776055e-03 -1.441602253911935475e-03 6.497485394464749169e-04 -5.564179055748956926e-04 1.595914501855623824e-04 2.414404639442095397e-03 -3.925989743909600324e-04 5.148862223274096187e-04 -1.955423991783159909e-04 -5.754161786810680235e-04 -1.073369762494412460e-03 1.015892057579819178e-03 1.422102390860772742e-03 -8.209246804043232723e-04 3.645397563612245073e-04 -4.334671612595458528e-04 -2.804598118793601134e-05 1.059511497677452160e-03 -6.101950766568838653e-04 6.342640817501576933e-04 -3.555270146547561137e-05 -1.691620613260162232e-04 1.533275422161586680e-03 2.457362789404194617e-04 8.099910568637751131e-04 -7.305070810155355658e-04 2.232970111044606807e-04 -4.351245898809945854e-04 3.884045884387643527e-05 4.351848456038201192e-05 2.242038527824536699e-04 7.934550904537367708e-05 1.035319284064450604e-03 1.750501718455910335e-04 2.243721556805863685e-04 -4.602365220973394719e-04 -4.221563510003990220e-04 -4.250628814737419567e-04 3.449380397973032396e-04 2.340106567900258937e-04 7.931769823594390575e-04 6.003155544140527811e-04 2.912289583883115665e-04 1.376097983089405355e-04
1.083902158065674637e-01 7.336430834067489241e-03 -2.975159802262188763e-02 2.068884186650389936e-02 7.284581638655468613e-04 4.781835992582928949e-03 -1.499194367948287858e-03 -7.017838857648429690e-04 -9.640911858705678017e-03 -4.537680968926479513e-03 -3.333083142392431319e-03 -3.812488225661109752e-03 -1.041219706197019394e-03 3.201191721962418194e-05 -3.134695658319996883e-03 8.029156240909831764e-04 -8.590285167080959766e-04 -4.807744869572707323e-03 -7.099535650784688642e-04 1.102665670498821898e-03 1.880541333459255548e-03 2.644566727334478774e-03 4.963511609556577834e-04 -6.690071400073226301e-05 -8.806910180068628887e-04 -1.300430846806942048e-03 1.983233756968221656e-03 1.635814520588248049e-03 -1.560702927086334750e-03 -3.886033779081789858e-04 -1.154895999931064348e-03 3.409635343213466164e-04 -1.446581771914125887e-03 -6.316892604548692157e-06 -9.245328699327646496e-05 -8.065032544666030350e-04 -1.060470470286594812e-03 -2.424702613248600706e-03 1.398372761357554415e-03 -2.394536850343745131e-03 -1.538291369325508226e-04 -1.160229377739842207e-04 -1.306114254155953157e-03 5.845425815138256603e-04 2.233865153810713974e-03 8.662273884932301113e-04 3.913961509845596170e-04 -1.786112461936776284e-04 3.305528599892553019e-03 6.502874378759871407e-04 -3.001692806849549661e-04 7.403453715086020940e-04 9.209552220100925956e-04 8.552154085514113331e-05 6.656794237198552849e-05 -1.986697639401124003e-03 -2.988016611151199115e-03 6.794309752355631683e-04 6.179903031843116514e-04 1.496946660199769286e-03 -1.487022067774262067e-03 -9.982552279958968773e-04 -3.624874912396512661e-04 1.793964642431758287e-03 7.818505326107709746e-04 -9.937513240908359483e-04 -4.053314980292050876e-05 -7.364727271877138590e-04 -1.121091562511796749e-03 1.627452182503513105e-03 1.923862146556629116e-04 -1.585540648608761835e-03 -6.329323345050789137e-04 -2.248979277367794006e-03 -8.565827022351583074e-05 3.928052458788450934e-04 9.030375825709057759e-04 1.268931583137236901e-03 -7.302314964116357783e-04 2.639422519708590283e-04 4.600535146378381310e-04 1.000470453591744508e-03 -4.296475059482273936e-04 -9.160606450229094415e-04 -6.084631764444274876e-04 -3.758197976489645667e-05 -8.169788604916145914e-04 3.913887387500632935e-04 4.760317595802646498e-04 -2.930209626144605916e-04 4.503026962920164212e-04 1.605385304744878392e-03 -3.157271278578919387e-04 -1.613185801283026040e-04 6.863216995249790025e-04 -3.538923212985747879e-04 -5.102546053357592988e-04 2.736111822042576426e-04 7.533572173036622239e-05 -3.093898315595042269e-04
-6.465371270961697836e-02 -5.397760231829040051e-02 2.878175216475606715e-02 -6.476075701394733500e-03 1.076538439183156830e-02 -1.465677286154565620e-03 -8.805467988570859703e-03 -9.100605022656423071e-03 1.310994869824725489e-03 3.477547249720460559e-03 -3.840624867658268098e-03 6.145536178024308457e-04 -7.775595642008910173e-03 -2.786945694540579870e-03 2.010308789007639318e-03 -1.823324892182304896e-03 9.714092069412990198e-06 -2.240381919083350715e-03 1.853563815972334534e-03 1.206954410780598872e-03 -3.106619743227954575e-04 1.391627586050437661e-03 -1.944764289529010443e-04 2.599182383849916924e-03 -3.221354729119295379e-03 9.781675471301539554e-04 -1.288678579990330418e-03 -1.202546996273838088e-04 -6.768385584418003167e-04 4.354773798847350833e-04 -1.928036159814473230e-03 3.152337604504534818e-03 -1.393553356774401755e-03 -1.367452342266147185e-03 -1.302827908260813889e-03 3.151863225843825602e-04 9.099257510993010410e-04 2.143161439176977968e-03 2.310216574495526157e-03 6.126411441193080993e-04 -2.129362647529683180e-03 -1.712824690902765281e-03 -2.106399411446158512e-03 -6.360636739817747669e-04 9.093358388189065264e-04 2.177901314488159788e-03 -1.910284996668295144e-03 2.540546949110335760e-03 -9.642705954421285823e-04 -1.359122389787906096e-04 -3.649591235238127469e-04 -1.757679075524387581e-03 -7.923977636193832102e-06 1.629825405370427223e-03 -5.770541269398271611e-04 -1.600959950315192313e-03 -4.441267877382542749e-04 -2.085036493231982836e-04 1.114383389766823891e-03 -4.947649982026953823e-04 -4.983802330952031689e-04 -6.363162635661161410e-04 -7.342471042047418869e-04 -8.961069102730845858e-04 -8.404996861589649642e-05 -4.283557669647886632e-04 -4.917131745263347495e-04 -9.672820907197463578e-04 -3.707436647187671011e-04 -1.042972937121261885e-04 -1.020418191355425795e-03 1.484062718860137617e-03 2.717298068199446351e-04 1.235144413866514929e-03 -4.601325796642362939e-04 4.948212321330472657e-04 -1.670911410389024434e-04 1.073515887995933198e-04 -1.235868775394231386e-05 9.130596143115401412e-04 -5.701301062822486995e-04 -2.841300572660366446e-04 -2.173706397739567486e-03 -1.035683754687344868e-03 3.985937239460435053e-07 -1.745866879745054066e-05 4.212064994867218727e-04 1.000067907681931019e-03 -2.340173687110586661e-04 1.245227138076887606e-03 -1.723572429761726461e-03 1.746241464905219024e-04 3.119397453076896656e-05 -6.979232709611119792e-04 1.891550355500364695e-03 -5.003880649886970891e-04 2.140635669345369169e-03 1.340263120737038272e-04 8.735097924691101511e-04 -3.744474101739692540e-04
-9.282842779296479607e-02 -3.525577677161804979e-02 1.321600873039927015e-02 -1.656369931327390452e-02 -2.443848050807832534e-03 8.393351838398093422e-04 -8.753969528559508995e-03 -4.658097438547444819e-03 -4.932304011355860031e-03 -2.819328132606952614e-03 -1.225000046186491874e-03 -3.960751113346034475e-04 -2.238286335333744635e-03 3.083026044295988639e-04 3.165345642639508846e-03 -1.457219894029559634e-03 1.081847062697767698e-03 9.813914170212342455e-04 1.676764765262375679e-03 -7.286718395457546021e-04 -8.169795255805712645e-04 3.315276176630473624e-04 -4.176230809295607919e-04 8.264419682976020364e-05 -1.775528021647045009e-03 -1.662866447441668826e-03 2.828425753554623945e-03 1.026638900885927562e-03 1.269332273771342371e-03 -1.611864942225722320e-03 5.155119910493993025e-04 -4.552505283381915358e-04 9.770012630390693866e-04 5.661924958137236173e-05 6.071487073150782067e-04 1.986879648690362753e-04 1.645964580406148034e-03 -6.087308094285014733e-04 3.883813598419295085e-04 -4.906232348066740315e-04 4.586559618273844266e-04 6.403133005110236108e-04 1.152877842686634950e-03 5.459691439999406508e-04 1.203515857074871631e-03 4.241205950789294905e-04 2.595491752339758535e-04 -3.001320429267103555e-04 -3.330830839944376215e-04 -5.133020502779531190e-04 6.912457627125441365e-05 8.344146906398173733e-04 -6.432701227119028533e-04 -5.599469512421515307e-04 1.340496124501988086e-04 -9.239542122104018630e-04 2.071594302607460743e-03 1.189239786863628402e-04 1.273396562767481043e-03 2.329609765027473075e-04 6.502997073332248855e-04 6.211500831347029799e-05 -4.385614802557822093e-04 4.194126301563763279e-04 4.020148109265963979e-04 4.387305729853056960e-05 3.599413585878179288e-04 -7.471240683564378581e-04 2.886257718360592944e-04 -8.268151965993335512e-04 1.530456732707800112e-04 -1.569405701060422884e-03 7.372366243360887420e-04 1.341756064422154832e-03 -9.886717910950043858e-04 3.665170009728790728e-04 2.705116495660597124e-04 1.138228998235076873e-03 -3.157987595121813929e-05 -2.815419581277042445e-04 2.929392244282933138e-04 4.717407166579972756e-04 -7.167486523322056302e-04 1.021947756066843294e-03 8.487081650493598058e-04 4.473916685825169858e-04 -3.102944759905555314e-04 -1.435565300015267812e-03 4.260706634449828350e-04 -5.228201396941379968e-04 2.466781581370659001e-04 3.874122661676191647e-05 9.116178284932342866e-05 -5.222968766058202691e-04 -2.097933799636946678e-03 5.200806935193865799e-04 -3.259411233586488187e-04 -1.679801990993665518e-04 -6.246897041754376819e-04 -9.341395980286960714e-04
1.322525152828075423e-01 -2.832637442594732741e-02 2.069868538917410405e-02 -1.016718942468120522e-02 5.110713052886064686e-03 -1.306139683976256446e-02 7.283950317315414369e-03 5.665090431750472409e-03 5.878163534979088424e-03 9.547761171668292524e-04 2.027707303961521004e-03 5.454302159731452306e-03 3.589762290051132232e-03 2.726254791737776472e-03 1.812751025092594051e-03 -6.595798766100733571e-04 4.579061281189422163e-03 6.430365226482626009e-04 -3.233048730645170319e-03 -2.093708947700222232e-03 1.425868096520813534e-03 9.018529663088500729e-04 -9.363211399290240385e-04 1.147689766871148610e-04 4.839515234740925662e-04 -1.130157211912508715e-03 -1.431020613275037602e-03 -5.868349271710082086e-04 -1.326687398731305635e-05 8.403645154580036657e-04 2.650566499124231128e-03 -1.445618004094847584e-03 -2.064398135330868910e-04 7.029933924578472089e-04 -4.356170169100453721e-04 2.972818456844811990e-04 -1.428715168578032499e-03 -1.232952003171114408e-04 -4.665352213813329886e-04 9.689217719344843805e-05 -3.569200466950366089e-04 -3.212470505127874030e-04 1.740693142294121119e-03 3.339607053478006282e-04 1.245277958325989945e-04 -5.745148502171899818e-04 1.437986933298409514e-03 -2.530532979252968478e-03 -1.161578487149163156e-03 -1.008784119384980834e-03 9.548871100623436458e-04 -1.166835082610924359e-03 -2.829538055018933785e-03 -3.529241275419041108e-03 -6.631625637067583732e-04 9.211532372269488813e-04 -9.137946257898688172e-04 1.413300096520699566e-03 -9.072544573997092790e-04 1.376340814025225900e-03 1.178932286666474569e-03 6.449921558365642954e-05 -8.738712746135247596e-04 7.308777537666669242e-04 -1.948655587204201805e-03 8.369378339141372337e-04 1.884927155467131790e-03 -9.196033535439282480e-04 8.379099733138225137e-04 -1.411188088791915946e-03 -1.698576653943306442e-03 -2.021785144167149474e-03 9.142041776959421119e-04 -1.047188680579635945e-03 -4.315173183692143691e-04 2.402911789290119678e-04 -1.417905225988462872e-03 3.198785508110150197e-04 -1.519498000635059482e-03 -2.811959135229082866e-04 -1.367464952258732247e-03 -1.240968115380049327e-03 -1.096858925840424326e-03 -1.338529661254189620e-03 3.996706456954197940e-05 3.295054397964106174e-04 6.361635521807693441e-04 -4.331016939478140877e-05 8.138404981219348952e-04 -1.011370750780128105e-03 3.990641497724910398e-04 1.675525014122123259e-04 4.915115570425360441e-04 8.626962652628140287e-04 1.317678250820755086e-03 4.700402503455574006e-04 -2.596151418388290463e-06 -2.241946266514294444e-03 -4.996474428701220671e-04 -1.051550281551443455e-03
1.927804054344740836e-01 -1.585903878694070943e-02 1.733026450921786726e-02 -1.462126855918729866e-02 -1.085263234733723804e-02 -5.011388591136024979e-03 8.143319188165361322e-03 -1.238726353927251111e-03 9.347618902513524231e-03 -3.282560236694665942e-03 4.771665875590446089e-03 3.118437920458314548e-03 1.770462275834901785e-03 7.025002807529786772e-03 1.692176667294805880e-03 3.626759465719031281e-04 8.251025871657052466e-03 6.651964178440395933e-04 -8.105211646606271750e-04 -3.109676881293789701e-03 -2.423071967039402714e-03 -8.059185229452452441e-04 -8.452640022856826871e-04 -1.445402916223709026e-03 -1.437379102396198855e-03 -2.139092962371786852e-03 -1.055552071126531497e-03 -1.937114654200559590e-03 1.628189279645478370e-03 9.751000440749260124e-04 2.021660247067371058e-04 -2.292705309547830427e-03 3.858216440777131190e-03 2.626394448206597915e-03 2.481528166854236363e-03 1.811841332176825775e-03 5.667979089694442701e-04 3.797225104734071235e-03 7.141177703436544328e-04 2.449806839711040878e-05 2.241865279069424962e-05 4.383295100468785795e-03 7.112201849731336904e-05 -7.025170993700003428e-04 -1.921394911806382881e-04 7.798199715474127876e-04 3.809421089177804365e-03 1.407666282290036958e-03 4.906714370592285546e-03 -4.638971059810350663e-03 -3.610500642671340076e-04 1.371666111912875352e-03 4.134680061316676515e-03 2.273190040098977164e-04 -2.244406855147923832e-03 8.724422951545886696e-04 -1.631763343732599509e-03 4.325519900458630674e-05 -6.444969505291815596e-04 -2.357783033920682250e-03 -4.361759881153578914e-04 -8.714713861647723240e-04 -1.062402125157049272e-03 -5.683100136938614322e-05 -5.069097206993091994e-04 -2.120178957401461835e-03 6.709541314643377614e-04 -4.769837492504601741e-04 -1.906531864603679171e-03 2.226316658777463889e-03 -1.136590360263903601e-03 1.698448680006074858e-03 -3.147528679829044210e-04 7.131899693637206187e-04 7.852242315462919621e-04 5.200235795445788765e-04 -1.199319948649369685e-03 -2.732541410920220817e-04 -1.022423976048968380e-03 -3.786787433065828107e-04 -7.724060872163717156e-04 -5.681765205522382395e-04 7.393684217497791021e-04 -2.053381694673980188e-04 6.210483448448879363e-05 -1.477136419177485244e-03 5.720564429610844109e-05 2.537747403005220152e-04 -9.622573857120710332e-05 1.029995291966536363e-03 5.337725914779480388e-05 1.157290205421063461e-03 -3.919734691711547220e-04 2.649830958048099883e-04 -2.688225905080310319e-04 -2.525915530466582007e-04 -2.454910450321052401e-04 -2.523607917585590278e-04 6.336296998587923664e-04 -5.188261940248216093e-04
-9.308143073569809245e-02 2.118426001086455655e-03 -3.421612040864131787e-02 -7.885450101712571103e-03 -8.733008997897098724e-03 3.311730303742848832e-04 1.673869504920370409e-03 -2.020812584953766283e-03 6.478744442058012414e-03 -3.954072901248324875e-04 4.039862869185658419e-04 1.248099105061083007e-03 7.376035909044610824e-04 -4.401917753017535570e-04 9.149608190051261233e-04 2.479167149419722583e-04 -4.342987693222256159e-04 -1.208856516256415345e-03 -1.904239467047459580e-03 9.293093523775713114e-05 2.155787899724636962e-03 1.835832767932664422e-04 9.720024612459157243e-04 -5.745486136074578424e-04 4.622299177414435859e-04 7.285429268394425341e-04 -1.545864825947584724e-03 -1.587148803103510754e-04 4.970306885802908934e-05 5.896008915228137092e-04 -1.906398799782691963e-04 1.129118891711611370e-03 -1.039314972144530624e-03 -9.223304190512853851e-04 1.771201210606009816e-04 1.464769144441520311e-04 -1.732313416115503627e-04 -3.562950049869618150e-04 -1.276909277511692562e-04 5.008160878720879262e-04 4.939375704983286564e-04 -7.757458863477136425e-04 7.738522298507511743e-04 -2.591529627942376342e-04 1.051865640693573200e-03 3.764883428053151582e-05 -3.765777136973753512e-04 1.363923827791791669e-04 -2.141694381984141885e-04 -9.174643318918272771e-04 -2.040178642193874001e-04 -3.040338870334917377e-04 4.990072455646005429e-04 5.241917512988113133e-05 1.638641506539004352e-04 -2.116060895195466757e-04 -3.221760297279490249e-04 1.177005169220842807e-04 5.503618339685920177e-05 -7.005597941873270259e-04 2.936818993453947147e-04 -3.850386024017916800e-04 2.352727498072104272e-04 3.357546111662476672e-04 -1.974702528052397056e-05 6.430330206648359392e-04 -1.864318156099634149e-04 3.407424281256789494e-04 -8.267243081567544893e-04 -4.808884571119712210e-04 3.578544293945046056e-04 3.277069511509341469e-04 -3.025112606076509557e-04 5.803201212366696161e-05 -6.806096401479373595e-04 -1.209798314634783579e-04 -3.573034466547581598e-04 1.893706548731928215e-04 1.667032903882681254e-04 -6.884717821134613046e-04 -7.563071866640531460e-04 4.956330917259169988e-04 1.799458021914698120e-04 1.248347093224848000e-04 -5.694806131653719133e-04 8.495624666579976126e-04 1.522760709045199300e-04 1.439752540484852546e-04 4.151336187205595255e-04 -1.038148787222824981e-04 -5.660772917719984971e-04 -6.921402752789288263e-04 -1.926995996334830642e-04 -2.203917884514291028e-04 1.247810113854181042e-04 -4.348916245833368398e-04 -4.992487432514761949e-04 -3.287058684051178802e-04 5.962161490322318664e-04 4.102329250720267509e-04
-7.680945967875492386e-02 5.640670750854592450e-03 -3.956039833942808642e-02 -7.948533789621379381e-03 -2.486714217945990794e-03 9.183035026848046772e-04 3.187344856001491852e-03 -4.247912339126427850e-03 7.463430407893469933e-03 1.618850679275586537e-03 -1.819427415554648831e-03 -4.611143959425598703e-04 6.609698979336413077e-05 9.092080075249816683e-05 1.710210219837640482e-03 1.819534944424907891e-03 -3.761292937948634949e-04 -2.623102312814541183e-03 -1.768489843981262957e-03 9.021948356415105666e-04 8.750996507188110339e-04 -4.640825533064498717e-05 9.288726582129300897e-04 9.884560335260144000e-04 -1.324059215730921885e-04 9.215136620959079369e-04 -8.704601742811429949e-04 1.322054467309437265e-03 1.395464777020353347e-03 3.287390071985801495e-05 8.646138419626912689e-04 6.655150840862882663e-04 2.393708761665199044e-04 -4.539433822982676418e-04 2.793494263912699193e-04 6.858449190386728704e-04 1.061973076018697432e-04 6.233972112074799533e-05 -1.107515116276874417e-05 -6.264998125729273268e-04 8.302913101733183816e-04 3.007125627264097033e-04 -3.299910330737215692e-04 -1.315745785336263794e-03 2.084315406787394889e-04 1.680588729904098700e-04 4.054840400870946232e-04 1.383207034691038412e-04 6.861634411192206288e-04 1.060201963493622758e-03 1.271543068929594867e-04 -1.057748010449559902e-03 -1.870843556269726805e-04 1.284521703546147558e-04 1.721705281924082410e-04 -7.608726913715901886e-04 4.515907124437303988e-04 1.591387046966456483e-04 -1.825015943559876643e-05 6.037789682931128237e-05 5.369794302724391073e-05 -3.367552773620844145e-04 3.520740046789323893e-05 -1.670271635002773753e-04 -1.552858723682605346e-07 3.012831733488967692e-04 3.835801734950346740e-05 5.545824054680645841e-04 2.726349393285511452e-04 -1.147614525763870192e-04 4.331487219298698417e-04 5.652456770481826273e-04 4.364532581476373847e-04 -3.883610895015836523e-04 -3.729359482043695341e-04 4.625244130130506991e-04 -1.416728999955518202e-04 7.770113648637999582e-04 4.228424787653503641e-05 -1.859109601209110122e-04 -3.917687628645305183e-04 7.772722276793262060e-04 4.606488186806549504e-05 -7.344679715263384770e-05 2.836716285213372862e-04 1.159905037857431899e-04 -4.190697674977958355e-04 1.260674478368477357e-04 1.582355923133570857e-04 2.285007672900772298e-04 1.294588237195495937e-04 2.960327959988442591e-04 1.206969024035800948e-04 2.625014203840054920e-04 4.885365835733412616e-04 7.539857134237185239e-04 -5.391438321573526404e-04 3.183568741160345861e-05 -2.116846338656639651e-04 6.198134237597064799e-05
-5.935371042127951524e-02 1.388946345429580703e-02 -3.758330277954168713e-02 -9.988044852098731594e-03 -2.270306003475692916e-04 -4.733880159213901817e-03 3.799740368468744467e-03 -3.456919351667966153e-04 2.479538978231615384e-03 2.549675456910921803e-03 -1.768592366889867266e-03 1.886202649231090171e-05 -7.022245538544991464e-04 -5.118830612735901292e-04 3.145540497806860675e-04 1.968452038895662608e-03 -1.363488293405357838e-04 -2.161541394239115208e-03 -7.340317047134666244e-04 4.482213755590982009e-04 1.069443103565837763e-03 -1.773522694385473253e-05 1.401813006725751917e-03 5.855532283070011756e-04 -1.280829473569330490e-03 9.892685504715530674e-04 -3.002777279199729944e-04 1.708748765381834468e-03 1.451857873313081764e-03 4.142952302119491843e-04 1.865568322969243537e-03 -6.991505670778013284e-04 -2.665832614035121501e-04 -1.497490224682191664e-03 9.925828241446441220e-04 8.375951512056820959e-04 1.285920997744783841e-04 1.533688673701133790e-03 6.645324805598092988e-04 -7.122045367112491473e-04 2.164713230365869576e-03 3.199374930694687822e-04 -9.550181782801782414e-04 -1.071619083579655133e-03 -8.867621669666938666e-04 -1.038955038737947789e-03 -1.291357743941146888e-03 -1.737244553425509831e-04 1.478853504668550681e-03 5.436114232383551124e-04 -4.669255576924513890e-04 2.751053320359709187e-05 -9.245846003997162683e-05 5.715809876282429945e-04 4.849850449712918873e-04 -3.477260366188095176e-04 -1.125403012759362874e-03 -9.748332116215952838e-04 -7.061095864538740816e-04 3.261166351402096787e-04 2.589701967379245311e-04 -6.818686171944414670e-04 4.258171075215857028e-04 -4.220275791506646035e-04 1.892697432852848225e-04 3.574640970396719707e-04 -2.419924384735546211e-04 1.529441528539478984e-03 -1.253126315319620697e-03 2.298949896961079698e-05 1.340573790693699602e-03 -6.044065647845116252e-04 1.691466436045891645e-03 -7.346464156779661009e-05 6.481831936232486304e-05 1.178941274864649027e-03 -6.344318289432060399e-04 9.260376515923278342e-04 -1.137246320676110029e-04 1.248432590936898647e-03 3.018055265030552799e-04 6.681533789455004107e-04 8.531433330328435987e-04 5.570168901846946422e-04 2.670164035316673025e-04 6.231029280268886783e-04 -2.437658147822647590e-06 -7.691852999840671301e-04 1.278408187669069279e-03 -4.993073074833601121e-04 -1.369812628592042333e-03 1.819107703825259287e-03 4.680872880928957911e-04 -3.117522517682827282e-05 7.927031768835164768e-04 1.048222275507323329e-04 -6.121712451407871226e-04 -4.160514793438249053e-04 -1.452475940030928174e-05 -7.939124442305045114e-04
-4.711800345505035709e-02 1.704469545590274124e-02 -3.963052730218147301e-02 -5.439879205728572094e-03 5.393893062533887221e-03 -2.350783753795921902e-03 5.282859244744561415e-03 -2.343165664053204432e-04 4.258578334950448296e-03 4.273423436730874707e-03 -3.992040026057266239e-03 -1.564028177589588727e-03 -1.155598259972477008e-03 3.158170159194653194e-04 1.747891621138291307e-03 1.070599133753339337e-03 9.427682680768092018e-04 -3.021818078510971929e-03 7.108758230066250083e-04 7.650729249938934343e-04 -3.916215204505261375e-04 -5.965827306682217968e-04 1.340987814749039421e-04 3.422892044802959381e-04 -1.621338619189385908e-03 1.551861328329697714e-03 4.522734019092992963e-04 1.386905072685054498e-03 1.335164481743710907e-03 -2.962260911058769313e-04 2.614663811602037022e-03 -4.672015636064939283e-04 3.620755694336636387e-04 -7.239311337467891749e-04 2.095051866165419455e-03 -3.588413759289808044e-04 4.159168813584340502e-04 1.764304371467828895e-03 1.342992889163815810e-03 -1.023989675243775280e-03 1.847971733318983347e-03 7.936126263447504424e-04 -1.156895350864294882e-03 -4.015398583546449761e-05 -7.729299705119081418e-05 -1.112018840049523423e-03 -1.326475669647183165e-04 -1.957615698860107215e-04 -3.469287121533237619e-04 1.936736912109581540e-04 -3.375010065253565149e-04 -3.367167413787649989e-04 -1.268450776789810820e-03 1.655525959010900995e-04 1.559387743735200782e-03 -2.519281270079375915e-04 2.313569839110775838e-04 -3.182430399169686110e-04 -1.233209332720742102e-03 7.972579765006466198e-04 -5.069207331065563689e-04 -4.242917068613705775e-04 7.907912828978236547e-04 -3.641109938705260887e-04 3.418762511294249446e-04 -1.559594299531313248e-03 -2.110980017066818105e-04 -5.182360773281298374e-04 1.708950471600750490e-05 1.730256411387057561e-04 -7.813916830523691013e-04 -5.579331676587664674e-04 4.483510741468762513e-05 1.472125498662728478e-04 1.045171888513418993e-03 -6.601338342499366322e-04 -1.823727438512495389e-04 -1.129438701793023837e-03 -1.307496639254930788e-05 -1.238968809205822697e-04 -2.960036935780024632e-04 -5.541196754239678928e-04 -1.158654911467018705e-04 -4.495896160792143582e-04 -6.035619661692752852e-05 3.599635987945289713e-04 4.492728192991802204e-04 6.060353959367835702e-04 7.550262391554041707e-05 -1.194194173728369647e-04 2.228609502202833620e-04 -1.780415700391900437e-04 -8.113156825926506226e-05 1.384028673445086681e-04 -1.113225991326708244e-03 -2.883230533821981275e-04 3.743935558922508963e-04 2.230349313748930821e-04 -1.677521400584625652e-04 -9.709899848464440984e-05
-5.278369579421987590e-02 7.304217136137167513e-03 -3.369780280597133720e-02 -2.820898161387240012e-03 1.147083448106180417e-02 3.255000954574797760e-03 3.442979327950601662e-03 -1.296014668850291622e-03 4.988434378714632494e-03 5.993028457404127231e-04 -2.833323430623718980e-03 -2.505166835986620717e-03 -1.877378324393606454e-03 2.010204227578779416e-03 1.897842638766681972e-03 -1.158797403453187130e-03 7.619783485550239970e-04 -7.770785146160723604e-04 1.825662353929903645e-03 2.856895259062818427e-04 -3.802889943579019008e-03 -1.217777492652246437e-03 -1.697719518122037989e-03 8.926511414310068550e-05 5.732897165287212772e-04 1.273529815728685578e-03 1.091434070241338204e-03 5.352805672524789957e-04 -3.830496662730254105e-04 -9.108886999202621534e-04 1.055529249399338350e-03 -2.711843562565926808e-03 -2.341696603212343238e-04 5.982767975819150257e-04 -9.142014627478250955e-04 -1.492888661380871234e-03 2.316977193323575910e-03 -2.140040167298435097e-04 -1.066039217803971002e-03 -1.270449187540970105e-04 -2.122959239853289357e-03 1.130028024265690304e-03 5.040801043040075410e-05 5.896294332873277177e-04 -1.022553320668717972e-03 -9.126678559671846458e-04 -1.217622100663725204e-03 2.450721825824074595e-04 -1.519636081578142506e-04 3.666396884673057727e-04 8.409373525082768433e-04 2.619260347860051912e-05 -8.416785456631645018e-04 -1.814214854082802449e-04 6.504983120428443682e-04 -4.740772561027945648e-04 -4.199348820485839743e-04 6.901564644500941988e-04 -8.506100566545016358e-04 1.240844599871743269e-03 -7.431570463868773443e-04 3.065212080833284287e-04 -3.233085935498323463e-04 -7.102707961076631243e-05 -1.326702840178537119e-03 -1.054004636553080307e-03 8.885392920087901254e-05 1.332049483780420969e-03 -5.931581113762790644e-04 1.512268306878999848e-03 -5.891796228837899076e-04 3.371010860342878450e-04 -4.009701716684171844e-05 -4.622666132708658617e-04 6.018745684807111720e-05 1.013188050097770269e-03 -5.591958719479140066e-04 1.347333453722970474e-03 2.988273020504338085e-04 -1.172375588122089030e-03 -9.883199126967077432e-05 3.254760536135218240e-04 5.262081680667026048e-04 -4.431109322705307162e-04 6.998609891791973854e-04 -5.044562514708216200e-04 -7.303770981442915663e-04 -1.348591860012327511e-05 -5.727550189366272101e-04 -1.905646550217704666e-04 6.206157450446025438e-04 6.292783693692593962e-04 -3.846610929576823050e-05 -2.440834008802044396e-04 -1.799070952220696606e-04 8.912976659923403655e-04 1.290548869053922661e-03 6.948926703804213277e-04 2.619566711402604832e-04 -6.156573309198081888e-04
-7.598010582146709491e-02 1.107379751770663431e-02 -2.758772688707585713e-02 -1.815049658725623530e-03 -1.807332849273843127e-03 -2.404793250287381220e-03 5.744998188566856866e-03 -2.335256522112015749e-04 4.627006104086545286e-03 3.508455649042457099e-03 -2.805164771206892799e-03 -1.472621929177564447e-03 -1.555464232907738289e-04 1.077531917374563962e-03 1.496498342903927661e-03 2.770343188911577876e-04 -8.517656041801680141e-04 -7.593607559840242355e-04 -2.512293709305801997e-04 -2.493127961469950786e-04 -1.428909138032010860e-03 -1.573049568162919899e-03 1.368652283991619650e-03 -1.302637046084067867e-04 -1.409932108787698493e-03 2.419086136885206708e-04 -4.968804525036395929e-04 8.707670050324519328e-04 -8.485671853366647931e-04 -4.362369025474074728e-04 5.055388356999009200e-04 1.147256097592247795e-03 -1.331198512452420792e-03 1.118060714246772985e-03 2.062789351093570651e-03 -7.997397703399242771e-04 -2.007442466819293198e-03 -4.256756175077232112e-04 3.449140272829276919e-04 1.138777693247331607e-03 5.858745117469633902e-04 -8.310481357170454875e-04 1.385833216962760472e-04 -4.089839275006252640e-04 2.187212203242327980e-04 -8.774272636888520716e-05 2.903022247121937174e-04 1.528669362363367851e-04 9.549935575689726640e-04 2.366514791484947199e-04 -6.496186593789132595e-04 -2.624884280922733389e-04 1.256084785427410045e-04 2.273929435782601709e-05 -5.724229480263277447e-04 -2.913517210741774959e-04 4.425977689529194911e-04 5.423231992179607770e-05 -2.759232085720268041e-04 -2.620193252549510104e-04 1.063649348233084140e-03 -3.665547256822016139e-04 -8.739404663582753458e-05 1.037430091770805493e-04 7.566695160651110705e-04 3.359940485121383665e-04 -2.875595608395223953e-04 7.365041769173722667e-04 -5.011539681213235094e-04 -1.128351537875533052e-03 2.132029744721898265e-04 -1.295659835048333436e-04 2.615072210584889665e-04 1.394249283958248428e-04 -4.565893218499810489e-04 -4.008658583622190221e-05 2.594657978956963016e-04 2.213538127979674196e-04 -6.199895291644125881e-06 6.675581792191359587e-05 -4.715884824521915852e-04 3.209946035652824531e-04 1.439611787386991474e-04 -6.610962750321359689e-04 3.936615993853578724e-04 6.626556640603159087e-05 -7.031224681271695234e-05 4.504617097042523796e-04 1.847467602772409124e-04 1.508169415067411011e-04 -2.475466270502885016e-04 -6.807447779279244974e-04 -2.725579541432826525e-04 -1.435374530293505833e-04 4.254045014390855071e-04 2.631839042709631263e-04 -3.439412815187716790e-04 -4.089319489401919061e-04 1.685208072360555261e-04 7.876846853566259188e-04
-8.807815861066525809e-02 1.857624953938252603e-03 -3.560743373168926557e-02 -1.036561346924723750e-02 -3.713352060576964077e-03 2.700587833638634638e-03 1.630690490274897897e-03 -3.599502032098755595e-03 7.431652429781561431e-03 -1.466535536395938448e-03 -7.530835408137273373e-04 -2.944119846735543475e-04 6.259792667366450647e-04 5.274307855013211704e-04 -3.290760566153298355e-06 -7.314072475580121746e-04 -1.493669006751453332e-03 -1.855419137006106625e-03 -2.122836884221268160e-03 5.733088217899773428e-04 1.038038014077379912e-03 7.206087726601591846e-05 9.856066543975931706e-04 1.875399141846416373e-04 1.342078482491305610e-03 1.171806410872851647e-03 -1.959044502524839946e-03 3.781189634554179180e-04 2.233217075846919959e-04 6.326901532931070377e-04 9.673093152239206063e-04 7.832696710515112994e-04 3.872805437909414945e-05 -2.480428492801358764e-04 -4.105441301178387498e-04 1.048947379282560164e-03 7.490431262425231804e-04 -7.361403095324760488e-05 -3.870283159581292703e-04 6.278973315454189222e-04 6.596750922228467387e-04 -4.541720144933724052e-04 -7.070060187055450136e-06 -5.285344733445718635e-04 5.541169966911882461e-04 2.775001778693145693e-05 -9.703104296236277960e-06 1.021037331270593885e-03 8.831533277603904625e-04 -4.617150872164573296e-04 4.407754563600919896e-04 -7.150849360726719032e-04 2.684493328799081855e-04 -5.277484403150958835e-04 -1.600019388528710720e-04 8.472387998644511031e-06 -8.912003597436332983e-04 -2.341254449917078823e-04 -2.745749827128955733e-04 9.755940491162384853e-05 6.535338748163701476e-04 -7.461938470355912196e-04 -1.647538829762177357e-04 -9.790727461157868502e-05 3.708261660542709230e-05 1.256490019437832284e-03 -8.794952483253423801e-05 1.252810833257965916e-03 -1.103452744189298718e-03 -2.517275923325172204e-04 1.124298396986250868e-03 9.290753059018457558e-04 -6.969500862614998150e-05 3.085034666497608956e-07 -1.866158429737432465e-04 4.680142771066570060e-04 -1.890783381672558568e-04 8.589069229027583314e-04 2.647722145126370154e-04 -2.553775515026815673e-04 -5.860979546724273161e-04 1.007508183288017634e-03 6.690085445569613886e-04 -1.355264118131421975e-04 -4.065894165987899225e-04 4.504119409983726010e-04 -2.589845936557717571e-04 -1.021643104841702814e-04 5.891576595106219876e-04 -1.262242252488971579e-03 -3.681815383108914450e-04 -5.549730842083741339e-05 5.439182102754767240e-04 -3.192131816808285250e-04 7.305292930551383684e-04 1.928991613347890994e-04 -1.240173499282860837e-04 -9.136819005282755749e-05 1.017249547634626900e-03 -4.439305540867033179e-04
-8.437564792105226030e-02 1.853819573825954891e-03 -3.644694406502217709e-02 -7.449258733837024402e-03 2.473666853249887210e-03 3.606392934498974662e-03 1.424323095116000922e-03 -5.782923147405445198e-03 8.796391877173261736e-03 -1.166770711364404148e-03 3.111630893634599257e-04 -7.350858943708071639e-05 -1.136021470626727772e-03 1.054062520361336627e-03 5.944032107172154532e-04 -2.463125818089905209e-04 -2.198486185579106753e-04 -1.821749176823706613e-03 -1.495941863228501681e-03 8.771516101133700408e-04 1.733315594333378277e-04 8.020696294931634138e-04 2.477295086619910806e-04 1.409452995578008329e-04 1.494681098055570265e-03 5.267906918225347688e-04 -1.175182296056061487e-03 6.740693887622897350e-04 1.050632850534055857e-03 6.847069802219106797e-04 -4.981256925758141140e-05 2.964303593884188518e-04 2.768137432034929366e-04 -3.512415572551053620e-04 -1.422194833814125706e-03 8.711119254253754792e-04 1.001138025745360429e-03 -7.763204589988853619e-05 -6.492676219534710682e-04 -8.945119646856787392e-04 4.813361832363235353e-04 -7.183165042289541479e-04 1.126382563326240680e-03 -3.257201351678346940e-05 3.908449505238933736e-04 -1.710591842855854827e-06 7.148554800416244512e-05 1.221479441649603532e-03 5.731658895880170927e-05 -6.008231614657661085e-04 -3.841658351876854822e-05 -1.248313862906847349e-03 -1.606571075600941628e-05 -1.057910154114514133e-03 -5.840648729881753711e-04 -7.182127567591746128e-04 -5.795639908135948601e-04 -1.663342582448691979e-04 1.122975193094880568e-04 -5.010950649030550567e-04 -3.604697526831720226e-05 1.761039131328468333e-04 1.201709538390727207e-03 7.529708377597855301e-05 3.352584906565625879e-04 4.334169085044423022e-04 -5.775365428219311975e-04 -4.371416815455603797e-04 -2.658889228164366958e-04 -7.776411671359508351e-04 8.175297244487664912e-04 5.437574659175612238e-04 5.537127104397148022e-04 -1.693834566543491555e-04 3.625197388675268978e-04 4.355026124003007096e-04 3.853492880940995202e-04 6.078707447587846377e-04 2.256191436822993848e-04 -5.271779735338111674e-04 -6.206610993825088405e-04 1.093344778948167253e-03 -2.793703060998983345e-04 6.353935540496419331e-04 -3.052179964010421210e-04 -9.037754473104709979e-04 1.472752680159471249e-04 -3.496997644618319722e-04 -6.006976572871068750e-04 -3.437201343269179654e-04 -3.412392936673394866e-04 -3.640403818428265001e-04 1.309071567030813230e-04 8.303792811161726166e-05 1.955775272085490352e-04 9.622347576127544496e-06 4.851607819081588764e-04 1.585721092691387937e-04 4.456787603240170955e-04 -4.421651160703284848e-04
-6.456447834212099279e-02 1.372711296314881209e-02 -3.237867918759528008e-02 4.006821832073453361e-03 9.607994542503718940e-03 5.261500495906370123e-04 3.918083585872323901e-03 -2.382062678508278970e-03 9.305322254395407069e-03 2.196648680520412854e-03 -2.427300709853843098e-03 -1.836711339626982123e-03 -2.757738811031600415e-03 2.847473252008911240e-03 2.674129318143477190e-03 -9.386884226904010408e-04 1.120663367463929335e-03 5.557062350821558852e-04 1.786694193911249383e-03 -2.741550781830774100e-04 -2.537157148178269955e-03 4.035655036601444503e-05 2.933321120420309160e-04 2.582434990692458504e-04 3.563497623996783278e-04 -4.388141370148855385e-04 9.058831842990995413e-04 2.193655993601869810e-04 3.341198361461580803e-04 2.944901086325045974e-05 -8.095046318495181890e-04 -1.111153979600814452e-03 1.029619715729776887e-04 1.109828055627811588e-03 -2.079959617754199071e-03 1.333019945301647409e-04 -2.506533324255918690e-04 -1.134006401826524594e-04 -1.472814489866342393e-03 -5.333297829781308199e-04 -5.448949773636590577e-04 9.386255462006607700e-05 2.955133780617264167e-04 -1.538955286761642372e-04 -7.174608515787875805e-04 1.349337852140026009e-04 2.248447714853556655e-04 -4.888259747953504195e-06 -3.856702996701197317e-04 3.712495951119651146e-04 4.531200101235212147e-04 3.941851504081354037e-04 7.830395847888322897e-04 9.524757090981449115e-05 -1.103358852825255757e-03 -8.339429523396256223e-04 2.383523813054670568e-05 -1.147632127002266796e-04 4.988825636684003379e-04 -1.002524786223768373e-05 6.727593207840918766e-04 -1.735516188234644550e-04 3.815925805911437262e-04 2.093484762337855768e-04 4.132662165647215291e-04 -5.469769439967486790e-05 -2.663006010052811477e-05 1.039805220456661196e-05 9.138966707023634187e-04 -5.932739933172933916e-04 6.532512909860316947e-04 -6.214061164032016592e-04 -6.385422121852925292e-04 -1.692846238286710669e-05 -5.035764900493345988e-04 -3.265002100242207468e-04 -2.970350268253313625e-04 -3.356130746595748686e-04 4.021222597428521689e-05 1.005668184017070171e-03 8.976277065341941230e-04 -1.040361620829548424e-03 -4.709708964858968822e-04 8.545511277556319446e-05 4.103733842370702034e-05 2.147010232427989105e-04 1.609719157916487736e-04 -8.228860907499615769e-04 -1.204354051868526383e-05 4.898315293673644304e-04 2.047734735229911622e-04 3.517753505898578437e-04 -2.892076800014221796e-04 1.242059566278088767e-04 1.388575593326248016e-04 4.445057652684937977e-04 -1.119959592236082022e-03 2.394778518752026329e-04 -8.602482577365283824e-06 3.181400008603822000e-04
-9.841907312132032459e-02 -1.227883136607906857e-02 -2.995195085384856626e-02 3.094733871931450338e-03 -9.077696571472441966e-03 1.647468759643388667e-02 -1.086522737230399046e-03 -7.703796870274275989e-03 8.824354527836858822e-03 -4.079382908307675921e-03 1.628825254841090048e-03 3.830030830881876649e-03 3.459583588876384086e-04 5.515277298172635958e-04 1.162520249170525578e-03 1.030935769005762032e-03 1.784875556893238558e-03 6.162669113763312532e-04 -9.386391747347652952e-04 -3.553695592995140024e-05 3.807819203821902979e-03 -8.691243420861727385e-04 -1.949992179651401829e-03 1.214753520934204467e-03 1.063702438081661579e-03 -5.950859908659714929e-04 -1.681042567873638951e-03 -9.166092370683990697e-04 -4.394169959318650087e-04 -3.099932793976221832e-05 -1.372974953604710283e-03 1.176353124201834572e-03 -4.461862336487440158e-04 -2.600950609570687816e-05 3.172628988757357927e-04 -1.644260709169581168e-03 -4.164811339865552619e-04 1.362827541149740735e-04 -4.312145176890960405e-04 8.082052166025896966e-04 -2.177162401687580181e-03 -5.961005622050724422e-04 -1.665385106395363623e-04 2.636187134620554084e-04 -5.167129549084352111e-04 1.405020041058069801e-03 5.099633703449840596e-04 -1.549677081688322728e-03 -1.208804106205963250e-03 1.652485272675288468e-04 3.942566728454521526e-04 6.268775903212318607e-04 -1.268830857897920977e-04 1.385596164019833095e-03 5.745764379108385953e-04 2.615420008263943702e-04 1.070071965729668889e-03 -5.932164181412765205e-04 -1.022322313352050675e-03 -5.191951627067437677e-04 -2.650725557664658743e-04 8.349604662933094541e-05 -2.771683425882388104e-04 -1.908711167894822016e-04 2.587067386008493584e-04 -1.477642224933832125e-03 4.464922618613133883e-04 7.582483813385949194e-04 -2.146611378861971943e-04 5.737778847889957916e-04 -9.567376290058063012e-05 -1.121849764878054840e-03 9.420616710155168107e-04 1.358566405815205891e-04 5.794805697774660412e-04 1.750037323650014255e-05 -2.750078215835930601e-04 -1.534801823885412067e-03 -6.895754408948831808e-05 4.806861379409789773e-04 1.821173261368338526e-04 -4.781669827599020783e-04 5.639432026782450818e-04 -8.769389073076719852e-04 2.310260402707089208e-04 6.296971666940430349e-04 6.311040133219594827e-04 4.072446638581751028e-04 1.305367981366333235e-03 -6.478117393887620036e-04 3.216705386700268528e-04 8.204309154923756240e-04 -1.415486456262949331e-04 -2.514335179235792036e-04 4.312985105153392275e-06 2.100961892744161432e-05 5.634191216064442958e-05 2.397307788774927044e-04 -5.020960774157705699e-04 6.226069440798405301e-05
-8.728209936625037912e-02 -6.885767199438941159e-03 -3.819753875647076413e-02 3.078324528394468275e-03 -6.685159875490277043e-03 1.372667725419433014e-02 1.562414647128038472e-03 -7.235335848253397067e-03 9.521780218668037324e-03 -2.704879183793822053e-03 5.420828636638850293e-04 2.206183072619041004e-03 -3.341879728052296584e-04 4.027229175028427415e-04 4.974349615123763863e-04 5.265094922259053092e-04 2.012691967048418386e-03 -3.201182600166537027e-04 -6.599480654430513052e-04 1.907306487575798418e-04 3.337384780168043547e-03 -2.197394356782127634e-04 -1.862396809025314509e-03 4.795025147914732614e-04 8.663553589743415396e-04 3.185656967093997231e-05 -2.359755485630428071e-03 -7.776248747301646924e-04 -1.386279556632125185e-04 -7.967405871589729367e-05 -1.367938666167139864e-03 1.388226121945249254e-03 -1.243021325416444791e-04 -1.310284951428825799e-04 -1.589423996647432733e-04 -6.235441330963980167e-04 -7.255880502989019718e-04 1.018831384914071445e-04 -8.864292283306938634e-04 2.765064354678396698e-04 -1.387138800012726854e-03 -8.073511930786882260e-04 6.795834400919598247e-04 3.128367445525479093e-04 2.694220119001256974e-04 1.488389055631655867e-03 2.674952767367392908e-04 -5.433929337013954607e-04 -9.490060838912531705e-04 -3.991462507162893262e-04 2.133926514756392695e-04 -2.177659237425860035e-04 3.603888151723637936e-05 1.329322404955290840e-04 5.119713774194074889e-05 -1.097532479711699286e-04 1.280169226404615813e-03 -5.669115643874351367e-04 -9.417854179933843675e-04 -9.376956446790229473e-04 1.687462160923371124e-04 1.142321493031994424e-04 2.211525864652141870e-04 -2.030753562279244808e-04 4.626579154754865953e-04 -1.118548442602785176e-03 1.961874122994338354e-04 -1.397894394061375872e-04 -2.174315780304865659e-04 -6.153313673532193983e-05 6.864427655705666290e-05 -7.678940506302129980e-04 9.059354891810147796e-04 -1.327913231832612633e-04 7.596670190457890373e-04 1.216608529317940516e-04 3.849094328124150958e-04 -1.111317743422790463e-03 -3.241064334911326417e-05 -2.435366529216279584e-04 -6.130690170855758415e-04 3.822419660768946580e-04 6.047069265740225800e-04 -1.567187331861743973e-04 9.998809213392073755e-05 3.696685520470961587e-04 2.844983947911576636e-04 6.493880253840377372e-04 9.144939595329143337e-04 -6.508752015415215138e-04 7.497221880748712987e-05 -7.719865368463826741e-05 1.839306177676011081e-04 2.782993773756189536e-04 -1.382473081373095656e-04 3.831255130928926654e-04 6.587104210876841039e-05 7.690959994557373502e-05 -4.040428508915106442e-04 3.140515109188024155e-04
4.010364678780476907e-03 2.142126995172910151e-02 -2.910785286046914735e-02 8.307322510995864343e-03 2.070541766559478442e-02 1.813775749897270258e-03 -9.353067202466869507e-04 2.771372132830437866e-03 1.188246833588502051e-04 -6.569697061794267613e-04 2.708044727803567793e-04 4.082953400252380886e-04 -1.592871450804655802e-03 -1.986569556305857378e-03 -9.619067558491657026e-04 1.264617896097807283e-03 3.389925019070999784e-03 -1.005639858066735733e-03 1.151172599226149389e-03 7.818399644337439055e-04 -3.207799943161574775e-03 1.104335166089853151e-03 -2.029819413063620182e-03 -3.001956413050092896e-03 -1.813876811056701474e-03 -1.306890270620615440e-04 2.619007568887574220e-03 6.602123540830157295e-05 2.178250432118075328e-03 6.883449157634013299e-04 -1.002639782491685427e-03 -1.764210735887555099e-03 9.224118273188970261e-04 7.810414212232857489e-04 -1.246985065840512446e-03 -8.012449028826864770e-04 1.929953778279366611e-03 4.151387673777894136e-04 2.028006366600872221e-03 -3.023138985710979720e-04 4.101792224780707332e-04 -1.460434942845515241e-03 -8.977227720327695228e-04 -2.641607649038697162e-03 -3.529322856568853275e-04 -1.149522187139982536e-04 6.721835374871054126e-04 -2.828049997361730544e-03 -4.974057638449898218e-05 2.410017195914466049e-03 -9.727825582521487701e-04 -2.357303825497400734e-03 -8.195325902194440515e-04 2.681510689340465582e-03 -1.142424338411763629e-03 1.918447179276357856e-03 5.223933131690284811e-04 1.453671003255804827e-03 2.895039139012641101e-04 6.438755953378445850e-04 -1.239957720002549633e-03 -5.884321947753356780e-04 1.262408903461798883e-03 -1.378812727692056445e-03 2.100212717685936731e-04 -6.344735992000389603e-04 3.205222104752957261e-04 2.239549289572595903e-03 7.246099779422914651e-04 1.804143432845423914e-04 -2.011965002684075292e-03 4.323585999855988926e-04 5.792358026326610652e-04 -1.531117547596562954e-04 5.101818900820274645e-04 1.236908152416167303e-04 -5.631788324047599286e-05 1.112403904005452833e-03 2.487465771994544039e-04 -1.302273882426292252e-03 4.745672798625232502e-04 2.201235253706718185e-04 9.539445909363108165e-04 -1.782141726616681861e-03 8.565975651577356989e-05 -1.875500716284097245e-04 -3.170164094978041979e-04 -2.504871767799718755e-04 -8.318614043619396397e-05 1.598100946711963682e-04 4.885764426594910994e-04 2.559545644406992676e-05 -2.521998571409558030e-04 -4.361755614147795374e-04 -2.045949869664884084e-04 -2.721046157057201956e-04 2.701135397108944593e-04 2.471625195982886467e-04 2.525080575332098879e-04 -4.363667904765964408e-04
1.146553048856931330e-02 -3.476510960456517113e-02 -3.444014197627848911e-02 1.866258262530273021e-02 4.573905039113793439e-03 1.164609130042943211e-02 7.130149990583702427e-03 -3.424373949758871029e-03 -3.305320251187765079e-03 1.043155741393190150e-03 -2.156113274453463837e-04 6.999058511764429287e-04 -2.999025393002027837e-03 -1.083789283503982376e-03 -2.902759140789206230e-03 2.081896057353661064e-03 1.209351775974870299e-03 5.952736251459407688e-04 6.018316405164626792e-03 2.133561914873309453e-03 1.177499362723122842e-03 1.289824335196834227e-03 -3.559129903206927070e-03 8.883932880550492314e-04 1.751303985630096264e-03 -2.575262791272109829e-04 5.674110205234376373e-04 7.117903988197264980e-04 -1.884510404433223070e-03 -7.354755561120058117e-04 1.249581319461886674e-03 -1.925137731455167211e-03 -1.265730322735988175e-03 2.067815994624956806e-03 1.115138885326077750e-03 -1.762173244017816711e-03 -2.255255207183178880e-03 2.198645088223729043e-03 -9.493457217490721680e-04 -1.912823893244373127e-03 1.133697838846705556e-03 -4.414790419643683335e-04 -1.140019042282987369e-03 -2.921194523728035228e-04 1.207339169006152587e-03 -2.865919900924592933e-03 -2.632753355139413800e-04 -5.953449949985266431e-04 3.340955997327082951e-03 6.602974846025130764e-04 2.096648697756208282e-03 -1.911897113261772215e-03 -7.273072852156943317e-04 1.825419680848025311e-03 -1.886377226503638174e-03 -2.421508797274375159e-03 -8.869301639754383374e-04 -2.857079957722421983e-03 -7.092588943187626456e-04 -7.033391779382628479e-04 9.249415632853287333e-04 -6.962270953371866048e-04 -6.842234509304324236e-05 -2.098271145861241131e-03 5.509675084482425732e-04 7.252855831026056889e-04 1.508210603198150129e-03 -6.582559368663493159e-04 1.682189361760092318e-03 6.648822340571392247e-04 2.430215509976015520e-04 2.915886669053008220e-03 -8.204782907240408974e-04 1.093403405813688813e-03 -2.285005270145132935e-03 -2.152477434058439228e-03 -5.391268353267371577e-04 2.270932965316841464e-03 3.683779626743590926e-03 -2.321525575451243632e-04 -1.255955114985767224e-03 -9.112740831706957027e-04 3.440662562495160406e-04 -1.058049939248358864e-04 1.725734489161417353e-03 5.018640231762048565e-04 -1.853189678727353929e-03 -1.895176126080679035e-03 -9.014893623575220274e-04 1.615249612714568777e-03 1.134325870552605853e-04 -1.821551628263942853e-03 8.877729994517817493e-04 1.134532103920160616e-03 -1.012728945098637871e-03 -1.739647624261579694e-03 5.152663176096378183e-04 -2.092084387577031364e-03 -8.931367201934760315e-05 6.708062495826072136e-04
3.996523492677345885e-02 -3.035210156908292340e-03 -3.907208061575401237e-02 1.410492881586838596e-02 3.860078529736553962e-03 1.118333900947239383e-02 4.994951205824601365e-03 -1.870686557977597163e-03 -4.458009751576124877e-03 -1.410245050594269084e-03 -2.381759340228264184e-03 -1.583300275657504794e-03 -1.814300599965505689e-03 -2.597810071316978241e-03 -6.050846454507124994e-03 2.348144833416442988e-03 2.710633165426799916e-03 -4.653309208802820958e-03 1.534189898638370570e-03 1.718715210275961140e-03 2.388120856809669307e-03 4.679470395874075518e-03 -1.104119966161291140e-03 -4.117620328962806435e-03 -4.768979897155249843e-03 -5.211095615609622964e-04 2.294144578433862571e-03 -1.171112437378688583e-03 -2.722751534725647259e-03 1.147262591553873886e-04 3.368774453165654631e-05 -6.065360130249581547e-05 4.097641275845933725e-03 1.230728206257149975e-03 2.246367498802127622e-03 6.275256807113505477e-04 -3.472507037482548426e-03 -1.665597805146649653e-03 -1.662839150301746846e-04 7.637998003102946891e-05 1.033663804570248302e-03 -4.373275649415956702e-04 -7.755265784497066602e-04 -8.543450391928550771e-04 -2.601462600678121091e-03 -2.973369979776145427e-04 -1.668465599521669991e-03 1.816654903538557895e-04 1.318260247037272934e-03 -1.102702163541454360e-03 1.070398844762352484e-03 -1.785119498211900821e-04 2.052597524708229312e-03 -5.972558998307763919e-04 1.240634538297911461e-03 -1.902087376144228617e-03 -4.584400209382788970e-04 1.982312342420208877e-05 -2.861569613247376713e-04 -3.694980705741334566e-04 8.103603726924164113e-04 -9.285171458624770047e-05 -1.465567225130812948e-03 5.924621433037391893e-04 -9.089428023614202915e-04 8.079916429585328602e-04 -7.930535487579268468e-04 -9.285965162583692360e-04 -3.438175239853463283e-04 4.316142422541785007e-04 7.701254457592941445e-04 -5.465641722937027765e-04 -7.777196584817414222e-04 -6.806254697854899382e-04 -1.443296362946759831e-03 -4.879674717203294227e-04 9.018442786462976118e-04 -5.271163746947031071e-04 -6.624452731496477615e-04 7.146891595855994154e-04 -1.046220935779785307e-03 2.695725028643177184e-04 3.240416156306927557e-04 8.688363924879296358e-04 -3.823280294140213244e-04 4.690702285706260018e-04 -4.297205669827146020e-04 3.088063870487275518e-04 4.064029310586808261e-04 2.008696800721524053e-04 -8.063428064529633678e-04 1.336464448664853523e-04 9.552062450492350290e-04 1.024210898881246001e-04 3.487860078671997481e-04 4.027055783467471217e-04 6.126765257495031644e-05 -2.597055406537966021e-05 -5.306583038887791991e-04 5.343959549454854350e-04
-9.675971612062846117e-02 -3.376226181152096112e-04 -3.381132971180271507e-02 -4.576714335837185274e-03 -4.903362956653320448e-03 8.465239501660904928e-03 1.220449503494299608e-03 -8.417164513382063840e-03 1.067832569593751314e-02 -2.683905807630086824e-03 6.457310924739833875e-05 1.573172133249677853e-03 8.533005705427709926e-04 1.029271420531768701e-03 8.545060221632544070e-04 1.602363890590686145e-03 -8.454915787295115516e-04 -2.052702780048519266e-03 -2.457146159712894715e-03 3.420708481269205917e-05 3.592251304996362665e-03 1.932451672929143684e-04 4.016704383108877152e-04 5.960861485750825872e-04 1.056470898992033485e-03 2.705301650142046118e-04 -2.086563164774451942e-03 7.288208352431988554e-04 6.933395523626852781e-04 7.301125363951522455e-04 -3.137836066107590479e-05 1.403616470357983139e-03 6.650402004588692193e-04 -1.239844418333180091e-03 4.950710190588912828e-05 5.608259291690799323e-04 9.676063268416144050e-07 -6.008831623574001883e-05 -3.116884589676858662e-04 -2.662784722634724903e-05 -1.302705388853749686e-03 -1.865181516930572908e-05 6.844797906435290446e-04 -2.318366262568115398e-04 7.503987937825999741e-04 1.070441543801433455e-03 1.221254123595086599e-03 1.488561362460280222e-04 -1.019458396692658753e-03 4.058987397131730073e-04 4.140088343230669031e-04 -7.530835709362009988e-05 5.514785752110513105e-04 3.073457079427800200e-04 -2.598094500560116696e-04 -8.051865241700522507e-04 8.652986788294651007e-04 4.356087906596369452e-05 -7.245932761430733799e-05 4.160552149089745953e-04 3.416071146065899626e-04 -7.434638925636708482e-04 -3.696542904510078309e-04 5.090612177083629446e-04 -1.524431876685807358e-05 3.874962011572677411e-04 4.223201720055270720e-04 5.801290807215878087e-04 -9.806975633905213750e-05 5.080941562822284043e-06 -2.209417764084309528e-04 2.456844889350520331e-04 -2.257310127936252198e-04 -1.233192338660826575e-04 -1.406325621219174996e-04 2.648861003303031860e-04 1.601207834033875220e-04 -7.979086811139305335e-05 -1.648838476980628407e-04 -3.944377523561934905e-04 4.504368973167860690e-05 -3.243911944592735720e-05 8.497472039260939823e-04 8.072818889348538386e-05 -4.869616283802059712e-05 5.250511168141939631e-04 -1.035544864174747852e-04 6.574122119551014873e-04 -1.408006154604591069e-04 -3.343348056098955669e-04 8.807005185363777299e-05 7.124627796938777090e-05 3.567906410610616067e-04 -1.592409581494094433e-05 3.581877254334260623e-05 4.818292989134966540e-05 -1.847220596711479710e-04 3.553494362224248024e-04 6.344222628930500400e-04 -5.853934431784815675e-04
-1.044118396788616399e-01 -4.076345251169224623e-03 -2.933611754615417927e-02 -6.438959971612865860e-03 -8.363835991507176729e-03 9.421415008735141774e-03 -7.165134102376574318e-04 -6.256172410359629905e-03 9.196805194106809356e-03 -3.827042048510132660e-03 1.853118328088809328e-03 3.178907479827641942e-03 1.118797771644260142e-03 3.004270856534030192e-04 1.440466520565593942e-03 6.556852676239842068e-04 4.932645820906531026e-05 -8.754735713910723541e-04 -2.533650398873394955e-03 -1.690170854785046030e-04 3.557390855924136806e-03 5.868604394338557606e-04 -2.822331151484802755e-04 -2.701730573746830922e-04 1.510314529302766778e-03 -1.317016600637064563e-04 -1.785786307566464629e-03 1.146047488419383171e-04 3.222882567150564407e-04 7.160626137937846272e-04 -7.894123303554304808e-04 1.107416394282414399e-03 1.205775655052257982e-04 -1.038949971213129833e-03 5.024345697537324282e-04 -3.122242022026983760e-04 4.709660992988873264e-04 -1.033963897189405065e-04 7.330269255465907152e-05 9.359177903633418083e-04 -1.781168583887504176e-03 -2.835186679802078951e-04 5.447221428790626190e-04 -1.825811536103274870e-05 6.742124049276988903e-04 7.063213368768938823e-04 1.114635417639824305e-03 -9.308698232527546712e-04 -1.598840182456254559e-03 -2.282250076857206354e-04 3.134862883636165411e-04 6.404206540006297452e-04 2.474626075691292813e-04 1.217337441384158366e-03 6.245850881114995258e-04 -3.343350900912442011e-04 5.981343763895745130e-04 1.849354459574786315e-04 -7.253775772332196690e-05 6.141008700950107086e-04 -6.990326833272155968e-04 -7.188058091115113925e-04 -7.342452913338160274e-04 2.468690298594618379e-04 -3.652198467353937831e-04 2.352995295248098897e-05 1.625875550051701385e-04 7.448027157642367552e-04 3.610455073150155140e-04 3.055758837291211189e-04 -2.621184597083337777e-04 1.092172588304327215e-04 -8.039557715382545863e-04 3.293698610391422046e-04 -4.942987008405945459e-04 -4.602231213774711721e-04 -7.541791954943864165e-04 -5.742218690124297007e-04 -2.890057391284563582e-04 -3.727977916778534430e-04 4.152639623329925614e-04 -1.056548978015531010e-03 2.838700940782444668e-04 -2.487339224446960453e-04 -2.111394254635563393e-04 1.579247828586922585e-03 -1.615734077241110173e-04 9.538659997367574656e-05 3.637843202679411536e-04 -9.255440657200947991e-05 4.110470212292248633e-04 9.813865767256795003e-05 -3.649980440890874200e-04 -8.169958547042978358e-04 -6.004555027244843930e-04 -4.333450096293651956e-04 -3.185138783156638833e-04 5.068066013994943853e-04 4.407478614840289297e-04 -2.806109265936908119e-04
-8.354424194456816499e-02 -8.301174310891191619e-04 -3.405565923717401855e-02 -7.810006947751552131e-03 2.467023674516824819e-03 -5.817162074877751422e-04 -8.753569672790394033e-04 -9.007187456502406889e-03 8.857876139981265065e-03 3.694693451444964073e-04 4.498753937873880312e-04 4.712377884740292329e-04 -1.441030492095421315e-03 6.282004210169331044e-04 8.689530565855508063e-04 2.951941791294285765e-03 -1.132326240230172899e-03 -2.066947431196194170e-03 -1.985443950676735615e-03 8.331481238167452947e-04 2.024345840146031614e-03 3.917395946175393408e-04 1.308721545957095608e-03 9.996849588657357594e-04 4.473066849528577410e-04 -3.648545952354481843e-04 -4.922171744896974106e-04 9.485833406345321045e-04 2.346394758124350100e-03 5.516163554731801869e-04 2.616153811511628046e-04 -1.430186431683027877e-04 1.423651464891354098e-03 -1.288215508861845996e-03 -5.792768942248047604e-04 1.579223118843122017e-03 -2.866130210244936848e-04 4.320511590354836492e-04 -1.377763303644105413e-04 -2.607732361313508818e-03 5.225119914969068738e-05 6.397771528136366468e-04 5.170030632898796677e-04 -4.882769870519683701e-04 -4.392183353247891575e-04 2.571018510448292035e-04 1.259542882149774449e-03 7.783467179571004193e-04 4.771384337050998671e-05 1.393602066148086870e-03 -7.727906669054582993e-05 -1.286197617917819551e-04 4.826263953303853407e-04 -3.272122422374568835e-04 -1.183757765960169331e-03 -1.324020947507313032e-03 7.807057664585285084e-04 8.054288099690170828e-05 1.417567530294834522e-03 9.034502168669205583e-04 5.598163448054682299e-04 1.459695999635214885e-04 -1.591547519946723169e-04 2.181860761952508342e-04 -2.909163657961801142e-05 3.731650909347672125e-04 4.200415537433935991e-04 -5.866112375836077470e-04 1.250784012405839821e-03 -4.199824970412816732e-04 -1.836310868521369097e-04 6.837301038682398703e-05 3.650186367817711327e-04 -3.152726373193319247e-04 -7.228601168196414992e-04 6.817952805296704707e-04 5.736818766366325734e-04 5.096049255414234315e-04 -2.553841551408482405e-04 1.072016315612663029e-03 1.071280432049567105e-03 -2.179078981304392816e-04 -5.932152589177876190e-04 3.096864421374547838e-04 2.367718871483371463e-04 -9.557684362496777272e-04 -1.984464269056957614e-04 -5.226041925355156062e-04 -1.179480859914815031e-03 1.820274155571375207e-03 -3.970702619409513154e-04 5.617869642987206175e-04 6.760084530690414545e-04 5.380632286127416675e-04 4.029933518083828091e-04 -4.009085316003857861e-04 -1.330073373996154768e-03 -2.725723930189654609e-05 -6.980159641067303945e-04 -3.690682139240070462e-04
-1.057000390896560976e-01 -2.646260736383862847e-02 -1.085958732653121740e-02 -1.570036797240366780e-02 -6.347972461202892186e-03 4.723978982432358760e-03 -9.449363640586775151e-03 -8.885291131810513915e-03 5.596566302022317179e-04 -6.297452837822521687e-03 9.497426640869773050e-04 1.621719063179632081e-03 -9.816676968690235105e-04 -4.499707617956650999e-05 -9.999272785653000144e-04 -8.440307911907825485e-04 -1.618895094207375594e-03 3.885578472149090541e-04 -1.559599413520763910e-03 -1.323827673104109907e-04 -2.674836604782306472e-04 7.911108166401756552e-04 -9.327422477995192616e-04 1.318084436518543500e-03 1.094637034159984170e-03 -2.902722078295457298e-03 2.523573209714252783e-03 -2.703862424670095332e-04 -1.515820375519373862e-05 -1.771299471292956751e-03 1.509084002266633225e-03 -9.078832068854429487e-05 5.369202221171790086e-04 1.662287973409258773e-04 -1.444792587151573970e-03 2.316257713674886500e-03 1.273737154038422038e-03 -1.504756121382005464e-04 -1.749112362712879629e-03 -3.924577893283881058e-05 -3.536768658811483370e-04 1.453582673983608861e-04 -1.391098330649581617e-03 -1.397613440580379928e-03 -4.938009470839609203e-04 -3.853310878036542543e-04 2.318537125388285764e-04 9.190536540850657030e-04 1.845108192489833298e-04 1.655385614778909307e-03 5.844783491187753761e-04 6.796760430238208773e-04 -3.128695662240356650e-04 -7.185063357987924674e-04 1.066920020117332561e-03 9.585208742344658844e-04 7.484914963643213900e-05 -7.502561198505565973e-04 8.248340459925307313e-04 -3.236404123104550225e-04 7.875970093800684600e-04 3.108679765473235730e-04 -1.456475664154649290e-04 -3.352467037377945824e-04 -4.077741915883065422e-04 2.816450071486548416e-04 -1.046466887645692103e-05 -3.343828624012010003e-04 -3.823151904854004443e-04 6.552876086647996083e-04 -1.217524368937264630e-03 -6.499733927725209748e-04 2.810870226394695845e-05 -5.340308612015614881e-05 3.835664200713214842e-04 7.373745741045868729e-05 1.052244036219999361e-03 5.422118665412155357e-04 -2.345088222811762531e-04 -4.997746886306982843e-05 8.660327431415105462e-04 -2.703043944262617992e-04 3.355380436153945788e-04 -3.917011417459463022e-04 -4.170936192560244422e-04 -6.350166491424559002e-04 6.939300434115235538e-04 6.798348565374323811e-04 -5.828207048041239785e-04 -2.665742921734709633e-04 4.511569323639336328e-05 -1.888961324841140947e-04 -1.029867770191316300e-05 1.181123911965349470e-04 8.444698771712220054e-05 1.166525026823844675e-04 5.909676275992583380e-04 -2.608818633662200672e-04 2.828915300425909399e-04 2.931510198519092459e-04
-9.318737251882572292e-02 -4.632933548723801309e-02 2.153104457225296295e-02 -1.220329617103402264e-02 3.993098535425944513e-03 1.231836951109191664e-03 -1.203164691053983451e-02 -1.209310906887225284e-02 -7.837189855746463972e-04 -1.825210478039299405e-03 -3.948927256992767858e-03 -6.541770213857667823e-04 -6.453657823852834707e-03 -1.119516236062340553e-03 1.765956300519045145e-03 -4.986439068024612481e-04 -3.539025989972127391e-04 -7.078742366662822130e-04 1.351601622598856169e-03 1.081645046578201368e-03 -6.926485622753940233e-04 6.475738356283987265e-05 -3.850694062917208978e-04 2.729722075589232320e-03 -2.527228898231603533e-03 -2.157014467587317890e-03 1.242654336079609175e-03 2.801911619424005714e-04 4.266049456029217266e-04 -1.901045613978822289e-03 -1.713088062525209166e-04 1.488926747821737702e-03 8.183763375555513269e-04 -1.574043839919506626e-04 -7.722119653744713040e-04 1.573098981186090047e-03 1.526375012483654255e-03 1.631333663729705747e-03 9.015105123996674076e-04 -2.618549127131595037e-04 -1.372326407557704266e-03 -9.439454810286710676e-05 -5.527885702252642716e-04 -7.336482928892235555e-04 9.027055917283620130e-04 2.279812159034620526e-03 -5.020226089243856040e-04 5.305725928326945982e-04 -1.962596983617732557e-05 -7.125875103327054154e-05 5.668337510156105799e-04 -1.020285998891878399e-03 -8.305793390284538745e-04 -1.404338207745170388e-04 7.939645527981706048e-04 6.351681567245690604e-04 6.519055087392692854e-04 -1.813920513598677754e-04 1.124925677154081649e-03 -9.784302589655009211e-04 1.474971749504156490e-03 -7.457244745632633787e-04 -1.282203033506789346e-03 -3.901760938579045207e-04 2.855892531057456648e-04 4.391027701472475413e-04 -6.521596749162792512e-04 -6.991814983367790684e-04 -1.347559950484982514e-03 -1.060279552671581802e-03 -1.968065945758501153e-04 -4.566980551403476479e-04 5.951016645983505347e-04 -1.281021772204302535e-04 -5.170484891826111805e-04 -4.744166193483996395e-05 4.263383461998990535e-04 7.903306678304679051e-04 7.703673088430365318e-04 3.139635920101894084e-04 1.897385659849084953e-04 -5.285038791163394496e-04 9.315836320886614020e-04 -1.319772394041295559e-03 -6.917886205537089345e-04 1.223382003550352257e-05 -1.441831306316482242e-04 8.101730688129870706e-04 -2.271082758848239460e-04 -3.910372063874508071e-04 4.045806081371118275e-04 3.512005753506402574e-04 -3.738561229150374620e-04 1.794769750927403579e-04 -6.192654974244574465e-04 -1.333384520883131453e-04 4.377425513714849523e-04 2.969390797032691015e-05 -3.358287215100607737e-04 -5.540429205539646861e-04
1.145220952500078521e-01 1.476537602500110902e-02 -3.620002658519756288e-03 -5.331428162398165263e-03 1.612260862959870658e-02 -5.234856168855410961e-03 -6.359809686440714939e-04 2.886973660001100356e-03 -6.280009357664165237e-03 -9.740524455703198888e-04 4.518275893407601787e-03 2.565213296983945897e-03 2.110958321598162317e-05 -3.027933016813959526e-03 1.705833232924984337e-03 3.080706579903499465e-04 -8.986996336094072195e-04 2.567115371550395399e-04 -4.522827947201643606e-03 -1.233941267553725170e-03 2.761482233908588678e-03 -6.211866027294620472e-03 -3.152964495165716009e-04 -3.478016944506453090e-03 -6.818104098776397830e-04 -3.873407694704604325e-03 5.574765774005481641e-04 1.228243818616095656e-03 -2.597004776950212045e-03 3.328066715126440454e-03 -4.523230413149092024e-04 8.568607628817613217e-04 1.612181729559648878e-03 -2.501577998826598741e-04 -1.859978703907297012e-03 -2.961275316555874153e-03 -1.953339455786289958e-04 -3.000239631938079804e-04 1.465680297127980010e-03 1.908714069687430029e-03 1.111023186829799506e-03 -5.418393458714258065e-04 1.468677370521940433e-03 -1.327225845657872307e-03 7.416420152508943365e-04 -2.037423992214850278e-04 -1.480783999160445626e-03 -3.904676681753067240e-04 5.726024262669169099e-04 1.303026722760125284e-04 2.755989006209918352e-03 -1.015878471502500461e-03 2.849736998650946400e-04 -1.275701038801664534e-03 1.135657640756558475e-03 -1.599154122010195116e-03 9.100406616598506965e-04 -2.019940227592453581e-03 3.752467604754821523e-04 2.044941759223546976e-04 -4.140328090967776908e-04 1.955193761318280588e-04 1.508212537002442282e-04 -1.720150557019727911e-04 -7.735533395057015045e-04 -6.824513146287245922e-04 2.399996702614927554e-04 -8.228281038968118929e-04 7.248835512637124721e-04 -1.735702891316797270e-03 -8.258719527387044929e-04 -2.769439371143779939e-04 -8.111287099068980678e-04 -8.233117957506365728e-04 3.478921974481256484e-04 1.751034996929106866e-04 2.543046798456426822e-04 -5.422593485328489711e-04 -1.299335459470909928e-04 7.432223370595112495e-04 1.424199172079230981e-03 4.619069457381858360e-04 -8.057158159614412698e-05 7.106290177175563199e-04 9.015548056835910725e-05 4.692783245364378730e-04 5.860796944206159370e-04 2.367912472153637976e-04 3.140818280513213217e-04 -7.185441413128550777e-04 1.445453454438340392e-04 3.105605360105092336e-04 1.595444445052059883e-04 6.535848199920406536e-06 4.930638168358006780e-04 1.127851093656310382e-04 -5.449135879596823029e-04 -3.799347765314210317e-05 2.023981898022079496e-04 9.540005302290749075e-05
2.715980211897792845e-02 2.188317871440770626e-02 1.088935508808953727e-02 -1.122526983502638784e-02 2.019306860318914251e-02 3.329428885539090568e-03 5.947723299876625513e-03 1.069972814083146144e-02 -7.569625987242770138e-03 3.513340895221620571e-03 4.524630516497938140e-03 2.983778806959352394e-04 2.486607940827605546e-03 9.999206743033903135e-04 3.850416505592067079e-03 1.176409119433522756e-03 -4.176180035042717682e-04 -4.409651204378464131e-04 -6.187793675235643900e-04 -2.053135281748511010e-03 1.540787934732155669e-03 1.326126123672147781e-03 1.662922121925594350e-04 1.483638415566557092e-03 -1.313645915017039572e-03 -6.698447661538372543e-06 1.653135810932216919e-05 2.042209003891275014e-03 -7.718487723969493517e-04 -2.855237003478615018e-03 -3.207859740523868433e-04 3.644124417929953553e-03 -2.948245696879801207e-04 7.545515930274199288e-04 -1.748127787124034715e-03 2.237479435310647888e-03 1.711082620727499403e-03 1.592014802929515296e-03 -1.207201491930814420e-03 7.469064316830998371e-04 -4.851308675088616875e-04 -4.194979799248068383e-04 1.388836409262697580e-03 1.142994051893942743e-03 6.021548004558301267e-04 -2.252114382744244386e-04 2.727260824318528923e-04 1.291885378823325568e-04 -1.205364191925161962e-03 -9.987092022027020330e-04 -1.898970906989552732e-03 -8.038879394367505959e-04 -1.000768148484902512e-03 2.551716276737526871e-03 1.156584563407813456e-03 -9.161700933411005062e-05 -9.487861646191469468e-04 1.230279149852536984e-03 -2.908999973296822264e-04 4.165941733586775680e-04 1.839235274277708446e-03 1.193989979205583706e-03 1.275893303367615483e-03 5.263980937633942628e-04 3.274487372912806399e-04 9.605866421702613381e-04 1.255709525629710799e-03 3.926218662388681322e-04 -5.388538288605268164e-04 7.952306270494153900e-04 -4.119356860877174467e-05 5.846116205073138969e-04 1.785740335062442217e-04 -6.044932732452383941e-04 9.752396642247521640e-04 -2.465873471022328499e-04 1.021787203479726470e-03 9.283242039255074594e-04 -2.442493273644615872e-04 -5.695797645538824329e-05 1.044737627032711570e-03 1.066831598968418339e-03 -4.218635352943699967e-04 1.074654116020016051e-03 -8.684120748385967380e-06 -1.946353160905606606e-03 2.646912841077387495e-04 1.782762539465870106e-04 -5.627724547783473710e-04 1.174305743437489575e-03 -5.570616558055272588e-04 -6.051230139856878112e-05 -2.562912809224221142e-03 6.745233282002054088e-04 -5.538177320042802837e-04 -6.224727218147051199e-04 -6.020272025535924844e-04 -2.186613231597471247e-03 -8.417741885856200963e-04 6.949817737180531739e-04
9.502333813400780371e-02 2.355103474456058874e-02 -3.570350545608175306e-03 -2.990810158477603432e-03 2.289416518953270308e-02 -3.897328253742328615e-03 4.976511435715256495e-04 2.065208437017441133e-03 -7.869399275076517999e-03 -2.322135491708607986e-04 3.433058520766449177e-03 3.435861529965187743e-03 1.080647108643252932e-03 -1.256019818915903551e-03 2.505383312363280990e-03 -5.878546508068330798e-04 -8.655127035592230641e-04 7.055950549724242325e-04 -1.368005490155961438e-03 -1.826823229888191805e-03 4.329917955321479009e-03 -4.166058075174765979e-03 1.101633025488782608e-03 -3.417416974025287994e-04 -4.506745641263250552e-04 -2.539030176395186932e-03 1.068633623102455523e-03 1.674330711002613038e-03 -1.355710255023976534e-03 7.182240184236139257e-04 5.522702774492417458e-04 8.846859621983159687e-05 1.152985403786484318e-03 -8.123694009250799876e-04 -1.544215106749102437e-03 -1.914580546093456461e-04 3.801425410472699003e-04 -1.112539840459172372e-03 -1.970057986239123781e-04 1.693578764190945603e-03 -1.008746052381736787e-03 -1.086836915186039379e-04 1.438603682134860420e-03 1.418536763301854855e-04 7.938537112506274763e-04 5.366048123836072038e-04 -1.844573504920058848e-03 1.081176190119359590e-03 -2.512213125874657917e-05 6.329726562703264772e-04 5.094208822316330289e-04 7.097639753646649849e-04 -8.204386473178677591e-04 -5.906566300114154911e-04 2.916232577549919070e-04 8.446669272470642802e-04 6.641686213143729173e-04 5.525501868641338266e-04 -1.087243491714068224e-03 -1.004635013041530454e-04 -1.337922508461696373e-04 1.781285024786601881e-03 -6.260977946063117855e-04 -1.932504814901218155e-03 2.243983208662510189e-03 4.694713305781801778e-04 1.438282808262568348e-03 2.352953361793328553e-04 9.995783766905555826e-04 1.382172398262648642e-03 -5.200674309119443983e-04 8.212536270992600853e-04 7.645534734658014598e-04 6.246293958356973625e-04 -4.496130177028956473e-04 -5.203724110367076655e-04 -1.217832147672296122e-03 1.131218171690161054e-04 -8.206833428383792164e-04 -1.046604906984625882e-03 3.184685397692999225e-04 8.399085417346141948e-04 -4.939012688342828920e-04 4.740103128476159636e-06 -2.914209290690846030e-04 -9.121281786732160935e-04 8.619575151257012104e-05 3.416857427197498030e-05 -2.871733914618557117e-04 -2.361900599802247531e-04 -1.910172306988033267e-04 -1.728521660502921190e-04 1.192473417155839486e-03 -4.669445595754807940e-04 2.637370596552459658e-04 5.736411427301413507e-04 4.255854157711296817e-04 1.327635972657739260e-03 3.293247983661469350e-04 -1.591499381833325188e-05
-5.369648616099936128e-02 2.669502017402834368e-02 1.597702638941301753e-02 2.004576738533910343e-03 8.496030382505511541e-03 6.828671698455129370e-03 9.216572144354766988e-03 4.878043515041920013e-03 -2.452148863211099736e-03 2.357011418444622270e-03 2.555103759652509708e-03 -2.133016368526641227e-03 4.635877107102928142e-03 -5.302961584001700214e-04 5.673158716544319732e-03 -2.127035752794736480e-04 2.201641940971703175e-03 2.764539470329727307e-04 8.872170299582829650e-04 7.197883930092212638e-04 -3.279096347633440704e-03 3.409126704114241041e-03 2.025124651602819715e-04 3.112602413878032444e-03 -6.768682187047706141e-04 1.291972893589759652e-04 1.867757791121572820e-03 3.341112183301899515e-03 -5.072321197597843764e-04 2.369865144002184767e-04 -1.285354789362043448e-03 1.999449249963887627e-03 -1.134133167868300917e-03 -6.177788356514452104e-04 9.967828943297720075e-04 7.117361629538299312e-04 2.377479397934567727e-04 2.139381241080261752e-03 3.546070960363100909e-04 4.511898192519003749e-04 -7.676495471285167769e-04 3.069068696761870820e-05 9.459833057798579695e-06 1.424830607347823540e-04 -1.445363265494751474e-03 -4.664577876164840731e-05 1.034700724062402209e-03 9.847534080806103418e-05 2.018958115051318141e-04 1.497754420030239118e-04 -1.571529375164090660e-03 -7.303203285820124161e-04 -9.451851233512628767e-04 5.682288314052744279e-04 -9.169569198146209753e-04 -5.303328368257619009e-04 1.278384153129272314e-03 -2.410267190089973068e-03 1.300273543280794277e-03 9.037377776209611644e-04 -1.952831734690220261e-03 -5.010839955807950370e-04 -5.531069226264493472e-04 -1.474788797439571071e-03 -2.101206789187061398e-04 3.719283313198089845e-04 -9.977381169022823092e-04 -9.707619783324131267e-04 5.958513805842263495e-04 -6.308289870786380087e-05 4.498952712804656762e-05 -1.211440007278683077e-05 -9.107679901640223239e-04 -1.132559208517581670e-03 -4.758685686435575393e-04 -7.375577611096347484e-04 -1.746639312592350142e-03 5.594430322231416525e-04 -1.676088661114392454e-03 1.115238557687883670e-03 5.390316772038978134e-04 8.529055353113415257e-04 1.234905785175852404e-03 3.827587002165501852e-04 -9.628316050077266814e-04 7.875612621510344859e-05 -4.284947228807597214e-04 -8.903595546545017619e-04 1.082839160162116145e-03 -1.762752163608323312e-03 1.245364817902835843e-03 6.528142870466589721e-05 -6.533821336890199101e-04 3.747137625987347455e-04 -6.896037622701041382e-04 -2.042031548613083706e-04 1.084441839760731663e-03 -2.220243192964261797e-05 -3.023161458228397079e-04 -1.454994310207184845e-03
1.724239740770095244e-02 2.396575020610812803e-02 -1.787738814888360089e-02 -1.983728694457826021e-03 2.481622696797599129e-02 -5.457631733758645104e-03 -4.238250990093335273e-03 4.567071840418162817e-03 -2.825173098388024558e-03 -3.496227098474415009e-03 4.140180396064089760e-03 1.587331052978644460e-03 -3.241908540547319088e-03 -2.984979907017556132e-03 -4.399348199148164404e-04 2.279436064290308022e-03 1.236034197930883927e-03 1.535731415905017489e-03 -3.786862152446916849e-04 -4.782734481822404856e-04 -2.551126368234374765e-03 -2.979362330913812567e-03 -7.058993870850411700e-04 -1.122708194621160590e-03 -1.443377691858613397e-03 -1.899884976297783786e-04 -2.085935076676843393e-03 2.124263262467889803e-03 2.736279128843746209e-04 5.513310860586712134e-04 1.152893471847109326e-05 -2.689458172750478025e-03 1.452636479361765114e-03 -1.132315209830265200e-03 1.342890366185366764e-03 7.375884225535242478e-04 9.942245266617883315e-04 -1.812318091251858328e-03 1.194644084234506247e-04 -1.871322972755951660e-03 -1.902879257788610235e-03 -1.385754757297946249e-03 -3.252150359754023539e-03 -5.683590642559188883e-04 1.713594309916318932e-04 -5.288174619476841004e-04 8.950192128797752672e-04 -5.279655762095680874e-05 -9.011702214054330157e-04 -4.312453516997705118e-04 -2.479093357271569889e-03 2.398203528975977451e-04 -2.715488453480969524e-04 8.226662493662030345e-04 -2.116547629904674138e-04 1.972043372906725611e-03 -2.409425480943221641e-04 1.191912035514193415e-03 4.598437062317078613e-04 5.863815391458103215e-04 8.073196232881465996e-04 9.996635776249563840e-05 6.701301230745029640e-04 -8.069786357762724193e-04 -1.300329949420655346e-04 1.281812213928499060e-03 -9.681394903237637095e-04 3.084711707222427069e-04 8.895668021947668314e-04 -1.440956612268580526e-04 8.983710194038153820e-04 -1.308678186433668601e-04 5.926763456140944744e-05 -1.027535423325320971e-03 1.094470085094793193e-04 7.190326735188734683e-04 2.332056890462883708e-05 -7.384530373610037482e-04 1.069223785823659187e-03 7.408656453275814136e-05 -1.081610250257714095e-04 -5.439317438782291904e-04 6.124365950079293500e-05 -8.059501408229177190e-04 1.079533632988512008e-03 6.986735001274239822e-04 1.080181608291583490e-04 4.151664822347689516e-04 4.950454293674275185e-04 3.022193690040674832e-04 -2.620611486508265218e-04 -2.603134507596011667e-04 -1.688620586967752070e-04 3.896422645046963514e-04 3.659332468091735027e-04 -2.905188405211407785e-04 -6.954412602622334885e-05 -4.025656686299125780e-04 -2.581678971589732616e-04 2.745586318944264284e-04
9.911187658100829162e-03 1.460994295107013487e-02 -3.234030510514075002e-02 1.184150105852320792e-02 1.198320704220646842e-02 -7.447787485547973339e-03 -5.398897973469658773e-03 9.889970418254350956e-03 -1.193081504436917066e-03 -1.790879553263952768e-04 -1.601683588291360639e-05 8.473303259694945407e-04 -5.035292822272509870e-03 -8.662861781683303154e-04 -4.818309210692127485e-04 -3.202382217788703937e-05 2.852204536646402340e-03 1.820940409490699220e-03 8.831376537405669818e-04 -1.920942987262346446e-03 -1.900696749117273968e-03 1.397882652240358325e-03 9.221056552663955009e-04 -2.962601889448617659e-03 8.839077277168882335e-04 -1.523802033435049967e-03 1.284289602839134821e-03 -2.650086695118221512e-03 -6.441596363586415052e-04 6.843703160842899084e-05 -5.943022181495286093e-04 -2.889256960908981927e-03 1.531956653901714142e-03 -4.007975523065029216e-03 -1.154773093413223334e-03 2.288509591886679195e-03 -2.326868284254508118e-03 3.600435806835668509e-03 5.003047571618140675e-04 -3.352630796584436107e-04 2.863696461619399600e-03 -1.131902742444643043e-03 -1.145689843922575351e-03 -2.218579501258057234e-04 1.822823170264473418e-03 -2.287999736289304895e-03 9.664616933309455550e-04 -2.055262667473496587e-03 -1.540824015463278761e-03 2.222635917855727173e-04 -2.380253012657652413e-03 9.329926947548558601e-04 1.840103195610666171e-03 7.536105982810537571e-04 1.117649860019181377e-03 -3.949916814694699654e-04 -2.356081233228292957e-04 -1.554815557507909169e-03 -5.585019907224477494e-04 8.556983825168062129e-04 -5.976975393469957827e-04 8.467124081777318287e-05 -2.198368037105637596e-03 2.305092133485306480e-03 -2.052234728983208544e-04 5.736912120989578426e-04 6.281615481422794149e-04 2.457461165546064030e-03 -1.278414161526311276e-03 -8.896368866565650818e-04 -1.000400559253181339e-03 8.967864696163535109e-04 8.154648017051334971e-04 -1.078218989344245142e-05 1.838635295929363402e-03 -2.265129127928257292e-04 3.021493114763560296e-04 4.548964130383448354e-04 -1.480867065575827506e-04 -5.472804016740607982e-04 -1.807455301987823169e-04 8.518189708787183038e-04 -3.177191144323892355e-04 -1.225745065764939157e-03 2.863562979066064818e-04 -2.579913504121582779e-04 -2.536926983403974684e-04 -1.354655987148736633e-04 -5.252338430260627532e-04 -4.080587938056692431e-04 -9.849781192951414339e-05 5.264922615971001424e-04 -1.248093257852876399e-04 1.292369141006600411e-04 -4.166259229093366033e-05 -7.178605204244385305e-04 -2.937263107768802632e-04 -3.312010739710098076e-04 -4.035582158882436302e-04 -2.008668832930695844e-04
-7.293569128650542743e-02 1.126815942029298599e-02 -2.567478013541950668e-02 -3.825640104611594504e-03 5.291998749244587394e-03 -3.154317774553615922e-03 5.903925817618143300e-03 -1.575746890859352697e-03 6.661889007069742193e-03 4.446758085109168285e-03 -2.989622894969889803e-03 -3.221774721449488857e-03 -1.450268457791941291e-03 1.617745792690294991e-03 2.389822706825320275e-03 -1.566293064531535783e-03 -4.979616405644345014e-04 5.841827985241721715e-04 8.944605516618116346e-04 -1.304879794447383258e-04 -2.678846452851446364e-03 -1.088302847095730125e-03 1.718369208992597073e-03 3.260369718215634150e-04 -4.597482503778387453e-04 1.165776454627715479e-04 -1.084008830080112956e-03 4.385146941492189905e-04 -3.152293800053897178e-04 -8.652192866344877087e-04 3.013406802739975452e-04 1.157748103106374243e-03 -3.579244407638151187e-04 2.118520491801152792e-03 5.726369260358450761e-04 -1.295053131099984875e-04 -1.738478124098057249e-03 -1.318363332607530407e-03 -2.669378346372329393e-04 7.316195856712165782e-04 1.286043364524762486e-04 -2.658893605112555071e-04 -1.687334338358259999e-04 -4.617751723417318579e-04 3.613854444504469693e-05 5.143878561379551734e-04 1.517568900091061318e-03 -4.750880261514495249e-04 4.433650528955664343e-04 1.013087750598775516e-04 3.278729511687319335e-04 1.198066997070854352e-06 5.705180398525706810e-04 3.531149420386105647e-05 -9.120036468033067582e-04 4.267986867649990789e-04 9.530309156910929527e-06 -3.416810079695745958e-05 -5.262205619424675069e-05 -4.614253969127458965e-04 2.624664818412929775e-05 5.142954041786341459e-04 -5.171025850242813755e-04 5.781839701110643055e-04 2.162671039129192253e-04 6.828875496156730377e-04 -4.138282482148442228e-04 2.028883735527738368e-04 6.705657108655087382e-04 -1.791807382609231268e-04 -4.160150212729124075e-05 1.424105622134042362e-04 -6.101385022393034010e-04 -1.506015846959315541e-04 9.088359516437170165e-05 -5.215830600848493648e-04 9.772139707902617600e-05 6.156457308255739455e-04 -2.010534664619209025e-04 1.369644822638339549e-04 7.800727341561215647e-04 -3.290157259562383131e-04 -1.191926748242182459e-03 5.904782001031874585e-04 6.682297544410552032e-04 -3.495728705969761087e-04 -2.569971582708671350e-04 -3.864116565500215678e-04 -2.865076021115965568e-04 7.315450850509700679e-04 2.107998698791871135e-04 2.853445373737703030e-04 -3.573240000633619773e-04 -1.602135488043734523e-04 -3.333777924705119450e-04 5.505988750947072175e-04 5.116013949897960621e-04 1.833922660997896049e-04 -5.095387694902530100e-04 -1.452342926276174490e-04
4.650932487637311763e-02 2.018853099038076318e-02 -2.394502452603137002e-02 1.653507882161350806e-02 5.474346066725845061e-03 -1.204695655130749374e-02 -8.264123475465326787e-03 1.335321789108219123e-02 -3.653631574287105350e-03 4.725388153190041018e-03 -2.626426434099173122e-03 1.495811740416209566e-03 -2.441724201040597949e-03 -1.774011787473807550e-03 -3.389526201503090925e-04 1.156312926516542034e-04 2.112622814829973657e-03 1.424947409828192625e-03 -4.930696336107132181e-04 -1.694771366999204979e-03 1.720507088762021197e-03 -8.174639385571775500e-04 1.621361556744736884e-03 2.953210894765264489e-05 2.109822750289113140e-04 -2.906313967866054875e-03 -1.844557623691570427e-04 -2.448540013429797556e-03 -4.867546525809533006e-04 1.201477745840889106e-03 8.446561667763188277e-04 5.176177669528461223e-04 7.431961648735873347e-04 6.120271916959631534e-04 2.191713856887835942e-03 1.480519927588606422e-03 2.192052453822935284e-03 1.640921600741388755e-03 4.757278091903214190e-04 4.141220721508657976e-04 1.046204011865350513e-03 -7.363504111907570983e-04 -2.237156005235647492e-04 8.763216169173640912e-04 -1.017342002722226163e-03 1.330634171174881371e-03 1.496977857574973087e-03 -5.146905176908861922e-04 -2.200562828161504308e-03 5.024842229115835963e-04 6.564945520230453099e-04 1.405776194042080655e-03 2.346736787864883017e-04 -3.621562968355813224e-04 3.257002103961424591e-04 1.336740515370661618e-03 -4.768643340604047118e-05 1.670096858226136245e-03 1.541711269221581956e-03 -5.333103613331113824e-04 -1.247025711534241162e-03 1.376890934239843227e-03 -1.012671377327126719e-03 1.449550732604062021e-03 7.277171160239972797e-04 1.809324819595644349e-03 1.393095647576583079e-03 -2.190557371305116956e-03 1.772363093116837644e-04 1.691003448689580016e-03 -1.226909317615354738e-04 -4.987605725023235449e-04 1.206724970355751211e-03 -6.173678280941057516e-05 -1.138976161987410125e-03 4.104662685983820444e-04 -4.487358291237428264e-04 4.299517304633573671e-04 8.610500948193703773e-04 -3.873055527433554870e-05 -8.211722059628173351e-04 -1.857723107209780476e-03 2.056949592421490093e-03 2.608735284070508916e-03 2.069939668262259802e-05 -1.601011154976534701e-03 6.312372667335069054e-04 2.047650037611215175e-03 9.285776786841660330e-04 -1.031138310003276541e-03 2.351114378679680184e-04 4.692655581658422277e-04 1.372015856480765083e-03 -1.024166997654903100e-03 -4.907461262143385889e-04 -2.664506919292333308e-03 7.764324479031002113e-04 -1.352533213405643147e-03 1.581149011326603510e-03 3.596878146715894392e-04
3.940097455149841471e-02 2.915016444982898927e-02 1.413183105128965403e-02 -4.991437383267582212e-03 2.443556696542027382e-02 2.706101444154764869e-03 5.148280098838360977e-04 9.275129086959189861e-03 -6.660686831540287879e-03 1.572812840777572168e-03 5.217416865231613680e-03 2.502749430231967966e-03 2.941134019223572149e-03 1.537941776770051193e-03 4.726093469348800931e-03 1.931705484885258822e-03 -1.953467384479116477e-03 -1.238912066317746649e-03 7.226804452161728065e-04 -1.585699704076999920e-03 1.276677168767167926e-03 -1.412813984597551019e-03 8.832095584404439865e-05 8.980765402189901320e-04 7.084970647381518406e-05 -6.334333417100669042e-04 1.894400931210416146e-03 2.013234736462753550e-04 -5.340529481239542683e-04 -1.664209242636695719e-03 -1.724947610796851794e-03 1.978585448906405257e-03 -6.064942179763618520e-04 1.194937818106761021e-03 -1.281018734041992424e-03 1.852661515805507269e-03 8.113470967917047741e-04 2.978586309861094112e-04 2.095833615229592494e-04 1.607587626837026461e-03 -9.506497990889607437e-05 -1.655045029656737740e-03 -7.504053295835908834e-04 2.541339895403487781e-04 1.611291420522394189e-04 -5.762375076580986697e-04 1.245728660585349859e-03 2.785507220686302241e-04 -3.561654519669517956e-04 -7.626891032726755559e-04 -3.026617899743954906e-04 -1.420248795544630429e-03 1.128422232102190134e-04 3.853628113202876870e-04 2.115387398860574810e-06 1.192474600926162571e-03 -4.662508862489408014e-04 1.507147523809954310e-04 1.235172404891458561e-03 4.087857850835011899e-04 5.615597797795766384e-05 -1.300770615972957457e-03 1.504053807383824281e-03 1.541669579422961936e-03 -7.354430948595785380e-04 2.090424335184538505e-04 -5.895083696604852541e-04 -1.065405708678533210e-04 9.248132901988290753e-04 2.559547838968967773e-03 2.055004299058589123e-03 -1.861775228079964829e-03 2.326153773452684786e-03 -6.000399750255066688e-05 5.387024449885674309e-04 3.274110511002203006e-04 -3.390167211505802592e-05 -8.925307630383551511e-04 2.868258212238629715e-03 -1.539275442270525754e-04 -9.445134754836016170e-04 -7.769115063756907571e-04 -1.124293845854668701e-04 -1.716524558170041742e-03 2.275778275749413757e-04 1.181162562404618893e-03 -5.870480415859777789e-04 7.763823490476996466e-04 -1.102334152100141245e-03 3.138201635891869836e-04 9.467917124298446600e-05 -1.068054928133486872e-03 1.857809425608747660e-03 -8.652417941503081961e-05 8.080003324290168385e-04 3.543950993834567298e-04 2.548200922090656763e-05 2.211265192536387893e-03 7.130463065244422791e-04 -9.758116827911176845e-05
-3.900346196213371613e-02 1.680091229387077612e-02 2.342999989124692345e-02 -1.135853770488139819e-02 2.004471213414436848e-02 2.302823037645752684e-03 -1.409554334067141066e-03 4.575127092856507219e-03 -1.479553376350863656e-03 -2.213256456432462389e-03 4.133727213918040634e-03 1.939313811299519120e-03 2.041102270228248999e-03 4.467439722530235427e-03 2.797825744314368698e-03 1.128659923254999317e-03 -3.132828367224225249e-03 -1.043897591937835998e-03 3.814303744863950692e-03 8.824929830954959808e-04 -8.707880565787602840e-04 1.225419624499701895e-03 1.423273236867482298e-03 2.408543669096072353e-03 -7.632237786110711731e-04 1.181711733925318525e-03 -2.528102126175884256e-04 -2.214135671095527995e-03 8.110360720278581839e-04 3.852155752702635040e-04 -7.798388502771003931e-04 -2.156715080001720547e-03 -6.249514733913643033e-04 -1.491955040363787286e-03 6.003828084625555811e-04 3.865344413515234257e-04 3.820832631165306325e-05 -1.381987962704442742e-03 7.734910801813224763e-04 4.734156329851149322e-04 -1.785930442499434744e-04 -3.732602319012484084e-04 5.360763349388676787e-04 6.127277681859782379e-04 -1.529490681170599196e-03 1.346631851393215954e-03 1.040940227089495827e-03 -5.334576095085982001e-04 1.060012857691350167e-03 -3.149616822612189243e-04 3.316079215188245033e-04 9.023298987029077051e-07 -1.932817839664306269e-04 5.419946723066741603e-04 -1.127924772557011620e-03 -2.435751379121413405e-05 2.213796513287200583e-03 -1.011135244909617788e-03 -6.538234390569899474e-05 2.924024330686547050e-04 -9.361919294853575596e-04 -6.526344627119393203e-04 4.645091879501624262e-04 -1.245474424913644847e-04 -6.922080986730556581e-04 3.833816414085544372e-04 2.951336634559926673e-04 -8.173857287509673488e-04 -6.014844268297267715e-05 -1.227275923235068855e-04 -4.924442005208999910e-04 -1.162542869995490278e-03 -1.664615082777345348e-04 -1.174589724959449431e-03 3.700557255004526761e-04 8.385782911782096701e-04 3.918587789048777448e-05 1.227029615522518295e-03 -2.182542295961406034e-04 1.717646153743743838e-03 8.362739995573043115e-05 8.177916698576821308e-04 1.437431638490390415e-03 2.546235913407737458e-03 -4.054126921041711885e-04 9.682058522341530169e-04 -9.336375404375783348e-04 -2.349202823132957136e-04 1.016205128191503913e-03 1.028061221220295590e-03 1.598034002889780992e-04 -6.376839299506712648e-04 -3.289264078095137638e-03 -3.375164944434124272e-04 -2.878476239381351114e-06 -1.392916075876511790e-03 6.631902384883152759e-04 -1.828066235705623791e-03 -3.883400155143020135e-04 -3.670776722751880423e-04
9.715989658441595567e-02 2.699841196457545764e-02 -1.468923445557547211e-02 1.378827730231261053e-02 6.952889506885441898e-03 -7.930290090982434689e-03 -1.168369753824480273e-02 1.389551469956572423e-02 -5.315325726723655296e-03 1.955269086449498532e-03 -1.909808694114287133e-03 1.643957818552733768e-03 -2.928346507712125887e-03 -2.599724100130020900e-03 2.061410095980435470e-03 -1.046283190900323826e-03 1.011191211860459720e-04 -1.167665664417160418e-03 -2.140494392716901263e-03 1.998032299123351938e-05 3.844346559196042557e-03 -1.420019202262871232e-04 5.755058609188138047e-04 -1.177209447516594553e-03 4.451196587738093582e-03 -2.629549335407426348e-03 9.829395278569937403e-04 -1.805150314862274431e-03 7.806820547086759481e-04 1.691845551558316090e-04 2.603745016093586290e-03 2.615439997559830532e-03 9.070660921680725910e-05 1.608156690889943851e-04 2.316381570883358984e-03 6.498949961886791096e-04 2.519602222404902794e-05 -3.394102021207350841e-04 1.505834299711412538e-03 8.195966135427247275e-05 -1.937339175859958268e-03 -3.465745123109735841e-04 -1.574717082284087096e-04 -6.428889092855231665e-04 -9.172261001457121879e-04 6.040073135047213616e-04 3.402872835538928663e-04 4.454895697674089022e-04 -1.368007309867683673e-03 -5.253992417239274028e-04 -2.074487715454565080e-04 -5.638446673902891012e-05 3.381273609953887435e-06 -3.294181659223685056e-04 -7.372073490810369760e-05 1.333703777869229418e-03 -2.307768738206205717e-04 -4.304059220716674699e-04 2.204599913520687655e-04 1.298432012181852991e-04 1.411378572614129532e-04 -6.642525750658549027e-04 8.633477600409362877e-05 1.118624940018902265e-03 4.315305376255470647e-04 -8.299923039004791000e-04 1.108317945934703987e-03 -1.136208127754637478e-03 1.041645752442854882e-03 3.299591173873657273e-04 9.205177111409367560e-04 -5.248837012276716006e-04 -2.455212104510498257e-04 6.634246455008032230e-04 -7.477056909447114775e-04 -1.290398154333014847e-04 6.031086828820526489e-04 7.718348081757024637e-04 -3.796097340745491704e-05 1.025887979347575541e-03 -4.928970390873789031e-04 7.445398229199364122e-04 1.034960871200987353e-03 3.751979809863938077e-04 9.808760663970022273e-05 -6.031671794802281449e-04 1.184763122521937610e-03 7.481383942640279722e-04 -7.399084193840230108e-04 4.331600301392726760e-04 6.060694104988048571e-04 5.961099248533931368e-04 -8.818766372279855182e-04 -5.070856859246212480e-05 -3.709216420455564315e-05 5.881917550689567476e-04 3.624450224849623276e-04 -2.710954752122552401e-04 7.052539973983504122e-04 1.998836855693251699e-04
7.953090153443041765e-02 1.778021815597943117e-02 -1.876684960735338151e-02 2.361634668423797517e-02 -7.447535587801383875e-04 -1.276774423681695421e-02 -1.314694596815092244e-02 1.752552564292182008e-02 -5.103375907993237294e-03 4.684210492863159422e-03 -2.109593147393288431e-03 5.793923770005503238e-04 -1.952102125764409134e-03 -1.264482898601300507e-03 -1.034402053416880830e-05 -5.362285040064078195e-04 1.723282469199926984e-03 -7.693319125070813410e-04 -2.036862735448165002e-03 5.019232901752412965e-04 3.529173653987236359e-03 2.891797416148882377e-04 1.604090421673695383e-03 1.770284638896396732e-03 1.461925087033379839e-03 -2.861148917154432685e-03 -1.049021034835930606e-03 -1.259175355943837954e-03 -2.465212690830792031e-04 -2.960363723984469958e-04 1.208664548857254053e-03 4.180966835691263413e-04 -1.780761835323708703e-03 5.106589320948572326e-04 2.090198381061916539e-03 2.220344702625295583e-03 3.923663359630332435e-03 2.533078896418468340e-03 -2.379907037575117559e-04 8.317566016118161472e-04 6.645922776117072590e-04 -1.599659216990421528e-03 -1.311526099265855768e-04 1.371973460771549894e-03 -2.059132061549400101e-03 7.318256341453363610e-04 2.462490445862934585e-03 1.282592061263087635e-04 -4.383712250859326479e-04 4.840691799808588330e-04 2.650456615576342757e-03 1.329654395217174084e-03 8.166854473162305427e-04 -4.713265014131827230e-04 -5.728763333637740263e-04 1.244623034361434094e-03 4.486458181206857921e-04 1.154223169876617992e-03 7.080294151733651899e-04 9.606420628522174040e-04 2.204884922735160524e-04 -3.502753600371145319e-04 -2.436234394828260264e-06 -7.828820069041487377e-04 -1.288491808378087241e-03 -1.630069731534129600e-04 -4.706895896017003543e-04 6.349254708418914598e-04 3.840804930355381591e-05 -1.104556645696447509e-03 2.536365690383146328e-04 2.895607348388832235e-04 -2.893505682252074597e-04 -2.692573982299445247e-05 -9.336759917188123441e-04 -3.379376095820920523e-05 1.909273868755122054e-03 -6.225735604678490692e-04 -3.350099322381106448e-04 2.630170621354086815e-04 -3.911228708485407811e-04 1.519200591836914827e-03 -5.892069567931575028e-04 5.946413429687687560e-04 9.529360107877203655e-04 2.345450274364577399e-04 2.390132015487450839e-05 3.711229534964036202e-04 -1.251589617209271322e-03 -4.099907307475692767e-04 8.854165204298386092e-05 4.667368448032181965e-04 -4.925463667371335645e-04 1.069542541228810616e-03 1.870645273858405615e-04 1.019715836209148831e-03 1.298902604390787417e-03 5.468762575718159403e-04 -5.240538426019224986e-04 -1.989433696266064856e-03
1.302926818730762715e-01 1.236991451575573074e-02 -1.176522876843352078e-02 2.387270596657184094e-02 -2.302709364270381226e-03 -1.259274474359366180e-02 -1.350690281444022825e-02 1.258193934219547713e-02 -1.838420288303511821e-03 -1.490976595030271126e-03 -1.092358584456703825e-03 -1.910392006319589072e-03 1.413034960136082914e-03 -4.988953056735204172e-04 2.174188777856419976e-03 -2.146472525178177819e-03 -8.080529288082481621e-04 -1.526023536090979167e-03 -9.629290679475528128e-04 1.341001632799172956e-03 2.896668837060838424e-03 -5.316111937124859150e-04 1.085471094067616505e-03 3.422668368075922410e-03 2.474466605371075569e-03 -6.220439241227047585e-04 3.962754611923893690e-04 7.399610692011531887e-04 -4.965745806644671989e-04 -1.608885142309039121e-03 1.016670832290876743e-03 1.904428736288722593e-03 -1.528867891336361650e-03 -6.992023508964217331e-04 3.379564213435381722e-04 2.006168859434464310e-04 2.729719497437359775e-03 4.224295718167846137e-04 -1.131915640227956201e-03 -8.436068773754008474e-04 1.711329596995193447e-04 -1.038348668689541591e-03 2.935050513265885985e-04 7.124189964026603943e-04 -9.506734208768050564e-04 9.372998079011462093e-04 5.016222376681969339e-04 2.452308257486917361e-04 -8.439876705904175952e-05 4.706284417145901512e-04 1.147341420475409554e-03 1.035190120348154254e-03 1.259936908609112990e-03 1.321994078996548182e-03 5.468346725009038713e-04 6.446575792788915424e-04 1.689798575535531944e-03 2.148479039740632240e-03 4.994878282994468909e-04 1.624095193325666390e-04 9.170026366696752999e-04 -9.556563668855045475e-04 -5.335016286377591713e-04 -7.383798319684138113e-04 -1.508772968183312840e-03 9.732983498529828648e-05 -3.010306913804652526e-03 3.908719166291045339e-04 2.023524660640101016e-04 -1.175104609419917257e-03 -5.059865294571370313e-04 1.234184419829583573e-03 1.458010081648341335e-03 1.216099990380863907e-03 5.378544743048544428e-04 -7.010131771284590406e-04 -1.567366409970239989e-03 -1.310744984926950516e-03 2.493600344200067867e-04 -5.172959893927025045e-04 -4.311235523464570910e-04 8.757056363674078307e-04 5.232061480904903012e-04 -2.527151445867280430e-04 -4.321912284237812288e-05 -8.186291103575416526e-04 5.268698853576314059e-04 -2.400662517408325407e-03 -1.005384710893760100e-03 -1.651868889540208550e-04 -9.661742836592461395e-05 -1.826925323501034414e-03 -1.187883921044498737e-03 2.085735524989821166e-03 1.261272752602250833e-03 2.341167083735844114e-03 1.190295151866690949e-03 -2.410911528695578593e-04 -1.016883843430625147e-03 -1.133175678270163063e-03
9.734386353434776318e-02 3.260106455635294193e-02 -1.694956441621990606e-02 1.567344854444897850e-02 1.594659503886370830e-02 -4.623579547271719319e-03 -1.185678127275084127e-02 5.602748975214417310e-03 -3.488946587390666203e-03 -5.246042727157583518e-03 -4.819720289944669830e-04 3.177869807247989207e-03 -3.619676218226341134e-03 -4.232904719915042517e-03 3.604828164790046217e-03 -2.862901126242260513e-04 1.241363721287583582e-03 3.067013934372019696e-04 2.608083305099622947e-04 -1.549160088598385086e-03 1.922539471487102634e-03 -9.224114458787909627e-04 1.329989191657449631e-03 6.469169798036602820e-04 2.544926109478040654e-03 -8.065490155133426913e-05 2.196185738887673072e-03 6.952880343262040578e-04 -1.155033022511147648e-03 -9.709791542147184302e-04 1.321465016612271637e-03 1.338812579800703314e-03 -2.588949095625776723e-04 -2.157686923065878747e-03 -1.651031859459882022e-03 -1.405136229216928396e-04 -1.789992014928482511e-03 -1.578893740954283873e-03 -5.609441283902663698e-04 -7.394300651986455682e-05 -5.472050309976929545e-04 2.251672451662233791e-03 -2.445714994908297873e-04 1.654930873235843810e-04 -3.476157733368237892e-04 4.720629811474821424e-04 4.463216615774060424e-04 -3.530406998298742756e-04 1.596589705567473408e-03 -2.753683574122623833e-03 -1.351451984901969050e-03 -2.916438150741610638e-04 -8.246636151284000415e-04 7.083989412401760265e-04 -1.299950906422223541e-03 2.965829587252063505e-03 7.753840171562811174e-04 8.262423556320658237e-04 2.814380468257577468e-04 1.549707264768927046e-03 -1.895505057104405859e-03 -1.229200481786548978e-03 1.610413792731948870e-03 -3.377782668746143278e-03 9.608408971890203655e-04 1.244549309204193675e-03 -1.874934381797836987e-05 2.960297809886064217e-04 1.169671576924843567e-03 1.199164563083422513e-03 -4.434244973185321012e-04 9.091477421166081980e-04 9.333318888561744535e-04 1.035333263033106624e-03 -3.036230566150362273e-03 -3.714203739276677649e-04 1.149706825183475275e-03 -6.769888396833532345e-04 -5.813638101487878960e-04 -8.849334456953832548e-06 -1.273001261829239663e-03 -5.084218669615433572e-04 -1.970218586375196697e-04 -1.020939695935176462e-03 6.280407593090175282e-04 1.367008633446983304e-03 1.341377505872639502e-03 8.698987440974466617e-04 6.070851661703765504e-04 4.774545521372773317e-05 -4.834985476065531591e-05 -5.646760452468899604e-04 1.009467827457779626e-04 1.572792412573253658e-04 -6.697015185341097243e-04 6.807063616663106128e-04 4.167274070659958028e-04 2.401118964225415486e-04 -1.620563499447410128e-04 -6.476990405958362698e-05
2.053140451373182129e-01 2.215747880770672223e-02 4.818043063744015427e-03 -3.141521672929532502e-04 -1.008794052576106673e-02 -2.035007472512562199e-03 -1.070466848527369154e-02 -4.914755605136426030e-03 6.709146376747720728e-03 -4.980196880687513469e-03 2.702607702119996791e-03 -1.307190837647790932e-03 -2.237611890016820253e-03 -1.172491391178160291e-03 3.975211273343513818e-03 -3.046329516144540700e-03 4.170184813723913945e-04 1.297036855783718304e-03 1.750088795954065149e-03 2.992759976553182721e-03 -5.561648489456724916e-04 -1.446578575972872925e-03 -2.856350068415051090e-03 4.144903861212502049e-04 8.597100885680079288e-04 5.221379346133591358e-03 1.273460603276072673e-03 -9.595852509429143385e-04 -1.212437585220000735e-03 5.644263319792197657e-06 -6.256841783309043462e-05 9.107966212644058720e-04 -1.691046625704808472e-04 8.985084878512700256e-04 2.467802049519996020e-03 3.307244574071809386e-04 -2.608034001851940002e-03 2.681306953025934265e-03 -1.600857745500786989e-03 -4.495283596644424171e-04 -4.869161832099231420e-04 1.281964743522963270e-03 6.671381324081624049e-04 -3.584494345141340339e-04 -1.403268938386970392e-03 -1.583611051186702623e-03 2.291153103776909195e-04 2.318171614092935100e-05 7.660313958328382120e-04 9.563283328456119621e-04 3.701694811010757387e-05 -2.874963046328134274e-04 -1.597066092223388078e-05 3.697298453588512899e-04 -1.470671377647528593e-04 -3.104849291777364659e-05 1.161250083326169054e-03 -5.884614263926701437e-05 1.010512566559222799e-03 -8.659215561162851484e-04 5.975117576611636318e-04 2.096131964154815223e-03 1.831321280149988615e-03 -4.193175365976793055e-05 -1.242697951221021944e-03 4.003707418710673893e-04 -3.231269747973214987e-04 -1.229458731772700003e-04 -4.288651272759804530e-04 -1.231546093311716456e-03 1.033162661639656053e-03 1.329475261189367544e-03 -4.400128313831839100e-04 -5.587534447096281125e-04 8.420869349099419175e-04 2.307932206453087217e-03 -3.375692546909029907e-04 -1.109003562915062118e-04 3.481141272126156801e-05 -1.165470537913626667e-03 -9.313557847808190274e-04 -1.128975602094756591e-03 -1.619544119460071497e-03 7.758732929857485602e-06 -5.939801450599405423e-04 7.447039967502878726e-04 -1.049533175839386951e-03 2.772359177616508263e-04 3.254348428046416569e-04 -3.611114689324688705e-04 5.727093996001017279e-04 5.917521449761209201e-04 8.518838312480641987e-04 -3.036093049631158764e-05 9.515182681011853693e-05 -1.008958910692176521e-03 1.867279695086527245e-04 -6.269318303744408167e-04 -3.243401729575318159e-04 2.029717825764810535e-04
4.480980991579000539e-02 -2.246359346876486071e-02 1.130197527587658429e-02 -2.489096782387197667e-03 2.441726636163224495e-02 -2.292243997356572041e-02 -5.760584882573362500e-03 1.881193855609091198e-04 2.340417807044145506e-03 3.269291552298268441e-03 3.785100312707357847e-03 7.892394703535929442e-04 1.808462695463319142e-03 -1.642345550353818641e-03 -1.505438747098805782e-03 -1.745319140381387671e-03 2.175797646044140153e-04 3.819588088359078364e-03 -1.921481383971610857e-03 -2.418353009923444158e-04 5.970781830181066561e-04 -3.680660630390449137e-04 -7.108781565560884797e-04 2.827661320983672344e-03 1.836131805903132817e-03 2.158887601510318076e-03 -3.595402134454779922e-03 -1.907761050718853818e-03 -6.852642265713936899e-04 -3.625509837717099315e-04 1.776502023397472443e-03 6.301543987390907479e-04 3.308778653455836383e-04 -4.539377438596227301e-04 -1.990962280894404725e-03 2.689957669936668405e-03 5.683901913146944445e-04 -1.556844763688388289e-03 3.300025513015498514e-04 9.749628765279468035e-04 1.071700552144325136e-03 -6.532750816704127649e-04 -7.998342819211919574e-05 -2.838680927383427756e-04 1.359699229102172150e-03 2.453540758578609364e-04 8.021444574576722976e-05 -1.650662177095721340e-03 -1.138162565383605889e-03 -7.829744077915612086e-05 -1.052231957234931771e-03 2.489136939990181912e-03 -4.094648735337725817e-03 -1.552119696691610243e-03 6.610641370294751675e-04 -1.381759111866256474e-03 1.921586783391716164e-03 -7.534189408506650383e-05 9.041365512209337436e-04 4.970097830464395095e-04 3.174936052538348402e-03 1.366972228815559751e-03 1.138789763059206176e-03 1.847124146233478786e-03 1.282648463701326416e-03 -2.626732705285146803e-03 -2.133949575165284759e-03 1.714736316609118821e-03 -3.876098465273846707e-04 1.889301355233258088e-03 -3.378485326355220274e-04 1.415218422873318598e-03 -1.030229864013361174e-04 -4.637553044773088653e-04 -2.450728762848865348e-03 3.484852340309885937e-04 -1.028900027614298345e-03 -1.485849036588785844e-03 -3.304638975724705419e-05 -1.065050665630779122e-03 1.850225972256611421e-03 3.210155407771544088e-03 1.877760904450486313e-03 8.082656065289652502e-04 4.864476064238559957e-04 2.536802601849459486e-03 1.181403533139382608e-03 -7.692979503396489929e-05 -4.635529443038754061e-05 7.474764024144322453e-04 4.312962917888873895e-04 7.614341072937812422e-04 4.482280928176247937e-04 -1.415283568688338860e-04 1.281326797168206395e-03 -2.768472444025198240e-03 -5.112939055635254067e-06 1.726591668249045485e-03 1.130278247898979335e-04 1.020927890354981371e-04
1.483137557945196916e-01 7.824050151022965763e-03 -7.659110555649078188e-03 1.135754784990884204e-02 7.526589991511998569e-03 -1.040195474039155854e-02 -5.931031597250046965e-03 -2.007746585015705507e-03 -1.049635720990747731e-05 -9.701248148084800488e-03 6.085638846746517939e-04 -4.177457532479955725e-04 2.935016875107046650e-03 -3.369258460779881673e-03 2.333947921762583640e-03 -2.326680610672601703e-03 -1.595993193597445778e-03 2.130622570005247414e-03 -7.328611041255339489e-04 1.155079462235636747e-03 2.542178495298925110e-03 -4.095477294911060127e-03 1.266551416947358675e-03 1.332904529208750054e-04 -5.324543766989779138e-04 4.061483685918948656e-03 1.566027166152836715e-03 6.695973651101501953e-04 -1.580718155766124879e-03 -3.284877203433280378e-04 -1.295903281395247540e-03 -6.478936334643128772e-04 6.028134559699233888e-04 2.873837468421943666e-04 6.479907394726082360e-04 -1.192043922420655318e-03 -1.923281795208347405e-04 2.866653845214039490e-06 -1.692447336473181917e-03 1.872429056092795663e-03 -5.596160871385530362e-05 2.114361041649326280e-03 7.824330958206388801e-04 -1.160115920660952397e-03 4.000979732620771876e-04 3.168838316467606346e-04 1.497048622695981756e-03 -6.503787485587998653e-04 -1.373024282024793308e-03 -7.375802516939588020e-04 3.706366638518692348e-04 -4.297223589202082278e-04 -7.825658514908625596e-04 -1.764756146353279676e-03 -2.457593709867674728e-04 -9.910669221946399616e-04 -1.404765013016316851e-03 -4.384905052838290848e-04 7.661138160401790220e-04 2.864944035676007090e-04 -1.948827496574747449e-03 -1.063124932592839685e-03 -5.582476223983242822e-04 -6.022594922414862412e-04 1.200653593274337709e-04 5.496252013282641562e-04 1.587560529149081336e-03 3.874713586125983476e-04 -8.801721849470598661e-04 2.832198287631843003e-04 -1.552158020249722352e-03 -1.948712763813225139e-03 2.712536956703627327e-04 6.942120009191475030e-04 -3.721173564921641187e-04 -1.777663348036329213e-03 1.201185412936069873e-04 -9.045978491583512053e-04 1.358511617460239152e-03 7.805779861654504794e-04 9.859625208256549058e-04 1.662685959503513002e-03 5.496543209334959308e-04 3.602379283096253642e-04 6.131471798968970511e-04 -9.436865776272743579e-04 -1.689509663657149752e-04 4.196407760755194822e-04 -2.570905031462640392e-04 1.049469937135458783e-03 -7.765300491339103672e-04 -7.582328079708059972e-04 6.634812954469114553e-05 -4.462566729552047630e-05 2.839874226927815233e-04 1.378777869339895294e-03 9.682851734242748493e-05 1.578967746716630879e-04 -2.997284640341679436e-04 -1.433588629716787142e-04
2.315906763220785050e-02 1.838203408505873632e-02 -9.535957228167715044e-03 -8.419136591512022764e-04 2.465481354872778655e-02 -1.275227594995356067e-02 -8.054011806594561784e-03 6.866666053939375104e-03 -1.929416541363772157e-03 -2.817243955980775968e-03 5.855805513798401779e-03 2.596868472503226222e-03 -1.796156274156698570e-03 -3.089933431143963849e-03 -1.420436099232189053e-03 1.539191623112394665e-03 -6.733095501966113346e-04 3.128747669648075571e-03 -8.941486134646890868e-04 -8.876130423132829643e-04 -1.708542233425419145e-03 -3.552949395630048812e-03 -8.159068005981596572e-05 -1.646665680244144931e-03 -6.754971611978105800e-04 -1.734470529858037004e-04 -2.882182983496613636e-03 1.336386172470200619e-03 1.109720029464849851e-03 2.817473285662255487e-04 3.275175741769580291e-04 -4.398183884526814594e-03 1.530509104764482889e-03 -6.159706736902744372e-04 2.491487940811657874e-03 2.019903130216244014e-03 2.240304679116888683e-04 -1.359401769919070654e-03 -2.518558628057599369e-04 -1.917922754028405325e-03 -2.603787165160105412e-03 -2.901474885248728295e-03 -2.519768912521290222e-03 2.445205806423305186e-04 1.543672176264685413e-03 3.753993624595059874e-04 7.881365258774748576e-04 3.729001337830536566e-04 -2.074430016329644171e-03 -5.275238513614811752e-05 -2.982117859901204336e-03 1.621592326459677475e-03 -4.977658654845993009e-04 -2.849351066765411309e-04 -7.363204171468290668e-04 -3.779097370336846292e-04 -5.211327926293734831e-04 -1.274305832020086390e-03 -3.003489935393003425e-04 -7.710885479410344110e-04 7.134394859422354095e-04 4.707809177578401176e-04 -8.142294524276831808e-04 1.007795740960072076e-03 5.510306201698974117e-04 8.208024039372652887e-04 -6.178833968157360383e-04 1.040437429340596021e-03 -4.803326026398687071e-04 -1.218775402690639960e-04 -7.000244054251123643e-04 8.484625321880322722e-04 -4.217677501229215981e-04 -1.222908630766021806e-04 1.512748224487552473e-04 1.128586520297408021e-03 -5.960463935059573436e-04 -4.139702280374086673e-04 -1.498084869993114826e-04 -5.178055143917190866e-04 2.889127036872993497e-04 5.642860129446443775e-04 -3.407672930495330029e-04 -7.054360092979818043e-04 -5.626749728700834166e-04 8.103459447773050765e-04 3.232078915629637531e-04 -1.095427271319151120e-03 -2.072792830165071131e-04 -6.287407545672910297e-05 3.648389616663214236e-04 3.643243784646334545e-06 1.090295062822995066e-04 9.996349477960696597e-05 -9.141881058495047758e-05 -1.076549465848922665e-04 -3.810722973168513550e-04 -4.163880781777456341e-05 3.815261735734149515e-04 -8.231405615227076547e-04
-8.858467109265008577e-02 4.194713997909473892e-03 1.256064634284848221e-02 -3.567758526095699424e-03 9.504348969010279272e-03 -7.022857486248925210e-03 -7.559908911139718093e-03 -3.178601443019343298e-04 2.954627094975294157e-03 -3.110304691183326219e-03 1.625767399079410111e-03 -1.519521816008126869e-04 -1.811547183599565829e-03 3.686882801921155181e-03 -3.791500568511361850e-03 -3.017552116439688029e-04 -3.195191253789673308e-03 3.273012159487530010e-03 2.440711211147863330e-04 2.454743078362035726e-03 -2.016100036720742169e-03 1.859440140936974729e-03 7.428067096050875156e-04 1.321372935366745991e-03 7.879342382848023799e-04 -1.098515300258591856e-03 -1.733962054210197662e-03 6.872648313338586713e-04 1.510521316287920246e-03 8.655934086921881696e-04 -2.906876146851589235e-04 -1.327052993180493365e-03 8.507634140414758409e-04 1.407462581449358012e-03 -7.998916996314820371e-04 -3.040103825911335904e-04 -7.520371712816085758e-04 -6.714522425080737432e-04 3.419120001129326552e-04 1.280826335070873057e-03 5.641000477688614539e-04 7.293657554976294569e-04 9.623243023854239351e-05 1.617131320015945551e-03 -8.053419682760420278e-04 -1.553652779545460069e-03 4.315270256960100615e-04 1.549841127709151133e-03 -7.939435096581536500e-04 -1.014972117670045635e-03 3.843060925267605078e-04 1.031297828231279840e-04 -1.063044472275965482e-03 1.848459449837220421e-03 2.516779235917028013e-04 -9.767556045696861380e-04 2.419938478960410562e-04 -6.266962302942484520e-04 -1.192921046391989939e-04 2.850792313901446065e-04 -1.692559347435759363e-03 -4.535839433895226124e-04 5.025151716197563114e-04 -2.010514978526916385e-05 -5.321718551194819626e-04 4.582144497027865930e-04 -3.306073110708547991e-04 -6.769088085127606931e-04 -6.160484214095040883e-04 -1.112784078317493675e-03 -6.980806561296077966e-04 -3.577397983295715965e-04 4.858857023847858864e-04 1.595725457630940019e-04 -4.382504555011433416e-05 9.646025652182538788e-04 -4.354881348692672184e-04 2.077437887667101294e-04 1.064808865839555937e-04 -2.092779320996068445e-04 6.564424199558551668e-04 -7.272753130440986645e-04 -5.026190937828653102e-04 -7.127620395401499396e-04 -3.417513757333036297e-04 -6.465462663453803343e-04 1.123625718569049210e-04 -9.799961000933941988e-04 -5.737311865096969684e-04 -5.976209724016136446e-04 -1.967732644181903272e-04 3.395351938919703716e-04 -4.461795414549842541e-04 -1.144078202097329735e-03 8.145438994444988178e-05 -2.253874863517553798e-04 7.516814849608656566e-04 4.077868596730860155e-04 4.475415734329822267e-04 -5.914094324296154332e-04
-1.042051104923987642e-01 -2.095619192567349520e-02 3.950281810893523267e-03 -6.103392790037668117e-03 2.267558976911785654e-03 2.232694727087345971e-03 -1.134197095395008889e-02 -8.092394075154676902e-03 4.360029924254019314e-03 -4.415713878533115977e-03 -1.576501396496212499e-03 -1.189993534950954711e-03 -1.201951427916572116e-03 1.847115872024344529e-03 -1.311430840759489954e-03 -7.602253688322035009e-04 -2.070491333836705066e-03 2.802940015634093705e-03 -1.157378841247746083e-03 1.153114709416622457e-03 -9.635135170432529818e-04 -1.530274086074599304e-04 1.557686736300522689e-04 2.270783973985130138e-03 4.957397730490912440e-04 -2.172972378458877963e-03 4.231454307238659046e-04 4.053128856180565490e-04 1.271751695186293190e-04 -1.020657823905811099e-03 7.591392722332475926e-04 3.824743051990734766e-04 1.108736501172990401e-03 1.683346526692768887e-03 -1.873701296839314166e-03 1.678022128664276866e-03 5.384387024967213003e-04 -2.868634674375247708e-04 3.568489606288285411e-04 4.688349376490258099e-04 1.828353124036200767e-05 -3.960261518503713945e-06 -3.111689741735065786e-04 3.639126251811704451e-05 -1.215976489949599677e-03 -1.375345826474355356e-04 5.346313934771567116e-04 1.574545119338152102e-03 5.247772211297089791e-04 -1.872321124611083909e-04 6.540118122913962792e-04 -1.319059428449640068e-05 -1.758196846853746480e-03 9.031408870902388067e-05 1.273364216524359993e-03 7.145358524688706419e-04 -2.102218817357299130e-04 -9.859972538464047923e-04 -1.611670794051842613e-04 4.445855368086183354e-04 -3.846838314181261621e-04 -1.124060524352482761e-04 -6.349803530075747186e-04 -4.463997565936519258e-04 -4.768144993739810151e-04 1.422330603059307865e-04 2.010305311872031555e-04 -6.711504561170653646e-04 -1.180745681149541907e-03 -8.039772381999881531e-04 -6.463628863830631283e-04 4.050916840273089173e-04 3.218710701521988239e-04 -4.012815581091928895e-04 4.500784193245842475e-04 -3.908878452723979469e-04 -7.100519421121560652e-05 -1.702693374381076673e-04 5.403628561364240846e-04 1.728979718231719658e-04 9.847741853633671261e-04 -1.647360427024380323e-03 -8.716863274594940252e-05 -1.201544132404993789e-03 -7.553522877818739986e-06 -7.645991178269526513e-04 5.967242140999425015e-04 -5.041160126029086081e-04 -8.459169112292148560e-04 -2.095278248456333258e-04 1.352221568806223065e-03 -6.318547237703633023e-05 -6.938513718989657193e-04 -8.588865150765201753e-04 8.065068085845282378e-05 -3.914645729818576575e-04 6.187515979390668160e-04 4.106297339254096242e-04 2.533633178948087772e-04 -6.147071260031714739e-04
-1.005257072405248420e-01 8.269418512449090708e-03 3.616730391833353209e-02 2.014985498905422570e-03 3.852398761146868991e-03 -6.911805405449894177e-03 -4.450057690224959971e-03 -2.795974761652028889e-03 1.041679819888769072e-03 -2.636558122740119067e-03 1.632659334684156591e-04 -5.974062600265170071e-04 -3.247506901226950102e-03 4.398477672932506188e-03 -3.366554302972472532e-03 1.438982582784945627e-03 -2.269127911230816620e-03 1.737166466170473808e-03 3.784365044276305858e-04 2.306721656180239343e-03 4.298250868015652832e-04 1.155393491539069648e-03 4.660325371316299315e-04 6.297985867207607242e-04 1.396788483409742727e-03 -1.409526744599502420e-03 -2.153366273229363921e-03 1.351489238066621310e-03 8.870775967189313245e-04 2.385521443207513155e-04 -1.320942394608911111e-04 -3.099490115215566138e-04 -5.207707832295969995e-06 1.222476224884206210e-03 -2.072197839785195771e-04 -6.292371911901666103e-04 -9.247123183839504488e-04 3.031711304885691499e-05 -7.665302200316960642e-04 1.139228308528275136e-03 1.052874537958164644e-03 1.179576978668548867e-03 4.115437305763877435e-04 1.273851064850873042e-03 -3.294264733767392423e-04 -1.359992006457613496e-03 -4.059999066477446602e-04 1.951380435788618742e-04 -8.398070492365638596e-04 1.967553348470854526e-04 -5.840480465202898879e-04 -5.219923194200193914e-04 -2.360125825673853297e-06 1.163052699172983755e-03 4.494612775711767216e-04 -1.889202412082640020e-04 1.217500601637359637e-04 8.516881539057714499e-04 1.000236152504704878e-03 1.156814546499844822e-04 -1.090092105334996989e-03 -3.808653341037716465e-04 9.350739002352461001e-05 -8.972545719975444888e-04 -3.397689327398608836e-04 -7.312342507327619038e-04 -4.778072887731607803e-04 -6.590251870346224223e-04 2.650652234391174525e-04 -1.797310097453706660e-04 -5.554551209604004962e-04 -3.209086049012589768e-04 -4.861959712767261236e-04 2.008857342548525828e-05 2.396691939520825560e-04 4.795557799701340509e-04 -2.889799996788653216e-04 -1.839732789195789567e-04 -1.184638797359090874e-04 -6.117664767578367654e-05 -2.286474484341818045e-04 3.420090916135959933e-04 4.914496433580866437e-05 -2.863137322982000602e-04 2.444233491252421854e-04 -1.312944650608437647e-04 6.043136421385790578e-04 -2.153007311124960398e-05 4.981746228526516345e-05 -3.026037162615550884e-04 1.044301441360003099e-04 7.878341655978827161e-05 -1.289380566899608526e-05 -1.814552430694444448e-04 2.972491077957515725e-04 -6.608809219206220661e-05 2.782110701752537203e-05 -3.174009942982133881e-04 1.333117860712747748e-04 4.429407211119063643e-04
-3.032644576131639583e-02 3.950746091643272603e-03 -1.161626434507978187e-02 1.469344071095206317e-02 -1.245958705344120485e-03 -3.305098883170355661e-03 -8.326815473005256055e-03 1.506818623796305975e-02 1.288333536393453755e-03 4.798166364654927324e-03 -2.393382647605021580e-03 8.243487536358074354e-04 1.957927717258103103e-03 1.153015718499652642e-03 -2.496907122785519632e-03 -3.564973427689317807e-04 -1.959256115416268054e-04 3.539445705661893073e-03 -1.308552457190538185e-03 -1.384870475138330820e-04 -7.930797730418825964e-04 9.372968129294935837e-04 4.075845088713894227e-04 -5.442241693224611617e-04 -2.542651213194959889e-03 9.947275753384677774e-04 -1.283126976137919728e-03 -1.429566302297469779e-03 -7.536509976093124560e-04 4.025880514426747204e-04 -8.756127791288640782e-04 -6.960503615455905903e-04 1.682853505119488551e-03 8.723102314651455004e-04 -1.018655472514664586e-03 2.083115524422993713e-03 1.680584707690867654e-03 1.039007336177205859e-03 4.541245340485567652e-04 7.094257922013547189e-04 6.733394795246292180e-04 1.056315806768467949e-03 -8.447924755042795315e-04 1.507184687758963450e-03 2.152087726627434014e-03 3.573393470351469048e-04 -1.020422368541578761e-03 1.902405349757418690e-04 1.643474320745437608e-03 1.029101257323120208e-03 1.470940958103091013e-03 -1.131801100404637500e-03 -1.417408289308602675e-03 2.633850632170070820e-04 2.896214879377397976e-04 -8.515137655426166345e-04 4.354609780604453860e-04 -2.018576418593826059e-03 6.905928142297932532e-04 -2.308984927926709466e-03 2.230762903342605700e-04 9.733508355348138592e-04 1.434802701354440449e-03 -1.356093769701994687e-03 5.914491685165742521e-04 7.423073831620552454e-04 2.508891524019366600e-03 -1.665749735253831457e-04 -1.420307257619138580e-04 1.091387747947508485e-03 -2.195197378251951431e-04 -7.857771681916650040e-04 -3.563838847864871247e-04 5.546838428122813792e-04 4.867156627981884896e-04 1.338974949165097584e-03 -1.751170615769355237e-03 -7.070415628714157592e-04 -5.910482462714637761e-04 -4.203478257584977593e-05 1.588245047332852329e-03 -1.733792707603598387e-03 -7.457910224665606101e-04 -2.762482348644244683e-03 -1.329950877482795725e-03 1.060024085170762926e-03 -1.718305192747731237e-03 -1.308944512375938155e-03 2.200990296227777875e-03 6.515667710006317354e-04 2.564265788785773982e-05 -2.851185526923156587e-03 -1.365328494529133914e-04 -1.613161130050493703e-03 4.499524817054099805e-04 3.715044228998205626e-04 -2.739231575039626117e-03 8.768925805595005586e-05 -9.365513573232274154e-04 2.384488921203116972e-03
-7.844058075194355883e-02 8.077935871055090533e-03 -2.578385837581181591e-04 -2.044008393732467573e-03 3.240882999629058508e-04 2.523228391619556851e-03 -4.462700482009653545e-03 4.491734909427621582e-03 2.415112252117097673e-03 -1.606198529503889173e-03 -1.861646822560578032e-03 -3.588460442714179249e-04 3.651342620340570274e-03 3.958838883299130133e-03 -2.179687257039927134e-03 -2.559504326890829824e-04 -1.935033131337691873e-03 2.754650963749198048e-03 -1.397060329649991214e-03 2.432909611877880367e-04 -3.503774771960249928e-03 5.255144395299516432e-04 -3.809914571672707402e-04 3.164363560232532680e-04 -4.162664731159928231e-04 1.980780379504444057e-03 1.208572448354956448e-03 1.705957916876300927e-03 -4.044435150051426883e-04 1.351721749499807442e-03 -6.425880677476617907e-04 -1.162381964550573076e-04 9.739487484357366512e-04 -1.637008713270652520e-03 2.050907364456641658e-04 -1.735749336461724123e-03 -3.227322220863244277e-04 -1.053389662137585274e-03 1.709008757348467718e-03 3.878579747656619287e-04 -8.780725477446402584e-04 1.341731359221016518e-03 -7.864063400002137662e-04 2.214031530996772308e-04 4.611923107122199218e-04 5.603428665990176126e-04 9.923370133358511234e-04 6.154027541351468275e-04 3.672939877342730973e-04 -1.253070190365291247e-03 1.639240892877018123e-03 -8.949219413137070138e-04 -1.520255702035321727e-04 7.689810397134847408e-04 1.695524685613771822e-03 -7.424984848433038159e-04 -2.287820500327129912e-04 -1.001164369836994280e-03 -3.070513146639334764e-03 -7.581122423048800669e-04 5.575040997188337294e-05 -8.061741247289671685e-04 1.037236779194490588e-03 2.101833523358625101e-03 1.821272600963988995e-04 1.174445332263885115e-03 -4.412106023380086119e-04 -3.182557795685365498e-04 3.106211315288850798e-04 1.674219686572674972e-04 -5.330332761325930592e-04 3.974720056911014042e-04 1.342711255467326126e-04 -3.417263014947791080e-04 6.227589812289963328e-04 -8.661553040830912169e-05 9.396856763983944881e-05 1.263626067271901490e-03 6.922261853952408218e-04 -5.384910487636255074e-04 8.064801788403896986e-04 -1.250295843535997355e-03 -1.253915268027906921e-03 6.054733261492912036e-04 -3.358831137823717447e-04 -8.908121251148152587e-05 5.754992612754907585e-04 -1.101092359464595941e-04 -7.348261223779989576e-04 -2.950160986215693486e-04 -5.211638647210518676e-04 7.743253323788243034e-04 -5.076289892687916531e-04 1.076142648818866456e-03 -6.974682043010894169e-04 8.247539586180172239e-04 3.476817955763394745e-04 7.246712276184960741e-04 2.889047317881247639e-04 1.950056156698773240e-04
-7.862118869483356032e-02 1.643927824928877873e-02 1.384316961030192424e-02 -1.210267631848306862e-03 1.587211667858384636e-04 3.538083386459100425e-03 -1.965410291177418882e-03 6.970027263414627083e-03 -5.503555288028423603e-05 -1.924880508044525410e-03 -2.129543489591885497e-03 -2.071686125640035965e-04 4.437045691549462365e-03 5.313361439234302527e-03 -1.481355262476188525e-03 5.595351858312300718e-04 -1.263666816219262412e-03 2.396454255885403263e-03 -1.084366604407423272e-04 -6.886122065472757153e-04 -2.343895283332700537e-03 1.249538353009675869e-03 6.525107054055713561e-05 -1.249531211116464765e-04 3.092642343975733035e-04 2.806033092180500090e-03 1.017596147740057770e-03 1.400883752297977505e-03 -6.408999946651443074e-04 1.568376253548013546e-03 -9.251239036522229545e-04 5.214804761096796231e-04 6.903309810008867106e-04 -1.451439394223002447e-03 2.007777060344541082e-03 -2.597426544480879989e-03 6.545956698281263451e-04 -1.008924504140998497e-03 1.205195461686323121e-03 3.554857840005274782e-04 -2.272855031940911887e-04 9.633493386956514491e-04 -1.891207411846912044e-03 -1.315547243244176998e-03 -2.201218166869164602e-04 8.226798393500445346e-04 6.419457211167057305e-04 4.901197566614704469e-05 9.182643580620000962e-04 -5.944687195952501552e-04 1.323524785138970082e-03 -7.629294351235219301e-04 2.378503632657381634e-04 3.559715251581930390e-04 -1.966721046475646516e-04 -2.648313202586782865e-04 1.270249535811659352e-03 -8.222136231221300901e-04 -7.820951700271155547e-04 3.053388872706511528e-04 -1.286376516660884639e-04 4.718273943644569644e-04 3.532195317794639363e-04 1.230927432572525041e-03 -8.799229814612131865e-04 6.314580048533455876e-04 1.377408576868073109e-04 -1.854478818747966730e-04 -1.933152313809312079e-04 3.105779677452833143e-05 -3.531327783258564356e-04 1.111352426018248721e-04 6.453295225111593814e-04 -3.460679242264719170e-04 2.258420540829945630e-04 -8.572468364328431111e-04 7.468192312294495618e-04 8.604328087392367711e-04 3.682761690278266295e-04 -2.659691964238247025e-04 1.237021284058553142e-04 -5.846356957819987096e-05 1.618845176101711930e-04 2.031909756490081010e-04 -2.701036079543803594e-04 9.740656284489493258e-04 -1.600212165101592119e-04 -7.195568745602202434e-05 4.897030768735604386e-04 9.925275184106663567e-05 -4.454524592269778322e-04 7.261812741885097927e-04 3.931025651891732861e-04 2.236280676738984887e-04 -4.304311453866233668e-04 3.021669791929363497e-04 5.979991603352734783e-04 -3.042917644823507867e-04 -2.826635870723363288e-04 -3.716281231417358898e-04
-8.658612120566815118e-02 -4.781077906716488246e-03 2.581777671220180509e-02 -7.227509969957011428e-03 8.127593551104138683e-04 1.194408081084246363e-02 -2.637022582919537335e-04 2.470504141480720905e-03 -1.604622606937199927e-03 -2.432756405615725363e-03 -4.626786619859535148e-03 -4.260612200246070153e-03 4.569257894996574428e-03 1.255658270237899757e-03 2.153754067504831064e-03 5.405296791074527688e-04 2.805804981104783203e-04 -2.704230837767887790e-04 -2.658893374507434568e-04 1.662423165252230632e-04 -5.196406273903528099e-04 6.296601217393331179e-04 5.143084202996564026e-04 -1.997676470188725073e-04 4.891481015097174203e-04 1.426125592596336027e-03 6.587915883952731935e-04 1.072462023013340086e-03 -9.019863283674187798e-04 1.432314947271423698e-03 -7.584574791094941630e-05 1.611429533724502091e-04 4.535517251419214526e-04 -9.413826858854560092e-04 2.750970477231087265e-03 -1.632963033404464387e-03 -2.449479422609880642e-04 5.115751008587141827e-04 1.004643060871233127e-03 -2.801102645235546175e-04 9.631178904860656243e-04 -7.473940743081937876e-04 -3.601693723101660684e-04 2.011465114346243344e-04 -8.933967582242561363e-04 1.326608422999518613e-03 -4.206800059367242744e-05 -8.987962215885074088e-04 5.830886132092513328e-04 -7.995088910123222901e-04 7.605820698424398726e-04 3.477304412205322573e-04 2.115665660182045288e-04 5.383145961612477784e-04 -2.346976529036710890e-03 4.011847586284397033e-04 4.645546067365374202e-04 -2.186856900273319478e-03 -1.168603303842276689e-03 1.963673859016508080e-03 -1.218826836501875040e-03 5.230232821519467277e-04 5.433932966847635415e-04 2.391685978114808713e-04 -6.775074861021895779e-04 6.956419212064898772e-04 -7.278770559208566334e-04 -7.232964732102203659e-04 2.698012981955459069e-04 5.265821656695640531e-04 -6.787790160506913893e-04 -8.743077544829228368e-06 -1.044890973461116762e-03 2.386546181510085793e-04 1.020864879667776734e-04 -4.214278326584360588e-04 -4.931930316814124636e-05 5.402622562239443090e-04 -1.079934672823272199e-03 -2.119645169402408630e-03 7.981025684634205112e-04 -5.309217698941676725e-05 7.428008694405456580e-04 4.451911900874027414e-04 -2.994959954100087510e-04 3.096487601065243131e-04 -4.440872824083626105e-04 -5.264767684904803503e-04 -4.500292189789054402e-04 2.916534596841556027e-04 -1.174101054282343038e-03 3.450116252591539623e-04 4.265408198908051968e-04 -3.651011169318233818e-04 1.286379861040084539e-03 3.769926335361798277e-04 5.000483339298953528e-04 -5.085573740112747263e-04 4.912653470171963334e-06 5.085059602149701692e-04
-9.559267832170122159e-02 9.509676776789719246e-03 4.213849892523628682e-02 2.295806809017829353e-03 2.164583619942234572e-03 1.076258129318530135e-03 -3.227499172625494187e-03 4.267151799087600728e-04 5.123422985029873512e-04 -2.466072365971744805e-03 -2.074176372650174665e-03 -3.021392432728104999e-03 1.993025223050763888e-03 4.530978098450028253e-03 -2.444669793065425839e-04 2.381999463872710304e-03 -1.193777761319856717e-04 3.435141628047535698e-04 2.403972520331830562e-04 1.176191076394159270e-03 2.661980797751759280e-04 2.733087052444236708e-04 8.938960538970083108e-04 -3.723193049072832570e-04 1.511413010428148875e-03 1.247002344624916588e-03 -8.628043237644708553e-04 -2.261969328191689279e-04 -2.552778553707817891e-04 1.477149112390371615e-03 -1.991335486327638861e-04 -9.376071808908359440e-05 1.611556396426601118e-04 -2.525631464533686118e-04 1.574864902816903523e-03 -1.763589705950790532e-03 3.928097900404258066e-04 -5.421426990681163429e-04 -5.895774902829725153e-04 6.418433751892002517e-04 8.178033297913147844e-04 1.230063749122704614e-03 -1.055859277821483404e-03 -5.029313557427311440e-04 -2.229636229194998832e-05 -2.870951551703308639e-04 -4.569359013358072078e-04 1.462452150939690370e-04 2.520114220291843959e-04 -2.330461505763896455e-04 2.591328344729070798e-05 -5.264379334007034507e-04 6.596816016558727618e-04 5.138446737537855731e-04 -9.837854780924543390e-04 -1.435296724780072948e-04 8.433257754559347289e-04 -3.207644680666416732e-04 6.781890944261194246e-04 1.352098084052472159e-03 -7.700584825858583244e-04 3.011256355884634936e-04 -3.648457564310762856e-04 -4.570932288213380940e-05 -8.633884451397608618e-04 -2.739895709553500378e-04 -8.615685632314564575e-05 -8.692991468736839230e-04 2.657363649971677217e-04 -3.535798285083361259e-04 -3.863743873286502027e-04 -4.420804919406146370e-05 -1.043875070107780356e-04 -7.211006868669768335e-04 1.625857738452957883e-04 -6.733796894856844666e-04 8.485545784191262427e-04 -3.096239675404787524e-04 -5.374625274713070279e-04 -3.656831057937071842e-04 -2.459243467290167669e-04 3.577955122659622327e-04 -3.531850872537482811e-04 2.328731809977503209e-04 3.632994177279924748e-04 -2.890685426540141629e-05 7.089404954052173089e-04 -2.260885586110890474e-04 3.603885487115750979e-04 3.980289816537696968e-04 -5.129772374531999570e-05 1.306803438005395127e-04 5.729629684776933263e-04 -3.953123439463256702e-04 2.393936540540644246e-04 7.166980267556062904e-05 4.502567210044084735e-04 -8.214171744131075047e-04 -2.613588310060893541e-04 3.278399509851727335e-04
-4.411305447069695414e-03 -6.653155257837278791e-02 1.972231774288211656e-02 -7.555807233170826719e-03 1.495037341066749945e-02 -6.002908633507236628e-03 -7.960525169084105529e-05 -4.799992111504207230e-03 4.032633339336175356e-03 6.595838226474161174e-03 -3.453652223459719242e-03 5.110229291956383535e-03 -5.312708418813445917e-03 -4.401921515191965090e-03 -7.144524942917196929e-05 -1.325277478067099501e-03 -7.536543033916021832e-04 -1.750866475570466482e-03 1.422622720218852995e-03 1.205200613341379876e-03 -6.133268318811877168e-04 1.875960218787371334e-03 -1.106043646116214915e-03 2.263708750559279351e-03 -1.891400511458781689e-03 3.642562752803460858e-03 -1.334630699004100323e-03 -1.369145875825912876e-03 -2.776970507162114521e-03 3.317002192179413327e-03 -1.243211514525196517e-04 3.802973705220443965e-03 -1.904821541296080559e-03 -2.082440564447447622e-03 -2.001688222552311814e-03 6.973085087254839382e-04 3.299922875834994211e-04 1.049002088153834977e-04 1.141352348577693828e-03 1.455574992229553572e-03 -2.115543501445764363e-03 -1.490517723827679232e-03 -3.160596299690053047e-03 -3.641691203829849010e-04 9.640224916897472199e-05 -8.353272030122236430e-04 2.007502679946803707e-03 2.975645423211627921e-03 2.042940882820898287e-04 9.561055146876868468e-04 2.592057418971649950e-04 9.276237952318790845e-06 1.062470590350226207e-03 2.480734735046773078e-03 -5.461994086626312207e-04 6.372499916656994235e-04 -1.319035756293459151e-03 3.217889772613473018e-04 -6.693815541123947829e-04 -4.803293365208765285e-05 -1.095763470540238099e-03 1.339430193028697588e-03 1.660098204078053327e-03 -5.401938350306298301e-04 6.989189492173299330e-04 -1.773366955255447838e-03 -1.245243681286143864e-03 -1.228417635174623333e-04 3.485275005652048517e-04 -6.107482467330355201e-04 9.697660054157381145e-04 -1.242024060291448692e-03 -4.534575182983324672e-05 4.081874633237656523e-04 2.645356670346455503e-04 -1.470648544293413906e-03 6.773632884400973813e-04 6.130765217007885228e-04 -2.566105256730191742e-03 -1.730033777145238314e-03 -1.026933246194511231e-03 -1.453893580134040348e-05 2.519764458249926578e-03 2.169345257635151535e-03 1.747880196275856078e-03 6.836508753938226992e-04 -1.396818299512782389e-03 -1.629235232592895826e-03 -1.059029285291436051e-03 -5.792209877583834148e-04 4.201762914886974067e-04 -1.560268427078765653e-03 2.031239510383153063e-03 -1.257014400401352356e-03 1.678723736062564137e-05 5.986801900609670535e-04 -3.767228891072175317e-03 -1.385219791437155212e-03 -9.236931765316981754e-04 -4.342838269953077810e-04
1.595290952081610675e-02 -4.480027870728130884e-02 3.415465395769385487e-02 -1.533558512941323067e-02 1.923820262619990035e-02 -9.872283446493367379e-03 1.491973624665018830e-04 -3.746432595138374732e-04 3.289030114643666167e-03 7.651668697278057700e-03 -2.400661666498302843e-03 3.915934173630447081e-03 -3.197113653006841867e-03 -1.791444610731101651e-03 3.143936751424323372e-06 -1.215580556904695929e-03 9.880535582723747479e-04 -2.259825634573519627e-03 -1.331583793049276754e-03 -1.046059436987076442e-04 2.284319731953702876e-03 3.522109951488207498e-03 -4.385359391512336029e-04 3.574895814998365479e-03 9.185150917829463255e-05 2.280250468664472407e-03 -3.842335960929745171e-03 -1.639163116900769785e-03 -2.382451274257371427e-03 1.252566910523690829e-03 -8.792153739765399796e-04 2.555349297365088878e-03 -1.280202644757995291e-03 -1.239026288936047457e-03 -1.738234129985426028e-03 -4.345910587016574267e-04 -7.494345221683517376e-04 -4.731200513338054757e-04 1.740821615019448815e-03 1.975311812789066080e-03 4.477328504886759607e-04 -1.640330875658725608e-03 -3.775262273187707414e-03 -5.714281400185376898e-04 -1.333627010924128995e-03 4.922324141535516085e-05 3.152310815282548685e-04 2.875351945544452037e-04 -9.321209859924338989e-04 6.968584319060755353e-04 -1.285539921852109878e-03 3.132157990251361376e-03 -1.029195892575199842e-03 -1.334990681459945422e-03 -8.055710535342523780e-04 4.577891809614423953e-04 6.842945836195635971e-04 1.630129039932259882e-03 1.515458656131333419e-03 3.799250851377608280e-03 3.938356679881208034e-05 1.017592298865506017e-03 2.757030527094147566e-03 -2.246885424635473492e-04 1.364981347985803504e-03 -5.582778065639945565e-04 -1.457731229382122759e-03 3.863231343291617203e-04 -4.684840455257557683e-04 1.248680000839006224e-03 8.956478400239852250e-04 3.812877797994143961e-04 -7.567027031929255939e-04 9.544254537179282022e-04 1.474981841104370823e-03 2.910547638323833335e-03 4.355066544725012053e-05 5.135309629928677374e-04 1.743227892845207894e-03 1.053810003529653859e-03 1.874310916379489343e-03 7.013354104047018469e-05 3.133511823244229362e-04 2.348254216003477397e-03 -1.657660491292567862e-03 -4.128513739766392698e-05 -2.422945223374661349e-03 -1.497297318886775790e-03 -1.561489109956836494e-03 -2.651594185725321146e-03 -1.210430825623882165e-03 -1.922852515257839718e-03 5.782660241948965434e-04 9.525864832192775834e-04 -3.698472939202241978e-03 1.978065627666107662e-03 3.341297812048708783e-04 -3.005060596017380134e-04 1.097940098112967994e-03 2.693583184562617621e-03
-1.024695593949865730e-01 -1.282484985973910557e-03 4.826872272179314610e-02 2.502833573450887784e-03 -2.285020971529419433e-03 -1.733183665385465812e-03 -3.718637729622104385e-03 -3.070315747363353172e-03 -1.135968106272176393e-03 -8.798130245995539620e-04 -3.022612262176818491e-03 -4.529823235309701941e-03 -9.485062596957564377e-04 2.315885293257700841e-03 4.772946585295049756e-04 3.483832518735617469e-03 2.290346464244388987e-03 -3.013612891164516895e-04 -1.441703893622959928e-05 1.023804353152675626e-03 3.032936992027077637e-03 -6.762966611058023221e-04 9.787851256754184510e-04 -9.090223986594730531e-04 1.177311757127180074e-03 -1.121645931047623166e-05 -2.438444907259800388e-03 1.656867415249412077e-04 2.628175094980199876e-04 4.077882253443766963e-04 -1.876887298894566367e-04 -7.219688929102827373e-04 -2.266814716083020325e-04 -2.402980028199281108e-04 1.160410087639085833e-03 -4.475331120340794006e-04 -8.164273059764459977e-05 -9.491511128173231579e-04 -1.093400623046025593e-03 1.793761091886991992e-03 9.910263273497192660e-04 8.420528058825972346e-04 -2.492753299054554128e-04 -5.659553149350643941e-04 5.166527718270886096e-04 -8.797741164351202767e-04 -1.221430445899301335e-03 -5.426621597743556003e-04 -2.955452426652230703e-04 4.578976683695437622e-04 -2.022289416165234846e-04 -9.156368927301808489e-04 1.566714283120092558e-03 5.350647659670336410e-04 -9.955482757434130914e-04 2.952273015906272118e-04 -1.968383896982804420e-04 7.564868539654994502e-04 9.053863364232272700e-04 6.655764813761895320e-04 -2.767912560274190734e-04 3.394972995951286727e-04 -3.672201275547160411e-05 -2.949468399574979019e-04 -5.882611429247685620e-04 -5.061617244684612224e-04 -2.057224898986514239e-05 -2.052628675677745660e-04 2.970964726648223238e-04 1.913206099987757255e-04 -2.324417123984822797e-04 -1.701006276290532903e-04 -1.390171983485844585e-05 -8.849647555570509718e-04 4.076294488713674401e-04 -6.048699203471493606e-04 3.754862537125005150e-04 -6.207005838977686400e-04 -9.420372377606216902e-04 3.308931621948635153e-04 -9.278123372464730165e-04 3.556897498715353790e-04 -3.500686936616098649e-05 3.851126357564847377e-04 5.427049210838600355e-05 -1.796492112041829276e-04 1.731913501485824944e-04 -2.897396276322781387e-04 4.233944368536939041e-04 2.235450190019039340e-04 1.390954454781671271e-04 1.279631138899876993e-04 7.472720668548955315e-04 1.449639625689084924e-04 -3.905391760738235129e-04 -1.501962529778987033e-04 -4.842728889384430118e-05 -4.239055693511517564e-04 -2.293508955931044971e-04 5.511211711633430587e-04
-1.030306742154589728e-01 -1.447646984228690738e-02 -2.821424843472273084e-02 -9.234820691717800581e-03 -6.516228326013086096e-03 9.056792583390763790e-03 -5.424445148427088290e-03 -8.246978846355659462e-03 7.912940091354576932e-03 -5.229145239422756074e-03 1.640085762994039154e-03 2.569882270324006131e-03 9.702347712264147023e-04 3.663071781505718378e-04 -3.358491024219238501e-04 -1.928467997422533137e-04 -1.512351935081803975e-03 -2.394127056366503930e-04 -3.377820514777552310e-03 5.024679912469950070e-04 1.700223350742023154e-03 9.743653779906761528e-05 -4.606502924990833877e-04 1.647617971920221046e-03 1.765768997151228150e-03 -8.814466888138215500e-04 -3.146805604407583792e-04 -3.044481502317039449e-04 4.918338985022974175e-04 -3.514128653404325047e-04 4.218502026507037618e-04 5.261250936264751793e-04 7.433077912852205241e-04 -5.399784333656699412e-04 -1.279129337326706008e-03 1.478670341496020118e-03 9.809972379032992195e-04 -3.454030614028992443e-04 -1.277667661573706967e-03 3.782496096491123785e-04 -9.931679534403133405e-04 4.720368866024048196e-06 -9.671048172248845410e-04 -8.822650096471475797e-04 -3.664554227255661543e-04 3.028907157916231802e-04 3.454060648409676979e-04 6.167305266293577563e-04 9.563097209486622280e-05 1.093056362826666083e-03 6.848076123228001620e-04 3.065470319611692299e-04 -2.231835604157937958e-05 3.853061191379244881e-04 6.093899369213958295e-04 9.332735667962283130e-04 -4.609686317692009952e-04 -8.303688649389254434e-04 -1.111218578174195232e-04 2.833685944843233016e-04 3.412816337655201536e-05 3.983068785733365642e-05 -6.522181677353529328e-04 1.262329449720323395e-04 -8.446649361244043010e-04 3.583169525241603664e-04 4.725895638573173211e-04 4.785851056998098119e-04 -3.978731365242654480e-04 7.379353174195842167e-04 -6.472424634482431280e-04 3.823362719363139549e-04 -4.830634970145346644e-04 -2.827367840608721204e-04 1.552588155286524724e-04 -2.888486923450294752e-04 4.335952460116515323e-04 -1.113378860520509387e-05 -2.933841851479557727e-04 -7.331304568985801910e-05 6.331575681096923962e-04 -3.813072177282728569e-04 3.549694177085986222e-04 -5.076497996635066269e-04 -3.948380692482919454e-04 -9.126938319559297976e-06 2.376643081864159284e-04 3.945811092810515156e-04 -2.196718902081118473e-04 -6.214126093712166871e-04 1.118750032084381898e-04 1.717420453531185410e-06 -8.092842499603595792e-05 3.755212648088322869e-07 5.957928154299843224e-04 -2.781389529418897173e-04 1.904225611850392621e-04 3.509387101860975589e-04 4.937124697301444216e-04 -1.035448681866480986e-04
-9.262640124471049896e-02 -3.533866365824690770e-02 -1.993152760358331624e-02 -2.098996337994427260e-03 -4.992266691403728085e-03 1.357323725108836553e-02 -6.825651751023144136e-03 -8.608100270239074647e-03 4.374789862229916393e-03 -4.288113263372456303e-03 8.340594222989824904e-05 2.068100863076479442e-03 -4.023662057874792097e-04 -1.368053526339337933e-03 -4.928831118617380295e-04 -1.243689728119413149e-03 -1.299347949816464804e-03 2.312080816863238287e-03 -4.330095201347054757e-04 3.703185367747510183e-04 1.252599312946099663e-04 -1.979213164717838393e-03 -1.967951671870906034e-03 2.045553733567550322e-03 5.864246625270797420e-04 -1.140834092845743105e-03 1.426651490307610185e-03 -2.532025683971569300e-03 1.228491474696155822e-04 -9.689136768297537672e-04 7.275914674305308935e-04 1.018560248830807256e-03 1.249807100107724325e-03 1.326975558697612032e-03 -8.077095919173416265e-04 4.729976305240463975e-04 4.860562520303205597e-04 -3.923671728666130928e-05 -1.136639806697529792e-03 -9.382301375671830892e-04 -2.333353333060251558e-04 -1.284821506173410488e-03 -1.915464538561892751e-03 -5.968253347041931728e-05 -8.799453114758909022e-04 6.107337587074517589e-05 -6.419206914725831105e-04 9.422701903857246984e-04 1.065801749712164863e-03 1.003207367016422996e-03 6.208087798590347000e-04 2.897087620485824517e-04 -8.323527845388006396e-04 7.360487211233595912e-04 8.895889714020649821e-04 1.698857518856760956e-03 -1.788176437966727383e-03 -1.731350702616906486e-03 -1.587952015575756835e-04 1.030315288424262003e-04 8.107859882989598786e-04 -1.598576742728903273e-04 -1.768218198257669833e-03 -8.169105655517906305e-04 -1.183336652631577363e-03 -1.567359737415083580e-03 2.941518908948195419e-04 3.615979579054809162e-04 -1.108208283429056766e-03 1.055523016057006037e-03 -2.982937507703754931e-05 -3.107913325767560513e-04 -1.438923670715297720e-05 -1.855277734247830679e-04 5.131797093291420820e-04 -8.399903203663427066e-04 6.012656836555169875e-04 -1.019919604772905140e-03 -1.044650266299444134e-03 1.708368141804620386e-03 1.820154555147821961e-04 -3.682370229571046332e-04 -6.058831412238806658e-04 -8.906247687453312974e-04 -4.159838314898190326e-04 -5.576194201496428079e-04 3.220360367058060290e-04 1.368870085151611569e-03 1.093409435079543621e-03 -2.079730896643177957e-04 6.598925994211016525e-04 -9.467351034936119904e-04 2.359528236980532262e-04 5.952985507394174548e-05 6.167277513519450359e-05 -6.490827841694377551e-06 1.224626285436380838e-03 -7.996279299356735164e-04 2.419595754614696330e-04 5.050769520689335788e-05
1.594931941873322101e-01 -3.443586199142578685e-02 1.067672205206944384e-02 5.690144387894865811e-03 -2.694701835781791732e-03 -9.861597532322855658e-03 5.852426707646836077e-03 4.014201614485010845e-03 1.022993157356638129e-02 -3.430633062418053571e-03 -1.215446418367738474e-03 2.540833276329888812e-03 4.217884034480903245e-03 -2.211319276233419102e-05 2.321043541399974504e-04 2.644887931293949979e-05 -4.644663767055686159e-04 -6.947557278798751051e-04 -8.044534005536977447e-04 1.331277356124795086e-03 -3.559762799683482363e-04 2.237432311038167906e-04 4.552615864418890182e-04 -2.470092685238782070e-03 2.103285941690879503e-04 -2.446662459262330370e-04 1.388864214610395281e-03 4.966046160440635172e-04 -1.167775951638739184e-03 2.380117566279812708e-03 5.520630732016847207e-05 -1.145107320018856492e-03 -3.069746162606431725e-03 9.501096722155822228e-04 7.645001000633378126e-04 1.669673335967038034e-03 7.055659676365065233e-04 -2.687561748493549787e-04 -2.904186996695121842e-03 3.350792603600031509e-04 -3.315515689235896870e-04 3.115063730465883799e-04 4.576806170036067036e-04 1.102336236755273573e-03 7.527964412371114305e-04 -8.411765577600540831e-04 -6.271303672351248993e-05 -6.831145079430213764e-04 1.738699371153010036e-03 -3.955262919192131343e-04 -1.143495780011592224e-03 -1.936128254534645165e-03 6.817746207925804358e-04 5.042889759793956969e-04 2.797726413863443895e-03 4.373888258463869486e-03 2.607962881363338342e-03 5.263059288649345635e-05 -2.755713111209020204e-03 4.134265833726677138e-04 -7.377271769873854470e-04 9.766126888568003438e-04 -2.362678108637236319e-05 1.596301707260662853e-03 1.375384458364734355e-04 2.811986894648861980e-04 -4.518202925741899396e-04 -2.210909574475051348e-03 1.105136846492348057e-03 -1.125931403509743784e-03 4.841853687778738388e-04 -1.812423942619276326e-03 -6.911750412680684255e-04 -1.618739302047929942e-05 -1.731408150288592587e-03 -3.546243438150601876e-04 1.154252714880573934e-03 -1.568292520464437817e-03 -7.653256461621124997e-04 1.311748549960112774e-03 -3.052804216956385365e-04 -2.886356982526637683e-05 2.841615325390251445e-04 -2.717871842920565988e-03 -8.349236598345856537e-05 -2.691191418533900141e-03 -4.243930108145422229e-03 -9.048211603639814147e-04 1.880019831694075723e-03 2.001713516041871577e-03 -9.722387246589351238e-04 1.733692666260903004e-03 4.990254326234880864e-04 1.011205482845513402e-03 5.775561444197286828e-04 -2.124620717847960569e-04 1.029241966048685241e-03 -6.665782473096167147e-04 1.900619477289102648e-03 -9.358387467249640150e-04
1.931828248237679735e-01 1.294537684991840278e-02 1.513861803246216962e-02 -5.738764384561744793e-03 -1.178134892584086976e-02 2.175065887278190922e-03 -5.923928452610474453e-03 3.661641095460098361e-03 1.078722431822342134e-02 -8.340252102193436261e-04 1.595168887464142428e-03 -1.089883386444781598e-03 1.607751197532896652e-03 -4.207273683410406371e-04 5.585452948799506708e-04 -7.962094051448493704e-05 -1.108706491345437528e-04 -2.008381720009067397e-04 9.906876638599993855e-04 1.212390110442540352e-03 -1.290281064648323914e-03 -7.657976183666042594e-04 -2.343360625882444891e-03 -7.251656772531248920e-05 5.515910524616193567e-05 3.315854852684958689e-04 1.106556302799984381e-03 -3.670458463785585814e-04 -1.153837837507600385e-03 -6.450703571142720480e-04 -3.091260129427633513e-04 8.172150047365972243e-04 5.026143940720714928e-04 3.178397728284535802e-05 1.217681904177529695e-03 -3.799330182031100765e-04 -7.188812867161513539e-04 3.346158043805681423e-05 -6.041321823351280705e-04 -1.230578475908857645e-03 6.181707550008159070e-04 7.774271899815714043e-04 6.595298793024462376e-04 -3.651654717434792727e-04 -1.353980137124696163e-04 -9.374487362547152759e-05 -2.177100032227340110e-03 1.658232302135813265e-03 -1.405469508724515324e-03 1.338769630771025976e-03 5.855786888117423547e-04 -3.137272718120637151e-04 -4.550797188882915582e-04 6.475639593867748645e-04 -1.383332693241761389e-04 4.035708040069594933e-04 4.184727564665683959e-04 -7.894785146826315350e-05 -3.874797645098532997e-04 -4.834090646466725834e-04 6.471600394122139751e-04 -2.958150707178401661e-04 2.291345781479095978e-04 -4.832691343245710354e-04 3.518248917500712311e-04 9.068932143328509252e-04 -1.589032191704316255e-03 1.010980962867829821e-03 1.243483622387603999e-04 -7.790458987240609029e-04 -4.016361590894062280e-04 -8.447270431285312147e-04 -2.864399692954414773e-04 -3.287425379362482154e-06 1.017103764657139578e-03 -6.639104383083419643e-04 -8.866846035464544555e-04 -6.147124007969507825e-05 1.553214302866796123e-03 -2.351634017190960151e-04 -9.097239474754223150e-04 -1.463935771438519486e-04 -1.276156884151859660e-03 1.027264299296925957e-03 1.196137373243920908e-03 -6.472581519436939029e-04 -1.747700405794813368e-03 4.356949922716623448e-05 1.228648648867461217e-03 -9.557927489995340117e-05 9.502458091732955952e-04 1.334456373852964135e-03 7.045636351580181504e-05 -8.736962723725227344e-04 4.687982389436022427e-04 -8.399434419408534922e-04 -1.001721317000108793e-03 7.387520170331336559e-04 3.346562252204375847e-04 -5.965559151748292804e-04
1.775629487939657525e-01 -3.323123156681460216e-03 2.225907008253856165e-02 -1.565918566343091692e-02 4.436320159428630344e-04 -4.676881647140306757e-04 2.289669462093885544e-03 2.714564247054123726e-03 1.079080100586542190e-02 7.548492746232951696e-04 2.272501730539063826e-03 1.780474991472332392e-03 4.082603981285375626e-03 3.470221233769175137e-04 -9.259558642196601434e-04 3.664557113029604483e-04 2.498659207761445931e-03 1.252451962285508567e-03 -1.406027355415161509e-03 -1.514414766796114403e-03 1.503390289918590719e-03 1.885679134162747991e-04 -1.477416470420440291e-04 -3.596426808375053751e-04 -4.035457472992588779e-04 -2.052707458761960247e-03 -3.038577332981276112e-04 -2.297066370706188788e-03 -1.361414207641625492e-03 -1.799540535881666162e-03 7.817919234630110259e-04 -7.288457389844724566e-04 3.756140829792368975e-04 2.985913696508057480e-04 3.821842451900665859e-04 -1.711791506743999677e-03 -5.263289598872399576e-04 8.721074132099961712e-04 1.077318176196450863e-04 -7.079484482398214727e-04 6.399463409266627299e-04 2.433274315390663320e-04 4.890763470312985183e-04 -2.870918787443611916e-04 5.252508167019033719e-04 7.518412281152677236e-04 -1.115398414809281626e-03 1.726817918057709563e-03 -7.677150793104803609e-04 1.546347799825906894e-03 7.903113887150704699e-04 -2.976248298482639127e-04 -6.517439860350692253e-04 -1.599952855418597473e-03 -2.849361916128472362e-04 5.448688022827102113e-04 -2.767550812715614231e-04 3.405006991887275683e-04 -7.128444782700096361e-05 -4.083683207364302575e-05 -1.714948191820548154e-03 -6.934599995403732155e-04 6.236026501362128879e-04 -1.456063865450398203e-04 -2.334677480500348720e-04 1.314670654134594786e-03 -9.462060261400828285e-04 9.261713748315109291e-04 3.659659946639605817e-05 -1.328652259754384063e-03 4.577152627366530492e-05 -1.880029237749383840e-03 -1.012264396303853798e-03 7.208067330800914732e-04 -6.713755205805946790e-04 -1.599837315473336260e-03 3.641965420394564583e-05 7.574169121308177216e-04 7.332708470598933151e-04 -1.194222631007273768e-03 -3.658947434754544498e-04 -1.139409434267107870e-04 -5.313345932953214600e-04 -8.179543043648559867e-04 1.397602608511939798e-03 -1.911753679214639153e-03 -4.000274938466469635e-04 9.682609521837066404e-04 2.801928932811196746e-03 8.978287565999581782e-04 4.201776984248928293e-04 8.831731939780976997e-04 -6.081862281495872564e-04 9.087145809779670705e-05 1.706540156007632311e-04 -2.248199966267228232e-05 -1.094278798917036003e-03 5.910723119325742752e-04 8.429245824925211451e-05 -2.025712581551636967e-03
-1.065439215022964542e-01 1.047082254373003524e-03 4.249543166619620255e-02 9.246444362500910730e-03 -7.662207077812988563e-03 1.539389830947222653e-03 1.290389088941348503e-03 -3.217327423917371986e-03 -8.794284201052268886e-04 -4.158755681064446033e-04 -3.227635123075729695e-03 -4.920081104212370264e-03 1.263858674342453921e-03 -1.128727975033354779e-03 2.380636165689044726e-03 2.431612210925679363e-03 3.632371141513615186e-03 -6.411019059313175254e-04 -1.826302395968722680e-04 1.757954678005632264e-04 1.855092095781813279e-03 -2.109949621301110672e-03 6.050065831395405082e-04 -2.633617575725263459e-03 4.003803614526925229e-04 -5.989456673418336275e-04 -1.143825958922497187e-03 -4.275479678341056284e-05 -8.998300093296991318e-04 1.632236480236409683e-03 8.399589875962351756e-04 -9.451095803685396514e-05 -1.299889491364511615e-03 -2.019699570191960179e-04 1.008249728308871588e-04 2.838389591634707710e-05 -1.210204451066114678e-03 -7.696829297761444708e-04 3.601790395041969600e-05 5.233045210596385137e-04 4.250617257881176501e-05 -2.352279412386109399e-04 4.164313968239653817e-04 -4.506855788611208061e-04 -3.858046060320116915e-04 -6.497364367583415576e-04 -2.342732098822961789e-04 5.713314476293873418e-04 4.212200333872126814e-04 1.016084715190255106e-03 1.039662098681635245e-04 -1.922386288084752446e-04 5.054993172339951150e-04 7.703319353919041998e-04 -2.605093459565720605e-04 6.776657674293968125e-06 -5.879047527750741421e-04 6.245877604751790468e-04 8.646899628630555642e-05 -8.275551096905424842e-05 1.099239984601964315e-03 2.250690434789131200e-04 -1.197806699719457414e-04 -9.622158498792629012e-05 -3.890199705378789559e-04 -1.529041359299729101e-04 -1.426044157922782987e-04 7.137864545016442191e-04 -4.804427164638570792e-04 1.054495250247765997e-03 1.942244544165299064e-04 -7.671979403256087195e-06 6.853073591977286525e-04 1.577062786191382022e-04 -1.530625530525939887e-04 -5.917122363841940003e-04 8.455942623171385734e-04 -6.618521415299016136e-04 -3.749011292771944393e-04 2.992127214898771783e-06 -4.826111119132023156e-04 -2.532965813151867650e-04 -1.171589590087607961e-04 -2.233148319633747488e-04 2.624780357003189115e-04 -9.995263830899990250e-05 1.671014934523889063e-04 4.964195141266855658e-04 4.115393765987571616e-04 1.473940975770084497e-04 1.519715552752189927e-04 -5.775639975603337212e-04 1.262341691873827430e-04 -5.468649217223642191e-04 -4.484104722929009666e-04 9.607164745283579277e-05 2.851787285052209101e-04 -2.455518677586622294e-04 -2.628208901981994236e-04 4.436408389415244058e-04
-9.460684929886994943e-02 2.287831523896043801e-02 3.025857752709852980e-02 1.360263835719116229e-02 -3.114924976186133915e-03 2.701171679881113254e-03 5.989175101861313015e-03 1.001851099382858930e-03 1.866008879790815016e-03 -1.153246698007614948e-03 2.643142904999036015e-03 -7.699114901751440403e-04 1.768616605797387930e-03 -9.098234780294652208e-05 2.337970712492822966e-03 -1.199678045670784024e-03 9.572307909530296298e-04 1.564838375889468893e-04 1.432316949787463189e-03 8.081902178975390681e-04 -1.471478899210358540e-03 2.060035542629348564e-03 1.691130617089879520e-03 -2.604860249384047884e-04 -2.407255456172431281e-04 -5.958558506553200077e-04 1.914229062695156343e-04 3.140273860186163033e-04 -1.328266500444548037e-03 2.692921195775500008e-03 -6.046614555515875990e-05 1.233768715967414366e-03 -8.002646066018775277e-04 -7.878119381990614321e-04 2.440805119769344066e-04 -1.824078672027680060e-03 -2.081022928387055897e-04 5.976436351056594936e-04 -7.778720997023932417e-04 -1.674087923473566164e-03 -9.270725993686172684e-04 6.524286494143628160e-04 -6.835691302210932137e-04 -9.276466188110340594e-04 -7.465698722305691166e-04 4.280302216506253507e-04 1.262900895882603089e-03 4.319684227510551047e-04 5.560299651852181925e-04 1.986064383968164505e-04 -8.942049362717313470e-05 8.167606064900916887e-04 -1.318447743605007149e-03 -6.180948532900833615e-04 2.613385759027554538e-04 -7.278178199007800421e-05 6.452039688777364858e-05 -6.377286508609512385e-04 3.492389011167064601e-04 1.453339842620893251e-04 5.371566671121596808e-04 1.326852744549886914e-04 -6.949998887835724193e-04 -6.307213925695240829e-04 6.850909031712227486e-05 -6.123843194819387310e-05 -2.223576803525453643e-04 1.791631291876593550e-04 -5.666903077764481063e-06 -2.808767886753329936e-04 6.087405216502083565e-04 -1.558180893844797487e-04 -1.814480300049256425e-05 6.635697993368447638e-05 -2.390585302079279643e-04 -3.537216174112251020e-04 1.030890763509810271e-04 -2.523868582787186640e-04 9.273361371905709216e-06 -4.589230858011619893e-04 9.909020873104706960e-06 -9.731762003109035736e-05 1.884069293052408175e-04 -5.109298833508426279e-05 -1.458595638320671361e-04 -5.099712565484622499e-06 1.060556416642354313e-05 7.279434395663239997e-06 -3.000095280525716195e-05 -3.913048524464708667e-04 -1.374819160731690704e-04 4.438906550599986019e-05 1.571206132844749212e-04 -3.586431306695767366e-04 -2.431890205376107208e-04 4.186736661155360966e-04 4.456092877039538364e-04 5.874753174178767683e-04 -2.394086620736873329e-04 -4.606864813597682753e-05
-9.489563035373087263e-02 2.377973844629388545e-02 3.373590670126114244e-02 1.417769418700911242e-02 -3.821559419034028376e-03 -2.645184669988653609e-03 5.875117666469369289e-03 -1.819869170566569875e-04 1.435856277069886026e-03 -1.000829920597664705e-04 3.338750160479876054e-03 9.147611328414811342e-04 -1.046516260348442614e-03 6.221363132711554573e-04 -2.114186376014849027e-04 -1.865372035661208485e-03 -6.484783737244113021e-04 3.619751806181284210e-04 1.869376043299042370e-03 1.336969004877094523e-03 -6.485426783141651436e-04 9.508621230647081816e-04 1.968609935787889956e-03 8.482436166557257126e-05 -2.035560327669176791e-04 -5.903638821053674816e-04 -1.003693172926048644e-03 -1.166051304995831305e-03 2.683715241204157921e-04 1.267548340860523036e-03 5.796830289988574733e-05 1.345236560436275383e-03 -3.839442084920512556e-04 -3.556588468190053417e-04 2.541622657349882237e-05 -1.932840208303847817e-03 3.988360790850867471e-04 -3.930695924309264328e-04 -1.443253077330271554e-03 -1.305899187918097438e-03 -1.684233888734603800e-04 1.383601836721597535e-03 -8.044248380800619273e-04 -6.430231984494128809e-04 4.633330196908533490e-04 4.839962442490828112e-04 -1.548609617227767851e-05 -6.837549662954064966e-04 -3.184827119077383579e-04 4.886573802495183490e-06 3.918196358771928165e-04 7.119894927336305928e-04 -3.284242656626508525e-04 -6.711374968500997268e-04 5.830222219192516273e-04 4.378158041646864826e-04 -4.464067487735538429e-04 2.626637311385415308e-04 -5.483373428498453954e-06 -5.237227717475382823e-04 5.564133983000684510e-04 2.130590958069344422e-04 -5.518518703162761992e-04 4.335756347394163638e-04 3.510737192150027437e-04 -1.318939584009906282e-04 1.152035920774232777e-04 4.207923431234402703e-04 -2.416697169174610992e-04 -1.534177730982712578e-04 1.632420058113930538e-04 1.795437815162515330e-04 -6.303312793138094198e-04 7.479484186045251364e-05 -1.021149333508076574e-04 -1.273811222158892972e-04 6.959014604961886704e-05 -9.705805356516237451e-05 -3.498302055305714878e-04 -4.661489078447233841e-04 -4.801742577128356509e-04 -9.552522613771206254e-05 7.121490701653358909e-05 -3.168013707267352446e-04 -1.582811280963895861e-04 1.890738205596016004e-04 -1.234392283327316200e-05 6.722356202370978777e-04 -1.146848686831207449e-04 9.872212817101745424e-05 -3.732891989200453492e-05 -1.558143809399347031e-04 2.221318512813971041e-04 1.554884510298861139e-04 -2.039817244981790309e-04 3.503893962322845003e-04 -1.972059600233936466e-04 -3.726523275709694907e-04 2.372547319469140239e-04 2.161898035075421722e-04
6.176214190624373240e-02 2.274756270279595927e-02 1.350241488907021753e-02 -1.286348333170368903e-02 2.822117898603872244e-02 3.163072408112869733e-03 2.114403926641439304e-03 6.240121506198795069e-03 -6.180215785489937171e-03 6.241042750617991838e-04 5.627860257884898486e-03 4.304232807852511299e-03 2.610574099367081458e-03 2.907098873564811087e-03 4.252903517284136251e-03 1.361631798816645509e-03 -2.507940764018186559e-03 -7.303730717781943722e-04 1.558287680303545265e-03 -2.218367435664942659e-03 4.078009638005685236e-03 -1.909015012452468327e-03 8.209079256650197391e-04 1.913123634741083776e-03 -2.676605133991700959e-04 -2.570635478507178927e-06 8.838295229379211941e-04 -2.585331033148349040e-04 -8.137614980888620156e-04 -2.077172678994360262e-03 -2.400685741771330236e-04 -4.275010298307714779e-04 -9.606608266217476219e-04 3.471496674507710775e-04 -8.959775531150503472e-04 2.641848539617693004e-03 1.131904573437404315e-03 1.920554616785796471e-04 9.376688401329499791e-04 1.151603032665429564e-03 -1.048341634389754647e-03 -1.709012912334456017e-03 2.592390857073728801e-03 1.098329560334628842e-03 -2.486501352105647492e-04 -6.408452875101229899e-05 -5.837778729667821454e-04 1.582669746907806472e-04 1.267031587825873107e-03 1.052870509185199885e-03 -6.903798327225912652e-04 5.185788637607927163e-04 2.675787058135632810e-04 4.966972226420315249e-05 5.977841061661311921e-04 1.428806532723352215e-04 -8.489488040740187161e-04 1.796284772904655847e-03 -9.465941917330169793e-04 -3.365060424910757959e-04 1.418977013887813511e-03 1.160945936059206741e-03 -4.830026063495285784e-05 -8.695030543206008463e-04 2.185083820345788685e-03 1.351496341591623739e-04 1.673842212301983106e-03 1.261978469668534504e-03 6.557910295012989697e-05 7.846903704119788641e-04 3.639877186781352017e-05 9.819153659272540809e-04 3.018216912022433592e-04 9.971649421491365212e-04 -4.217322484455894257e-04 -1.203221048747543523e-03 -8.088328697065312904e-04 -5.279470759628102257e-04 2.622303874507120455e-04 -1.310969077079635146e-03 1.500578786993997989e-03 -1.081891532393630022e-03 -1.076885750864853882e-03 -9.889416031823121660e-04 2.158802591917001121e-04 -1.074621367095910524e-03 6.226543757494233753e-04 -8.604867187629061957e-05 -3.643693673799152473e-04 -3.512165487347207547e-04 2.882974841745089925e-04 1.338053608760820796e-04 2.217031417029785654e-03 4.096816343529984168e-04 -8.189185341165943453e-04 8.976488687731812386e-04 -5.499725031089917763e-04 1.453622977616293157e-03 2.640882588513692093e-04 -1.238749957045443147e-04
-9.514652747027479984e-02 2.811052821015274164e-02 4.783349099564979806e-02 1.949192125944477702e-02 -6.634276861899004139e-03 -5.458823698325468432e-03 5.163275283605116978e-03 -7.318716599782589330e-04 1.049053672504169418e-03 2.665299905986400039e-04 6.471550925071019745e-04 3.282071044943010805e-03 -2.070885457326266006e-03 1.137060564073108385e-03 -3.064557455000393570e-03 -3.245491698189304961e-04 -4.178988262022490744e-04 -1.219985572272694330e-03 2.600983864214477938e-04 -1.585757732570400097e-03 1.979333140248109787e-03 -2.349435413023304772e-03 -1.356976276909997291e-03 -1.664591976095830018e-03 -3.548017923415156070e-04 1.656010359030677661e-03 -1.933588874663192921e-04 -1.245350000168559063e-03 -1.111132633234146461e-04 -1.905969065262101041e-03 1.900821831900437555e-04 6.643440628750624504e-04 -4.661524089859851662e-04 -4.111017153548881387e-05 -2.382705826180512773e-04 9.039836017010373240e-04 1.098274025705858227e-03 -6.153360805734446907e-04 -1.174740754455102414e-03 -7.654617884386768090e-04 6.452790357630710117e-04 -2.329103556414994494e-04 -8.430146272676200103e-04 -1.440991963136133050e-04 5.740299438188477179e-04 -4.626545327395863378e-04 -5.081228067649418102e-04 -3.807491781794068264e-04 1.674935822974077783e-04 -1.418567593346276923e-04 -2.225401836621413159e-04 2.155642889451937381e-04 -9.621640806008878877e-04 -3.007132587007322558e-04 -2.239800601406641029e-04 8.457408580994466051e-05 1.506511271292881534e-04 -3.512746283293911734e-04 7.603419262644817720e-04 -4.634621886706407311e-04 -2.015238040835422371e-04 2.735292874071653443e-04 -4.083295579262532387e-04 -6.890455650647964950e-04 3.078296338749040325e-04 -4.871985039544962095e-05 -2.425197238994658024e-04 9.600912143859287350e-05 3.308690519376979232e-04 -7.701471049791422385e-04 2.570304394333135733e-04 5.352992352933125426e-04 -4.007401277195260514e-04 -4.725245180069039094e-04 1.225530274234293759e-04 3.364369105831938782e-04 -1.078855473886748293e-03 2.688686840449454850e-04 -3.278619141494704061e-04 4.904339511591677839e-04 -4.212230795684742887e-05 1.810127511579383481e-04 4.611699777466545165e-04 3.666276736921834857e-04 2.680430174747570828e-04 -3.383396966166688099e-04 1.778420974897012576e-04 -1.636733330517877848e-04 -6.105617571663871492e-05 -5.713267924436189011e-04 6.125695890368609365e-05 -1.273525901784984483e-04 1.517309840489290793e-04 3.178270073396003543e-04 3.862538814775106429e-04 4.271750694780788776e-05 -2.678843057184941657e-04 5.197180245125537437e-05 1.510300175443809014e-04 -6.318489891403281968e-05
-1.115090217610418682e-01 1.186433547926176238e-02 2.759877787297809401e-02 3.043621327856757628e-03 -2.475234702903098341e-03 -2.623492302760828832e-03 -3.863280919855088986e-03 -3.715945449232936452e-03 2.317698961826111358e-03 -5.395376894767110569e-03 -1.184027367918129379e-03 1.235470028009373535e-04 -9.671237079427299002e-04 5.148609056973152930e-03 -4.180758445546848244e-03 1.079625856350203928e-03 -2.358424126615307238e-03 1.666448817759996499e-03 -2.247123177996360869e-05 6.778230171953507528e-04 4.064951328690473518e-04 8.883916837646454751e-04 2.622808911912913798e-04 -7.407150980697014197e-04 1.348913883458620474e-03 -1.125746743518347102e-03 -9.346474754491528513e-04 2.261194171789914116e-03 -5.330853974177343375e-04 1.152418890191553823e-03 5.309977112216871875e-04 3.493676452420110845e-04 -4.623356188386699484e-04 5.956896167854369012e-04 -6.941196207904739982e-05 -1.039936136889224984e-03 -9.118429526623670180e-04 8.547541942209059551e-04 -2.251407617355410474e-04 2.628263521843641784e-05 -7.036001113219783544e-05 9.204427994944840109e-04 9.696229249367480226e-04 3.986014201459591485e-04 -8.570844108923532725e-04 -1.089894394471329405e-03 8.142408425226387155e-04 3.799304007945304338e-04 -2.836023011410108768e-04 7.835653729573059450e-04 -3.184273979611695849e-04 -1.614431382836115775e-04 -3.550682455868562400e-04 -1.172971922309215006e-05 8.701075444878292363e-04 4.090566575157495105e-05 -5.325473352825301962e-05 1.204139664237977676e-03 2.817405957521882461e-04 -2.026149937819686042e-04 -3.887950280576550968e-04 -4.801393901949484329e-04 -2.240437557527588186e-04 -7.879884145921691807e-04 -2.536033201968374462e-04 -7.484583160708317478e-04 -4.265772838399147122e-04 1.005267184671106135e-04 -1.973807721768945124e-04 4.645142366003012727e-04 -1.116773045791819794e-04 -2.639293210330805514e-05 -7.760764975496209708e-04 6.152302620051849393e-04 1.997977996057276166e-04 -7.199869975804694172e-05 -3.243102098319724391e-05 -6.104658489131857633e-04 3.183588801803083888e-04 -7.653820841055916028e-05 -3.104626289358941517e-04 1.819801225338726317e-04 -7.692524656162522871e-05 -2.997021907339275716e-05 1.520102156574502986e-05 7.876340102070777515e-05 7.128227937502149697e-04 6.376008325180436192e-05 9.798938697853593622e-06 1.109498616983459760e-04 8.325882460153394120e-05 -3.131748347640358836e-04 -1.885229933007390461e-04 -2.806762279011368669e-04 3.292046833602947165e-04 -2.197954155144035162e-04 -1.564704114475305306e-04 -2.115061102249403107e-05 1.630814795566033911e-04 3.186819791676387555e-04
-9.994623574005317979e-02 2.360468284117784796e-02 5.147664770925310801e-02 2.191896883206073329e-02 -8.451026830318682237e-03 -1.925718388854053649e-03 5.354455942323164963e-03 -3.013348928501291806e-03 2.196858445107161516e-03 -1.895776069574954309e-04 -2.704380012983417119e-04 1.935053746251776900e-03 -1.408669823649370909e-03 -6.635468773854710182e-04 -1.482248721311788756e-03 6.845171034852362687e-04 8.331376007390891864e-04 -2.375206267428993379e-03 -8.621883076920560578e-05 -1.832266345450341222e-03 2.318774538826150807e-03 -3.171334262873118284e-03 -1.391078969295436903e-03 -1.539703960846168377e-03 5.090463492546389539e-05 1.927903308266052784e-03 -6.120688914741496088e-04 -2.002721958408048945e-03 -3.801619022388576892e-04 -1.947635030673149428e-03 1.097801602676429407e-03 -2.055824807009003609e-04 -3.021844420657708087e-04 -3.198048757234040330e-04 -1.204898073939368337e-03 1.807487720265914602e-03 9.081543880096595509e-04 -9.780116991756555075e-04 -3.952217075560974960e-04 -9.359066430414045420e-04 4.646543886116344629e-04 -3.290553484915724860e-04 -7.127961423759441749e-04 4.397063684293709633e-05 2.368861470283751061e-04 -4.854515196094753176e-04 3.669668192312101960e-04 2.578491797754071707e-04 4.852127393768629462e-05 7.584183008808660002e-05 -2.955372698130867828e-06 5.365918819679937543e-04 -1.247009014319759015e-03 5.443726919412483290e-04 3.550442740508780171e-04 -1.714716224888006573e-04 1.602100397871831909e-04 1.369274481606660879e-04 3.461520434839216115e-04 -7.553880806146749411e-04 -3.402154534413335206e-04 -4.150875046261261149e-04 -5.044551095187448835e-04 -3.639616143426066194e-04 -3.468842493109559075e-05 9.399869730515273694e-05 -2.647438263572376386e-04 -5.374382717043277920e-05 2.648212276435028345e-04 -4.680066445322995255e-04 -7.509944811144791206e-05 3.994460853795895445e-04 -1.720783736154593861e-04 -1.895086231422369097e-04 7.476427961257390317e-05 4.713062239079711608e-04 -3.520570598574483375e-04 6.212518090535467784e-04 3.677571164573981101e-04 5.142702933088702955e-04 2.039940631644630929e-04 5.147070624767973666e-05 -1.598550449528126380e-04 2.169541700718469830e-04 4.543492428450733112e-04 -4.529944006649575580e-04 5.482653889926256911e-04 -3.689256552568045814e-04 -2.263963642737357065e-04 -3.472854604467613595e-04 9.367228667681704425e-05 4.693124319235129557e-04 -8.853021490306702934e-05 1.313478311280139607e-04 5.755009383841875768e-04 8.825351117009904366e-05 1.582762328465811823e-04 2.518290299473848674e-04 3.494274896751413373e-04 -1.906610189827502772e-04
-9.200466014051932040e-02 2.670834937689439345e-02 4.076619926003535732e-02 1.705218805206805757e-02 -5.243913045393505147e-03 -1.571146987739044680e-03 4.218958382763727047e-03 1.112862917725489838e-03 1.363667734847244951e-03 -4.605793628889830464e-04 -9.884064342090366148e-04 2.220857107971138233e-03 -1.260602443095991583e-04 2.062590752974196879e-03 -2.502649205635993062e-03 -6.862790377542623426e-05 -5.311983195259061463e-04 -1.199682957304775284e-04 5.651606636408408385e-04 -1.056499940840911929e-03 1.021687613002199855e-03 -7.104646994180273531e-04 -5.523603507520076289e-04 -1.828481799686961472e-03 -2.628399679516736837e-04 1.745131450909252454e-03 2.096862985188373870e-04 -1.121935931770237909e-04 -6.837754390276122975e-04 -9.382710496018742733e-05 -2.226358759310325666e-04 1.663535581333677868e-03 -5.300230261532579623e-04 -3.118728737488937514e-04 7.494095027400370264e-04 -9.467977371359161988e-04 1.059920553430739173e-03 5.556058573383387540e-05 -8.897599158406768998e-04 -1.350349372697482071e-03 3.235627207980766107e-04 9.060997041563115197e-05 -1.291381330909156929e-03 -6.971323262723121660e-04 4.464557291640275046e-04 -1.386489014409732223e-04 -2.776727537109600929e-04 -6.174473679740978332e-05 6.705210859527055509e-04 4.442625712053131207e-05 -2.459651686490720032e-05 8.213408844035124403e-05 -1.097465401533701630e-03 -7.657494490220758451e-04 -4.785366591815886543e-04 1.975219007991332648e-04 1.773079810156893391e-04 -3.641563876611981468e-04 1.070379762772834904e-03 1.759968341183273195e-05 3.769289238578201677e-04 8.875603147782469993e-04 -4.802567463798327533e-04 -8.037094211141707686e-04 -2.136462921045762116e-04 -1.005364468521750143e-04 2.782160001022724867e-04 1.525183885325410018e-05 1.922119229731839040e-04 -2.692004383134118085e-04 4.599715634011277711e-04 3.430343900119720273e-04 1.736058258679363099e-04 -3.502899343913139360e-04 2.454059673713683188e-05 -4.179253133419235690e-04 -3.430944956050146068e-04 3.288636264070070264e-07 -3.613164552811415440e-04 3.363980505450739453e-04 -7.435265126475963258e-05 2.350478687884248561e-04 3.419699985209131619e-04 -5.013053919667249589e-05 2.617832327240854698e-04 -2.397591279551626391e-04 -1.651848618759654223e-04 -3.464087365054455332e-04 1.106032783271640891e-04 -1.370981315829573335e-04 -1.030494505869193442e-05 3.963039573576584437e-05 5.361239906158243992e-04 4.872276813413581185e-05 -7.747741062695784157e-05 -2.214561210651417732e-04 -7.640424978974660821e-05 2.839122675904612791e-04 -4.555090478195159172e-04 -5.763494860426963593e-05
-8.584898767089672866e-02 2.735885602028649208e-02 3.790489323630279878e-02 1.335997924633783654e-02 1.169743008353328227e-03 2.211490798951252362e-03 4.363217611843208006e-03 5.896259220476991313e-04 1.368079778336762789e-03 -1.786108796685778556e-03 2.840300664489617006e-03 6.438188083943321548e-04 1.012133846959291459e-03 2.776271446522971236e-03 1.649395392147974364e-03 -6.409099155281116006e-04 2.443927344689046546e-04 -5.641540322491922282e-04 3.309782669139124580e-03 5.627835517019302023e-04 -6.889968681857348799e-04 1.788184304107826765e-03 2.449500444772237124e-03 -6.715934590483832413e-04 -6.862451689543159648e-04 4.219586592643540467e-04 -1.272614805030458131e-04 -1.197787828554210555e-03 -7.628234049879775453e-04 2.124687539853046484e-03 -1.807062908081759486e-04 1.710173765269804502e-03 -1.115054758163575629e-03 -1.250923968400305831e-03 2.932825711923475048e-04 -2.123423293122361170e-03 1.374814232833903227e-03 -2.564120363510988591e-04 -2.313072742301792734e-03 -2.174893929689593764e-03 -3.852399522743477035e-04 1.735116097498396381e-03 -1.795512796551145982e-03 -1.005512923861830643e-03 -9.165034456502380294e-05 3.700733446449413892e-04 1.085101430131590709e-03 -3.242595883495793694e-04 3.845320733750272834e-04 -1.420842925202779421e-04 -1.898133933369370435e-04 9.399803176081990546e-04 -1.969496646490677232e-03 -6.083064443992063173e-04 4.644446991198382477e-04 -4.761693557899796052e-05 8.481178069029138278e-05 -7.587961653053153926e-04 6.739521219352195315e-04 -3.957116390135632347e-04 -2.237119726788604429e-04 -1.393873672087214233e-04 -1.028880288081842915e-03 -1.110710354914472373e-03 2.355992906735363459e-05 -4.426995535155787607e-04 1.703061389191777076e-04 7.618166274409927290e-05 8.088755360421937294e-04 -9.296326709035348818e-04 2.262930236369541256e-04 5.870433705071811253e-04 -7.182664559508429017e-04 -6.860229331482701337e-04 -6.548387202371119830e-05 -1.419082551495690861e-04 -4.503456794833869811e-04 2.074170020828608441e-04 -1.977529524700378583e-04 2.178336551764562326e-04 3.402090632555040332e-04 2.418675878927738167e-04 4.169933387943048362e-04 1.971120355194499226e-04 -5.088199910708675257e-05 -3.287465218841601139e-04 4.721351829100502162e-04 -1.750666529029852646e-04 1.497091132806532897e-04 -6.171735109699979160e-04 3.552755573405233448e-04 4.760938128414589875e-04 2.860689455989006672e-04 1.996782223869225043e-05 2.608248597779725451e-06 -6.184864187379986080e-05 2.421110955523951113e-04 3.557803805022922029e-04 -1.298434378747331698e-05 -2.241620795863721871e-04
2.130325737808264064e-01 9.840291770448296449e-03 2.003616415062458439e-02 -1.259667322273872597e-02 -2.006969661506689817e-02 1.060790134022618868e-02 -1.287917075442721049e-03 2.328775464345640873e-03 1.549144579786897180e-02 1.418570323918378305e-03 1.631488231569341342e-03 -2.175882605425155398e-03 -2.636543700347103100e-03 -1.526411859590559410e-03 -4.198258069780409600e-03 2.370502191054988262e-03 -2.586913535264948830e-04 -1.007744538851381138e-04 4.386250463086389072e-03 1.138245518875046847e-03 -3.033975686969103084e-03 -5.389604755989036875e-04 -1.886490748860495748e-03 3.405628118637647837e-04 -8.986291860385472704e-04 -1.092872212200771218e-03 1.480880655916789589e-03 1.262803406799310876e-03 -2.272413384984244174e-03 1.309446275664470551e-03 -1.041774681102571563e-03 -3.491979100488948416e-04 -9.760563366164149660e-04 -3.895054002503278408e-04 1.145463304457887280e-03 1.948718302473953544e-03 7.068867425481596732e-04 -9.912095774809498352e-04 -2.813827369160576321e-04 -4.586221400704647766e-04 2.433007816503890159e-03 8.969553384374183425e-04 3.132499220777106626e-04 3.756177435748281942e-04 3.620367077109326506e-04 6.132738083190355204e-04 1.345497141837399271e-04 4.145179107147034005e-05 -1.382277027384962089e-04 -6.526090284126048009e-04 -4.274257417309287334e-04 -6.991411017259874629e-04 -4.586591459010990238e-04 1.205850537298049649e-03 -4.511376027226124343e-04 6.996545769708892174e-04 -2.893988604732955451e-04 -3.323716638535527293e-04 -5.071609002110430680e-04 3.206525542050055015e-04 1.561206894488694364e-03 4.230936999424393316e-04 -7.933728124478186356e-04 -3.411153733329426473e-04 6.266986680908686203e-04 -5.286700286613175330e-04 -1.071150889335141244e-04 1.342868390804847079e-04 3.052984442569243962e-04 4.077907327005074684e-04 -1.129716024857323892e-03 2.369143524692836475e-04 6.184195702504293856e-04 -7.567467536378584807e-04 7.932109795051656197e-05 2.327926200603156772e-04 -4.500348364449763597e-04 -5.309460985694584986e-04 8.979710150632279125e-05 1.661155452347143021e-04 -8.254924718422978081e-04 -1.107207050018262019e-04 -1.011907099139097363e-03 8.275845316587960047e-04 1.102180696231390352e-04 3.976646808997056433e-04 -1.942354313701102723e-03 8.448092772308958413e-05 -8.815799094119970529e-04 -9.026177613301315144e-04 6.375440337318715508e-04 2.932521256845453759e-04 2.139602730419267940e-05 -2.854523719505480022e-04 7.200171037795732474e-04 -3.387640024840015682e-05 -2.367630752069401455e-04 -3.102395076281242912e-04 3.141527824432758034e-04 2.873953433409123640e-04
2.030197347270862041e-01 -1.368387675876548944e-03 1.808769339046491925e-02 -1.554346778028360687e-02 -1.050952959807715907e-02 9.218218461888701143e-03 9.001312671598765344e-03 -1.824988539353503744e-03 1.256471730911662421e-02 3.008675198125421900e-05 3.871938013186543661e-04 -5.857779642594650258e-04 -8.754853772030802509e-04 -1.263911000959086267e-03 -3.987377367984286554e-03 1.235406948960838169e-03 6.325926348578295730e-04 2.757624128665050155e-03 8.946952725578433043e-04 -1.800881898344013462e-05 -4.739482191838443833e-04 2.660060675047254972e-04 1.491645539367644074e-03 -1.807042273281840323e-03 -1.547835948277024188e-03 -2.602452350740764447e-03 1.440433037916574689e-03 -9.051329837207833327e-04 -1.171828277562011545e-03 -7.690685717902781332e-04 -2.408500860350188441e-04 -2.567546278028821297e-03 -1.319518432521028534e-03 -7.869138093105819084e-05 9.195116016320519295e-04 1.790244324236060769e-04 7.424449056628013542e-04 2.295455204906836192e-04 3.918318942303868784e-04 4.102219107601214011e-04 -5.472195142710216891e-05 1.075924262703555762e-03 -3.786824866089108033e-04 1.642598370404898915e-03 3.349687110691351006e-04 5.969192941993676756e-04 1.164759100665130331e-04 7.668113951967346317e-05 1.494908788356075387e-03 -5.469437054969107127e-04 1.119265947608293982e-04 -6.543075099692043659e-04 5.799990882254245665e-04 3.127103863706859940e-04 1.387397498506169299e-04 1.455941453718951337e-04 6.566845556906546677e-04 -2.290199005210329162e-04 3.222644693549000551e-04 -2.327740724244553399e-04 -6.004274880805685315e-04 -3.513145837539045945e-05 -1.629376602516301859e-04 -3.838856465982521424e-04 -4.871608630298636020e-04 -7.184395170796966301e-04 1.000781265474537629e-04 -3.132139018851832460e-04 1.650478963508464130e-03 7.906124623635977112e-04 1.785591220933136804e-03 -4.764552043828661521e-06 1.723600326836645413e-04 2.579078012955312660e-04 4.101213985359684401e-04 -1.801312377383593134e-03 1.207856127956488061e-03 1.553804589300810833e-03 -6.750388329665236477e-04 -4.361232843920680668e-04 -4.110471178891178978e-04 -2.647681432736532191e-04 6.247019943940724769e-04 -1.253003502666688151e-03 -8.349138313681821492e-04 -1.147442085154907468e-03 1.345928365020749120e-04 1.176920953230251596e-03 3.714193646680469555e-04 3.446938027226235891e-04 -8.104973997331343721e-04 -1.155673097808914091e-04 -5.590000249297520912e-04 -3.808497823827682168e-04 1.294503474117101335e-04 -5.135318152968212793e-04 -3.546008986497657125e-04 2.597516987897611159e-05 1.041147853096009983e-04 -9.476363676480268955e-04
-9.064213855946466614e-02 2.199805830257836256e-02 2.935409774063754348e-02 1.130108440450067024e-02 6.781856231345097978e-04 -3.096185808867314704e-03 2.188335432364259866e-03 2.737334602549041165e-03 1.224298804518501481e-03 -7.385749886332300569e-04 3.777023777866340797e-03 7.439853123278204663e-04 -1.420356007969375274e-04 2.557507202818176412e-03 -1.310426641182773711e-03 -1.578376584181444579e-03 -1.676691467229456198e-03 1.672613050077159528e-03 1.223627337318417907e-03 2.008666861701312832e-03 -2.107266018247913597e-03 2.425788209726697283e-03 1.349783412031750965e-03 9.133421934136226128e-04 2.654325386983176320e-04 -6.565245910525995682e-04 -5.352659601808968607e-04 1.343382077651837333e-04 6.403871625714213514e-04 1.777891344197708940e-03 -5.891647513300376669e-04 3.621367303278154662e-04 9.655666043471418879e-05 -2.610411612964089515e-04 5.099746312727665432e-04 -2.734614004113643682e-03 3.026102875377177751e-05 -8.346954603416786931e-05 -8.068958011046176116e-04 -4.189339671949367390e-04 2.706632929485186132e-04 1.228077619848920833e-03 -7.477793261520454321e-04 -1.660924496213438540e-04 6.962386450407977503e-04 -1.471375287729652847e-04 -5.487948206447868437e-04 -2.792056994150925002e-04 -1.791383451130426272e-04 -1.724573191586795389e-04 4.502667033399473202e-04 -1.105605650082237421e-05 6.312959408307946792e-05 1.034586982680945748e-04 3.701275400252479779e-04 -2.326501779362447216e-04 -1.138226634857506702e-04 3.519420246353232317e-06 1.891112858217143316e-04 -1.431314537812682130e-04 -2.709041934376233210e-04 3.701383977049771856e-04 4.565155517038687629e-06 3.631390908559787266e-04 4.229641897794957322e-05 -4.260965394700865980e-04 4.913274112865733279e-04 6.612245422920110167e-05 -5.225304643787268780e-05 -3.208439089877556890e-04 7.655532859207547986e-05 4.839149175724686647e-05 -1.260206422509933170e-04 2.551297266101002566e-04 1.778511085165809227e-04 8.403351988036891450e-06 8.709283172660369898e-05 2.630473656430925764e-05 -2.108184156481109138e-04 -4.045563518521389846e-04 7.733057872504170470e-05 5.098602988363629910e-05 -3.768173040093365789e-04 -2.952714015181121063e-04 2.401552484024126871e-04 1.251880691351781136e-04 2.683137369119315723e-05 4.822231446537250817e-04 -4.748641839350872801e-05 2.804587196960105547e-04 -2.611368349275833170e-04 -6.900416202532660547e-05 3.484602425539298841e-04 -5.240837237429370307e-05 -6.418576598383339191e-05 5.006289971232135653e-04 1.224545872259413251e-04 -4.725922871601857442e-04 -1.420036390404582748e-04 2.615151259272054367e-04
1.110568158630486357e-01 2.978643083077236325e-02 -1.759710334959019556e-03 -1.778566849160592191e-03 1.250178740956742196e-02 8.548934593832306899e-04 -4.017232964057600164e-03 -8.009278348419119828e-03 -8.670396513770751989e-03 5.825035217964415722e-03 -2.442420859672572980e-03 6.975983392031684729e-03 7.361015879940855690e-03 -1.586864875749645928e-05 -3.378627262484610260e-04 -4.064793368522153470e-03 3.293980759699643209e-03 -2.221541067586421756e-03 1.772798799647974481e-03 1.790872062639993229e-03 1.826824251435810870e-03 -2.702657477492755641e-03 4.654878919200298656e-03 2.016320799036719000e-03 2.905099902494791102e-03 -2.850222789667008778e-03 6.587703460542367355e-04 2.244059182209803740e-03 5.852954417540470787e-04 -5.853622046831537511e-04 -9.452136665580801933e-04 4.469585220873919401e-04 1.194105850003702399e-03 1.187350401760506151e-03 -7.565308713108899160e-04 1.300034460231503557e-03 5.571141510193035546e-04 8.648372010036049014e-05 6.902373180775143178e-04 6.631099086820221476e-04 -7.088705512372422751e-04 -3.349064126592323008e-04 1.747673399218311772e-04 3.264956609779038092e-04 2.802527997611258545e-04 -4.688399783343854838e-04 4.188554223862573592e-04 1.221044071210889792e-04 -6.776051676990738537e-05 3.437758039970559916e-04 1.537662863722418156e-04 6.764954886111329926e-05 -5.339995370570759566e-04 1.574276534801417394e-04 -1.325382576987811753e-04 2.598660374656291050e-04 -3.567748112399455094e-05 3.264351896125410827e-04 -1.950065189756817205e-04 -3.285438193740741666e-04 5.165426225706397644e-05 2.769954467641256809e-04 8.661674111622509641e-05 -5.939424544130805957e-04 1.868161645642362834e-04 1.370855628962925721e-04 1.520965164632615636e-04 2.911787127551811118e-04 4.164092988091773972e-04 3.758917733571902949e-04 -2.537239475438708027e-05 1.384495171615420406e-04 3.069159460450125092e-04 1.683544479590470073e-04 -3.461222136800738697e-05 3.344536424276471219e-04 -3.996707237078322013e-05 -8.274323161453896340e-06 2.238161039385510437e-04 -4.577342416354311926e-05 3.121979173316339457e-04 -4.976579136469582153e-05 3.448158873629588806e-04 1.804722350778496180e-04 -1.474289535452744093e-04 -4.573816497053591508e-04 1.233637201338178165e-04 -6.849337204847256555e-05 -1.750354932911555637e-05 7.954173370672322843e-05 -6.124149232819072624e-05 2.501851731418240702e-05 4.042893291708728420e-05 8.854817962656654724e-06 2.727338360434181357e-04 -2.233465947538302502e-04 2.609319627148610631e-04 2.355830731429404780e-06 1.013643703602912097e-04 3.005369486883416265e-05
1.625223633052779171e-01 2.745917395212756074e-02 2.688128914415236805e-03 -6.499104967076026369e-03 3.062253939690187231e-03 7.950154645223805666e-05 -5.113107658236993106e-03 -1.232290863422526479e-02 -5.680151798583617240e-03 4.643705208516639427e-03 9.588400629041721884e-04 4.287239256985419036e-03 3.342781958627444316e-03 5.376061099694878775e-04 2.581209506915500568e-03 -2.289047315093334020e-03 1.107081213457198308e-03 1.551611250305919487e-03 -1.268832435635758923e-03 -1.037701834698365769e-04 3.623235536477340565e-04 3.450202233872824405e-04 -1.028946619467499172e-04 -3.580771671174410274e-05 3.924170655792032485e-04 -3.964058189188788455e-05 -1.655740889061966354e-03 -7.324354937256799449e-04 -4.852299990982762235e-04 6.459945947497427229e-04 2.259445386626571153e-03 -1.585442080871829256e-03 2.316984931276635710e-05 6.744446404006830672e-04 -1.662780496740523160e-04 -1.281674805815281263e-03 -2.066139496992432600e-04 4.927875696955583704e-04 -1.569705205071697919e-03 -5.848866884212303510e-04 3.431467026087938019e-04 -3.067837267095462517e-04 2.049805176883867826e-03 -4.193182506386370820e-05 -1.121869296757489406e-04 2.002093632745002589e-03 2.413469696666312403e-05 -8.798403911420043437e-05 9.023989753921234092e-04 2.380933952088142274e-04 -1.785574770563669626e-04 -3.186749980423580868e-04 1.759618900048270191e-03 4.727548719536633871e-04 9.411472010208789046e-04 -7.010851844604030342e-05 -4.459139325300569561e-04 -7.506216177048937810e-04 1.255381146158344183e-03 -7.779924942733161791e-05 -4.397236098498793003e-04 -1.460493486679952839e-03 8.777322325818384370e-04 -1.543728946655606622e-04 8.522668229314795405e-04 -3.025752186198705341e-05 -5.232723789375803977e-04 -1.081449358121818177e-03 -3.804670350638289576e-04 -6.467234475845358216e-04 -1.441423385813801316e-03 2.956910971000491369e-04 -8.557461924500152633e-05 -1.304911966602979477e-03 9.224562110144730041e-05 -3.518674727205580214e-04 1.782909255683429455e-04 -7.645982105452922334e-05 2.569883047636664872e-06 -4.809772709017649415e-04 3.940823419553154353e-04 2.048262821236784977e-04 -4.815701264111162333e-04 2.341457139209654785e-04 -1.387776853062626685e-04 1.569804433446821785e-04 -2.849730608356681517e-04 2.334180028849945100e-04 -4.379837560376406388e-05 -1.096030881357731894e-04 -1.479625328609276546e-04 1.054175902144534663e-04 2.549587925841468130e-04 -4.230341565140201439e-04 -9.521177937073215653e-05 3.068733056653383511e-04 -4.008422640189253155e-04 1.615702344028548327e-04 -7.069277289753968544e-04 -4.974287717334811105e-04
-8.446207035329076317e-04 5.105351484123487119e-03 -1.101075121747705117e-02 9.123904665850795029e-03 9.765544624300371082e-03 3.142084852051199844e-03 -1.350949242797653453e-03 -5.014865134135356763e-03 -1.346271798592386243e-03 1.622737815436833635e-04 -5.538007030924755984e-03 -6.106670314597119646e-04 6.670478415904284621e-03 -6.102595511848811320e-03 -6.585581499773313953e-03 1.200353919900213652e-03 2.654928254728267534e-03 -3.708028714646502497e-03 -5.234504296210115747e-04 5.082443480538802183e-03 -3.710226576853018540e-03 -3.064664072627699357e-03 -4.179310413315748263e-03 -1.875952166361494850e-06 -4.311248384900844867e-03 -8.387438099033205996e-04 2.601961957891070574e-03 -4.609313424981380247e-03 5.750180633708733627e-03 2.143358313017304940e-03 -1.030455307234852467e-04 4.669989755362196661e-03 -5.275265968669605801e-03 1.347352755219525817e-03 8.831871928433772932e-05 9.739325939625066188e-04 -2.241820369700719962e-03 1.898461395248480154e-03 7.409271852536269487e-04 6.569329206307842174e-04 1.830683337095995048e-03 8.481270263529240268e-04 -7.134604311018396270e-04 1.683145767774278006e-03 1.767534396246857667e-03 1.155064473626980651e-03 2.255769493458313949e-04 7.112765882347867790e-04 -5.542766354617993278e-05 -4.646191273480361874e-04 -5.792357997826477626e-04 2.778287027555931439e-03 1.125554708244428997e-03 -2.512562912908610554e-03 -3.398949444458258351e-04 -4.252256373571004690e-05 9.793294720269250624e-04 -1.767080872375170666e-03 -8.097937722608483180e-04 1.290735187421957804e-05 1.804430488014212579e-04 6.335546341335782344e-05 -1.653901113786087479e-03 5.913614989829474007e-04 -1.449956967366978263e-04 1.541232238164901881e-03 -3.142693714221678658e-04 -5.571539810673582218e-04 4.342470027357296842e-04 -1.059446744063221972e-03 6.618350719891989394e-04 2.001771192761562579e-04 1.542198181078324639e-04 -6.899102576735926542e-05 2.596036664750802714e-04 -1.219821961603532318e-03 -1.813105619371896215e-05 -3.955574141156107477e-05 2.898343699693603677e-04 -8.440293717490756611e-05 -1.009725899091593222e-03 7.730096750499784383e-04 -8.118903783302654524e-04 -2.114652024372706571e-05 -4.277411903009382932e-04 9.098945355348943840e-04 2.034009778495489570e-04 3.558809132125140598e-04 -2.450030158964428928e-04 -3.471312319711311405e-04 -8.572370258695198022e-04 -1.958862861560025338e-05 4.728837349924003893e-04 8.093733928283915104e-04 -7.085671374712585596e-05 7.001361003069674505e-04 -9.320269213129913624e-04 2.437195625857989259e-04 -3.429079128431818509e-05 5.424445981651917483e-04
-8.170658767695540559e-02 1.775574297646610516e-03 -3.502820397795142204e-02 -5.411776342302319388e-03 3.128234990215595420e-03 6.624535291284837368e-03 2.014173965728443573e-03 -4.160863110318649936e-03 9.025612015444134384e-03 -2.353301777814650712e-03 -1.751992090743227561e-03 -7.083961722165651445e-04 -8.950087181657210992e-04 2.314681897274409577e-03 8.848225237743016607e-04 -2.045658222750168682e-03 -7.028005993266626863e-04 -8.296649120303809357e-04 -5.776691642219878436e-04 5.489011797946941832e-04 -1.133045105781763616e-03 -1.551809061932920512e-04 -2.899993181802789852e-04 -1.578709496267672002e-04 2.030397819729941669e-03 7.908755999491705498e-04 -1.342782280814126773e-03 2.594993507550859497e-04 -3.545110976071127757e-04 1.183891278310338790e-04 5.653817954847654341e-05 8.161466631724390171e-05 1.558173513988243071e-04 8.679281793194132562e-05 -1.555484883802932738e-03 5.293181411876042271e-04 1.061122558342373267e-03 -2.590102381776623820e-04 -1.325528016669708011e-03 -1.981479213829682930e-04 3.160147236732827438e-05 -9.082839035582643055e-04 1.110771912797222337e-03 5.497325595998991217e-04 3.267309141476779219e-04 1.715175559290921400e-04 -4.475889927803779374e-04 1.389755782468472724e-03 4.695644574272640412e-04 -1.120827688267607425e-03 4.740276881966041893e-05 -9.635350668202703013e-04 -4.050821018692419596e-04 -1.395942641231671119e-03 -5.736908262485954394e-04 -2.880561296539032494e-04 -8.327152355571459854e-04 -2.694335536789964976e-04 -3.035056388429182108e-04 -4.401691727217866006e-04 1.080564643816791034e-04 -5.834156147359402766e-05 5.923672394730415507e-04 -1.109819045537856750e-04 1.683013845907907599e-04 2.361203856202433475e-04 -6.312309363171521607e-04 -7.051438868501937402e-05 -7.467199768759030494e-04 -4.824075362918096442e-04 9.763100204754098692e-04 5.506109989353608503e-04 1.742065234890408446e-04 -1.553844784897529213e-04 3.140628905344260298e-04 3.663310394125969516e-04 5.293446287808318239e-04 3.736177771583302815e-04 2.550698586149106363e-04 -7.965144942533147190e-04 -5.213445154083032503e-04 1.039001361362854904e-03 1.185456526842755472e-04 2.924116447371376097e-04 -2.321187193097281167e-04 -5.105053498931592243e-04 1.317086988026429687e-04 -2.766015116172087390e-04 1.298987754078906017e-04 -9.895524754772826431e-04 1.647007913604467009e-04 -8.279527804609164519e-04 -7.611229325629705087e-06 -1.507988478545344393e-04 3.683672739797858855e-04 4.628327324458072827e-04 7.453592616556692623e-04 -9.309192031420546599e-05 6.084072566731458902e-04 -1.910194837685966153e-04
-6.245267934940514770e-02 9.117249296790514920e-03 -3.545026490201835800e-02 -8.965002616359433671e-03 2.362685847011105136e-03 -2.745495759744868286e-03 4.201686422166285052e-03 -6.001911922157815134e-04 3.878596738523203743e-03 3.086272954632404524e-03 -2.083934927253193892e-03 -4.790928752766109825e-04 -1.472706053878335662e-03 2.668956556470822110e-04 1.632571990622836561e-03 1.399221044898762631e-03 -1.238883108017961685e-04 -1.727537661389649988e-03 1.560763072631125782e-04 1.383247317526706960e-03 1.485451132569431119e-04 5.625892638974912653e-04 7.934086062056287759e-04 8.267587045453549197e-04 -3.707062028855832771e-04 1.916934571182934630e-03 -6.222384064877798521e-04 1.216782901621805881e-03 1.381873732598587088e-03 -4.232258394529579931e-04 1.586028200477854764e-03 -2.953357730409910602e-04 1.258810964677231289e-03 -1.759648234758150577e-03 1.502951174906454754e-03 6.017159947756279550e-05 2.531332597039622780e-04 1.377231228954375018e-04 9.846216115204256374e-04 -1.924007633137877994e-03 1.687143901751883774e-03 1.379994502932133929e-03 -7.384794748313942576e-04 -2.139746017823624346e-04 7.757048886303857457e-04 -7.578822112505469817e-04 4.293406757718948286e-04 1.044150653539227492e-04 -1.359923926896903167e-04 2.505401868460349515e-04 2.140295846884537065e-05 -1.303144022855021048e-03 -1.206173802013541354e-03 -4.861573795363566893e-04 1.017421772594825262e-03 -3.696788490245055060e-04 -8.373809305652224900e-05 -2.922156193312476567e-04 -7.902684677314023324e-04 -4.908234440656474669e-04 -7.152744299464681944e-04 1.102007900995801955e-03 1.341080904545008043e-03 -1.573492203451175460e-04 7.403049648182274869e-04 -1.534093023121660447e-03 -9.732784171074766516e-04 -1.948805963535937087e-03 1.040849243544265858e-03 -2.682662829457057880e-04 -4.909368635323876082e-04 -7.311547231503915919e-04 6.211419979240956476e-04 1.197944193702497206e-04 1.247459459684468466e-03 -8.091681708024531022e-04 -4.200790433898303174e-04 -4.453300149740411790e-04 -3.229480602167465590e-04 -1.382455556232300444e-04 -4.729629655709255724e-04 -2.984873953739960789e-04 -1.619497317839641015e-03 3.567841269969226534e-04 1.247118637104993675e-04 -9.039901124176519254e-04 2.141929853261623077e-04 3.989337589030778281e-04 -1.036770767610283722e-03 8.951650223960373482e-04 5.655956257819542586e-04 -8.283158539767893893e-04 -7.074711856473803791e-04 4.818114396834112198e-04 -9.469115794148077331e-04 1.905628397773657793e-04 1.069804943406182322e-03 9.424867046741298949e-04 -7.004726234625379419e-04 7.195712355026656669e-04
-7.919878729952917196e-02 -1.483552370969284072e-02 -3.233236816924074664e-02 1.235872211093158243e-02 -4.894582996006615477e-03 1.490291506209927980e-02 -4.509168966876355377e-04 -4.961967321639875611e-03 6.426977233602077302e-03 -1.156106213292610631e-03 2.188615831918378895e-03 3.065265438330311461e-03 -1.124148520829196772e-03 1.227662310858594098e-03 5.162075364456175002e-04 7.561061380956254170e-04 2.564012543735315949e-03 1.882156894536431320e-03 1.244252394037477071e-03 3.909222549041327767e-04 2.085684476167701598e-03 -1.087935362329983452e-03 -2.932439667697950541e-03 1.712443108586546997e-03 1.087081809152485624e-03 -1.047668754407074217e-03 -5.134907867815123551e-04 -8.565537515765682570e-04 -9.461641361939695030e-04 -7.609483122767073202e-04 -1.609759691694934505e-03 -4.609093804110879532e-04 -1.372415068983765191e-03 8.586812751037637987e-04 -4.873999906113551115e-04 -2.845227304618470725e-03 -1.319989779775723954e-03 1.064721358635793832e-03 -3.175647856415830372e-04 5.651431298847011726e-05 -1.107790799247959906e-03 -1.291229267404142957e-03 -3.048937317967642820e-04 6.566030224747352500e-04 -1.313492652336319165e-03 6.980616830159006025e-04 -3.768551989581880282e-04 -1.358076025796132319e-03 -1.432619545986354828e-05 -3.672188019192102826e-04 4.123540413902945963e-04 -6.428237763749363939e-04 -4.027249895452415665e-04 9.814997849801278176e-04 -2.372414881604202499e-04 -3.265326471407954158e-04 4.663685408847231774e-04 -9.937035347376934388e-04 -1.333544026342402093e-03 -1.552376491510365887e-03 -1.844725174990024228e-04 9.103686731260254546e-04 9.520314581703077841e-04 -1.137552264694118411e-03 1.563229952249398005e-03 -2.108303292408571488e-03 2.012372586629855597e-04 5.772763885401985436e-04 -4.003851758898859447e-04 1.180514364858451063e-04 7.161030514463453912e-04 -1.307387038161684448e-03 2.473048665592072169e-03 2.568155034192738510e-04 9.483177487982887358e-04 5.931806642561099786e-04 -2.557309573420767806e-04 -9.855070845294910953e-04 5.928281555401520436e-04 1.020234561931246614e-03 1.286305565663316438e-04 -2.267427873189016346e-04 -1.792590086065576859e-05 -6.080754025054916322e-04 7.907854916217857194e-04 -7.320446925791174826e-04 1.227183455193660505e-03 -3.453915906618004630e-04 1.085038842326019456e-03 -2.076968650407492350e-04 -1.652858396315033901e-04 1.175303857652349035e-03 1.681997821841030034e-04 3.290227692314991311e-04 7.971324990781095523e-04 3.790918536466781046e-04 2.725647257720107287e-04 -1.768005671779302606e-04 -8.034879962312627133e-04 5.700539738969927260e-04
1.468655182393849290e-01 1.657225445408537111e-03 -4.279555870639524008e-03 2.915825895896309323e-03 -3.369072575406393839e-03 5.218423576324461924e-03 1.196410210925170220e-02 -2.032188496936967147e-03 -7.688615035554400776e-03 -1.614109905888089442e-03 -4.255679047946486250e-03 1.473742951178125087e-03 9.228913414196620842e-04 9.477509796451814069e-04 7.527425557139303140e-04 3.114407869429398727e-03 -4.221279367541516843e-03 8.119753307741301362e-04 -2.843264232703485248e-03 1.212971753879089768e-03 -5.992075905777324808e-04 3.491483050217308263e-04 2.524825960063217800e-03 -2.445295296647835744e-03 4.241684658319269012e-04 -2.896834345948026777e-03 1.882230132930827081e-03 1.599462880919419070e-04 1.783632399857623630e-03 -1.205988714014761013e-03 -1.705480196195508944e-03 -9.582548367747181642e-04 -1.807484445890446408e-04 -6.202250566600037477e-05 -2.052160831028485043e-04 -1.330408443921898636e-04 8.103868975040345955e-04 -2.126604117765526318e-03 1.635002153473808732e-03 1.332838466249986354e-03 -1.927709045995656826e-03 9.268036523288801726e-04 -4.695819234707738110e-04 1.162446815122251953e-03 -1.698152357929598151e-03 -1.807694451650694969e-04 -7.681827262740446600e-04 -1.094693755681628265e-03 -3.488565248407766149e-04 -8.349048689132947511e-04 1.465001252258949036e-03 -1.706187141881133429e-03 -7.113260957962578342e-04 2.800196436883782103e-04 2.603833211351962791e-04 -1.080506739664252331e-03 -1.761987026204445746e-03 9.676526467148968561e-04 4.187351388721485303e-04 -2.974546912396274423e-04 6.847192402433995571e-05 -8.364488195605972827e-04 -2.521336082418169401e-03 -7.819194587801639841e-04 2.278239298938282593e-03 1.797719490665179417e-03 -3.787576289248693428e-04 -5.185670006889850126e-05 6.625386191801382104e-04 2.568061309115134486e-04 -9.521031181604819294e-05 -6.801024516929814407e-04 1.180789721257756008e-03 1.363520287978404262e-04 2.879693724597199092e-03 -9.836269761159478406e-05 7.090091839197140136e-04 -1.156577548283875328e-03 1.870698929426353816e-04 -9.729225908804631359e-04 3.252603155012539875e-03 1.992356552621835151e-04 1.881825239468661807e-04 8.825723157791819703e-04 -6.410209998052075493e-04 1.117996674363545048e-03 1.930476928468326725e-03 -8.512432634219669735e-04 1.604350983737464365e-04 -5.969893896090254341e-05 -9.284008506201730550e-04 1.233389041521000225e-04 1.585414401374670964e-03 -8.538636474958863961e-04 4.248810795432818462e-04 -1.688701294825521986e-03 6.918490432102438912e-04 -4.233137742109416984e-04 -6.482443704073898147e-05 4.369240887675556904e-04
6.702725046395031916e-02 -1.920894213137833151e-02 -1.552700559164732139e-02 1.255588913501497206e-02 1.868488206853934075e-02 -1.395140159941674410e-02 -1.566490678563698747e-03 -2.957990082558147136e-03 8.939869429849347550e-04 2.582798103735556468e-03 5.030387943880534375e-03 -2.678172079556375308e-03 3.109289873507204826e-03 -1.530787109844001332e-03 -1.024584698064654083e-03 1.590465949250852943e-03 -1.337600570825973282e-03 2.892373374384263774e-03 3.121191865480518572e-03 -2.136116163749097584e-03 1.903333990982543095e-03 3.789860397246405080e-04 9.844021672150214501e-04 4.308197465202401929e-04 1.231277159510114558e-03 1.302702969763147589e-03 -9.259234943520878482e-04 -6.380985241516656760e-04 -2.625076456464972650e-03 2.393669123321955474e-04 2.641226877292983041e-03 4.363840992254685550e-04 1.149663671381936361e-03 1.310981448177974242e-03 -6.570780346602544432e-04 3.453270753537861812e-04 3.445469547682917730e-03 -5.345652925292956837e-04 3.242875604040707307e-03 -1.159174743716793674e-03 -1.790464233151332083e-03 1.021005876856385637e-03 3.287509011178284517e-03 -4.084861488180048864e-03 1.396659174013252991e-03 -1.597015528958680266e-03 -2.330524287311721231e-04 6.019346630163779655e-05 -1.380629050876599779e-03 -1.889585308327512876e-03 -2.550842656657559271e-03 4.313747382364336962e-03 7.292634204680641889e-04 -3.329356802773800021e-03 2.828439837692876737e-04 1.434576063681976699e-03 6.691665465039590673e-04 -1.357271893923528037e-04 1.889734876192434806e-04 7.594711106506835281e-05 -1.643227519527457872e-03 7.239527438771886170e-04 6.940278356471484575e-05 8.694588395575724793e-04 -1.612922178576619778e-03 2.528783310300536293e-03 4.597621010007527852e-05 -1.044254083700413890e-03 1.769303851642179803e-03 6.167386163270652602e-04 -1.202897989240968735e-03 1.186252855428187539e-03 8.954459360408913117e-04 -9.767535911765360193e-04 9.405340687836639089e-04 -1.756951373754644290e-03 9.695819673563148017e-04 7.741035091258745954e-05 -1.184273465733558933e-03 -1.223107636206498701e-05 9.006118261994305397e-04 2.239367149901150007e-03 -6.797225822027497776e-04 -2.305847432112596114e-04 9.491613721978043846e-04 2.418058326454717698e-03 -5.336331160064306358e-04 4.787222214123912443e-05 1.929407177944619280e-03 4.785888717108097157e-05 -8.251097414977218159e-05 1.760761100707444564e-03 -4.904275911381685655e-04 8.371952296199799547e-05 -9.163120243253177659e-04 5.162596654423281172e-04 -8.009248998394811981e-04 -5.319061435128556378e-04 -1.634709140781210885e-04 8.217756854270409292e-04
4.434173565948649337e-02 2.149662219326171561e-02 -2.308502905391948690e-02 1.599884785803304052e-02 1.317945734931555424e-02 -6.184724782236017231e-03 -8.747196657717009813e-03 6.246717756780141746e-03 -5.530136458354480838e-03 -4.658695464021261542e-03 2.247342912125735882e-03 3.530151748856880621e-03 -4.000098594865621714e-03 -3.410732183615312711e-03 -3.928302195459754120e-04 4.880078997073147504e-03 3.150974091447996707e-03 1.123853803022053762e-03 4.962176653819915526e-04 -6.667936283416736436e-03 -3.561398779081000575e-03 -9.676964042185619286e-05 5.206614621124786187e-03 1.662956800507025623e-03 -1.601403139699780493e-04 1.844499661464585891e-03 -1.696903711649089957e-03 1.389404923712220111e-03 -1.960789092553893260e-04 -7.388163342892886285e-04 -6.732652401051247328e-04 -3.229352523658961900e-04 -9.339168785690939081e-04 2.446979718593699903e-03 2.233660643274074575e-04 -1.058478611002153453e-03 1.466552109620287113e-03 -1.332791737403708028e-03 1.060641020519101363e-03 7.411730090372936185e-04 5.035834666945343020e-04 1.469154632531224957e-03 9.725087439854231477e-04 3.882694985145701246e-04 -2.826331065475648952e-04 -3.595558940322381158e-04 -2.031113287408529890e-03 -1.231359686263950627e-03 4.198030602441713108e-04 2.155441327078405286e-03 3.715930610917078420e-04 9.637332839164605019e-05 -1.376674224005375270e-03 1.035513252890886594e-04 -6.212629022735674132e-04 -5.338477740132267215e-04 5.908128884326761490e-05 1.863830554442682706e-04 -6.004306573597121242e-04 -6.415291855374670124e-05 3.849510937695548051e-04 -3.355750629633584971e-04 -6.747043256570750200e-04 9.018756810510919399e-04 -7.959673155771361096e-04 -5.873825418374940431e-04 2.235951862332164326e-05 -8.581273010890008235e-04 -5.249878351477707972e-04 6.376752141957517481e-05 -1.682905931689382330e-04 6.129011428338169911e-05 -3.204931800336644453e-04 2.555511222009497919e-04 2.270732601394224266e-04 -3.904553549499020998e-04 4.049042744153601029e-04 -3.940479893535014575e-05 -1.208796365718626246e-04 3.363396480590318053e-05 1.363076362840161791e-04 -5.821091202586881324e-04 5.694018337276014752e-04 4.108198455851564990e-05 -1.796430019856029808e-04 -8.024993126702855252e-04 -3.987966604579310567e-04 2.723755731864392575e-05 -1.152929006472527178e-03 2.042264123876162219e-04 5.434357551568772329e-04 -2.299627757208694615e-05 6.145496087986160533e-04 4.468652697573896149e-04 3.960300732644028601e-04 -5.860287475212364733e-04 8.889782192380813418e-05 -3.472740862591924523e-04 2.660719474601533504e-04 -2.756924490710196645e-05
-4.990622888474378210e-02 1.227092213923035649e-02 -3.697827808167582220e-02 3.697083325158241358e-03 8.829832045853851230e-03 -2.881186285814427169e-05 3.471843550215521212e-03 -1.374489633082685673e-03 7.133756548730270201e-03 2.082026001068668433e-03 -3.862154341224061180e-03 -1.556733387497156789e-03 -1.790718962866058106e-03 1.720991835188693869e-03 2.541696550942866388e-03 -2.033787091738745623e-04 9.668006730216781829e-04 -4.449548280218028795e-04 1.856507722754495871e-03 -3.503457206587035641e-04 -2.861933830320079718e-03 -1.370201468828778678e-03 -5.226900401169000615e-04 -8.300788722696747198e-04 -6.810005785316502851e-04 -3.483505866474889798e-04 2.024075893226289554e-03 1.099121348088258598e-04 -6.922022062530110327e-04 -4.157609575751974569e-04 2.636557575329849718e-04 -2.093357436251546289e-03 -7.410403085996037633e-04 1.465567824921808573e-04 -1.138426262467774619e-03 -5.496349742536774238e-04 4.265893879300271360e-04 9.293623702866191669e-04 -1.875439173404301347e-03 -6.865270373216932976e-04 -7.120494682851124819e-04 3.157316866817893686e-04 5.291060074279224255e-04 7.433186203313667598e-04 -6.148513641496893781e-04 -9.089890265492071896e-04 -1.672478687140677069e-03 5.759720938392712134e-04 -5.074538774651119041e-04 -2.694990471206473118e-04 -1.308532558749495945e-04 1.724745623904621510e-03 3.872462619611106798e-04 1.514178600233217001e-04 -5.902842726769475380e-05 -8.037121677113857323e-04 -3.387031337199121906e-04 3.050073584762694363e-04 4.981031177736393225e-04 1.123173122887674309e-03 1.677394359946400180e-03 -7.307927978191007881e-04 6.985791647940297212e-04 1.460404037556397390e-04 -3.621203816999267748e-04 -9.000731370849911856e-04 5.185229216635323796e-04 -4.604914370541573435e-04 -1.094455332978735984e-03 -2.105097394057472418e-04 -1.625523957739318274e-04 -9.384474896080947579e-04 -9.410671721862743202e-04 4.462423612168312003e-04 -5.127557989208068358e-04 -5.091045612383294887e-04 6.447033301353435929e-04 -6.326750264842653793e-04 -2.314531459565870482e-04 8.407501568481954820e-04 -1.760011833744850142e-04 -9.317391072589841427e-04 1.439893585527219841e-04 3.297309024039832737e-04 -2.905496121027267668e-04 1.158252676480052987e-03 8.686684099691509243e-04 2.243933604265084406e-04 2.720412275259172078e-04 5.603851979653433867e-04 -1.088773029327830657e-03 9.442785328513551087e-05 -3.592424369409103336e-04 4.362416128556577963e-04 2.844183365061919298e-04 -2.264097327901862038e-04 -1.736930666542318112e-03 -5.259452738812372356e-04 6.974392388908732306e-04 9.403630341051801012e-04
-6.173066494921036762e-02 1.266601126276236354e-02 -2.482343237525030943e-02 -1.793136519741273969e-03 2.522722702184690847e-03 -3.346205360007709073e-03 8.470771638053306574e-03 1.108660437829291729e-03 3.254151776115560540e-03 5.801731594393386149e-03 -2.735500478247753983e-03 -2.726034510983325540e-03 -1.459524956590889638e-03 7.739159444986245130e-04 2.285262039573741563e-03 -1.025426039954204513e-03 -2.024277555082075952e-04 6.621320588172934386e-04 1.263261741676261320e-03 -5.793108033750325633e-05 -2.109200483217595155e-03 -1.528324722289186753e-03 8.146798125408090613e-04 9.566253283353153263e-04 -2.075952777610682275e-03 1.631507619623684803e-04 -1.204082655949017524e-03 5.262631944924371424e-04 -8.435190098579810076e-04 -1.259832564149417945e-03 1.314149895065738728e-04 1.602582014190987109e-03 1.833646584877834398e-05 2.291756170432043306e-03 1.907084303221260680e-03 -4.537171967320517848e-04 -2.613150537525958921e-03 -1.054025087799183172e-03 3.705381511887227372e-04 1.578279745236048359e-03 7.240590466671663209e-04 -4.495987419480106800e-04 -7.418505940959744084e-04 -5.023805870403358007e-04 3.868393570993271463e-04 7.147315607858792386e-04 1.442855084796165147e-03 -9.214146422280824122e-04 3.308450707146730709e-04 5.880762575381903029e-04 1.769389072716855604e-04 -4.651211946134228511e-04 -6.894711453849103951e-05 -1.194803514846578272e-04 -9.727494115874309871e-04 1.560605990690198345e-03 5.784478064824700528e-04 -3.889511781014074929e-04 -3.950278289702546341e-04 -9.237840455848716830e-04 -8.378048186450456772e-04 5.290000438989346824e-04 -1.417170547239440977e-04 4.664315262486863449e-04 3.559127967397369605e-04 -1.171438221152087814e-04 -1.996722398905438666e-04 -1.813119130515411384e-04 2.756958872028993719e-04 3.713377979792242150e-04 -4.526433560822022673e-04 -5.182815749837049561e-04 1.968006900093358417e-04 -1.390995206943631732e-04 8.006480022498816459e-04 -5.598356521495775678e-04 -2.489582759478113378e-04 3.790263243363069701e-05 -5.719802434394170984e-04 -3.027658759875564510e-04 3.132646443405888610e-04 -1.962674470064532247e-04 -9.977001964496939879e-04 7.355637500025166123e-05 -6.584643232534101941e-05 -8.076546736470810320e-04 -3.550734861565505297e-04 -4.713794706057232962e-04 -3.287474038010627930e-04 1.015723463057869669e-04 4.995656168069975049e-04 -9.134163000752286736e-05 2.108044272717459074e-04 -4.998555640123901814e-04 -3.612274925740715809e-04 2.871143298151722324e-04 1.141016209760338128e-03 4.001720552973482060e-04 -5.115452457167886813e-04 -3.874715067169249476e-04
-7.155168305300925458e-02 1.242041936652970094e-02 -2.592201500683706528e-02 -1.304773423199190492e-03 2.167266760184212611e-03 -6.777440998396525203e-03 3.576309984162281790e-03 2.420185255843034303e-03 5.072218503483555928e-03 5.476425074934922026e-03 -2.048940623443205444e-03 -2.010409233741120971e-03 -1.516395777745505611e-03 1.895592672851192061e-03 2.013900875160818706e-03 -1.327511350306744735e-03 -2.723135031120746722e-04 1.578061712025273988e-03 8.129708294122993568e-04 5.488214663138625332e-04 -2.283721922802839192e-03 -5.582601391387101951e-04 1.025955244047667110e-03 1.684071202490307600e-04 -6.141556769523898868e-04 -3.911473284819301879e-04 -1.002509890374901418e-04 -9.858617062829146528e-05 2.356212565488495058e-04 -2.924329750246391739e-04 -6.544552864219712858e-04 2.411720719636397195e-04 -5.554406979066719421e-04 1.853775231635574000e-03 -1.310321427913105157e-04 -2.816397054976120225e-04 -1.590333619322195505e-03 -1.149107453193806173e-03 -2.618463632477838351e-04 5.670294497322110345e-04 6.933372085085508446e-04 -4.887553799642581961e-04 -1.241885157625543937e-04 -3.805458054456723263e-04 1.997553030526401125e-04 6.738553399529454650e-04 6.421800258862724086e-04 -8.249091735079617680e-04 5.245435596388577527e-04 3.587629550396151997e-04 3.279036115404619276e-04 2.929366718379803106e-04 9.945756398402748766e-04 2.235654644380473247e-04 -4.617906839091817368e-04 3.573379542844281145e-04 -7.690022062396584561e-04 3.560757585358292362e-05 3.430304149032416738e-04 -1.015049697437461805e-03 4.768318577635947877e-04 7.056904922647680390e-04 -1.713084470949635164e-04 4.625183745727887261e-04 4.552198944495749328e-04 6.861834859216370611e-04 2.763750588215093860e-04 4.961162218210751849e-04 9.131023259666069510e-04 -3.255396524862225107e-04 8.204702878961783697e-04 1.440571186120513398e-04 -7.898544851458965364e-04 -2.973783518590462034e-05 -3.351170034484520378e-04 -4.443684804402333851e-04 -2.338579659193889279e-04 3.187374316605565095e-04 7.694367676000578131e-05 9.409320274411816067e-04 1.140205258077790079e-03 -1.142749612974528319e-03 -1.268324312888305036e-03 3.185204356858535851e-04 7.620646770960390814e-04 2.858155844023865908e-04 2.481221780946593411e-05 -6.430160575223110766e-04 2.821754031345753244e-04 9.284153210014104915e-04 6.522721229620195729e-05 4.679863373402609107e-04 -4.620450854569696378e-04 -3.424122854997013548e-04 -2.361853301591823313e-04 6.550832490234972331e-04 -4.882800993709006214e-04 -1.426884898806323159e-04 -2.930421921563748817e-04 -1.021886195756511648e-04
1.586733988620744606e-01 2.887929521007569222e-02 -1.051180994690236944e-03 5.790733532768764166e-03 -3.586533318546392644e-03 -3.564538786400278571e-03 -1.313428904533197987e-02 6.003849162928670026e-03 -2.198392183896438843e-03 -4.587078349710965340e-04 5.949008037907379344e-05 8.497353587132709012e-04 -2.114357688083725283e-03 -1.814579764135096319e-03 3.573208982260385469e-03 -2.045441372204663631e-03 -6.303613586839540298e-04 -8.499810205641715466e-04 -1.267989972080035789e-03 1.843097536413111333e-03 1.972519043157779702e-03 -6.414080711539179311e-04 -1.832863698033810338e-03 2.698961695825499263e-04 4.474529758192419965e-03 1.538127046948159255e-04 1.247464033482255808e-03 -8.003677038357517957e-04 9.548641478761599232e-04 -2.302844950393638913e-04 2.342899447304632420e-03 3.398117149981281278e-03 -3.908653349155246271e-04 5.258426042070767298e-04 1.432935546495981696e-03 -3.755056502974729788e-04 -2.092234599482117700e-03 -6.297730308190331193e-04 -6.776200372478068156e-04 -4.143521647820174510e-04 -2.614213422377406268e-03 -4.234806645759846343e-04 1.077573290904306575e-03 -1.621864837996089175e-03 -1.482294871201277021e-03 -4.040204326787321553e-05 -9.977957757320839258e-04 9.214640912652201929e-04 -4.140399232163731393e-04 -3.793920033309593578e-04 -8.316142034274594990e-04 -5.667854364510903180e-04 -7.840162293010701118e-04 3.725574165261989800e-04 1.102646603579613251e-03 -5.243317901386696130e-04 5.470563345739890395e-04 -4.118224616432158438e-04 1.236632834623956415e-03 -2.865541463127231755e-04 1.689468852498980439e-03 -9.291485874650979183e-04 1.702254862757127292e-03 4.487428792333649006e-04 -1.526674361834013923e-03 -7.709057492636757405e-04 -6.712192233411089790e-04 -5.545140747608187214e-04 3.586695060187391625e-04 -1.595543700298601925e-03 1.240353407548600798e-04 3.363547612914124228e-04 -4.678627190922983994e-06 4.140198635365593786e-04 2.003103189585771996e-03 3.178372582960280798e-04 -8.364432841520834556e-04 6.071214679301698723e-06 3.388400785861156168e-04 -3.242717645585491202e-05 4.001727587812828855e-04 -2.660449468201213862e-04 2.002557916742503928e-04 1.075305157468578682e-04 -3.437771044961615324e-04 1.883870222021038544e-04 -1.149076008445953532e-03 -1.189385504429597319e-03 3.789076484406025871e-04 -2.093427105570794863e-04 -5.047834509579646233e-04 -2.904669972848645604e-05 3.048117354301867394e-04 -3.242357956094826755e-04 7.148062612831561488e-04 4.318809122506783640e-04 -1.435685098890330733e-04 2.320349045019336057e-04 -1.360186174002562769e-05 -5.478329154093445133e-04
2.060790539229691853e-01 3.571592523770177139e-03 6.535641703898761347e-03 6.988817410498248707e-03 -1.053280248693948089e-02 -8.011803096028868518e-03 -6.442880069887252023e-03 -2.340549544709447181e-03 1.117953552451281599e-02 -8.310925700559574150e-03 1.337991092148138909e-03 -1.817936233401354264e-03 3.257655726397079999e-03 -1.427993529506980811e-03 2.943429822817862900e-03 -2.958540025186198134e-03 4.929497957908204062e-04 4.104851093998896304e-04 2.008425393928074069e-03 3.634220434322823004e-03 -1.469802652264615942e-04 -1.693179616221881633e-03 -2.063079482447128469e-03 1.639263061751161329e-04 -1.203419628369242116e-03 3.295556802210180495e-03 2.143985397195794645e-03 -3.681411738293106440e-04 -1.874789640445437321e-03 -1.256322915203418730e-03 -2.312827125698835393e-03 5.043515559252994976e-04 -1.667415898008500893e-03 1.575120343167757181e-03 2.202986588821359386e-03 1.622389734914185403e-04 -3.606345321745390588e-05 2.818519886438105443e-03 -2.528207716931864333e-03 -6.248861169743299146e-04 2.157465171474227950e-03 9.653741449892446402e-04 8.601703235951035659e-04 4.415139961632207457e-04 -1.169011903812713221e-03 -9.515285888924937844e-04 6.355934805305163632e-04 9.527025621781679910e-04 -6.187452833658347836e-04 2.338179980391420082e-03 5.525449372511827793e-04 -1.481884413785390436e-03 1.582161221682300452e-03 1.746671666343622628e-03 6.015071975131607062e-04 2.345942373399043188e-03 1.139755845992144936e-03 -6.455560218091815601e-04 -8.951642670998937942e-04 -2.565255097293548769e-04 1.696853272108422069e-03 9.541818591198519914e-04 4.781123271525833905e-04 5.399624946831796781e-04 8.489790990359901606e-04 -1.018753008993873417e-03 -1.358427907681343440e-03 -2.113826546865842180e-03 6.382689253280660101e-04 -1.048046934210536147e-03 2.444677425401853635e-03 2.797158062192528147e-03 9.681634777886746117e-05 -6.178830878635310732e-04 1.700942259128709042e-04 3.187907757728853861e-03 2.057171918661155610e-04 1.209597444430686236e-03 -1.320474425957412438e-03 -9.883097004516434511e-04 -1.937272278427032814e-03 -2.079900413039965489e-03 -1.830020719701156220e-03 -9.485553180173733005e-04 3.689349552557399085e-05 1.473969330721807683e-03 -5.677171551438529775e-04 -2.041122327378897515e-04 8.081778182800634838e-04 -5.871145042925081598e-04 6.345470265312294243e-04 1.429636649639947493e-03 -1.154101729702426346e-03 -4.839794427702061828e-04 -5.343895772972616668e-04 -7.393367739848701698e-04 -7.817072920182096098e-05 -2.042792440484640279e-04 1.168009512344665680e-04 3.516227034483843431e-04
-5.681365855572222123e-02 3.058731090209149475e-03 -3.840323564685749896e-02 2.558483951538475468e-03 1.051212826074615983e-02 7.100024162677080058e-03 1.958484021461611921e-03 -1.085693458132703636e-03 7.289073176359547705e-03 -1.164172557210302198e-03 -2.299112326208708774e-03 -3.406642804099928768e-04 -3.182068696869820232e-03 1.094960185553600336e-03 7.038926786326272144e-04 -1.736735211875902558e-03 9.710418954467142432e-04 -2.101662479580349030e-05 1.698677632364273792e-03 1.036127191433836850e-03 -2.852104453249016715e-03 2.529618749827401854e-04 -1.579573995953605309e-03 -8.787293889980901098e-04 2.751249316386589986e-03 7.921485141141645491e-04 6.980632825108949550e-04 -1.228084173955704605e-03 -3.251845292646306663e-04 7.322182052402136337e-05 -2.982537409448010168e-04 -2.159116060188670874e-03 3.968423626835704114e-04 5.611907886989884282e-04 -2.531524891296366847e-03 -6.957377368638345810e-04 2.024004067080198421e-03 9.814906536751426703e-04 -1.609049873182995510e-03 -1.977400737626126229e-03 -4.272390394942519919e-04 -7.400696602755606722e-04 8.452399942229203711e-04 1.872955086884986985e-03 -7.123764116479824361e-04 -4.515782696658055873e-04 -2.072100409400395860e-03 1.109663892565152530e-03 -4.474056042428906300e-05 -1.424557099065294286e-03 -4.369748835655187856e-04 -5.687237951066757401e-04 -1.061897794802704785e-03 -8.823541492515435403e-04 -9.167643554687772769e-04 -1.193286611573103791e-03 -1.252090436717588498e-03 -2.821255430194190218e-04 -3.420613972691244472e-04 -6.157251108840954348e-04 -5.180545458865711862e-04 9.573798270337813667e-04 6.342573154025579621e-04 -1.362275173568622342e-04 7.989773195430780372e-05 -1.580775147410339336e-03 -1.884842941931801725e-04 -4.390218194651081805e-04 -2.093845009384843103e-04 5.383772537674029642e-04 9.496889238055038467e-04 -2.148018504238634969e-04 -7.944813155122813796e-05 3.554458117730089164e-04 2.256457178744223540e-04 3.253088602417429209e-04 6.408780752430497725e-05 -2.432005084146236090e-04 -3.892382687663702596e-05 4.655449505694758618e-04 -5.655690716282051360e-04 -7.507588486418708849e-04 -2.690680547922652543e-04 3.709046241974631110e-04 6.526648028126452034e-04 -1.732225096739461437e-04 -3.375103861883533359e-04 -3.815738797193690343e-04 6.532400634068582959e-05 7.633426298626707794e-04 1.920813899926159527e-04 -9.320708748968918166e-04 -3.782129791830400470e-04 2.419348329794297542e-04 -5.741710420403423195e-05 3.387082046585754161e-04 1.122161232669340817e-03 1.702518724516548460e-04 -4.580139626041374121e-04 1.252626684758373990e-05
-1.368175293573251940e-02 -7.972837782811164828e-03 -2.782267867029865338e-02 5.972685462999333464e-03 -4.813112753958188883e-03 1.488151150866215411e-02 1.520726979977885494e-02 -2.492616788525513997e-04 -9.403130306138466135e-03 1.826328198074747252e-03 -1.497600861875829142e-03 3.809448778850788985e-04 -2.934576283184565145e-03 5.494043915622127483e-04 -1.418473952418348517e-04 1.296501714485912308e-03 2.612372375240916422e-03 -5.463423281204181055e-04 3.937791679152485499e-03 1.170816656086533930e-03 -2.329332987129054656e-05 -6.169748859605586654e-04 -1.768251746586000685e-03 1.697300759818510738e-03 -1.047561343732341223e-04 -2.003640374563962420e-04 1.183025651002422146e-04 6.174635969816157869e-04 -8.315883934674416465e-04 -4.340866468865658295e-04 -1.015078496862201326e-03 -2.401496840573354283e-04 1.126259366681433161e-04 -7.385239904700523466e-05 3.479763374682800278e-03 -6.918097662052268048e-04 -1.889688517499906253e-03 7.860389462825295194e-04 -1.118810135100785407e-03 5.432284816286846174e-04 3.200659905068172547e-03 2.447783029476124049e-03 -1.003154256682353511e-04 3.342065423579063934e-04 -2.527268755928366718e-04 -6.045106050356311176e-05 -5.529962651263063689e-04 7.181310177305378489e-04 3.938036847099264225e-04 3.460824364394942971e-03 -1.626822634698564096e-03 -8.070256966071431230e-04 -1.519068980403934623e-03 -2.325307702849575397e-03 -1.150100745126094543e-03 -4.163090478254003932e-04 -5.565668647425384098e-04 2.672734005796188143e-03 3.242527757738710575e-04 -2.886620274135712726e-03 1.729453316118600200e-03 -1.427125452281901392e-03 2.710619924977074584e-03 1.841152223592256018e-03 1.148796577050764265e-03 2.097087071392100214e-03 -1.193552525970626495e-03 -2.998460945343971173e-04 5.585696412889513832e-04 6.457494959543861072e-04 -5.214736267250704403e-04 2.142163977771040662e-03 -4.184195191430783046e-05 -1.802092245908001357e-04 7.556440025448761793e-04 -2.463439320123335169e-04 1.009236631533334686e-03 -7.475983879566804871e-04 -2.452640325250086701e-03 1.867178949243056708e-03 -4.013779882210564347e-04 -1.617430565859960447e-03 2.429059941035217971e-03 6.017085196406954427e-04 -9.091711166015648427e-04 3.241175024429146533e-04 -4.497589315748521158e-04 -2.367349620093125160e-04 -1.521846306613005044e-03 -4.820910503959915548e-04 -8.973078842904434619e-04 4.423621650208343632e-04 -9.849701971063528835e-04 -1.078012423773937103e-03 1.380291284317437068e-03 1.481936019470510161e-03 1.587748413032356084e-03 7.395570360455975580e-04 5.638320402226491097e-04 -2.082118249055796375e-03
1.028263279246180717e-01 9.993186928626645454e-03 -2.240391878243704407e-02 9.535644458702533660e-03 -4.650147813463246941e-04 1.351333850416455533e-02 1.158952946190822987e-02 -2.492256825956375762e-03 -1.267584436855479467e-02 -1.295848809961861955e-03 -3.605923974476954019e-03 -2.337442647710690109e-03 -2.541762061771085136e-03 9.798262739774423434e-04 -1.672277341526961234e-03 1.703918810289240882e-03 -7.016103956089067171e-04 -2.074382936486890688e-03 -1.509182467675724074e-03 1.608972533511711118e-03 1.374615849826618620e-03 1.059820677184117755e-03 2.833338211933692733e-03 1.619951694962290468e-04 -1.551861846591140372e-03 -1.590010461468564741e-03 2.147640062286612639e-03 1.561828747600344446e-04 -5.241437194291823781e-04 5.032378760608945296e-04 -2.143032744490435022e-03 -8.018453900057288071e-04 3.553153602895951237e-04 -4.103901794916953844e-04 -1.534282760657821885e-05 1.272248624853040424e-04 3.764995974795544670e-04 -2.205526514679288525e-03 2.427790858305115332e-03 8.174774339938428638e-04 -4.258312446955376997e-04 3.099214540307192092e-03 -1.713353838076250467e-03 -1.159127773367938730e-03 -4.276124435985423643e-05 -2.226669208207948775e-05 -1.580583249212860406e-04 5.391059906491906190e-04 -8.535212030335158784e-04 9.926563655582892778e-05 -2.238131639533012460e-04 9.823092053509669200e-04 -1.105627371646188302e-03 7.940072635051209377e-04 -1.610999501201225382e-03 3.440393062234972199e-04 7.555056641901692108e-05 1.950691352818857954e-03 -6.310595530991960043e-04 1.512920779915720231e-04 -1.819269071348613201e-04 7.374500983515284817e-04 5.266913649469750136e-04 8.971486904562126679e-04 4.416629680277502990e-04 7.447878286509490835e-04 -1.181546461969092436e-03 -8.220154461452572900e-04 -2.941534813365378510e-03 1.819393172808518404e-04 7.325463730583433751e-04 -4.529325816578780783e-04 -2.728022456005953136e-03 8.083482914655561917e-05 -2.523608156447338584e-04 2.616762774346398975e-04 -1.026117578016140812e-03 7.425643439837371386e-04 2.453057497545242768e-04 8.506557455531535764e-04 -6.225489888318812889e-04 1.169935336534919058e-03 -1.146012775611873627e-03 -1.495873418756910218e-03 6.248651853337344178e-04 6.217240903377347283e-04 -6.560817952236174064e-04 5.337000037745963203e-04 1.614952297980242488e-04 7.291701568637475907e-05 1.811583139132199758e-03 -1.796595742324116299e-04 1.094860518401340969e-03 2.860066564904325441e-04 1.257253184709284169e-03 -1.087643238913391791e-03 -1.525280435038888871e-04 -2.243927038360769583e-03 -1.772481909546936045e-03 -2.092766289894839172e-04
